=== Previous Session Logcat ===
captured_time_utc=20261005_110305
captured_time_local=20261005_140305
marker=2026-10-05 13:54:21.856
preferred_prev_pid=-1
note=best-effort; buffers may be overwritten before next start
sdk=35
device=samsung SM-S936B
appId=com.negi.survey
versionName=0.0.1
versionCode=105

=== Logcat (since marker) ===
--------- beginning of main
10-05 13:54:21.856 25478 25551 D CrashCapture: Staged prev session logcat: /data/user/0/com.negi.survey/files/diagnostics/crash/prevlog_20261005_105421_pid25478.log bytes=339742 marker=2026-10-05 13:46:46.293 pid=-1
10-05 13:54:21.857 25478 25551 D CrashCapture: Persisted logcat marker for next run: 2026-10-05 13:54:21.856
10-05 13:54:21.858 25478 25551 D CrashCapture: GitHub hints: owner=ishizuki-tech repo=SurveyExports branch=main pathPrefix=diagnostics/crash
10-05 13:54:21.858 25478 25551 D CrashCapture: Enqueuing GitHub crash uploads… (mirror-first) where=SurveyApp:enqueuePending(immediate):bg
10-05 13:54:21.858 25478 25551 D CrashCapture: GitHub enqueue(crash file): name=prevlog_20261005_105421_pid25478.log bytes=339742 remote=prevlog_20261005_105421_pid25478.log where=SurveyApp:enqueuePending(immediate):bg
10-05 13:54:21.860 25478 25551 D CrashCapture: GitHub enqueue(ring file): bytes=1656 remote=ring_store/20261005_105421_pid25478_u659893/seg_00.log src=seg_00.log where=SurveyApp:enqueuePending(immediate):bg
10-05 13:54:21.860 25478 25551 D CrashCapture: Ring store enqueue done. dir=/data/user/0/com.negi.survey/files/diagnostics/applog_ring files=1 bytes=1656 capFiles=300 capBytes=90000000 where=SurveyApp:enqueuePending(immediate):bg
10-05 13:54:21.863 25478 25526 D WM-SystemJobScheduler: Scheduling work ID 60d7888c-e277-4942-972c-19835e30fea0Job ID 7
10-05 13:54:21.865 25478 25478 D WM-SystemJobService: onStartJob for WorkGenerationalId(workSpecId=60d7888c-e277-4942-972c-19835e30fea0, generation=0)
10-05 13:54:21.865 25478 25526 D WM-GreedyScheduler: Starting tracking for 60d7888c-e277-4942-972c-19835e30fea0
10-05 13:54:21.869 25478 25526 D WM-SystemJobScheduler: Scheduling work ID 2712401e-e9d4-4c41-98a5-cb31152ae191Job ID 8
10-05 13:54:21.870 25478 25478 D WM-SystemJobService: onStartJob for WorkGenerationalId(workSpecId=2712401e-e9d4-4c41-98a5-cb31152ae191, generation=0)
10-05 13:54:21.870 25478 25526 D WM-GreedyScheduler: Starting tracking for 60d7888c-e277-4942-972c-19835e30fea0,2712401e-e9d4-4c41-98a5-cb31152ae191
10-05 13:54:21.871 25478 25526 D WM-Processor: Processor: processing WorkGenerationalId(workSpecId=60d7888c-e277-4942-972c-19835e30fea0, generation=0)
10-05 13:54:21.872 25478 25526 D WM-Processor: Processor: processing WorkGenerationalId(workSpecId=2712401e-e9d4-4c41-98a5-cb31152ae191, generation=0)
10-05 13:54:21.874 25478 25478 D WM-WorkerWrapper: Starting work for com.negi.survey.net.GitHubUploadWorker
10-05 13:54:21.875 25478 25478 D WM-WorkerWrapper: Starting work for com.negi.survey.net.GitHubUploadWorker
10-05 13:54:21.875 25478 25526 D WM-WorkConstraintsTrack: NetworkRequestConstraintController send initial capabilities
10-05 13:54:21.876 25478 25526 I WM-Processor: Moving WorkSpec (60d7888c-e277-4942-972c-19835e30fea0) to the foreground
10-05 13:54:21.876 25478 25478 I WM-SystemFgDispatcher: Started foreground service Intent { act=ACTION_START_FOREGROUND cmp=com.negi.survey/androidx.work.impl.foreground.SystemForegroundService (has extras) }
10-05 13:54:21.876 25478 25478 D WM-SystemFgDispatcher: Notifying with (id:6233, workSpecId: 60d7888c-e277-4942-972c-19835e30fea0, notificationType :1)
--------- beginning of system
10-05 13:54:21.876 25478 25478 I NotificationManager: com.negi.survey: notify(6233, null, Notification(channel=uploads shortcut=null contentView=null vibrate=null sound=null defaults=0 flags=ONGOING_EVENT|ONLY_ALERT_ONCE color=0x00000000 category=progress vis=PRIVATE semFlags=0x0 semPriority=0 semMissedCount=0)) as user
10-05 13:54:21.877 25478 25526 D WM-WorkConstraintsTrack: NetworkRequestConstraintController send initial capabilities
10-05 13:54:21.877 25478 25526 I WM-Processor: Moving WorkSpec (2712401e-e9d4-4c41-98a5-cb31152ae191) to the foreground
10-05 13:54:21.877 25478 25518 D GitHubUploader: uploadStream: owner=ishizuki-tech repo=SurveyExports branch=main path=diagnostics/crash/2026-10-05/prevlog_20261005_105421_pid25478.log size=339742 maxRawBytesHint=1000000 maxRequestBytesHint=2800000
10-05 13:54:21.878 25478 25478 D WM-SystemFgDispatcher: Notifying with (id:6233, workSpecId: 60d7888c-e277-4942-972c-19835e30fea0, notificationType :1)
10-05 13:54:21.878 25478 25478 I NotificationManager: com.negi.survey: notify(6233, null, Notification(channel=uploads shortcut=null contentView=null vibrate=null sound=null defaults=0 flags=ONGOING_EVENT|ONLY_ALERT_ONCE color=0x00000000 category=progress vis=PRIVATE semFlags=0x0 semPriority=0 semMissedCount=0)) as user
10-05 13:54:21.878 25478 25478 I WM-SystemFgDispatcher: Started foreground service Intent { act=ACTION_START_FOREGROUND cmp=com.negi.survey/androidx.work.impl.foreground.SystemForegroundService (has extras) }
10-05 13:54:21.878 25478 25478 D WM-SystemFgDispatcher: Notifying with (id:10043, workSpecId: 2712401e-e9d4-4c41-98a5-cb31152ae191, notificationType :1)
10-05 13:54:21.878 25478 25478 I NotificationManager: com.negi.survey: notify(10043, null, Notification(channel=uploads shortcut=null contentView=null vibrate=null sound=null defaults=0 flags=ONGOING_EVENT|ONLY_ALERT_ONCE color=0x00000000 category=progress vis=PRIVATE semFlags=0x0 semPriority=0 semMissedCount=0)) as user
10-05 13:54:21.879 25478 25526 D WM-WorkProgressUpdater: Updating progress for 60d7888c-e277-4942-972c-19835e30fea0 (Data {pct : 0, mode : file})
10-05 13:54:21.879 25478 25519 D GitHubUploader: uploadStream: owner=ishizuki-tech repo=SurveyExports branch=main path=diagnostics/crash/2026-10-05/ring_store/20261005_105421_pid25478_u659893/seg_00.log size=1656 maxRawBytesHint=1000000 maxRequestBytesHint=2800000
10-05 13:54:21.879 25478 25478 D WM-SystemFgDispatcher: Notifying with (id:10043, workSpecId: 2712401e-e9d4-4c41-98a5-cb31152ae191, notificationType :1)
10-05 13:54:21.879 25478 25478 I NotificationManager: com.negi.survey: notify(10043, null, Notification(channel=uploads shortcut=null contentView=null vibrate=null sound=null defaults=0 flags=ONGOING_EVENT|ONLY_ALERT_ONCE color=0x00000000 category=progress vis=PRIVATE semFlags=0x0 semPriority=0 semMissedCount=0)) as user
10-05 13:54:21.880 25478 25526 I WM-Processor: Moving WorkSpec (60d7888c-e277-4942-972c-19835e30fea0) to the foreground
10-05 13:54:21.880 25478 25478 D WM-SystemFgDispatcher: Notifying with (id:6233, workSpecId: 60d7888c-e277-4942-972c-19835e30fea0, notificationType :1)
10-05 13:54:21.880 25478 25478 I NotificationManager: com.negi.survey: notify(6233, null, Notification(channel=uploads shortcut=null contentView=null vibrate=null sound=null defaults=0 flags=ONGOING_EVENT|ONLY_ALERT_ONCE color=0x00000000 category=progress vis=PRIVATE semFlags=0x0 semPriority=0 semMissedCount=0)) as user
10-05 13:54:21.880 25478 25526 D WM-GreedyScheduler: Constraints met: Scheduling work ID WorkGenerationalId(workSpecId=60d7888c-e277-4942-972c-19835e30fea0, generation=0)
10-05 13:54:21.880 25478 25526 D WM-GreedyScheduler: Constraints met: Scheduling work ID WorkGenerationalId(workSpecId=2712401e-e9d4-4c41-98a5-cb31152ae191, generation=0)
10-05 13:54:21.881 25478 25526 D WM-WorkProgressUpdater: Updating progress for 2712401e-e9d4-4c41-98a5-cb31152ae191 (Data {pct : 0, mode : file})
10-05 13:54:21.881 25478 25526 I WM-Processor: Moving WorkSpec (2712401e-e9d4-4c41-98a5-cb31152ae191) to the foreground
10-05 13:54:21.882 25478 25478 D WM-SystemFgDispatcher: Notifying with (id:10043, workSpecId: 2712401e-e9d4-4c41-98a5-cb31152ae191, notificationType :1)
10-05 13:54:21.882 25478 25478 I NotificationManager: com.negi.survey: notify(10043, null, Notification(channel=uploads shortcut=null contentView=null vibrate=null sound=null defaults=0 flags=ONGOING_EVENT|ONLY_ALERT_ONCE color=0x00000000 category=progress vis=PRIVATE semFlags=0x0 semPriority=0 semMissedCount=0)) as user
10-05 13:54:21.882 25478 25526 D WM-Processor: Work WorkGenerationalId(workSpecId=60d7888c-e277-4942-972c-19835e30fea0, generation=0) is already enqueued for processing
10-05 13:54:21.883 25478 25526 D WM-Processor: Work WorkGenerationalId(workSpecId=2712401e-e9d4-4c41-98a5-cb31152ae191, generation=0) is already enqueued for processing
10-05 13:54:21.884 25478 25526 D WM-WorkConstraintsTrack: NetworkRequestConstraintController send initial capabilities
10-05 13:54:21.884 25478 25526 D WM-WorkConstraintsTrack: NetworkRequestConstraintController send initial capabilities
10-05 13:54:22.050 25478 25478 I VRI[MainActivity]@d080491: ViewPostIme key 0
10-05 13:54:22.050 25478 25478 D Activity: onKeyDown(KEYCODE_BACK), activity=com.negi.survey.MainActivity@cd1c917
10-05 13:54:22.155 25478 25478 I VRI[MainActivity]@d080491: ViewPostIme key 1
10-05 13:54:22.156 25478 25478 D Activity: onBackInvoked, activity=com.negi.survey.MainActivity@cd1c917, caller=android.app.Activity.onBackPressed:4396 androidx.activity.ComponentActivity.onBackPressedDispatcher_delegate$lambda$0$0:621 androidx.activity.ComponentActivity.$r8$lambda$vCwjfXDiSGcirCy4I008VOiJ_lw:0 
10-05 13:54:22.175 25478 25478 I ImeFocusController: onPreWindowFocus: skipped hasWindowFocus=false mHasImeFocus=true
10-05 13:54:22.175 25478 25478 I ImeFocusController: onPostWindowFocus: skipped hasWindowFocus=false mHasImeFocus=true
10-05 13:54:22.261 25478 25478 D InputTransport: Input channel destroyed: 'ClientS', fd=154
10-05 13:54:22.340 25478 25478 I View    : setRequestedFrameRate frameRate=-4.0, this=android.view.View{8c74151 V.ED..... ........ 0,0-0,0}, caller=androidx.compose.ui.platform.Api35Impl.setRequestedFrameRate:4047 androidx.compose.ui.platform.AndroidComposeView.dispatchDraw:2282 android.view.View.draw:26153 android.view.View.updateDisplayListIfDirty:24990 android.view.View.draw:25880 
10-05 13:54:22.343 25478 25557 D LiteRtLM: LiteRT-LM native benchmark policy: enabled=false emulator=false
10-05 13:54:22.345 25478 25557 I litert  : [environment.cc:36] Creating LiteRT environment with options
10-05 13:54:22.346 25478 25557 W litert  : [npu_registry.cc:34] NPU accelerator could not be loaded and registered: kLiteRtStatusErrorInvalidArgument.
10-05 13:54:22.346 25478 25557 I litert  : [accelerator_registry.cc:54] RegisterAccelerator: ptr=0xb4000079b2f4aed0, name=LiteRT GPU
10-05 13:54:22.346 25478 25557 I litert  : [gpu_registry.cc:87] Statically linked GPU accelerator registered.
10-05 13:54:22.346 25478 25557 I litert  : [accelerator_registry.cc:54] RegisterAccelerator: ptr=0xb4000079b2f4a1b0, name=CpuAccelerator
10-05 13:54:22.346 25478 25557 I litert  : [cpu_registry.cc:75] XNNPACK CPU accelerator registered.
10-05 13:54:22.351 25478 25478 I View    : setRequestedFrameRate frameRate=NaN, this=android.view.View{8c74151 V.ED..... ........ 0,0-0,0}, caller=androidx.compose.ui.platform.Api35Impl.setRequestedFrameRate:4047 androidx.compose.ui.platform.AndroidComposeView.dispatchDraw:2282 android.view.View.draw:26153 android.view.View.updateDisplayListIfDirty:24990 android.view.ViewGroup.recreateChildDisplayList:4759 
10-05 13:54:22.442 25478 25619 D github_upload: doRingLogsUpload: remoteBaseDir=diagnostics/applog_ring/2026-10-05/applog_ring_startup_ring_20261005_105421_51f64cf0_app_start segs=1 bytes=1656 source=/data/user/0/com.negi.survey/files/diagnostics/applog_ring snapshot=/data/user/0/com.negi.survey/cache/diagnostics_ring_upload/startup_ring_20261005_105421_51f64cf0
10-05 13:54:22.442 25478 25619 D GitHubUploader: uploadStream: owner=ishizuki-tech repo=SurveyExports branch=main path=diagnostics/applog_ring/2026-10-05/applog_ring_startup_ring_20261005_105421_51f64cf0_app_start/seg_00.log size=1656 maxRawBytesHint=1000000 maxRequestBytesHint=2800000
10-05 13:54:22.442 25478 25525 D WM-WorkProgressUpdater: Updating progress for 6defde04-8adc-4f39-aab6-3fb19b659095 (Data {pct : 10, mode : startup_ring_logs})
10-05 13:54:22.443 25478 25525 I WM-Processor: Moving WorkSpec (6defde04-8adc-4f39-aab6-3fb19b659095) to the foreground
10-05 13:54:22.444 25478 25478 D WM-SystemFgDispatcher: Notifying with (id:9865, workSpecId: 6defde04-8adc-4f39-aab6-3fb19b659095, notificationType :1)
10-05 13:54:22.444 25478 25478 I NotificationManager: com.negi.survey: notify(9865, null, Notification(channel=uploads shortcut=null contentView=null vibrate=null sound=null defaults=0 flags=ONGOING_EVENT|ONLY_ALERT_ONCE color=0x00000000 category=progress vis=PRIVATE semFlags=0x0 semPriority=0 semMissedCount=0)) as user
10-05 13:54:22.502 25478 25557 I litert  : [environment.cc:36] Creating LiteRT environment with options
10-05 13:54:22.502 25478 25557 W litert  : [npu_registry.cc:34] NPU accelerator could not be loaded and registered: kLiteRtStatusErrorInvalidArgument.
10-05 13:54:22.502 25478 25557 I litert  : [accelerator_registry.cc:54] RegisterAccelerator: ptr=0xb4000079b2f49f10, name=LiteRT GPU
10-05 13:54:22.502 25478 25557 I litert  : [gpu_registry.cc:87] Statically linked GPU accelerator registered.
10-05 13:54:22.502 25478 25557 I litert  : [accelerator_registry.cc:54] RegisterAccelerator: ptr=0xb4000079b2f483b0, name=CpuAccelerator
10-05 13:54:22.502 25478 25557 I litert  : [cpu_registry.cc:75] XNNPACK CPU accelerator registered.
10-05 13:54:22.502 25478 25557 W native  : W0000 00:00:1791197662.502921   25557 litert_lm_loader.cc:291] Section not found: 	
10-05 13:54:22.502 25478 25557 W native  : W0000 00:00:1791197662.502987   25557 litert_lm_loader.cc:291] Section not found: 	
10-05 13:54:22.503 25478 25557 I litert  : [compiled_model.cc:833] Flatbuffer model initialized directly from incoming litert model.
10-05 13:54:22.503 25478 25557 I tflite  : Initialized TensorFlow Lite runtime.
10-05 13:54:22.507 25478 25518 D TrafficStats: tagSocket(144) with statsTag=0xffffffff, statsUid=-1
10-05 13:54:22.507 25478 25619 D TrafficStats: tagSocket(149) with statsTag=0xffffffff, statsUid=-1
10-05 13:54:22.507 25478 25519 D TrafficStats: tagSocket(162) with statsTag=0xffffffff, statsUid=-1
10-05 13:54:22.532 25478 25557 W libc    : Access denied finding property "ro.mediatek.platform"
10-05 13:54:22.606 25478 25557 E Adreno-AppProfiles: QSPM AIDL service doesn't exist
10-05 13:54:22.606 25478 25557 I native  : I0000 00:00:1791197662.606794   25557 delegate_opencl.cc:603] options->hint_waiting_for_completion: false
10-05 13:54:22.606 25478 25557 I native  : I0000 00:00:1791197662.606841   25557 delegate_opencl.cc:605] options->kernel_batch_size: -1
10-05 13:54:22.640 25478 25557 I AdrenoGLES-0: QUALCOMM build                   : 7a7d1616fb, I1b2d45fd3f
10-05 13:54:22.640 25478 25557 I AdrenoGLES-0: Build Date                       : 12/18/24
10-05 13:54:22.640 25478 25557 I AdrenoGLES-0: OpenGL ES Shader Compiler Version: E031.47.18.13
10-05 13:54:22.640 25478 25557 I AdrenoGLES-0: Local Branch                     : 
10-05 13:54:22.640 25478 25557 I AdrenoGLES-0: Remote Branch                    : refs/tags/AU_LINUX_ANDROID_LA.VENDOR.15.4.0.11.00.00.1088.540
10-05 13:54:22.640 25478 25557 I AdrenoGLES-0: Remote Branch                    : NONE
10-05 13:54:22.640 25478 25557 I AdrenoGLES-0: Reconstruct Branch               : NOTHING
10-05 13:54:22.640 25478 25557 I AdrenoGLES-0: Build Config                     : S P 18.0.0 AArch64
10-05 13:54:22.640 25478 25557 I AdrenoGLES-0: Driver Path                      : /vendor/lib64/egl/libGLESv2_adreno.so
10-05 13:54:22.640 25478 25557 I AdrenoGLES-0: Driver Version                   : 0800.17.11
10-05 13:54:22.640 25478 25557 I AdrenoGLES-0: Process Name                     : com.negi.survey
10-05 13:54:22.642 25478 25557 I AdrenoGLES-0: PFP: 0x01500364, ME: 0x01500012
10-05 13:54:22.643 25478 25557 E Adreno-AppProfiles: QSPM AIDL service doesn't exist
10-05 13:54:22.644 25478 25557 E libEGL  : call to OpenGL ES API with no current context (logged once per thread)
10-05 13:54:22.648 25478 25557 I litert  : [environment.cc:47] Adding options to the existing LiteRT environment
10-05 13:54:22.649 25478 25557 I tflite  : Loaded OpenCL library with dlopen.
10-05 13:54:22.649 25478 25557 I litert  : [gpu_environment.cc:220] Created OpenCL device from provided device id and platform id.
10-05 13:54:22.650 25478 25557 I litert  : [gpu_environment.cc:283] Reusing provided EGL environment.
10-05 13:54:22.650 25478 25557 I litert  : [gpu_environment.h:155] Created LiteRT GpuEnvironment.
10-05 13:54:22.650 25478 25557 I litert  : [environment.cc:47] Adding options to the existing LiteRT environment
10-05 13:54:22.654 25478 25557 I tflite  : Replacing 3326 out of 3326 node(s) with delegate (LITERT_CL) node, yielding 1 partitions for subgraph 0 (decode).
10-05 13:54:22.659 25478 25478 I VRI[MainActivity]@d080491: handleAppVisibility mAppVisible = true visible = false
10-05 13:54:22.659 25478 25478 D VRI[MainActivity]@d080491: visibilityChanged oldVisibility=true newVisibility=false
10-05 13:54:22.667 25478 25508 D HWUI    : CacheManager::trimMemory(20)
10-05 13:54:22.670 25478 25478 I VRI[MainActivity]@d080491: Relayout returned: old=(0,0,1080,2340) new=(0,0,1080,2340) relayoutAsync=false req=(1080,2340)8 dur=1 res=0x2 s={false 0x0} ch=true seqId=0
10-05 13:54:22.670 25478 25478 D VRI[MainActivity]@d080491: Not drawing due to not visible. Reason=!mAppVisible && !mForceDecorViewVisibility
10-05 13:54:22.671 25478 25478 I VRI[MainActivity]@d080491: stopped(true) old = false
10-05 13:54:22.671 25478 25478 D VRI[MainActivity]@d080491: WindowStopped on com.negi.survey/com.negi.survey.MainActivity set to true
10-05 13:54:22.671 25478 25508 D HWUI    : CacheManager::trimMemory(20)
10-05 13:54:22.673 25478 25478 D HeavyInitializer: cancel: no active initialization
10-05 13:54:22.674 25478 25478 W WindowOnBackDispatcher: sendCancelIfRunning: isInProgress=false callback=android.view.ViewRootImpl$$ExternalSyntheticLambda15@a24822f
10-05 13:54:22.674 25478 25508 D HWUI    : CacheManager::trimMemory(20)
10-05 13:54:22.675 25478 25478 I VRI[MainActivity]@d080491: dispatchDetachedFromWindow
10-05 13:54:22.675 25478 25478 D InputTransport: Input channel destroyed: '6403b1d', fd=115
10-05 13:54:22.941 25478 25504 D RuntimeLogStore: openWriter: rotate:plain_snapshot:app_start -> /data/user/0/com.negi.survey/files/diagnostics/runtime_logs/rtlog_20261005_105422_939_pid25478_seq2.log (bytes=0 format=LEGACY)
10-05 13:54:22.942 25478 25504 D RuntimeLogStore: retention: rotate:plain_snapshot:app_start files=3 kept=3 totalBytes=13136
10-05 13:54:22.946 25478 25520 D github_upload: doRuntimeLogsUpload: remoteBaseDir=diagnostics/runtime_logs/2026-10-05/runtime_logs_startup_runtime_20261005_105421_58cf5456_app_start toUpload=3 bytes=14270 dedupe=true deleteSource=true deletedSourcePre=0 preview='plain_logs_manifest_20261005_105422_944_pid25478_app_start.json|runtime_log_20261005_105422_944_pid25478_app_start__rtlog_20261005_105419_205_pid25478_seq1.log|runtime_log_20261005_105422_944_pid25478_app_start__rtlog_20261005_104647_526_pid22506_seq2.log'
10-05 13:54:22.946 25478 25520 D GitHubUploader: uploadStream: owner=ishizuki-tech repo=SurveyExports branch=main path=diagnostics/runtime_logs/2026-10-05/runtime_logs_startup_runtime_20261005_105421_58cf5456_app_start/plain_logs_manifest_20261005_105422_944_pid25478_app_start.json size=1459 maxRawBytesHint=1000000 maxRequestBytesHint=2800000
10-05 13:54:22.946 25478 25526 D WM-WorkProgressUpdater: Updating progress for 10941536-762d-4370-bda1-dd467119cbd9 (Data {pct : 10, mode : startup_runtime_logs})
10-05 13:54:22.947 25478 25520 D TrafficStats: tagSocket(132) with statsTag=0xffffffff, statsUid=-1
10-05 13:54:22.948 25478 25526 I WM-Processor: Moving WorkSpec (10941536-762d-4370-bda1-dd467119cbd9) to the foreground
10-05 13:54:22.949 25478 25478 D WM-SystemFgDispatcher: Notifying with (id:4774, workSpecId: 10941536-762d-4370-bda1-dd467119cbd9, notificationType :1)
10-05 13:54:22.949 25478 25478 I NotificationManager: com.negi.survey: notify(4774, null, Notification(channel=uploads shortcut=null contentView=null vibrate=null sound=null defaults=0 flags=ONGOING_EVENT|ONLY_ALERT_ONCE color=0x00000000 category=progress vis=PRIVATE semFlags=0x0 semPriority=0 semMissedCount=0)) as user
10-05 13:54:22.954 25478 25508 D HWUI    : CacheManager::trimMemory(20)
10-05 13:54:22.959 25478 25508 D HWUI    : CacheManager::trimMemory(20)
10-05 13:54:22.960 25478 25485 D InputTransport: Input channel destroyed: 'ClientS', fd=187
10-05 13:54:22.960 25478 25485 D InputTransport: Input channel destroyed: 'ClientS', fd=163
10-05 13:54:22.960 25478 25508 D HWUI    : CacheManager::trimMemory(20)
10-05 13:54:22.960 25478 25508 D HWUI    : CacheManager::trimMemory(20)
10-05 13:54:23.306 25478 25525 D WM-WorkProgressUpdater: Updating progress for 2712401e-e9d4-4c41-98a5-cb31152ae191 (Data {pct : 10, mode : file})
10-05 13:54:23.309 25478 25525 I WM-Processor: Moving WorkSpec (2712401e-e9d4-4c41-98a5-cb31152ae191) to the foreground
10-05 13:54:23.309 25478 25525 D WM-WorkProgressUpdater: Updating progress for 2712401e-e9d4-4c41-98a5-cb31152ae191 (Data {pct : 90, mode : file})
10-05 13:54:23.309 25478 25478 D WM-SystemFgDispatcher: Notifying with (id:10043, workSpecId: 2712401e-e9d4-4c41-98a5-cb31152ae191, notificationType :1)
10-05 13:54:23.310 25478 25478 I NotificationManager: com.negi.survey: notify(10043, null, Notification(channel=uploads shortcut=null contentView=null vibrate=null sound=null defaults=0 flags=ONGOING_EVENT|ONLY_ALERT_ONCE color=0x00000000 category=progress vis=PRIVATE semFlags=0x0 semPriority=0 semMissedCount=0)) as user
10-05 13:54:23.311 25478 25525 I WM-Processor: Moving WorkSpec (2712401e-e9d4-4c41-98a5-cb31152ae191) to the foreground
10-05 13:54:23.311 25478 25478 D WM-SystemFgDispatcher: Notifying with (id:10043, workSpecId: 2712401e-e9d4-4c41-98a5-cb31152ae191, notificationType :1)
10-05 13:54:23.311 25478 25478 I NotificationManager: com.negi.survey: notify(10043, null, Notification(channel=uploads shortcut=null contentView=null vibrate=null sound=null defaults=0 flags=ONGOING_EVENT|ONLY_ALERT_ONCE color=0x00000000 category=progress vis=PRIVATE semFlags=0x0 semPriority=0 semMissedCount=0)) as user
10-05 13:54:23.319 25478 25524 D WM-WorkProgressUpdater: Updating progress for 6defde04-8adc-4f39-aab6-3fb19b659095 (Data {pct : 19, mode : startup_ring_logs})
10-05 13:54:23.321 25478 25524 I WM-Processor: Moving WorkSpec (6defde04-8adc-4f39-aab6-3fb19b659095) to the foreground
10-05 13:54:23.322 25478 25478 D WM-SystemFgDispatcher: Notifying with (id:9865, workSpecId: 6defde04-8adc-4f39-aab6-3fb19b659095, notificationType :1)
10-05 13:54:23.322 25478 25524 D WM-WorkProgressUpdater: Updating progress for 6defde04-8adc-4f39-aab6-3fb19b659095 (Data {pct : 91, mode : startup_ring_logs})
10-05 13:54:23.322 25478 25478 I NotificationManager: com.negi.survey: notify(9865, null, Notification(channel=uploads shortcut=null contentView=null vibrate=null sound=null defaults=0 flags=ONGOING_EVENT|ONLY_ALERT_ONCE color=0x00000000 category=progress vis=PRIVATE semFlags=0x0 semPriority=0 semMissedCount=0)) as user
10-05 13:54:23.324 25478 25524 I WM-Processor: Moving WorkSpec (6defde04-8adc-4f39-aab6-3fb19b659095) to the foreground
10-05 13:54:23.324 25478 25478 D WM-SystemFgDispatcher: Notifying with (id:9865, workSpecId: 6defde04-8adc-4f39-aab6-3fb19b659095, notificationType :1)
10-05 13:54:23.324 25478 25478 I NotificationManager: com.negi.survey: notify(9865, null, Notification(channel=uploads shortcut=null contentView=null vibrate=null sound=null defaults=0 flags=ONGOING_EVENT|ONLY_ALERT_ONCE color=0x00000000 category=progress vis=PRIVATE semFlags=0x0 semPriority=0 semMissedCount=0)) as user
10-05 13:54:23.337 25478 25521 D WM-WorkProgressUpdater: Updating progress for 60d7888c-e277-4942-972c-19835e30fea0 (Data {pct : 10, mode : file})
10-05 13:54:23.339 25478 25521 I WM-Processor: Moving WorkSpec (60d7888c-e277-4942-972c-19835e30fea0) to the foreground
10-05 13:54:23.340 25478 25478 D WM-SystemFgDispatcher: Notifying with (id:6233, workSpecId: 60d7888c-e277-4942-972c-19835e30fea0, notificationType :1)
10-05 13:54:23.340 25478 25478 I NotificationManager: com.negi.survey: notify(6233, null, Notification(channel=uploads shortcut=null contentView=null vibrate=null sound=null defaults=0 flags=ONGOING_EVENT|ONLY_ALERT_ONCE color=0x00000000 category=progress vis=PRIVATE semFlags=0x0 semPriority=0 semMissedCount=0)) as user
10-05 13:54:23.340 25478 25521 D WM-WorkProgressUpdater: Updating progress for 60d7888c-e277-4942-972c-19835e30fea0 (Data {pct : 11, mode : file})
10-05 13:54:23.341 25478 25521 I WM-Processor: Moving WorkSpec (60d7888c-e277-4942-972c-19835e30fea0) to the foreground
10-05 13:54:23.341 25478 25521 D WM-WorkProgressUpdater: Updating progress for 60d7888c-e277-4942-972c-19835e30fea0 (Data {pct : 13, mode : file})
10-05 13:54:23.341 25478 25478 D WM-SystemFgDispatcher: Notifying with (id:6233, workSpecId: 60d7888c-e277-4942-972c-19835e30fea0, notificationType :1)
10-05 13:54:23.341 25478 25478 I NotificationManager: com.negi.survey: notify(6233, null, Notification(channel=uploads shortcut=null contentView=null vibrate=null sound=null defaults=0 flags=ONGOING_EVENT|ONLY_ALERT_ONCE color=0x00000000 category=progress vis=PRIVATE semFlags=0x0 semPriority=0 semMissedCount=0)) as user
10-05 13:54:23.342 25478 25521 I WM-Processor: Moving WorkSpec (60d7888c-e277-4942-972c-19835e30fea0) to the foreground
10-05 13:54:23.343 25478 25525 D WM-WorkProgressUpdater: Updating progress for 60d7888c-e277-4942-972c-19835e30fea0 (Data {pct : 15, mode : file})
10-05 13:54:23.343 25478 25478 D WM-SystemFgDispatcher: Notifying with (id:6233, workSpecId: 60d7888c-e277-4942-972c-19835e30fea0, notificationType :1)
10-05 13:54:23.343 25478 25478 I NotificationManager: com.negi.survey: notify(6233, null, Notification(channel=uploads shortcut=null contentView=null vibrate=null sound=null defaults=0 flags=ONGOING_EVENT|ONLY_ALERT_ONCE color=0x00000000 category=progress vis=PRIVATE semFlags=0x0 semPriority=0 semMissedCount=0)) as user
10-05 13:54:23.347 25478 25525 I WM-Processor: Moving WorkSpec (60d7888c-e277-4942-972c-19835e30fea0) to the foreground
10-05 13:54:23.347 25478 25478 D WM-SystemFgDispatcher: Notifying with (id:6233, workSpecId: 60d7888c-e277-4942-972c-19835e30fea0, notificationType :1)
10-05 13:54:23.347 25478 25525 D WM-WorkProgressUpdater: Updating progress for 60d7888c-e277-4942-972c-19835e30fea0 (Data {pct : 17, mode : file})
10-05 13:54:23.347 25478 25478 I NotificationManager: com.negi.survey: notify(6233, null, Notification(channel=uploads shortcut=null contentView=null vibrate=null sound=null defaults=0 flags=ONGOING_EVENT|ONLY_ALERT_ONCE color=0x00000000 category=progress vis=PRIVATE semFlags=0x0 semPriority=0 semMissedCount=0)) as user
10-05 13:54:23.348 25478 25525 I WM-Processor: Moving WorkSpec (60d7888c-e277-4942-972c-19835e30fea0) to the foreground
10-05 13:54:23.348 25478 25525 D WM-WorkProgressUpdater: Updating progress for 60d7888c-e277-4942-972c-19835e30fea0 (Data {pct : 19, mode : file})
10-05 13:54:23.349 25478 25478 D WM-SystemFgDispatcher: Notifying with (id:6233, workSpecId: 60d7888c-e277-4942-972c-19835e30fea0, notificationType :1)
10-05 13:54:23.349 25478 25478 I NotificationManager: com.negi.survey: notify(6233, null, Notification(channel=uploads shortcut=null contentView=null vibrate=null sound=null defaults=0 flags=ONGOING_EVENT|ONLY_ALERT_ONCE color=0x00000000 category=progress vis=PRIVATE semFlags=0x0 semPriority=0 semMissedCount=0)) as user
10-05 13:54:23.350 25478 25525 I WM-Processor: Moving WorkSpec (60d7888c-e277-4942-972c-19835e30fea0) to the foreground
10-05 13:54:23.350 25478 25478 D WM-SystemFgDispatcher: Notifying with (id:6233, workSpecId: 60d7888c-e277-4942-972c-19835e30fea0, notificationType :1)
10-05 13:54:23.350 25478 25525 D WM-WorkProgressUpdater: Updating progress for 60d7888c-e277-4942-972c-19835e30fea0 (Data {pct : 21, mode : file})
10-05 13:54:23.350 25478 25478 I NotificationManager: com.negi.survey: notify(6233, null, Notification(channel=uploads shortcut=null contentView=null vibrate=null sound=null defaults=0 flags=ONGOING_EVENT|ONLY_ALERT_ONCE color=0x00000000 category=progress vis=PRIVATE semFlags=0x0 semPriority=0 semMissedCount=0)) as user
10-05 13:54:23.351 25478 25525 I WM-Processor: Moving WorkSpec (60d7888c-e277-4942-972c-19835e30fea0) to the foreground
10-05 13:54:23.351 25478 25478 D WM-SystemFgDispatcher: Notifying with (id:6233, workSpecId: 60d7888c-e277-4942-972c-19835e30fea0, notificationType :1)
10-05 13:54:23.351 25478 25525 D WM-WorkProgressUpdater: Updating progress for 60d7888c-e277-4942-972c-19835e30fea0 (Data {pct : 23, mode : file})
10-05 13:54:23.351 25478 25478 I NotificationManager: com.negi.survey: notify(6233, null, Notification(channel=uploads shortcut=null contentView=null vibrate=null sound=null defaults=0 flags=ONGOING_EVENT|ONLY_ALERT_ONCE color=0x00000000 category=progress vis=PRIVATE semFlags=0x0 semPriority=0 semMissedCount=0)) as user
10-05 13:54:23.353 25478 25525 I WM-Processor: Moving WorkSpec (60d7888c-e277-4942-972c-19835e30fea0) to the foreground
10-05 13:54:23.354 25478 25478 D WM-SystemFgDispatcher: Notifying with (id:6233, workSpecId: 60d7888c-e277-4942-972c-19835e30fea0, notificationType :1)
10-05 13:54:23.354 25478 25525 D WM-WorkProgressUpdater: Updating progress for 60d7888c-e277-4942-972c-19835e30fea0 (Data {pct : 25, mode : file})
10-05 13:54:23.354 25478 25478 I NotificationManager: com.negi.survey: notify(6233, null, Notification(channel=uploads shortcut=null contentView=null vibrate=null sound=null defaults=0 flags=ONGOING_EVENT|ONLY_ALERT_ONCE color=0x00000000 category=progress vis=PRIVATE semFlags=0x0 semPriority=0 semMissedCount=0)) as user
10-05 13:54:23.354 25478 25525 I WM-Processor: Moving WorkSpec (60d7888c-e277-4942-972c-19835e30fea0) to the foreground
10-05 13:54:23.355 25478 25478 D WM-SystemFgDispatcher: Notifying with (id:6233, workSpecId: 60d7888c-e277-4942-972c-19835e30fea0, notificationType :1)
10-05 13:54:23.355 25478 25525 D WM-WorkProgressUpdater: Updating progress for 60d7888c-e277-4942-972c-19835e30fea0 (Data {pct : 27, mode : file})
10-05 13:54:23.355 25478 25478 I NotificationManager: com.negi.survey: notify(6233, null, Notification(channel=uploads shortcut=null contentView=null vibrate=null sound=null defaults=0 flags=ONGOING_EVENT|ONLY_ALERT_ONCE color=0x00000000 category=progress vis=PRIVATE semFlags=0x0 semPriority=0 semMissedCount=0)) as user
10-05 13:54:23.355 25478 25525 I WM-Processor: Moving WorkSpec (60d7888c-e277-4942-972c-19835e30fea0) to the foreground
10-05 13:54:23.355 25478 25478 D WM-SystemFgDispatcher: Notifying with (id:6233, workSpecId: 60d7888c-e277-4942-972c-19835e30fea0, notificationType :1)
10-05 13:54:23.355 25478 25525 D WM-WorkProgressUpdater: Updating progress for 60d7888c-e277-4942-972c-19835e30fea0 (Data {pct : 29, mode : file})
10-05 13:54:23.355 25478 25478 I NotificationManager: com.negi.survey: notify(6233, null, Notification(channel=uploads shortcut=null contentView=null vibrate=null sound=null defaults=0 flags=ONGOING_EVENT|ONLY_ALERT_ONCE color=0x00000000 category=progress vis=PRIVATE semFlags=0x0 semPriority=0 semMissedCount=0)) as user
10-05 13:54:23.356 25478 25525 I WM-Processor: Moving WorkSpec (60d7888c-e277-4942-972c-19835e30fea0) to the foreground
10-05 13:54:23.356 25478 25478 D WM-SystemFgDispatcher: Notifying with (id:6233, workSpecId: 60d7888c-e277-4942-972c-19835e30fea0, notificationType :1)
10-05 13:54:23.356 25478 25525 D WM-WorkProgressUpdater: Updating progress for 60d7888c-e277-4942-972c-19835e30fea0 (Data {pct : 31, mode : file})
10-05 13:54:23.356 25478 25478 I NotificationManager: com.negi.survey: notify(6233, null, Notification(channel=uploads shortcut=null contentView=null vibrate=null sound=null defaults=0 flags=ONGOING_EVENT|ONLY_ALERT_ONCE color=0x00000000 category=progress vis=PRIVATE semFlags=0x0 semPriority=0 semMissedCount=0)) as user
10-05 13:54:23.357 25478 25525 I WM-Processor: Moving WorkSpec (60d7888c-e277-4942-972c-19835e30fea0) to the foreground
10-05 13:54:23.357 25478 25478 D WM-SystemFgDispatcher: Notifying with (id:6233, workSpecId: 60d7888c-e277-4942-972c-19835e30fea0, notificationType :1)
10-05 13:54:23.357 25478 25525 D WM-WorkProgressUpdater: Updating progress for 60d7888c-e277-4942-972c-19835e30fea0 (Data {pct : 33, mode : file})
10-05 13:54:23.357 25478 25478 I NotificationManager: com.negi.survey: notify(6233, null, Notification(channel=uploads shortcut=null contentView=null vibrate=null sound=null defaults=0 flags=ONGOING_EVENT|ONLY_ALERT_ONCE color=0x00000000 category=progress vis=PRIVATE semFlags=0x0 semPriority=0 semMissedCount=0)) as user
10-05 13:54:23.358 25478 25525 I WM-Processor: Moving WorkSpec (60d7888c-e277-4942-972c-19835e30fea0) to the foreground
10-05 13:54:23.358 25478 25525 D WM-WorkProgressUpdater: Updating progress for 60d7888c-e277-4942-972c-19835e30fea0 (Data {pct : 35, mode : file})
10-05 13:54:23.358 25478 25478 D WM-SystemFgDispatcher: Notifying with (id:6233, workSpecId: 60d7888c-e277-4942-972c-19835e30fea0, notificationType :1)
10-05 13:54:23.358 25478 25478 I NotificationManager: com.negi.survey: notify(6233, null, Notification(channel=uploads shortcut=null contentView=null vibrate=null sound=null defaults=0 flags=ONGOING_EVENT|ONLY_ALERT_ONCE color=0x00000000 category=progress vis=PRIVATE semFlags=0x0 semPriority=0 semMissedCount=0)) as user
10-05 13:54:23.359 25478 25525 I WM-Processor: Moving WorkSpec (60d7888c-e277-4942-972c-19835e30fea0) to the foreground
10-05 13:54:23.359 25478 25478 D WM-SystemFgDispatcher: Notifying with (id:6233, workSpecId: 60d7888c-e277-4942-972c-19835e30fea0, notificationType :1)
10-05 13:54:23.359 25478 25525 D WM-WorkProgressUpdater: Updating progress for 60d7888c-e277-4942-972c-19835e30fea0 (Data {pct : 37, mode : file})
10-05 13:54:23.359 25478 25478 I NotificationManager: com.negi.survey: notify(6233, null, Notification(channel=uploads shortcut=null contentView=null vibrate=null sound=null defaults=0 flags=ONGOING_EVENT|ONLY_ALERT_ONCE color=0x00000000 category=progress vis=PRIVATE semFlags=0x0 semPriority=0 semMissedCount=0)) as user
10-05 13:54:23.360 25478 25525 I WM-Processor: Moving WorkSpec (60d7888c-e277-4942-972c-19835e30fea0) to the foreground
10-05 13:54:23.360 25478 25478 D WM-SystemFgDispatcher: Notifying with (id:6233, workSpecId: 60d7888c-e277-4942-972c-19835e30fea0, notificationType :1)
10-05 13:54:23.360 25478 25525 D WM-WorkProgressUpdater: Updating progress for 60d7888c-e277-4942-972c-19835e30fea0 (Data {pct : 38, mode : file})
10-05 13:54:23.360 25478 25478 I NotificationManager: com.negi.survey: notify(6233, null, Notification(channel=uploads shortcut=null contentView=null vibrate=null sound=null defaults=0 flags=ONGOING_EVENT|ONLY_ALERT_ONCE color=0x00000000 category=progress vis=PRIVATE semFlags=0x0 semPriority=0 semMissedCount=0)) as user
10-05 13:54:23.361 25478 25525 I WM-Processor: Moving WorkSpec (60d7888c-e277-4942-972c-19835e30fea0) to the foreground
10-05 13:54:23.361 25478 25478 D WM-SystemFgDispatcher: Notifying with (id:6233, workSpecId: 60d7888c-e277-4942-972c-19835e30fea0, notificationType :1)
10-05 13:54:23.361 25478 25525 D WM-WorkProgressUpdater: Updating progress for 60d7888c-e277-4942-972c-19835e30fea0 (Data {pct : 40, mode : file})
10-05 13:54:23.361 25478 25478 I NotificationManager: com.negi.survey: notify(6233, null, Notification(channel=uploads shortcut=null contentView=null vibrate=null sound=null defaults=0 flags=ONGOING_EVENT|ONLY_ALERT_ONCE color=0x00000000 category=progress vis=PRIVATE semFlags=0x0 semPriority=0 semMissedCount=0)) as user
10-05 13:54:23.362 25478 25525 I WM-Processor: Moving WorkSpec (60d7888c-e277-4942-972c-19835e30fea0) to the foreground
10-05 13:54:23.362 25478 25478 D WM-SystemFgDispatcher: Notifying with (id:6233, workSpecId: 60d7888c-e277-4942-972c-19835e30fea0, notificationType :1)
10-05 13:54:23.362 25478 25525 D WM-WorkProgressUpdater: Updating progress for 60d7888c-e277-4942-972c-19835e30fea0 (Data {pct : 42, mode : file})
10-05 13:54:23.362 25478 25478 I NotificationManager: com.negi.survey: notify(6233, null, Notification(channel=uploads shortcut=null contentView=null vibrate=null sound=null defaults=0 flags=ONGOING_EVENT|ONLY_ALERT_ONCE color=0x00000000 category=progress vis=PRIVATE semFlags=0x0 semPriority=0 semMissedCount=0)) as user
10-05 13:54:23.363 25478 25525 I WM-Processor: Moving WorkSpec (60d7888c-e277-4942-972c-19835e30fea0) to the foreground
10-05 13:54:23.363 25478 25525 D WM-WorkProgressUpdater: Updating progress for 60d7888c-e277-4942-972c-19835e30fea0 (Data {pct : 44, mode : file})
10-05 13:54:23.363 25478 25478 D WM-SystemFgDispatcher: Notifying with (id:6233, workSpecId: 60d7888c-e277-4942-972c-19835e30fea0, notificationType :1)
10-05 13:54:23.363 25478 25478 I NotificationManager: com.negi.survey: notify(6233, null, Notification(channel=uploads shortcut=null contentView=null vibrate=null sound=null defaults=0 flags=ONGOING_EVENT|ONLY_ALERT_ONCE color=0x00000000 category=progress vis=PRIVATE semFlags=0x0 semPriority=0 semMissedCount=0)) as user
10-05 13:54:23.364 25478 25525 I WM-Processor: Moving WorkSpec (60d7888c-e277-4942-972c-19835e30fea0) to the foreground
10-05 13:54:23.364 25478 25478 D WM-SystemFgDispatcher: Notifying with (id:6233, workSpecId: 60d7888c-e277-4942-972c-19835e30fea0, notificationType :1)
10-05 13:54:23.364 25478 25478 I NotificationManager: com.negi.survey: notify(6233, null, Notification(channel=uploads shortcut=null contentView=null vibrate=null sound=null defaults=0 flags=ONGOING_EVENT|ONLY_ALERT_ONCE color=0x00000000 category=progress vis=PRIVATE semFlags=0x0 semPriority=0 semMissedCount=0)) as user
10-05 13:54:23.364 25478 25525 D WM-WorkProgressUpdater: Updating progress for 60d7888c-e277-4942-972c-19835e30fea0 (Data {pct : 46, mode : file})
10-05 13:54:23.365 25478 25525 I WM-Processor: Moving WorkSpec (60d7888c-e277-4942-972c-19835e30fea0) to the foreground
10-05 13:54:23.365 25478 25478 D WM-SystemFgDispatcher: Notifying with (id:6233, workSpecId: 60d7888c-e277-4942-972c-19835e30fea0, notificationType :1)
10-05 13:54:23.365 25478 25525 D WM-WorkProgressUpdater: Updating progress for 60d7888c-e277-4942-972c-19835e30fea0 (Data {pct : 48, mode : file})
10-05 13:54:23.365 25478 25478 I NotificationManager: com.negi.survey: notify(6233, null, Notification(channel=uploads shortcut=null contentView=null vibrate=null sound=null defaults=0 flags=ONGOING_EVENT|ONLY_ALERT_ONCE color=0x00000000 category=progress vis=PRIVATE semFlags=0x0 semPriority=0 semMissedCount=0)) as user
10-05 13:54:23.366 25478 25525 I WM-Processor: Moving WorkSpec (60d7888c-e277-4942-972c-19835e30fea0) to the foreground
10-05 13:54:23.366 25478 25525 D WM-WorkProgressUpdater: Updating progress for 60d7888c-e277-4942-972c-19835e30fea0 (Data {pct : 50, mode : file})
10-05 13:54:23.366 25478 25478 D WM-SystemFgDispatcher: Notifying with (id:6233, workSpecId: 60d7888c-e277-4942-972c-19835e30fea0, notificationType :1)
10-05 13:54:23.366 25478 25478 I NotificationManager: com.negi.survey: notify(6233, null, Notification(channel=uploads shortcut=null contentView=null vibrate=null sound=null defaults=0 flags=ONGOING_EVENT|ONLY_ALERT_ONCE color=0x00000000 category=progress vis=PRIVATE semFlags=0x0 semPriority=0 semMissedCount=0)) as user
10-05 13:54:23.367 25478 25525 I WM-Processor: Moving WorkSpec (60d7888c-e277-4942-972c-19835e30fea0) to the foreground
10-05 13:54:23.367 25478 25478 D WM-SystemFgDispatcher: Notifying with (id:6233, workSpecId: 60d7888c-e277-4942-972c-19835e30fea0, notificationType :1)
10-05 13:54:23.367 25478 25525 D WM-WorkProgressUpdater: Updating progress for 60d7888c-e277-4942-972c-19835e30fea0 (Data {pct : 52, mode : file})
10-05 13:54:23.367 25478 25478 I NotificationManager: com.negi.survey: notify(6233, null, Notification(channel=uploads shortcut=null contentView=null vibrate=null sound=null defaults=0 flags=ONGOING_EVENT|ONLY_ALERT_ONCE color=0x00000000 category=progress vis=PRIVATE semFlags=0x0 semPriority=0 semMissedCount=0)) as user
10-05 13:54:23.368 25478 25525 I WM-Processor: Moving WorkSpec (60d7888c-e277-4942-972c-19835e30fea0) to the foreground
10-05 13:54:23.368 25478 25478 D WM-SystemFgDispatcher: Notifying with (id:6233, workSpecId: 60d7888c-e277-4942-972c-19835e30fea0, notificationType :1)
10-05 13:54:23.368 25478 25525 D WM-WorkProgressUpdater: Updating progress for 60d7888c-e277-4942-972c-19835e30fea0 (Data {pct : 54, mode : file})
10-05 13:54:23.368 25478 25478 I NotificationManager: com.negi.survey: notify(6233, null, Notification(channel=uploads shortcut=null contentView=null vibrate=null sound=null defaults=0 flags=ONGOING_EVENT|ONLY_ALERT_ONCE color=0x00000000 category=progress vis=PRIVATE semFlags=0x0 semPriority=0 semMissedCount=0)) as user
10-05 13:54:23.369 25478 25525 I WM-Processor: Moving WorkSpec (60d7888c-e277-4942-972c-19835e30fea0) to the foreground
10-05 13:54:23.369 25478 25478 D WM-SystemFgDispatcher: Notifying with (id:6233, workSpecId: 60d7888c-e277-4942-972c-19835e30fea0, notificationType :1)
10-05 13:54:23.369 25478 25525 D WM-WorkProgressUpdater: Updating progress for 60d7888c-e277-4942-972c-19835e30fea0 (Data {pct : 56, mode : file})
10-05 13:54:23.369 25478 25478 I NotificationManager: com.negi.survey: notify(6233, null, Notification(channel=uploads shortcut=null contentView=null vibrate=null sound=null defaults=0 flags=ONGOING_EVENT|ONLY_ALERT_ONCE color=0x00000000 category=progress vis=PRIVATE semFlags=0x0 semPriority=0 semMissedCount=0)) as user
10-05 13:54:23.370 25478 25525 I WM-Processor: Moving WorkSpec (60d7888c-e277-4942-972c-19835e30fea0) to the foreground
10-05 13:54:23.370 25478 25478 D WM-SystemFgDispatcher: Notifying with (id:6233, workSpecId: 60d7888c-e277-4942-972c-19835e30fea0, notificationType :1)
10-05 13:54:23.370 25478 25525 D WM-WorkProgressUpdater: Updating progress for 60d7888c-e277-4942-972c-19835e30fea0 (Data {pct : 58, mode : file})
10-05 13:54:23.370 25478 25478 I NotificationManager: com.negi.survey: notify(6233, null, Notification(channel=uploads shortcut=null contentView=null vibrate=null sound=null defaults=0 flags=ONGOING_EVENT|ONLY_ALERT_ONCE color=0x00000000 category=progress vis=PRIVATE semFlags=0x0 semPriority=0 semMissedCount=0)) as user
10-05 13:54:23.370 25478 25525 I WM-Processor: Moving WorkSpec (60d7888c-e277-4942-972c-19835e30fea0) to the foreground
10-05 13:54:23.371 25478 25478 D WM-SystemFgDispatcher: Notifying with (id:6233, workSpecId: 60d7888c-e277-4942-972c-19835e30fea0, notificationType :1)
10-05 13:54:23.371 25478 25525 D WM-WorkProgressUpdater: Updating progress for 60d7888c-e277-4942-972c-19835e30fea0 (Data {pct : 60, mode : file})
10-05 13:54:23.371 25478 25478 I NotificationManager: com.negi.survey: notify(6233, null, Notification(channel=uploads shortcut=null contentView=null vibrate=null sound=null defaults=0 flags=ONGOING_EVENT|ONLY_ALERT_ONCE color=0x00000000 category=progress vis=PRIVATE semFlags=0x0 semPriority=0 semMissedCount=0)) as user
10-05 13:54:23.371 25478 25525 I WM-Processor: Moving WorkSpec (60d7888c-e277-4942-972c-19835e30fea0) to the foreground
10-05 13:54:23.372 25478 25478 D WM-SystemFgDispatcher: Notifying with (id:6233, workSpecId: 60d7888c-e277-4942-972c-19835e30fea0, notificationType :1)
10-05 13:54:23.372 25478 25525 D WM-WorkProgressUpdater: Updating progress for 60d7888c-e277-4942-972c-19835e30fea0 (Data {pct : 62, mode : file})
10-05 13:54:23.372 25478 25478 I NotificationManager: com.negi.survey: notify(6233, null, Notification(channel=uploads shortcut=null contentView=null vibrate=null sound=null defaults=0 flags=ONGOING_EVENT|ONLY_ALERT_ONCE color=0x00000000 category=progress vis=PRIVATE semFlags=0x0 semPriority=0 semMissedCount=0)) as user
10-05 13:54:23.372 25478 25525 I WM-Processor: Moving WorkSpec (60d7888c-e277-4942-972c-19835e30fea0) to the foreground
10-05 13:54:23.372 25478 25478 D WM-SystemFgDispatcher: Notifying with (id:6233, workSpecId: 60d7888c-e277-4942-972c-19835e30fea0, notificationType :1)
10-05 13:54:23.372 25478 25525 D WM-WorkProgressUpdater: Updating progress for 60d7888c-e277-4942-972c-19835e30fea0 (Data {pct : 64, mode : file})
10-05 13:54:23.372 25478 25478 I NotificationManager: com.negi.survey: notify(6233, null, Notification(channel=uploads shortcut=null contentView=null vibrate=null sound=null defaults=0 flags=ONGOING_EVENT|ONLY_ALERT_ONCE color=0x00000000 category=progress vis=PRIVATE semFlags=0x0 semPriority=0 semMissedCount=0)) as user
10-05 13:54:23.373 25478 25525 I WM-Processor: Moving WorkSpec (60d7888c-e277-4942-972c-19835e30fea0) to the foreground
10-05 13:54:23.373 25478 25478 D WM-SystemFgDispatcher: Notifying with (id:6233, workSpecId: 60d7888c-e277-4942-972c-19835e30fea0, notificationType :1)
10-05 13:54:23.373 25478 25525 D WM-WorkProgressUpdater: Updating progress for 60d7888c-e277-4942-972c-19835e30fea0 (Data {pct : 65, mode : file})
10-05 13:54:23.373 25478 25478 I NotificationManager: com.negi.survey: notify(6233, null, Notification(channel=uploads shortcut=null contentView=null vibrate=null sound=null defaults=0 flags=ONGOING_EVENT|ONLY_ALERT_ONCE color=0x00000000 category=progress vis=PRIVATE semFlags=0x0 semPriority=0 semMissedCount=0)) as user
10-05 13:54:23.374 25478 25525 I WM-Processor: Moving WorkSpec (60d7888c-e277-4942-972c-19835e30fea0) to the foreground
10-05 13:54:23.374 25478 25478 D WM-SystemFgDispatcher: Notifying with (id:6233, workSpecId: 60d7888c-e277-4942-972c-19835e30fea0, notificationType :1)
10-05 13:54:23.374 25478 25525 D WM-WorkProgressUpdater: Updating progress for 60d7888c-e277-4942-972c-19835e30fea0 (Data {pct : 67, mode : file})
10-05 13:54:23.374 25478 25478 I NotificationManager: com.negi.survey: notify(6233, null, Notification(channel=uploads shortcut=null contentView=null vibrate=null sound=null defaults=0 flags=ONGOING_EVENT|ONLY_ALERT_ONCE color=0x00000000 category=progress vis=PRIVATE semFlags=0x0 semPriority=0 semMissedCount=0)) as user
10-05 13:54:23.375 25478 25525 I WM-Processor: Moving WorkSpec (60d7888c-e277-4942-972c-19835e30fea0) to the foreground
10-05 13:54:23.375 25478 25525 D WM-WorkProgressUpdater: Updating progress for 60d7888c-e277-4942-972c-19835e30fea0 (Data {pct : 69, mode : file})
10-05 13:54:23.375 25478 25478 D WM-SystemFgDispatcher: Notifying with (id:6233, workSpecId: 60d7888c-e277-4942-972c-19835e30fea0, notificationType :1)
10-05 13:54:23.375 25478 25478 I NotificationManager: com.negi.survey: notify(6233, null, Notification(channel=uploads shortcut=null contentView=null vibrate=null sound=null defaults=0 flags=ONGOING_EVENT|ONLY_ALERT_ONCE color=0x00000000 category=progress vis=PRIVATE semFlags=0x0 semPriority=0 semMissedCount=0)) as user
10-05 13:54:23.376 25478 25525 I WM-Processor: Moving WorkSpec (60d7888c-e277-4942-972c-19835e30fea0) to the foreground
10-05 13:54:23.376 25478 25478 D WM-SystemFgDispatcher: Notifying with (id:6233, workSpecId: 60d7888c-e277-4942-972c-19835e30fea0, notificationType :1)
10-05 13:54:23.376 25478 25525 D WM-WorkProgressUpdater: Updating progress for 60d7888c-e277-4942-972c-19835e30fea0 (Data {pct : 71, mode : file})
10-05 13:54:23.376 25478 25478 I NotificationManager: com.negi.survey: notify(6233, null, Notification(channel=uploads shortcut=null contentView=null vibrate=null sound=null defaults=0 flags=ONGOING_EVENT|ONLY_ALERT_ONCE color=0x00000000 category=progress vis=PRIVATE semFlags=0x0 semPriority=0 semMissedCount=0)) as user
10-05 13:54:23.377 25478 25525 I WM-Processor: Moving WorkSpec (60d7888c-e277-4942-972c-19835e30fea0) to the foreground
10-05 13:54:23.377 25478 25478 D WM-SystemFgDispatcher: Notifying with (id:6233, workSpecId: 60d7888c-e277-4942-972c-19835e30fea0, notificationType :1)
10-05 13:54:23.377 25478 25525 D WM-WorkProgressUpdater: Updating progress for 60d7888c-e277-4942-972c-19835e30fea0 (Data {pct : 73, mode : file})
10-05 13:54:23.377 25478 25478 I NotificationManager: com.negi.survey: notify(6233, null, Notification(channel=uploads shortcut=null contentView=null vibrate=null sound=null defaults=0 flags=ONGOING_EVENT|ONLY_ALERT_ONCE color=0x00000000 category=progress vis=PRIVATE semFlags=0x0 semPriority=0 semMissedCount=0)) as user
10-05 13:54:23.377 25478 25525 I WM-Processor: Moving WorkSpec (60d7888c-e277-4942-972c-19835e30fea0) to the foreground
10-05 13:54:23.378 25478 25478 D WM-SystemFgDispatcher: Notifying with (id:6233, workSpecId: 60d7888c-e277-4942-972c-19835e30fea0, notificationType :1)
10-05 13:54:23.378 25478 25525 D WM-WorkProgressUpdater: Updating progress for 60d7888c-e277-4942-972c-19835e30fea0 (Data {pct : 75, mode : file})
10-05 13:54:23.378 25478 25478 I NotificationManager: com.negi.survey: notify(6233, null, Notification(channel=uploads shortcut=null contentView=null vibrate=null sound=null defaults=0 flags=ONGOING_EVENT|ONLY_ALERT_ONCE color=0x00000000 category=progress vis=PRIVATE semFlags=0x0 semPriority=0 semMissedCount=0)) as user
10-05 13:54:23.378 25478 25525 I WM-Processor: Moving WorkSpec (60d7888c-e277-4942-972c-19835e30fea0) to the foreground
10-05 13:54:23.378 25478 25525 D WM-WorkProgressUpdater: Updating progress for 60d7888c-e277-4942-972c-19835e30fea0 (Data {pct : 77, mode : file})
10-05 13:54:23.378 25478 25478 D WM-SystemFgDispatcher: Notifying with (id:6233, workSpecId: 60d7888c-e277-4942-972c-19835e30fea0, notificationType :1)
10-05 13:54:23.378 25478 25478 I NotificationManager: com.negi.survey: notify(6233, null, Notification(channel=uploads shortcut=null contentView=null vibrate=null sound=null defaults=0 flags=ONGOING_EVENT|ONLY_ALERT_ONCE color=0x00000000 category=progress vis=PRIVATE semFlags=0x0 semPriority=0 semMissedCount=0)) as user
10-05 13:54:23.379 25478 25525 I WM-Processor: Moving WorkSpec (60d7888c-e277-4942-972c-19835e30fea0) to the foreground
10-05 13:54:23.379 25478 25478 D WM-SystemFgDispatcher: Notifying with (id:6233, workSpecId: 60d7888c-e277-4942-972c-19835e30fea0, notificationType :1)
10-05 13:54:23.379 25478 25525 D WM-WorkProgressUpdater: Updating progress for 60d7888c-e277-4942-972c-19835e30fea0 (Data {pct : 79, mode : file})
10-05 13:54:23.379 25478 25478 I NotificationManager: com.negi.survey: notify(6233, null, Notification(channel=uploads shortcut=null contentView=null vibrate=null sound=null defaults=0 flags=ONGOING_EVENT|ONLY_ALERT_ONCE color=0x00000000 category=progress vis=PRIVATE semFlags=0x0 semPriority=0 semMissedCount=0)) as user
10-05 13:54:23.380 25478 25525 I WM-Processor: Moving WorkSpec (60d7888c-e277-4942-972c-19835e30fea0) to the foreground
10-05 13:54:23.380 25478 25525 D WM-WorkProgressUpdater: Updating progress for 60d7888c-e277-4942-972c-19835e30fea0 (Data {pct : 81, mode : file})
10-05 13:54:23.380 25478 25478 D WM-SystemFgDispatcher: Notifying with (id:6233, workSpecId: 60d7888c-e277-4942-972c-19835e30fea0, notificationType :1)
10-05 13:54:23.380 25478 25478 I NotificationManager: com.negi.survey: notify(6233, null, Notification(channel=uploads shortcut=null contentView=null vibrate=null sound=null defaults=0 flags=ONGOING_EVENT|ONLY_ALERT_ONCE color=0x00000000 category=progress vis=PRIVATE semFlags=0x0 semPriority=0 semMissedCount=0)) as user
10-05 13:54:23.380 25478 25525 I WM-Processor: Moving WorkSpec (60d7888c-e277-4942-972c-19835e30fea0) to the foreground
10-05 13:54:23.381 25478 25478 D WM-SystemFgDispatcher: Notifying with (id:6233, workSpecId: 60d7888c-e277-4942-972c-19835e30fea0, notificationType :1)
10-05 13:54:23.381 25478 25525 D WM-WorkProgressUpdater: Updating progress for 60d7888c-e277-4942-972c-19835e30fea0 (Data {pct : 83, mode : file})
10-05 13:54:23.381 25478 25478 I NotificationManager: com.negi.survey: notify(6233, null, Notification(channel=uploads shortcut=null contentView=null vibrate=null sound=null defaults=0 flags=ONGOING_EVENT|ONLY_ALERT_ONCE color=0x00000000 category=progress vis=PRIVATE semFlags=0x0 semPriority=0 semMissedCount=0)) as user
10-05 13:54:23.381 25478 25525 I WM-Processor: Moving WorkSpec (60d7888c-e277-4942-972c-19835e30fea0) to the foreground
10-05 13:54:23.381 25478 25478 D WM-SystemFgDispatcher: Notifying with (id:6233, workSpecId: 60d7888c-e277-4942-972c-19835e30fea0, notificationType :1)
10-05 13:54:23.382 25478 25478 I NotificationManager: com.negi.survey: notify(6233, null, Notification(channel=uploads shortcut=null contentView=null vibrate=null sound=null defaults=0 flags=ONGOING_EVENT|ONLY_ALERT_ONCE color=0x00000000 category=progress vis=PRIVATE semFlags=0x0 semPriority=0 semMissedCount=0)) as user
10-05 13:54:23.382 25478 25525 D WM-WorkProgressUpdater: Updating progress for 60d7888c-e277-4942-972c-19835e30fea0 (Data {pct : 85, mode : file})
10-05 13:54:23.382 25478 25525 I WM-Processor: Moving WorkSpec (60d7888c-e277-4942-972c-19835e30fea0) to the foreground
10-05 13:54:23.382 25478 25478 D WM-SystemFgDispatcher: Notifying with (id:6233, workSpecId: 60d7888c-e277-4942-972c-19835e30fea0, notificationType :1)
10-05 13:54:23.382 25478 25525 D WM-WorkProgressUpdater: Updating progress for 60d7888c-e277-4942-972c-19835e30fea0 (Data {pct : 87, mode : file})
10-05 13:54:23.382 25478 25478 I NotificationManager: com.negi.survey: notify(6233, null, Notification(channel=uploads shortcut=null contentView=null vibrate=null sound=null defaults=0 flags=ONGOING_EVENT|ONLY_ALERT_ONCE color=0x00000000 category=progress vis=PRIVATE semFlags=0x0 semPriority=0 semMissedCount=0)) as user
10-05 13:54:23.383 25478 25525 I WM-Processor: Moving WorkSpec (60d7888c-e277-4942-972c-19835e30fea0) to the foreground
10-05 13:54:23.383 25478 25478 D WM-SystemFgDispatcher: Notifying with (id:6233, workSpecId: 60d7888c-e277-4942-972c-19835e30fea0, notificationType :1)
10-05 13:54:23.383 25478 25525 D WM-WorkProgressUpdater: Updating progress for 60d7888c-e277-4942-972c-19835e30fea0 (Data {pct : 89, mode : file})
10-05 13:54:23.383 25478 25478 I NotificationManager: com.negi.survey: notify(6233, null, Notification(channel=uploads shortcut=null contentView=null vibrate=null sound=null defaults=0 flags=ONGOING_EVENT|ONLY_ALERT_ONCE color=0x00000000 category=progress vis=PRIVATE semFlags=0x0 semPriority=0 semMissedCount=0)) as user
10-05 13:54:23.384 25478 25525 I WM-Processor: Moving WorkSpec (60d7888c-e277-4942-972c-19835e30fea0) to the foreground
10-05 13:54:23.384 25478 25478 D WM-SystemFgDispatcher: Notifying with (id:6233, workSpecId: 60d7888c-e277-4942-972c-19835e30fea0, notificationType :1)
10-05 13:54:23.384 25478 25525 D WM-WorkProgressUpdater: Updating progress for 60d7888c-e277-4942-972c-19835e30fea0 (Data {pct : 90, mode : file})
10-05 13:54:23.384 25478 25478 I NotificationManager: com.negi.survey: notify(6233, null, Notification(channel=uploads shortcut=null contentView=null vibrate=null sound=null defaults=0 flags=ONGOING_EVENT|ONLY_ALERT_ONCE color=0x00000000 category=progress vis=PRIVATE semFlags=0x0 semPriority=0 semMissedCount=0)) as user
10-05 13:54:23.384 25478 25525 I WM-Processor: Moving WorkSpec (60d7888c-e277-4942-972c-19835e30fea0) to the foreground
10-05 13:54:23.385 25478 25478 D WM-SystemFgDispatcher: Notifying with (id:6233, workSpecId: 60d7888c-e277-4942-972c-19835e30fea0, notificationType :1)
10-05 13:54:23.385 25478 25478 I NotificationManager: com.negi.survey: notify(6233, null, Notification(channel=uploads shortcut=null contentView=null vibrate=null sound=null defaults=0 flags=ONGOING_EVENT|ONLY_ALERT_ONCE color=0x00000000 category=progress vis=PRIVATE semFlags=0x0 semPriority=0 semMissedCount=0)) as user
10-05 13:54:23.641 25478 25526 D WM-WorkProgressUpdater: Updating progress for 10941536-762d-4370-bda1-dd467119cbd9 (Data {pct : 12, mode : startup_runtime_logs})
10-05 13:54:23.643 25478 25526 I WM-Processor: Moving WorkSpec (10941536-762d-4370-bda1-dd467119cbd9) to the foreground
10-05 13:54:23.644 25478 25478 D WM-SystemFgDispatcher: Notifying with (id:4774, workSpecId: 10941536-762d-4370-bda1-dd467119cbd9, notificationType :1)
10-05 13:54:23.644 25478 25478 I NotificationManager: com.negi.survey: notify(4774, null, Notification(channel=uploads shortcut=null contentView=null vibrate=null sound=null defaults=0 flags=ONGOING_EVENT|ONLY_ALERT_ONCE color=0x00000000 category=progress vis=PRIVATE semFlags=0x0 semPriority=0 semMissedCount=0)) as user
10-05 13:54:23.644 25478 25526 D WM-WorkProgressUpdater: Updating progress for 10941536-762d-4370-bda1-dd467119cbd9 (Data {pct : 33, mode : startup_runtime_logs})
10-05 13:54:23.644 25478 25526 I WM-Processor: Moving WorkSpec (10941536-762d-4370-bda1-dd467119cbd9) to the foreground
10-05 13:54:23.645 25478 25478 D WM-SystemFgDispatcher: Notifying with (id:4774, workSpecId: 10941536-762d-4370-bda1-dd467119cbd9, notificationType :1)
10-05 13:54:23.645 25478 25478 I NotificationManager: com.negi.survey: notify(4774, null, Notification(channel=uploads shortcut=null contentView=null vibrate=null sound=null defaults=0 flags=ONGOING_EVENT|ONLY_ALERT_ONCE color=0x00000000 category=progress vis=PRIVATE semFlags=0x0 semPriority=0 semMissedCount=0)) as user
10-05 13:54:24.295 25478 25478 W JobService: onNetworkChanged() not implemented in androidx.work.impl.background.systemjob.SystemJobService. Must override in a subclass.
10-05 13:54:24.299 25478 25555 D WM-WorkConstraintsTrack: NetworkRequestConstraintController onCapabilitiesChanged callback
10-05 13:54:24.576 25478 25525 D WM-WorkProgressUpdater: Updating progress for 6defde04-8adc-4f39-aab6-3fb19b659095 (Data {pct : 95, mode : startup_ring_logs})
10-05 13:54:24.576 25478 25619 D GitHubUploader: uploadStream: done url=https://github.com/ishizuki-tech/SurveyExports/blob/main/diagnostics/applog_ring/2026-10-05/applog_ring_startup_ring_20261005_105421_51f64cf0_app_start/seg_00.log sha=9ca2f17b894e35a6d00a84725929f00767a4fcfd
10-05 13:54:24.577 25478 25525 I WM-Processor: Moving WorkSpec (6defde04-8adc-4f39-aab6-3fb19b659095) to the foreground
10-05 13:54:24.578 25478 25478 D WM-SystemFgDispatcher: Notifying with (id:9865, workSpecId: 6defde04-8adc-4f39-aab6-3fb19b659095, notificationType :1)
10-05 13:54:24.578 25478 25478 I NotificationManager: com.negi.survey: notify(9865, null, Notification(channel=uploads shortcut=null contentView=null vibrate=null sound=null defaults=0 flags=ONGOING_EVENT|ONLY_ALERT_ONCE color=0x00000000 category=progress vis=PRIVATE semFlags=0x0 semPriority=0 semMissedCount=0)) as user
10-05 13:54:24.578 25478 25525 I WM-Processor: Moving WorkSpec (6defde04-8adc-4f39-aab6-3fb19b659095) to the foreground
10-05 13:54:24.579 25478 25525 I WM-WorkerWrapper: Worker result SUCCESS for Work [ id=6defde04-8adc-4f39-aab6-3fb19b659095, tags={ com.negi.survey.net.GitHubUploadWorker,github_upload,github_upload:ring_logs } ]
10-05 13:54:24.579 25478 25478 D WM-SystemFgDispatcher: Notifying with (id:9865, workSpecId: 6defde04-8adc-4f39-aab6-3fb19b659095, notificationType :1)
10-05 13:54:24.579 25478 25478 I NotificationManager: com.negi.survey: notify(9865, null, Notification(channel=uploads shortcut=null contentView=null vibrate=null sound=null defaults=0 flags=ONLY_ALERT_ONCE color=0x00000000 category=progress vis=PRIVATE semFlags=0x0 semPriority=0 semMissedCount=0)) as user
10-05 13:54:24.581 25478 25478 D WM-Processor: Processor 6defde04-8adc-4f39-aab6-3fb19b659095 executed; reschedule = false
10-05 13:54:24.581 25478 25478 D WM-SystemJobService: 6defde04-8adc-4f39-aab6-3fb19b659095 executed on JobScheduler
10-05 13:54:24.581 25478 25478 D WM-GreedyScheduler: Stopping tracking for WorkGenerationalId(workSpecId=6defde04-8adc-4f39-aab6-3fb19b659095, generation=0)
10-05 13:54:24.581 25478 25478 D WM-SystemFgDispatcher: Removing Notification (id: 9865, workSpecId: WorkGenerationalId(workSpecId=6defde04-8adc-4f39-aab6-3fb19b659095, generation=0), notificationType: 1
10-05 13:54:24.582 25478 25525 D WM-GreedyScheduler: Cancelling work ID 6defde04-8adc-4f39-aab6-3fb19b659095
10-05 13:54:25.154 25478 25770 D ProfileInstaller: Skipping profile installation for com.negi.survey
10-05 13:54:25.303 25478 25478 D ActivityThread: com.negi.survey will use render engine as VK
10-05 13:54:25.308 25478 25478 I DecorView: setWindowBackground: isPopOver=false color=fffafafa d=android.graphics.drawable.ColorDrawable@87a5824
10-05 13:54:25.308 25478 25478 D PhoneWindow: forceLight changed to false [] from com.android.internal.policy.PhoneWindow.updateForceLightNavigationBar:4536 com.android.internal.policy.PhoneWindow.setNavigationBarColor:4227 androidx.activity.EdgeToEdgeApi35.setUp:353 androidx.activity.EdgeToEdge.enableEdgeToEdge$lambda$1:101 androidx.activity.EdgeToEdge$$ExternalSyntheticLambda0.run:0 
10-05 13:54:25.309 25478 25478 D CrashCapture: install: ensured default handler. where=selfHeal:onActivityResumed pid=25478 default=com.negi.survey.CrashCapture$CrashHandler@cd1dd5b
10-05 13:54:25.309 25478 25478 I ViewRootImpl: dVRR is disabled
10-05 13:54:25.310 25478 25508 D NativeCustomFrequencyManager: [NativeCFMS] BpCustomFrequencyManager::BpCustomFrequencyManager()
10-05 13:54:25.313 25478 25478 D InputTransport: Input channel constructed: 'fb9e921', fd=135
10-05 13:54:25.313 25478 25478 I InsetsController: onStateChanged: host=com.negi.survey/com.negi.survey.MainActivity, from=android.view.ViewRootImpl.setView:1996, state=InsetsState: {mDisplayFrame=Rect(0, 0 - 1080, 2340), mDisplayCutout=DisplayCutout{insets=Rect(0, 83 - 0, 0) waterfall=Insets{left=0, top=0, right=0, bottom=0} boundingRect={Bounds=[Rect(0, 0 - 0, 0), Rect(515, 0 - 566, 83), Rect(0, 0 - 0, 0), Rect(0, 0 - 0, 0)]} cutoutPathParserInfo={CutoutPathParserInfo{displayWidth=1080 displayHeight=2340 physicalDisplayWidth=1080 physicalDisplayHeight=2340 density={2.8125} cutoutSpec={M 0,0 H -9.066666666666667 V 29.6 H 9.066666666666667 V 0 H 0 Z @dp} rotation={0} scale={1.0} physicalPixelDisplaySizeRatio={1.0}}} sideOverrides={}}, mRoundedCorners=RoundedCorners{[RoundedCorner{position=TopLeft, radius=113, center=Point(113, 113)}, RoundedCorner{position=TopRight, radius=113, center=Point(967, 113)}, RoundedCorner{position=BottomRight, radius=113, center=Point(967, 2227)}, RoundedCorner{position=BottomLeft, radius=113, center=Point(113, 2227)}]}  mRoundedCornerFrame=Rect(0, 0 - 1080, 2340), mPrivacyIndicatorBounds=PrivacyIndicatorBounds {static bounds=Rect(956, 0 - 1080, 84) rotation=0}, mDisplayShape=DisplayShape{ spec=-311912193 displayWidth=1440 displayHeight=3120 physicalPixelDisplaySizeRatio=1.0 rotation=0 offsetX=0 offsetY=0 scale=1.0}, mSources= { InsetsSource: {3 mType=ime mFrame=[0,0][0,0] mVisible=false mFlags= mSideHint=NONE mBoundingRects=null}, InsetsSource: {27 mType=displayCutout mFrame=[0,0][1080,83] mVisible=true mFlags= mSideHint=TOP mBoundingRects=null}, InsetsSource: {17450000 mType=statusBars mFrame=[0,0][1080,84] mVisible=true mFlags= mSideHint=TOP mBoundingRects=null}, InsetsSource: {17450005 mType=mandatorySystemGestures mFrame=[0,0][1080,117] mVisible=true mFlags= mSideHint=TOP mBoundingRects=null}, InsetsSource: {17450006 mType=tappableElement mFrame=[0,0][1080,84] mVisible=true mFlags= mSideHint=TOP mBoundingRects=null}, InsetsSource: {4e1b0001 mType=navigationBars mFrame=[0,2205][1080,2340] mVisible=true mFlags= mSideHint=BOTTOM mBoundingRects=null}, InsetsSource: {4e1b0004 mType=systemGestures mFrame=[0,0][0,0] mVisible=true mFlags= mSideHint=NONE mBoundingRects=null}, InsetsSource: {4e1b0005 mType=mandatorySystemGestures mFrame=[0,2205][1080,2340] mVisible=true mFlags= mSideHint=BOTTOM mBoundingRects=null}, InsetsSource: {4e1b0006 mType=tappableElement mFrame=[0,2205][1080,2340] mVisible=true mFlags= mSideHint=BOTTOM mBoundingRects=null}, InsetsSource: {4e1b0024 mType=systemGestures mFrame=[0,0][0,0] mVisible=true mFlags= mSideHint=NONE mBoundingRects=null} }
10-05 13:54:25.313 25478 25478 I VRI[MainActivity]@7d2e953: synced displayState. AttachInfo displayState=2
10-05 13:54:25.313 25478 25478 I VRI[MainActivity]@7d2e953: setView = com.android.internal.policy.DecorView@3138e IsHRR=false TM=true
10-05 13:54:25.340 25478 25478 I BufferQueueProducer: [](id:638600000002,api:0,p:0,c:25478) setDequeueTimeout:2077252342
10-05 13:54:25.340 25478 25478 I BLASTBufferQueue_Java: new BLASTBufferQueue, mName= VRI[MainActivity]@7d2e953 mNativeObject= 0xb400007812f506d0 sc.mNativeObject= 0xb4000078731f7250 caller= android.view.ViewRootImpl.updateBlastSurfaceIfNeeded:3390 android.view.ViewRootImpl.relayoutWindow:11355 android.view.ViewRootImpl.performTraversals:4537 android.view.ViewRootImpl.doTraversal:3701 android.view.ViewRootImpl$TraversalRunnable.run:12533 android.view.Choreographer$CallbackRecord.run:1751 android.view.Choreographer$CallbackRecord.run:1760 android.view.Choreographer.doCallbacks:1216 android.view.Choreographer.doFrame:1142 android.view.Choreographer$FrameDisplayEventReceiver.run:1707 
10-05 13:54:25.340 25478 25478 I BLASTBufferQueue_Java: update, w= 1080 h= 2340 mName = VRI[MainActivity]@7d2e953 mNativeObject= 0xb400007812f506d0 sc.mNativeObject= 0xb4000078731f7250 format= -1 caller= android.graphics.BLASTBufferQueue.<init>:88 android.view.ViewRootImpl.updateBlastSurfaceIfNeeded:3390 android.view.ViewRootImpl.relayoutWindow:11355 android.view.ViewRootImpl.performTraversals:4537 android.view.ViewRootImpl.doTraversal:3701 android.view.ViewRootImpl$TraversalRunnable.run:12533 
10-05 13:54:25.340 25478 25478 W libc    : Access denied finding property "vendor.gpp.create_frc_extension"
10-05 13:54:25.340 25478 25478 I VRI[MainActivity]@7d2e953: Relayout returned: old=(0,0,1080,2340) new=(0,0,1080,2340) relayoutAsync=false req=(1080,2340)0 dur=2 res=0x3 s={true 0xb4000077f3bb56d0} ch=true seqId=0
10-05 13:54:25.340 25478 25478 I VRI[MainActivity]@7d2e953: performConfigurationChange setNightDimText nightDimLevel=0
10-05 13:54:25.340 25478 25478 D VRI[MainActivity]@7d2e953: mThreadedRenderer.initialize() mSurface={isValid=true 0xb4000077f3bb56d0} hwInitialized=true
10-05 13:54:25.342 25478 25478 D VRI[MainActivity]@7d2e953: reportNextDraw android.view.ViewRootImpl.performTraversals:5186 android.view.ViewRootImpl.doTraversal:3701 android.view.ViewRootImpl$TraversalRunnable.run:12533 android.view.Choreographer$CallbackRecord.run:1751 android.view.Choreographer$CallbackRecord.run:1760 
10-05 13:54:25.342 25478 25478 D VRI[MainActivity]@7d2e953: Setup new sync=wmsSync-VRI[MainActivity]@7d2e953#6
10-05 13:54:25.342 25478 25478 I VRI[MainActivity]@7d2e953: Creating new active sync group VRI[MainActivity]@7d2e953#7
10-05 13:54:25.343 25478 25478 D VRI[MainActivity]@7d2e953: registerCallbacksForSync syncBuffer=false
10-05 13:54:25.344 25478 25478 I View    : setRequestedFrameRate frameRate=-4.0, this=android.view.View{8e68063 V.ED..... ......I. 0,0-0,0}, caller=androidx.compose.ui.platform.Api35Impl.setRequestedFrameRate:4047 androidx.compose.ui.platform.AndroidComposeView.dispatchDraw:2282 android.view.View.draw:26153 android.view.View.updateDisplayListIfDirty:24990 android.view.View.draw:25880 
10-05 13:54:25.345 25478 25478 I View    : setRequestedFrameRate frameRate=NaN, this=android.view.View{8e68063 V.ED..... ........ 0,0-0,0}, caller=androidx.compose.ui.platform.Api35Impl.setRequestedFrameRate:4047 androidx.compose.ui.platform.AndroidComposeView.dispatchDraw:2282 android.view.View.draw:26153 android.view.View.updateDisplayListIfDirty:24990 android.view.ViewGroup.recreateChildDisplayList:4759 
10-05 13:54:25.345 25478 25513 D VRI[MainActivity]@7d2e953: Received frameDrawingCallback syncResult=0 frameNum=1.
10-05 13:54:25.345 25478 25513 I VRI[MainActivity]@7d2e953: mWNT: t=0xb400007832f9d0d0 mBlastBufferQueue=0xb400007812f506d0 fn= 1 HdrRenderState mRenderHdrSdrRatio=1.0 caller= android.view.ViewRootImpl$11.onFrameDraw:15025 android.view.ThreadedRenderer$1.onFrameDraw:761 <bottom of call stack> 
10-05 13:54:25.345 25478 25513 I VRI[MainActivity]@7d2e953: Setting up sync and frameCommitCallback
10-05 13:54:25.350 25478 25508 I BLASTBufferQueue: [VRI[MainActivity]@7d2e953#2](f:0,a:0,s:0) onFrameAvailable the first frame is available
10-05 13:54:25.350 25478 25508 I SurfaceComposerClient: apply transaction with the first frame. layerId: 579, bufferData(ID: 109427176767499, frameNumber: 1)
10-05 13:54:25.350 25478 25508 I VRI[MainActivity]@7d2e953: Received frameCommittedCallback lastAttemptedDrawFrameNum=1 didProduceBuffer=true
10-05 13:54:25.350 25478 25508 D HWUI    : CFMS:: SetUp Pid : 25478    Tid : 25508
10-05 13:54:25.351 25478 25478 D VRI[MainActivity]@7d2e953: reportDrawFinished seqId=0
10-05 13:54:25.351 25478 25508 D HWUI    : HWUI - treat SMPTE_170M as sRGB
10-05 13:54:25.353 25478 25478 I InsetsSourceConsumer: applyRequestedVisibilityToControl: visible=true, type=navigationBars, host=com.negi.survey/com.negi.survey.MainActivity
10-05 13:54:25.353 25478 25478 I InsetsSourceConsumer: applyRequestedVisibilityToControl: visible=true, type=statusBars, host=com.negi.survey/com.negi.survey.MainActivity
10-05 13:54:25.369 25478 25478 D IntroScreen: Resolved config details: id=survey_config10.yaml in 18ms
10-05 13:54:25.370 25478 25478 D VRI[MainActivity]@7d2e953: mThreadedRenderer.initializeIfNeeded()#2 mSurface={isValid=true 0xb4000077f3bb56d0}
10-05 13:54:25.370 25478 25478 D InputMethodManagerUtils: startInputInner - Id : 0
10-05 13:54:25.370 25478 25478 I InputMethodManager: startInputInner - IInputMethodManagerGlobalInvoker.startInputOrWindowGainedFocus
10-05 13:54:25.371 25478 25529 D InputTransport: Input channel constructed: 'ClientS', fd=173
10-05 13:54:25.384 25478 25478 I View    : setRequestedFrameRate frameRate=-4.0, this=android.view.View{8e68063 V.ED..... ........ 0,0-0,0}, caller=androidx.compose.ui.platform.Api35Impl.setRequestedFrameRate:4047 androidx.compose.ui.platform.AndroidComposeView.dispatchDraw:2282 android.view.View.draw:26153 android.view.View.updateDisplayListIfDirty:24990 android.view.ViewGroup.recreateChildDisplayList:4759 
10-05 13:54:25.384 25478 25478 I InsetsSourceConsumer: applyRequestedVisibilityToControl: visible=false, type=ime, host=com.negi.survey/com.negi.survey.MainActivity
10-05 13:54:25.616 25478 25526 D WM-WorkProgressUpdater: Updating progress for 60d7888c-e277-4942-972c-19835e30fea0 (Data {pct : 95, mode : file})
10-05 13:54:25.616 25478 25518 D GitHubUploader: uploadStream: done url=https://github.com/ishizuki-tech/SurveyExports/blob/main/diagnostics/crash/2026-10-05/prevlog_20261005_105421_pid25478.log sha=23e15e21da8682cc984edca50807d79653522b7f
10-05 13:54:25.618 25478 25526 I WM-Processor: Moving WorkSpec (60d7888c-e277-4942-972c-19835e30fea0) to the foreground
10-05 13:54:25.619 25478 25526 I WM-Processor: Moving WorkSpec (60d7888c-e277-4942-972c-19835e30fea0) to the foreground
10-05 13:54:25.620 25478 25526 I WM-WorkerWrapper: Worker result SUCCESS for Work [ id=60d7888c-e277-4942-972c-19835e30fea0, tags={ com.negi.survey.net.GitHubUploadWorker,github_upload,github_upload:crash:diagnostics_crash_prevlog_20261005_105421_pid25478.log_4d1e99ff } ]
10-05 13:54:25.626 25478 25478 D WM-SystemFgDispatcher: Notifying with (id:6233, workSpecId: 60d7888c-e277-4942-972c-19835e30fea0, notificationType :1)
10-05 13:54:25.626 25478 25478 I NotificationManager: com.negi.survey: notify(6233, null, Notification(channel=uploads shortcut=null contentView=null vibrate=null sound=null defaults=0 flags=ONGOING_EVENT|ONLY_ALERT_ONCE color=0x00000000 category=progress vis=PRIVATE semFlags=0x0 semPriority=0 semMissedCount=0)) as user
10-05 13:54:25.627 25478 25478 D WM-SystemFgDispatcher: Notifying with (id:6233, workSpecId: 60d7888c-e277-4942-972c-19835e30fea0, notificationType :1)
10-05 13:54:25.628 25478 25478 I NotificationManager: com.negi.survey: notify(6233, null, Notification(channel=uploads shortcut=null contentView=null vibrate=null sound=null defaults=0 flags=ONLY_ALERT_ONCE color=0x00000000 category=progress vis=PRIVATE semFlags=0x0 semPriority=0 semMissedCount=0)) as user
10-05 13:54:25.628 25478 25478 D WM-Processor: Processor 60d7888c-e277-4942-972c-19835e30fea0 executed; reschedule = false
10-05 13:54:25.628 25478 25478 D WM-SystemJobService: 60d7888c-e277-4942-972c-19835e30fea0 executed on JobScheduler
10-05 13:54:25.628 25478 25478 D WM-GreedyScheduler: Stopping tracking for WorkGenerationalId(workSpecId=60d7888c-e277-4942-972c-19835e30fea0, generation=0)
10-05 13:54:25.628 25478 25478 D WM-SystemFgDispatcher: Removing Notification (id: 6233, workSpecId: WorkGenerationalId(workSpecId=60d7888c-e277-4942-972c-19835e30fea0, generation=0), notificationType: 1
10-05 13:54:25.630 25478 25521 D WM-GreedyScheduler: Cancelling work ID 60d7888c-e277-4942-972c-19835e30fea0
10-05 13:54:25.635 25478 25478 D WM-SystemJobService: onStopJob for WorkGenerationalId(workSpecId=60d7888c-e277-4942-972c-19835e30fea0, generation=0)
10-05 13:54:25.701 25478 25478 I View    : setRequestedFrameRate frameRate=NaN, this=android.view.View{8e68063 V.ED..... ........ 0,0-0,0}, caller=androidx.compose.ui.platform.Api35Impl.setRequestedFrameRate:4047 androidx.compose.ui.platform.AndroidComposeView.dispatchDraw:2282 android.view.View.draw:26153 android.view.View.updateDisplayListIfDirty:24990 android.view.ViewGroup.recreateChildDisplayList:4759 
10-05 13:54:25.709 25478 25478 I View    : setRequestedFrameRate frameRate=-4.0, this=android.view.View{8e68063 V.ED..... ........ 0,0-0,0}, caller=androidx.compose.ui.platform.Api35Impl.setRequestedFrameRate:4047 androidx.compose.ui.platform.AndroidComposeView.dispatchDraw:2282 android.view.View.draw:26153 android.view.View.updateDisplayListIfDirty:24990 android.view.ViewGroup.recreateChildDisplayList:4759 
10-05 13:54:25.718 25478 25478 I View    : setRequestedFrameRate frameRate=NaN, this=android.view.View{8e68063 V.ED..... ........ 0,0-0,0}, caller=androidx.compose.ui.platform.Api35Impl.setRequestedFrameRate:4047 androidx.compose.ui.platform.AndroidComposeView.dispatchDraw:2282 android.view.View.draw:26153 android.view.View.updateDisplayListIfDirty:24990 android.view.ViewGroup.recreateChildDisplayList:4759 
10-05 13:54:25.726 25478 25478 I View    : setRequestedFrameRate frameRate=-4.0, this=android.view.View{8e68063 V.ED..... ........ 0,0-0,0}, caller=androidx.compose.ui.platform.Api35Impl.setRequestedFrameRate:4047 androidx.compose.ui.platform.AndroidComposeView.dispatchDraw:2282 android.view.View.draw:26153 android.view.View.updateDisplayListIfDirty:24990 android.view.ViewGroup.recreateChildDisplayList:4759 
10-05 13:54:25.734 25478 25478 I View    : setRequestedFrameRate frameRate=NaN, this=android.view.View{8e68063 V.ED..... ........ 0,0-0,0}, caller=androidx.compose.ui.platform.Api35Impl.setRequestedFrameRate:4047 androidx.compose.ui.platform.AndroidComposeView.dispatchDraw:2282 android.view.View.draw:26153 android.view.View.updateDisplayListIfDirty:24990 android.view.ViewGroup.recreateChildDisplayList:4759 
10-05 13:54:25.759 25478 25478 I View    : setRequestedFrameRate frameRate=-4.0, this=android.view.View{8e68063 V.ED..... ........ 0,0-0,0}, caller=androidx.compose.ui.platform.Api35Impl.setRequestedFrameRate:4047 androidx.compose.ui.platform.AndroidComposeView.dispatchDraw:2282 android.view.View.draw:26153 android.view.View.updateDisplayListIfDirty:24990 android.view.ViewGroup.recreateChildDisplayList:4759 
10-05 13:54:25.768 25478 25478 I View    : setRequestedFrameRate frameRate=NaN, this=android.view.View{8e68063 V.ED..... ........ 0,0-0,0}, caller=androidx.compose.ui.platform.Api35Impl.setRequestedFrameRate:4047 androidx.compose.ui.platform.AndroidComposeView.dispatchDraw:2282 android.view.View.draw:26153 android.view.View.updateDisplayListIfDirty:24990 android.view.ViewGroup.recreateChildDisplayList:4759 
10-05 13:54:25.776 25478 25478 I View    : setRequestedFrameRate frameRate=-4.0, this=android.view.View{8e68063 V.ED..... ........ 0,0-0,0}, caller=androidx.compose.ui.platform.Api35Impl.setRequestedFrameRate:4047 androidx.compose.ui.platform.AndroidComposeView.dispatchDraw:2282 android.view.View.draw:26153 android.view.View.updateDisplayListIfDirty:24990 android.view.ViewGroup.recreateChildDisplayList:4759 
10-05 13:54:25.784 25478 25478 I View    : setRequestedFrameRate frameRate=NaN, this=android.view.View{8e68063 V.ED..... ........ 0,0-0,0}, caller=androidx.compose.ui.platform.Api35Impl.setRequestedFrameRate:4047 androidx.compose.ui.platform.AndroidComposeView.dispatchDraw:2282 android.view.View.draw:26153 android.view.View.updateDisplayListIfDirty:24990 android.view.ViewGroup.recreateChildDisplayList:4759 
10-05 13:54:26.905 25478 25524 D WM-WorkProgressUpdater: Updating progress for 2712401e-e9d4-4c41-98a5-cb31152ae191 (Data {pct : 95, mode : file})
10-05 13:54:26.905 25478 25619 D GitHubUploader: uploadStream: done url=https://github.com/ishizuki-tech/SurveyExports/blob/main/diagnostics/crash/2026-10-05/ring_store/20261005_105421_pid25478_u659893/seg_00.log sha=f8f3bc003bdf8bc0f8d08d017e713fccd760c7fb
10-05 13:54:26.907 25478 25524 I WM-Processor: Moving WorkSpec (2712401e-e9d4-4c41-98a5-cb31152ae191) to the foreground
10-05 13:54:26.908 25478 25524 I WM-Processor: Moving WorkSpec (2712401e-e9d4-4c41-98a5-cb31152ae191) to the foreground
10-05 13:54:27.307 25478 25555 D WM-WorkConstraintsTrack: NetworkRequestConstraintController onCapabilitiesChanged callback
10-05 13:54:28.750 25478 25529 I HWUI    : Davey! duration=2982ms; Flags=0, FrameTimelineVsyncId=253207, IntendedVsync=546122174371, Vsync=546122174371, InputEventId=0, HandleInputStart=546122277914, AnimationStart=546122278018, PerformTraversalsStart=546122320049, DrawStart=546122322914, FrameDeadline=546138838905, FrameInterval=546122277758, FrameStartTime=8340024, SyncQueued=546122378956, SyncStart=546122403487, IssueDrawCommandsStart=546122433747, SwapBuffers=546122789268, FrameCompleted=549104203173, DequeueBufferDuration=4219, QueueBufferDuration=70677, GpuCompleted=549104203173, SwapBuffersCompleted=546122884424, DisplayPresentTime=2314885530449498658, CommandSubmissionCompleted=546122789268, 
10-05 13:54:28.751 25478 25478 I VRI[MainActivity]@7d2e953: ViewPostIme pointer 0
10-05 13:54:28.751 25478 25557 I native  : I0000 00:00:1791197668.751425   25557 delegate_kernel.cc:330] Total 81 external tensors are used for delegate inputs and outputs
10-05 13:54:28.751 25478 25557 I native  : I0000 00:00:1791197668.751534   25557 delegate_kernel.cc:906] Initializing OpenCL-based API from serialized data.
10-05 13:54:28.753 25478 25478 I VRI[MainActivity]@7d2e953: call setFrameRateCategory for touch hint category=high hint, reason=touch, vri=VRI[MainActivity]@7d2e953
10-05 13:54:28.753 25478 25478 I VRI[MainActivity]@7d2e953: ViewPostIme pointer 1
10-05 13:54:28.754 25478 25478 D IntroScreen: Config selected: survey_config10.yaml -> survey_config_sw_10.yaml
10-05 13:54:28.754 25478 25478 I VRI[MainActivity]@7d2e953: ViewPostIme pointer 0
10-05 13:54:28.756 25478 25478 I VRI[MainActivity]@7d2e953: ViewPostIme pointer 1
10-05 13:54:28.757 25478 25478 I Choreographer: Skipped 355 frames!  The application may be doing too much work on its main thread.
10-05 13:54:28.762 25478 25478 I View    : setRequestedFrameRate frameRate=-4.0, this=android.view.View{8e68063 V.ED..... ........ 0,0-0,0}, caller=androidx.compose.ui.platform.Api35Impl.setRequestedFrameRate:4047 androidx.compose.ui.platform.AndroidComposeView.dispatchDraw:2282 android.view.View.draw:26153 android.view.View.updateDisplayListIfDirty:24990 android.view.ViewGroup.recreateChildDisplayList:4759 
10-05 13:54:28.762 25478 25478 D WM-SystemFgDispatcher: Notifying with (id:10043, workSpecId: 2712401e-e9d4-4c41-98a5-cb31152ae191, notificationType :1)
10-05 13:54:28.762 25478 25478 I NotificationManager: com.negi.survey: notify(10043, null, Notification(channel=uploads shortcut=null contentView=null vibrate=null sound=null defaults=0 flags=ONGOING_EVENT|ONLY_ALERT_ONCE color=0x00000000 category=progress vis=PRIVATE semFlags=0x0 semPriority=0 semMissedCount=0)) as user
10-05 13:54:28.763 25478 25521 I WM-WorkerWrapper: Worker result SUCCESS for Work [ id=2712401e-e9d4-4c41-98a5-cb31152ae191, tags={ com.negi.survey.net.GitHubUploadWorker,github_upload,github_upload:ring:diagnostics_crash_ring_store_20261005_105421_pid25478_u659893_seg_00.log_52d3c4bf } ]
10-05 13:54:28.764 25478 25478 D WM-SystemFgDispatcher: Notifying with (id:10043, workSpecId: 2712401e-e9d4-4c41-98a5-cb31152ae191, notificationType :1)
10-05 13:54:28.764 25478 25478 I NotificationManager: com.negi.survey: notify(10043, null, Notification(channel=uploads shortcut=null contentView=null vibrate=null sound=null defaults=0 flags=ONLY_ALERT_ONCE color=0x00000000 category=progress vis=PRIVATE semFlags=0x0 semPriority=0 semMissedCount=0)) as user
10-05 13:54:28.765 25478 25478 W JobService: onNetworkChanged() not implemented in androidx.work.impl.background.systemjob.SystemJobService. Must override in a subclass.
10-05 13:54:28.766 25478 25478 I View    : setRequestedFrameRate frameRate=NaN, this=android.view.View{8e68063 V.ED..... ........ 0,0-0,0}, caller=androidx.compose.ui.platform.Api35Impl.setRequestedFrameRate:4047 androidx.compose.ui.platform.AndroidComposeView.dispatchDraw:2282 android.view.View.draw:26153 android.view.View.updateDisplayListIfDirty:24990 android.view.ViewGroup.recreateChildDisplayList:4759 
10-05 13:54:28.766 25478 25478 D WM-Processor: Processor 2712401e-e9d4-4c41-98a5-cb31152ae191 executed; reschedule = false
10-05 13:54:28.766 25478 25478 D WM-SystemJobService: 2712401e-e9d4-4c41-98a5-cb31152ae191 executed on JobScheduler
10-05 13:54:28.766 25478 25478 D WM-GreedyScheduler: Stopping tracking for WorkGenerationalId(workSpecId=2712401e-e9d4-4c41-98a5-cb31152ae191, generation=0)
10-05 13:54:28.766 25478 25478 D WM-SystemFgDispatcher: Removing Notification (id: 10043, workSpecId: WorkGenerationalId(workSpecId=2712401e-e9d4-4c41-98a5-cb31152ae191, generation=0), notificationType: 1
10-05 13:54:28.770 25478 25521 D WM-GreedyScheduler: Cancelling work ID 2712401e-e9d4-4c41-98a5-cb31152ae191
10-05 13:54:28.770 25478 25478 I View    : setRequestedFrameRate frameRate=-4.0, this=android.view.View{8e68063 V.ED..... ........ 0,0-0,0}, caller=androidx.compose.ui.platform.Api35Impl.setRequestedFrameRate:4047 androidx.compose.ui.platform.AndroidComposeView.dispatchDraw:2282 android.view.View.draw:26153 android.view.View.updateDisplayListIfDirty:24990 android.view.ViewGroup.recreateChildDisplayList:4759 
10-05 13:54:28.777 25478 25478 D IntroScreen: Resolved config details: id=survey_config_sw_10.yaml in 12ms
10-05 13:54:28.805 25478 25478 I View    : setRequestedFrameRate frameRate=NaN, this=android.view.View{8e68063 V.ED..... ........ 0,0-0,0}, caller=androidx.compose.ui.platform.Api35Impl.setRequestedFrameRate:4047 androidx.compose.ui.platform.AndroidComposeView.dispatchDraw:2282 android.view.View.draw:26153 android.view.View.updateDisplayListIfDirty:24990 android.view.ViewGroup.recreateChildDisplayList:4759 
10-05 13:54:28.814 25478 25478 I View    : setRequestedFrameRate frameRate=-4.0, this=android.view.View{8e68063 V.ED..... ........ 0,0-0,0}, caller=androidx.compose.ui.platform.Api35Impl.setRequestedFrameRate:4047 androidx.compose.ui.platform.AndroidComposeView.dispatchDraw:2282 android.view.View.draw:26153 android.view.View.updateDisplayListIfDirty:24990 android.view.ViewGroup.recreateChildDisplayList:4759 
10-05 13:54:28.919 25478 25557 I native  : I0000 00:00:1791197668.919067   25557 delegate_kernel.cc:804] Initialized InferenceContext from serialized data.
10-05 13:54:28.959 25478 25478 I VRI[MainActivity]@7d2e953: ViewPostIme pointer 0
10-05 13:54:28.964 25478 25478 I View    : setRequestedFrameRate frameRate=NaN, this=android.view.View{8e68063 V.ED..... ........ 0,0-0,0}, caller=androidx.compose.ui.platform.Api35Impl.setRequestedFrameRate:4047 androidx.compose.ui.platform.AndroidComposeView.dispatchDraw:2282 android.view.View.draw:26153 android.view.View.updateDisplayListIfDirty:24990 android.view.ViewGroup.recreateChildDisplayList:4759 
10-05 13:54:28.972 25478 25478 I View    : setRequestedFrameRate frameRate=-4.0, this=android.view.View{8e68063 V.ED..... ........ 0,0-0,0}, caller=androidx.compose.ui.platform.Api35Impl.setRequestedFrameRate:4047 androidx.compose.ui.platform.AndroidComposeView.dispatchDraw:2282 android.view.View.draw:26153 android.view.View.updateDisplayListIfDirty:24990 android.view.ViewGroup.recreateChildDisplayList:4759 
10-05 13:54:28.980 25478 25478 I View    : setRequestedFrameRate frameRate=NaN, this=android.view.View{8e68063 V.ED..... ........ 0,0-0,0}, caller=androidx.compose.ui.platform.Api35Impl.setRequestedFrameRate:4047 androidx.compose.ui.platform.AndroidComposeView.dispatchDraw:2282 android.view.View.draw:26153 android.view.View.updateDisplayListIfDirty:24990 android.view.ViewGroup.recreateChildDisplayList:4759 
10-05 13:54:28.989 25478 25478 I View    : setRequestedFrameRate frameRate=-4.0, this=android.view.View{8e68063 V.ED..... ........ 0,0-0,0}, caller=androidx.compose.ui.platform.Api35Impl.setRequestedFrameRate:4047 androidx.compose.ui.platform.AndroidComposeView.dispatchDraw:2282 android.view.View.draw:26153 android.view.View.updateDisplayListIfDirty:24990 android.view.ViewGroup.recreateChildDisplayList:4759 
10-05 13:54:28.990 25478 25557 I tflite  : Replacing 2145 out of 2145 node(s) with delegate (LITERT_CL) node, yielding 1 partitions for subgraph 1 (prefill_16).
10-05 13:54:28.997 25478 25478 I View    : setRequestedFrameRate frameRate=NaN, this=android.view.View{8e68063 V.ED..... ........ 0,0-0,0}, caller=androidx.compose.ui.platform.Api35Impl.setRequestedFrameRate:4047 androidx.compose.ui.platform.AndroidComposeView.dispatchDraw:2282 android.view.View.draw:26153 android.view.View.updateDisplayListIfDirty:24990 android.view.ViewGroup.recreateChildDisplayList:4759 
10-05 13:54:29.006 25478 25478 I View    : setRequestedFrameRate frameRate=-4.0, this=android.view.View{8e68063 V.ED..... ........ 0,0-0,0}, caller=androidx.compose.ui.platform.Api35Impl.setRequestedFrameRate:4047 androidx.compose.ui.platform.AndroidComposeView.dispatchDraw:2282 android.view.View.draw:26153 android.view.View.updateDisplayListIfDirty:24990 android.view.ViewGroup.recreateChildDisplayList:4759 
10-05 13:54:29.007 25478 25557 I native  : I0000 00:00:1791197669.006978   25557 delegate_kernel.cc:330] Total 80 external tensors are used for delegate inputs and outputs
10-05 13:54:29.007 25478 25557 I native  : I0000 00:00:1791197669.007016   25557 delegate_kernel.cc:906] Initializing OpenCL-based API from serialized data.
10-05 13:54:29.014 25478 25478 I View    : setRequestedFrameRate frameRate=NaN, this=android.view.View{8e68063 V.ED..... ........ 0,0-0,0}, caller=androidx.compose.ui.platform.Api35Impl.setRequestedFrameRate:4047 androidx.compose.ui.platform.AndroidComposeView.dispatchDraw:2282 android.view.View.draw:26153 android.view.View.updateDisplayListIfDirty:24990 android.view.ViewGroup.recreateChildDisplayList:4759 
10-05 13:54:29.017 25478 25478 I VRI[MainActivity]@7d2e953: ViewPostIme pointer 1
10-05 13:54:29.017 25478 25478 D MainActivity: Intro -> Start session. epoch=1, file=survey_config_sw_10.yaml
10-05 13:54:29.024 25478 25478 I View    : setRequestedFrameRate frameRate=-4.0, this=android.view.View{8e68063 V.ED..... ........ 0,0-0,0}, caller=androidx.compose.ui.platform.Api35Impl.setRequestedFrameRate:4047 androidx.compose.ui.platform.AndroidComposeView.dispatchDraw:2282 android.view.View.draw:26153 android.view.View.updateDisplayListIfDirty:24990 android.view.View.draw:25880 
10-05 13:54:29.030 25478 25478 D MainActivity: Config loaded. session=survey_config_sw_10.yaml@1
10-05 13:54:29.039 25478 25478 I View    : setRequestedFrameRate frameRate=NaN, this=android.view.View{8e68063 V.ED..... ........ 0,0-0,0}, caller=androidx.compose.ui.platform.Api35Impl.setRequestedFrameRate:4047 androidx.compose.ui.platform.AndroidComposeView.dispatchDraw:2282 android.view.View.draw:26153 android.view.View.updateDisplayListIfDirty:24990 android.view.View.draw:25880 
10-05 13:54:29.039 25478 25478 D MainActivity: DownloadGate idle -> start download. session=survey_config_sw_10.yaml@1
10-05 13:54:29.040 25478 25478 I AppViewModel: private model reused: name=gemma-3n-E4B-it-int4.litertlm bytes=4919541760
10-05 13:54:29.047 25478 25478 I Dialog  : mIsDeviceDefault = false, mIsSamsungBasicInteraction = false, isMetaDataInActivity = false
10-05 13:54:29.048 25478 25478 I DecorView: setWindowBackground: isPopOver=false color=0 d=android.graphics.drawable.ColorDrawable@a752a09
10-05 13:54:29.049 25478 25478 W WindowOnBackDispatcher: OnBackInvokedCallback is not enabled for the application.
10-05 13:54:29.049 25478 25478 W WindowOnBackDispatcher: Set 'android:enableOnBackInvokedCallback="true"' in the application manifest.
10-05 13:54:29.049 25478 25478 I WindowManager: WindowManagerGlobal#addView, ty=2, view=com.android.internal.policy.DecorView{d0886ca V.E...... R.....I. 0,0-0,0}[MainActivity], caller=android.view.WindowManagerImpl.addView:158 android.app.Dialog.show:507 androidx.compose.ui.window.AndroidDialog_androidKt.Dialog$lambda$3$0:272 
10-05 13:54:29.050 25478 25478 I ViewRootImpl: dVRR is disabled
10-05 13:54:29.050 25478 25508 D NativeCustomFrequencyManager: [NativeCFMS] BpCustomFrequencyManager::BpCustomFrequencyManager()
10-05 13:54:29.052 25478 25478 D InputTransport: Input channel constructed: 'a4d6687', fd=164
10-05 13:54:29.052 25478 25478 I InsetsController: onStateChanged: host=com.negi.survey/com.negi.survey.MainActivity, from=android.view.ViewRootImpl.setView:1996, state=InsetsState: {mDisplayFrame=Rect(0, 0 - 1080, 2340), mDisplayCutout=DisplayCutout{insets=Rect(0, 83 - 0, 0) waterfall=Insets{left=0, top=0, right=0, bottom=0} boundingRect={Bounds=[Rect(0, 0 - 0, 0), Rect(515, 0 - 566, 83), Rect(0, 0 - 0, 0), Rect(0, 0 - 0, 0)]} cutoutPathParserInfo={CutoutPathParserInfo{displayWidth=1080 displayHeight=2340 physicalDisplayWidth=1080 physicalDisplayHeight=2340 density={2.8125} cutoutSpec={M 0,0 H -9.066666666666667 V 29.6 H 9.066666666666667 V 0 H 0 Z @dp} rotation={0} scale={1.0} physicalPixelDisplaySizeRatio={1.0}}} sideOverrides={}}, mRoundedCorners=RoundedCorners{[RoundedCorner{position=TopLeft, radius=113, center=Point(113, 113)}, RoundedCorner{position=TopRight, radius=113, center=Point(967, 113)}, RoundedCorner{position=BottomRight, radius=113, center=Point(967, 2227)}, RoundedCorner{position=BottomLeft, radius=113, center=Point(113, 2227)}]}  mRoundedCornerFrame=Rect(0, 0 - 1080, 2340), mPrivacyIndicatorBounds=PrivacyIndicatorBounds {static bounds=Rect(956, 0 - 1080, 84) rotation=0}, mDisplayShape=DisplayShape{ spec=-311912193 displayWidth=1440 displayHeight=3120 physicalPixelDisplaySizeRatio=1.0 rotation=0 offsetX=0 offsetY=0 scale=1.0}, mSources= { InsetsSource: {3 mType=ime mFrame=[0,0][0,0] mVisible=false mFlags= mSideHint=NONE mBoundingRects=null}, InsetsSource: {27 mType=displayCutout mFrame=[0,0][1080,83] mVisible=true mFlags= mSideHint=TOP mBoundingRects=null}, InsetsSource: {17450000 mType=statusBars mFrame=[0,0][1080,84] mVisible=true mFlags= mSideHint=TOP mBoundingRects=null}, InsetsSource: {17450005 mType=mandatorySystemGestures mFrame=[0,0][1080,117] mVisible=true mFlags= mSideHint=TOP mBoundingRects=null}, InsetsSource: {17450006 mType=tappableElement mFrame=[0,0][1080,84] mVisible=true mFlags= mSideHint=TOP mBoundingRects=null}, InsetsSource: {4e1b0001 mType=navigationBars mFrame=[0,2205][1080,2340] mVisible=true mFlags= mSideHint=BOTTOM mBoundingRects=null}, InsetsSource: {4e1b0004 mType=systemGestures mFrame=[0,0][0,0] mVisible=true mFlags= mSideHint=NONE mBoundingRects=null}, InsetsSource: {4e1b0005 mType=mandatorySystemGestures mFrame=[0,2205][1080,2340] mVisible=true mFlags= mSideHint=BOTTOM mBoundingRects=null}, InsetsSource: {4e1b0006 mType=tappableElement mFrame=[0,2205][1080,2340] mVisible=true mFlags= mSideHint=BOTTOM mBoundingRects=null}, InsetsSource: {4e1b0024 mType=systemGestures mFrame=[0,0][0,0] mVisible=true mFlags= mSideHint=NONE mBoundingRects=null} }
10-05 13:54:29.052 25478 25478 I VRI[MainActivity]@fef203b: synced displayState. AttachInfo displayState=2
10-05 13:54:29.052 25478 25478 I VRI[MainActivity]@fef203b: setView = com.android.internal.policy.DecorView@d0886ca IsHRR=false TM=true
10-05 13:54:29.056 25478 25478 I BufferQueueProducer: [](id:638600000003,api:0,p:0,c:25478) setDequeueTimeout:2077252342
10-05 13:54:29.056 25478 25478 I BLASTBufferQueue_Java: new BLASTBufferQueue, mName= VRI[MainActivity]@fef203b mNativeObject= 0xb400007812fb46d0 sc.mNativeObject= 0xb40000787323e410 caller= android.view.ViewRootImpl.updateBlastSurfaceIfNeeded:3390 android.view.ViewRootImpl.relayoutWindow:11355 android.view.ViewRootImpl.performTraversals:4537 android.view.ViewRootImpl.doTraversal:3701 android.view.ViewRootImpl$TraversalRunnable.run:12533 android.view.Choreographer$CallbackRecord.run:1751 android.view.Choreographer$CallbackRecord.run:1760 android.view.Choreographer.doCallbacks:1216 android.view.Choreographer.doFrame:1142 android.view.Choreographer$FrameDisplayEventReceiver.run:1707 
10-05 13:54:29.056 25478 25478 I BLASTBufferQueue_Java: update, w= 1080 h= 882 mName = VRI[MainActivity]@fef203b mNativeObject= 0xb400007812fb46d0 sc.mNativeObject= 0xb40000787323e410 format= -2 caller= android.graphics.BLASTBufferQueue.<init>:88 android.view.ViewRootImpl.updateBlastSurfaceIfNeeded:3390 android.view.ViewRootImpl.relayoutWindow:11355 android.view.ViewRootImpl.performTraversals:4537 android.view.ViewRootImpl.doTraversal:3701 android.view.ViewRootImpl$TraversalRunnable.run:12533 
10-05 13:54:29.056 25478 25478 W libc    : Access denied finding property "vendor.gpp.create_frc_extension"
10-05 13:54:29.056 25478 25478 I VRI[MainActivity]@fef203b: Relayout returned: old=(0,84,1080,2205) new=(90,793,990,1495) relayoutAsync=false req=(900,702)0 dur=2 res=0x3 s={true 0xb4000077f3a03210} ch=true seqId=0
10-05 13:54:29.056 25478 25478 I VRI[MainActivity]@fef203b: performConfigurationChange setNightDimText nightDimLevel=0
10-05 13:54:29.056 25478 25478 D VRI[MainActivity]@fef203b: mThreadedRenderer.initialize() mSurface={isValid=true 0xb4000077f3a03210} hwInitialized=true
10-05 13:54:29.057 25478 25478 D VRI[MainActivity]@fef203b: reportNextDraw android.view.ViewRootImpl.performTraversals:5186 android.view.ViewRootImpl.doTraversal:3701 android.view.ViewRootImpl$TraversalRunnable.run:12533 android.view.Choreographer$CallbackRecord.run:1751 android.view.Choreographer$CallbackRecord.run:1760 
10-05 13:54:29.057 25478 25478 D VRI[MainActivity]@fef203b: Setup new sync=wmsSync-VRI[MainActivity]@fef203b#8
10-05 13:54:29.057 25478 25478 I VRI[MainActivity]@fef203b: Creating new active sync group VRI[MainActivity]@fef203b#9
10-05 13:54:29.057 25478 25478 D VRI[MainActivity]@fef203b: registerCallbacksForSync syncBuffer=false
10-05 13:54:29.058 25478 25478 I View    : setRequestedFrameRate frameRate=-4.0, this=android.view.View{4ad2dc4 V.ED..... ......I. 0,0-0,0}, caller=androidx.compose.ui.platform.Api35Impl.setRequestedFrameRate:4047 androidx.compose.ui.platform.AndroidComposeView.dispatchDraw:2282 android.view.View.draw:26153 android.view.View.updateDisplayListIfDirty:24990 android.view.View.draw:25880 
10-05 13:54:29.058 25478 25513 D VRI[MainActivity]@fef203b: Received frameDrawingCallback syncResult=0 frameNum=1.
10-05 13:54:29.058 25478 25513 I VRI[MainActivity]@fef203b: mWNT: t=0xb400007832ff8290 mBlastBufferQueue=0xb400007812fb46d0 fn= 1 HdrRenderState mRenderHdrSdrRatio=1.0 caller= android.view.ViewRootImpl$11.onFrameDraw:15025 android.view.ThreadedRenderer$1.onFrameDraw:761 <bottom of call stack> 
10-05 13:54:29.058 25478 25513 I VRI[MainActivity]@fef203b: Setting up sync and frameCommitCallback
10-05 13:54:29.058 25478 25483 W com.negi.survey: Missing inline cache for void androidx.navigationevent.NavigationEventProcessor.updateEnabledHandlerInfo$navigationevent(androidx.navigationevent.NavigationEventHandler)
10-05 13:54:29.058 25478 25508 I BLASTBufferQueue: [VRI[MainActivity]@fef203b#3](f:0,a:0,s:0) onFrameAvailable the first frame is available
10-05 13:54:29.058 25478 25508 I SurfaceComposerClient: apply transaction with the first frame. layerId: 589, bufferData(ID: 109427176767503, frameNumber: 1)
10-05 13:54:29.058 25478 25508 I VRI[MainActivity]@fef203b: Received frameCommittedCallback lastAttemptedDrawFrameNum=1 didProduceBuffer=true
10-05 13:54:29.059 25478 25508 D HWUI    : CFMS:: SetUp Pid : 25478    Tid : 25508
10-05 13:54:29.059 25478 25478 D VRI[MainActivity]@fef203b: reportDrawFinished seqId=0
10-05 13:54:29.059 25478 25508 D HWUI    : HWUI - treat SMPTE_170M as sRGB
10-05 13:54:29.059 25478 25478 I BLASTBufferQueue_Java: update, w= 1080 h= 882 mName = VRI[MainActivity]@fef203b mNativeObject= 0xb400007812fb46d0 sc.mNativeObject= 0xb40000787323e410 format= -2 caller= android.view.ViewRootImpl.updateBlastSurfaceIfNeeded:3379 android.view.ViewRootImpl.relayoutWindow:11355 android.view.ViewRootImpl.performTraversals:4537 android.view.ViewRootImpl.doTraversal:3701 android.view.ViewRootImpl$TraversalRunnable.run:12533 android.view.Choreographer$CallbackRecord.run:1751 
10-05 13:54:29.059 25478 25478 I VRI[MainActivity]@fef203b: Relayout returned: old=(90,793,990,1495) new=(90,793,990,1495) relayoutAsync=true req=(900,702)0 dur=0 res=0x0 s={true 0xb4000077f3a03210} ch=false seqId=0
10-05 13:54:29.060 25478 25478 I VRI[MainActivity]@fef203b: registerCallbackForPendingTransactions
10-05 13:54:29.060 25478 25512 I VRI[MainActivity]@fef203b: mWNT: t=0xb400007832fec590 mBlastBufferQueue=0xb400007812fb46d0 fn= 2 HdrRenderState mRenderHdrSdrRatio=1.0 caller= android.view.ViewRootImpl$9.onFrameDraw:6272 android.view.ViewRootImpl$3.onFrameDraw:2437 android.view.ThreadedRenderer$1.onFrameDraw:761 
10-05 13:54:29.060 25478 25478 I InsetsSourceConsumer: applyRequestedVisibilityToControl: visible=true, type=navigationBars, host=com.negi.survey/com.negi.survey.MainActivity
10-05 13:54:29.060 25478 25478 I InsetsSourceConsumer: applyRequestedVisibilityToControl: visible=true, type=statusBars, host=com.negi.survey/com.negi.survey.MainActivity
10-05 13:54:29.072 25478 25478 I ImeFocusController: onPreWindowFocus: skipped hasWindowFocus=false mHasImeFocus=true
10-05 13:54:29.073 25478 25478 I ImeFocusController: onPostWindowFocus: skipped hasWindowFocus=false mHasImeFocus=true
10-05 13:54:29.081 25478 25478 D VRI[MainActivity]@fef203b: mThreadedRenderer.initializeIfNeeded()#2 mSurface={isValid=true 0xb4000077f3a03210}
10-05 13:54:29.081 25478 25478 D InputMethodManagerUtils: startInputInner - Id : 0
10-05 13:54:29.081 25478 25478 I InputMethodManager: startInputInner - IInputMethodManagerGlobalInvoker.startInputOrWindowGainedFocus
10-05 13:54:29.082 25478 25507 D InputTransport: Input channel constructed: 'ClientS', fd=211
10-05 13:54:29.089 25478 25478 I InsetsSourceConsumer: applyRequestedVisibilityToControl: visible=false, type=ime, host=com.negi.survey/com.negi.survey.MainActivity
10-05 13:54:29.113 25478 25557 I native  : I0000 00:00:1791197669.113326   25557 delegate_kernel.cc:804] Initialized InferenceContext from serialized data.
10-05 13:54:29.151 25478 25557 I tflite  : Replacing 2145 out of 2145 node(s) with delegate (LITERT_CL) node, yielding 1 partitions for subgraph 2 (prefill_256).
10-05 13:54:29.175 25478 25557 I native  : I0000 00:00:1791197669.175215   25557 delegate_kernel.cc:330] Total 80 external tensors are used for delegate inputs and outputs
10-05 13:54:29.175 25478 25557 I native  : I0000 00:00:1791197669.175268   25557 delegate_kernel.cc:906] Initializing OpenCL-based API from serialized data.
10-05 13:54:29.375 25478 25557 I native  : I0000 00:00:1791197669.375198   25557 delegate_kernel.cc:804] Initialized InferenceContext from serialized data.
10-05 13:54:29.394 25478 25557 I litert  : [environment.cc:36] Creating LiteRT environment with options
10-05 13:54:29.394 25478 25557 W litert  : [npu_registry.cc:34] NPU accelerator could not be loaded and registered: kLiteRtStatusErrorInvalidArgument.
10-05 13:54:29.394 25478 25557 I litert  : [accelerator_registry.cc:54] RegisterAccelerator: ptr=0xb4000079b2f5d290, name=LiteRT GPU
10-05 13:54:29.394 25478 25557 I litert  : [gpu_registry.cc:87] Statically linked GPU accelerator registered.
10-05 13:54:29.394 25478 25557 I litert  : [accelerator_registry.cc:54] RegisterAccelerator: ptr=0xb4000079b30493f0, name=CpuAccelerator
10-05 13:54:29.394 25478 25557 I litert  : [cpu_registry.cc:75] XNNPACK CPU accelerator registered.
10-05 13:54:29.675 25478 25557 W native  : W0000 00:00:1791197669.674885   25557 litert_lm_loader.cc:291] Section not found: 
10-05 13:54:29.675 25478 25557 W native  : W0000 00:00:1791197669.675053   25557 litert_lm_loader.h:129] TFLite model for type: TF_LITE_END_OF_VISION not found. Skipping.
10-05 13:54:29.676 25478 25557 I litert  : [compiled_model.cc:833] Flatbuffer model initialized directly from incoming litert model.
10-05 13:54:29.683 25478 25557 W litert  : [compiled_model.cc:986] You should provide the `DispatchLibraryDir` option to use NPU.
10-05 13:54:29.683 25478 25557 I tflite  : Created TensorFlow Lite XNNPACK delegate for CPU.
10-05 13:54:29.684 25478 25557 I tflite  : Replacing 2 out of 10 node(s) with delegate (TfLiteXNNPackDelegate) node, yielding 2 partitions for subgraph 0 (main).
10-05 13:54:29.687 25478 25557 I litert  : [compiled_model.cc:833] Flatbuffer model initialized directly from incoming litert model.
10-05 13:54:29.687 25478 25557 W litert  : [compiled_model.cc:986] You should provide the `DispatchLibraryDir` option to use NPU.
10-05 13:54:29.687 25478 25557 I litert  : [compiled_model.cc:1790] Tracked constant output tensor eoa_embedding with locked address
10-05 13:54:29.702 25478 25557 I litert  : [compiled_model.cc:833] Flatbuffer model initialized directly from incoming litert model.
10-05 13:54:29.797 25478 25557 W litert  : [compiled_model.cc:986] You should provide the `DispatchLibraryDir` option to use NPU.
10-05 13:54:29.797 25478 25557 I tflite  : Replacing 1 out of 44 node(s) with delegate (TfLiteXNNPackDelegate) node, yielding 2 partitions for subgraph 0 (main).
10-05 13:54:29.800 25478 25557 W LiteRtLM: Engine.initialize completed: key='fs|dev=65083|ino=38577|size=4919541760|mtime=1791197404755' backend=com.google.ai.edge.litertlm.Backend$GPU@ba77a28 took=7455ms cacheFilesAfter=2
10-05 13:54:29.811 25478 25484 W com.negi.survey: Cleared Reference was only reachable from finalizer (only reported once)
10-05 13:54:29.820 25478 25485 D InputTransport: Input channel destroyed: 'ClientS', fd=211
10-05 13:54:29.880 25478 25524 D WM-WorkProgressUpdater: Updating progress for 10941536-762d-4370-bda1-dd467119cbd9 (Data {pct : 34, mode : startup_runtime_logs})
10-05 13:54:29.881 25478 25619 D GitHubUploader: uploadStream: done url=https://github.com/ishizuki-tech/SurveyExports/blob/main/diagnostics/runtime_logs/2026-10-05/runtime_logs_startup_runtime_20261005_105421_58cf5456_app_start/plain_logs_manifest_20261005_105422_944_pid25478_app_start.json sha=e0ae42e2ca92d87a16370dff53c27d8f788626c0
10-05 13:54:29.884 25478 25524 I WM-Processor: Moving WorkSpec (10941536-762d-4370-bda1-dd467119cbd9) to the foreground
10-05 13:54:29.885 25478 25478 D WM-SystemFgDispatcher: Notifying with (id:4774, workSpecId: 10941536-762d-4370-bda1-dd467119cbd9, notificationType :1)
10-05 13:54:29.885 25478 25619 D GitHubUploader: uploadStream: owner=ishizuki-tech repo=SurveyExports branch=main path=diagnostics/runtime_logs/2026-10-05/runtime_logs_startup_runtime_20261005_105421_58cf5456_app_start/runtime_log_20261005_105422_944_pid25478_app_start__rtlog_20261005_105419_205_pid25478_seq1.log size=4682 maxRawBytesHint=1000000 maxRequestBytesHint=2800000
10-05 13:54:29.885 25478 25478 I NotificationManager: com.negi.survey: notify(4774, null, Notification(channel=uploads shortcut=null contentView=null vibrate=null sound=null defaults=0 flags=ONGOING_EVENT|ONLY_ALERT_ONCE color=0x00000000 category=progress vis=PRIVATE semFlags=0x0 semPriority=0 semMissedCount=0)) as user
10-05 13:54:29.885 25478 25524 D WM-WorkProgressUpdater: Updating progress for 10941536-762d-4370-bda1-dd467119cbd9 (Data {pct : 36, mode : startup_runtime_logs})
10-05 13:54:29.886 25478 25524 I WM-Processor: Moving WorkSpec (10941536-762d-4370-bda1-dd467119cbd9) to the foreground
10-05 13:54:29.886 25478 25478 D WM-SystemFgDispatcher: Notifying with (id:4774, workSpecId: 10941536-762d-4370-bda1-dd467119cbd9, notificationType :1)
10-05 13:54:29.886 25478 25478 I NotificationManager: com.negi.survey: notify(4774, null, Notification(channel=uploads shortcut=null contentView=null vibrate=null sound=null defaults=0 flags=ONGOING_EVENT|ONLY_ALERT_ONCE color=0x00000000 category=progress vis=PRIVATE semFlags=0x0 semPriority=0 semMissedCount=0)) as user
10-05 13:54:30.228 25478 25478 I VRI[MainActivity]@fef203b: ViewPostIme pointer 0
10-05 13:54:30.229 25478 25478 I VRI[MainActivity]@fef203b: call setFrameRateCategory for touch hint category=high hint, reason=touch, vri=VRI[MainActivity]@fef203b
10-05 13:54:30.231 25478 25478 I View    : setRequestedFrameRate frameRate=NaN, this=android.view.View{4ad2dc4 V.ED..... ........ 0,0-0,0}, caller=androidx.compose.ui.platform.Api35Impl.setRequestedFrameRate:4047 androidx.compose.ui.platform.AndroidComposeView.dispatchDraw:2282 android.view.View.draw:26153 android.view.View.updateDisplayListIfDirty:24990 android.view.ViewGroup.recreateChildDisplayList:4759 
10-05 13:54:30.312 25478 25478 W JobService: onNetworkChanged() not implemented in androidx.work.impl.background.systemjob.SystemJobService. Must override in a subclass.
10-05 13:54:30.317 25478 25555 D WM-WorkConstraintsTrack: NetworkRequestConstraintController onCapabilitiesChanged callback
10-05 13:54:30.318 25478 25478 I VRI[MainActivity]@fef203b: ViewPostIme pointer 1
10-05 13:54:30.323 25478 25478 I WindowManager: WindowManagerGlobal#removeView, ty=2, view=com.android.internal.policy.DecorView{d0886ca V.E...... R......D 0,0-900,702 aid=1073741826}[MainActivity], caller=android.view.WindowManagerGlobal.removeView:626 android.view.WindowManagerImpl.removeViewImmediate:216 android.app.Dialog.dismissDialog:804 
10-05 13:54:30.323 25478 25478 W WindowOnBackDispatcher: sendCancelIfRunning: isInProgress=false callback=android.view.ViewRootImpl$$ExternalSyntheticLambda15@f48c4fc
10-05 13:54:30.324 25478 25508 D HWUI    : endAllActiveAnimators on 0xb40000792393a450 (UnprojectedRipple) with handle 0xb400007863f3c260
10-05 13:54:30.325 25478 25478 I VRI[MainActivity]@fef203b: dispatchDetachedFromWindow
10-05 13:54:30.327 25478 25478 D InputTransport: Input channel destroyed: 'a4d6687', fd=164
10-05 13:54:30.332 25478 25478 I InsetsSourceConsumer: applyRequestedVisibilityToControl: visible=true, type=navigationBars, host=com.negi.survey/com.negi.survey.MainActivity
10-05 13:54:30.332 25478 25478 I InsetsSourceConsumer: applyRequestedVisibilityToControl: visible=true, type=statusBars, host=com.negi.survey/com.negi.survey.MainActivity
10-05 13:54:30.332 25478 25478 I InsetsController: onStateChanged: host=com.negi.survey/com.negi.survey.MainActivity, from=android.view.ViewRootImpl.handleInsetsControlChanged:2880, state=InsetsState: {mDisplayFrame=Rect(0, 0 - 1080, 2340), mDisplayCutout=DisplayCutout{insets=Rect(0, 83 - 0, 0) waterfall=Insets{left=0, top=0, right=0, bottom=0} boundingRect={Bounds=[Rect(0, 0 - 0, 0), Rect(515, 0 - 566, 83), Rect(0, 0 - 0, 0), Rect(0, 0 - 0, 0)]} cutoutPathParserInfo={CutoutPathParserInfo{displayWidth=1080 displayHeight=2340 physicalDisplayWidth=1080 physicalDisplayHeight=2340 density={2.8125} cutoutSpec={M 0,0 H -9.066666666666667 V 29.6 H 9.066666666666667 V 0 H 0 Z @dp} rotation={0} scale={1.0} physicalPixelDisplaySizeRatio={1.0}}} sideOverrides={}}, mRoundedCorners=RoundedCorners{[RoundedCorner{position=TopLeft, radius=113, center=Point(113, 113)}, RoundedCorner{position=TopRight, radius=113, center=Point(967, 113)}, RoundedCorner{position=BottomRight, radius=113, center=Point(967, 2227)}, RoundedCorner{position=BottomLeft, radius=113, center=Point(113, 2227)}]}  mRoundedCornerFrame=Rect(0, 0 - 1080, 2340), mPrivacyIndicatorBounds=PrivacyIndicatorBounds {static bounds=Rect(956, 0 - 1080, 84) rotation=0}, mDisplayShape=DisplayShape{ spec=-311912193 displayWidth=1440 displayHeight=3120 physicalPixelDisplaySizeRatio=1.0 rotation=0 offsetX=0 offsetY=0 scale=1.0}, mSources= { InsetsSource: {27 mType=displayCutout mFrame=[0,0][1080,83] mVisible=true mFlags= mSideHint=TOP mBoundingRects=null}, InsetsSource: {17450000 mType=statusBars mFrame=[0,0][1080,84] mVisible=true mFlags= mSideHint=TOP mBoundingRects=null}, InsetsSource: {17450005 mType=mandatorySystemGestures mFrame=[0,0][1080,117] mVisible=true mFlags= mSideHint=TOP mBoundingRects=null}, InsetsSource: {17450006 mType=tappableElement mFrame=[0,0][1080,84] mVisible=true mFlags= mSideHint=TOP mBoundingRects=null}, InsetsSource: {4e1b0001 mType=navigationBars mFrame=[0,2205][1080,2340] mVisible=true mFlags= mSideHint=BOTTOM mBoundingRects=null}, InsetsSource: {4e1b0004 mType=systemGestures mFrame=[0,0][0,0] mVisible=true mFlags= mSideHint=NONE mBoundingRects=null}, InsetsSource: {4e1b0005 mType=mandatorySystemGestures mFrame=[0,2205][1080,2340] mVisible=true mFlags= mSideHint=BOTTOM mBoundingRects=null}, InsetsSource: {4e1b0006 mType=tappableElement mFrame=[0,2205][1080,2340] mVisible=true mFlags= mSideHint=BOTTOM mBoundingRects=null}, InsetsSource: {4e1b0024 mType=systemGestures mFrame=[0,0][0,0] mVisible=true mFlags= mSideHint=NONE mBoundingRects=null} }
10-05 13:54:30.340 25478 25478 D VRI[MainActivity]@7d2e953: mThreadedRenderer.initializeIfNeeded()#2 mSurface={isValid=true 0xb4000077f3bb56d0}
10-05 13:54:30.341 25478 25478 D InputMethodManagerUtils: startInputInner - Id : 0
10-05 13:54:30.341 25478 25478 I InputMethodManager: startInputInner - IInputMethodManagerGlobalInvoker.startInputOrWindowGainedFocus
10-05 13:54:30.342 25478 25529 D InputTransport: Input channel constructed: 'ClientS', fd=163
10-05 13:54:30.348 25478 25478 I InsetsSourceConsumer: applyRequestedVisibilityToControl: visible=false, type=ime, host=com.negi.survey/com.negi.survey.MainActivity
10-05 13:54:30.388 25478 25525 D WM-WorkProgressUpdater: Updating progress for 10941536-762d-4370-bda1-dd467119cbd9 (Data {pct : 38, mode : startup_runtime_logs})
10-05 13:54:30.391 25478 25525 I WM-Processor: Moving WorkSpec (10941536-762d-4370-bda1-dd467119cbd9) to the foreground
10-05 13:54:30.392 25478 25478 D WM-SystemFgDispatcher: Notifying with (id:4774, workSpecId: 10941536-762d-4370-bda1-dd467119cbd9, notificationType :1)
10-05 13:54:30.392 25478 25525 D WM-WorkProgressUpdater: Updating progress for 10941536-762d-4370-bda1-dd467119cbd9 (Data {pct : 60, mode : startup_runtime_logs})
10-05 13:54:30.392 25478 25478 I NotificationManager: com.negi.survey: notify(4774, null, Notification(channel=uploads shortcut=null contentView=null vibrate=null sound=null defaults=0 flags=ONGOING_EVENT|ONLY_ALERT_ONCE color=0x00000000 category=progress vis=PRIVATE semFlags=0x0 semPriority=0 semMissedCount=0)) as user
10-05 13:54:30.392 25478 25525 I WM-Processor: Moving WorkSpec (10941536-762d-4370-bda1-dd467119cbd9) to the foreground
10-05 13:54:30.393 25478 25478 D WM-SystemFgDispatcher: Notifying with (id:4774, workSpecId: 10941536-762d-4370-bda1-dd467119cbd9, notificationType :1)
10-05 13:54:30.393 25478 25478 I NotificationManager: com.negi.survey: notify(4774, null, Notification(channel=uploads shortcut=null contentView=null vibrate=null sound=null defaults=0 flags=ONGOING_EVENT|ONLY_ALERT_ONCE color=0x00000000 category=progress vis=PRIVATE semFlags=0x0 semPriority=0 semMissedCount=0)) as user
10-05 13:54:31.842 25478 25526 D WM-WorkProgressUpdater: Updating progress for 10941536-762d-4370-bda1-dd467119cbd9 (Data {pct : 61, mode : startup_runtime_logs})
10-05 13:54:31.842 25478 25619 D GitHubUploader: uploadStream: done url=https://github.com/ishizuki-tech/SurveyExports/blob/main/diagnostics/runtime_logs/2026-10-05/runtime_logs_startup_runtime_20261005_105421_58cf5456_app_start/runtime_log_20261005_105422_944_pid25478_app_start__rtlog_20261005_105419_205_pid25478_seq1.log sha=f77fed3ff6654415e1ba42417cae92f79c5c0763
10-05 13:54:31.846 25478 25526 I WM-Processor: Moving WorkSpec (10941536-762d-4370-bda1-dd467119cbd9) to the foreground
10-05 13:54:31.847 25478 25619 D RuntimeLogStore: deleteRolledLogFiles: deleted=1 excludeActive=true active=rtlog_20261005_105422_939_pid25478_seq2.log
10-05 13:54:31.847 25478 25619 D GitHubUploader: uploadStream: owner=ishizuki-tech repo=SurveyExports branch=main path=diagnostics/runtime_logs/2026-10-05/runtime_logs_startup_runtime_20261005_105421_58cf5456_app_start/runtime_log_20261005_105422_944_pid25478_app_start__rtlog_20261005_104647_526_pid22506_seq2.log size=8129 maxRawBytesHint=1000000 maxRequestBytesHint=2800000
10-05 13:54:31.848 25478 25478 D WM-SystemFgDispatcher: Notifying with (id:4774, workSpecId: 10941536-762d-4370-bda1-dd467119cbd9, notificationType :1)
10-05 13:54:31.848 25478 25478 I NotificationManager: com.negi.survey: notify(4774, null, Notification(channel=uploads shortcut=null contentView=null vibrate=null sound=null defaults=0 flags=ONGOING_EVENT|ONLY_ALERT_ONCE color=0x00000000 category=progress vis=PRIVATE semFlags=0x0 semPriority=0 semMissedCount=0)) as user
10-05 13:54:31.848 25478 25526 D WM-WorkProgressUpdater: Updating progress for 10941536-762d-4370-bda1-dd467119cbd9 (Data {pct : 63, mode : startup_runtime_logs})
10-05 13:54:31.849 25478 25526 I WM-Processor: Moving WorkSpec (10941536-762d-4370-bda1-dd467119cbd9) to the foreground
10-05 13:54:31.857 25478 25478 D WM-SystemFgDispatcher: Notifying with (id:4774, workSpecId: 10941536-762d-4370-bda1-dd467119cbd9, notificationType :1)
10-05 13:54:31.857 25478 25478 I NotificationManager: com.negi.survey: notify(4774, null, Notification(channel=uploads shortcut=null contentView=null vibrate=null sound=null defaults=0 flags=ONGOING_EVENT|ONLY_ALERT_ONCE color=0x00000000 category=progress vis=PRIVATE semFlags=0x0 semPriority=0 semMissedCount=0)) as user
10-05 13:54:32.017 25478 25478 I VRI[MainActivity]@7d2e953: call setFrameRateCategory for touch hint category=no preference, reason=boost timeout, vri=VRI[MainActivity]@7d2e953
10-05 13:54:32.055 25478 25478 I View    : setRequestedFrameRate frameRate=-4.0, this=android.view.View{8e68063 V.ED..... ........ 0,0-0,0}, caller=androidx.compose.ui.platform.Api35Impl.setRequestedFrameRate:4047 androidx.compose.ui.platform.AndroidComposeView.dispatchDraw:2282 android.view.View.draw:26153 android.view.View.updateDisplayListIfDirty:24990 android.view.View.draw:25880 
10-05 13:54:32.080 25478 25478 D MainActivity: SLM Engine warm-up started. session=survey_config_sw_10.yaml@1 model=Gemma3n4B
10-05 13:54:32.081 25478 25478 D MainActivity: SLM Engine warm-up finished. session=survey_config_sw_10.yaml@1 model=Gemma3n4B elapsedMs=1
10-05 13:54:32.097 25478 25483 I com.negi.survey: Compiler allocated 7128KB to compile java.util.List com.negi.survey.config.SurveyConfig.validate()
10-05 13:54:32.137 25478 25478 I VRI[MainActivity]@7d2e953: ViewPostIme key 0
10-05 13:54:32.137 25478 25478 D Activity: onKeyDown(KEYCODE_BACK), activity=com.negi.survey.MainActivity@95190c9
10-05 13:54:32.250 25478 25478 I VRI[MainActivity]@7d2e953: ViewPostIme key 1
10-05 13:54:32.251 25478 25478 D Activity: onBackInvoked, activity=com.negi.survey.MainActivity@95190c9, caller=android.app.Activity.onBackPressed:4396 androidx.activity.ComponentActivity.onBackPressedDispatcher_delegate$lambda$0$0:621 androidx.activity.ComponentActivity.$r8$lambda$vCwjfXDiSGcirCy4I008VOiJ_lw:0 
10-05 13:54:32.279 25478 25478 I ImeFocusController: onPreWindowFocus: skipped hasWindowFocus=false mHasImeFocus=true
10-05 13:54:32.279 25478 25478 I ImeFocusController: onPostWindowFocus: skipped hasWindowFocus=false mHasImeFocus=true
10-05 13:54:32.292 25478 25524 D WM-WorkProgressUpdater: Updating progress for 10941536-762d-4370-bda1-dd467119cbd9 (Data {pct : 65, mode : startup_runtime_logs})
10-05 13:54:32.294 25478 25524 I WM-Processor: Moving WorkSpec (10941536-762d-4370-bda1-dd467119cbd9) to the foreground
10-05 13:54:32.294 25478 25478 D WM-SystemFgDispatcher: Notifying with (id:4774, workSpecId: 10941536-762d-4370-bda1-dd467119cbd9, notificationType :1)
10-05 13:54:32.294 25478 25478 I NotificationManager: com.negi.survey: notify(4774, null, Notification(channel=uploads shortcut=null contentView=null vibrate=null sound=null defaults=0 flags=ONGOING_EVENT|ONLY_ALERT_ONCE color=0x00000000 category=progress vis=PRIVATE semFlags=0x0 semPriority=0 semMissedCount=0)) as user
10-05 13:54:32.295 25478 25524 D WM-WorkProgressUpdater: Updating progress for 10941536-762d-4370-bda1-dd467119cbd9 (Data {pct : 87, mode : startup_runtime_logs})
10-05 13:54:32.296 25478 25524 I WM-Processor: Moving WorkSpec (10941536-762d-4370-bda1-dd467119cbd9) to the foreground
10-05 13:54:32.296 25478 25478 D WM-SystemFgDispatcher: Notifying with (id:4774, workSpecId: 10941536-762d-4370-bda1-dd467119cbd9, notificationType :1)
10-05 13:54:32.296 25478 25478 I NotificationManager: com.negi.survey: notify(4774, null, Notification(channel=uploads shortcut=null contentView=null vibrate=null sound=null defaults=0 flags=ONGOING_EVENT|ONLY_ALERT_ONCE color=0x00000000 category=progress vis=PRIVATE semFlags=0x0 semPriority=0 semMissedCount=0)) as user
10-05 13:54:32.303 25478 25478 D InputTransport: Input channel destroyed: 'ClientS', fd=173
10-05 13:54:32.645 25478 25478 I VRI[MainActivity]@7d2e953: handleAppVisibility mAppVisible = true visible = false
10-05 13:54:32.645 25478 25478 D VRI[MainActivity]@7d2e953: visibilityChanged oldVisibility=true newVisibility=false
10-05 13:54:32.651 25478 25508 D HWUI    : CacheManager::trimMemory(20)
10-05 13:54:32.657 25478 25478 I VRI[MainActivity]@7d2e953: Relayout returned: old=(0,0,1080,2340) new=(0,0,1080,2340) relayoutAsync=false req=(1080,2340)8 dur=2 res=0x2 s={false 0x0} ch=true seqId=0
10-05 13:54:32.657 25478 25478 D VRI[MainActivity]@7d2e953: Not drawing due to not visible. Reason=!mAppVisible && !mForceDecorViewVisibility
10-05 13:54:32.657 25478 25478 I VRI[MainActivity]@7d2e953: stopped(true) old = false
10-05 13:54:32.657 25478 25478 D VRI[MainActivity]@7d2e953: WindowStopped on com.negi.survey/com.negi.survey.MainActivity set to true
10-05 13:54:32.657 25478 25508 D HWUI    : CacheManager::trimMemory(20)
10-05 13:54:33.273 25478 25478 I VRI[MainActivity]@7d2e953: handleAppVisibility mAppVisible = false visible = true
10-05 13:54:33.275 25478 25478 I VRI[MainActivity]@7d2e953: stopped(false) old = true
10-05 13:54:33.275 25478 25478 D VRI[MainActivity]@7d2e953: WindowStopped on com.negi.survey/com.negi.survey.MainActivity set to false
10-05 13:54:33.277 25478 25478 D CrashCapture: install: ensured default handler. where=selfHeal:onActivityResumed pid=25478 default=com.negi.survey.CrashCapture$CrashHandler@cd1dd5b
10-05 13:54:33.285 25478 25478 I BufferQueueProducer: [](id:638600000004,api:0,p:-1,c:25478) setDequeueTimeout:2077252342
10-05 13:54:33.286 25478 25478 I BLASTBufferQueue_Java: new BLASTBufferQueue, mName= VRI[MainActivity]@7d2e953 mNativeObject= 0xb400007812f506d0 sc.mNativeObject= 0xb4000078731f7250 caller= android.view.ViewRootImpl.updateBlastSurfaceIfNeeded:3390 android.view.ViewRootImpl.relayoutWindow:11355 android.view.ViewRootImpl.performTraversals:4537 android.view.ViewRootImpl.doTraversal:3701 android.view.ViewRootImpl$TraversalRunnable.run:12533 android.view.Choreographer$CallbackRecord.run:1751 android.view.Choreographer$CallbackRecord.run:1760 android.view.Choreographer.doCallbacks:1216 android.view.Choreographer.doFrame:1142 android.view.Choreographer$FrameDisplayEventReceiver.run:1707 
10-05 13:54:33.286 25478 25478 I BLASTBufferQueue_Java: update, w= 1080 h= 2340 mName = VRI[MainActivity]@7d2e953 mNativeObject= 0xb400007812f506d0 sc.mNativeObject= 0xb4000078731f7250 format= -1 caller= android.graphics.BLASTBufferQueue.<init>:88 android.view.ViewRootImpl.updateBlastSurfaceIfNeeded:3390 android.view.ViewRootImpl.relayoutWindow:11355 android.view.ViewRootImpl.performTraversals:4537 android.view.ViewRootImpl.doTraversal:3701 android.view.ViewRootImpl$TraversalRunnable.run:12533 
10-05 13:54:33.286 25478 25478 W libc    : Access denied finding property "vendor.gpp.create_frc_extension"
10-05 13:54:33.286 25478 25478 I VRI[MainActivity]@7d2e953: Relayout returned: old=(0,0,1080,2340) new=(0,0,1080,2340) relayoutAsync=false req=(1080,2340)0 dur=2 res=0x3 s={true 0xb4000077f3bb56d0} ch=true seqId=0
10-05 13:54:33.286 25478 25478 D VRI[MainActivity]@7d2e953: mThreadedRenderer.initialize() mSurface={isValid=true 0xb4000077f3bb56d0} hwInitialized=true
10-05 13:54:33.286 25478 25478 D VRI[MainActivity]@7d2e953: reportNextDraw android.view.ViewRootImpl.performTraversals:5186 android.view.ViewRootImpl.doTraversal:3701 android.view.ViewRootImpl$TraversalRunnable.run:12533 android.view.Choreographer$CallbackRecord.run:1751 android.view.Choreographer$CallbackRecord.run:1760 
10-05 13:54:33.286 25478 25478 D VRI[MainActivity]@7d2e953: Setup new sync=wmsSync-VRI[MainActivity]@7d2e953#10
10-05 13:54:33.286 25478 25478 I VRI[MainActivity]@7d2e953: Creating new active sync group VRI[MainActivity]@7d2e953#11
10-05 13:54:33.286 25478 25478 D VRI[MainActivity]@7d2e953: Start draw after previous draw not visible
10-05 13:54:33.287 25478 25508 I Adreno-UNKNOWN: Using previously loaded IMapper library.
10-05 13:54:33.292 25478 25508 I Adreno-UNKNOWN: Using previously loaded IMapper library.
10-05 13:54:33.294 25478 25508 I AdrenoVK-0: QUALCOMM build          : 7a7d1616fb, I1b2d45fd3f
10-05 13:54:33.294 25478 25508 I AdrenoVK-0: Build Date              : 12/18/24
10-05 13:54:33.294 25478 25508 I AdrenoVK-0: Shader Compiler Version : E031.47.18.13
10-05 13:54:33.294 25478 25508 I AdrenoVK-0: Local Branch            : 
10-05 13:54:33.294 25478 25508 I AdrenoVK-0: Remote Branch           : refs/tags/AU_LINUX_ANDROID_LA.VENDOR.15.4.0.11.00.00.1088.540
10-05 13:54:33.294 25478 25508 I AdrenoVK-0: Remote Branch           : NONE
10-05 13:54:33.294 25478 25508 I AdrenoVK-0: Reconstruct Branch      : NOTHING
10-05 13:54:33.294 25478 25508 I AdrenoVK-0: Build Config            : S P 18.0.0 AArch64
10-05 13:54:33.294 25478 25508 I AdrenoVK-0: Driver Path             : /vendor/lib64/hw/vulkan.adreno.so
10-05 13:54:33.294 25478 25508 I AdrenoVK-0: Driver Version          : 0800.17.11
10-05 13:54:33.294 25478 25508 I AdrenoVK-0: PFP                     : 0x01500364
10-05 13:54:33.294 25478 25508 I AdrenoVK-0: ME                      : 0x01500012
10-05 13:54:33.294 25478 25508 I AdrenoVK-0: Application Name    : android framework
10-05 13:54:33.294 25478 25508 I AdrenoVK-0: Application Version : 0x00000000
10-05 13:54:33.294 25478 25508 I AdrenoVK-0: Engine Name         : android framework
10-05 13:54:33.294 25478 25508 I AdrenoVK-0: Engine Version      : 0x00000000
10-05 13:54:33.294 25478 25508 I AdrenoVK-0: Api Version         : 0x00401000
10-05 13:54:33.304 25478 25478 D VRI[MainActivity]@7d2e953: registerCallbacksForSync syncBuffer=false
10-05 13:54:33.304 25478 25478 I View    : setRequestedFrameRate frameRate=NaN, this=android.view.View{8e68063 V.ED..... ........ 0,0-0,0}, caller=androidx.compose.ui.platform.Api35Impl.setRequestedFrameRate:4047 androidx.compose.ui.platform.AndroidComposeView.dispatchDraw:2282 android.view.View.draw:26153 android.view.View.updateDisplayListIfDirty:24990 android.view.View.draw:25880 
10-05 13:54:33.305 25478 25513 D VRI[MainActivity]@7d2e953: Received frameDrawingCallback syncResult=0 frameNum=1.
10-05 13:54:33.305 25478 25513 I VRI[MainActivity]@7d2e953: mWNT: t=0xb400007832fa8f90 mBlastBufferQueue=0xb400007812f506d0 fn= 1 HdrRenderState mRenderHdrSdrRatio=1.0 caller= android.view.ViewRootImpl$11.onFrameDraw:15025 android.view.ThreadedRenderer$1.onFrameDraw:761 <bottom of call stack> 
10-05 13:54:33.305 25478 25513 I VRI[MainActivity]@7d2e953: Setting up sync and frameCommitCallback
10-05 13:54:33.312 25478 25508 I BLASTBufferQueue: [VRI[MainActivity]@7d2e953#4](f:0,a:0,s:0) onFrameAvailable the first frame is available
10-05 13:54:33.312 25478 25508 I SurfaceComposerClient: apply transaction with the first frame. layerId: 605, bufferData(ID: 109427176767507, frameNumber: 1)
10-05 13:54:33.313 25478 25508 I VRI[MainActivity]@7d2e953: Received frameCommittedCallback lastAttemptedDrawFrameNum=1 didProduceBuffer=true
10-05 13:54:33.313 25478 25478 D VRI[MainActivity]@7d2e953: reportDrawFinished seqId=0
10-05 13:54:33.313 25478 25478 I InsetsSourceConsumer: applyRequestedVisibilityToControl: visible=true, type=navigationBars, host=com.negi.survey/com.negi.survey.MainActivity
10-05 13:54:33.313 25478 25478 I InsetsSourceConsumer: applyRequestedVisibilityToControl: visible=true, type=statusBars, host=com.negi.survey/com.negi.survey.MainActivity
10-05 13:54:33.321 25478 25478 W JobService: onNetworkChanged() not implemented in androidx.work.impl.background.systemjob.SystemJobService. Must override in a subclass.
10-05 13:54:33.328 25478 25555 D WM-WorkConstraintsTrack: NetworkRequestConstraintController onCapabilitiesChanged callback
10-05 13:54:33.328 25478 25478 D VRI[MainActivity]@7d2e953: mThreadedRenderer.initializeIfNeeded()#2 mSurface={isValid=true 0xb4000077f3bb56d0}
10-05 13:54:33.329 25478 25478 D InputMethodManagerUtils: startInputInner - Id : 0
10-05 13:54:33.329 25478 25478 I InputMethodManager: startInputInner - IInputMethodManagerGlobalInvoker.startInputOrWindowGainedFocus
10-05 13:54:33.330 25478 25489 D InputTransport: Input channel constructed: 'ClientS', fd=160
10-05 13:54:33.334 25478 25478 I InsetsSourceConsumer: applyRequestedVisibilityToControl: visible=false, type=ime, host=com.negi.survey/com.negi.survey.MainActivity
10-05 13:54:33.335 25478 25478 I VRI[MainActivity]@7d2e953: handleResized, frames=ClientWindowFrames{frame=[0,0][1080,2340] display=[0,0][1080,2340] parentFrame=[0,0][0,0]} displayId=0 dragResizing=false compatScale=1.0 frameChanged=false attachedFrameChanged=false configChanged=false displayChanged=false compatScaleChanged=false dragResizingChanged=false
10-05 13:54:34.025 25478 25478 I VRI[MainActivity]@7d2e953: ViewPostIme pointer 0
10-05 13:54:34.026 25478 25478 I VRI[MainActivity]@7d2e953: call setFrameRateCategory for touch hint category=high hint, reason=touch, vri=VRI[MainActivity]@7d2e953
10-05 13:54:34.042 25478 25478 W Choreographer: Frame time is 0.173016 ms in the future!  Check that graphics HAL is generating vsync timestamps using the correct timebase.
10-05 13:54:34.121 25478 25478 I VRI[MainActivity]@7d2e953: ViewPostIme pointer 1
10-05 13:54:34.152 25478 25478 I ImeFocusController: onPreWindowFocus: skipped hasWindowFocus=false mHasImeFocus=true
10-05 13:54:34.152 25478 25478 I ImeFocusController: onPostWindowFocus: skipped hasWindowFocus=false mHasImeFocus=true
10-05 13:54:34.187 25478 25478 D InputTransport: Input channel destroyed: 'ClientS', fd=160
10-05 13:54:34.910 25478 25478 D CrashCapture: install: ensured default handler. where=selfHeal:onActivityResumed pid=25478 default=com.negi.survey.CrashCapture$CrashHandler@cd1dd5b
10-05 13:54:34.914 25478 25478 I TextToSpeech: Create TextToSpeech : caller process id[25478] / name[com.negi.survey] / target[null]
10-05 13:54:34.925 25478 25478 I TextToSpeech: com.negi.survey is not allowed to bind to private engine.
10-05 13:54:34.925 25478 25478 I TextToSpeech: getHighestRankedPublicEngineName = com.google.android.tts
10-05 13:54:34.926 25478 25478 I TextToSpeech: Sucessfully bound to com.google.android.tts
10-05 13:54:34.939 25478 25483 W com.negi.survey: Missing inline cache for void androidx.navigation3.ui.NavDisplayKt__NavDisplayKt.NavDisplay(androidx.navigation3.scene.SceneState, androidx.navigationevent.compose.NavigationEventState, androidx.compose.ui.Modifier, androidx.compose.ui.Alignment, androidx.compose.animation.SizeTransform, kotlin.jvm.functions.Function1, kotlin.jvm.functions.Function1, kotlin.jvm.functions.Function2, androidx.compose.runtime.Composer, int, int)
10-05 13:54:34.940 25478 25483 W com.negi.survey: Missing inline cache for void androidx.navigation3.ui.NavDisplayKt__NavDisplayKt.NavDisplay(androidx.navigation3.scene.SceneState, androidx.navigationevent.compose.NavigationEventState, androidx.compose.ui.Modifier, androidx.compose.ui.Alignment, androidx.compose.animation.SizeTransform, kotlin.jvm.functions.Function1, kotlin.jvm.functions.Function1, kotlin.jvm.functions.Function2, androidx.compose.runtime.Composer, int, int)
10-05 13:54:34.940 25478 25483 W com.negi.survey: Missing inline cache for void androidx.navigation3.ui.NavDisplayKt__NavDisplayKt.NavDisplay(androidx.navigation3.scene.SceneState, androidx.navigationevent.compose.NavigationEventState, androidx.compose.ui.Modifier, androidx.compose.ui.Alignment, androidx.compose.animation.SizeTransform, kotlin.jvm.functions.Function1, kotlin.jvm.functions.Function1, kotlin.jvm.functions.Function2, androidx.compose.runtime.Composer, int, int)
10-05 13:54:34.940 25478 25483 W com.negi.survey: Missing inline cache for void androidx.navigation3.ui.NavDisplayKt__NavDisplayKt.NavDisplay(androidx.navigation3.scene.SceneState, androidx.navigationevent.compose.NavigationEventState, androidx.compose.ui.Modifier, androidx.compose.ui.Alignment, androidx.compose.animation.SizeTransform, kotlin.jvm.functions.Function1, kotlin.jvm.functions.Function1, kotlin.jvm.functions.Function2, androidx.compose.runtime.Composer, int, int)
10-05 13:54:34.943 25478 25483 W com.negi.survey: Missing inline cache for void androidx.compose.animation.AnimatedContentKt.AnimatedContentImpl(androidx.compose.animation.core.Transition, androidx.compose.ui.Modifier, kotlin.jvm.functions.Function1, androidx.compose.ui.Alignment, kotlin.jvm.functions.Function1, kotlin.jvm.functions.Function1, kotlin.jvm.functions.Function4, androidx.compose.runtime.Composer, int, int)
10-05 13:54:34.943 25478 25483 W com.negi.survey: Missing inline cache for void androidx.compose.animation.AnimatedContentKt.AnimatedContentImpl(androidx.compose.animation.core.Transition, androidx.compose.ui.Modifier, kotlin.jvm.functions.Function1, androidx.compose.ui.Alignment, kotlin.jvm.functions.Function1, kotlin.jvm.functions.Function1, kotlin.jvm.functions.Function4, androidx.compose.runtime.Composer, int, int)
10-05 13:54:34.950 25478 25489 I TextToSpeech: Connected to TTS engine
10-05 13:54:34.960 25478 25478 I View    : setRequestedFrameRate frameRate=-4.0, this=android.view.View{8e68063 V.ED..... ........ 0,0-0,0}, caller=androidx.compose.ui.platform.Api35Impl.setRequestedFrameRate:4047 androidx.compose.ui.platform.AndroidComposeView.dispatchDraw:2282 android.view.View.draw:26153 android.view.View.updateDisplayListIfDirty:24990 android.view.View.draw:25880 
10-05 13:54:34.961 25478 25478 I InsetsSourceConsumer: applyRequestedVisibilityToControl: visible=true, type=navigationBars, host=com.negi.survey/com.negi.survey.MainActivity
10-05 13:54:34.961 25478 25478 I InsetsSourceConsumer: applyRequestedVisibilityToControl: visible=true, type=statusBars, host=com.negi.survey/com.negi.survey.MainActivity
10-05 13:54:34.961 25478 25478 D WhisperSpeechController: updateContext: surveyId=01ffb49e-3d58-434d-a059-cd2ce0363d9d, questionId=Start
10-05 13:54:34.963 25478 25478 I View    : setRequestedFrameRate frameRate=NaN, this=android.view.View{8e68063 V.ED..... ........ 0,0-0,0}, caller=androidx.compose.ui.platform.Api35Impl.setRequestedFrameRate:4047 androidx.compose.ui.platform.AndroidComposeView.dispatchDraw:2282 android.view.View.draw:26153 android.view.View.updateDisplayListIfDirty:24990 android.view.ViewGroup.recreateChildDisplayList:4759 
10-05 13:54:34.963 25478 25478 D VRI[MainActivity]@7d2e953: mThreadedRenderer.initializeIfNeeded()#2 mSurface={isValid=true 0xb4000077f3bb56d0}
10-05 13:54:34.963 25478 25478 D InputMethodManagerUtils: startInputInner - Id : 0
10-05 13:54:34.963 25478 25478 I InputMethodManager: startInputInner - IInputMethodManagerGlobalInvoker.startInputOrWindowGainedFocus
10-05 13:54:34.964 25478 25489 D InputTransport: Input channel constructed: 'ClientS', fd=175
10-05 13:54:34.969 25478 25478 I InsetsSourceConsumer: applyRequestedVisibilityToControl: visible=false, type=ime, host=com.negi.survey/com.negi.survey.MainActivity
10-05 13:54:35.466 25478 25978 I TextToSpeech: Setting up the connection to TTS engine...
10-05 13:54:35.481 25478 25478 D TtsController: TextToSpeech ready: locale=sw rate=1.0 pitch=1.0
10-05 13:54:35.999 25478 25478 I VRI[MainActivity]@7d2e953: ViewPostIme pointer 0
10-05 13:54:36.065 25478 25478 I VRI[MainActivity]@7d2e953: ViewPostIme pointer 1
10-05 13:54:36.066 25478 25478 D WhisperSpeechController: stopRecording: not recording, ignoring
10-05 13:54:36.080 25478 25478 I View    : setRequestedFrameRate frameRate=-4.0, this=android.view.View{8e68063 V.ED..... ........ 0,0-0,0}, caller=androidx.compose.ui.platform.Api35Impl.setRequestedFrameRate:4047 androidx.compose.ui.platform.AndroidComposeView.dispatchDraw:2282 android.view.View.draw:26153 android.view.View.updateDisplayListIfDirty:24990 android.view.ViewGroup.recreateChildDisplayList:4759 
10-05 13:54:36.080 25478 25478 D MainActivity: Home -> Start survey. session=survey_config_sw_10.yaml@1 freeTextDraftLen=0 (run-scoped)
10-05 13:54:36.082 25478 25478 D MainActivity: Home -> Start survey: runNoteLen=0 (restoredAfterReset)
10-05 13:54:36.086 25478 25478 W WindowOnBackDispatcher: OnBackInvokedCallback is not enabled for the application.
10-05 13:54:36.086 25478 25478 W WindowOnBackDispatcher: Set 'android:enableOnBackInvokedCallback="true"' in the application manifest.
10-05 13:54:36.087 25478 25478 D WhisperSpeechController: updateContext: surveyId=1e894245-19f0-4e03-9012-1027d1dc5501, questionId=Introduction
10-05 13:54:36.113 25478 25478 I View    : setRequestedFrameRate frameRate=NaN, this=android.view.View{8e68063 V.ED..... ........ 0,0-0,0}, caller=androidx.compose.ui.platform.Api35Impl.setRequestedFrameRate:4047 androidx.compose.ui.platform.AndroidComposeView.dispatchDraw:2282 android.view.View.draw:26153 android.view.View.updateDisplayListIfDirty:24990 android.view.ViewGroup.recreateChildDisplayList:4759 
10-05 13:54:36.337 25478 25478 W JobService: onNetworkChanged() not implemented in androidx.work.impl.background.systemjob.SystemJobService. Must override in a subclass.
10-05 13:54:36.340 25478 25555 D WM-WorkConstraintsTrack: NetworkRequestConstraintController onCapabilitiesChanged callback
10-05 13:54:36.793 25478 25483 W com.negi.survey: Missing inline cache for java.lang.Object androidx.navigation3.ui.NavDisplayKt__NavDisplayKt$NavDisplay$16$1$3.emit(boolean, kotlin.coroutines.Continuation)
10-05 13:54:36.793 25478 25483 W com.negi.survey: Missing inline cache for java.lang.Object androidx.navigation3.ui.NavDisplayKt__NavDisplayKt$NavDisplay$16$1$3.emit(boolean, kotlin.coroutines.Continuation)
10-05 13:54:37.730 25478 25478 I VRI[MainActivity]@7d2e953: ViewPostIme pointer 0
10-05 13:54:37.793 25478 25478 I View    : setRequestedFrameRate frameRate=-4.0, this=android.view.View{8e68063 V.ED..... ........ 0,0-0,0}, caller=androidx.compose.ui.platform.Api35Impl.setRequestedFrameRate:4047 androidx.compose.ui.platform.AndroidComposeView.dispatchDraw:2282 android.view.View.draw:26153 android.view.View.updateDisplayListIfDirty:24990 android.view.ViewGroup.recreateChildDisplayList:4759 
10-05 13:54:38.217 25478 25478 I VRI[MainActivity]@7d2e953: ViewPostIme pointer 1
10-05 13:54:38.661 25478 25478 I VRI[MainActivity]@7d2e953: ViewPostIme pointer 0
10-05 13:54:38.834 25478 25478 I VRI[MainActivity]@7d2e953: ViewPostIme pointer 1
10-05 13:54:39.006 25478 25478 I View    : setRequestedFrameRate frameRate=NaN, this=android.view.View{8e68063 V.ED..... ........ 0,0-0,0}, caller=androidx.compose.ui.platform.Api35Impl.setRequestedFrameRate:4047 androidx.compose.ui.platform.AndroidComposeView.dispatchDraw:2282 android.view.View.draw:26153 android.view.View.updateDisplayListIfDirty:24990 android.view.ViewGroup.recreateChildDisplayList:4759 
10-05 13:54:39.637 25478 25478 I VRI[MainActivity]@7d2e953: ViewPostIme pointer 0
10-05 13:54:39.691 25478 25478 I View    : setRequestedFrameRate frameRate=-4.0, this=android.view.View{8e68063 V.ED..... ........ 0,0-0,0}, caller=androidx.compose.ui.platform.Api35Impl.setRequestedFrameRate:4047 androidx.compose.ui.platform.AndroidComposeView.dispatchDraw:2282 android.view.View.draw:26153 android.view.View.updateDisplayListIfDirty:24990 android.view.ViewGroup.recreateChildDisplayList:4759 
10-05 13:54:39.793 25478 25478 I VRI[MainActivity]@7d2e953: ViewPostIme pointer 1
10-05 13:54:40.446 25478 25478 I VRI[MainActivity]@7d2e953: ViewPostIme pointer 0
10-05 13:54:40.586 25478 25478 I VRI[MainActivity]@7d2e953: ViewPostIme pointer 1
10-05 13:54:41.270 25478 25478 I VRI[MainActivity]@7d2e953: ViewPostIme pointer 0
10-05 13:54:41.344 25478 25478 I VRI[MainActivity]@7d2e953: ViewPostIme pointer 1
10-05 13:54:41.354 25478 25478 I View    : setRequestedFrameRate frameRate=NaN, this=android.view.View{8e68063 V.ED..... ........ 0,0-0,0}, caller=androidx.compose.ui.platform.Api35Impl.setRequestedFrameRate:4047 androidx.compose.ui.platform.AndroidComposeView.dispatchDraw:2282 android.view.View.draw:26153 android.view.View.updateDisplayListIfDirty:24990 android.view.ViewGroup.recreateChildDisplayList:4759 
10-05 13:54:42.403 25478 25478 I VRI[MainActivity]@7d2e953: ViewPostIme key 0
10-05 13:54:42.653 25478 25478 I VRI[MainActivity]@7d2e953: ViewPostIme key 0
10-05 13:54:42.703 25478 25478 I VRI[MainActivity]@7d2e953: ViewPostIme key 0
10-05 13:54:42.752 25478 25478 I VRI[MainActivity]@7d2e953: ViewPostIme key 0
10-05 13:54:42.786 25478 25478 I VRI[MainActivity]@7d2e953: ViewPostIme key 1
10-05 13:54:43.396 25478 25478 I VRI[MainActivity]@7d2e953: ViewPostIme key 0
10-05 13:54:43.647 25478 25478 I VRI[MainActivity]@7d2e953: ViewPostIme key 0
10-05 13:54:43.698 25478 25478 I VRI[MainActivity]@7d2e953: ViewPostIme key 0
10-05 13:54:43.748 25478 25478 I VRI[MainActivity]@7d2e953: ViewPostIme key 0
10-05 13:54:43.799 25478 25478 I VRI[MainActivity]@7d2e953: ViewPostIme key 0
10-05 13:54:43.849 25478 25478 I VRI[MainActivity]@7d2e953: ViewPostIme key 0
10-05 13:54:43.888 25478 25478 I VRI[MainActivity]@7d2e953: ViewPostIme key 1
10-05 13:54:44.274 25478 25478 I VRI[MainActivity]@7d2e953: ViewPostIme pointer 0
10-05 13:54:44.321 25478 25478 I View    : setRequestedFrameRate frameRate=-4.0, this=android.view.View{8e68063 V.ED..... ........ 0,0-0,0}, caller=androidx.compose.ui.platform.Api35Impl.setRequestedFrameRate:4047 androidx.compose.ui.platform.AndroidComposeView.dispatchDraw:2282 android.view.View.draw:26153 android.view.View.updateDisplayListIfDirty:24990 android.view.ViewGroup.recreateChildDisplayList:4759 
10-05 13:54:44.352 25478 25478 I VRI[MainActivity]@7d2e953: call setFrameRateCategory for touch hint category=no preference, reason=boost timeout, vri=VRI[MainActivity]@7d2e953
10-05 13:54:44.360 25478 25478 I VRI[MainActivity]@7d2e953: call setFrameRateCategory for touch hint category=high hint, reason=touch, vri=VRI[MainActivity]@7d2e953
10-05 13:54:44.414 25478 25478 I VRI[MainActivity]@7d2e953: ViewPostIme pointer 1
10-05 13:54:44.469 25478 25478 I View    : setRequestedFrameRate frameRate=NaN, this=android.view.View{8e68063 V.ED..... ........ 0,0-0,0}, caller=androidx.compose.ui.platform.Api35Impl.setRequestedFrameRate:4047 androidx.compose.ui.platform.AndroidComposeView.dispatchDraw:2282 android.view.View.draw:26153 android.view.View.updateDisplayListIfDirty:24990 android.view.ViewGroup.recreateChildDisplayList:4759 
10-05 13:54:44.791 25478 25478 I VRI[MainActivity]@7d2e953: ViewPostIme pointer 0
10-05 13:54:44.906 25478 25478 I VRI[MainActivity]@7d2e953: ViewPostIme pointer 1
10-05 13:54:45.563 25478 25478 I VRI[MainActivity]@7d2e953: ViewPostIme pointer 0
10-05 13:54:45.639 25478 25478 I VRI[MainActivity]@7d2e953: ViewPostIme pointer 1
10-05 13:54:46.163 25478 25478 I VRI[MainActivity]@7d2e953: ViewPostIme pointer 0
10-05 13:54:46.248 25478 25478 I VRI[MainActivity]@7d2e953: ViewPostIme pointer 1
10-05 13:54:47.807 25478 25478 I VRI[MainActivity]@7d2e953: ViewPostIme key 0
10-05 13:54:48.029 25478 25478 I VRI[MainActivity]@7d2e953: ViewPostIme key 1
10-05 13:54:48.526 25478 25478 I VRI[MainActivity]@7d2e953: ViewPostIme key 0
10-05 13:54:48.778 25478 25478 I VRI[MainActivity]@7d2e953: ViewPostIme key 0
10-05 13:54:48.781 25478 25478 I VRI[MainActivity]@7d2e953: ViewPostIme key 1
10-05 13:54:49.252 25478 25478 I VRI[MainActivity]@7d2e953: call setFrameRateCategory for touch hint category=no preference, reason=boost timeout, vri=VRI[MainActivity]@7d2e953
10-05 13:54:49.656 25478 25478 I VRI[MainActivity]@7d2e953: ViewPostIme key 0
10-05 13:54:49.676 25478 25478 I VRI[MainActivity]@7d2e953: ViewPostIme key 1
10-05 13:54:50.429 25478 25478 I VRI[MainActivity]@7d2e953: ViewPostIme pointer 0
10-05 13:54:50.430 25478 25478 I VRI[MainActivity]@7d2e953: call setFrameRateCategory for touch hint category=high hint, reason=touch, vri=VRI[MainActivity]@7d2e953
10-05 13:54:50.552 25478 25478 I VRI[MainActivity]@7d2e953: ViewPostIme pointer 1
10-05 13:54:53.555 25478 25478 I VRI[MainActivity]@7d2e953: call setFrameRateCategory for touch hint category=no preference, reason=boost timeout, vri=VRI[MainActivity]@7d2e953
10-05 13:54:53.672 25478 25478 D SmartClipDataCropperImpl: doExtractSmartClipData : Extraction start! reqId = 6  Cropped area = Rect(540, 1170 - 541, 1171)  Package = com.negi.survey
10-05 13:54:53.673 25478 25478 D SmartClipDataCropperImpl: addAppMetaTag : package name is com.negi.survey
10-05 13:54:53.673 25478 25478 D SmartClipDataCropperImpl: sendExtractionResultToSmartClipService : -- Extracted SmartClip data information --
10-05 13:54:53.673 25478 25478 D SmartClipDataCropperImpl: sendExtractionResultToSmartClipService : Request Id : 6
10-05 13:54:53.673 25478 25478 D SmartClipDataCropperImpl: sendExtractionResultToSmartClipService : Extraction mode : 1
10-05 13:54:53.673 25478 25478 D SemSmartClipDataRepository: ----- Start of SmartClip repository informations -----
10-05 13:54:53.673 25478 25478 D SemSmartClipDataRepository: ** Content type : image
10-05 13:54:53.673 25478 25478 D SemSmartClipDataRepository: ** Meta area rect : Rect(0, 0 - 0, 0)
10-05 13:54:53.673 25478 25478 D SemSmartClipDataRepository: ** Captured image file path : null
10-05 13:54:53.673 25478 25478 D SemSmartClipDataRepository: ----- End of SmartClip repository informations -----
10-05 13:54:53.674 25478 25478 D SmartClipDataCropperImpl: sendExtractionResultToSmartClipService : Elapsed = 2
10-05 13:54:53.886 25478 25478 I ImeFocusController: onPreWindowFocus: skipped hasWindowFocus=false mHasImeFocus=true
10-05 13:54:53.886 25478 25478 I ImeFocusController: onPostWindowFocus: skipped hasWindowFocus=false mHasImeFocus=true
10-05 13:54:53.957 25478 25478 D SmartClipRemoteRequestDispatcher: dispatchScrollableAreaInfo : windowRect = Rect(0, 0 - 1080, 2340)
10-05 13:54:53.958 25478 25478 D SmartClipRemoteRequestDispatcher: dispatchScrollableAreaInfo : Scrollable view count = 1
10-05 13:54:53.958 25478 25478 D SmartClipRemoteRequestDispatcher: dispatchScrollableAreaInfo : Unscrollable view count = 0
10-05 13:54:53.958 25478 25478 D SmartClipRemoteRequestDispatcher: dispatchScrollableAreaInfo : Pkg=com.negi.survey Activity=null
10-05 13:54:54.481 25478 25478 W JobService: onNetworkChanged() not implemented in androidx.work.impl.background.systemjob.SystemJobService. Must override in a subclass.
10-05 13:54:54.492 25478 25555 D WM-WorkConstraintsTrack: NetworkRequestConstraintController onCapabilitiesChanged callback
10-05 13:54:56.413 25478 25478 I InsetsSourceConsumer: applyRequestedVisibilityToControl: visible=true, type=navigationBars, host=com.negi.survey/com.negi.survey.MainActivity
10-05 13:54:56.413 25478 25478 I InsetsSourceConsumer: applyRequestedVisibilityToControl: visible=true, type=statusBars, host=com.negi.survey/com.negi.survey.MainActivity
10-05 13:54:56.423 25478 25478 D VRI[MainActivity]@7d2e953: mThreadedRenderer.initializeIfNeeded()#2 mSurface={isValid=true 0xb4000077f3bb56d0}
10-05 13:54:56.423 25478 25478 D InputMethodManagerUtils: startInputInner - Id : 0
10-05 13:54:56.423 25478 25478 I InputMethodManager: startInputInner - IInputMethodManagerGlobalInvoker.startInputOrWindowGainedFocus
10-05 13:54:56.425 25478 26094 D InputTransport: Input channel constructed: 'ClientS', fd=178
10-05 13:54:56.647 25478 25478 I VRI[MainActivity]@7d2e953: ViewPostIme pointer 0
10-05 13:54:56.648 25478 25478 I VRI[MainActivity]@7d2e953: call setFrameRateCategory for touch hint category=high hint, reason=touch, vri=VRI[MainActivity]@7d2e953
10-05 13:54:56.766 25478 25478 I VRI[MainActivity]@7d2e953: ViewPostIme pointer 1
10-05 13:54:57.500 25478 25478 W JobService: onNetworkChanged() not implemented in androidx.work.impl.background.systemjob.SystemJobService. Must override in a subclass.
10-05 13:54:57.507 25478 25555 D WM-WorkConstraintsTrack: NetworkRequestConstraintController onCapabilitiesChanged callback
10-05 13:54:57.820 25478 25478 I VRI[MainActivity]@7d2e953: ViewPostIme pointer 0
10-05 13:54:57.951 25478 25478 I VRI[MainActivity]@7d2e953: ViewPostIme pointer 1
10-05 13:54:58.160 25478 25478 I VRI[MainActivity]@7d2e953: ViewPostIme pointer 0
10-05 13:54:58.207 25478 25478 I View    : setRequestedFrameRate frameRate=-4.0, this=android.view.View{8e68063 V.ED..... ........ 0,0-0,0}, caller=androidx.compose.ui.platform.Api35Impl.setRequestedFrameRate:4047 androidx.compose.ui.platform.AndroidComposeView.dispatchDraw:2282 android.view.View.draw:26153 android.view.View.updateDisplayListIfDirty:24990 android.view.ViewGroup.recreateChildDisplayList:4759 
10-05 13:54:58.268 25478 25478 I VRI[MainActivity]@7d2e953: ViewPostIme pointer 1
10-05 13:54:58.399 25478 25478 I View    : setRequestedFrameRate frameRate=NaN, this=android.view.View{8e68063 V.ED..... ........ 0,0-0,0}, caller=androidx.compose.ui.platform.Api35Impl.setRequestedFrameRate:4047 androidx.compose.ui.platform.AndroidComposeView.dispatchDraw:2282 android.view.View.draw:26153 android.view.View.updateDisplayListIfDirty:24990 android.view.ViewGroup.recreateChildDisplayList:4759 
10-05 13:54:58.994 25478 25478 I VRI[MainActivity]@7d2e953: ViewPostIme pointer 0
10-05 13:54:59.093 25478 25478 I VRI[MainActivity]@7d2e953: ViewPostIme pointer 1
10-05 13:54:59.104 25478 25478 I View    : setRequestedFrameRate frameRate=-4.0, this=android.view.View{8e68063 V.ED..... ........ 0,0-0,0}, caller=androidx.compose.ui.platform.Api35Impl.setRequestedFrameRate:4047 androidx.compose.ui.platform.AndroidComposeView.dispatchDraw:2282 android.view.View.draw:26153 android.view.View.updateDisplayListIfDirty:24990 android.view.ViewGroup.recreateChildDisplayList:4759 
10-05 13:54:59.105 25478 25478 D WhisperSpeechController: updateContext: surveyId=1e894245-19f0-4e03-9012-1027d1dc5501, questionId=Consent
10-05 13:54:59.118 25478 25478 I View    : setRequestedFrameRate frameRate=NaN, this=android.view.View{8e68063 V.ED..... ........ 0,0-0,0}, caller=androidx.compose.ui.platform.Api35Impl.setRequestedFrameRate:4047 androidx.compose.ui.platform.AndroidComposeView.dispatchDraw:2282 android.view.View.draw:26153 android.view.View.updateDisplayListIfDirty:24990 android.view.ViewGroup.recreateChildDisplayList:4759 
10-05 13:55:00.516 25478 25478 W JobService: onNetworkChanged() not implemented in androidx.work.impl.background.systemjob.SystemJobService. Must override in a subclass.
10-05 13:55:00.521 25478 25555 D WM-WorkConstraintsTrack: NetworkRequestConstraintController onCapabilitiesChanged callback
10-05 13:55:01.686 25478 25478 I VRI[MainActivity]@7d2e953: ViewPostIme key 0
10-05 13:55:01.719 25478 25478 I VRI[MainActivity]@7d2e953: ViewPostIme key 1
10-05 13:55:02.095 25478 25478 I VRI[MainActivity]@7d2e953: call setFrameRateCategory for touch hint category=no preference, reason=boost timeout, vri=VRI[MainActivity]@7d2e953
10-05 13:55:03.527 25478 25478 W JobService: onNetworkChanged() not implemented in androidx.work.impl.background.systemjob.SystemJobService. Must override in a subclass.
10-05 13:55:03.534 25478 25555 D WM-WorkConstraintsTrack: NetworkRequestConstraintController onCapabilitiesChanged callback
10-05 13:55:05.924 25478 25478 D SmartClipDataCropperImpl: doExtractSmartClipData : Extraction start! reqId = 8  Cropped area = Rect(540, 1170 - 541, 1171)  Package = com.negi.survey
10-05 13:55:05.924 25478 25478 D SmartClipDataCropperImpl: addAppMetaTag : package name is com.negi.survey
10-05 13:55:05.924 25478 25478 D SmartClipDataCropperImpl: sendExtractionResultToSmartClipService : -- Extracted SmartClip data information --
10-05 13:55:05.924 25478 25478 D SmartClipDataCropperImpl: sendExtractionResultToSmartClipService : Request Id : 8
10-05 13:55:05.924 25478 25478 D SmartClipDataCropperImpl: sendExtractionResultToSmartClipService : Extraction mode : 1
10-05 13:55:05.924 25478 25478 D SemSmartClipDataRepository: ----- Start of SmartClip repository informations -----
10-05 13:55:05.924 25478 25478 D SemSmartClipDataRepository: ** Content type : image
10-05 13:55:05.924 25478 25478 D SemSmartClipDataRepository: ** Meta area rect : Rect(0, 0 - 0, 0)
10-05 13:55:05.924 25478 25478 D SemSmartClipDataRepository: ** Captured image file path : null
10-05 13:55:05.924 25478 25478 D SemSmartClipDataRepository: ----- End of SmartClip repository informations -----
10-05 13:55:05.924 25478 25478 D SmartClipDataCropperImpl: sendExtractionResultToSmartClipService : Elapsed = 0
10-05 13:55:05.972 25478 25478 I ImeFocusController: onPreWindowFocus: skipped hasWindowFocus=false mHasImeFocus=true
10-05 13:55:05.973 25478 25478 I ImeFocusController: onPostWindowFocus: skipped hasWindowFocus=false mHasImeFocus=true
10-05 13:55:05.981 25478 25478 D SmartClipRemoteRequestDispatcher: dispatchScrollableAreaInfo : windowRect = Rect(0, 0 - 1080, 2340)
10-05 13:55:05.982 25478 25478 D SmartClipRemoteRequestDispatcher: dispatchScrollableAreaInfo : Scrollable view count = 1
10-05 13:55:05.982 25478 25478 D SmartClipRemoteRequestDispatcher: dispatchScrollableAreaInfo : Unscrollable view count = 0
10-05 13:55:05.982 25478 25478 D SmartClipRemoteRequestDispatcher: dispatchScrollableAreaInfo : Pkg=com.negi.survey Activity=null
10-05 13:55:06.540 25478 25478 W JobService: onNetworkChanged() not implemented in androidx.work.impl.background.systemjob.SystemJobService. Must override in a subclass.
10-05 13:55:06.545 25478 25555 D WM-WorkConstraintsTrack: NetworkRequestConstraintController onCapabilitiesChanged callback
10-05 13:55:09.552 25478 25478 W JobService: onNetworkChanged() not implemented in androidx.work.impl.background.systemjob.SystemJobService. Must override in a subclass.
10-05 13:55:09.558 25478 25555 D WM-WorkConstraintsTrack: NetworkRequestConstraintController onCapabilitiesChanged callback
10-05 13:55:10.168 25478 25478 I InsetsSourceConsumer: applyRequestedVisibilityToControl: visible=true, type=navigationBars, host=com.negi.survey/com.negi.survey.MainActivity
10-05 13:55:10.169 25478 25478 I InsetsSourceConsumer: applyRequestedVisibilityToControl: visible=true, type=statusBars, host=com.negi.survey/com.negi.survey.MainActivity
10-05 13:55:10.176 25478 25478 D VRI[MainActivity]@7d2e953: mThreadedRenderer.initializeIfNeeded()#2 mSurface={isValid=true 0xb4000077f3bb56d0}
10-05 13:55:10.177 25478 25478 D InputMethodManagerUtils: startInputInner - Id : 0
10-05 13:55:10.177 25478 25478 I InputMethodManager: startInputInner - IInputMethodManagerGlobalInvoker.startInputOrWindowGainedFocus
10-05 13:55:10.178 25478 26094 D InputTransport: Input channel constructed: 'ClientS', fd=176
10-05 13:55:10.831 25478 25478 I VRI[MainActivity]@7d2e953: ViewPostIme pointer 0
10-05 13:55:10.832 25478 25478 I VRI[MainActivity]@7d2e953: call setFrameRateCategory for touch hint category=high hint, reason=touch, vri=VRI[MainActivity]@7d2e953
10-05 13:55:10.946 25478 25478 I VRI[MainActivity]@7d2e953: ViewPostIme pointer 1
10-05 13:55:10.960 25478 25478 I View    : setRequestedFrameRate frameRate=-4.0, this=android.view.View{8e68063 V.ED..... ........ 0,0-0,0}, caller=androidx.compose.ui.platform.Api35Impl.setRequestedFrameRate:4047 androidx.compose.ui.platform.AndroidComposeView.dispatchDraw:2282 android.view.View.draw:26153 android.view.View.updateDisplayListIfDirty:24990 android.view.ViewGroup.recreateChildDisplayList:4759 
10-05 13:55:10.961 25478 25478 D WhisperSpeechController: updateContext: surveyId=1e894245-19f0-4e03-9012-1027d1dc5501, questionId=Introduction
10-05 13:55:10.971 25478 25478 I View    : setRequestedFrameRate frameRate=NaN, this=android.view.View{8e68063 V.ED..... ........ 0,0-0,0}, caller=androidx.compose.ui.platform.Api35Impl.setRequestedFrameRate:4047 androidx.compose.ui.platform.AndroidComposeView.dispatchDraw:2282 android.view.View.draw:26153 android.view.View.updateDisplayListIfDirty:24990 android.view.ViewGroup.recreateChildDisplayList:4759 
10-05 13:55:11.615 25478 25478 I VRI[MainActivity]@7d2e953: ViewPostIme pointer 0
10-05 13:55:11.661 25478 25478 I View    : setRequestedFrameRate frameRate=-4.0, this=android.view.View{8e68063 V.ED..... ........ 0,0-0,0}, caller=androidx.compose.ui.platform.Api35Impl.setRequestedFrameRate:4047 androidx.compose.ui.platform.AndroidComposeView.dispatchDraw:2282 android.view.View.draw:26153 android.view.View.updateDisplayListIfDirty:24990 android.view.ViewGroup.recreateChildDisplayList:4759 
10-05 13:55:11.675 25478 25478 I View    : setRequestedFrameRate frameRate=NaN, this=android.view.View{8e68063 V.ED..... ........ 0,0-0,0}, caller=androidx.compose.ui.platform.Api35Impl.setRequestedFrameRate:4047 androidx.compose.ui.platform.AndroidComposeView.dispatchDraw:2282 android.view.View.draw:26153 android.view.View.updateDisplayListIfDirty:24990 android.view.ViewGroup.recreateChildDisplayList:4759 
10-05 13:55:11.712 25478 25478 I VRI[MainActivity]@7d2e953: ViewPostIme pointer 1
10-05 13:55:12.140 25478 25478 I VRI[MainActivity]@7d2e953: ViewPostIme pointer 0
10-05 13:55:12.170 25478 25478 I View    : setRequestedFrameRate frameRate=-4.0, this=android.view.View{8e68063 V.ED..... ........ 0,0-0,0}, caller=androidx.compose.ui.platform.Api35Impl.setRequestedFrameRate:4047 androidx.compose.ui.platform.AndroidComposeView.dispatchDraw:2282 android.view.View.draw:26153 android.view.View.updateDisplayListIfDirty:24990 android.view.ViewGroup.recreateChildDisplayList:4759 
10-05 13:55:12.205 25478 25478 I VRI[MainActivity]@7d2e953: ViewPostIme pointer 1
10-05 13:55:12.319 25478 25478 I View    : setRequestedFrameRate frameRate=NaN, this=android.view.View{8e68063 V.ED..... ........ 0,0-0,0}, caller=androidx.compose.ui.platform.Api35Impl.setRequestedFrameRate:4047 androidx.compose.ui.platform.AndroidComposeView.dispatchDraw:2282 android.view.View.draw:26153 android.view.View.updateDisplayListIfDirty:24990 android.view.ViewGroup.recreateChildDisplayList:4759 
10-05 13:55:12.572 25478 25478 W JobService: onNetworkChanged() not implemented in androidx.work.impl.background.systemjob.SystemJobService. Must override in a subclass.
10-05 13:55:12.574 25478 25555 D WM-WorkConstraintsTrack: NetworkRequestConstraintController onCapabilitiesChanged callback
10-05 13:55:12.766 25478 25478 I VRI[MainActivity]@7d2e953: ViewPostIme pointer 0
10-05 13:55:12.856 25478 25478 I VRI[MainActivity]@7d2e953: ViewPostIme pointer 1
10-05 13:55:12.866 25478 25478 I View    : setRequestedFrameRate frameRate=-4.0, this=android.view.View{8e68063 V.ED..... ........ 0,0-0,0}, caller=androidx.compose.ui.platform.Api35Impl.setRequestedFrameRate:4047 androidx.compose.ui.platform.AndroidComposeView.dispatchDraw:2282 android.view.View.draw:26153 android.view.View.updateDisplayListIfDirty:24990 android.view.ViewGroup.recreateChildDisplayList:4759 
10-05 13:55:12.866 25478 25478 D WhisperSpeechController: updateContext: surveyId=1e894245-19f0-4e03-9012-1027d1dc5501, questionId=Consent
10-05 13:55:12.877 25478 25478 I View    : setRequestedFrameRate frameRate=NaN, this=android.view.View{8e68063 V.ED..... ........ 0,0-0,0}, caller=androidx.compose.ui.platform.Api35Impl.setRequestedFrameRate:4047 androidx.compose.ui.platform.AndroidComposeView.dispatchDraw:2282 android.view.View.draw:26153 android.view.View.updateDisplayListIfDirty:24990 android.view.ViewGroup.recreateChildDisplayList:4759 
10-05 13:55:14.693 25478 25478 I VRI[MainActivity]@7d2e953: ViewPostIme pointer 0
10-05 13:55:14.824 25478 25478 I VRI[MainActivity]@7d2e953: ViewPostIme pointer 1
10-05 13:55:14.831 25478 25478 I View    : setRequestedFrameRate frameRate=-4.0, this=android.view.View{8e68063 V.ED..... ........ 0,0-0,0}, caller=androidx.compose.ui.platform.Api35Impl.setRequestedFrameRate:4047 androidx.compose.ui.platform.AndroidComposeView.dispatchDraw:2282 android.view.View.draw:26153 android.view.View.updateDisplayListIfDirty:24990 android.view.ViewGroup.recreateChildDisplayList:4759 
10-05 13:55:14.836 25478 25478 I View    : setRequestedFrameRate frameRate=NaN, this=android.view.View{8e68063 V.ED..... ........ 0,0-0,0}, caller=androidx.compose.ui.platform.Api35Impl.setRequestedFrameRate:4047 androidx.compose.ui.platform.AndroidComposeView.dispatchDraw:2282 android.view.View.draw:26153 android.view.View.updateDisplayListIfDirty:24990 android.view.ViewGroup.recreateChildDisplayList:4759 
10-05 13:55:15.479 25478 25478 I VRI[MainActivity]@7d2e953: ViewPostIme pointer 0
10-05 13:55:15.566 25478 25478 I VRI[MainActivity]@7d2e953: ViewPostIme pointer 1
10-05 13:55:15.577 25478 25478 I View    : setRequestedFrameRate frameRate=-4.0, this=android.view.View{8e68063 V.ED..... ........ 0,0-0,0}, caller=androidx.compose.ui.platform.Api35Impl.setRequestedFrameRate:4047 androidx.compose.ui.platform.AndroidComposeView.dispatchDraw:2282 android.view.View.draw:26153 android.view.View.updateDisplayListIfDirty:24990 android.view.ViewGroup.recreateChildDisplayList:4759 
10-05 13:55:15.578 25478 25478 D WhisperSpeechController: updateContext: surveyId=1e894245-19f0-4e03-9012-1027d1dc5501, questionId=Q1
10-05 13:55:15.578 25478 25478 W JobService: onNetworkChanged() not implemented in androidx.work.impl.background.systemjob.SystemJobService. Must override in a subclass.
10-05 13:55:15.580 25478 25478 I View    : setRequestedFrameRate frameRate=NaN, this=android.view.View{8e68063 V.ED..... ........ 0,0-0,0}, caller=androidx.compose.ui.platform.Api35Impl.setRequestedFrameRate:4047 androidx.compose.ui.platform.AndroidComposeView.dispatchDraw:2282 android.view.View.draw:26153 android.view.View.updateDisplayListIfDirty:24990 android.view.ViewGroup.recreateChildDisplayList:4759 
10-05 13:55:15.583 25478 25555 D WM-WorkConstraintsTrack: NetworkRequestConstraintController onCapabilitiesChanged callback
10-05 13:55:18.569 25478 25478 I VRI[MainActivity]@7d2e953: call setFrameRateCategory for touch hint category=no preference, reason=boost timeout, vri=VRI[MainActivity]@7d2e953
10-05 13:55:20.545 25478 25478 D SmartClipDataCropperImpl: doExtractSmartClipData : Extraction start! reqId = 10  Cropped area = Rect(540, 1170 - 541, 1171)  Package = com.negi.survey
10-05 13:55:20.545 25478 25478 D SmartClipDataCropperImpl: addAppMetaTag : package name is com.negi.survey
10-05 13:55:20.545 25478 25478 D SmartClipDataCropperImpl: sendExtractionResultToSmartClipService : -- Extracted SmartClip data information --
10-05 13:55:20.545 25478 25478 D SmartClipDataCropperImpl: sendExtractionResultToSmartClipService : Request Id : 10
10-05 13:55:20.545 25478 25478 D SmartClipDataCropperImpl: sendExtractionResultToSmartClipService : Extraction mode : 1
10-05 13:55:20.545 25478 25478 D SemSmartClipDataRepository: ----- Start of SmartClip repository informations -----
10-05 13:55:20.545 25478 25478 D SemSmartClipDataRepository: ** Content type : image
10-05 13:55:20.545 25478 25478 D SemSmartClipDataRepository: ** Meta area rect : Rect(0, 0 - 0, 0)
10-05 13:55:20.545 25478 25478 D SemSmartClipDataRepository: ** Captured image file path : null
10-05 13:55:20.545 25478 25478 D SemSmartClipDataRepository: ----- End of SmartClip repository informations -----
10-05 13:55:20.545 25478 25478 D SmartClipDataCropperImpl: sendExtractionResultToSmartClipService : Elapsed = 0
10-05 13:55:20.594 25478 25478 I ImeFocusController: onPreWindowFocus: skipped hasWindowFocus=false mHasImeFocus=true
10-05 13:55:20.595 25478 25478 I ImeFocusController: onPostWindowFocus: skipped hasWindowFocus=false mHasImeFocus=true
10-05 13:55:20.598 25478 25478 D SmartClipRemoteRequestDispatcher: dispatchScrollableAreaInfo : windowRect = Rect(0, 0 - 1080, 2340)
10-05 13:55:20.598 25478 25478 D SmartClipRemoteRequestDispatcher: dispatchScrollableAreaInfo : Scrollable view count = 1
10-05 13:55:20.598 25478 25478 D SmartClipRemoteRequestDispatcher: dispatchScrollableAreaInfo : Unscrollable view count = 0
10-05 13:55:20.598 25478 25478 D SmartClipRemoteRequestDispatcher: dispatchScrollableAreaInfo : Pkg=com.negi.survey Activity=null
10-05 13:55:21.605 25478 25478 W JobService: onNetworkChanged() not implemented in androidx.work.impl.background.systemjob.SystemJobService. Must override in a subclass.
10-05 13:55:21.621 25478 25555 D WM-WorkConstraintsTrack: NetworkRequestConstraintController onCapabilitiesChanged callback
10-05 13:55:24.806 25478 25478 I InsetsSourceConsumer: applyRequestedVisibilityToControl: visible=true, type=navigationBars, host=com.negi.survey/com.negi.survey.MainActivity
10-05 13:55:24.807 25478 25478 I InsetsSourceConsumer: applyRequestedVisibilityToControl: visible=true, type=statusBars, host=com.negi.survey/com.negi.survey.MainActivity
10-05 13:55:24.815 25478 25478 D VRI[MainActivity]@7d2e953: mThreadedRenderer.initializeIfNeeded()#2 mSurface={isValid=true 0xb4000077f3bb56d0}
10-05 13:55:24.815 25478 25478 D InputMethodManagerUtils: startInputInner - Id : 0
10-05 13:55:24.815 25478 25478 I InputMethodManager: startInputInner - IInputMethodManagerGlobalInvoker.startInputOrWindowGainedFocus
10-05 13:55:24.817 25478 26094 D InputTransport: Input channel constructed: 'ClientS', fd=180
10-05 13:55:24.942 25478 25478 I VRI[MainActivity]@7d2e953: ViewPostIme pointer 0
10-05 13:55:24.943 25478 25478 I VRI[MainActivity]@7d2e953: call setFrameRateCategory for touch hint category=high hint, reason=touch, vri=VRI[MainActivity]@7d2e953
10-05 13:55:24.984 25478 25478 I VRI[MainActivity]@7d2e953: ViewPostIme pointer 1
10-05 13:55:24.994 25478 25478 I View    : setRequestedFrameRate frameRate=-4.0, this=android.view.View{8e68063 V.ED..... ........ 0,0-0,0}, caller=androidx.compose.ui.platform.Api35Impl.setRequestedFrameRate:4047 androidx.compose.ui.platform.AndroidComposeView.dispatchDraw:2282 android.view.View.draw:26153 android.view.View.updateDisplayListIfDirty:24990 android.view.ViewGroup.recreateChildDisplayList:4759 
10-05 13:55:24.997 25478 25478 I View    : setRequestedFrameRate frameRate=NaN, this=android.view.View{8e68063 V.ED..... ........ 0,0-0,0}, caller=androidx.compose.ui.platform.Api35Impl.setRequestedFrameRate:4047 androidx.compose.ui.platform.AndroidComposeView.dispatchDraw:2282 android.view.View.draw:26153 android.view.View.updateDisplayListIfDirty:24990 android.view.ViewGroup.recreateChildDisplayList:4759 
10-05 13:55:25.577 25478 25478 I VRI[MainActivity]@7d2e953: ViewPostIme pointer 0
10-05 13:55:25.676 25478 25478 I VRI[MainActivity]@7d2e953: ViewPostIme pointer 1
10-05 13:55:25.691 25478 25478 I View    : setRequestedFrameRate frameRate=-4.0, this=android.view.View{8e68063 V.ED..... ........ 0,0-0,0}, caller=androidx.compose.ui.platform.Api35Impl.setRequestedFrameRate:4047 androidx.compose.ui.platform.AndroidComposeView.dispatchDraw:2282 android.view.View.draw:26153 android.view.View.updateDisplayListIfDirty:24990 android.view.ViewGroup.recreateChildDisplayList:4759 
10-05 13:55:25.691 25478 25478 D WhisperSpeechController: updateContext: surveyId=1e894245-19f0-4e03-9012-1027d1dc5501, questionId=Q2
10-05 13:55:25.692 25478 25478 I View    : setRequestedFrameRate frameRate=NaN, this=android.view.View{8e68063 V.ED..... ........ 0,0-0,0}, caller=androidx.compose.ui.platform.Api35Impl.setRequestedFrameRate:4047 androidx.compose.ui.platform.AndroidComposeView.dispatchDraw:2282 android.view.View.draw:26153 android.view.View.updateDisplayListIfDirty:24990 android.view.ViewGroup.recreateChildDisplayList:4759 
10-05 13:55:28.441 25478 25478 D SmartClipDataCropperImpl: doExtractSmartClipData : Extraction start! reqId = 12  Cropped area = Rect(540, 1170 - 541, 1171)  Package = com.negi.survey
10-05 13:55:28.441 25478 25478 D SmartClipDataCropperImpl: addAppMetaTag : package name is com.negi.survey
10-05 13:55:28.441 25478 25478 D SmartClipDataCropperImpl: sendExtractionResultToSmartClipService : -- Extracted SmartClip data information --
10-05 13:55:28.442 25478 25478 D SmartClipDataCropperImpl: sendExtractionResultToSmartClipService : Request Id : 12
10-05 13:55:28.442 25478 25478 D SmartClipDataCropperImpl: sendExtractionResultToSmartClipService : Extraction mode : 1
10-05 13:55:28.442 25478 25478 D SemSmartClipDataRepository: ----- Start of SmartClip repository informations -----
10-05 13:55:28.442 25478 25478 D SemSmartClipDataRepository: ** Content type : image
10-05 13:55:28.442 25478 25478 D SemSmartClipDataRepository: ** Meta area rect : Rect(0, 0 - 0, 0)
10-05 13:55:28.442 25478 25478 D SemSmartClipDataRepository: ** Captured image file path : null
10-05 13:55:28.442 25478 25478 D SemSmartClipDataRepository: ----- End of SmartClip repository informations -----
10-05 13:55:28.442 25478 25478 D SmartClipDataCropperImpl: sendExtractionResultToSmartClipService : Elapsed = 1
10-05 13:55:28.484 25478 25478 I ImeFocusController: onPreWindowFocus: skipped hasWindowFocus=false mHasImeFocus=true
10-05 13:55:28.485 25478 25478 I ImeFocusController: onPostWindowFocus: skipped hasWindowFocus=false mHasImeFocus=true
10-05 13:55:28.492 25478 25478 D SmartClipRemoteRequestDispatcher: dispatchScrollableAreaInfo : windowRect = Rect(0, 0 - 1080, 2340)
10-05 13:55:28.492 25478 25478 D SmartClipRemoteRequestDispatcher: dispatchScrollableAreaInfo : Scrollable view count = 1
10-05 13:55:28.492 25478 25478 D SmartClipRemoteRequestDispatcher: dispatchScrollableAreaInfo : Unscrollable view count = 0
10-05 13:55:28.493 25478 25478 D SmartClipRemoteRequestDispatcher: dispatchScrollableAreaInfo : Pkg=com.negi.survey Activity=null
10-05 13:55:28.677 25478 25478 I VRI[MainActivity]@7d2e953: call setFrameRateCategory for touch hint category=no preference, reason=boost timeout, vri=VRI[MainActivity]@7d2e953
10-05 13:55:30.528 25478 25478 I InsetsSourceConsumer: applyRequestedVisibilityToControl: visible=true, type=navigationBars, host=com.negi.survey/com.negi.survey.MainActivity
10-05 13:55:30.528 25478 25478 I InsetsSourceConsumer: applyRequestedVisibilityToControl: visible=true, type=statusBars, host=com.negi.survey/com.negi.survey.MainActivity
10-05 13:55:30.537 25478 25478 D VRI[MainActivity]@7d2e953: mThreadedRenderer.initializeIfNeeded()#2 mSurface={isValid=true 0xb4000077f3bb56d0}
10-05 13:55:30.537 25478 25478 D InputMethodManagerUtils: startInputInner - Id : 0
10-05 13:55:30.537 25478 25478 I InputMethodManager: startInputInner - IInputMethodManagerGlobalInvoker.startInputOrWindowGainedFocus
10-05 13:55:30.540 25478 26094 D InputTransport: Input channel constructed: 'ClientS', fd=181
10-05 13:55:30.901 25478 25478 I VRI[MainActivity]@7d2e953: ViewPostIme pointer 0
10-05 13:55:30.902 25478 25478 I VRI[MainActivity]@7d2e953: call setFrameRateCategory for touch hint category=high hint, reason=touch, vri=VRI[MainActivity]@7d2e953
10-05 13:55:30.998 25478 25478 I VRI[MainActivity]@7d2e953: ViewPostIme pointer 1
10-05 13:55:31.008 25478 25478 I View    : setRequestedFrameRate frameRate=-4.0, this=android.view.View{8e68063 V.ED..... ........ 0,0-0,0}, caller=androidx.compose.ui.platform.Api35Impl.setRequestedFrameRate:4047 androidx.compose.ui.platform.AndroidComposeView.dispatchDraw:2282 android.view.View.draw:26153 android.view.View.updateDisplayListIfDirty:24990 android.view.ViewGroup.recreateChildDisplayList:4759 
10-05 13:55:31.010 25478 25478 I View    : setRequestedFrameRate frameRate=NaN, this=android.view.View{8e68063 V.ED..... ........ 0,0-0,0}, caller=androidx.compose.ui.platform.Api35Impl.setRequestedFrameRate:4047 androidx.compose.ui.platform.AndroidComposeView.dispatchDraw:2282 android.view.View.draw:26153 android.view.View.updateDisplayListIfDirty:24990 android.view.ViewGroup.recreateChildDisplayList:4759 
10-05 13:55:31.827 25478 25478 I VRI[MainActivity]@7d2e953: ViewPostIme pointer 0
10-05 13:55:31.923 25478 25478 I VRI[MainActivity]@7d2e953: ViewPostIme pointer 1
10-05 13:55:31.943 25478 25478 I View    : setRequestedFrameRate frameRate=-4.0, this=android.view.View{8e68063 V.ED..... ........ 0,0-0,0}, caller=androidx.compose.ui.platform.Api35Impl.setRequestedFrameRate:4047 androidx.compose.ui.platform.AndroidComposeView.dispatchDraw:2282 android.view.View.draw:26153 android.view.View.updateDisplayListIfDirty:24990 android.view.ViewGroup.recreateChildDisplayList:4759 
10-05 13:55:31.944 25478 25478 D WhisperSpeechController: updateContext: surveyId=1e894245-19f0-4e03-9012-1027d1dc5501, questionId=Q3
10-05 13:55:31.955 25478 25478 I View    : setRequestedFrameRate frameRate=NaN, this=android.view.View{8e68063 V.ED..... ........ 0,0-0,0}, caller=androidx.compose.ui.platform.Api35Impl.setRequestedFrameRate:4047 androidx.compose.ui.platform.AndroidComposeView.dispatchDraw:2282 android.view.View.draw:26153 android.view.View.updateDisplayListIfDirty:24990 android.view.ViewGroup.recreateChildDisplayList:4759 
10-05 13:55:34.927 25478 25478 I VRI[MainActivity]@7d2e953: call setFrameRateCategory for touch hint category=no preference, reason=boost timeout, vri=VRI[MainActivity]@7d2e953
10-05 13:55:35.298 25478 25478 D SmartClipDataCropperImpl: doExtractSmartClipData : Extraction start! reqId = 14  Cropped area = Rect(540, 1170 - 541, 1171)  Package = com.negi.survey
10-05 13:55:35.298 25478 25478 D SmartClipDataCropperImpl: addAppMetaTag : package name is com.negi.survey
10-05 13:55:35.298 25478 25478 D SmartClipDataCropperImpl: sendExtractionResultToSmartClipService : -- Extracted SmartClip data information --
10-05 13:55:35.298 25478 25478 D SmartClipDataCropperImpl: sendExtractionResultToSmartClipService : Request Id : 14
10-05 13:55:35.298 25478 25478 D SmartClipDataCropperImpl: sendExtractionResultToSmartClipService : Extraction mode : 1
10-05 13:55:35.298 25478 25478 D SemSmartClipDataRepository: ----- Start of SmartClip repository informations -----
10-05 13:55:35.298 25478 25478 D SemSmartClipDataRepository: ** Content type : image
10-05 13:55:35.298 25478 25478 D SemSmartClipDataRepository: ** Meta area rect : Rect(0, 0 - 0, 0)
10-05 13:55:35.298 25478 25478 D SemSmartClipDataRepository: ** Captured image file path : null
10-05 13:55:35.298 25478 25478 D SemSmartClipDataRepository: ----- End of SmartClip repository informations -----
10-05 13:55:35.298 25478 25478 D SmartClipDataCropperImpl: sendExtractionResultToSmartClipService : Elapsed = 0
10-05 13:55:35.343 25478 25478 I ImeFocusController: onPreWindowFocus: skipped hasWindowFocus=false mHasImeFocus=true
10-05 13:55:35.343 25478 25478 I ImeFocusController: onPostWindowFocus: skipped hasWindowFocus=false mHasImeFocus=true
10-05 13:55:35.343 25478 25478 D SmartClipRemoteRequestDispatcher: dispatchScrollableAreaInfo : windowRect = Rect(0, 0 - 1080, 2340)
10-05 13:55:35.343 25478 25478 D SmartClipRemoteRequestDispatcher: dispatchScrollableAreaInfo : Scrollable view count = 1
10-05 13:55:35.344 25478 25478 D SmartClipRemoteRequestDispatcher: dispatchScrollableAreaInfo : Unscrollable view count = 0
10-05 13:55:35.344 25478 25478 D SmartClipRemoteRequestDispatcher: dispatchScrollableAreaInfo : Pkg=com.negi.survey Activity=null
10-05 13:55:37.152 25478 25478 I InsetsSourceConsumer: applyRequestedVisibilityToControl: visible=true, type=navigationBars, host=com.negi.survey/com.negi.survey.MainActivity
10-05 13:55:37.152 25478 25478 I InsetsSourceConsumer: applyRequestedVisibilityToControl: visible=true, type=statusBars, host=com.negi.survey/com.negi.survey.MainActivity
10-05 13:55:37.168 25478 25478 D VRI[MainActivity]@7d2e953: mThreadedRenderer.initializeIfNeeded()#2 mSurface={isValid=true 0xb4000077f3bb56d0}
10-05 13:55:37.168 25478 25478 D InputMethodManagerUtils: startInputInner - Id : 0
10-05 13:55:37.168 25478 25478 I InputMethodManager: startInputInner - IInputMethodManagerGlobalInvoker.startInputOrWindowGainedFocus
10-05 13:55:37.170 25478 26094 D InputTransport: Input channel constructed: 'ClientS', fd=173
10-05 13:55:38.287 25478 25478 I VRI[MainActivity]@7d2e953: ViewPostIme pointer 0
10-05 13:55:38.292 25478 25478 I VRI[MainActivity]@7d2e953: call setFrameRateCategory for touch hint category=high hint, reason=touch, vri=VRI[MainActivity]@7d2e953
10-05 13:55:38.379 25478 25478 I VRI[MainActivity]@7d2e953: ViewPostIme pointer 1
10-05 13:55:38.391 25478 25478 D InputMethodManagerUtils: startInputInner - Id : 0
10-05 13:55:38.391 25478 25478 I InputMethodManager: startInputInner - IInputMethodManagerGlobalInvoker.startInputOrWindowGainedFocus
10-05 13:55:38.391 25478 25478 D InputMethodManagerUtils: startInputInner - Id : 0
10-05 13:55:38.391 25478 25478 I InputMethodManager: startInputInner - IInputMethodManagerGlobalInvoker.startInputOrWindowGainedFocus
10-05 13:55:38.392 25478 25478 D InsetsController: show(ime(), fromIme=false)
10-05 13:55:38.392 25478 25488 D InputTransport: Input channel constructed: 'ClientS', fd=174
10-05 13:55:38.392 25478 25478 I ImeTracker: com.negi.survey:dbb827c4: onRequestShow at ORIGIN_CLIENT reason SHOW_SOFT_INPUT_BY_INSETS_API fromUser false
10-05 13:55:38.392 25478 25478 D InsetsController: applyAnimation, skip insets animation, because hint of source is not equal to hint of control, source=InsetsSource: {3 mType=ime mFrame=[0,0][0,0] mVisible=false mFlags= mSideHint=NONE mBoundingRects=null}, control=InsetsSourceControl: {3 mType=ime mSurfacePosition=Point(0, 84) mInsetsHint=Insets{left=0, top=0, right=0, bottom=1008}}
10-05 13:55:38.392 25478 25488 D InputTransport: Input channel constructed: 'ClientS', fd=204
10-05 13:55:38.393 25478 25478 I InsetsController: setRequestedVisibleTypes: visible=true, mask=ime, host=com.negi.survey/com.negi.survey.MainActivity, from=android.view.InsetsController.controlAnimationUnchecked:1497 android.view.InsetsController.applyAnimation:2218 android.view.InsetsController.applyAnimation:2150 android.view.InsetsController.show:1339 android.view.InsetsController.show:1254 androidx.core.view.SoftwareKeyboardControllerCompat$Impl30.show:189 androidx.core.view.SoftwareKeyboardControllerCompat.show:70 androidx.compose.ui.text.input.InputMethodManagerImpl.showSoftInput:81 androidx.compose.ui.text.input.TextInputServiceAndroid.setKeyboardVisibleImmediately:468 androidx.compose.ui.text.input.TextInputServiceAndroid.processInputCommands:352 
10-05 13:55:38.393 25478 25478 I InputMethodManager_LC: ris()
10-05 13:55:38.394 25478 25478 I InputMethodManager_LC: ssi(): flags=0 view=com.negi.survey reason=SHOW_SOFT_INPUT_BY_INSETS_API
10-05 13:55:38.394 25478 25478 I InputMethodManager_LC: ssi() view is not EditText
10-05 13:55:38.394 25478 25478 D InputMethodManager: showSoftInput() view=androidx.compose.ui.platform.AndroidComposeView{63ac072 VFED..... .F....ID 0,0-1080,2340 aid=1073741824} flags=0 reason=SHOW_SOFT_INPUT_BY_INSETS_API
10-05 13:55:38.394 25478 25478 I InsetsController: setRequestedVisibleTypes: visible=false, mask=ime, host=com.negi.survey/com.negi.survey.MainActivity, from=android.view.InsetsController.controlAnimationUncheckedInner:1632 android.view.InsetsController.controlAnimationUnchecked:1501 android.view.InsetsController.applyAnimation:2218 android.view.InsetsController.applyAnimation:2150 android.view.InsetsController.show:1339 android.view.InsetsController.show:1254 androidx.core.view.SoftwareKeyboardControllerCompat$Impl30.show:189 androidx.core.view.SoftwareKeyboardControllerCompat.show:70 androidx.compose.ui.text.input.InputMethodManagerImpl.showSoftInput:81 androidx.compose.ui.text.input.TextInputServiceAndroid.setKeyboardVisibleImmediately:468 
10-05 13:55:38.401 25478 25478 I AssistStructure: Flattened final assist data: 516 bytes, containing 1 windows, 3 views
10-05 13:55:38.402 25478 25478 I InputMethodManager_LC: showSoftInput(View,I)
10-05 13:55:38.402 25478 25478 I ImeTracker: com.negi.survey:1c14ec3e: onRequestShow at ORIGIN_CLIENT reason SHOW_SOFT_INPUT fromUser false
10-05 13:55:38.402 25478 25478 I InputMethodManager_LC: ssi(): flags=0 view=com.negi.survey reason=SHOW_SOFT_INPUT
10-05 13:55:38.402 25478 25478 I InputMethodManager_LC: ssi() view is not EditText
10-05 13:55:38.402 25478 25478 D InputMethodManager: showSoftInput() view=androidx.compose.ui.platform.AndroidComposeView{63ac072 VFED..... .F...... 0,0-1080,2340 aid=1073741824} flags=0 reason=SHOW_SOFT_INPUT
10-05 13:55:38.407 25478 25478 W RemoteInputConnectionImpl: getExtractedText on inactive InputConnection
10-05 13:55:38.410 25478 25478 I View    : setRequestedFrameRate frameRate=-4.0, this=android.view.View{8e68063 V.ED..... ........ 0,0-0,0}, caller=androidx.compose.ui.platform.Api35Impl.setRequestedFrameRate:4047 androidx.compose.ui.platform.AndroidComposeView.dispatchDraw:2282 android.view.View.draw:26153 android.view.View.updateDisplayListIfDirty:24990 android.view.ViewGroup.recreateChildDisplayList:4759 
10-05 13:55:38.486 25478 25478 I InsetsController: onStateChanged: host=com.negi.survey/com.negi.survey.MainActivity, from=android.view.ViewRootImpl.handleResized:2781, state=InsetsState: {mDisplayFrame=Rect(0, 0 - 1080, 2340), mDisplayCutout=DisplayCutout{insets=Rect(0, 83 - 0, 0) waterfall=Insets{left=0, top=0, right=0, bottom=0} boundingRect={Bounds=[Rect(0, 0 - 0, 0), Rect(515, 0 - 566, 83), Rect(0, 0 - 0, 0), Rect(0, 0 - 0, 0)]} cutoutPathParserInfo={CutoutPathParserInfo{displayWidth=1080 displayHeight=2340 physicalDisplayWidth=1080 physicalDisplayHeight=2340 density={2.8125} cutoutSpec={M 0,0 H -9.066666666666667 V 29.6 H 9.066666666666667 V 0 H 0 Z @dp} rotation={0} scale={1.0} physicalPixelDisplaySizeRatio={1.0}}} sideOverrides={}}, mRoundedCorners=RoundedCorners{[RoundedCorner{position=TopLeft, radius=113, center=Point(113, 113)}, RoundedCorner{position=TopRight, radius=113, center=Point(967, 113)}, RoundedCorner{position=BottomRight, radius=113, center=Point(967, 2227)}, RoundedCorner{position=BottomLeft, radius=113, center=Point(113, 2227)}]}  mRoundedCornerFrame=Rect(0, 0 - 1080, 2340), mPrivacyIndicatorBounds=PrivacyIndicatorBounds {static bounds=Rect(956, 0 - 1080, 84) rotation=0}, mDisplayShape=DisplayShape{ spec=-311912193 displayWidth=1440 displayHeight=3120 physicalPixelDisplaySizeRatio=1.0 rotation=0 offsetX=0 offsetY=0 scale=1.0}, mSources= { InsetsSource: {3 mType=ime mFrame=[0,1332][1080,2340] mVisible=false mFlags= mSideHint=BOTTOM mBoundingRects=null}, InsetsSource: {27 mType=displayCutout mFrame=[0,0][1080,83] mVisible=true mFlags= mSideHint=TOP mBoundingRects=null}, InsetsSource: {17450000 mType=statusBars mFrame=[0,0][1080,84] mVisible=true mFlags= mSideHint=TOP mBoundingRects=null}, InsetsSource: {17450005 mType=mandatorySystemGestures mFrame=[0,0][1080,117] mVisible=true mFlags= mSideHint=TOP mBoundingRects=null}, InsetsSource: {17450006 mType=tappableElement mFrame=[0,0][1080,84] mVisible=true mFlags= mSideHint=TOP mBoundingRects=null}, InsetsSource: {4e1b0001 mType=navigationBars mFrame=[0,2205][1080,2340] mVisible=true mFlags= mSideHint=BOTTOM mBoundingRects=null}, InsetsSource: {4e1b0004 mType=systemGestures mFrame=[0,0][0,0] mVisible=true mFlags= mSideHint=NONE mBoundingRects=null}, InsetsSource: {4e1b0005 mType=mandatorySystemGestures mFrame=[0,2205][1080,2340] mVisible=true mFlags= mSideHint=BOTTOM mBoundingRects=null}, InsetsSource: {4e1b0006 mType=tappableElement mFrame=[0,2205][1080,2340] mVisible=true mFlags= mSideHint=BOTTOM mBoundingRects=null}, InsetsSource: {4e1b0024 mType=systemGestures mFrame=[0,0][0,0] mVisible=true mFlags= mSideHint=NONE mBoundingRects=null} }
10-05 13:55:38.486 25478 25478 I VRI[MainActivity]@7d2e953: handleResized, frames=ClientWindowFrames{frame=[0,0][1080,2340] display=[0,0][1080,2340] parentFrame=[0,0][0,0]} displayId=0 dragResizing=false compatScale=1.0 frameChanged=false attachedFrameChanged=false configChanged=false displayChanged=false compatScaleChanged=false dragResizingChanged=false
10-05 13:55:38.502 25478 25478 D InsetsController: show(ime(), fromIme=true)
10-05 13:55:38.502 25478 25478 I InsetsController: setRequestedVisibleTypes: visible=true, mask=ime, host=com.negi.survey/com.negi.survey.MainActivity, from=android.view.InsetsController.controlAnimationUnchecked:1497 android.view.InsetsController.handlePendingControlRequest:1356 android.view.InsetsController.show:1286 android.view.ViewRootImpl$ViewRootHandler.handleMessageImpl:8052 android.view.ViewRootImpl$ViewRootHandler.handleMessage:7987 android.os.Handler.dispatchMessage:107 android.os.Looper.loopOnce:257 android.os.Looper.loop:342 android.app.ActivityThread.main:9579 java.lang.reflect.Method.invoke:-2 
10-05 13:55:38.502 25478 25478 I InsetsController: controlAnimationUncheckedInner: Added types=ime, animType=0, host=com.negi.survey/com.negi.survey.MainActivity, from=android.view.InsetsController.controlAnimationUnchecked:1501 android.view.InsetsController.handlePendingControlRequest:1356 android.view.InsetsController.show:1286 
10-05 13:55:38.511 25478 25478 I InsetsController: cancelAnimation: types=ime, animType=0, host=com.negi.survey/com.negi.survey.MainActivity, from=android.view.InsetsController.notifyFinished:1881 android.view.InsetsAnimationControlImpl.applyChangeInsets:307 android.view.InsetsController.lambda$new$3:931 
10-05 13:55:38.511 25478 25478 I ImeTracker: com.negi.survey:1c14ec3e: onShown
10-05 13:55:38.513 25478 25512 I VRI[MainActivity]@7d2e953: mWNT: t=0xb400007833093090 mBlastBufferQueue=0xb400007812f506d0 fn= 1305 HdrRenderState mRenderHdrSdrRatio=1.0 caller= android.view.SyncRtSurfaceTransactionApplier.applyTransaction:96 android.view.SyncRtSurfaceTransactionApplier.lambda$scheduleApply$0:69 android.view.SyncRtSurfaceTransactionApplier.$r8$lambda$afI4fXg3U3-nBZQEDQMiNy-B06s:0 
10-05 13:55:38.513 25478 25478 I InsetsController: onStateChanged: host=com.negi.survey/com.negi.survey.MainActivity, from=android.view.ViewRootImpl.handleResized:2781, state=InsetsState: {mDisplayFrame=Rect(0, 0 - 1080, 2340), mDisplayCutout=DisplayCutout{insets=Rect(0, 83 - 0, 0) waterfall=Insets{left=0, top=0, right=0, bottom=0} boundingRect={Bounds=[Rect(0, 0 - 0, 0), Rect(515, 0 - 566, 83), Rect(0, 0 - 0, 0), Rect(0, 0 - 0, 0)]} cutoutPathParserInfo={CutoutPathParserInfo{displayWidth=1080 displayHeight=2340 physicalDisplayWidth=1080 physicalDisplayHeight=2340 density={2.8125} cutoutSpec={M 0,0 H -9.066666666666667 V 29.6 H 9.066666666666667 V 0 H 0 Z @dp} rotation={0} scale={1.0} physicalPixelDisplaySizeRatio={1.0}}} sideOverrides={}}, mRoundedCorners=RoundedCorners{[RoundedCorner{position=TopLeft, radius=113, center=Point(113, 113)}, RoundedCorner{position=TopRight, radius=113, center=Point(967, 113)}, RoundedCorner{position=BottomRight, radius=113, center=Point(967, 2227)}, RoundedCorner{position=BottomLeft, radius=113, center=Point(113, 2227)}]}  mRoundedCornerFrame=Rect(0, 0 - 1080, 2340), mPrivacyIndicatorBounds=PrivacyIndicatorBounds {static bounds=Rect(956, 0 - 1080, 84) rotation=0}, mDisplayShape=DisplayShape{ spec=-311912193 displayWidth=1440 displayHeight=3120 physicalPixelDisplaySizeRatio=1.0 rotation=0 offsetX=0 offsetY=0 scale=1.0}, mSources= { InsetsSource: {3 mType=ime mFrame=[0,1332][1080,2340] mVisible=true mFlags= mSideHint=BOTTOM mBoundingRects=null}, InsetsSource: {27 mType=displayCutout mFrame=[0,0][1080,83] mVisible=true mFlags= mSideHint=TOP mBoundingRects=null}, InsetsSource: {17450000 mType=statusBars mFrame=[0,0][1080,84] mVisible=true mFlags= mSideHint=TOP mBoundingRects=null}, InsetsSource: {17450005 mType=mandatorySystemGestures mFrame=[0,0][1080,117] mVisible=true mFlags= mSideHint=TOP mBoundingRects=null}, InsetsSource: {17450006 mType=tappableElement mFrame=[0,0][1080,84] mVisible=true mFlags= mSideHint=TOP mBoundingRects=null}, InsetsSource: {4e1b0001 mType=navigationBars mFrame=[0,2205][1080,2340] mVisible=true mFlags= mSideHint=BOTTOM mBoundingRects=null}, InsetsSource: {4e1b0004 mType=systemGestures mFrame=[0,0][0,0] mVisible=true mFlags= mSideHint=NONE mBoundingRects=null}, InsetsSource: {4e1b0005 mType=mandatorySystemGestures mFrame=[0,2205][1080,2340] mVisible=true mFlags= mSideHint=BOTTOM mBoundingRects=null}, InsetsSource: {4e1b0006 mType=tappableElement mFrame=[0,2205][1080,2340] mVisible=true mFlags= mSideHint=BOTTOM mBoundingRects=null}, InsetsSource: {4e1b0024 mType=systemGestures mFrame=[0,0][0,0] mVisible=true mFlags= mSideHint=NONE mBoundingRects=null} }
10-05 13:55:38.513 25478 25478 I VRI[MainActivity]@7d2e953: handleResized, frames=ClientWindowFrames{frame=[0,0][1080,2340] display=[0,0][1080,2340] parentFrame=[0,0][0,0]} displayId=0 dragResizing=false compatScale=1.0 frameChanged=false attachedFrameChanged=false configChanged=false displayChanged=false compatScaleChanged=false dragResizingChanged=false
10-05 13:55:38.543 25478 25478 I View    : setRequestedFrameRate frameRate=NaN, this=android.view.View{8e68063 V.ED..... ........ 0,0-0,0}, caller=androidx.compose.ui.platform.Api35Impl.setRequestedFrameRate:4047 androidx.compose.ui.platform.AndroidComposeView.dispatchDraw:2282 android.view.View.draw:26153 android.view.View.updateDisplayListIfDirty:24990 android.view.ViewGroup.recreateChildDisplayList:4759 
10-05 13:55:38.552 25478 25478 I View    : setRequestedFrameRate frameRate=-4.0, this=android.view.View{8e68063 V.ED..... ........ 0,0-0,0}, caller=androidx.compose.ui.platform.Api35Impl.setRequestedFrameRate:4047 androidx.compose.ui.platform.AndroidComposeView.dispatchDraw:2282 android.view.View.draw:26153 android.view.View.updateDisplayListIfDirty:24990 android.view.ViewGroup.recreateChildDisplayList:4759 
10-05 13:55:38.560 25478 25478 I View    : setRequestedFrameRate frameRate=NaN, this=android.view.View{8e68063 V.ED..... ........ 0,0-0,0}, caller=androidx.compose.ui.platform.Api35Impl.setRequestedFrameRate:4047 androidx.compose.ui.platform.AndroidComposeView.dispatchDraw:2282 android.view.View.draw:26153 android.view.View.updateDisplayListIfDirty:24990 android.view.ViewGroup.recreateChildDisplayList:4759 
10-05 13:55:38.568 25478 25478 I View    : setRequestedFrameRate frameRate=-4.0, this=android.view.View{8e68063 V.ED..... ........ 0,0-0,0}, caller=androidx.compose.ui.platform.Api35Impl.setRequestedFrameRate:4047 androidx.compose.ui.platform.AndroidComposeView.dispatchDraw:2282 android.view.View.draw:26153 android.view.View.updateDisplayListIfDirty:24990 android.view.ViewGroup.recreateChildDisplayList:4759 
10-05 13:55:38.576 25478 25478 I View    : setRequestedFrameRate frameRate=NaN, this=android.view.View{8e68063 V.ED..... ........ 0,0-0,0}, caller=androidx.compose.ui.platform.Api35Impl.setRequestedFrameRate:4047 androidx.compose.ui.platform.AndroidComposeView.dispatchDraw:2282 android.view.View.draw:26153 android.view.View.updateDisplayListIfDirty:24990 android.view.ViewGroup.recreateChildDisplayList:4759 
10-05 13:55:39.242 25478 25478 I VRI[MainActivity]@7d2e953: onDisplayChanged oldDisplayState=2 newDisplayState=2
10-05 13:55:39.332 25478 25478 I VRI[MainActivity]@7d2e953: ViewPostIme key 0
10-05 13:55:39.336 25478 25478 I VRI[MainActivity]@7d2e953: ViewPostIme key 1
10-05 13:55:39.490 25478 25478 I VRI[MainActivity]@7d2e953: ViewPostIme key 0
10-05 13:55:39.491 25478 25478 I VRI[MainActivity]@7d2e953: ViewPostIme key 1
10-05 13:55:40.382 25478 25478 I VRI[MainActivity]@7d2e953: ViewPostIme pointer 0
10-05 13:55:40.389 25478 25478 I VRI[MainActivity]@7d2e953: onDisplayChanged oldDisplayState=2 newDisplayState=2
10-05 13:55:40.481 25478 25478 I VRI[MainActivity]@7d2e953: ViewPostIme pointer 1
10-05 13:55:40.488 25478 25478 D InputMethodManagerUtils: startInputInner - Id : 0
10-05 13:55:40.488 25478 25478 I InputMethodManager: startInputInner - IInputMethodManagerGlobalInvoker.startInputOrWindowGainedFocus
10-05 13:55:40.490 25478 26094 D InputTransport: Input channel constructed: 'ClientS', fd=172
10-05 13:55:40.495 25478 25478 I View    : setRequestedFrameRate frameRate=-4.0, this=android.view.View{8e68063 V.ED..... ........ 0,0-0,0}, caller=androidx.compose.ui.platform.Api35Impl.setRequestedFrameRate:4047 androidx.compose.ui.platform.AndroidComposeView.dispatchDraw:2282 android.view.View.draw:26153 android.view.View.updateDisplayListIfDirty:24990 android.view.ViewGroup.recreateChildDisplayList:4759 
10-05 13:55:40.495 25478 25478 D WhisperSpeechController: updateContext: surveyId=1e894245-19f0-4e03-9012-1027d1dc5501, questionId=Q4
10-05 13:55:40.507 25478 25478 I View    : setRequestedFrameRate frameRate=NaN, this=android.view.View{8e68063 V.ED..... ........ 0,0-0,0}, caller=androidx.compose.ui.platform.Api35Impl.setRequestedFrameRate:4047 androidx.compose.ui.platform.AndroidComposeView.dispatchDraw:2282 android.view.View.draw:26153 android.view.View.updateDisplayListIfDirty:24990 android.view.ViewGroup.recreateChildDisplayList:4759 
10-05 13:55:40.512 25478 25478 D InsetsController: show(ime(), fromIme=true)
10-05 13:55:40.512 25478 25478 I ImeTracker: com.negi.survey:27c35997: onCancelled at PHASE_CLIENT_APPLY_ANIMATION
10-05 13:55:41.211 25478 25478 D InsetsController: hide(ime(), fromIme=false)
10-05 13:55:41.212 25478 25478 I ImeTracker: com.negi.survey:f6f4dcda: onRequestHide at ORIGIN_CLIENT reason HIDE_SOFT_INPUT_BY_INSETS_API fromUser false
10-05 13:55:41.215 25478 25478 I InsetsController: setRequestedVisibleTypes: visible=false, mask=ime, host=com.negi.survey/com.negi.survey.MainActivity, from=android.view.InsetsController.controlAnimationUnchecked:1497 android.view.InsetsController.applyAnimation:2218 android.view.InsetsController.applyAnimation:2150 android.view.InsetsController.hide:1451 android.view.InsetsController.hide:1367 androidx.core.view.SoftwareKeyboardControllerCompat$Impl30.hide:222 androidx.core.view.SoftwareKeyboardControllerCompat.hide:80 androidx.compose.ui.text.input.InputMethodManagerImpl.hideSoftInput:85 androidx.compose.ui.text.input.TextInputServiceAndroid.setKeyboardVisibleImmediately:470 androidx.compose.ui.text.input.TextInputServiceAndroid.processInputCommands:352 
10-05 13:55:41.215 25478 25478 I ImeTracker: com.negi.survey:a2aea566: onRequestHide at ORIGIN_CLIENT reason HIDE_SOFT_INPUT_REQUEST_HIDE_WITH_CONTROL fromUser false
10-05 13:55:41.216 25478 25478 I InputMethodManager_LC: notifyImeHidden: IInputMethodManagerGlobalInvoker.hideSoftInput
10-05 13:55:41.216 25478 25478 I InsetsController: controlAnimationUncheckedInner: Added types=ime, animType=1, host=com.negi.survey/com.negi.survey.MainActivity, from=android.view.InsetsController.controlAnimationUnchecked:1501 android.view.InsetsController.applyAnimation:2218 android.view.InsetsController.applyAnimation:2150 
10-05 13:55:41.216 25478 25478 D InputMethodManagerUtils: startInputInner - Id : 0
10-05 13:55:41.216 25478 25478 I InputMethodManager: startInputInner - IInputMethodManagerGlobalInvoker.startInputOrWindowGainedFocus
10-05 13:55:41.219 25478 25478 W InteractionJankMonitor: Initializing without READ_DEVICE_CONFIG permission. enabled=false, interval=1, missedFrameThreshold=3, frameTimeThreshold=64, package=com.negi.survey
10-05 13:55:41.221 25478 25513 I VRI[MainActivity]@7d2e953: mWNT: t=0xb40000783309a790 mBlastBufferQueue=0xb400007812f506d0 fn= 1406 HdrRenderState mRenderHdrSdrRatio=1.0 caller= android.view.SyncRtSurfaceTransactionApplier.applyTransaction:96 android.view.SyncRtSurfaceTransactionApplier.lambda$scheduleApply$0:69 android.view.SyncRtSurfaceTransactionApplier.$r8$lambda$afI4fXg3U3-nBZQEDQMiNy-B06s:0 
10-05 13:55:41.222 25478 25478 I InsetsController: onStateChanged: host=com.negi.survey/com.negi.survey.MainActivity, from=android.view.ViewRootImpl.handleResized:2781, state=InsetsState: {mDisplayFrame=Rect(0, 0 - 1080, 2340), mDisplayCutout=DisplayCutout{insets=Rect(0, 83 - 0, 0) waterfall=Insets{left=0, top=0, right=0, bottom=0} boundingRect={Bounds=[Rect(0, 0 - 0, 0), Rect(515, 0 - 566, 83), Rect(0, 0 - 0, 0), Rect(0, 0 - 0, 0)]} cutoutPathParserInfo={CutoutPathParserInfo{displayWidth=1080 displayHeight=2340 physicalDisplayWidth=1080 physicalDisplayHeight=2340 density={2.8125} cutoutSpec={M 0,0 H -9.066666666666667 V 29.6 H 9.066666666666667 V 0 H 0 Z @dp} rotation={0} scale={1.0} physicalPixelDisplaySizeRatio={1.0}}} sideOverrides={}}, mRoundedCorners=RoundedCorners{[RoundedCorner{position=TopLeft, radius=113, center=Point(113, 113)}, RoundedCorner{position=TopRight, radius=113, center=Point(967, 113)}, RoundedCorner{position=BottomRight, radius=113, center=Point(967, 2227)}, RoundedCorner{position=BottomLeft, radius=113, center=Point(113, 2227)}]}  mRoundedCornerFrame=Rect(0, 0 - 1080, 2340), mPrivacyIndicatorBounds=PrivacyIndicatorBounds {static bounds=Rect(956, 0 - 1080, 84) rotation=0}, mDisplayShape=DisplayShape{ spec=-311912193 displayWidth=1440 displayHeight=3120 physicalPixelDisplaySizeRatio=1.0 rotation=0 offsetX=0 offsetY=0 scale=1.0}, mSources= { InsetsSource: {3 mType=ime mFrame=[0,1332][1080,2340] mVisible=false mFlags= mSideHint=BOTTOM mBoundingRects=null}, InsetsSource: {27 mType=displayCutout mFrame=[0,0][1080,83] mVisible=true mFlags= mSideHint=TOP mBoundingRects=null}, InsetsSource: {17450000 mType=statusBars mFrame=[0,0][1080,84] mVisible=true mFlags= mSideHint=TOP mBoundingRects=null}, InsetsSource: {17450005 mType=mandatorySystemGestures mFrame=[0,0][1080,117] mVisible=true mFlags= mSideHint=TOP mBoundingRects=null}, InsetsSource: {17450006 mType=tappableElement mFrame=[0,0][1080,84] mVisible=true mFlags= mSideHint=TOP mBoundingRects=null}, InsetsSource: {4e1b0001 mType=navigationBars mFrame=[0,2205][1080,2340] mVisible=true mFlags= mSideHint=BOTTOM mBoundingRects=null}, InsetsSource: {4e1b0004 mType=systemGestures mFrame=[0,0][0,0] mVisible=true mFlags= mSideHint=NONE mBoundingRects=null}, InsetsSource: {4e1b0005 mType=mandatorySystemGestures mFrame=[0,2205][1080,2340] mVisible=true mFlags= mSideHint=BOTTOM mBoundingRects=null}, InsetsSource: {4e1b0006 mType=tappableElement mFrame=[0,2205][1080,2340] mVisible=true mFlags= mSideHint=BOTTOM mBoundingRects=null}, InsetsSource: {4e1b0024 mType=systemGestures mFrame=[0,0][0,0] mVisible=true mFlags= mSideHint=NONE mBoundingRects=null} }
10-05 13:55:41.222 25478 25478 I VRI[MainActivity]@7d2e953: handleResized, frames=ClientWindowFrames{frame=[0,0][1080,2340] display=[0,0][1080,2340] parentFrame=[0,0][0,0]} displayId=0 dragResizing=false compatScale=1.0 frameChanged=false attachedFrameChanged=false configChanged=false displayChanged=false compatScaleChanged=false dragResizingChanged=false
10-05 13:55:41.222 25478 25529 D InputTransport: Input channel constructed: 'ClientS', fd=184
10-05 13:55:41.222 25478 25512 I VRI[MainActivity]@7d2e953: mWNT: t=0xb400007833099b50 mBlastBufferQueue=0xb400007812f506d0 fn= 1407 HdrRenderState mRenderHdrSdrRatio=1.0 caller= android.view.SyncRtSurfaceTransactionApplier.applyTransaction:96 android.view.SyncRtSurfaceTransactionApplier.lambda$scheduleApply$0:69 android.view.SyncRtSurfaceTransactionApplier.$r8$lambda$afI4fXg3U3-nBZQEDQMiNy-B06s:0 
10-05 13:55:41.223 25478 25478 W RemoteInputConnectionImpl: requestCursorUpdates on inactive InputConnection
10-05 13:55:41.223 25478 25478 D InsetsController: hide(ime(), fromIme=true)
10-05 13:55:41.223 25478 25478 I ImeTracker: com.negi.survey:a2aea566: onCancelled at PHASE_CLIENT_APPLY_ANIMATION
10-05 13:55:41.229 25478 25478 I View    : setRequestedFrameRate frameRate=-4.0, this=android.view.View{8e68063 V.ED..... ........ 0,0-0,0}, caller=androidx.compose.ui.platform.Api35Impl.setRequestedFrameRate:4047 androidx.compose.ui.platform.AndroidComposeView.dispatchDraw:2282 android.view.View.draw:26153 android.view.View.updateDisplayListIfDirty:24990 android.view.View.draw:25880 
10-05 13:55:41.229 25478 25513 I VRI[MainActivity]@7d2e953: mWNT: t=0xb400007833095710 mBlastBufferQueue=0xb400007812f506d0 fn= 1408 HdrRenderState mRenderHdrSdrRatio=1.0 caller= android.view.SyncRtSurfaceTransactionApplier.applyTransaction:96 android.view.SyncRtSurfaceTransactionApplier.lambda$scheduleApply$0:69 android.view.SyncRtSurfaceTransactionApplier.$r8$lambda$afI4fXg3U3-nBZQEDQMiNy-B06s:0 
10-05 13:55:41.229 25478 25478 I InsetsSourceConsumer: applyRequestedVisibilityToControl: visible=true, type=navigationBars, host=com.negi.survey/com.negi.survey.MainActivity
10-05 13:55:41.236 25478 25512 I VRI[MainActivity]@7d2e953: mWNT: t=0xb400007833095c50 mBlastBufferQueue=0xb400007812f506d0 fn= 1409 HdrRenderState mRenderHdrSdrRatio=1.0 caller= android.view.SyncRtSurfaceTransactionApplier.applyTransaction:96 android.view.SyncRtSurfaceTransactionApplier.lambda$scheduleApply$0:69 android.view.SyncRtSurfaceTransactionApplier.$r8$lambda$afI4fXg3U3-nBZQEDQMiNy-B06s:0 
10-05 13:55:41.246 25478 25513 I VRI[MainActivity]@7d2e953: mWNT: t=0xb400007833097bd0 mBlastBufferQueue=0xb400007812f506d0 fn= 1410 HdrRenderState mRenderHdrSdrRatio=1.0 caller= android.view.SyncRtSurfaceTransactionApplier.applyTransaction:96 android.view.SyncRtSurfaceTransactionApplier.lambda$scheduleApply$0:69 android.view.SyncRtSurfaceTransactionApplier.$r8$lambda$afI4fXg3U3-nBZQEDQMiNy-B06s:0 
10-05 13:55:41.255 25478 25512 I VRI[MainActivity]@7d2e953: mWNT: t=0xb4000078330919d0 mBlastBufferQueue=0xb400007812f506d0 fn= 1411 HdrRenderState mRenderHdrSdrRatio=1.0 caller= android.view.SyncRtSurfaceTransactionApplier.applyTransaction:96 android.view.SyncRtSurfaceTransactionApplier.lambda$scheduleApply$0:69 android.view.SyncRtSurfaceTransactionApplier.$r8$lambda$afI4fXg3U3-nBZQEDQMiNy-B06s:0 
10-05 13:55:41.262 25478 25513 I VRI[MainActivity]@7d2e953: mWNT: t=0xb400007833092d10 mBlastBufferQueue=0xb400007812f506d0 fn= 1412 HdrRenderState mRenderHdrSdrRatio=1.0 caller= android.view.SyncRtSurfaceTransactionApplier.applyTransaction:96 android.view.SyncRtSurfaceTransactionApplier.lambda$scheduleApply$0:69 android.view.SyncRtSurfaceTransactionApplier.$r8$lambda$afI4fXg3U3-nBZQEDQMiNy-B06s:0 
10-05 13:55:41.272 25478 25512 I VRI[MainActivity]@7d2e953: mWNT: t=0xb400007833098490 mBlastBufferQueue=0xb400007812f506d0 fn= 1413 HdrRenderState mRenderHdrSdrRatio=1.0 caller= android.view.SyncRtSurfaceTransactionApplier.applyTransaction:96 android.view.SyncRtSurfaceTransactionApplier.lambda$scheduleApply$0:69 android.view.SyncRtSurfaceTransactionApplier.$r8$lambda$afI4fXg3U3-nBZQEDQMiNy-B06s:0 
10-05 13:55:41.281 25478 25513 I VRI[MainActivity]@7d2e953: mWNT: t=0xb400007833098810 mBlastBufferQueue=0xb400007812f506d0 fn= 1414 HdrRenderState mRenderHdrSdrRatio=1.0 caller= android.view.SyncRtSurfaceTransactionApplier.applyTransaction:96 android.view.SyncRtSurfaceTransactionApplier.lambda$scheduleApply$0:69 android.view.SyncRtSurfaceTransactionApplier.$r8$lambda$afI4fXg3U3-nBZQEDQMiNy-B06s:0 
10-05 13:55:41.290 25478 25512 I VRI[MainActivity]@7d2e953: mWNT: t=0xb400007833098110 mBlastBufferQueue=0xb400007812f506d0 fn= 1415 HdrRenderState mRenderHdrSdrRatio=1.0 caller= android.view.SyncRtSurfaceTransactionApplier.applyTransaction:96 android.view.SyncRtSurfaceTransactionApplier.lambda$scheduleApply$0:69 android.view.SyncRtSurfaceTransactionApplier.$r8$lambda$afI4fXg3U3-nBZQEDQMiNy-B06s:0 
10-05 13:55:41.297 25478 25513 I VRI[MainActivity]@7d2e953: mWNT: t=0xb400007833097f50 mBlastBufferQueue=0xb400007812f506d0 fn= 1416 HdrRenderState mRenderHdrSdrRatio=1.0 caller= android.view.SyncRtSurfaceTransactionApplier.applyTransaction:96 android.view.SyncRtSurfaceTransactionApplier.lambda$scheduleApply$0:69 android.view.SyncRtSurfaceTransactionApplier.$r8$lambda$afI4fXg3U3-nBZQEDQMiNy-B06s:0 
10-05 13:55:41.304 25478 25512 I VRI[MainActivity]@7d2e953: mWNT: t=0xb400007833097150 mBlastBufferQueue=0xb400007812f506d0 fn= 1417 HdrRenderState mRenderHdrSdrRatio=1.0 caller= android.view.SyncRtSurfaceTransactionApplier.applyTransaction:96 android.view.SyncRtSurfaceTransactionApplier.lambda$scheduleApply$0:69 android.view.SyncRtSurfaceTransactionApplier.$r8$lambda$afI4fXg3U3-nBZQEDQMiNy-B06s:0 
10-05 13:55:41.313 25478 25513 I VRI[MainActivity]@7d2e953: mWNT: t=0xb400007833098650 mBlastBufferQueue=0xb400007812f506d0 fn= 1418 HdrRenderState mRenderHdrSdrRatio=1.0 caller= android.view.SyncRtSurfaceTransactionApplier.applyTransaction:96 android.view.SyncRtSurfaceTransactionApplier.lambda$scheduleApply$0:69 android.view.SyncRtSurfaceTransactionApplier.$r8$lambda$afI4fXg3U3-nBZQEDQMiNy-B06s:0 
10-05 13:55:41.321 25478 25512 I VRI[MainActivity]@7d2e953: mWNT: t=0xb400007833096190 mBlastBufferQueue=0xb400007812f506d0 fn= 1419 HdrRenderState mRenderHdrSdrRatio=1.0 caller= android.view.SyncRtSurfaceTransactionApplier.applyTransaction:96 android.view.SyncRtSurfaceTransactionApplier.lambda$scheduleApply$0:69 android.view.SyncRtSurfaceTransactionApplier.$r8$lambda$afI4fXg3U3-nBZQEDQMiNy-B06s:0 
10-05 13:55:41.330 25478 25513 I VRI[MainActivity]@7d2e953: mWNT: t=0xb400007833095550 mBlastBufferQueue=0xb400007812f506d0 fn= 1420 HdrRenderState mRenderHdrSdrRatio=1.0 caller= android.view.SyncRtSurfaceTransactionApplier.applyTransaction:96 android.view.SyncRtSurfaceTransactionApplier.lambda$scheduleApply$0:69 android.view.SyncRtSurfaceTransactionApplier.$r8$lambda$afI4fXg3U3-nBZQEDQMiNy-B06s:0 
10-05 13:55:41.339 25478 25512 I VRI[MainActivity]@7d2e953: mWNT: t=0xb400007833096a50 mBlastBufferQueue=0xb400007812f506d0 fn= 1421 HdrRenderState mRenderHdrSdrRatio=1.0 caller= android.view.SyncRtSurfaceTransactionApplier.applyTransaction:96 android.view.SyncRtSurfaceTransactionApplier.lambda$scheduleApply$0:69 android.view.SyncRtSurfaceTransactionApplier.$r8$lambda$afI4fXg3U3-nBZQEDQMiNy-B06s:0 
10-05 13:55:41.347 25478 25513 I VRI[MainActivity]@7d2e953: mWNT: t=0xb400007833099290 mBlastBufferQueue=0xb400007812f506d0 fn= 1422 HdrRenderState mRenderHdrSdrRatio=1.0 caller= android.view.SyncRtSurfaceTransactionApplier.applyTransaction:96 android.view.SyncRtSurfaceTransactionApplier.lambda$scheduleApply$0:69 android.view.SyncRtSurfaceTransactionApplier.$r8$lambda$afI4fXg3U3-nBZQEDQMiNy-B06s:0 
10-05 13:55:41.356 25478 25512 I VRI[MainActivity]@7d2e953: mWNT: t=0xb400007833096510 mBlastBufferQueue=0xb400007812f506d0 fn= 1423 HdrRenderState mRenderHdrSdrRatio=1.0 caller= android.view.SyncRtSurfaceTransactionApplier.applyTransaction:96 android.view.SyncRtSurfaceTransactionApplier.lambda$scheduleApply$0:69 android.view.SyncRtSurfaceTransactionApplier.$r8$lambda$afI4fXg3U3-nBZQEDQMiNy-B06s:0 
10-05 13:55:41.364 25478 25513 I VRI[MainActivity]@7d2e953: mWNT: t=0xb400007832fa2f50 mBlastBufferQueue=0xb400007812f506d0 fn= 1424 HdrRenderState mRenderHdrSdrRatio=1.0 caller= android.view.SyncRtSurfaceTransactionApplier.applyTransaction:96 android.view.SyncRtSurfaceTransactionApplier.lambda$scheduleApply$0:69 android.view.SyncRtSurfaceTransactionApplier.$r8$lambda$afI4fXg3U3-nBZQEDQMiNy-B06s:0 
10-05 13:55:41.372 25478 25512 I VRI[MainActivity]@7d2e953: mWNT: t=0xb400007832fa8a50 mBlastBufferQueue=0xb400007812f506d0 fn= 1425 HdrRenderState mRenderHdrSdrRatio=1.0 caller= android.view.SyncRtSurfaceTransactionApplier.applyTransaction:96 android.view.SyncRtSurfaceTransactionApplier.lambda$scheduleApply$0:69 android.view.SyncRtSurfaceTransactionApplier.$r8$lambda$afI4fXg3U3-nBZQEDQMiNy-B06s:0 
10-05 13:55:41.379 25478 25513 I VRI[MainActivity]@7d2e953: mWNT: t=0xb400007832fac950 mBlastBufferQueue=0xb400007812f506d0 fn= 1426 HdrRenderState mRenderHdrSdrRatio=1.0 caller= android.view.SyncRtSurfaceTransactionApplier.applyTransaction:96 android.view.SyncRtSurfaceTransactionApplier.lambda$scheduleApply$0:69 android.view.SyncRtSurfaceTransactionApplier.$r8$lambda$afI4fXg3U3-nBZQEDQMiNy-B06s:0 
10-05 13:55:41.388 25478 25512 I VRI[MainActivity]@7d2e953: mWNT: t=0xb400007832f9b4d0 mBlastBufferQueue=0xb400007812f506d0 fn= 1427 HdrRenderState mRenderHdrSdrRatio=1.0 caller= android.view.SyncRtSurfaceTransactionApplier.applyTransaction:96 android.view.SyncRtSurfaceTransactionApplier.lambda$scheduleApply$0:69 android.view.SyncRtSurfaceTransactionApplier.$r8$lambda$afI4fXg3U3-nBZQEDQMiNy-B06s:0 
10-05 13:55:41.396 25478 25513 I VRI[MainActivity]@7d2e953: mWNT: t=0xb400007832faa810 mBlastBufferQueue=0xb400007812f506d0 fn= 1428 HdrRenderState mRenderHdrSdrRatio=1.0 caller= android.view.SyncRtSurfaceTransactionApplier.applyTransaction:96 android.view.SyncRtSurfaceTransactionApplier.lambda$scheduleApply$0:69 android.view.SyncRtSurfaceTransactionApplier.$r8$lambda$afI4fXg3U3-nBZQEDQMiNy-B06s:0 
10-05 13:55:41.405 25478 25512 I VRI[MainActivity]@7d2e953: mWNT: t=0xb400007832fac5d0 mBlastBufferQueue=0xb400007812f506d0 fn= 1429 HdrRenderState mRenderHdrSdrRatio=1.0 caller= android.view.SyncRtSurfaceTransactionApplier.applyTransaction:96 android.view.SyncRtSurfaceTransactionApplier.lambda$scheduleApply$0:69 android.view.SyncRtSurfaceTransactionApplier.$r8$lambda$afI4fXg3U3-nBZQEDQMiNy-B06s:0 
10-05 13:55:41.414 25478 25513 I VRI[MainActivity]@7d2e953: mWNT: t=0xb400007832fabd10 mBlastBufferQueue=0xb400007812f506d0 fn= 1430 HdrRenderState mRenderHdrSdrRatio=1.0 caller= android.view.SyncRtSurfaceTransactionApplier.applyTransaction:96 android.view.SyncRtSurfaceTransactionApplier.lambda$scheduleApply$0:69 android.view.SyncRtSurfaceTransactionApplier.$r8$lambda$afI4fXg3U3-nBZQEDQMiNy-B06s:0 
10-05 13:55:41.421 25478 25512 I VRI[MainActivity]@7d2e953: mWNT: t=0xb400007832fa7010 mBlastBufferQueue=0xb400007812f506d0 fn= 1431 HdrRenderState mRenderHdrSdrRatio=1.0 caller= android.view.SyncRtSurfaceTransactionApplier.applyTransaction:96 android.view.SyncRtSurfaceTransactionApplier.lambda$scheduleApply$0:69 android.view.SyncRtSurfaceTransactionApplier.$r8$lambda$afI4fXg3U3-nBZQEDQMiNy-B06s:0 
10-05 13:55:41.431 25478 25513 I VRI[MainActivity]@7d2e953: mWNT: t=0xb400007832fa47d0 mBlastBufferQueue=0xb400007812f506d0 fn= 1432 HdrRenderState mRenderHdrSdrRatio=1.0 caller= android.view.SyncRtSurfaceTransactionApplier.applyTransaction:96 android.view.SyncRtSurfaceTransactionApplier.lambda$scheduleApply$0:69 android.view.SyncRtSurfaceTransactionApplier.$r8$lambda$afI4fXg3U3-nBZQEDQMiNy-B06s:0 
10-05 13:55:41.438 25478 25512 I VRI[MainActivity]@7d2e953: mWNT: t=0xb400007832fa39d0 mBlastBufferQueue=0xb400007812f506d0 fn= 1433 HdrRenderState mRenderHdrSdrRatio=1.0 caller= android.view.SyncRtSurfaceTransactionApplier.applyTransaction:96 android.view.SyncRtSurfaceTransactionApplier.lambda$scheduleApply$0:69 android.view.SyncRtSurfaceTransactionApplier.$r8$lambda$afI4fXg3U3-nBZQEDQMiNy-B06s:0 
10-05 13:55:41.446 25478 25513 I VRI[MainActivity]@7d2e953: mWNT: t=0xb400007832f51e90 mBlastBufferQueue=0xb400007812f506d0 fn= 1434 HdrRenderState mRenderHdrSdrRatio=1.0 caller= android.view.SyncRtSurfaceTransactionApplier.applyTransaction:96 android.view.SyncRtSurfaceTransactionApplier.lambda$scheduleApply$0:69 android.view.SyncRtSurfaceTransactionApplier.$r8$lambda$afI4fXg3U3-nBZQEDQMiNy-B06s:0 
10-05 13:55:41.456 25478 25512 I VRI[MainActivity]@7d2e953: mWNT: t=0xb400007832f9f910 mBlastBufferQueue=0xb400007812f506d0 fn= 1435 HdrRenderState mRenderHdrSdrRatio=1.0 caller= android.view.SyncRtSurfaceTransactionApplier.applyTransaction:96 android.view.SyncRtSurfaceTransactionApplier.lambda$scheduleApply$0:69 android.view.SyncRtSurfaceTransactionApplier.$r8$lambda$afI4fXg3U3-nBZQEDQMiNy-B06s:0 
10-05 13:55:41.463 25478 25513 I VRI[MainActivity]@7d2e953: mWNT: t=0xb400007832fa7c50 mBlastBufferQueue=0xb400007812f506d0 fn= 1436 HdrRenderState mRenderHdrSdrRatio=1.0 caller= android.view.SyncRtSurfaceTransactionApplier.applyTransaction:96 android.view.SyncRtSurfaceTransactionApplier.lambda$scheduleApply$0:69 android.view.SyncRtSurfaceTransactionApplier.$r8$lambda$afI4fXg3U3-nBZQEDQMiNy-B06s:0 
10-05 13:55:41.472 25478 25512 I VRI[MainActivity]@7d2e953: mWNT: t=0xb400007833096c10 mBlastBufferQueue=0xb400007812f506d0 fn= 1437 HdrRenderState mRenderHdrSdrRatio=1.0 caller= android.view.SyncRtSurfaceTransactionApplier.applyTransaction:96 android.view.SyncRtSurfaceTransactionApplier.lambda$scheduleApply$0:69 android.view.SyncRtSurfaceTransactionApplier.$r8$lambda$afI4fXg3U3-nBZQEDQMiNy-B06s:0 
10-05 13:55:41.480 25478 25513 I VRI[MainActivity]@7d2e953: mWNT: t=0xb40000783309a410 mBlastBufferQueue=0xb400007812f506d0 fn= 1438 HdrRenderState mRenderHdrSdrRatio=1.0 caller= android.view.SyncRtSurfaceTransactionApplier.applyTransaction:96 android.view.SyncRtSurfaceTransactionApplier.lambda$scheduleApply$0:69 android.view.SyncRtSurfaceTransactionApplier.$r8$lambda$afI4fXg3U3-nBZQEDQMiNy-B06s:0 
10-05 13:55:41.488 25478 25512 I VRI[MainActivity]@7d2e953: mWNT: t=0xb40000783309a250 mBlastBufferQueue=0xb400007812f506d0 fn= 1439 HdrRenderState mRenderHdrSdrRatio=1.0 caller= android.view.SyncRtSurfaceTransactionApplier.applyTransaction:96 android.view.SyncRtSurfaceTransactionApplier.lambda$scheduleApply$0:69 android.view.SyncRtSurfaceTransactionApplier.$r8$lambda$afI4fXg3U3-nBZQEDQMiNy-B06s:0 
10-05 13:55:41.497 25478 25513 I VRI[MainActivity]@7d2e953: mWNT: t=0xb400007833099450 mBlastBufferQueue=0xb400007812f506d0 fn= 1440 HdrRenderState mRenderHdrSdrRatio=1.0 caller= android.view.SyncRtSurfaceTransactionApplier.applyTransaction:96 android.view.SyncRtSurfaceTransactionApplier.lambda$scheduleApply$0:69 android.view.SyncRtSurfaceTransactionApplier.$r8$lambda$afI4fXg3U3-nBZQEDQMiNy-B06s:0 
10-05 13:55:41.504 25478 25512 I VRI[MainActivity]@7d2e953: mWNT: t=0xb4000078330997d0 mBlastBufferQueue=0xb400007812f506d0 fn= 1441 HdrRenderState mRenderHdrSdrRatio=1.0 caller= android.view.SyncRtSurfaceTransactionApplier.applyTransaction:96 android.view.SyncRtSurfaceTransactionApplier.lambda$scheduleApply$0:69 android.view.SyncRtSurfaceTransactionApplier.$r8$lambda$afI4fXg3U3-nBZQEDQMiNy-B06s:0 
10-05 13:55:41.513 25478 25513 I VRI[MainActivity]@7d2e953: mWNT: t=0xb400007833099610 mBlastBufferQueue=0xb400007812f506d0 fn= 1442 HdrRenderState mRenderHdrSdrRatio=1.0 caller= android.view.SyncRtSurfaceTransactionApplier.applyTransaction:96 android.view.SyncRtSurfaceTransactionApplier.lambda$scheduleApply$0:69 android.view.SyncRtSurfaceTransactionApplier.$r8$lambda$afI4fXg3U3-nBZQEDQMiNy-B06s:0 
10-05 13:55:41.520 25478 25478 I InsetsController: cancelAnimation: types=ime, animType=1, host=com.negi.survey/com.negi.survey.MainActivity, from=android.view.InsetsController.notifyFinished:1881 android.view.InsetsAnimationControlImpl.applyChangeInsets:307 android.view.InsetsController.lambda$new$3:931 
10-05 13:55:41.521 25478 25478 I ImeTracker: com.negi.survey:fb4f8b78: onRequestHide at ORIGIN_CLIENT reason HIDE_SOFT_INPUT_ON_ANIMATION_STATE_CHANGED fromUser false
10-05 13:55:41.521 25478 25478 I InputMethodManager_LC: notifyImeHidden: IInputMethodManagerGlobalInvoker.hideSoftInput
10-05 13:55:41.521 25478 25478 I ImeTracker: com.negi.survey:f6f4dcda: onHidden
10-05 13:55:41.522 25478 25512 I VRI[MainActivity]@7d2e953: mWNT: t=0xb4000078330974d0 mBlastBufferQueue=0xb400007812f506d0 fn= 1443 HdrRenderState mRenderHdrSdrRatio=1.0 caller= android.view.SyncRtSurfaceTransactionApplier.applyTransaction:96 android.view.SyncRtSurfaceTransactionApplier.lambda$scheduleApply$0:69 android.view.SyncRtSurfaceTransactionApplier.$r8$lambda$afI4fXg3U3-nBZQEDQMiNy-B06s:0 
10-05 13:55:41.591 25478 25478 I InsetsController: onStateChanged: host=com.negi.survey/com.negi.survey.MainActivity, from=android.view.ViewRootImpl.handleResized:2781, state=InsetsState: {mDisplayFrame=Rect(0, 0 - 1080, 2340), mDisplayCutout=DisplayCutout{insets=Rect(0, 83 - 0, 0) waterfall=Insets{left=0, top=0, right=0, bottom=0} boundingRect={Bounds=[Rect(0, 0 - 0, 0), Rect(515, 0 - 566, 83), Rect(0, 0 - 0, 0), Rect(0, 0 - 0, 0)]} cutoutPathParserInfo={CutoutPathParserInfo{displayWidth=1080 displayHeight=2340 physicalDisplayWidth=1080 physicalDisplayHeight=2340 density={2.8125} cutoutSpec={M 0,0 H -9.066666666666667 V 29.6 H 9.066666666666667 V 0 H 0 Z @dp} rotation={0} scale={1.0} physicalPixelDisplaySizeRatio={1.0}}} sideOverrides={}}, mRoundedCorners=RoundedCorners{[RoundedCorner{position=TopLeft, radius=113, center=Point(113, 113)}, RoundedCorner{position=TopRight, radius=113, center=Point(967, 113)}, RoundedCorner{position=BottomRight, radius=113, center=Point(967, 2227)}, RoundedCorner{position=BottomLeft, radius=113, center=Point(113, 2227)}]}  mRoundedCornerFrame=Rect(0, 0 - 1080, 2340), mPrivacyIndicatorBounds=PrivacyIndicatorBounds {static bounds=Rect(956, 0 - 1080, 84) rotation=0}, mDisplayShape=DisplayShape{ spec=-311912193 displayWidth=1440 displayHeight=3120 physicalPixelDisplaySizeRatio=1.0 rotation=0 offsetX=0 offsetY=0 scale=1.0}, mSources= { InsetsSource: {3 mType=ime mFrame=[0,0][0,0] mVisible=false mFlags= mSideHint=NONE mBoundingRects=null}, InsetsSource: {27 mType=displayCutout mFrame=[0,0][1080,83] mVisible=true mFlags= mSideHint=TOP mBoundingRects=null}, InsetsSource: {17450000 mType=statusBars mFrame=[0,0][1080,84] mVisible=true mFlags= mSideHint=TOP mBoundingRects=null}, InsetsSource: {17450005 mType=mandatorySystemGestures mFrame=[0,0][1080,117] mVisible=true mFlags= mSideHint=TOP mBoundingRects=null}, InsetsSource: {17450006 mType=tappableElement mFrame=[0,0][1080,84] mVisible=true mFlags= mSideHint=TOP mBoundingRects=null}, InsetsSource: {4e1b0001 mType=navigationBars mFrame=[0,2205][1080,2340] mVisible=true mFlags= mSideHint=BOTTOM mBoundingRects=null}, InsetsSource: {4e1b0004 mType=systemGestures mFrame=[0,0][0,0] mVisible=true mFlags= mSideHint=NONE mBoundingRects=null}, InsetsSource: {4e1b0005 mType=mandatorySystemGestures mFrame=[0,2205][1080,2340] mVisible=true mFlags= mSideHint=BOTTOM mBoundingRects=null}, InsetsSource: {4e1b0006 mType=tappableElement mFrame=[0,2205][1080,2340] mVisible=true mFlags= mSideHint=BOTTOM mBoundingRects=null}, InsetsSource: {4e1b0024 mType=systemGestures mFrame=[0,0][0,0] mVisible=true mFlags= mSideHint=NONE mBoundingRects=null} }
10-05 13:55:41.591 25478 25478 I VRI[MainActivity]@7d2e953: handleResized, frames=ClientWindowFrames{frame=[0,0][1080,2340] display=[0,0][1080,2340] parentFrame=[0,0][0,0]} displayId=0 dragResizing=false compatScale=1.0 frameChanged=false attachedFrameChanged=false configChanged=false displayChanged=false compatScaleChanged=false dragResizingChanged=false
10-05 13:55:41.967 25478 25478 I VRI[MainActivity]@7d2e953: ViewPostIme pointer 0
10-05 13:55:42.074 25478 25478 I VRI[MainActivity]@7d2e953: ViewPostIme pointer 1
10-05 13:55:42.083 25478 25478 D InputMethodManagerUtils: startInputInner - Id : 0
10-05 13:55:42.083 25478 25478 I InputMethodManager: startInputInner - IInputMethodManagerGlobalInvoker.startInputOrWindowGainedFocus
10-05 13:55:42.084 25478 25478 D InsetsController: show(ime(), fromIme=false)
10-05 13:55:42.084 25478 25478 I ImeTracker: com.negi.survey:520fa5e6: onRequestShow at ORIGIN_CLIENT reason SHOW_SOFT_INPUT_BY_INSETS_API fromUser false
10-05 13:55:42.084 25478 25478 D InsetsController: applyAnimation, skip insets animation, because hint of source is not equal to hint of control, source=InsetsSource: {3 mType=ime mFrame=[0,0][0,0] mVisible=false mFlags= mSideHint=NONE mBoundingRects=null}, control=InsetsSourceControl: {3 mType=ime mSurfacePosition=Point(0, 84) mInsetsHint=Insets{left=0, top=0, right=0, bottom=1008}}
10-05 13:55:42.084 25478 25478 I InsetsController: setRequestedVisibleTypes: visible=true, mask=ime, host=com.negi.survey/com.negi.survey.MainActivity, from=android.view.InsetsController.controlAnimationUnchecked:1497 android.view.InsetsController.applyAnimation:2218 android.view.InsetsController.applyAnimation:2150 android.view.InsetsController.show:1339 android.view.InsetsController.show:1254 androidx.core.view.SoftwareKeyboardControllerCompat$Impl30.show:189 androidx.core.view.SoftwareKeyboardControllerCompat.show:70 androidx.compose.ui.text.input.InputMethodManagerImpl.showSoftInput:81 androidx.compose.ui.text.input.TextInputServiceAndroid.setKeyboardVisibleImmediately:468 androidx.compose.ui.text.input.TextInputServiceAndroid.processInputCommands:352 
10-05 13:55:42.084 25478 25478 I InputMethodManager_LC: ris()
10-05 13:55:42.084 25478 25478 I InputMethodManager_LC: ssi(): flags=0 view=com.negi.survey reason=SHOW_SOFT_INPUT_BY_INSETS_API
10-05 13:55:42.084 25478 25478 I InputMethodManager_LC: ssi() view is not EditText
10-05 13:55:42.084 25478 25478 D InputMethodManager: showSoftInput() view=androidx.compose.ui.platform.AndroidComposeView{63ac072 VFED..... .F....ID 0,0-1080,2340 aid=1073741824} flags=0 reason=SHOW_SOFT_INPUT_BY_INSETS_API
10-05 13:55:42.085 25478 25478 I InsetsController: setRequestedVisibleTypes: visible=false, mask=ime, host=com.negi.survey/com.negi.survey.MainActivity, from=android.view.InsetsController.controlAnimationUncheckedInner:1632 android.view.InsetsController.controlAnimationUnchecked:1501 android.view.InsetsController.applyAnimation:2218 android.view.InsetsController.applyAnimation:2150 android.view.InsetsController.show:1339 android.view.InsetsController.show:1254 androidx.core.view.SoftwareKeyboardControllerCompat$Impl30.show:189 androidx.core.view.SoftwareKeyboardControllerCompat.show:70 androidx.compose.ui.text.input.InputMethodManagerImpl.showSoftInput:81 androidx.compose.ui.text.input.TextInputServiceAndroid.setKeyboardVisibleImmediately:468 
10-05 13:55:42.085 25478 25529 D InputTransport: Input channel constructed: 'ClientS', fd=183
10-05 13:55:42.088 25478 25478 I View    : setRequestedFrameRate frameRate=NaN, this=android.view.View{8e68063 V.ED..... ........ 0,0-0,0}, caller=androidx.compose.ui.platform.Api35Impl.setRequestedFrameRate:4047 androidx.compose.ui.platform.AndroidComposeView.dispatchDraw:2282 android.view.View.draw:26153 android.view.View.updateDisplayListIfDirty:24990 android.view.ViewGroup.recreateChildDisplayList:4759 
10-05 13:55:42.089 25478 25478 I AssistStructure: Flattened final assist data: 516 bytes, containing 1 windows, 3 views
10-05 13:55:42.090 25478 25478 I InputMethodManager_LC: showSoftInput(View,I)
10-05 13:55:42.090 25478 25478 I ImeTracker: com.negi.survey:4474f111: onRequestShow at ORIGIN_CLIENT reason SHOW_SOFT_INPUT fromUser false
10-05 13:55:42.090 25478 25478 I InputMethodManager_LC: ssi(): flags=0 view=com.negi.survey reason=SHOW_SOFT_INPUT
10-05 13:55:42.090 25478 25478 I InputMethodManager_LC: ssi() view is not EditText
10-05 13:55:42.090 25478 25478 D InputMethodManager: showSoftInput() view=androidx.compose.ui.platform.AndroidComposeView{63ac072 VFED..... .F...... 0,0-1080,2340 aid=1073741824} flags=0 reason=SHOW_SOFT_INPUT
10-05 13:55:42.119 25478 25478 I InsetsController: onStateChanged: host=com.negi.survey/com.negi.survey.MainActivity, from=android.view.ViewRootImpl.handleResized:2781, state=InsetsState: {mDisplayFrame=Rect(0, 0 - 1080, 2340), mDisplayCutout=DisplayCutout{insets=Rect(0, 83 - 0, 0) waterfall=Insets{left=0, top=0, right=0, bottom=0} boundingRect={Bounds=[Rect(0, 0 - 0, 0), Rect(515, 0 - 566, 83), Rect(0, 0 - 0, 0), Rect(0, 0 - 0, 0)]} cutoutPathParserInfo={CutoutPathParserInfo{displayWidth=1080 displayHeight=2340 physicalDisplayWidth=1080 physicalDisplayHeight=2340 density={2.8125} cutoutSpec={M 0,0 H -9.066666666666667 V 29.6 H 9.066666666666667 V 0 H 0 Z @dp} rotation={0} scale={1.0} physicalPixelDisplaySizeRatio={1.0}}} sideOverrides={}}, mRoundedCorners=RoundedCorners{[RoundedCorner{position=TopLeft, radius=113, center=Point(113, 113)}, RoundedCorner{position=TopRight, radius=113, center=Point(967, 113)}, RoundedCorner{position=BottomRight, radius=113, center=Point(967, 2227)}, RoundedCorner{position=BottomLeft, radius=113, center=Point(113, 2227)}]}  mRoundedCornerFrame=Rect(0, 0 - 1080, 2340), mPrivacyIndicatorBounds=PrivacyIndicatorBounds {static bounds=Rect(956, 0 - 1080, 84) rotation=0}, mDisplayShape=DisplayShape{ spec=-311912193 displayWidth=1440 displayHeight=3120 physicalPixelDisplaySizeRatio=1.0 rotation=0 offsetX=0 offsetY=0 scale=1.0}, mSources= { InsetsSource: {3 mType=ime mFrame=[0,1332][1080,2340] mVisible=false mFlags= mSideHint=BOTTOM mBoundingRects=null}, InsetsSource: {27 mType=displayCutout mFrame=[0,0][1080,83] mVisible=true mFlags= mSideHint=TOP mBoundingRects=null}, InsetsSource: {17450000 mType=statusBars mFrame=[0,0][1080,84] mVisible=true mFlags= mSideHint=TOP mBoundingRects=null}, InsetsSource: {17450005 mType=mandatorySystemGestures mFrame=[0,0][1080,117] mVisible=true mFlags= mSideHint=TOP mBoundingRects=null}, InsetsSource: {17450006 mType=tappableElement mFrame=[0,0][1080,84] mVisible=true mFlags= mSideHint=TOP mBoundingRects=null}, InsetsSource: {4e1b0001 mType=navigationBars mFrame=[0,2205][1080,2340] mVisible=true mFlags= mSideHint=BOTTOM mBoundingRects=null}, InsetsSource: {4e1b0004 mType=systemGestures mFrame=[0,0][0,0] mVisible=true mFlags= mSideHint=NONE mBoundingRects=null}, InsetsSource: {4e1b0005 mType=mandatorySystemGestures mFrame=[0,2205][1080,2340] mVisible=true mFlags= mSideHint=BOTTOM mBoundingRects=null}, InsetsSource: {4e1b0006 mType=tappableElement mFrame=[0,2205][1080,2340] mVisible=true mFlags= mSideHint=BOTTOM mBoundingRects=null}, InsetsSource: {4e1b0024 mType=systemGestures mFrame=[0,0][0,0] mVisible=true mFlags= mSideHint=NONE mBoundingRects=null} }
10-05 13:55:42.119 25478 25478 I VRI[MainActivity]@7d2e953: handleResized, frames=ClientWindowFrames{frame=[0,0][1080,2340] display=[0,0][1080,2340] parentFrame=[0,0][0,0]} displayId=0 dragResizing=false compatScale=1.0 frameChanged=false attachedFrameChanged=false configChanged=false displayChanged=false compatScaleChanged=false dragResizingChanged=false
10-05 13:55:42.129 25478 25478 D InsetsController: show(ime(), fromIme=true)
10-05 13:55:42.129 25478 25478 I InsetsController: setRequestedVisibleTypes: visible=true, mask=ime, host=com.negi.survey/com.negi.survey.MainActivity, from=android.view.InsetsController.controlAnimationUnchecked:1497 android.view.InsetsController.handlePendingControlRequest:1356 android.view.InsetsController.show:1286 android.view.ViewRootImpl$ViewRootHandler.handleMessageImpl:8052 android.view.ViewRootImpl$ViewRootHandler.handleMessage:7987 android.os.Handler.dispatchMessage:107 android.os.Looper.loopOnce:257 android.os.Looper.loop:342 android.app.ActivityThread.main:9579 java.lang.reflect.Method.invoke:-2 
10-05 13:55:42.129 25478 25478 I InsetsController: controlAnimationUncheckedInner: Added types=ime, animType=0, host=com.negi.survey/com.negi.survey.MainActivity, from=android.view.InsetsController.controlAnimationUnchecked:1501 android.view.InsetsController.handlePendingControlRequest:1356 android.view.InsetsController.show:1286 
10-05 13:55:42.138 25478 25478 I InsetsController: cancelAnimation: types=ime, animType=0, host=com.negi.survey/com.negi.survey.MainActivity, from=android.view.InsetsController.notifyFinished:1881 android.view.InsetsAnimationControlImpl.applyChangeInsets:307 android.view.InsetsController.lambda$new$3:931 
10-05 13:55:42.138 25478 25478 I ImeTracker: com.negi.survey:4474f111: onShown
10-05 13:55:42.139 25478 25478 I View    : setRequestedFrameRate frameRate=-4.0, this=android.view.View{8e68063 V.ED..... ........ 0,0-0,0}, caller=androidx.compose.ui.platform.Api35Impl.setRequestedFrameRate:4047 androidx.compose.ui.platform.AndroidComposeView.dispatchDraw:2282 android.view.View.draw:26153 android.view.View.updateDisplayListIfDirty:24990 android.view.View.draw:25880 
10-05 13:55:42.139 25478 25513 I VRI[MainActivity]@7d2e953: mWNT: t=0xb400007833096350 mBlastBufferQueue=0xb400007812f506d0 fn= 1451 HdrRenderState mRenderHdrSdrRatio=1.0 caller= android.view.SyncRtSurfaceTransactionApplier.applyTransaction:96 android.view.SyncRtSurfaceTransactionApplier.lambda$scheduleApply$0:69 android.view.SyncRtSurfaceTransactionApplier.$r8$lambda$afI4fXg3U3-nBZQEDQMiNy-B06s:0 
10-05 13:55:42.139 25478 25478 I InsetsController: onStateChanged: host=com.negi.survey/com.negi.survey.MainActivity, from=android.view.ViewRootImpl.handleResized:2781, state=InsetsState: {mDisplayFrame=Rect(0, 0 - 1080, 2340), mDisplayCutout=DisplayCutout{insets=Rect(0, 83 - 0, 0) waterfall=Insets{left=0, top=0, right=0, bottom=0} boundingRect={Bounds=[Rect(0, 0 - 0, 0), Rect(515, 0 - 566, 83), Rect(0, 0 - 0, 0), Rect(0, 0 - 0, 0)]} cutoutPathParserInfo={CutoutPathParserInfo{displayWidth=1080 displayHeight=2340 physicalDisplayWidth=1080 physicalDisplayHeight=2340 density={2.8125} cutoutSpec={M 0,0 H -9.066666666666667 V 29.6 H 9.066666666666667 V 0 H 0 Z @dp} rotation={0} scale={1.0} physicalPixelDisplaySizeRatio={1.0}}} sideOverrides={}}, mRoundedCorners=RoundedCorners{[RoundedCorner{position=TopLeft, radius=113, center=Point(113, 113)}, RoundedCorner{position=TopRight, radius=113, center=Point(967, 113)}, RoundedCorner{position=BottomRight, radius=113, center=Point(967, 2227)}, RoundedCorner{position=BottomLeft, radius=113, center=Point(113, 2227)}]}  mRoundedCornerFrame=Rect(0, 0 - 1080, 2340), mPrivacyIndicatorBounds=PrivacyIndicatorBounds {static bounds=Rect(956, 0 - 1080, 84) rotation=0}, mDisplayShape=DisplayShape{ spec=-311912193 displayWidth=1440 displayHeight=3120 physicalPixelDisplaySizeRatio=1.0 rotation=0 offsetX=0 offsetY=0 scale=1.0}, mSources= { InsetsSource: {3 mType=ime mFrame=[0,1332][1080,2340] mVisible=true mFlags= mSideHint=BOTTOM mBoundingRects=null}, InsetsSource: {27 mType=displayCutout mFrame=[0,0][1080,83] mVisible=true mFlags= mSideHint=TOP mBoundingRects=null}, InsetsSource: {17450000 mType=statusBars mFrame=[0,0][1080,84] mVisible=true mFlags= mSideHint=TOP mBoundingRects=null}, InsetsSource: {17450005 mType=mandatorySystemGestures mFrame=[0,0][1080,117] mVisible=true mFlags= mSideHint=TOP mBoundingRects=null}, InsetsSource: {17450006 mType=tappableElement mFrame=[0,0][1080,84] mVisible=true mFlags= mSideHint=TOP mBoundingRects=null}, InsetsSource: {4e1b0001 mType=navigationBars mFrame=[0,2205][1080,2340] mVisible=true mFlags= mSideHint=BOTTOM mBoundingRects=null}, InsetsSource: {4e1b0004 mType=systemGestures mFrame=[0,0][0,0] mVisible=true mFlags= mSideHint=NONE mBoundingRects=null}, InsetsSource: {4e1b0005 mType=mandatorySystemGestures mFrame=[0,2205][1080,2340] mVisible=true mFlags= mSideHint=BOTTOM mBoundingRects=null}, InsetsSource: {4e1b0006 mType=tappableElement mFrame=[0,2205][1080,2340] mVisible=true mFlags= mSideHint=BOTTOM mBoundingRects=null}, InsetsSource: {4e1b0024 mType=systemGestures mFrame=[0,0][0,0] mVisible=true mFlags= mSideHint=NONE mBoundingRects=null} }
10-05 13:55:42.139 25478 25478 I VRI[MainActivity]@7d2e953: handleResized, frames=ClientWindowFrames{frame=[0,0][1080,2340] display=[0,0][1080,2340] parentFrame=[0,0][0,0]} displayId=0 dragResizing=false compatScale=1.0 frameChanged=false attachedFrameChanged=false configChanged=false displayChanged=false compatScaleChanged=false dragResizingChanged=false
10-05 13:55:42.146 25478 25478 I View    : setRequestedFrameRate frameRate=NaN, this=android.view.View{8e68063 V.ED..... ........ 0,0-0,0}, caller=androidx.compose.ui.platform.Api35Impl.setRequestedFrameRate:4047 androidx.compose.ui.platform.AndroidComposeView.dispatchDraw:2282 android.view.View.draw:26153 android.view.View.updateDisplayListIfDirty:24990 android.view.ViewGroup.recreateChildDisplayList:4759 
10-05 13:55:42.614 25478 25478 I VRI[MainActivity]@7d2e953: onDisplayChanged oldDisplayState=2 newDisplayState=2
10-05 13:55:42.775 25478 25478 W JobService: onNetworkChanged() not implemented in androidx.work.impl.background.systemjob.SystemJobService. Must override in a subclass.
10-05 13:55:42.780 25478 25555 D WM-WorkConstraintsTrack: NetworkRequestConstraintController onCapabilitiesChanged callback
10-05 13:55:44.379 25478 25478 I VRI[MainActivity]@7d2e953: ViewPostIme pointer 0
10-05 13:55:44.400 25478 25478 I VRI[MainActivity]@7d2e953: onDisplayChanged oldDisplayState=2 newDisplayState=2
10-05 13:55:44.476 25478 25478 I VRI[MainActivity]@7d2e953: ViewPostIme pointer 1
10-05 13:55:44.482 25478 25478 D InputMethodManagerUtils: startInputInner - Id : 0
10-05 13:55:44.482 25478 25478 I InputMethodManager: startInputInner - IInputMethodManagerGlobalInvoker.startInputOrWindowGainedFocus
10-05 13:55:44.485 25478 25507 D InputTransport: Input channel constructed: 'ClientS', fd=189
10-05 13:55:44.488 25478 25478 D WhisperSpeechController: updateContext: surveyId=1e894245-19f0-4e03-9012-1027d1dc5501, questionId=Q5
10-05 13:55:44.502 25478 25478 D InsetsController: show(ime(), fromIme=true)
10-05 13:55:44.502 25478 25478 I ImeTracker: com.negi.survey:b19382f8: onCancelled at PHASE_CLIENT_APPLY_ANIMATION
10-05 13:55:45.510 25478 25478 I VRI[MainActivity]@7d2e953: onDisplayChanged oldDisplayState=2 newDisplayState=2
10-05 13:55:47.478 25478 25478 I VRI[MainActivity]@7d2e953: call setFrameRateCategory for touch hint category=no preference, reason=boost timeout, vri=VRI[MainActivity]@7d2e953
10-05 13:55:47.548 25478 25478 I VRI[MainActivity]@7d2e953: ViewPostIme pointer 0
10-05 13:55:47.550 25478 25478 I VRI[MainActivity]@7d2e953: call setFrameRateCategory for touch hint category=high hint, reason=touch, vri=VRI[MainActivity]@7d2e953
10-05 13:55:47.560 25478 25478 I VRI[MainActivity]@7d2e953: onDisplayChanged oldDisplayState=2 newDisplayState=2
10-05 13:55:47.574 25478 25478 W Choreographer: Frame time is 0.210784 ms in the future!  Check that graphics HAL is generating vsync timestamps using the correct timebase.
10-05 13:55:47.629 25478 25478 I VRI[MainActivity]@7d2e953: ViewPostIme pointer 1
10-05 13:55:47.636 25478 25478 D InputMethodManagerUtils: startInputInner - Id : 0
10-05 13:55:47.636 25478 25478 I InputMethodManager: startInputInner - IInputMethodManagerGlobalInvoker.startInputOrWindowGainedFocus
10-05 13:55:47.639 25478 25507 D InputTransport: Input channel constructed: 'ClientS', fd=171
10-05 13:55:47.641 25478 25478 D WhisperSpeechController: updateContext: surveyId=1e894245-19f0-4e03-9012-1027d1dc5501, questionId=Q4
10-05 13:55:47.659 25478 25478 D InsetsController: show(ime(), fromIme=true)
10-05 13:55:47.659 25478 25478 I ImeTracker: com.negi.survey:aad0cf61: onCancelled at PHASE_CLIENT_APPLY_ANIMATION
10-05 13:55:48.670 25478 25478 I VRI[MainActivity]@7d2e953: onDisplayChanged oldDisplayState=2 newDisplayState=2
10-05 13:55:49.603 25478 25478 I VRI[MainActivity]@7d2e953: onDisplayChanged oldDisplayState=2 newDisplayState=2
10-05 13:55:49.986 25478 25478 D SmartClipDataCropperImpl: doExtractSmartClipData : Extraction start! reqId = 16  Cropped area = Rect(540, 1170 - 541, 1171)  Package = com.negi.survey
10-05 13:55:49.986 25478 25478 D SmartClipDataCropperImpl: addAppMetaTag : package name is com.negi.survey
10-05 13:55:49.986 25478 25478 D SmartClipDataCropperImpl: sendExtractionResultToSmartClipService : -- Extracted SmartClip data information --
10-05 13:55:49.986 25478 25478 D SmartClipDataCropperImpl: sendExtractionResultToSmartClipService : Request Id : 16
10-05 13:55:49.986 25478 25478 D SmartClipDataCropperImpl: sendExtractionResultToSmartClipService : Extraction mode : 1
10-05 13:55:49.986 25478 25478 D SemSmartClipDataRepository: ----- Start of SmartClip repository informations -----
10-05 13:55:49.986 25478 25478 D SemSmartClipDataRepository: ** Content type : image
10-05 13:55:49.986 25478 25478 D SemSmartClipDataRepository: ** Meta area rect : Rect(0, 0 - 0, 0)
10-05 13:55:49.986 25478 25478 D SemSmartClipDataRepository: ** Captured image file path : null
10-05 13:55:49.986 25478 25478 D SemSmartClipDataRepository: ----- End of SmartClip repository informations -----
10-05 13:55:49.986 25478 25478 D SmartClipDataCropperImpl: sendExtractionResultToSmartClipService : Elapsed = 0
10-05 13:55:50.029 25478 25478 I ImeFocusController: onPreWindowFocus: skipped hasWindowFocus=false mHasImeFocus=true
10-05 13:55:50.029 25478 25478 I ImeFocusController: onPostWindowFocus: skipped hasWindowFocus=false mHasImeFocus=true
10-05 13:55:50.631 25478 25478 I VRI[MainActivity]@7d2e953: call setFrameRateCategory for touch hint category=no preference, reason=boost timeout, vri=VRI[MainActivity]@7d2e953
10-05 13:55:51.865 25478 25478 I InsetsSourceConsumer: applyRequestedVisibilityToControl: visible=true, type=statusBars, host=com.negi.survey/com.negi.survey.MainActivity
10-05 13:55:51.880 25478 25478 D VRI[MainActivity]@7d2e953: mThreadedRenderer.initializeIfNeeded()#2 mSurface={isValid=true 0xb4000077f3bb56d0}
10-05 13:55:51.880 25478 25478 I InputMethodManager: startInputAsyncOnWindowFocusGain - IInputMethodManagerGlobalInvoker.startInputOrWindowGainedFocus
10-05 13:55:52.035 25478 25478 I VRI[MainActivity]@7d2e953: ViewPostIme pointer 0
10-05 13:55:52.036 25478 25478 I VRI[MainActivity]@7d2e953: call setFrameRateCategory for touch hint category=high hint, reason=touch, vri=VRI[MainActivity]@7d2e953
10-05 13:55:52.124 25478 25478 I VRI[MainActivity]@7d2e953: ViewPostIme pointer 1
10-05 13:55:52.132 25478 25478 D InputMethodManagerUtils: startInputInner - Id : 0
10-05 13:55:52.132 25478 25478 I InputMethodManager: startInputInner - IInputMethodManagerGlobalInvoker.startInputOrWindowGainedFocus
10-05 13:55:52.137 25478 25507 D InputTransport: Input channel constructed: 'ClientS', fd=196
10-05 13:55:52.139 25478 25478 D WhisperSpeechController: updateContext: surveyId=1e894245-19f0-4e03-9012-1027d1dc5501, questionId=Q5
10-05 13:55:52.152 25478 25478 D InsetsController: show(ime(), fromIme=true)
10-05 13:55:52.152 25478 25478 I ImeTracker: com.negi.survey:497308a0: onCancelled at PHASE_CLIENT_APPLY_ANIMATION
10-05 13:55:53.161 25478 25478 I VRI[MainActivity]@7d2e953: onDisplayChanged oldDisplayState=2 newDisplayState=2
10-05 13:55:53.262 25478 25478 I VRI[MainActivity]@7d2e953: onDisplayChanged oldDisplayState=2 newDisplayState=2
10-05 13:55:53.577 25478 25478 D SmartClipDataCropperImpl: doExtractSmartClipData : Extraction start! reqId = 17  Cropped area = Rect(540, 1170 - 541, 1171)  Package = com.negi.survey
10-05 13:55:53.577 25478 25478 D SmartClipDataCropperImpl: addAppMetaTag : package name is com.negi.survey
10-05 13:55:53.577 25478 25478 D SmartClipDataCropperImpl: sendExtractionResultToSmartClipService : -- Extracted SmartClip data information --
10-05 13:55:53.577 25478 25478 D SmartClipDataCropperImpl: sendExtractionResultToSmartClipService : Request Id : 17
10-05 13:55:53.577 25478 25478 D SmartClipDataCropperImpl: sendExtractionResultToSmartClipService : Extraction mode : 1
10-05 13:55:53.577 25478 25478 D SemSmartClipDataRepository: ----- Start of SmartClip repository informations -----
10-05 13:55:53.577 25478 25478 D SemSmartClipDataRepository: ** Content type : image
10-05 13:55:53.577 25478 25478 D SemSmartClipDataRepository: ** Meta area rect : Rect(0, 0 - 0, 0)
10-05 13:55:53.577 25478 25478 D SemSmartClipDataRepository: ** Captured image file path : null
10-05 13:55:53.577 25478 25478 D SemSmartClipDataRepository: ----- End of SmartClip repository informations -----
10-05 13:55:53.577 25478 25478 D SmartClipDataCropperImpl: sendExtractionResultToSmartClipService : Elapsed = 0
10-05 13:55:53.615 25478 25478 I ImeFocusController: onPreWindowFocus: skipped hasWindowFocus=false mHasImeFocus=true
10-05 13:55:53.615 25478 25478 I ImeFocusController: onPostWindowFocus: skipped hasWindowFocus=false mHasImeFocus=true
10-05 13:55:55.126 25478 25478 I VRI[MainActivity]@7d2e953: call setFrameRateCategory for touch hint category=no preference, reason=boost timeout, vri=VRI[MainActivity]@7d2e953
10-05 13:55:55.958 25478 25478 I InsetsSourceConsumer: applyRequestedVisibilityToControl: visible=true, type=statusBars, host=com.negi.survey/com.negi.survey.MainActivity
10-05 13:55:55.968 25478 25478 D VRI[MainActivity]@7d2e953: mThreadedRenderer.initializeIfNeeded()#2 mSurface={isValid=true 0xb4000077f3bb56d0}
10-05 13:55:55.969 25478 25478 I InputMethodManager: startInputAsyncOnWindowFocusGain - IInputMethodManagerGlobalInvoker.startInputOrWindowGainedFocus
10-05 13:55:56.220 25478 25478 I VRI[MainActivity]@7d2e953: ViewPostIme pointer 0
10-05 13:55:56.221 25478 25478 I VRI[MainActivity]@7d2e953: call setFrameRateCategory for touch hint category=high hint, reason=touch, vri=VRI[MainActivity]@7d2e953
10-05 13:55:56.302 25478 25478 I VRI[MainActivity]@7d2e953: ViewPostIme pointer 1
10-05 13:55:56.315 25478 25478 I View    : setRequestedFrameRate frameRate=-4.0, this=android.view.View{8e68063 V.ED..... ........ 0,0-0,0}, caller=androidx.compose.ui.platform.Api35Impl.setRequestedFrameRate:4047 androidx.compose.ui.platform.AndroidComposeView.dispatchDraw:2282 android.view.View.draw:26153 android.view.View.updateDisplayListIfDirty:24990 android.view.ViewGroup.recreateChildDisplayList:4759 
10-05 13:55:56.316 25478 25478 D WhisperSpeechController: updateContext: surveyId=1e894245-19f0-4e03-9012-1027d1dc5501, questionId=Q6
10-05 13:55:56.328 25478 25478 I View    : setRequestedFrameRate frameRate=NaN, this=android.view.View{8e68063 V.ED..... ........ 0,0-0,0}, caller=androidx.compose.ui.platform.Api35Impl.setRequestedFrameRate:4047 androidx.compose.ui.platform.AndroidComposeView.dispatchDraw:2282 android.view.View.draw:26153 android.view.View.updateDisplayListIfDirty:24990 android.view.ViewGroup.recreateChildDisplayList:4759 
10-05 13:55:57.032 25478 25478 D InsetsController: hide(ime(), fromIme=false)
10-05 13:55:57.033 25478 25478 I ImeTracker: com.negi.survey:e95f3c77: onRequestHide at ORIGIN_CLIENT reason HIDE_SOFT_INPUT_BY_INSETS_API fromUser false
10-05 13:55:57.033 25478 25478 I InsetsController: setRequestedVisibleTypes: visible=false, mask=ime, host=com.negi.survey/com.negi.survey.MainActivity, from=android.view.InsetsController.controlAnimationUnchecked:1497 android.view.InsetsController.applyAnimation:2218 android.view.InsetsController.applyAnimation:2150 android.view.InsetsController.hide:1451 android.view.InsetsController.hide:1367 androidx.core.view.SoftwareKeyboardControllerCompat$Impl30.hide:222 androidx.core.view.SoftwareKeyboardControllerCompat.hide:80 androidx.compose.ui.text.input.InputMethodManagerImpl.hideSoftInput:85 androidx.compose.ui.text.input.TextInputServiceAndroid.setKeyboardVisibleImmediately:470 androidx.compose.ui.text.input.TextInputServiceAndroid.processInputCommands:352 
10-05 13:55:57.034 25478 25478 I ImeTracker: com.negi.survey:a7abd973: onRequestHide at ORIGIN_CLIENT reason HIDE_SOFT_INPUT_REQUEST_HIDE_WITH_CONTROL fromUser false
10-05 13:55:57.034 25478 25478 I InputMethodManager_LC: notifyImeHidden: IInputMethodManagerGlobalInvoker.hideSoftInput
10-05 13:55:57.034 25478 25478 I InsetsController: controlAnimationUncheckedInner: Added types=ime, animType=1, host=com.negi.survey/com.negi.survey.MainActivity, from=android.view.InsetsController.controlAnimationUnchecked:1501 android.view.InsetsController.applyAnimation:2218 android.view.InsetsController.applyAnimation:2150 
10-05 13:55:57.035 25478 25478 D InputMethodManagerUtils: startInputInner - Id : 0
10-05 13:55:57.035 25478 25478 I InputMethodManager: startInputInner - IInputMethodManagerGlobalInvoker.startInputOrWindowGainedFocus
10-05 13:55:57.039 25478 25478 W RemoteInputConnectionImpl: requestCursorUpdates on inactive InputConnection
10-05 13:55:57.039 25478 25478 I InsetsController: onStateChanged: host=com.negi.survey/com.negi.survey.MainActivity, from=android.view.ViewRootImpl.handleResized:2781, state=InsetsState: {mDisplayFrame=Rect(0, 0 - 1080, 2340), mDisplayCutout=DisplayCutout{insets=Rect(0, 83 - 0, 0) waterfall=Insets{left=0, top=0, right=0, bottom=0} boundingRect={Bounds=[Rect(0, 0 - 0, 0), Rect(515, 0 - 566, 83), Rect(0, 0 - 0, 0), Rect(0, 0 - 0, 0)]} cutoutPathParserInfo={CutoutPathParserInfo{displayWidth=1080 displayHeight=2340 physicalDisplayWidth=1080 physicalDisplayHeight=2340 density={2.8125} cutoutSpec={M 0,0 H -9.066666666666667 V 29.6 H 9.066666666666667 V 0 H 0 Z @dp} rotation={0} scale={1.0} physicalPixelDisplaySizeRatio={1.0}}} sideOverrides={}}, mRoundedCorners=RoundedCorners{[RoundedCorner{position=TopLeft, radius=113, center=Point(113, 113)}, RoundedCorner{position=TopRight, radius=113, center=Point(967, 113)}, RoundedCorner{position=BottomRight, radius=113, center=Point(967, 2227)}, RoundedCorner{position=BottomLeft, radius=113, center=Point(113, 2227)}]}  mRoundedCornerFrame=Rect(0, 0 - 1080, 2340), mPrivacyIndicatorBounds=PrivacyIndicatorBounds {static bounds=Rect(956, 0 - 1080, 84) rotation=0}, mDisplayShape=DisplayShape{ spec=-311912193 displayWidth=1440 displayHeight=3120 physicalPixelDisplaySizeRatio=1.0 rotation=0 offsetX=0 offsetY=0 scale=1.0}, mSources= { InsetsSource: {3 mType=ime mFrame=[0,1332][1080,2340] mVisible=false mFlags= mSideHint=BOTTOM mBoundingRects=null}, InsetsSource: {27 mType=displayCutout mFrame=[0,0][1080,83] mVisible=true mFlags= mSideHint=TOP mBoundingRects=null}, InsetsSource: {17450000 mType=statusBars mFrame=[0,0][1080,84] mVisible=true mFlags= mSideHint=TOP mBoundingRects=null}, InsetsSource: {17450005 mType=mandatorySystemGestures mFrame=[0,0][1080,117] mVisible=true mFlags= mSideHint=TOP mBoundingRects=null}, InsetsSource: {17450006 mType=tappableElement mFrame=[0,0][1080,84] mVisible=true mFlags= mSideHint=TOP mBoundingRects=null}, InsetsSource: {4e1b0001 mType=navigationBars mFrame=[0,2205][1080,2340] mVisible=true mFlags= mSideHint=BOTTOM mBoundingRects=null}, InsetsSource: {4e1b0004 mType=systemGestures mFrame=[0,0][0,0] mVisible=true mFlags= mSideHint=NONE mBoundingRects=null}, InsetsSource: {4e1b0005 mType=mandatorySystemGestures mFrame=[0,2205][1080,2340] mVisible=true mFlags= mSideHint=BOTTOM mBoundingRects=null}, InsetsSource: {4e1b0006 mType=tappableElement mFrame=[0,2205][1080,2340] mVisible=true mFlags= mSideHint=BOTTOM mBoundingRects=null}, InsetsSource: {4e1b0024 mType=systemGestures mFrame=[0,0][0,0] mVisible=true mFlags= mSideHint=NONE mBoundingRects=null} }
10-05 13:55:57.040 25478 25478 I VRI[MainActivity]@7d2e953: handleResized, frames=ClientWindowFrames{frame=[0,0][1080,2340] display=[0,0][1080,2340] parentFrame=[0,0][0,0]} displayId=0 dragResizing=false compatScale=1.0 frameChanged=false attachedFrameChanged=false configChanged=false displayChanged=false compatScaleChanged=false dragResizingChanged=false
10-05 13:55:57.040 25478 25512 I VRI[MainActivity]@7d2e953: mWNT: t=0xb40000783309dc10 mBlastBufferQueue=0xb400007812f506d0 fn= 1724 HdrRenderState mRenderHdrSdrRatio=1.0 caller= android.view.SyncRtSurfaceTransactionApplier.applyTransaction:96 android.view.SyncRtSurfaceTransactionApplier.lambda$scheduleApply$0:69 android.view.SyncRtSurfaceTransactionApplier.$r8$lambda$afI4fXg3U3-nBZQEDQMiNy-B06s:0 
10-05 13:55:57.042 25478 25478 I InsetsSourceConsumer: applyRequestedVisibilityToControl: visible=true, type=navigationBars, host=com.negi.survey/com.negi.survey.MainActivity
10-05 13:55:57.043 25478 25488 D InputTransport: Input channel constructed: 'ClientS', fd=215
10-05 13:55:57.044 25478 25513 I VRI[MainActivity]@7d2e953: mWNT: t=0xb400007832fa78d0 mBlastBufferQueue=0xb400007812f506d0 fn= 1725 HdrRenderState mRenderHdrSdrRatio=1.0 caller= android.view.SyncRtSurfaceTransactionApplier.applyTransaction:96 android.view.SyncRtSurfaceTransactionApplier.lambda$scheduleApply$0:69 android.view.SyncRtSurfaceTransactionApplier.$r8$lambda$afI4fXg3U3-nBZQEDQMiNy-B06s:0 
10-05 13:55:57.044 25478 25478 D InsetsController: hide(ime(), fromIme=true)
10-05 13:55:57.044 25478 25478 I ImeTracker: com.negi.survey:a7abd973: onCancelled at PHASE_CLIENT_APPLY_ANIMATION
10-05 13:55:57.050 25478 25478 I View    : setRequestedFrameRate frameRate=-4.0, this=android.view.View{8e68063 V.ED..... ........ 0,0-0,0}, caller=androidx.compose.ui.platform.Api35Impl.setRequestedFrameRate:4047 androidx.compose.ui.platform.AndroidComposeView.dispatchDraw:2282 android.view.View.draw:26153 android.view.View.updateDisplayListIfDirty:24990 android.view.View.draw:25880 
10-05 13:55:57.050 25478 25512 I VRI[MainActivity]@7d2e953: mWNT: t=0xb40000783309bad0 mBlastBufferQueue=0xb400007812f506d0 fn= 1726 HdrRenderState mRenderHdrSdrRatio=1.0 caller= android.view.SyncRtSurfaceTransactionApplier.applyTransaction:96 android.view.SyncRtSurfaceTransactionApplier.lambda$scheduleApply$0:69 android.view.SyncRtSurfaceTransactionApplier.$r8$lambda$afI4fXg3U3-nBZQEDQMiNy-B06s:0 
10-05 13:55:57.058 25478 25513 I VRI[MainActivity]@7d2e953: mWNT: t=0xb400007833097f50 mBlastBufferQueue=0xb400007812f506d0 fn= 1727 HdrRenderState mRenderHdrSdrRatio=1.0 caller= android.view.SyncRtSurfaceTransactionApplier.applyTransaction:96 android.view.SyncRtSurfaceTransactionApplier.lambda$scheduleApply$0:69 android.view.SyncRtSurfaceTransactionApplier.$r8$lambda$afI4fXg3U3-nBZQEDQMiNy-B06s:0 
10-05 13:55:57.067 25478 25512 I VRI[MainActivity]@7d2e953: mWNT: t=0xb40000783309cfd0 mBlastBufferQueue=0xb400007812f506d0 fn= 1728 HdrRenderState mRenderHdrSdrRatio=1.0 caller= android.view.SyncRtSurfaceTransactionApplier.applyTransaction:96 android.view.SyncRtSurfaceTransactionApplier.lambda$scheduleApply$0:69 android.view.SyncRtSurfaceTransactionApplier.$r8$lambda$afI4fXg3U3-nBZQEDQMiNy-B06s:0 
10-05 13:55:57.075 25478 25513 I VRI[MainActivity]@7d2e953: mWNT: t=0xb400007832f52ad0 mBlastBufferQueue=0xb400007812f506d0 fn= 1729 HdrRenderState mRenderHdrSdrRatio=1.0 caller= android.view.SyncRtSurfaceTransactionApplier.applyTransaction:96 android.view.SyncRtSurfaceTransactionApplier.lambda$scheduleApply$0:69 android.view.SyncRtSurfaceTransactionApplier.$r8$lambda$afI4fXg3U3-nBZQEDQMiNy-B06s:0 
10-05 13:55:57.085 25478 25512 I VRI[MainActivity]@7d2e953: mWNT: t=0xb400007832f59e50 mBlastBufferQueue=0xb400007812f506d0 fn= 1730 HdrRenderState mRenderHdrSdrRatio=1.0 caller= android.view.SyncRtSurfaceTransactionApplier.applyTransaction:96 android.view.SyncRtSurfaceTransactionApplier.lambda$scheduleApply$0:69 android.view.SyncRtSurfaceTransactionApplier.$r8$lambda$afI4fXg3U3-nBZQEDQMiNy-B06s:0 
10-05 13:55:57.092 25478 25513 I VRI[MainActivity]@7d2e953: mWNT: t=0xb400007832f55850 mBlastBufferQueue=0xb400007812f506d0 fn= 1731 HdrRenderState mRenderHdrSdrRatio=1.0 caller= android.view.SyncRtSurfaceTransactionApplier.applyTransaction:96 android.view.SyncRtSurfaceTransactionApplier.lambda$scheduleApply$0:69 android.view.SyncRtSurfaceTransactionApplier.$r8$lambda$afI4fXg3U3-nBZQEDQMiNy-B06s:0 
10-05 13:55:57.102 25478 25512 I VRI[MainActivity]@7d2e953: mWNT: t=0xb400007832f538d0 mBlastBufferQueue=0xb400007812f506d0 fn= 1732 HdrRenderState mRenderHdrSdrRatio=1.0 caller= android.view.SyncRtSurfaceTransactionApplier.applyTransaction:96 android.view.SyncRtSurfaceTransactionApplier.lambda$scheduleApply$0:69 android.view.SyncRtSurfaceTransactionApplier.$r8$lambda$afI4fXg3U3-nBZQEDQMiNy-B06s:0 
10-05 13:55:57.110 25478 25513 I VRI[MainActivity]@7d2e953: mWNT: t=0xb400007832f55d90 mBlastBufferQueue=0xb400007812f506d0 fn= 1733 HdrRenderState mRenderHdrSdrRatio=1.0 caller= android.view.SyncRtSurfaceTransactionApplier.applyTransaction:96 android.view.SyncRtSurfaceTransactionApplier.lambda$scheduleApply$0:69 android.view.SyncRtSurfaceTransactionApplier.$r8$lambda$afI4fXg3U3-nBZQEDQMiNy-B06s:0 
10-05 13:55:57.118 25478 25512 I VRI[MainActivity]@7d2e953: mWNT: t=0xb400007832f56490 mBlastBufferQueue=0xb400007812f506d0 fn= 1734 HdrRenderState mRenderHdrSdrRatio=1.0 caller= android.view.SyncRtSurfaceTransactionApplier.applyTransaction:96 android.view.SyncRtSurfaceTransactionApplier.lambda$scheduleApply$0:69 android.view.SyncRtSurfaceTransactionApplier.$r8$lambda$afI4fXg3U3-nBZQEDQMiNy-B06s:0 
10-05 13:55:57.127 25478 25513 I VRI[MainActivity]@7d2e953: mWNT: t=0xb400007832f515d0 mBlastBufferQueue=0xb400007812f506d0 fn= 1735 HdrRenderState mRenderHdrSdrRatio=1.0 caller= android.view.SyncRtSurfaceTransactionApplier.applyTransaction:96 android.view.SyncRtSurfaceTransactionApplier.lambda$scheduleApply$0:69 android.view.SyncRtSurfaceTransactionApplier.$r8$lambda$afI4fXg3U3-nBZQEDQMiNy-B06s:0 
10-05 13:55:57.135 25478 25512 I VRI[MainActivity]@7d2e953: mWNT: t=0xb40000783300dd10 mBlastBufferQueue=0xb400007812f506d0 fn= 1736 HdrRenderState mRenderHdrSdrRatio=1.0 caller= android.view.SyncRtSurfaceTransactionApplier.applyTransaction:96 android.view.SyncRtSurfaceTransactionApplier.lambda$scheduleApply$0:69 android.view.SyncRtSurfaceTransactionApplier.$r8$lambda$afI4fXg3U3-nBZQEDQMiNy-B06s:0 
10-05 13:55:57.144 25478 25513 I VRI[MainActivity]@7d2e953: mWNT: t=0xb400007833096190 mBlastBufferQueue=0xb400007812f506d0 fn= 1737 HdrRenderState mRenderHdrSdrRatio=1.0 caller= android.view.SyncRtSurfaceTransactionApplier.applyTransaction:96 android.view.SyncRtSurfaceTransactionApplier.lambda$scheduleApply$0:69 android.view.SyncRtSurfaceTransactionApplier.$r8$lambda$afI4fXg3U3-nBZQEDQMiNy-B06s:0 
10-05 13:55:57.152 25478 25512 I VRI[MainActivity]@7d2e953: mWNT: t=0xb400007833097150 mBlastBufferQueue=0xb400007812f506d0 fn= 1738 HdrRenderState mRenderHdrSdrRatio=1.0 caller= android.view.SyncRtSurfaceTransactionApplier.applyTransaction:96 android.view.SyncRtSurfaceTransactionApplier.lambda$scheduleApply$0:69 android.view.SyncRtSurfaceTransactionApplier.$r8$lambda$afI4fXg3U3-nBZQEDQMiNy-B06s:0 
10-05 13:55:57.160 25478 25513 I VRI[MainActivity]@7d2e953: mWNT: t=0xb400007833098110 mBlastBufferQueue=0xb400007812f506d0 fn= 1739 HdrRenderState mRenderHdrSdrRatio=1.0 caller= android.view.SyncRtSurfaceTransactionApplier.applyTransaction:96 android.view.SyncRtSurfaceTransactionApplier.lambda$scheduleApply$0:69 android.view.SyncRtSurfaceTransactionApplier.$r8$lambda$afI4fXg3U3-nBZQEDQMiNy-B06s:0 
10-05 13:55:57.169 25478 25512 I VRI[MainActivity]@7d2e953: mWNT: t=0xb400007833098490 mBlastBufferQueue=0xb400007812f506d0 fn= 1740 HdrRenderState mRenderHdrSdrRatio=1.0 caller= android.view.SyncRtSurfaceTransactionApplier.applyTransaction:96 android.view.SyncRtSurfaceTransactionApplier.lambda$scheduleApply$0:69 android.view.SyncRtSurfaceTransactionApplier.$r8$lambda$afI4fXg3U3-nBZQEDQMiNy-B06s:0 
10-05 13:55:57.177 25478 25513 I VRI[MainActivity]@7d2e953: mWNT: t=0xb4000078330919d0 mBlastBufferQueue=0xb400007812f506d0 fn= 1741 HdrRenderState mRenderHdrSdrRatio=1.0 caller= android.view.SyncRtSurfaceTransactionApplier.applyTransaction:96 android.view.SyncRtSurfaceTransactionApplier.lambda$scheduleApply$0:69 android.view.SyncRtSurfaceTransactionApplier.$r8$lambda$afI4fXg3U3-nBZQEDQMiNy-B06s:0 
10-05 13:55:57.186 25478 25512 I VRI[MainActivity]@7d2e953: mWNT: t=0xb400007833095c50 mBlastBufferQueue=0xb400007812f506d0 fn= 1742 HdrRenderState mRenderHdrSdrRatio=1.0 caller= android.view.SyncRtSurfaceTransactionApplier.applyTransaction:96 android.view.SyncRtSurfaceTransactionApplier.lambda$scheduleApply$0:69 android.view.SyncRtSurfaceTransactionApplier.$r8$lambda$afI4fXg3U3-nBZQEDQMiNy-B06s:0 
10-05 13:55:57.193 25478 25513 I VRI[MainActivity]@7d2e953: mWNT: t=0xb400007833099d10 mBlastBufferQueue=0xb400007812f506d0 fn= 1743 HdrRenderState mRenderHdrSdrRatio=1.0 caller= android.view.SyncRtSurfaceTransactionApplier.applyTransaction:96 android.view.SyncRtSurfaceTransactionApplier.lambda$scheduleApply$0:69 android.view.SyncRtSurfaceTransactionApplier.$r8$lambda$afI4fXg3U3-nBZQEDQMiNy-B06s:0 
10-05 13:55:57.202 25478 25512 I VRI[MainActivity]@7d2e953: mWNT: t=0xb40000783308c950 mBlastBufferQueue=0xb400007812f506d0 fn= 1744 HdrRenderState mRenderHdrSdrRatio=1.0 caller= android.view.SyncRtSurfaceTransactionApplier.applyTransaction:96 android.view.SyncRtSurfaceTransactionApplier.lambda$scheduleApply$0:69 android.view.SyncRtSurfaceTransactionApplier.$r8$lambda$afI4fXg3U3-nBZQEDQMiNy-B06s:0 
10-05 13:55:57.210 25478 25513 I VRI[MainActivity]@7d2e953: mWNT: t=0xb40000783309a090 mBlastBufferQueue=0xb400007812f506d0 fn= 1745 HdrRenderState mRenderHdrSdrRatio=1.0 caller= android.view.SyncRtSurfaceTransactionApplier.applyTransaction:96 android.view.SyncRtSurfaceTransactionApplier.lambda$scheduleApply$0:69 android.view.SyncRtSurfaceTransactionApplier.$r8$lambda$afI4fXg3U3-nBZQEDQMiNy-B06s:0 
10-05 13:55:57.218 25478 25512 I VRI[MainActivity]@7d2e953: mWNT: t=0xb400007833096f90 mBlastBufferQueue=0xb400007812f506d0 fn= 1746 HdrRenderState mRenderHdrSdrRatio=1.0 caller= android.view.SyncRtSurfaceTransactionApplier.applyTransaction:96 android.view.SyncRtSurfaceTransactionApplier.lambda$scheduleApply$0:69 android.view.SyncRtSurfaceTransactionApplier.$r8$lambda$afI4fXg3U3-nBZQEDQMiNy-B06s:0 
10-05 13:55:57.226 25478 25513 I VRI[MainActivity]@7d2e953: mWNT: t=0xb400007833091d50 mBlastBufferQueue=0xb400007812f506d0 fn= 1747 HdrRenderState mRenderHdrSdrRatio=1.0 caller= android.view.SyncRtSurfaceTransactionApplier.applyTransaction:96 android.view.SyncRtSurfaceTransactionApplier.lambda$scheduleApply$0:69 android.view.SyncRtSurfaceTransactionApplier.$r8$lambda$afI4fXg3U3-nBZQEDQMiNy-B06s:0 
10-05 13:55:57.236 25478 25512 I VRI[MainActivity]@7d2e953: mWNT: t=0xb400007833095390 mBlastBufferQueue=0xb400007812f506d0 fn= 1748 HdrRenderState mRenderHdrSdrRatio=1.0 caller= android.view.SyncRtSurfaceTransactionApplier.applyTransaction:96 android.view.SyncRtSurfaceTransactionApplier.lambda$scheduleApply$0:69 android.view.SyncRtSurfaceTransactionApplier.$r8$lambda$afI4fXg3U3-nBZQEDQMiNy-B06s:0 
10-05 13:55:57.244 25478 25513 I VRI[MainActivity]@7d2e953: mWNT: t=0xb400007833092990 mBlastBufferQueue=0xb400007812f506d0 fn= 1749 HdrRenderState mRenderHdrSdrRatio=1.0 caller= android.view.SyncRtSurfaceTransactionApplier.applyTransaction:96 android.view.SyncRtSurfaceTransactionApplier.lambda$scheduleApply$0:69 android.view.SyncRtSurfaceTransactionApplier.$r8$lambda$afI4fXg3U3-nBZQEDQMiNy-B06s:0 
10-05 13:55:57.252 25478 25512 I VRI[MainActivity]@7d2e953: mWNT: t=0xb400007833093e90 mBlastBufferQueue=0xb400007812f506d0 fn= 1750 HdrRenderState mRenderHdrSdrRatio=1.0 caller= android.view.SyncRtSurfaceTransactionApplier.applyTransaction:96 android.view.SyncRtSurfaceTransactionApplier.lambda$scheduleApply$0:69 android.view.SyncRtSurfaceTransactionApplier.$r8$lambda$afI4fXg3U3-nBZQEDQMiNy-B06s:0 
10-05 13:55:57.261 25478 25513 I VRI[MainActivity]@7d2e953: mWNT: t=0xb400007833094750 mBlastBufferQueue=0xb400007812f506d0 fn= 1751 HdrRenderState mRenderHdrSdrRatio=1.0 caller= android.view.SyncRtSurfaceTransactionApplier.applyTransaction:96 android.view.SyncRtSurfaceTransactionApplier.lambda$scheduleApply$0:69 android.view.SyncRtSurfaceTransactionApplier.$r8$lambda$afI4fXg3U3-nBZQEDQMiNy-B06s:0 
10-05 13:55:57.269 25478 25512 I VRI[MainActivity]@7d2e953: mWNT: t=0xb40000783308fc10 mBlastBufferQueue=0xb400007812f506d0 fn= 1752 HdrRenderState mRenderHdrSdrRatio=1.0 caller= android.view.SyncRtSurfaceTransactionApplier.applyTransaction:96 android.view.SyncRtSurfaceTransactionApplier.lambda$scheduleApply$0:69 android.view.SyncRtSurfaceTransactionApplier.$r8$lambda$afI4fXg3U3-nBZQEDQMiNy-B06s:0 
10-05 13:55:57.275 25478 25513 I VRI[MainActivity]@7d2e953: mWNT: t=0xb400007833090850 mBlastBufferQueue=0xb400007812f506d0 fn= 1753 HdrRenderState mRenderHdrSdrRatio=1.0 caller= android.view.SyncRtSurfaceTransactionApplier.applyTransaction:96 android.view.SyncRtSurfaceTransactionApplier.lambda$scheduleApply$0:69 android.view.SyncRtSurfaceTransactionApplier.$r8$lambda$afI4fXg3U3-nBZQEDQMiNy-B06s:0 
10-05 13:55:57.284 25478 25512 I VRI[MainActivity]@7d2e953: mWNT: t=0xb400007833090a10 mBlastBufferQueue=0xb400007812f506d0 fn= 1754 HdrRenderState mRenderHdrSdrRatio=1.0 caller= android.view.SyncRtSurfaceTransactionApplier.applyTransaction:96 android.view.SyncRtSurfaceTransactionApplier.lambda$scheduleApply$0:69 android.view.SyncRtSurfaceTransactionApplier.$r8$lambda$afI4fXg3U3-nBZQEDQMiNy-B06s:0 
10-05 13:55:57.293 25478 25513 I VRI[MainActivity]@7d2e953: mWNT: t=0xb400007832f9f910 mBlastBufferQueue=0xb400007812f506d0 fn= 1755 HdrRenderState mRenderHdrSdrRatio=1.0 caller= android.view.SyncRtSurfaceTransactionApplier.applyTransaction:96 android.view.SyncRtSurfaceTransactionApplier.lambda$scheduleApply$0:69 android.view.SyncRtSurfaceTransactionApplier.$r8$lambda$afI4fXg3U3-nBZQEDQMiNy-B06s:0 
10-05 13:55:57.301 25478 25512 I VRI[MainActivity]@7d2e953: mWNT: t=0xb400007832fa39d0 mBlastBufferQueue=0xb400007812f506d0 fn= 1756 HdrRenderState mRenderHdrSdrRatio=1.0 caller= android.view.SyncRtSurfaceTransactionApplier.applyTransaction:96 android.view.SyncRtSurfaceTransactionApplier.lambda$scheduleApply$0:69 android.view.SyncRtSurfaceTransactionApplier.$r8$lambda$afI4fXg3U3-nBZQEDQMiNy-B06s:0 
10-05 13:55:57.310 25478 25513 I VRI[MainActivity]@7d2e953: mWNT: t=0xb400007832fa7010 mBlastBufferQueue=0xb400007812f506d0 fn= 1757 HdrRenderState mRenderHdrSdrRatio=1.0 caller= android.view.SyncRtSurfaceTransactionApplier.applyTransaction:96 android.view.SyncRtSurfaceTransactionApplier.lambda$scheduleApply$0:69 android.view.SyncRtSurfaceTransactionApplier.$r8$lambda$afI4fXg3U3-nBZQEDQMiNy-B06s:0 
10-05 13:55:57.317 25478 25512 I VRI[MainActivity]@7d2e953: mWNT: t=0xb400007832fac5d0 mBlastBufferQueue=0xb400007812f506d0 fn= 1758 HdrRenderState mRenderHdrSdrRatio=1.0 caller= android.view.SyncRtSurfaceTransactionApplier.applyTransaction:96 android.view.SyncRtSurfaceTransactionApplier.lambda$scheduleApply$0:69 android.view.SyncRtSurfaceTransactionApplier.$r8$lambda$afI4fXg3U3-nBZQEDQMiNy-B06s:0 
10-05 13:55:57.325 25478 25513 I VRI[MainActivity]@7d2e953: mWNT: t=0xb400007832f9b4d0 mBlastBufferQueue=0xb400007812f506d0 fn= 1759 HdrRenderState mRenderHdrSdrRatio=1.0 caller= android.view.SyncRtSurfaceTransactionApplier.applyTransaction:96 android.view.SyncRtSurfaceTransactionApplier.lambda$scheduleApply$0:69 android.view.SyncRtSurfaceTransactionApplier.$r8$lambda$afI4fXg3U3-nBZQEDQMiNy-B06s:0 
10-05 13:55:57.335 25478 25512 I VRI[MainActivity]@7d2e953: mWNT: t=0xb400007832fa8a50 mBlastBufferQueue=0xb400007812f506d0 fn= 1760 HdrRenderState mRenderHdrSdrRatio=1.0 caller= android.view.SyncRtSurfaceTransactionApplier.applyTransaction:96 android.view.SyncRtSurfaceTransactionApplier.lambda$scheduleApply$0:69 android.view.SyncRtSurfaceTransactionApplier.$r8$lambda$afI4fXg3U3-nBZQEDQMiNy-B06s:0 
10-05 13:55:57.342 25478 25478 I InsetsController: cancelAnimation: types=ime, animType=1, host=com.negi.survey/com.negi.survey.MainActivity, from=android.view.InsetsController.notifyFinished:1881 android.view.InsetsAnimationControlImpl.applyChangeInsets:307 android.view.InsetsController.lambda$new$3:931 
10-05 13:55:57.343 25478 25478 I ImeTracker: com.negi.survey:e4d133f5: onRequestHide at ORIGIN_CLIENT reason HIDE_SOFT_INPUT_ON_ANIMATION_STATE_CHANGED fromUser false
10-05 13:55:57.343 25478 25478 I InputMethodManager_LC: notifyImeHidden: IInputMethodManagerGlobalInvoker.hideSoftInput
10-05 13:55:57.344 25478 25478 I ImeTracker: com.negi.survey:e95f3c77: onHidden
10-05 13:55:57.346 25478 25513 I VRI[MainActivity]@7d2e953: mWNT: t=0xb400007832fa7c50 mBlastBufferQueue=0xb400007812f506d0 fn= 1761 HdrRenderState mRenderHdrSdrRatio=1.0 caller= android.view.SyncRtSurfaceTransactionApplier.applyTransaction:96 android.view.SyncRtSurfaceTransactionApplier.lambda$scheduleApply$0:69 android.view.SyncRtSurfaceTransactionApplier.$r8$lambda$afI4fXg3U3-nBZQEDQMiNy-B06s:0 
10-05 13:55:57.405 25478 25478 I InsetsController: onStateChanged: host=com.negi.survey/com.negi.survey.MainActivity, from=android.view.ViewRootImpl.handleResized:2781, state=InsetsState: {mDisplayFrame=Rect(0, 0 - 1080, 2340), mDisplayCutout=DisplayCutout{insets=Rect(0, 83 - 0, 0) waterfall=Insets{left=0, top=0, right=0, bottom=0} boundingRect={Bounds=[Rect(0, 0 - 0, 0), Rect(515, 0 - 566, 83), Rect(0, 0 - 0, 0), Rect(0, 0 - 0, 0)]} cutoutPathParserInfo={CutoutPathParserInfo{displayWidth=1080 displayHeight=2340 physicalDisplayWidth=1080 physicalDisplayHeight=2340 density={2.8125} cutoutSpec={M 0,0 H -9.066666666666667 V 29.6 H 9.066666666666667 V 0 H 0 Z @dp} rotation={0} scale={1.0} physicalPixelDisplaySizeRatio={1.0}}} sideOverrides={}}, mRoundedCorners=RoundedCorners{[RoundedCorner{position=TopLeft, radius=113, center=Point(113, 113)}, RoundedCorner{position=TopRight, radius=113, center=Point(967, 113)}, RoundedCorner{position=BottomRight, radius=113, center=Point(967, 2227)}, RoundedCorner{position=BottomLeft, radius=113, center=Point(113, 2227)}]}  mRoundedCornerFrame=Rect(0, 0 - 1080, 2340), mPrivacyIndicatorBounds=PrivacyIndicatorBounds {static bounds=Rect(956, 0 - 1080, 84) rotation=0}, mDisplayShape=DisplayShape{ spec=-311912193 displayWidth=1440 displayHeight=3120 physicalPixelDisplaySizeRatio=1.0 rotation=0 offsetX=0 offsetY=0 scale=1.0}, mSources= { InsetsSource: {3 mType=ime mFrame=[0,0][0,0] mVisible=false mFlags= mSideHint=NONE mBoundingRects=null}, InsetsSource: {27 mType=displayCutout mFrame=[0,0][1080,83] mVisible=true mFlags= mSideHint=TOP mBoundingRects=null}, InsetsSource: {17450000 mType=statusBars mFrame=[0,0][1080,84] mVisible=true mFlags= mSideHint=TOP mBoundingRects=null}, InsetsSource: {17450005 mType=mandatorySystemGestures mFrame=[0,0][1080,117] mVisible=true mFlags= mSideHint=TOP mBoundingRects=null}, InsetsSource: {17450006 mType=tappableElement mFrame=[0,0][1080,84] mVisible=true mFlags= mSideHint=TOP mBoundingRects=null}, InsetsSource: {4e1b0001 mType=navigationBars mFrame=[0,2205][1080,2340] mVisible=true mFlags= mSideHint=BOTTOM mBoundingRects=null}, InsetsSource: {4e1b0004 mType=systemGestures mFrame=[0,0][0,0] mVisible=true mFlags= mSideHint=NONE mBoundingRects=null}, InsetsSource: {4e1b0005 mType=mandatorySystemGestures mFrame=[0,2205][1080,2340] mVisible=true mFlags= mSideHint=BOTTOM mBoundingRects=null}, InsetsSource: {4e1b0006 mType=tappableElement mFrame=[0,2205][1080,2340] mVisible=true mFlags= mSideHint=BOTTOM mBoundingRects=null}, InsetsSource: {4e1b0024 mType=systemGestures mFrame=[0,0][0,0] mVisible=true mFlags= mSideHint=NONE mBoundingRects=null} }
10-05 13:55:57.406 25478 25478 I VRI[MainActivity]@7d2e953: handleResized, frames=ClientWindowFrames{frame=[0,0][1080,2340] display=[0,0][1080,2340] parentFrame=[0,0][0,0]} displayId=0 dragResizing=false compatScale=1.0 frameChanged=false attachedFrameChanged=false configChanged=false displayChanged=false compatScaleChanged=false dragResizingChanged=false
10-05 13:55:59.060 25478 25478 D SmartClipDataCropperImpl: doExtractSmartClipData : Extraction start! reqId = 18  Cropped area = Rect(540, 1170 - 541, 1171)  Package = com.negi.survey
10-05 13:55:59.060 25478 25478 D SmartClipDataCropperImpl: addAppMetaTag : package name is com.negi.survey
10-05 13:55:59.060 25478 25478 D SmartClipDataCropperImpl: sendExtractionResultToSmartClipService : -- Extracted SmartClip data information --
10-05 13:55:59.060 25478 25478 D SmartClipDataCropperImpl: sendExtractionResultToSmartClipService : Request Id : 18
10-05 13:55:59.060 25478 25478 D SmartClipDataCropperImpl: sendExtractionResultToSmartClipService : Extraction mode : 1
10-05 13:55:59.060 25478 25478 D SemSmartClipDataRepository: ----- Start of SmartClip repository informations -----
10-05 13:55:59.060 25478 25478 D SemSmartClipDataRepository: ** Content type : image
10-05 13:55:59.060 25478 25478 D SemSmartClipDataRepository: ** Meta area rect : Rect(0, 0 - 0, 0)
10-05 13:55:59.060 25478 25478 D SemSmartClipDataRepository: ** Captured image file path : null
10-05 13:55:59.060 25478 25478 D SemSmartClipDataRepository: ----- End of SmartClip repository informations -----
10-05 13:55:59.060 25478 25478 D SmartClipDataCropperImpl: sendExtractionResultToSmartClipService : Elapsed = 0
10-05 13:55:59.104 25478 25478 I ImeFocusController: onPreWindowFocus: skipped hasWindowFocus=false mHasImeFocus=true
10-05 13:55:59.105 25478 25478 I ImeFocusController: onPostWindowFocus: skipped hasWindowFocus=false mHasImeFocus=true
10-05 13:55:59.110 25478 25478 I View    : setRequestedFrameRate frameRate=NaN, this=android.view.View{8e68063 V.ED..... ........ 0,0-0,0}, caller=androidx.compose.ui.platform.Api35Impl.setRequestedFrameRate:4047 androidx.compose.ui.platform.AndroidComposeView.dispatchDraw:2282 android.view.View.draw:26153 android.view.View.updateDisplayListIfDirty:24990 android.view.ViewGroup.recreateChildDisplayList:4759 
10-05 13:55:59.110 25478 25478 D SmartClipRemoteRequestDispatcher: dispatchScrollableAreaInfo : windowRect = Rect(0, 0 - 1080, 2340)
10-05 13:55:59.111 25478 25478 D SmartClipRemoteRequestDispatcher: dispatchScrollableAreaInfo : Scrollable view count = 1
10-05 13:55:59.111 25478 25478 D SmartClipRemoteRequestDispatcher: dispatchScrollableAreaInfo : Unscrollable view count = 0
10-05 13:55:59.111 25478 25478 D SmartClipRemoteRequestDispatcher: dispatchScrollableAreaInfo : Pkg=com.negi.survey Activity=null
10-05 13:55:59.304 25478 25478 I VRI[MainActivity]@7d2e953: call setFrameRateCategory for touch hint category=no preference, reason=boost timeout, vri=VRI[MainActivity]@7d2e953
10-05 13:56:01.003 25478 25478 I InsetsSourceConsumer: applyRequestedVisibilityToControl: visible=true, type=navigationBars, host=com.negi.survey/com.negi.survey.MainActivity
10-05 13:56:01.004 25478 25478 I InsetsSourceConsumer: applyRequestedVisibilityToControl: visible=true, type=statusBars, host=com.negi.survey/com.negi.survey.MainActivity
10-05 13:56:01.013 25478 25478 D VRI[MainActivity]@7d2e953: mThreadedRenderer.initializeIfNeeded()#2 mSurface={isValid=true 0xb4000077f3bb56d0}
10-05 13:56:01.014 25478 25478 D InputMethodManagerUtils: startInputInner - Id : 0
10-05 13:56:01.014 25478 25478 I InputMethodManager: startInputInner - IInputMethodManagerGlobalInvoker.startInputOrWindowGainedFocus
10-05 13:56:01.015 25478 26094 D InputTransport: Input channel constructed: 'ClientS', fd=188
10-05 13:56:03.519 25478 25478 I VRI[MainActivity]@7d2e953: ViewPostIme pointer 0
10-05 13:56:03.522 25478 25478 I VRI[MainActivity]@7d2e953: call setFrameRateCategory for touch hint category=high hint, reason=touch, vri=VRI[MainActivity]@7d2e953
10-05 13:56:03.627 25478 25478 I VRI[MainActivity]@7d2e953: ViewPostIme pointer 1
10-05 13:56:03.635 25478 25478 D InputMethodManagerUtils: startInputInner - Id : 0
10-05 13:56:03.635 25478 25478 I InputMethodManager: startInputInner - IInputMethodManagerGlobalInvoker.startInputOrWindowGainedFocus
10-05 13:56:03.636 25478 25478 D InputMethodManagerUtils: startInputInner - Id : 0
10-05 13:56:03.636 25478 25478 I InputMethodManager: startInputInner - IInputMethodManagerGlobalInvoker.startInputOrWindowGainedFocus
10-05 13:56:03.636 25478 25478 D InsetsController: show(ime(), fromIme=false)
10-05 13:56:03.637 25478 25478 I ImeTracker: com.negi.survey:9f28e8cf: onRequestShow at ORIGIN_CLIENT reason SHOW_SOFT_INPUT_BY_INSETS_API fromUser false
10-05 13:56:03.637 25478 25478 D InsetsController: applyAnimation, skip insets animation, because hint of source is not equal to hint of control, source=InsetsSource: {3 mType=ime mFrame=[0,0][0,0] mVisible=false mFlags= mSideHint=NONE mBoundingRects=null}, control=InsetsSourceControl: {3 mType=ime mSurfacePosition=Point(0, 84) mInsetsHint=Insets{left=0, top=0, right=0, bottom=1008}}
10-05 13:56:03.637 25478 25478 I InsetsController: setRequestedVisibleTypes: visible=true, mask=ime, host=com.negi.survey/com.negi.survey.MainActivity, from=android.view.InsetsController.controlAnimationUnchecked:1497 android.view.InsetsController.applyAnimation:2218 android.view.InsetsController.applyAnimation:2150 android.view.InsetsController.show:1339 android.view.InsetsController.show:1254 androidx.core.view.SoftwareKeyboardControllerCompat$Impl30.show:189 androidx.core.view.SoftwareKeyboardControllerCompat.show:70 androidx.compose.ui.text.input.InputMethodManagerImpl.showSoftInput:81 androidx.compose.ui.text.input.TextInputServiceAndroid.setKeyboardVisibleImmediately:468 androidx.compose.ui.text.input.TextInputServiceAndroid.processInputCommands:352 
10-05 13:56:03.637 25478 26094 D InputTransport: Input channel constructed: 'ClientS', fd=187
10-05 13:56:03.637 25478 25478 I InputMethodManager_LC: ris()
10-05 13:56:03.637 25478 25478 I InputMethodManager_LC: ssi(): flags=0 view=com.negi.survey reason=SHOW_SOFT_INPUT_BY_INSETS_API
10-05 13:56:03.637 25478 25478 I InputMethodManager_LC: ssi() view is not EditText
10-05 13:56:03.637 25478 25478 D InputMethodManager: showSoftInput() view=androidx.compose.ui.platform.AndroidComposeView{63ac072 VFED..... .F....ID 0,0-1080,2340 aid=1073741824} flags=0 reason=SHOW_SOFT_INPUT_BY_INSETS_API
10-05 13:56:03.638 25478 25478 I InsetsController: setRequestedVisibleTypes: visible=false, mask=ime, host=com.negi.survey/com.negi.survey.MainActivity, from=android.view.InsetsController.controlAnimationUncheckedInner:1632 android.view.InsetsController.controlAnimationUnchecked:1501 android.view.InsetsController.applyAnimation:2218 android.view.InsetsController.applyAnimation:2150 android.view.InsetsController.show:1339 android.view.InsetsController.show:1254 androidx.core.view.SoftwareKeyboardControllerCompat$Impl30.show:189 androidx.core.view.SoftwareKeyboardControllerCompat.show:70 androidx.compose.ui.text.input.InputMethodManagerImpl.showSoftInput:81 androidx.compose.ui.text.input.TextInputServiceAndroid.setKeyboardVisibleImmediately:468 
10-05 13:56:03.638 25478 26094 D InputTransport: Input channel constructed: 'ClientS', fd=217
10-05 13:56:03.643 25478 25478 I AssistStructure: Flattened final assist data: 516 bytes, containing 1 windows, 3 views
10-05 13:56:03.643 25478 25478 I InputMethodManager_LC: showSoftInput(View,I)
10-05 13:56:03.644 25478 25478 I ImeTracker: com.negi.survey:6860c5af: onRequestShow at ORIGIN_CLIENT reason SHOW_SOFT_INPUT fromUser false
10-05 13:56:03.644 25478 25478 I InputMethodManager_LC: ssi(): flags=0 view=com.negi.survey reason=SHOW_SOFT_INPUT
10-05 13:56:03.644 25478 25478 I InputMethodManager_LC: ssi() view is not EditText
10-05 13:56:03.644 25478 25478 D InputMethodManager: showSoftInput() view=androidx.compose.ui.platform.AndroidComposeView{63ac072 VFED..... .F...... 0,0-1080,2340 aid=1073741824} flags=0 reason=SHOW_SOFT_INPUT
10-05 13:56:03.644 25478 25478 W RemoteInputConnectionImpl: getExtractedText on inactive InputConnection
10-05 13:56:03.657 25478 25478 I View    : setRequestedFrameRate frameRate=-4.0, this=android.view.View{8e68063 V.ED..... ........ 0,0-0,0}, caller=androidx.compose.ui.platform.Api35Impl.setRequestedFrameRate:4047 androidx.compose.ui.platform.AndroidComposeView.dispatchDraw:2282 android.view.View.draw:26153 android.view.View.updateDisplayListIfDirty:24990 android.view.ViewGroup.recreateChildDisplayList:4759 
10-05 13:56:03.675 25478 25478 I InsetsController: onStateChanged: host=com.negi.survey/com.negi.survey.MainActivity, from=android.view.ViewRootImpl.handleResized:2781, state=InsetsState: {mDisplayFrame=Rect(0, 0 - 1080, 2340), mDisplayCutout=DisplayCutout{insets=Rect(0, 83 - 0, 0) waterfall=Insets{left=0, top=0, right=0, bottom=0} boundingRect={Bounds=[Rect(0, 0 - 0, 0), Rect(515, 0 - 566, 83), Rect(0, 0 - 0, 0), Rect(0, 0 - 0, 0)]} cutoutPathParserInfo={CutoutPathParserInfo{displayWidth=1080 displayHeight=2340 physicalDisplayWidth=1080 physicalDisplayHeight=2340 density={2.8125} cutoutSpec={M 0,0 H -9.066666666666667 V 29.6 H 9.066666666666667 V 0 H 0 Z @dp} rotation={0} scale={1.0} physicalPixelDisplaySizeRatio={1.0}}} sideOverrides={}}, mRoundedCorners=RoundedCorners{[RoundedCorner{position=TopLeft, radius=113, center=Point(113, 113)}, RoundedCorner{position=TopRight, radius=113, center=Point(967, 113)}, RoundedCorner{position=BottomRight, radius=113, center=Point(967, 2227)}, RoundedCorner{position=BottomLeft, radius=113, center=Point(113, 2227)}]}  mRoundedCornerFrame=Rect(0, 0 - 1080, 2340), mPrivacyIndicatorBounds=PrivacyIndicatorBounds {static bounds=Rect(956, 0 - 1080, 84) rotation=0}, mDisplayShape=DisplayShape{ spec=-311912193 displayWidth=1440 displayHeight=3120 physicalPixelDisplaySizeRatio=1.0 rotation=0 offsetX=0 offsetY=0 scale=1.0}, mSources= { InsetsSource: {3 mType=ime mFrame=[0,1332][1080,2340] mVisible=false mFlags= mSideHint=BOTTOM mBoundingRects=null}, InsetsSource: {27 mType=displayCutout mFrame=[0,0][1080,83] mVisible=true mFlags= mSideHint=TOP mBoundingRects=null}, InsetsSource: {17450000 mType=statusBars mFrame=[0,0][1080,84] mVisible=true mFlags= mSideHint=TOP mBoundingRects=null}, InsetsSource: {17450005 mType=mandatorySystemGestures mFrame=[0,0][1080,117] mVisible=true mFlags= mSideHint=TOP mBoundingRects=null}, InsetsSource: {17450006 mType=tappableElement mFrame=[0,0][1080,84] mVisible=true mFlags= mSideHint=TOP mBoundingRects=null}, InsetsSource: {4e1b0001 mType=navigationBars mFrame=[0,2205][1080,2340] mVisible=true mFlags= mSideHint=BOTTOM mBoundingRects=null}, InsetsSource: {4e1b0004 mType=systemGestures mFrame=[0,0][0,0] mVisible=true mFlags= mSideHint=NONE mBoundingRects=null}, InsetsSource: {4e1b0005 mType=mandatorySystemGestures mFrame=[0,2205][1080,2340] mVisible=true mFlags= mSideHint=BOTTOM mBoundingRects=null}, InsetsSource: {4e1b0006 mType=tappableElement mFrame=[0,2205][1080,2340] mVisible=true mFlags= mSideHint=BOTTOM mBoundingRects=null}, InsetsSource: {4e1b0024 mType=systemGestures mFrame=[0,0][0,0] mVisible=true mFlags= mSideHint=NONE mBoundingRects=null} }
10-05 13:56:03.675 25478 25478 I VRI[MainActivity]@7d2e953: handleResized, frames=ClientWindowFrames{frame=[0,0][1080,2340] display=[0,0][1080,2340] parentFrame=[0,0][0,0]} displayId=0 dragResizing=false compatScale=1.0 frameChanged=false attachedFrameChanged=false configChanged=false displayChanged=false compatScaleChanged=false dragResizingChanged=false
10-05 13:56:03.682 25478 25478 D InsetsController: show(ime(), fromIme=true)
10-05 13:56:03.682 25478 25478 I InsetsController: setRequestedVisibleTypes: visible=true, mask=ime, host=com.negi.survey/com.negi.survey.MainActivity, from=android.view.InsetsController.controlAnimationUnchecked:1497 android.view.InsetsController.handlePendingControlRequest:1356 android.view.InsetsController.show:1286 android.view.ViewRootImpl$ViewRootHandler.handleMessageImpl:8052 android.view.ViewRootImpl$ViewRootHandler.handleMessage:7987 android.os.Handler.dispatchMessage:107 android.os.Looper.loopOnce:257 android.os.Looper.loop:342 android.app.ActivityThread.main:9579 java.lang.reflect.Method.invoke:-2 
10-05 13:56:03.682 25478 25478 I InsetsController: controlAnimationUncheckedInner: Added types=ime, animType=0, host=com.negi.survey/com.negi.survey.MainActivity, from=android.view.InsetsController.controlAnimationUnchecked:1501 android.view.InsetsController.handlePendingControlRequest:1356 android.view.InsetsController.show:1286 
10-05 13:56:03.690 25478 25478 I InsetsController: cancelAnimation: types=ime, animType=0, host=com.negi.survey/com.negi.survey.MainActivity, from=android.view.InsetsController.notifyFinished:1881 android.view.InsetsAnimationControlImpl.applyChangeInsets:307 android.view.InsetsController.lambda$new$3:931 
10-05 13:56:03.690 25478 25478 I ImeTracker: com.negi.survey:6860c5af: onShown
10-05 13:56:03.692 25478 25512 I VRI[MainActivity]@7d2e953: mWNT: t=0xb400007832fa47d0 mBlastBufferQueue=0xb400007812f506d0 fn= 1771 HdrRenderState mRenderHdrSdrRatio=1.0 caller= android.view.SyncRtSurfaceTransactionApplier.applyTransaction:96 android.view.SyncRtSurfaceTransactionApplier.lambda$scheduleApply$0:69 android.view.SyncRtSurfaceTransactionApplier.$r8$lambda$afI4fXg3U3-nBZQEDQMiNy-B06s:0 
10-05 13:56:03.692 25478 25478 I InsetsController: onStateChanged: host=com.negi.survey/com.negi.survey.MainActivity, from=android.view.ViewRootImpl.handleResized:2781, state=InsetsState: {mDisplayFrame=Rect(0, 0 - 1080, 2340), mDisplayCutout=DisplayCutout{insets=Rect(0, 83 - 0, 0) waterfall=Insets{left=0, top=0, right=0, bottom=0} boundingRect={Bounds=[Rect(0, 0 - 0, 0), Rect(515, 0 - 566, 83), Rect(0, 0 - 0, 0), Rect(0, 0 - 0, 0)]} cutoutPathParserInfo={CutoutPathParserInfo{displayWidth=1080 displayHeight=2340 physicalDisplayWidth=1080 physicalDisplayHeight=2340 density={2.8125} cutoutSpec={M 0,0 H -9.066666666666667 V 29.6 H 9.066666666666667 V 0 H 0 Z @dp} rotation={0} scale={1.0} physicalPixelDisplaySizeRatio={1.0}}} sideOverrides={}}, mRoundedCorners=RoundedCorners{[RoundedCorner{position=TopLeft, radius=113, center=Point(113, 113)}, RoundedCorner{position=TopRight, radius=113, center=Point(967, 113)}, RoundedCorner{position=BottomRight, radius=113, center=Point(967, 2227)}, RoundedCorner{position=BottomLeft, radius=113, center=Point(113, 2227)}]}  mRoundedCornerFrame=Rect(0, 0 - 1080, 2340), mPrivacyIndicatorBounds=PrivacyIndicatorBounds {static bounds=Rect(956, 0 - 1080, 84) rotation=0}, mDisplayShape=DisplayShape{ spec=-311912193 displayWidth=1440 displayHeight=3120 physicalPixelDisplaySizeRatio=1.0 rotation=0 offsetX=0 offsetY=0 scale=1.0}, mSources= { InsetsSource: {3 mType=ime mFrame=[0,1332][1080,2340] mVisible=true mFlags= mSideHint=BOTTOM mBoundingRects=null}, InsetsSource: {27 mType=displayCutout mFrame=[0,0][1080,83] mVisible=true mFlags= mSideHint=TOP mBoundingRects=null}, InsetsSource: {17450000 mType=statusBars mFrame=[0,0][1080,84] mVisible=true mFlags= mSideHint=TOP mBoundingRects=null}, InsetsSource: {17450005 mType=mandatorySystemGestures mFrame=[0,0][1080,117] mVisible=true mFlags= mSideHint=TOP mBoundingRects=null}, InsetsSource: {17450006 mType=tappableElement mFrame=[0,0][1080,84] mVisible=true mFlags= mSideHint=TOP mBoundingRects=null}, InsetsSource: {4e1b0001 mType=navigationBars mFrame=[0,2205][1080,2340] mVisible=true mFlags= mSideHint=BOTTOM mBoundingRects=null}, InsetsSource: {4e1b0004 mType=systemGestures mFrame=[0,0][0,0] mVisible=true mFlags= mSideHint=NONE mBoundingRects=null}, InsetsSource: {4e1b0005 mType=mandatorySystemGestures mFrame=[0,2205][1080,2340] mVisible=true mFlags= mSideHint=BOTTOM mBoundingRects=null}, InsetsSource: {4e1b0006 mType=tappableElement mFrame=[0,2205][1080,2340] mVisible=true mFlags= mSideHint=BOTTOM mBoundingRects=null}, InsetsSource: {4e1b0024 mType=systemGestures mFrame=[0,0][0,0] mVisible=true mFlags= mSideHint=NONE mBoundingRects=null} }
10-05 13:56:03.692 25478 25478 I VRI[MainActivity]@7d2e953: handleResized, frames=ClientWindowFrames{frame=[0,0][1080,2340] display=[0,0][1080,2340] parentFrame=[0,0][0,0]} displayId=0 dragResizing=false compatScale=1.0 frameChanged=false attachedFrameChanged=false configChanged=false displayChanged=false compatScaleChanged=false dragResizingChanged=false
10-05 13:56:03.791 25478 25478 I View    : setRequestedFrameRate frameRate=NaN, this=android.view.View{8e68063 V.ED..... ........ 0,0-0,0}, caller=androidx.compose.ui.platform.Api35Impl.setRequestedFrameRate:4047 androidx.compose.ui.platform.AndroidComposeView.dispatchDraw:2282 android.view.View.draw:26153 android.view.View.updateDisplayListIfDirty:24990 android.view.ViewGroup.recreateChildDisplayList:4759 
10-05 13:56:03.799 25478 25478 I View    : setRequestedFrameRate frameRate=-4.0, this=android.view.View{8e68063 V.ED..... ........ 0,0-0,0}, caller=androidx.compose.ui.platform.Api35Impl.setRequestedFrameRate:4047 androidx.compose.ui.platform.AndroidComposeView.dispatchDraw:2282 android.view.View.draw:26153 android.view.View.updateDisplayListIfDirty:24990 android.view.ViewGroup.recreateChildDisplayList:4759 
10-05 13:56:03.807 25478 25478 I View    : setRequestedFrameRate frameRate=NaN, this=android.view.View{8e68063 V.ED..... ........ 0,0-0,0}, caller=androidx.compose.ui.platform.Api35Impl.setRequestedFrameRate:4047 androidx.compose.ui.platform.AndroidComposeView.dispatchDraw:2282 android.view.View.draw:26153 android.view.View.updateDisplayListIfDirty:24990 android.view.ViewGroup.recreateChildDisplayList:4759 
10-05 13:56:03.816 25478 25478 I View    : setRequestedFrameRate frameRate=-4.0, this=android.view.View{8e68063 V.ED..... ........ 0,0-0,0}, caller=androidx.compose.ui.platform.Api35Impl.setRequestedFrameRate:4047 androidx.compose.ui.platform.AndroidComposeView.dispatchDraw:2282 android.view.View.draw:26153 android.view.View.updateDisplayListIfDirty:24990 android.view.ViewGroup.recreateChildDisplayList:4759 
10-05 13:56:03.824 25478 25478 I View    : setRequestedFrameRate frameRate=NaN, this=android.view.View{8e68063 V.ED..... ........ 0,0-0,0}, caller=androidx.compose.ui.platform.Api35Impl.setRequestedFrameRate:4047 androidx.compose.ui.platform.AndroidComposeView.dispatchDraw:2282 android.view.View.draw:26153 android.view.View.updateDisplayListIfDirty:24990 android.view.ViewGroup.recreateChildDisplayList:4759 
10-05 13:56:04.668 25478 25478 I VRI[MainActivity]@7d2e953: onDisplayChanged oldDisplayState=2 newDisplayState=2
10-05 13:56:05.498 25478 25478 I VRI[MainActivity]@7d2e953: ViewPostIme key 0
10-05 13:56:05.499 25478 25478 I VRI[MainActivity]@7d2e953: ViewPostIme key 1
10-05 13:56:05.746 25478 25478 I VRI[MainActivity]@7d2e953: ViewPostIme key 0
10-05 13:56:05.747 25478 25478 I VRI[MainActivity]@7d2e953: ViewPostIme key 1
10-05 13:56:06.297 25478 25478 I VRI[MainActivity]@7d2e953: ViewPostIme pointer 0
10-05 13:56:06.322 25478 25478 I VRI[MainActivity]@7d2e953: onDisplayChanged oldDisplayState=2 newDisplayState=2
10-05 13:56:06.332 25478 25478 W Choreographer: Frame time is 0.078343 ms in the future!  Check that graphics HAL is generating vsync timestamps using the correct timebase.
10-05 13:56:06.404 25478 25478 I VRI[MainActivity]@7d2e953: ViewPostIme pointer 1
10-05 13:56:06.410 25478 25478 D InputMethodManagerUtils: startInputInner - Id : 0
10-05 13:56:06.410 25478 25478 I InputMethodManager: startInputInner - IInputMethodManagerGlobalInvoker.startInputOrWindowGainedFocus
10-05 13:56:06.413 25478 25529 D InputTransport: Input channel constructed: 'ClientS', fd=197
10-05 13:56:06.417 25478 25478 I View    : setRequestedFrameRate frameRate=-4.0, this=android.view.View{8e68063 V.ED..... ........ 0,0-0,0}, caller=androidx.compose.ui.platform.Api35Impl.setRequestedFrameRate:4047 androidx.compose.ui.platform.AndroidComposeView.dispatchDraw:2282 android.view.View.draw:26153 android.view.View.updateDisplayListIfDirty:24990 android.view.ViewGroup.recreateChildDisplayList:4759 
10-05 13:56:06.417 25478 25478 D WhisperSpeechController: updateContext: surveyId=1e894245-19f0-4e03-9012-1027d1dc5501, questionId=Q7
10-05 13:56:06.435 25478 25478 D WhisperSpeechController: updateContext: surveyId=1e894245-19f0-4e03-9012-1027d1dc5501, questionId=Q7
10-05 13:56:06.439 25478 25478 D InsetsController: show(ime(), fromIme=true)
10-05 13:56:06.439 25478 25478 I ImeTracker: com.negi.survey:31646786: onCancelled at PHASE_CLIENT_APPLY_ANIMATION
10-05 13:56:06.442 25478 25478 I View    : setRequestedFrameRate frameRate=NaN, this=android.view.View{8e68063 V.ED..... ........ 0,0-0,0}, caller=androidx.compose.ui.platform.Api35Impl.setRequestedFrameRate:4047 androidx.compose.ui.platform.AndroidComposeView.dispatchDraw:2282 android.view.View.draw:26153 android.view.View.updateDisplayListIfDirty:24990 android.view.ViewGroup.recreateChildDisplayList:4759 
10-05 13:56:06.468 25478 25478 D InputMethodManagerUtils: startInputInner - Id : 0
10-05 13:56:06.468 25478 25478 I InputMethodManager: startInputInner - IInputMethodManagerGlobalInvoker.startInputOrWindowGainedFocus
10-05 13:56:06.468 25478 25478 D InsetsController: show(ime(), fromIme=false)
10-05 13:56:06.468 25478 25478 I ImeTracker: com.negi.survey:1beda051: onRequestShow at ORIGIN_CLIENT reason SHOW_SOFT_INPUT_BY_INSETS_API fromUser false
10-05 13:56:06.468 25478 25478 I ImeTracker: com.negi.survey:1beda051: onCancelled at PHASE_CLIENT_APPLY_ANIMATION
10-05 13:56:06.469 25478 25478 I AssistStructure: Flattened final assist data: 672 bytes, containing 1 windows, 4 views
10-05 13:56:06.469 25478 25529 D InputTransport: Input channel constructed: 'ClientS', fd=182
10-05 13:56:06.479 25478 25478 I InputMethodManager_LC: showSoftInput(View,I)
10-05 13:56:06.479 25478 25478 I ImeTracker: com.negi.survey:dabdcf3d: onRequestShow at ORIGIN_CLIENT reason SHOW_SOFT_INPUT fromUser false
10-05 13:56:06.479 25478 25478 I InputMethodManager_LC: ssi(): flags=0 view=com.negi.survey reason=SHOW_SOFT_INPUT
10-05 13:56:06.479 25478 25478 I InputMethodManager_LC: ssi() view is not EditText
10-05 13:56:06.479 25478 25478 D InputMethodManager: showSoftInput() view=androidx.compose.ui.platform.AndroidComposeView{63ac072 VFED..... .F...... 0,0-1080,2340 aid=1073741824} flags=0 reason=SHOW_SOFT_INPUT
10-05 13:56:06.489 25478 25478 D InsetsController: show(ime(), fromIme=true)
10-05 13:56:06.489 25478 25478 I ImeTracker: com.negi.survey:710fb7b7: onCancelled at PHASE_CLIENT_APPLY_ANIMATION
10-05 13:56:06.494 25478 25478 I View    : setRequestedFrameRate frameRate=-4.0, this=android.view.View{8e68063 V.ED..... ........ 0,0-0,0}, caller=androidx.compose.ui.platform.Api35Impl.setRequestedFrameRate:4047 androidx.compose.ui.platform.AndroidComposeView.dispatchDraw:2282 android.view.View.draw:26153 android.view.View.updateDisplayListIfDirty:24990 android.view.ViewGroup.recreateChildDisplayList:4759 
10-05 13:56:06.510 25478 25478 D InsetsController: show(ime(), fromIme=true)
10-05 13:56:06.510 25478 25478 I ImeTracker: com.negi.survey:dabdcf3d: onCancelled at PHASE_CLIENT_APPLY_ANIMATION
10-05 13:56:06.585 25478 25485 D InputTransport: Input channel destroyed: 'ClientS', fd=197
10-05 13:56:06.585 25478 25485 D InputTransport: Input channel destroyed: 'ClientS', fd=182
10-05 13:56:06.585 25478 25485 D InputTransport: Input channel destroyed: 'ClientS', fd=217
10-05 13:56:06.585 25478 25485 D InputTransport: Input channel destroyed: 'ClientS', fd=187
10-05 13:56:06.585 25478 25485 D InputTransport: Input channel destroyed: 'ClientS', fd=188
10-05 13:56:06.586 25478 25485 D InputTransport: Input channel destroyed: 'ClientS', fd=215
10-05 13:56:06.586 25478 25485 D InputTransport: Input channel destroyed: 'ClientS', fd=196
10-05 13:56:06.586 25478 25485 D InputTransport: Input channel destroyed: 'ClientS', fd=171
10-05 13:56:06.586 25478 25485 D InputTransport: Input channel destroyed: 'ClientS', fd=189
10-05 13:56:06.586 25478 25485 D InputTransport: Input channel destroyed: 'ClientS', fd=183
10-05 13:56:06.586 25478 25485 D InputTransport: Input channel destroyed: 'ClientS', fd=184
10-05 13:56:06.586 25478 25485 D InputTransport: Input channel destroyed: 'ClientS', fd=172
10-05 13:56:06.586 25478 25485 D InputTransport: Input channel destroyed: 'ClientS', fd=204
10-05 13:56:06.586 25478 25485 D InputTransport: Input channel destroyed: 'ClientS', fd=174
10-05 13:56:06.586 25478 25485 D InputTransport: Input channel destroyed: 'ClientS', fd=173
10-05 13:56:06.586 25478 25485 D InputTransport: Input channel destroyed: 'ClientS', fd=181
10-05 13:56:06.587 25478 25485 D InputTransport: Input channel destroyed: 'ClientS', fd=180
10-05 13:56:06.587 25478 25485 D InputTransport: Input channel destroyed: 'ClientS', fd=176
10-05 13:56:06.587 25478 25485 D InputTransport: Input channel destroyed: 'ClientS', fd=178
10-05 13:56:06.588 25478 25485 D InputTransport: Input channel destroyed: 'ClientS', fd=163
10-05 13:56:06.590 25478 25486 W com.negi.survey: ApkAssets: Deleting an ApkAssets object '<empty> and /system/app/SamsungTTS/SamsungTTS.apk' with 1 weak references
10-05 13:56:06.591 25478 25486 W com.negi.survey: ApkAssets: Deleting an ApkAssets object '<empty> and /data/app/~~WK1hyzytXUqCHBIOn75hWw==/com.google.android.tts-1FhHyPZkHX2oYeCenN1seA==/base.apk' with 1 weak references
10-05 13:56:06.591 25478 25486 W com.negi.survey: ApkAssets: Deleting an ApkAssets object '<empty> and /data/app/~~WK1hyzytXUqCHBIOn75hWw==/com.google.android.tts-1FhHyPZkHX2oYeCenN1seA==/split_config.arm64_v8a.apk' with 1 weak references
10-05 13:56:06.591 25478 25486 W com.negi.survey: ApkAssets: Deleting an ApkAssets object '<empty> and /data/app/~~WK1hyzytXUqCHBIOn75hWw==/com.google.android.tts-1FhHyPZkHX2oYeCenN1seA==/split_config.en.apk' with 1 weak references
10-05 13:56:06.591 25478 25486 W com.negi.survey: ApkAssets: Deleting an ApkAssets object '<empty> and /data/app/~~WK1hyzytXUqCHBIOn75hWw==/com.google.android.tts-1FhHyPZkHX2oYeCenN1seA==/split_config.xxhdpi.apk' with 1 weak references
10-05 13:56:06.611 25478 25478 I View    : setRequestedFrameRate frameRate=NaN, this=android.view.View{8e68063 V.ED..... ........ 0,0-0,0}, caller=androidx.compose.ui.platform.Api35Impl.setRequestedFrameRate:4047 androidx.compose.ui.platform.AndroidComposeView.dispatchDraw:2282 android.view.View.draw:26153 android.view.View.updateDisplayListIfDirty:24990 android.view.ViewGroup.recreateChildDisplayList:4759 
10-05 13:56:06.619 25478 25478 I View    : setRequestedFrameRate frameRate=-4.0, this=android.view.View{8e68063 V.ED..... ........ 0,0-0,0}, caller=androidx.compose.ui.platform.Api35Impl.setRequestedFrameRate:4047 androidx.compose.ui.platform.AndroidComposeView.dispatchDraw:2282 android.view.View.draw:26153 android.view.View.updateDisplayListIfDirty:24990 android.view.ViewGroup.recreateChildDisplayList:4759 
10-05 13:56:06.627 25478 25478 I View    : setRequestedFrameRate frameRate=NaN, this=android.view.View{8e68063 V.ED..... ........ 0,0-0,0}, caller=androidx.compose.ui.platform.Api35Impl.setRequestedFrameRate:4047 androidx.compose.ui.platform.AndroidComposeView.dispatchDraw:2282 android.view.View.draw:26153 android.view.View.updateDisplayListIfDirty:24990 android.view.ViewGroup.recreateChildDisplayList:4759 
10-05 13:56:06.637 25478 25478 I View    : setRequestedFrameRate frameRate=-4.0, this=android.view.View{8e68063 V.ED..... ........ 0,0-0,0}, caller=androidx.compose.ui.platform.Api35Impl.setRequestedFrameRate:4047 androidx.compose.ui.platform.AndroidComposeView.dispatchDraw:2282 android.view.View.draw:26153 android.view.View.updateDisplayListIfDirty:24990 android.view.ViewGroup.recreateChildDisplayList:4759 
10-05 13:56:06.645 25478 25478 I View    : setRequestedFrameRate frameRate=NaN, this=android.view.View{8e68063 V.ED..... ........ 0,0-0,0}, caller=androidx.compose.ui.platform.Api35Impl.setRequestedFrameRate:4047 androidx.compose.ui.platform.AndroidComposeView.dispatchDraw:2282 android.view.View.draw:26153 android.view.View.updateDisplayListIfDirty:24990 android.view.ViewGroup.recreateChildDisplayList:4759 
10-05 13:56:08.462 25478 25478 D SmartClipDataCropperImpl: doExtractSmartClipData : Extraction start! reqId = 20  Cropped area = Rect(540, 1170 - 541, 1171)  Package = com.negi.survey
10-05 13:56:08.462 25478 25478 D SmartClipDataCropperImpl: addAppMetaTag : package name is com.negi.survey
10-05 13:56:08.462 25478 25478 D SmartClipDataCropperImpl: sendExtractionResultToSmartClipService : -- Extracted SmartClip data information --
10-05 13:56:08.462 25478 25478 D SmartClipDataCropperImpl: sendExtractionResultToSmartClipService : Request Id : 20
10-05 13:56:08.462 25478 25478 D SmartClipDataCropperImpl: sendExtractionResultToSmartClipService : Extraction mode : 1
10-05 13:56:08.462 25478 25478 D SemSmartClipDataRepository: ----- Start of SmartClip repository informations -----
10-05 13:56:08.462 25478 25478 D SemSmartClipDataRepository: ** Content type : image
10-05 13:56:08.462 25478 25478 D SemSmartClipDataRepository: ** Meta area rect : Rect(0, 0 - 0, 0)
10-05 13:56:08.462 25478 25478 D SemSmartClipDataRepository: ** Captured image file path : null
10-05 13:56:08.462 25478 25478 D SemSmartClipDataRepository: ----- End of SmartClip repository informations -----
10-05 13:56:08.463 25478 25478 D SmartClipDataCropperImpl: sendExtractionResultToSmartClipService : Elapsed = 1
10-05 13:56:08.503 25478 25478 I ImeFocusController: onPreWindowFocus: skipped hasWindowFocus=false mHasImeFocus=true
10-05 13:56:08.503 25478 25478 I ImeFocusController: onPostWindowFocus: skipped hasWindowFocus=false mHasImeFocus=true
10-05 13:56:09.405 25478 25478 I VRI[MainActivity]@7d2e953: call setFrameRateCategory for touch hint category=no preference, reason=boost timeout, vri=VRI[MainActivity]@7d2e953
10-05 13:56:10.162 25478 25478 I InsetsSourceConsumer: applyRequestedVisibilityToControl: visible=true, type=statusBars, host=com.negi.survey/com.negi.survey.MainActivity
10-05 13:56:10.172 25478 25478 D VRI[MainActivity]@7d2e953: mThreadedRenderer.initializeIfNeeded()#2 mSurface={isValid=true 0xb4000077f3bb56d0}
10-05 13:56:10.172 25478 25478 I InputMethodManager: startInputAsyncOnWindowFocusGain - IInputMethodManagerGlobalInvoker.startInputOrWindowGainedFocus
10-05 13:56:10.609 25478 25478 I VRI[MainActivity]@7d2e953: ViewPostIme pointer 0
10-05 13:56:10.611 25478 25478 I VRI[MainActivity]@7d2e953: call setFrameRateCategory for touch hint category=high hint, reason=touch, vri=VRI[MainActivity]@7d2e953
10-05 13:56:10.690 25478 25478 I VRI[MainActivity]@7d2e953: ViewPostIme pointer 1
10-05 13:56:10.700 25478 25478 D WhisperSpeechController: updateContext: surveyId=1e894245-19f0-4e03-9012-1027d1dc5501, questionId=Q8
10-05 13:56:10.702 25478 25478 D WhisperSpeechController: updateContext: surveyId=1e894245-19f0-4e03-9012-1027d1dc5501, questionId=Q8
10-05 13:56:10.732 25478 25478 D InsetsController: show(ime(), fromIme=false)
10-05 13:56:10.732 25478 25478 I ImeTracker: com.negi.survey:fb85e797: onRequestShow at ORIGIN_CLIENT reason SHOW_SOFT_INPUT_BY_INSETS_API fromUser false
10-05 13:56:10.732 25478 25478 I ImeTracker: com.negi.survey:fb85e797: onCancelled at PHASE_CLIENT_APPLY_ANIMATION
10-05 13:56:10.732 25478 25478 I InputMethodManager_LC: showSoftInput(View,I)
10-05 13:56:10.732 25478 25478 I ImeTracker: com.negi.survey:b1d31a09: onRequestShow at ORIGIN_CLIENT reason SHOW_SOFT_INPUT fromUser false
10-05 13:56:10.733 25478 25478 I InputMethodManager_LC: ssi(): flags=0 view=com.negi.survey reason=SHOW_SOFT_INPUT
10-05 13:56:10.733 25478 25478 I InputMethodManager_LC: ssi() view is not EditText
10-05 13:56:10.733 25478 25478 D InputMethodManager: showSoftInput() view=androidx.compose.ui.platform.AndroidComposeView{63ac072 VFED..... .F...... 0,0-1080,2340 aid=1073741824} flags=0 reason=SHOW_SOFT_INPUT
10-05 13:56:10.735 25478 25478 D InsetsController: show(ime(), fromIme=true)
10-05 13:56:10.735 25478 25478 I ImeTracker: com.negi.survey:b1d31a09: onCancelled at PHASE_CLIENT_APPLY_ANIMATION
10-05 13:56:11.880 25478 25478 D SmartClipDataCropperImpl: doExtractSmartClipData : Extraction start! reqId = 21  Cropped area = Rect(540, 1170 - 541, 1171)  Package = com.negi.survey
10-05 13:56:11.880 25478 25478 D SmartClipDataCropperImpl: addAppMetaTag : package name is com.negi.survey
10-05 13:56:11.880 25478 25478 D SmartClipDataCropperImpl: sendExtractionResultToSmartClipService : -- Extracted SmartClip data information --
10-05 13:56:11.880 25478 25478 D SmartClipDataCropperImpl: sendExtractionResultToSmartClipService : Request Id : 21
10-05 13:56:11.880 25478 25478 D SmartClipDataCropperImpl: sendExtractionResultToSmartClipService : Extraction mode : 1
10-05 13:56:11.880 25478 25478 D SemSmartClipDataRepository: ----- Start of SmartClip repository informations -----
10-05 13:56:11.880 25478 25478 D SemSmartClipDataRepository: ** Content type : image
10-05 13:56:11.880 25478 25478 D SemSmartClipDataRepository: ** Meta area rect : Rect(0, 0 - 0, 0)
10-05 13:56:11.880 25478 25478 D SemSmartClipDataRepository: ** Captured image file path : null
10-05 13:56:11.880 25478 25478 D SemSmartClipDataRepository: ----- End of SmartClip repository informations -----
10-05 13:56:11.880 25478 25478 D SmartClipDataCropperImpl: sendExtractionResultToSmartClipService : Elapsed = 0
10-05 13:56:11.922 25478 25478 I ImeFocusController: onPreWindowFocus: skipped hasWindowFocus=false mHasImeFocus=true
10-05 13:56:11.922 25478 25478 I ImeFocusController: onPostWindowFocus: skipped hasWindowFocus=false mHasImeFocus=true
10-05 13:56:12.962 25478 25478 W JobService: onNetworkChanged() not implemented in androidx.work.impl.background.systemjob.SystemJobService. Must override in a subclass.
10-05 13:56:12.968 25478 25555 D WM-WorkConstraintsTrack: NetworkRequestConstraintController onCapabilitiesChanged callback
10-05 13:56:13.231 25478 25478 I InsetsSourceConsumer: applyRequestedVisibilityToControl: visible=true, type=statusBars, host=com.negi.survey/com.negi.survey.MainActivity
10-05 13:56:13.241 25478 25478 D VRI[MainActivity]@7d2e953: mThreadedRenderer.initializeIfNeeded()#2 mSurface={isValid=true 0xb4000077f3bb56d0}
10-05 13:56:13.241 25478 25478 I InputMethodManager: startInputAsyncOnWindowFocusGain - IInputMethodManagerGlobalInvoker.startInputOrWindowGainedFocus
10-05 13:56:13.402 25478 25478 I VRI[MainActivity]@7d2e953: ViewPostIme pointer 0
10-05 13:56:13.485 25478 25478 I VRI[MainActivity]@7d2e953: ViewPostIme pointer 1
10-05 13:56:13.494 25478 25478 D WhisperSpeechController: updateContext: surveyId=1e894245-19f0-4e03-9012-1027d1dc5501, questionId=Q9
10-05 13:56:13.496 25478 25478 D WhisperSpeechController: updateContext: surveyId=1e894245-19f0-4e03-9012-1027d1dc5501, questionId=Q9
10-05 13:56:13.500 25478 25478 I View    : setRequestedFrameRate frameRate=-4.0, this=android.view.View{8e68063 V.ED..... ........ 0,0-0,0}, caller=androidx.compose.ui.platform.Api35Impl.setRequestedFrameRate:4047 androidx.compose.ui.platform.AndroidComposeView.dispatchDraw:2282 android.view.View.draw:26153 android.view.View.updateDisplayListIfDirty:24990 android.view.ViewGroup.recreateChildDisplayList:4759 
10-05 13:56:13.506 25478 25478 I View    : setRequestedFrameRate frameRate=NaN, this=android.view.View{8e68063 V.ED..... ........ 0,0-0,0}, caller=androidx.compose.ui.platform.Api35Impl.setRequestedFrameRate:4047 androidx.compose.ui.platform.AndroidComposeView.dispatchDraw:2282 android.view.View.draw:26153 android.view.View.updateDisplayListIfDirty:24990 android.view.ViewGroup.recreateChildDisplayList:4759 
10-05 13:56:13.526 25478 25478 D InsetsController: show(ime(), fromIme=false)
10-05 13:56:13.527 25478 25478 I ImeTracker: com.negi.survey:ca30b7c0: onRequestShow at ORIGIN_CLIENT reason SHOW_SOFT_INPUT_BY_INSETS_API fromUser false
10-05 13:56:13.527 25478 25478 I ImeTracker: com.negi.survey:ca30b7c0: onCancelled at PHASE_CLIENT_APPLY_ANIMATION
10-05 13:56:13.527 25478 25478 I InputMethodManager_LC: showSoftInput(View,I)
10-05 13:56:13.527 25478 25478 I ImeTracker: com.negi.survey:452a7763: onRequestShow at ORIGIN_CLIENT reason SHOW_SOFT_INPUT fromUser false
10-05 13:56:13.527 25478 25478 I InputMethodManager_LC: ssi(): flags=0 view=com.negi.survey reason=SHOW_SOFT_INPUT
10-05 13:56:13.527 25478 25478 I InputMethodManager_LC: ssi() view is not EditText
10-05 13:56:13.527 25478 25478 D InputMethodManager: showSoftInput() view=androidx.compose.ui.platform.AndroidComposeView{63ac072 VFED..... .F...... 0,0-1080,2340 aid=1073741824} flags=0 reason=SHOW_SOFT_INPUT
10-05 13:56:13.532 25478 25478 D InsetsController: show(ime(), fromIme=true)
10-05 13:56:13.532 25478 25478 I ImeTracker: com.negi.survey:452a7763: onCancelled at PHASE_CLIENT_APPLY_ANIMATION
10-05 13:56:14.474 25478 25478 D SmartClipDataCropperImpl: doExtractSmartClipData : Extraction start! reqId = 22  Cropped area = Rect(540, 1170 - 541, 1171)  Package = com.negi.survey
10-05 13:56:14.474 25478 25478 D SmartClipDataCropperImpl: addAppMetaTag : package name is com.negi.survey
10-05 13:56:14.474 25478 25478 D SmartClipDataCropperImpl: sendExtractionResultToSmartClipService : -- Extracted SmartClip data information --
10-05 13:56:14.474 25478 25478 D SmartClipDataCropperImpl: sendExtractionResultToSmartClipService : Request Id : 22
10-05 13:56:14.474 25478 25478 D SmartClipDataCropperImpl: sendExtractionResultToSmartClipService : Extraction mode : 1
10-05 13:56:14.474 25478 25478 D SemSmartClipDataRepository: ----- Start of SmartClip repository informations -----
10-05 13:56:14.474 25478 25478 D SemSmartClipDataRepository: ** Content type : image
10-05 13:56:14.474 25478 25478 D SemSmartClipDataRepository: ** Meta area rect : Rect(0, 0 - 0, 0)
10-05 13:56:14.474 25478 25478 D SemSmartClipDataRepository: ** Captured image file path : null
10-05 13:56:14.474 25478 25478 D SemSmartClipDataRepository: ----- End of SmartClip repository informations -----
10-05 13:56:14.474 25478 25478 D SmartClipDataCropperImpl: sendExtractionResultToSmartClipService : Elapsed = 0
10-05 13:56:14.518 25478 25478 I ImeFocusController: onPreWindowFocus: skipped hasWindowFocus=false mHasImeFocus=true
10-05 13:56:14.518 25478 25478 I ImeFocusController: onPostWindowFocus: skipped hasWindowFocus=false mHasImeFocus=true
10-05 13:56:16.008 25478 25478 I InsetsSourceConsumer: applyRequestedVisibilityToControl: visible=true, type=statusBars, host=com.negi.survey/com.negi.survey.MainActivity
10-05 13:56:16.019 25478 25478 D VRI[MainActivity]@7d2e953: mThreadedRenderer.initializeIfNeeded()#2 mSurface={isValid=true 0xb4000077f3bb56d0}
10-05 13:56:16.019 25478 25478 I InputMethodManager: startInputAsyncOnWindowFocusGain - IInputMethodManagerGlobalInvoker.startInputOrWindowGainedFocus
10-05 13:56:16.264 25478 25478 I VRI[MainActivity]@7d2e953: ViewPostIme pointer 0
10-05 13:56:16.370 25478 25478 I VRI[MainActivity]@7d2e953: ViewPostIme pointer 1
10-05 13:56:16.389 25478 25478 D WhisperSpeechController: updateContext: surveyId=1e894245-19f0-4e03-9012-1027d1dc5501, questionId=Q10
10-05 13:56:16.390 25478 25478 D WhisperSpeechController: updateContext: surveyId=1e894245-19f0-4e03-9012-1027d1dc5501, questionId=Q10
10-05 13:56:16.394 25478 25478 I View    : setRequestedFrameRate frameRate=-4.0, this=android.view.View{8e68063 V.ED..... ........ 0,0-0,0}, caller=androidx.compose.ui.platform.Api35Impl.setRequestedFrameRate:4047 androidx.compose.ui.platform.AndroidComposeView.dispatchDraw:2282 android.view.View.draw:26153 android.view.View.updateDisplayListIfDirty:24990 android.view.ViewGroup.recreateChildDisplayList:4759 
10-05 13:56:16.395 25478 25478 I View    : setRequestedFrameRate frameRate=NaN, this=android.view.View{8e68063 V.ED..... ........ 0,0-0,0}, caller=androidx.compose.ui.platform.Api35Impl.setRequestedFrameRate:4047 androidx.compose.ui.platform.AndroidComposeView.dispatchDraw:2282 android.view.View.draw:26153 android.view.View.updateDisplayListIfDirty:24990 android.view.ViewGroup.recreateChildDisplayList:4759 
10-05 13:56:16.421 25478 25478 D InsetsController: show(ime(), fromIme=false)
10-05 13:56:16.421 25478 25478 I ImeTracker: com.negi.survey:43402838: onRequestShow at ORIGIN_CLIENT reason SHOW_SOFT_INPUT_BY_INSETS_API fromUser false
10-05 13:56:16.421 25478 25478 I ImeTracker: com.negi.survey:43402838: onCancelled at PHASE_CLIENT_APPLY_ANIMATION
10-05 13:56:16.421 25478 25478 I InputMethodManager_LC: showSoftInput(View,I)
10-05 13:56:16.422 25478 25478 I ImeTracker: com.negi.survey:ee63d914: onRequestShow at ORIGIN_CLIENT reason SHOW_SOFT_INPUT fromUser false
10-05 13:56:16.422 25478 25478 I InputMethodManager_LC: ssi(): flags=0 view=com.negi.survey reason=SHOW_SOFT_INPUT
10-05 13:56:16.422 25478 25478 I InputMethodManager_LC: ssi() view is not EditText
10-05 13:56:16.422 25478 25478 D InputMethodManager: showSoftInput() view=androidx.compose.ui.platform.AndroidComposeView{63ac072 VFED..... .F...... 0,0-1080,2340 aid=1073741824} flags=0 reason=SHOW_SOFT_INPUT
10-05 13:56:16.429 25478 25478 D InsetsController: show(ime(), fromIme=true)
10-05 13:56:16.429 25478 25478 I ImeTracker: com.negi.survey:ee63d914: onCancelled at PHASE_CLIENT_APPLY_ANIMATION
10-05 13:56:17.689 25478 25478 D SmartClipDataCropperImpl: doExtractSmartClipData : Extraction start! reqId = 23  Cropped area = Rect(540, 1170 - 541, 1171)  Package = com.negi.survey
10-05 13:56:17.689 25478 25478 D SmartClipDataCropperImpl: addAppMetaTag : package name is com.negi.survey
10-05 13:56:17.689 25478 25478 D SmartClipDataCropperImpl: sendExtractionResultToSmartClipService : -- Extracted SmartClip data information --
10-05 13:56:17.689 25478 25478 D SmartClipDataCropperImpl: sendExtractionResultToSmartClipService : Request Id : 23
10-05 13:56:17.689 25478 25478 D SmartClipDataCropperImpl: sendExtractionResultToSmartClipService : Extraction mode : 1
10-05 13:56:17.689 25478 25478 D SemSmartClipDataRepository: ----- Start of SmartClip repository informations -----
10-05 13:56:17.689 25478 25478 D SemSmartClipDataRepository: ** Content type : image
10-05 13:56:17.689 25478 25478 D SemSmartClipDataRepository: ** Meta area rect : Rect(0, 0 - 0, 0)
10-05 13:56:17.689 25478 25478 D SemSmartClipDataRepository: ** Captured image file path : null
10-05 13:56:17.689 25478 25478 D SemSmartClipDataRepository: ----- End of SmartClip repository informations -----
10-05 13:56:17.689 25478 25478 D SmartClipDataCropperImpl: sendExtractionResultToSmartClipService : Elapsed = 0
10-05 13:56:17.735 25478 25478 I ImeFocusController: onPreWindowFocus: skipped hasWindowFocus=false mHasImeFocus=true
10-05 13:56:17.735 25478 25478 I ImeFocusController: onPostWindowFocus: skipped hasWindowFocus=false mHasImeFocus=true
10-05 13:56:18.984 25478 25478 W JobService: onNetworkChanged() not implemented in androidx.work.impl.background.systemjob.SystemJobService. Must override in a subclass.
10-05 13:56:18.990 25478 25555 D WM-WorkConstraintsTrack: NetworkRequestConstraintController onCapabilitiesChanged callback
10-05 13:56:19.186 25478 25478 I InsetsSourceConsumer: applyRequestedVisibilityToControl: visible=true, type=statusBars, host=com.negi.survey/com.negi.survey.MainActivity
10-05 13:56:19.197 25478 25478 D VRI[MainActivity]@7d2e953: mThreadedRenderer.initializeIfNeeded()#2 mSurface={isValid=true 0xb4000077f3bb56d0}
10-05 13:56:19.197 25478 25478 I InputMethodManager: startInputAsyncOnWindowFocusGain - IInputMethodManagerGlobalInvoker.startInputOrWindowGainedFocus
10-05 13:56:19.274 25478 25478 I VRI[MainActivity]@7d2e953: ViewPostIme pointer 0
10-05 13:56:19.364 25478 25478 I VRI[MainActivity]@7d2e953: ViewPostIme pointer 1
10-05 13:56:19.373 25478 25478 D WhisperSpeechController: updateContext: surveyId=1e894245-19f0-4e03-9012-1027d1dc5501, questionId=Q11
10-05 13:56:19.375 25478 25478 D WhisperSpeechController: updateContext: surveyId=1e894245-19f0-4e03-9012-1027d1dc5501, questionId=Q11
10-05 13:56:19.405 25478 25478 D InsetsController: show(ime(), fromIme=false)
10-05 13:56:19.406 25478 25478 I ImeTracker: com.negi.survey:825d5af6: onRequestShow at ORIGIN_CLIENT reason SHOW_SOFT_INPUT_BY_INSETS_API fromUser false
10-05 13:56:19.406 25478 25478 I ImeTracker: com.negi.survey:825d5af6: onCancelled at PHASE_CLIENT_APPLY_ANIMATION
10-05 13:56:19.406 25478 25478 I InputMethodManager_LC: showSoftInput(View,I)
10-05 13:56:19.406 25478 25478 I ImeTracker: com.negi.survey:ad00380c: onRequestShow at ORIGIN_CLIENT reason SHOW_SOFT_INPUT fromUser false
10-05 13:56:19.406 25478 25478 I InputMethodManager_LC: ssi(): flags=0 view=com.negi.survey reason=SHOW_SOFT_INPUT
10-05 13:56:19.406 25478 25478 I InputMethodManager_LC: ssi() view is not EditText
10-05 13:56:19.406 25478 25478 D InputMethodManager: showSoftInput() view=androidx.compose.ui.platform.AndroidComposeView{63ac072 VFED..... .F...... 0,0-1080,2340 aid=1073741824} flags=0 reason=SHOW_SOFT_INPUT
10-05 13:56:19.414 25478 25478 D InsetsController: show(ime(), fromIme=true)
10-05 13:56:19.414 25478 25478 I ImeTracker: com.negi.survey:ad00380c: onCancelled at PHASE_CLIENT_APPLY_ANIMATION
10-05 13:56:20.390 25478 25478 D SmartClipDataCropperImpl: doExtractSmartClipData : Extraction start! reqId = 24  Cropped area = Rect(540, 1170 - 541, 1171)  Package = com.negi.survey
10-05 13:56:20.390 25478 25478 D SmartClipDataCropperImpl: addAppMetaTag : package name is com.negi.survey
10-05 13:56:20.390 25478 25478 D SmartClipDataCropperImpl: sendExtractionResultToSmartClipService : -- Extracted SmartClip data information --
10-05 13:56:20.390 25478 25478 D SmartClipDataCropperImpl: sendExtractionResultToSmartClipService : Request Id : 24
10-05 13:56:20.390 25478 25478 D SmartClipDataCropperImpl: sendExtractionResultToSmartClipService : Extraction mode : 1
10-05 13:56:20.390 25478 25478 D SemSmartClipDataRepository: ----- Start of SmartClip repository informations -----
10-05 13:56:20.390 25478 25478 D SemSmartClipDataRepository: ** Content type : image
10-05 13:56:20.390 25478 25478 D SemSmartClipDataRepository: ** Meta area rect : Rect(0, 0 - 0, 0)
10-05 13:56:20.390 25478 25478 D SemSmartClipDataRepository: ** Captured image file path : null
10-05 13:56:20.390 25478 25478 D SemSmartClipDataRepository: ----- End of SmartClip repository informations -----
10-05 13:56:20.390 25478 25478 D SmartClipDataCropperImpl: sendExtractionResultToSmartClipService : Elapsed = 0
10-05 13:56:20.430 25478 25478 I ImeFocusController: onPreWindowFocus: skipped hasWindowFocus=false mHasImeFocus=true
10-05 13:56:20.430 25478 25478 I ImeFocusController: onPostWindowFocus: skipped hasWindowFocus=false mHasImeFocus=true
10-05 13:56:21.991 25478 25478 I InsetsSourceConsumer: applyRequestedVisibilityToControl: visible=true, type=statusBars, host=com.negi.survey/com.negi.survey.MainActivity
10-05 13:56:21.993 25478 25478 W JobService: onNetworkChanged() not implemented in androidx.work.impl.background.systemjob.SystemJobService. Must override in a subclass.
10-05 13:56:21.999 25478 25555 D WM-WorkConstraintsTrack: NetworkRequestConstraintController onCapabilitiesChanged callback
10-05 13:56:22.005 25478 25478 D VRI[MainActivity]@7d2e953: mThreadedRenderer.initializeIfNeeded()#2 mSurface={isValid=true 0xb4000077f3bb56d0}
10-05 13:56:22.005 25478 25478 I InputMethodManager: startInputAsyncOnWindowFocusGain - IInputMethodManagerGlobalInvoker.startInputOrWindowGainedFocus
10-05 13:56:22.135 25478 25478 I VRI[MainActivity]@7d2e953: ViewPostIme pointer 0
10-05 13:56:22.234 25478 25478 I VRI[MainActivity]@7d2e953: ViewPostIme pointer 1
10-05 13:56:22.245 25478 25478 D WhisperSpeechController: updateContext: surveyId=1e894245-19f0-4e03-9012-1027d1dc5501, questionId=Q12
10-05 13:56:22.247 25478 25478 D WhisperSpeechController: updateContext: surveyId=1e894245-19f0-4e03-9012-1027d1dc5501, questionId=Q12
10-05 13:56:22.249 25478 25478 I View    : setRequestedFrameRate frameRate=-4.0, this=android.view.View{8e68063 V.ED..... ........ 0,0-0,0}, caller=androidx.compose.ui.platform.Api35Impl.setRequestedFrameRate:4047 androidx.compose.ui.platform.AndroidComposeView.dispatchDraw:2282 android.view.View.draw:26153 android.view.View.updateDisplayListIfDirty:24990 android.view.ViewGroup.recreateChildDisplayList:4759 
10-05 13:56:22.255 25478 25478 I View    : setRequestedFrameRate frameRate=NaN, this=android.view.View{8e68063 V.ED..... ........ 0,0-0,0}, caller=androidx.compose.ui.platform.Api35Impl.setRequestedFrameRate:4047 androidx.compose.ui.platform.AndroidComposeView.dispatchDraw:2282 android.view.View.draw:26153 android.view.View.updateDisplayListIfDirty:24990 android.view.ViewGroup.recreateChildDisplayList:4759 
10-05 13:56:22.277 25478 25478 D InsetsController: show(ime(), fromIme=false)
10-05 13:56:22.278 25478 25478 I ImeTracker: com.negi.survey:42018a3e: onRequestShow at ORIGIN_CLIENT reason SHOW_SOFT_INPUT_BY_INSETS_API fromUser false
10-05 13:56:22.278 25478 25478 I ImeTracker: com.negi.survey:42018a3e: onCancelled at PHASE_CLIENT_APPLY_ANIMATION
10-05 13:56:22.278 25478 25478 I InputMethodManager_LC: showSoftInput(View,I)
10-05 13:56:22.278 25478 25478 I ImeTracker: com.negi.survey:975d0bcd: onRequestShow at ORIGIN_CLIENT reason SHOW_SOFT_INPUT fromUser false
10-05 13:56:22.278 25478 25478 I InputMethodManager_LC: ssi(): flags=0 view=com.negi.survey reason=SHOW_SOFT_INPUT
10-05 13:56:22.278 25478 25478 I InputMethodManager_LC: ssi() view is not EditText
10-05 13:56:22.278 25478 25478 D InputMethodManager: showSoftInput() view=androidx.compose.ui.platform.AndroidComposeView{63ac072 VFED..... .F...... 0,0-1080,2340 aid=1073741824} flags=0 reason=SHOW_SOFT_INPUT
10-05 13:56:22.282 25478 25478 D InsetsController: show(ime(), fromIme=true)
10-05 13:56:22.282 25478 25478 I ImeTracker: com.negi.survey:975d0bcd: onCancelled at PHASE_CLIENT_APPLY_ANIMATION
10-05 13:56:23.189 25478 25478 D SmartClipDataCropperImpl: doExtractSmartClipData : Extraction start! reqId = 25  Cropped area = Rect(540, 1170 - 541, 1171)  Package = com.negi.survey
10-05 13:56:23.189 25478 25478 D SmartClipDataCropperImpl: addAppMetaTag : package name is com.negi.survey
10-05 13:56:23.189 25478 25478 D SmartClipDataCropperImpl: sendExtractionResultToSmartClipService : -- Extracted SmartClip data information --
10-05 13:56:23.189 25478 25478 D SmartClipDataCropperImpl: sendExtractionResultToSmartClipService : Request Id : 25
10-05 13:56:23.189 25478 25478 D SmartClipDataCropperImpl: sendExtractionResultToSmartClipService : Extraction mode : 1
10-05 13:56:23.189 25478 25478 D SemSmartClipDataRepository: ----- Start of SmartClip repository informations -----
10-05 13:56:23.189 25478 25478 D SemSmartClipDataRepository: ** Content type : image
10-05 13:56:23.189 25478 25478 D SemSmartClipDataRepository: ** Meta area rect : Rect(0, 0 - 0, 0)
10-05 13:56:23.189 25478 25478 D SemSmartClipDataRepository: ** Captured image file path : null
10-05 13:56:23.189 25478 25478 D SemSmartClipDataRepository: ----- End of SmartClip repository informations -----
10-05 13:56:23.190 25478 25478 D SmartClipDataCropperImpl: sendExtractionResultToSmartClipService : Elapsed = 1
10-05 13:56:23.232 25478 25478 I ImeFocusController: onPreWindowFocus: skipped hasWindowFocus=false mHasImeFocus=true
10-05 13:56:23.232 25478 25478 I ImeFocusController: onPostWindowFocus: skipped hasWindowFocus=false mHasImeFocus=true
10-05 13:56:24.867 25478 25478 I InsetsSourceConsumer: applyRequestedVisibilityToControl: visible=true, type=statusBars, host=com.negi.survey/com.negi.survey.MainActivity
10-05 13:56:24.875 25478 25478 D VRI[MainActivity]@7d2e953: mThreadedRenderer.initializeIfNeeded()#2 mSurface={isValid=true 0xb4000077f3bb56d0}
10-05 13:56:24.875 25478 25478 I InputMethodManager: startInputAsyncOnWindowFocusGain - IInputMethodManagerGlobalInvoker.startInputOrWindowGainedFocus
10-05 13:56:24.962 25478 25478 I VRI[MainActivity]@7d2e953: ViewPostIme pointer 0
10-05 13:56:25.005 25478 25478 W JobService: onNetworkChanged() not implemented in androidx.work.impl.background.systemjob.SystemJobService. Must override in a subclass.
10-05 13:56:25.010 25478 25555 D WM-WorkConstraintsTrack: NetworkRequestConstraintController onCapabilitiesChanged callback
10-05 13:56:25.027 25478 25478 I VRI[MainActivity]@7d2e953: ViewPostIme pointer 1
10-05 13:56:25.038 25478 25478 D WhisperSpeechController: updateContext: surveyId=1e894245-19f0-4e03-9012-1027d1dc5501, questionId=Q13
10-05 13:56:25.040 25478 25478 D WhisperSpeechController: updateContext: surveyId=1e894245-19f0-4e03-9012-1027d1dc5501, questionId=Q13
10-05 13:56:25.044 25478 25478 I View    : setRequestedFrameRate frameRate=-4.0, this=android.view.View{8e68063 V.ED..... ........ 0,0-0,0}, caller=androidx.compose.ui.platform.Api35Impl.setRequestedFrameRate:4047 androidx.compose.ui.platform.AndroidComposeView.dispatchDraw:2282 android.view.View.draw:26153 android.view.View.updateDisplayListIfDirty:24990 android.view.ViewGroup.recreateChildDisplayList:4759 
10-05 13:56:25.049 25478 25478 I View    : setRequestedFrameRate frameRate=NaN, this=android.view.View{8e68063 V.ED..... ........ 0,0-0,0}, caller=androidx.compose.ui.platform.Api35Impl.setRequestedFrameRate:4047 androidx.compose.ui.platform.AndroidComposeView.dispatchDraw:2282 android.view.View.draw:26153 android.view.View.updateDisplayListIfDirty:24990 android.view.ViewGroup.recreateChildDisplayList:4759 
10-05 13:56:25.070 25478 25478 D InsetsController: show(ime(), fromIme=false)
10-05 13:56:25.070 25478 25478 I ImeTracker: com.negi.survey:ed26b263: onRequestShow at ORIGIN_CLIENT reason SHOW_SOFT_INPUT_BY_INSETS_API fromUser false
10-05 13:56:25.071 25478 25478 I ImeTracker: com.negi.survey:ed26b263: onCancelled at PHASE_CLIENT_APPLY_ANIMATION
10-05 13:56:25.071 25478 25478 I InputMethodManager_LC: showSoftInput(View,I)
10-05 13:56:25.071 25478 25478 I ImeTracker: com.negi.survey:d32aa47b: onRequestShow at ORIGIN_CLIENT reason SHOW_SOFT_INPUT fromUser false
10-05 13:56:25.071 25478 25478 I InputMethodManager_LC: ssi(): flags=0 view=com.negi.survey reason=SHOW_SOFT_INPUT
10-05 13:56:25.071 25478 25478 I InputMethodManager_LC: ssi() view is not EditText
10-05 13:56:25.071 25478 25478 D InputMethodManager: showSoftInput() view=androidx.compose.ui.platform.AndroidComposeView{63ac072 VFED..... .F...... 0,0-1080,2340 aid=1073741824} flags=0 reason=SHOW_SOFT_INPUT
10-05 13:56:25.075 25478 25478 D InsetsController: show(ime(), fromIme=true)
10-05 13:56:25.075 25478 25478 I ImeTracker: com.negi.survey:d32aa47b: onCancelled at PHASE_CLIENT_APPLY_ANIMATION
10-05 13:56:25.880 25478 25478 D SmartClipDataCropperImpl: doExtractSmartClipData : Extraction start! reqId = 26  Cropped area = Rect(540, 1170 - 541, 1171)  Package = com.negi.survey
10-05 13:56:25.880 25478 25478 D SmartClipDataCropperImpl: addAppMetaTag : package name is com.negi.survey
10-05 13:56:25.880 25478 25478 D SmartClipDataCropperImpl: sendExtractionResultToSmartClipService : -- Extracted SmartClip data information --
10-05 13:56:25.880 25478 25478 D SmartClipDataCropperImpl: sendExtractionResultToSmartClipService : Request Id : 26
10-05 13:56:25.880 25478 25478 D SmartClipDataCropperImpl: sendExtractionResultToSmartClipService : Extraction mode : 1
10-05 13:56:25.880 25478 25478 D SemSmartClipDataRepository: ----- Start of SmartClip repository informations -----
10-05 13:56:25.880 25478 25478 D SemSmartClipDataRepository: ** Content type : image
10-05 13:56:25.880 25478 25478 D SemSmartClipDataRepository: ** Meta area rect : Rect(0, 0 - 0, 0)
10-05 13:56:25.880 25478 25478 D SemSmartClipDataRepository: ** Captured image file path : null
10-05 13:56:25.880 25478 25478 D SemSmartClipDataRepository: ----- End of SmartClip repository informations -----
10-05 13:56:25.881 25478 25478 D SmartClipDataCropperImpl: sendExtractionResultToSmartClipService : Elapsed = 1
10-05 13:56:25.926 25478 25478 I ImeFocusController: onPreWindowFocus: skipped hasWindowFocus=false mHasImeFocus=true
10-05 13:56:25.926 25478 25478 I ImeFocusController: onPostWindowFocus: skipped hasWindowFocus=false mHasImeFocus=true
10-05 13:56:27.301 25478 25478 I InsetsSourceConsumer: applyRequestedVisibilityToControl: visible=true, type=statusBars, host=com.negi.survey/com.negi.survey.MainActivity
10-05 13:56:27.311 25478 25478 D VRI[MainActivity]@7d2e953: mThreadedRenderer.initializeIfNeeded()#2 mSurface={isValid=true 0xb4000077f3bb56d0}
10-05 13:56:27.311 25478 25478 I InputMethodManager: startInputAsyncOnWindowFocusGain - IInputMethodManagerGlobalInvoker.startInputOrWindowGainedFocus
10-05 13:56:27.448 25478 25478 I VRI[MainActivity]@7d2e953: ViewPostIme pointer 0
10-05 13:56:27.538 25478 25478 I VRI[MainActivity]@7d2e953: ViewPostIme pointer 1
10-05 13:56:27.550 25478 25478 D WhisperSpeechController: updateContext: surveyId=1e894245-19f0-4e03-9012-1027d1dc5501, questionId=Q14
10-05 13:56:27.552 25478 25478 D WhisperSpeechController: updateContext: surveyId=1e894245-19f0-4e03-9012-1027d1dc5501, questionId=Q14
10-05 13:56:27.556 25478 25478 I View    : setRequestedFrameRate frameRate=-4.0, this=android.view.View{8e68063 V.ED..... ........ 0,0-0,0}, caller=androidx.compose.ui.platform.Api35Impl.setRequestedFrameRate:4047 androidx.compose.ui.platform.AndroidComposeView.dispatchDraw:2282 android.view.View.draw:26153 android.view.View.updateDisplayListIfDirty:24990 android.view.ViewGroup.recreateChildDisplayList:4759 
10-05 13:56:27.559 25478 25478 I View    : setRequestedFrameRate frameRate=NaN, this=android.view.View{8e68063 V.ED..... ........ 0,0-0,0}, caller=androidx.compose.ui.platform.Api35Impl.setRequestedFrameRate:4047 androidx.compose.ui.platform.AndroidComposeView.dispatchDraw:2282 android.view.View.draw:26153 android.view.View.updateDisplayListIfDirty:24990 android.view.ViewGroup.recreateChildDisplayList:4759 
10-05 13:56:27.582 25478 25478 D InsetsController: show(ime(), fromIme=false)
10-05 13:56:27.583 25478 25478 I ImeTracker: com.negi.survey:56d6a4ee: onRequestShow at ORIGIN_CLIENT reason SHOW_SOFT_INPUT_BY_INSETS_API fromUser false
10-05 13:56:27.583 25478 25478 I ImeTracker: com.negi.survey:56d6a4ee: onCancelled at PHASE_CLIENT_APPLY_ANIMATION
10-05 13:56:27.583 25478 25478 I InputMethodManager_LC: showSoftInput(View,I)
10-05 13:56:27.584 25478 25478 I ImeTracker: com.negi.survey:1e23322b: onRequestShow at ORIGIN_CLIENT reason SHOW_SOFT_INPUT fromUser false
10-05 13:56:27.584 25478 25478 I InputMethodManager_LC: ssi(): flags=0 view=com.negi.survey reason=SHOW_SOFT_INPUT
10-05 13:56:27.584 25478 25478 I InputMethodManager_LC: ssi() view is not EditText
10-05 13:56:27.584 25478 25478 D InputMethodManager: showSoftInput() view=androidx.compose.ui.platform.AndroidComposeView{63ac072 VFED..... .F...... 0,0-1080,2340 aid=1073741824} flags=0 reason=SHOW_SOFT_INPUT
10-05 13:56:27.587 25478 25478 D InsetsController: show(ime(), fromIme=true)
10-05 13:56:27.587 25478 25478 I ImeTracker: com.negi.survey:1e23322b: onCancelled at PHASE_CLIENT_APPLY_ANIMATION
10-05 13:56:28.511 25478 25478 D SmartClipDataCropperImpl: doExtractSmartClipData : Extraction start! reqId = 27  Cropped area = Rect(540, 1170 - 541, 1171)  Package = com.negi.survey
10-05 13:56:28.511 25478 25478 D SmartClipDataCropperImpl: addAppMetaTag : package name is com.negi.survey
10-05 13:56:28.511 25478 25478 D SmartClipDataCropperImpl: sendExtractionResultToSmartClipService : -- Extracted SmartClip data information --
10-05 13:56:28.511 25478 25478 D SmartClipDataCropperImpl: sendExtractionResultToSmartClipService : Request Id : 27
10-05 13:56:28.511 25478 25478 D SmartClipDataCropperImpl: sendExtractionResultToSmartClipService : Extraction mode : 1
10-05 13:56:28.511 25478 25478 D SemSmartClipDataRepository: ----- Start of SmartClip repository informations -----
10-05 13:56:28.511 25478 25478 D SemSmartClipDataRepository: ** Content type : image
10-05 13:56:28.511 25478 25478 D SemSmartClipDataRepository: ** Meta area rect : Rect(0, 0 - 0, 0)
10-05 13:56:28.511 25478 25478 D SemSmartClipDataRepository: ** Captured image file path : null
10-05 13:56:28.511 25478 25478 D SemSmartClipDataRepository: ----- End of SmartClip repository informations -----
10-05 13:56:28.511 25478 25478 D SmartClipDataCropperImpl: sendExtractionResultToSmartClipService : Elapsed = 0
10-05 13:56:28.537 25478 25478 I ImeFocusController: onPreWindowFocus: skipped hasWindowFocus=false mHasImeFocus=true
10-05 13:56:28.537 25478 25478 I ImeFocusController: onPostWindowFocus: skipped hasWindowFocus=false mHasImeFocus=true
10-05 13:56:29.720 25478 25478 I InsetsSourceConsumer: applyRequestedVisibilityToControl: visible=true, type=statusBars, host=com.negi.survey/com.negi.survey.MainActivity
10-05 13:56:29.729 25478 25478 D VRI[MainActivity]@7d2e953: mThreadedRenderer.initializeIfNeeded()#2 mSurface={isValid=true 0xb4000077f3bb56d0}
10-05 13:56:29.729 25478 25478 I InputMethodManager: startInputAsyncOnWindowFocusGain - IInputMethodManagerGlobalInvoker.startInputOrWindowGainedFocus
10-05 13:56:29.789 25478 25478 I VRI[MainActivity]@7d2e953: ViewPostIme pointer 0
10-05 13:56:29.873 25478 25478 I VRI[MainActivity]@7d2e953: ViewPostIme pointer 1
10-05 13:56:29.884 25478 25478 D WhisperSpeechController: updateContext: surveyId=1e894245-19f0-4e03-9012-1027d1dc5501, questionId=Q15
10-05 13:56:29.887 25478 25478 D WhisperSpeechController: updateContext: surveyId=1e894245-19f0-4e03-9012-1027d1dc5501, questionId=Q15
10-05 13:56:29.891 25478 25478 I View    : setRequestedFrameRate frameRate=-4.0, this=android.view.View{8e68063 V.ED..... ........ 0,0-0,0}, caller=androidx.compose.ui.platform.Api35Impl.setRequestedFrameRate:4047 androidx.compose.ui.platform.AndroidComposeView.dispatchDraw:2282 android.view.View.draw:26153 android.view.View.updateDisplayListIfDirty:24990 android.view.ViewGroup.recreateChildDisplayList:4759 
10-05 13:56:29.895 25478 25478 I View    : setRequestedFrameRate frameRate=NaN, this=android.view.View{8e68063 V.ED..... ........ 0,0-0,0}, caller=androidx.compose.ui.platform.Api35Impl.setRequestedFrameRate:4047 androidx.compose.ui.platform.AndroidComposeView.dispatchDraw:2282 android.view.View.draw:26153 android.view.View.updateDisplayListIfDirty:24990 android.view.ViewGroup.recreateChildDisplayList:4759 
10-05 13:56:29.918 25478 25478 D InsetsController: show(ime(), fromIme=false)
10-05 13:56:29.918 25478 25478 I ImeTracker: com.negi.survey:269590eb: onRequestShow at ORIGIN_CLIENT reason SHOW_SOFT_INPUT_BY_INSETS_API fromUser false
10-05 13:56:29.918 25478 25478 I ImeTracker: com.negi.survey:269590eb: onCancelled at PHASE_CLIENT_APPLY_ANIMATION
10-05 13:56:29.918 25478 25478 I InputMethodManager_LC: showSoftInput(View,I)
10-05 13:56:29.918 25478 25478 I ImeTracker: com.negi.survey:35769507: onRequestShow at ORIGIN_CLIENT reason SHOW_SOFT_INPUT fromUser false
10-05 13:56:29.918 25478 25478 I InputMethodManager_LC: ssi(): flags=0 view=com.negi.survey reason=SHOW_SOFT_INPUT
10-05 13:56:29.918 25478 25478 I InputMethodManager_LC: ssi() view is not EditText
10-05 13:56:29.918 25478 25478 D InputMethodManager: showSoftInput() view=androidx.compose.ui.platform.AndroidComposeView{63ac072 VFED..... .F...... 0,0-1080,2340 aid=1073741824} flags=0 reason=SHOW_SOFT_INPUT
10-05 13:56:29.921 25478 25478 D InsetsController: show(ime(), fromIme=true)
10-05 13:56:29.921 25478 25478 I ImeTracker: com.negi.survey:35769507: onCancelled at PHASE_CLIENT_APPLY_ANIMATION
10-05 13:56:30.911 25478 25478 D SmartClipDataCropperImpl: doExtractSmartClipData : Extraction start! reqId = 28  Cropped area = Rect(540, 1170 - 541, 1171)  Package = com.negi.survey
10-05 13:56:30.911 25478 25478 D SmartClipDataCropperImpl: addAppMetaTag : package name is com.negi.survey
10-05 13:56:30.911 25478 25478 D SmartClipDataCropperImpl: sendExtractionResultToSmartClipService : -- Extracted SmartClip data information --
10-05 13:56:30.911 25478 25478 D SmartClipDataCropperImpl: sendExtractionResultToSmartClipService : Request Id : 28
10-05 13:56:30.911 25478 25478 D SmartClipDataCropperImpl: sendExtractionResultToSmartClipService : Extraction mode : 1
10-05 13:56:30.911 25478 25478 D SemSmartClipDataRepository: ----- Start of SmartClip repository informations -----
10-05 13:56:30.911 25478 25478 D SemSmartClipDataRepository: ** Content type : image
10-05 13:56:30.911 25478 25478 D SemSmartClipDataRepository: ** Meta area rect : Rect(0, 0 - 0, 0)
10-05 13:56:30.911 25478 25478 D SemSmartClipDataRepository: ** Captured image file path : null
10-05 13:56:30.911 25478 25478 D SemSmartClipDataRepository: ----- End of SmartClip repository informations -----
10-05 13:56:30.911 25478 25478 D SmartClipDataCropperImpl: sendExtractionResultToSmartClipService : Elapsed = 0
10-05 13:56:30.948 25478 25478 I ImeFocusController: onPreWindowFocus: skipped hasWindowFocus=false mHasImeFocus=true
10-05 13:56:30.948 25478 25478 I ImeFocusController: onPostWindowFocus: skipped hasWindowFocus=false mHasImeFocus=true
10-05 13:56:31.025 25478 25478 W JobService: onNetworkChanged() not implemented in androidx.work.impl.background.systemjob.SystemJobService. Must override in a subclass.
10-05 13:56:31.034 25478 25555 D WM-WorkConstraintsTrack: NetworkRequestConstraintController onCapabilitiesChanged callback
10-05 13:56:32.282 25478 25478 I InsetsSourceConsumer: applyRequestedVisibilityToControl: visible=true, type=statusBars, host=com.negi.survey/com.negi.survey.MainActivity
10-05 13:56:32.290 25478 25478 D VRI[MainActivity]@7d2e953: mThreadedRenderer.initializeIfNeeded()#2 mSurface={isValid=true 0xb4000077f3bb56d0}
10-05 13:56:32.290 25478 25478 I InputMethodManager: startInputAsyncOnWindowFocusGain - IInputMethodManagerGlobalInvoker.startInputOrWindowGainedFocus
10-05 13:56:32.452 25478 25478 I VRI[MainActivity]@7d2e953: ViewPostIme pointer 0
10-05 13:56:32.517 25478 25478 I VRI[MainActivity]@7d2e953: ViewPostIme pointer 1
10-05 13:56:32.525 25478 25478 D WhisperSpeechController: updateContext: surveyId=1e894245-19f0-4e03-9012-1027d1dc5501, questionId=Q16
10-05 13:56:32.527 25478 25478 D WhisperSpeechController: updateContext: surveyId=1e894245-19f0-4e03-9012-1027d1dc5501, questionId=Q16
10-05 13:56:32.557 25478 25478 D InsetsController: show(ime(), fromIme=false)
10-05 13:56:32.558 25478 25478 I ImeTracker: com.negi.survey:762553fe: onRequestShow at ORIGIN_CLIENT reason SHOW_SOFT_INPUT_BY_INSETS_API fromUser false
10-05 13:56:32.558 25478 25478 I ImeTracker: com.negi.survey:762553fe: onCancelled at PHASE_CLIENT_APPLY_ANIMATION
10-05 13:56:32.558 25478 25478 I InputMethodManager_LC: showSoftInput(View,I)
10-05 13:56:32.558 25478 25478 I ImeTracker: com.negi.survey:7147fcb9: onRequestShow at ORIGIN_CLIENT reason SHOW_SOFT_INPUT fromUser false
10-05 13:56:32.558 25478 25478 I InputMethodManager_LC: ssi(): flags=0 view=com.negi.survey reason=SHOW_SOFT_INPUT
10-05 13:56:32.558 25478 25478 I InputMethodManager_LC: ssi() view is not EditText
10-05 13:56:32.558 25478 25478 D InputMethodManager: showSoftInput() view=androidx.compose.ui.platform.AndroidComposeView{63ac072 VFED..... .F...... 0,0-1080,2340 aid=1073741824} flags=0 reason=SHOW_SOFT_INPUT
10-05 13:56:32.562 25478 25478 D InsetsController: show(ime(), fromIme=true)
10-05 13:56:32.562 25478 25478 I ImeTracker: com.negi.survey:7147fcb9: onCancelled at PHASE_CLIENT_APPLY_ANIMATION
10-05 13:56:33.434 25478 25478 D SmartClipDataCropperImpl: doExtractSmartClipData : Extraction start! reqId = 29  Cropped area = Rect(540, 1170 - 541, 1171)  Package = com.negi.survey
10-05 13:56:33.434 25478 25478 D SmartClipDataCropperImpl: addAppMetaTag : package name is com.negi.survey
10-05 13:56:33.434 25478 25478 D SmartClipDataCropperImpl: sendExtractionResultToSmartClipService : -- Extracted SmartClip data information --
10-05 13:56:33.434 25478 25478 D SmartClipDataCropperImpl: sendExtractionResultToSmartClipService : Request Id : 29
10-05 13:56:33.434 25478 25478 D SmartClipDataCropperImpl: sendExtractionResultToSmartClipService : Extraction mode : 1
10-05 13:56:33.434 25478 25478 D SemSmartClipDataRepository: ----- Start of SmartClip repository informations -----
10-05 13:56:33.434 25478 25478 D SemSmartClipDataRepository: ** Content type : image
10-05 13:56:33.434 25478 25478 D SemSmartClipDataRepository: ** Meta area rect : Rect(0, 0 - 0, 0)
10-05 13:56:33.434 25478 25478 D SemSmartClipDataRepository: ** Captured image file path : null
10-05 13:56:33.434 25478 25478 D SemSmartClipDataRepository: ----- End of SmartClip repository informations -----
10-05 13:56:33.434 25478 25478 D SmartClipDataCropperImpl: sendExtractionResultToSmartClipService : Elapsed = 0
10-05 13:56:33.466 25478 25478 I ImeFocusController: onPreWindowFocus: skipped hasWindowFocus=false mHasImeFocus=true
10-05 13:56:33.467 25478 25478 I ImeFocusController: onPostWindowFocus: skipped hasWindowFocus=false mHasImeFocus=true
10-05 13:56:34.037 25478 25478 W JobService: onNetworkChanged() not implemented in androidx.work.impl.background.systemjob.SystemJobService. Must override in a subclass.
10-05 13:56:34.045 25478 25555 D WM-WorkConstraintsTrack: NetworkRequestConstraintController onCapabilitiesChanged callback
10-05 13:56:34.995 25478 25518 D TrafficStats: tagSocket(6) with statsTag=0xffffffff, statsUid=-1
10-05 13:56:35.016 25478 25478 I InsetsSourceConsumer: applyRequestedVisibilityToControl: visible=true, type=statusBars, host=com.negi.survey/com.negi.survey.MainActivity
10-05 13:56:35.026 25478 25478 D VRI[MainActivity]@7d2e953: mThreadedRenderer.initializeIfNeeded()#2 mSurface={isValid=true 0xb4000077f3bb56d0}
10-05 13:56:35.027 25478 25478 I InputMethodManager: startInputAsyncOnWindowFocusGain - IInputMethodManagerGlobalInvoker.startInputOrWindowGainedFocus
10-05 13:56:35.145 25478 25478 I VRI[MainActivity]@7d2e953: ViewPostIme pointer 0
10-05 13:56:35.244 25478 25478 I VRI[MainActivity]@7d2e953: ViewPostIme pointer 1
10-05 13:56:35.257 25478 25478 D WhisperSpeechController: updateContext: surveyId=1e894245-19f0-4e03-9012-1027d1dc5501, questionId=Review
10-05 13:56:35.258 25478 25478 D WhisperSpeechController: updateContext: surveyId=1e894245-19f0-4e03-9012-1027d1dc5501, questionId=Review
10-05 13:56:35.272 25478 25478 I View    : setRequestedFrameRate frameRate=-4.0, this=android.view.View{8e68063 V.ED..... ........ 0,0-0,0}, caller=androidx.compose.ui.platform.Api35Impl.setRequestedFrameRate:4047 androidx.compose.ui.platform.AndroidComposeView.dispatchDraw:2282 android.view.View.draw:26153 android.view.View.updateDisplayListIfDirty:24990 android.view.ViewGroup.recreateChildDisplayList:4759 
10-05 13:56:35.284 25478 25478 I View    : setRequestedFrameRate frameRate=NaN, this=android.view.View{8e68063 V.ED..... ........ 0,0-0,0}, caller=androidx.compose.ui.platform.Api35Impl.setRequestedFrameRate:4047 androidx.compose.ui.platform.AndroidComposeView.dispatchDraw:2282 android.view.View.draw:26153 android.view.View.updateDisplayListIfDirty:24990 android.view.ViewGroup.recreateChildDisplayList:4759 
10-05 13:56:35.288 25478 25478 D InsetsController: show(ime(), fromIme=false)
10-05 13:56:35.288 25478 25478 I ImeTracker: com.negi.survey:871ffbe5: onRequestShow at ORIGIN_CLIENT reason SHOW_SOFT_INPUT_BY_INSETS_API fromUser false
10-05 13:56:35.288 25478 25478 I ImeTracker: com.negi.survey:871ffbe5: onCancelled at PHASE_CLIENT_APPLY_ANIMATION
10-05 13:56:35.288 25478 25478 I InputMethodManager_LC: showSoftInput(View,I)
10-05 13:56:35.288 25478 25478 I ImeTracker: com.negi.survey:372e7043: onRequestShow at ORIGIN_CLIENT reason SHOW_SOFT_INPUT fromUser false
10-05 13:56:35.288 25478 25478 I InputMethodManager_LC: ssi(): flags=0 view=com.negi.survey reason=SHOW_SOFT_INPUT
10-05 13:56:35.288 25478 25478 I InputMethodManager_LC: ssi() view is not EditText
10-05 13:56:35.288 25478 25478 D InputMethodManager: showSoftInput() view=androidx.compose.ui.platform.AndroidComposeView{63ac072 VFED..... .F...... 0,0-1080,2340 aid=1073741824} flags=0 reason=SHOW_SOFT_INPUT
10-05 13:56:35.291 25478 25478 D InsetsController: show(ime(), fromIme=true)
10-05 13:56:35.291 25478 25478 I ImeTracker: com.negi.survey:372e7043: onCancelled at PHASE_CLIENT_APPLY_ANIMATION
10-05 13:56:35.972 25478 25478 D InsetsController: hide(ime(), fromIme=false)
10-05 13:56:35.972 25478 25478 I ImeTracker: com.negi.survey:e56515c5: onRequestHide at ORIGIN_CLIENT reason HIDE_SOFT_INPUT_BY_INSETS_API fromUser false
10-05 13:56:35.973 25478 25478 I InsetsController: setRequestedVisibleTypes: visible=false, mask=ime, host=com.negi.survey/com.negi.survey.MainActivity, from=android.view.InsetsController.controlAnimationUnchecked:1497 android.view.InsetsController.applyAnimation:2218 android.view.InsetsController.applyAnimation:2150 android.view.InsetsController.hide:1451 android.view.InsetsController.hide:1367 androidx.core.view.SoftwareKeyboardControllerCompat$Impl30.hide:222 androidx.core.view.SoftwareKeyboardControllerCompat.hide:80 androidx.compose.ui.text.input.InputMethodManagerImpl.hideSoftInput:85 androidx.compose.ui.text.input.TextInputServiceAndroid.setKeyboardVisibleImmediately:470 androidx.compose.ui.text.input.TextInputServiceAndroid.processInputCommands:352 
10-05 13:56:35.973 25478 25478 I ImeTracker: com.negi.survey:4db92f4e: onRequestHide at ORIGIN_CLIENT reason HIDE_SOFT_INPUT_REQUEST_HIDE_WITH_CONTROL fromUser false
10-05 13:56:35.973 25478 25478 I InputMethodManager_LC: notifyImeHidden: IInputMethodManagerGlobalInvoker.hideSoftInput
10-05 13:56:35.975 25478 25478 I InsetsController: controlAnimationUncheckedInner: Added types=ime, animType=1, host=com.negi.survey/com.negi.survey.MainActivity, from=android.view.InsetsController.controlAnimationUnchecked:1501 android.view.InsetsController.applyAnimation:2218 android.view.InsetsController.applyAnimation:2150 
10-05 13:56:35.975 25478 25478 D InputMethodManagerUtils: startInputInner - Id : 0
10-05 13:56:35.975 25478 25478 I InputMethodManager: startInputInner - IInputMethodManagerGlobalInvoker.startInputOrWindowGainedFocus
10-05 13:56:35.979 25478 25478 W RemoteInputConnectionImpl: requestCursorUpdates on inactive InputConnection
10-05 13:56:35.980 25478 25512 I VRI[MainActivity]@7d2e953: mWNT: t=0xb400007832f51090 mBlastBufferQueue=0xb400007812f506d0 fn= 5345 HdrRenderState mRenderHdrSdrRatio=1.0 caller= android.view.SyncRtSurfaceTransactionApplier.applyTransaction:96 android.view.SyncRtSurfaceTransactionApplier.lambda$scheduleApply$0:69 android.view.SyncRtSurfaceTransactionApplier.$r8$lambda$afI4fXg3U3-nBZQEDQMiNy-B06s:0 
10-05 13:56:35.980 25478 25478 I InsetsController: onStateChanged: host=com.negi.survey/com.negi.survey.MainActivity, from=android.view.ViewRootImpl.handleResized:2781, state=InsetsState: {mDisplayFrame=Rect(0, 0 - 1080, 2340), mDisplayCutout=DisplayCutout{insets=Rect(0, 83 - 0, 0) waterfall=Insets{left=0, top=0, right=0, bottom=0} boundingRect={Bounds=[Rect(0, 0 - 0, 0), Rect(515, 0 - 566, 83), Rect(0, 0 - 0, 0), Rect(0, 0 - 0, 0)]} cutoutPathParserInfo={CutoutPathParserInfo{displayWidth=1080 displayHeight=2340 physicalDisplayWidth=1080 physicalDisplayHeight=2340 density={2.8125} cutoutSpec={M 0,0 H -9.066666666666667 V 29.6 H 9.066666666666667 V 0 H 0 Z @dp} rotation={0} scale={1.0} physicalPixelDisplaySizeRatio={1.0}}} sideOverrides={}}, mRoundedCorners=RoundedCorners{[RoundedCorner{position=TopLeft, radius=113, center=Point(113, 113)}, RoundedCorner{position=TopRight, radius=113, center=Point(967, 113)}, RoundedCorner{position=BottomRight, radius=113, center=Point(967, 2227)}, RoundedCorner{position=BottomLeft, radius=113, center=Point(113, 2227)}]}  mRoundedCornerFrame=Rect(0, 0 - 1080, 2340), mPrivacyIndicatorBounds=PrivacyIndicatorBounds {static bounds=Rect(956, 0 - 1080, 84) rotation=0}, mDisplayShape=DisplayShape{ spec=-311912193 displayWidth=1440 displayHeight=3120 physicalPixelDisplaySizeRatio=1.0 rotation=0 offsetX=0 offsetY=0 scale=1.0}, mSources= { InsetsSource: {3 mType=ime mFrame=[0,1332][1080,2340] mVisible=false mFlags= mSideHint=BOTTOM mBoundingRects=null}, InsetsSource: {27 mType=displayCutout mFrame=[0,0][1080,83] mVisible=true mFlags= mSideHint=TOP mBoundingRects=null}, InsetsSource: {17450000 mType=statusBars mFrame=[0,0][1080,84] mVisible=true mFlags= mSideHint=TOP mBoundingRects=null}, InsetsSource: {17450005 mType=mandatorySystemGestures mFrame=[0,0][1080,117] mVisible=true mFlags= mSideHint=TOP mBoundingRects=null}, InsetsSource: {17450006 mType=tappableElement mFrame=[0,0][1080,84] mVisible=true mFlags= mSideHint=TOP mBoundingRects=null}, InsetsSource: {4e1b0001 mType=navigationBars mFrame=[0,2205][1080,2340] mVisible=true mFlags= mSideHint=BOTTOM mBoundingRects=null}, InsetsSource: {4e1b0004 mType=systemGestures mFrame=[0,0][0,0] mVisible=true mFlags= mSideHint=NONE mBoundingRects=null}, InsetsSource: {4e1b0005 mType=mandatorySystemGestures mFrame=[0,2205][1080,2340] mVisible=true mFlags= mSideHint=BOTTOM mBoundingRects=null}, InsetsSource: {4e1b0006 mType=tappableElement mFrame=[0,2205][1080,2340] mVisible=true mFlags= mSideHint=BOTTOM mBoundingRects=null}, InsetsSource: {4e1b0024 mType=systemGestures mFrame=[0,0][0,0] mVisible=true mFlags= mSideHint=NONE mBoundingRects=null} }
10-05 13:56:35.980 25478 25478 I VRI[MainActivity]@7d2e953: handleResized, frames=ClientWindowFrames{frame=[0,0][1080,2340] display=[0,0][1080,2340] parentFrame=[0,0][0,0]} displayId=0 dragResizing=false compatScale=1.0 frameChanged=false attachedFrameChanged=false configChanged=false displayChanged=false compatScaleChanged=false dragResizingChanged=false
10-05 13:56:35.980 25478 25507 D InputTransport: Input channel constructed: 'ClientS', fd=165
10-05 13:56:35.981 25478 25478 D InsetsController: hide(ime(), fromIme=true)
10-05 13:56:35.981 25478 25478 I ImeTracker: com.negi.survey:4db92f4e: onCancelled at PHASE_CLIENT_APPLY_ANIMATION
10-05 13:56:35.983 25478 25478 I InsetsSourceConsumer: applyRequestedVisibilityToControl: visible=true, type=navigationBars, host=com.negi.survey/com.negi.survey.MainActivity
10-05 13:56:35.983 25478 25513 I VRI[MainActivity]@7d2e953: mWNT: t=0xb400007832f570d0 mBlastBufferQueue=0xb400007812f506d0 fn= 5346 HdrRenderState mRenderHdrSdrRatio=1.0 caller= android.view.SyncRtSurfaceTransactionApplier.applyTransaction:96 android.view.SyncRtSurfaceTransactionApplier.lambda$scheduleApply$0:69 android.view.SyncRtSurfaceTransactionApplier.$r8$lambda$afI4fXg3U3-nBZQEDQMiNy-B06s:0 
10-05 13:56:35.992 25478 25478 I View    : setRequestedFrameRate frameRate=-4.0, this=android.view.View{8e68063 V.ED..... ........ 0,0-0,0}, caller=androidx.compose.ui.platform.Api35Impl.setRequestedFrameRate:4047 androidx.compose.ui.platform.AndroidComposeView.dispatchDraw:2282 android.view.View.draw:26153 android.view.View.updateDisplayListIfDirty:24990 android.view.View.draw:25880 
10-05 13:56:35.992 25478 25512 I VRI[MainActivity]@7d2e953: mWNT: t=0xb400007832faee10 mBlastBufferQueue=0xb400007812f506d0 fn= 5347 HdrRenderState mRenderHdrSdrRatio=1.0 caller= android.view.SyncRtSurfaceTransactionApplier.applyTransaction:96 android.view.SyncRtSurfaceTransactionApplier.lambda$scheduleApply$0:69 android.view.SyncRtSurfaceTransactionApplier.$r8$lambda$afI4fXg3U3-nBZQEDQMiNy-B06s:0 
10-05 13:56:36.001 25478 25513 I VRI[MainActivity]@7d2e953: mWNT: t=0xb400007833099450 mBlastBufferQueue=0xb400007812f506d0 fn= 5348 HdrRenderState mRenderHdrSdrRatio=1.0 caller= android.view.SyncRtSurfaceTransactionApplier.applyTransaction:96 android.view.SyncRtSurfaceTransactionApplier.lambda$scheduleApply$0:69 android.view.SyncRtSurfaceTransactionApplier.$r8$lambda$afI4fXg3U3-nBZQEDQMiNy-B06s:0 
10-05 13:56:36.009 25478 25512 I VRI[MainActivity]@7d2e953: mWNT: t=0xb400007832fa3d50 mBlastBufferQueue=0xb400007812f506d0 fn= 5349 HdrRenderState mRenderHdrSdrRatio=1.0 caller= android.view.SyncRtSurfaceTransactionApplier.applyTransaction:96 android.view.SyncRtSurfaceTransactionApplier.lambda$scheduleApply$0:69 android.view.SyncRtSurfaceTransactionApplier.$r8$lambda$afI4fXg3U3-nBZQEDQMiNy-B06s:0 
10-05 13:56:36.017 25478 25513 I VRI[MainActivity]@7d2e953: mWNT: t=0xb400007832fa5250 mBlastBufferQueue=0xb400007812f506d0 fn= 5350 HdrRenderState mRenderHdrSdrRatio=1.0 caller= android.view.SyncRtSurfaceTransactionApplier.applyTransaction:96 android.view.SyncRtSurfaceTransactionApplier.lambda$scheduleApply$0:69 android.view.SyncRtSurfaceTransactionApplier.$r8$lambda$afI4fXg3U3-nBZQEDQMiNy-B06s:0 
10-05 13:56:36.025 25478 25512 I VRI[MainActivity]@7d2e953: mWNT: t=0xb400007832fa9310 mBlastBufferQueue=0xb400007812f506d0 fn= 5351 HdrRenderState mRenderHdrSdrRatio=1.0 caller= android.view.SyncRtSurfaceTransactionApplier.applyTransaction:96 android.view.SyncRtSurfaceTransactionApplier.lambda$scheduleApply$0:69 android.view.SyncRtSurfaceTransactionApplier.$r8$lambda$afI4fXg3U3-nBZQEDQMiNy-B06s:0 
10-05 13:56:36.035 25478 25513 I VRI[MainActivity]@7d2e953: mWNT: t=0xb400007832f56110 mBlastBufferQueue=0xb400007812f506d0 fn= 5352 HdrRenderState mRenderHdrSdrRatio=1.0 caller= android.view.SyncRtSurfaceTransactionApplier.applyTransaction:96 android.view.SyncRtSurfaceTransactionApplier.lambda$scheduleApply$0:69 android.view.SyncRtSurfaceTransactionApplier.$r8$lambda$afI4fXg3U3-nBZQEDQMiNy-B06s:0 
10-05 13:56:36.044 25478 25512 I VRI[MainActivity]@7d2e953: mWNT: t=0xb400007832fad590 mBlastBufferQueue=0xb400007812f506d0 fn= 5353 HdrRenderState mRenderHdrSdrRatio=1.0 caller= android.view.SyncRtSurfaceTransactionApplier.applyTransaction:96 android.view.SyncRtSurfaceTransactionApplier.lambda$scheduleApply$0:69 android.view.SyncRtSurfaceTransactionApplier.$r8$lambda$afI4fXg3U3-nBZQEDQMiNy-B06s:0 
10-05 13:56:36.052 25478 25513 I VRI[MainActivity]@7d2e953: mWNT: t=0xb400007832f9c2d0 mBlastBufferQueue=0xb400007812f506d0 fn= 5354 HdrRenderState mRenderHdrSdrRatio=1.0 caller= android.view.SyncRtSurfaceTransactionApplier.applyTransaction:96 android.view.SyncRtSurfaceTransactionApplier.lambda$scheduleApply$0:69 android.view.SyncRtSurfaceTransactionApplier.$r8$lambda$afI4fXg3U3-nBZQEDQMiNy-B06s:0 
10-05 13:56:36.060 25478 25512 I VRI[MainActivity]@7d2e953: mWNT: t=0xb400007832fa71d0 mBlastBufferQueue=0xb400007812f506d0 fn= 5355 HdrRenderState mRenderHdrSdrRatio=1.0 caller= android.view.SyncRtSurfaceTransactionApplier.applyTransaction:96 android.view.SyncRtSurfaceTransactionApplier.lambda$scheduleApply$0:69 android.view.SyncRtSurfaceTransactionApplier.$r8$lambda$afI4fXg3U3-nBZQEDQMiNy-B06s:0 
10-05 13:56:36.068 25478 25513 I VRI[MainActivity]@7d2e953: mWNT: t=0xb400007832fa5b10 mBlastBufferQueue=0xb400007812f506d0 fn= 5356 HdrRenderState mRenderHdrSdrRatio=1.0 caller= android.view.SyncRtSurfaceTransactionApplier.applyTransaction:96 android.view.SyncRtSurfaceTransactionApplier.lambda$scheduleApply$0:69 android.view.SyncRtSurfaceTransactionApplier.$r8$lambda$afI4fXg3U3-nBZQEDQMiNy-B06s:0 
10-05 13:56:36.076 25478 25512 I VRI[MainActivity]@7d2e953: mWNT: t=0xb400007832fa4b50 mBlastBufferQueue=0xb400007812f506d0 fn= 5357 HdrRenderState mRenderHdrSdrRatio=1.0 caller= android.view.SyncRtSurfaceTransactionApplier.applyTransaction:96 android.view.SyncRtSurfaceTransactionApplier.lambda$scheduleApply$0:69 android.view.SyncRtSurfaceTransactionApplier.$r8$lambda$afI4fXg3U3-nBZQEDQMiNy-B06s:0 
10-05 13:56:36.084 25478 25513 I VRI[MainActivity]@7d2e953: mWNT: t=0xb400007832f5a010 mBlastBufferQueue=0xb400007812f506d0 fn= 5358 HdrRenderState mRenderHdrSdrRatio=1.0 caller= android.view.SyncRtSurfaceTransactionApplier.applyTransaction:96 android.view.SyncRtSurfaceTransactionApplier.lambda$scheduleApply$0:69 android.view.SyncRtSurfaceTransactionApplier.$r8$lambda$afI4fXg3U3-nBZQEDQMiNy-B06s:0 
10-05 13:56:36.093 25478 25512 I VRI[MainActivity]@7d2e953: mWNT: t=0xb400007832fa9690 mBlastBufferQueue=0xb400007812f506d0 fn= 5359 HdrRenderState mRenderHdrSdrRatio=1.0 caller= android.view.SyncRtSurfaceTransactionApplier.applyTransaction:96 android.view.SyncRtSurfaceTransactionApplier.lambda$scheduleApply$0:69 android.view.SyncRtSurfaceTransactionApplier.$r8$lambda$afI4fXg3U3-nBZQEDQMiNy-B06s:0 
10-05 13:56:36.101 25478 25513 I VRI[MainActivity]@7d2e953: mWNT: t=0xb400007832f53fd0 mBlastBufferQueue=0xb400007812f506d0 fn= 5360 HdrRenderState mRenderHdrSdrRatio=1.0 caller= android.view.SyncRtSurfaceTransactionApplier.applyTransaction:96 android.view.SyncRtSurfaceTransactionApplier.lambda$scheduleApply$0:69 android.view.SyncRtSurfaceTransactionApplier.$r8$lambda$afI4fXg3U3-nBZQEDQMiNy-B06s:0 
10-05 13:56:36.110 25478 25512 I VRI[MainActivity]@7d2e953: mWNT: t=0xb400007832faad50 mBlastBufferQueue=0xb400007812f506d0 fn= 5361 HdrRenderState mRenderHdrSdrRatio=1.0 caller= android.view.SyncRtSurfaceTransactionApplier.applyTransaction:96 android.view.SyncRtSurfaceTransactionApplier.lambda$scheduleApply$0:69 android.view.SyncRtSurfaceTransactionApplier.$r8$lambda$afI4fXg3U3-nBZQEDQMiNy-B06s:0 
10-05 13:56:36.118 25478 25513 I VRI[MainActivity]@7d2e953: mWNT: t=0xb40000783300cd50 mBlastBufferQueue=0xb400007812f506d0 fn= 5362 HdrRenderState mRenderHdrSdrRatio=1.0 caller= android.view.SyncRtSurfaceTransactionApplier.applyTransaction:96 android.view.SyncRtSurfaceTransactionApplier.lambda$scheduleApply$0:69 android.view.SyncRtSurfaceTransactionApplier.$r8$lambda$afI4fXg3U3-nBZQEDQMiNy-B06s:0 
10-05 13:56:36.127 25478 25512 I VRI[MainActivity]@7d2e953: mWNT: t=0xb400007832fac410 mBlastBufferQueue=0xb400007812f506d0 fn= 5363 HdrRenderState mRenderHdrSdrRatio=1.0 caller= android.view.SyncRtSurfaceTransactionApplier.applyTransaction:96 android.view.SyncRtSurfaceTransactionApplier.lambda$scheduleApply$0:69 android.view.SyncRtSurfaceTransactionApplier.$r8$lambda$afI4fXg3U3-nBZQEDQMiNy-B06s:0 
10-05 13:56:36.134 25478 25513 I VRI[MainActivity]@7d2e953: mWNT: t=0xb400007832f4cfd0 mBlastBufferQueue=0xb400007812f506d0 fn= 5364 HdrRenderState mRenderHdrSdrRatio=1.0 caller= android.view.SyncRtSurfaceTransactionApplier.applyTransaction:96 android.view.SyncRtSurfaceTransactionApplier.lambda$scheduleApply$0:69 android.view.SyncRtSurfaceTransactionApplier.$r8$lambda$afI4fXg3U3-nBZQEDQMiNy-B06s:0 
10-05 13:56:36.145 25478 25512 I VRI[MainActivity]@7d2e953: mWNT: t=0xb40000783300dd10 mBlastBufferQueue=0xb400007812f506d0 fn= 5365 HdrRenderState mRenderHdrSdrRatio=1.0 caller= android.view.SyncRtSurfaceTransactionApplier.applyTransaction:96 android.view.SyncRtSurfaceTransactionApplier.lambda$scheduleApply$0:69 android.view.SyncRtSurfaceTransactionApplier.$r8$lambda$afI4fXg3U3-nBZQEDQMiNy-B06s:0 
10-05 13:56:36.153 25478 25513 I VRI[MainActivity]@7d2e953: mWNT: t=0xb400007832f56490 mBlastBufferQueue=0xb400007812f506d0 fn= 5366 HdrRenderState mRenderHdrSdrRatio=1.0 caller= android.view.SyncRtSurfaceTransactionApplier.applyTransaction:96 android.view.SyncRtSurfaceTransactionApplier.lambda$scheduleApply$0:69 android.view.SyncRtSurfaceTransactionApplier.$r8$lambda$afI4fXg3U3-nBZQEDQMiNy-B06s:0 
10-05 13:56:36.160 25478 25512 I VRI[MainActivity]@7d2e953: mWNT: t=0xb400007832f538d0 mBlastBufferQueue=0xb400007812f506d0 fn= 5367 HdrRenderState mRenderHdrSdrRatio=1.0 caller= android.view.SyncRtSurfaceTransactionApplier.applyTransaction:96 android.view.SyncRtSurfaceTransactionApplier.lambda$scheduleApply$0:69 android.view.SyncRtSurfaceTransactionApplier.$r8$lambda$afI4fXg3U3-nBZQEDQMiNy-B06s:0 
10-05 13:56:36.170 25478 25513 I VRI[MainActivity]@7d2e953: mWNT: t=0xb400007832f59e50 mBlastBufferQueue=0xb400007812f506d0 fn= 5368 HdrRenderState mRenderHdrSdrRatio=1.0 caller= android.view.SyncRtSurfaceTransactionApplier.applyTransaction:96 android.view.SyncRtSurfaceTransactionApplier.lambda$scheduleApply$0:69 android.view.SyncRtSurfaceTransactionApplier.$r8$lambda$afI4fXg3U3-nBZQEDQMiNy-B06s:0 
10-05 13:56:36.178 25478 25512 I VRI[MainActivity]@7d2e953: mWNT: t=0xb400007832f4c8d0 mBlastBufferQueue=0xb400007812f506d0 fn= 5369 HdrRenderState mRenderHdrSdrRatio=1.0 caller= android.view.SyncRtSurfaceTransactionApplier.applyTransaction:96 android.view.SyncRtSurfaceTransactionApplier.lambda$scheduleApply$0:69 android.view.SyncRtSurfaceTransactionApplier.$r8$lambda$afI4fXg3U3-nBZQEDQMiNy-B06s:0 
10-05 13:56:36.184 25478 25513 I VRI[MainActivity]@7d2e953: mWNT: t=0xb400007832f4a410 mBlastBufferQueue=0xb400007812f506d0 fn= 5370 HdrRenderState mRenderHdrSdrRatio=1.0 caller= android.view.SyncRtSurfaceTransactionApplier.applyTransaction:96 android.view.SyncRtSurfaceTransactionApplier.lambda$scheduleApply$0:69 android.view.SyncRtSurfaceTransactionApplier.$r8$lambda$afI4fXg3U3-nBZQEDQMiNy-B06s:0 
10-05 13:56:36.192 25478 25512 I VRI[MainActivity]@7d2e953: mWNT: t=0xb40000783300aa50 mBlastBufferQueue=0xb400007812f506d0 fn= 5371 HdrRenderState mRenderHdrSdrRatio=1.0 caller= android.view.SyncRtSurfaceTransactionApplier.applyTransaction:96 android.view.SyncRtSurfaceTransactionApplier.lambda$scheduleApply$0:69 android.view.SyncRtSurfaceTransactionApplier.$r8$lambda$afI4fXg3U3-nBZQEDQMiNy-B06s:0 
10-05 13:56:36.203 25478 25513 I VRI[MainActivity]@7d2e953: mWNT: t=0xb400007832f4d190 mBlastBufferQueue=0xb400007812f506d0 fn= 5372 HdrRenderState mRenderHdrSdrRatio=1.0 caller= android.view.SyncRtSurfaceTransactionApplier.applyTransaction:96 android.view.SyncRtSurfaceTransactionApplier.lambda$scheduleApply$0:69 android.view.SyncRtSurfaceTransactionApplier.$r8$lambda$afI4fXg3U3-nBZQEDQMiNy-B06s:0 
10-05 13:56:36.208 25478 25485 D InputTransport: Input channel destroyed: 'ClientS', fd=165
10-05 13:56:36.209 25478 25512 I VRI[MainActivity]@7d2e953: mWNT: t=0xb400007832fab7d0 mBlastBufferQueue=0xb400007812f506d0 fn= 5373 HdrRenderState mRenderHdrSdrRatio=1.0 caller= android.view.SyncRtSurfaceTransactionApplier.applyTransaction:96 android.view.SyncRtSurfaceTransactionApplier.lambda$scheduleApply$0:69 android.view.SyncRtSurfaceTransactionApplier.$r8$lambda$afI4fXg3U3-nBZQEDQMiNy-B06s:0 
10-05 13:56:36.217 25478 25513 I VRI[MainActivity]@7d2e953: mWNT: t=0xb400007832fa3f10 mBlastBufferQueue=0xb400007812f506d0 fn= 5374 HdrRenderState mRenderHdrSdrRatio=1.0 caller= android.view.SyncRtSurfaceTransactionApplier.applyTransaction:96 android.view.SyncRtSurfaceTransactionApplier.lambda$scheduleApply$0:69 android.view.SyncRtSurfaceTransactionApplier.$r8$lambda$afI4fXg3U3-nBZQEDQMiNy-B06s:0 
10-05 13:56:36.226 25478 25512 I VRI[MainActivity]@7d2e953: mWNT: t=0xb400007832fa6050 mBlastBufferQueue=0xb400007812f506d0 fn= 5375 HdrRenderState mRenderHdrSdrRatio=1.0 caller= android.view.SyncRtSurfaceTransactionApplier.applyTransaction:96 android.view.SyncRtSurfaceTransactionApplier.lambda$scheduleApply$0:69 android.view.SyncRtSurfaceTransactionApplier.$r8$lambda$afI4fXg3U3-nBZQEDQMiNy-B06s:0 
10-05 13:56:36.234 25478 25513 I VRI[MainActivity]@7d2e953: mWNT: t=0xb400007832f4bc90 mBlastBufferQueue=0xb400007812f506d0 fn= 5376 HdrRenderState mRenderHdrSdrRatio=1.0 caller= android.view.SyncRtSurfaceTransactionApplier.applyTransaction:96 android.view.SyncRtSurfaceTransactionApplier.lambda$scheduleApply$0:69 android.view.SyncRtSurfaceTransactionApplier.$r8$lambda$afI4fXg3U3-nBZQEDQMiNy-B06s:0 
10-05 13:56:36.241 25478 25512 I VRI[MainActivity]@7d2e953: mWNT: t=0xb400007832f4ddd0 mBlastBufferQueue=0xb400007812f506d0 fn= 5377 HdrRenderState mRenderHdrSdrRatio=1.0 caller= android.view.SyncRtSurfaceTransactionApplier.applyTransaction:96 android.view.SyncRtSurfaceTransactionApplier.lambda$scheduleApply$0:69 android.view.SyncRtSurfaceTransactionApplier.$r8$lambda$afI4fXg3U3-nBZQEDQMiNy-B06s:0 
10-05 13:56:36.252 25478 25513 I VRI[MainActivity]@7d2e953: mWNT: t=0xb400007832fa6c90 mBlastBufferQueue=0xb400007812f506d0 fn= 5378 HdrRenderState mRenderHdrSdrRatio=1.0 caller= android.view.SyncRtSurfaceTransactionApplier.applyTransaction:96 android.view.SyncRtSurfaceTransactionApplier.lambda$scheduleApply$0:69 android.view.SyncRtSurfaceTransactionApplier.$r8$lambda$afI4fXg3U3-nBZQEDQMiNy-B06s:0 
10-05 13:56:36.260 25478 25512 I VRI[MainActivity]@7d2e953: mWNT: t=0xb400007832f4a250 mBlastBufferQueue=0xb400007812f506d0 fn= 5379 HdrRenderState mRenderHdrSdrRatio=1.0 caller= android.view.SyncRtSurfaceTransactionApplier.applyTransaction:96 android.view.SyncRtSurfaceTransactionApplier.lambda$scheduleApply$0:69 android.view.SyncRtSurfaceTransactionApplier.$r8$lambda$afI4fXg3U3-nBZQEDQMiNy-B06s:0 
10-05 13:56:36.269 25478 25513 I VRI[MainActivity]@7d2e953: mWNT: t=0xb400007832fa5950 mBlastBufferQueue=0xb400007812f506d0 fn= 5380 HdrRenderState mRenderHdrSdrRatio=1.0 caller= android.view.SyncRtSurfaceTransactionApplier.applyTransaction:96 android.view.SyncRtSurfaceTransactionApplier.lambda$scheduleApply$0:69 android.view.SyncRtSurfaceTransactionApplier.$r8$lambda$afI4fXg3U3-nBZQEDQMiNy-B06s:0 
10-05 13:56:36.277 25478 25512 I VRI[MainActivity]@7d2e953: mWNT: t=0xb400007832f4a950 mBlastBufferQueue=0xb400007812f506d0 fn= 5381 HdrRenderState mRenderHdrSdrRatio=1.0 caller= android.view.SyncRtSurfaceTransactionApplier.applyTransaction:96 android.view.SyncRtSurfaceTransactionApplier.lambda$scheduleApply$0:69 android.view.SyncRtSurfaceTransactionApplier.$r8$lambda$afI4fXg3U3-nBZQEDQMiNy-B06s:0 
10-05 13:56:36.284 25478 25478 I InsetsController: cancelAnimation: types=ime, animType=1, host=com.negi.survey/com.negi.survey.MainActivity, from=android.view.InsetsController.notifyFinished:1881 android.view.InsetsAnimationControlImpl.applyChangeInsets:307 android.view.InsetsController.lambda$new$3:931 
10-05 13:56:36.285 25478 25478 I ImeTracker: com.negi.survey:9767aa56: onRequestHide at ORIGIN_CLIENT reason HIDE_SOFT_INPUT_ON_ANIMATION_STATE_CHANGED fromUser false
10-05 13:56:36.285 25478 25478 I InputMethodManager_LC: notifyImeHidden: IInputMethodManagerGlobalInvoker.hideSoftInput
10-05 13:56:36.286 25478 25478 I ImeTracker: com.negi.survey:e56515c5: onHidden
10-05 13:56:36.288 25478 25478 I View    : setRequestedFrameRate frameRate=NaN, this=android.view.View{8e68063 V.ED..... ........ 0,0-0,0}, caller=androidx.compose.ui.platform.Api35Impl.setRequestedFrameRate:4047 androidx.compose.ui.platform.AndroidComposeView.dispatchDraw:2282 android.view.View.draw:26153 android.view.View.updateDisplayListIfDirty:24990 android.view.ViewGroup.recreateChildDisplayList:4759 
10-05 13:56:36.288 25478 25513 I VRI[MainActivity]@7d2e953: mWNT: t=0xb400007832f9b4d0 mBlastBufferQueue=0xb400007812f506d0 fn= 5382 HdrRenderState mRenderHdrSdrRatio=1.0 caller= android.view.SyncRtSurfaceTransactionApplier.applyTransaction:96 android.view.SyncRtSurfaceTransactionApplier.lambda$scheduleApply$0:69 android.view.SyncRtSurfaceTransactionApplier.$r8$lambda$afI4fXg3U3-nBZQEDQMiNy-B06s:0 
10-05 13:56:36.348 25478 25478 I InsetsController: onStateChanged: host=com.negi.survey/com.negi.survey.MainActivity, from=android.view.ViewRootImpl.handleResized:2781, state=InsetsState: {mDisplayFrame=Rect(0, 0 - 1080, 2340), mDisplayCutout=DisplayCutout{insets=Rect(0, 83 - 0, 0) waterfall=Insets{left=0, top=0, right=0, bottom=0} boundingRect={Bounds=[Rect(0, 0 - 0, 0), Rect(515, 0 - 566, 83), Rect(0, 0 - 0, 0), Rect(0, 0 - 0, 0)]} cutoutPathParserInfo={CutoutPathParserInfo{displayWidth=1080 displayHeight=2340 physicalDisplayWidth=1080 physicalDisplayHeight=2340 density={2.8125} cutoutSpec={M 0,0 H -9.066666666666667 V 29.6 H 9.066666666666667 V 0 H 0 Z @dp} rotation={0} scale={1.0} physicalPixelDisplaySizeRatio={1.0}}} sideOverrides={}}, mRoundedCorners=RoundedCorners{[RoundedCorner{position=TopLeft, radius=113, center=Point(113, 113)}, RoundedCorner{position=TopRight, radius=113, center=Point(967, 113)}, RoundedCorner{position=BottomRight, radius=113, center=Point(967, 2227)}, RoundedCorner{position=BottomLeft, radius=113, center=Point(113, 2227)}]}  mRoundedCornerFrame=Rect(0, 0 - 1080, 2340), mPrivacyIndicatorBounds=PrivacyIndicatorBounds {static bounds=Rect(956, 0 - 1080, 84) rotation=0}, mDisplayShape=DisplayShape{ spec=-311912193 displayWidth=1440 displayHeight=3120 physicalPixelDisplaySizeRatio=1.0 rotation=0 offsetX=0 offsetY=0 scale=1.0}, mSources= { InsetsSource: {3 mType=ime mFrame=[0,0][0,0] mVisible=false mFlags= mSideHint=NONE mBoundingRects=null}, InsetsSource: {27 mType=displayCutout mFrame=[0,0][1080,83] mVisible=true mFlags= mSideHint=TOP mBoundingRects=null}, InsetsSource: {17450000 mType=statusBars mFrame=[0,0][1080,84] mVisible=true mFlags= mSideHint=TOP mBoundingRects=null}, InsetsSource: {17450005 mType=mandatorySystemGestures mFrame=[0,0][1080,117] mVisible=true mFlags= mSideHint=TOP mBoundingRects=null}, InsetsSource: {17450006 mType=tappableElement mFrame=[0,0][1080,84] mVisible=true mFlags= mSideHint=TOP mBoundingRects=null}, InsetsSource: {4e1b0001 mType=navigationBars mFrame=[0,2205][1080,2340] mVisible=true mFlags= mSideHint=BOTTOM mBoundingRects=null}, InsetsSource: {4e1b0004 mType=systemGestures mFrame=[0,0][0,0] mVisible=true mFlags= mSideHint=NONE mBoundingRects=null}, InsetsSource: {4e1b0005 mType=mandatorySystemGestures mFrame=[0,2205][1080,2340] mVisible=true mFlags= mSideHint=BOTTOM mBoundingRects=null}, InsetsSource: {4e1b0006 mType=tappableElement mFrame=[0,2205][1080,2340] mVisible=true mFlags= mSideHint=BOTTOM mBoundingRects=null}, InsetsSource: {4e1b0024 mType=systemGestures mFrame=[0,0][0,0] mVisible=true mFlags= mSideHint=NONE mBoundingRects=null} }
10-05 13:56:36.348 25478 25478 I VRI[MainActivity]@7d2e953: handleResized, frames=ClientWindowFrames{frame=[0,0][1080,2340] display=[0,0][1080,2340] parentFrame=[0,0][0,0]} displayId=0 dragResizing=false compatScale=1.0 frameChanged=false attachedFrameChanged=false configChanged=false displayChanged=false compatScaleChanged=false dragResizingChanged=false
10-05 13:56:37.048 25478 25478 W JobService: onNetworkChanged() not implemented in androidx.work.impl.background.systemjob.SystemJobService. Must override in a subclass.
10-05 13:56:37.052 25478 25555 D WM-WorkConstraintsTrack: NetworkRequestConstraintController onCapabilitiesChanged callback
10-05 13:56:38.233 25478 25478 D SmartClipDataCropperImpl: doExtractSmartClipData : Extraction start! reqId = 30  Cropped area = Rect(540, 1170 - 541, 1171)  Package = com.negi.survey
10-05 13:56:38.233 25478 25478 D SmartClipDataCropperImpl: addAppMetaTag : package name is com.negi.survey
10-05 13:56:38.233 25478 25478 D SmartClipDataCropperImpl: sendExtractionResultToSmartClipService : -- Extracted SmartClip data information --
10-05 13:56:38.233 25478 25478 D SmartClipDataCropperImpl: sendExtractionResultToSmartClipService : Request Id : 30
10-05 13:56:38.233 25478 25478 D SmartClipDataCropperImpl: sendExtractionResultToSmartClipService : Extraction mode : 1
10-05 13:56:38.233 25478 25478 D SemSmartClipDataRepository: ----- Start of SmartClip repository informations -----
10-05 13:56:38.233 25478 25478 D SemSmartClipDataRepository: ** Content type : image
10-05 13:56:38.233 25478 25478 D SemSmartClipDataRepository: ** Meta area rect : Rect(0, 0 - 0, 0)
10-05 13:56:38.233 25478 25478 D SemSmartClipDataRepository: ** Captured image file path : null
10-05 13:56:38.233 25478 25478 D SemSmartClipDataRepository: ----- End of SmartClip repository informations -----
10-05 13:56:38.233 25478 25478 D SmartClipDataCropperImpl: sendExtractionResultToSmartClipService : Elapsed = 0
10-05 13:56:38.246 25478 25478 I VRI[MainActivity]@7d2e953: call setFrameRateCategory for touch hint category=no preference, reason=boost timeout, vri=VRI[MainActivity]@7d2e953
10-05 13:56:38.270 25478 25478 I ImeFocusController: onPreWindowFocus: skipped hasWindowFocus=false mHasImeFocus=true
10-05 13:56:38.271 25478 25478 I ImeFocusController: onPostWindowFocus: skipped hasWindowFocus=false mHasImeFocus=true
10-05 13:56:38.273 25478 25478 D SmartClipRemoteRequestDispatcher: dispatchScrollableAreaInfo : windowRect = Rect(0, 0 - 1080, 2340)
10-05 13:56:38.273 25478 25478 D SmartClipRemoteRequestDispatcher: dispatchScrollableAreaInfo : Scrollable view count = 1
10-05 13:56:38.273 25478 25478 D SmartClipRemoteRequestDispatcher: dispatchScrollableAreaInfo : Unscrollable view count = 0
10-05 13:56:38.273 25478 25478 D SmartClipRemoteRequestDispatcher: dispatchScrollableAreaInfo : Pkg=com.negi.survey Activity=null
10-05 13:56:38.387 25478 25518 W github_upload: doRuntimeLogsUpload: upload failed
10-05 13:56:38.387 25478 25518 W github_upload: com.negi.survey.net.GitHubUploader$HttpFailureException: GitHub request failed (422): {"message":"Invalid request.\n\n\"sha\" wasn't supplied.","documentation_url":"https://docs.github.com/rest/repos/contents#create-or-update-file-contents","status":"422"}
10-05 13:56:38.387 25478 25518 W github_upload: 	at com.negi.survey.net.GitHubUploader.executeWithRetry(GitHubUploader.kt:689)
10-05 13:56:38.387 25478 25518 W github_upload: 	at com.negi.survey.net.GitHubUploader.access$executeWithRetry(GitHubUploader.kt:51)
10-05 13:56:38.387 25478 25518 W github_upload: 	at com.negi.survey.net.GitHubUploader$executeWithRetry$1.invokeSuspend(Unknown Source:22)
10-05 13:56:38.387 25478 25518 W github_upload: 	at kotlin.coroutines.jvm.internal.BaseContinuationImpl.resumeWith(ContinuationImpl.kt:34)
10-05 13:56:38.387 25478 25518 W github_upload: 	at kotlinx.coroutines.DispatchedTask.run(DispatchedTask.kt:100)
10-05 13:56:38.387 25478 25518 W github_upload: 	at kotlinx.coroutines.internal.LimitedDispatcher$Worker.run(LimitedDispatcher.kt:124)
10-05 13:56:38.387 25478 25518 W github_upload: 	at kotlinx.coroutines.scheduling.TaskImpl.run(Tasks.kt:89)
10-05 13:56:38.387 25478 25518 W github_upload: 	at kotlinx.coroutines.scheduling.CoroutineScheduler.runSafely(CoroutineScheduler.kt:586)
10-05 13:56:38.387 25478 25518 W github_upload: 	at kotlinx.coroutines.scheduling.CoroutineScheduler$Worker.executeTask(CoroutineScheduler.kt:798)
10-05 13:56:38.387 25478 25518 W github_upload: 	at kotlinx.coroutines.scheduling.CoroutineScheduler$Worker.runWorker(CoroutineScheduler.kt:717)
10-05 13:56:38.387 25478 25518 W github_upload: 	at kotlinx.coroutines.scheduling.CoroutineScheduler$Worker.run(CoroutineScheduler.kt:704)
10-05 13:56:38.389 25478 25521 I WM-Processor: Moving WorkSpec (10941536-762d-4370-bda1-dd467119cbd9) to the foreground
10-05 13:56:38.391 25478 25478 D WM-SystemFgDispatcher: Notifying with (id:4774, workSpecId: 10941536-762d-4370-bda1-dd467119cbd9, notificationType :1)
10-05 13:56:38.391 25478 25478 I NotificationManager: com.negi.survey: notify(4774, null, Notification(channel=uploads shortcut=null contentView=null vibrate=null sound=null defaults=0 flags=ONLY_ALERT_ONCE color=0x00000000 category=progress vis=PRIVATE semFlags=0x0 semPriority=0 semMissedCount=0)) as user
10-05 13:56:38.391 25478 25521 I WM-WorkerWrapper: Worker result FAILURE for Work [ id=10941536-762d-4370-bda1-dd467119cbd9, tags={ com.negi.survey.net.GitHubUploadWorker,github_upload,github_upload:startup_runtime_logs } ]
10-05 13:56:38.396 25478 25478 D WM-Processor: Processor 10941536-762d-4370-bda1-dd467119cbd9 executed; reschedule = false
10-05 13:56:38.396 25478 25478 D WM-SystemJobService: 10941536-762d-4370-bda1-dd467119cbd9 executed on JobScheduler
10-05 13:56:38.396 25478 25478 D WM-GreedyScheduler: Stopping tracking for WorkGenerationalId(workSpecId=10941536-762d-4370-bda1-dd467119cbd9, generation=0)
10-05 13:56:38.396 25478 25478 D WM-SystemFgDispatcher: Removing Notification (id: 4774, workSpecId: WorkGenerationalId(workSpecId=10941536-762d-4370-bda1-dd467119cbd9, generation=0), notificationType: 1
10-05 13:56:38.396 25478 25478 I WM-SystemFgDispatcher: Stopping foreground service
10-05 13:56:38.396 25478 25478 D WM-SystemFgService: Shutting down.
10-05 13:56:38.397 25478 25521 D WM-GreedyScheduler: Cancelling work ID 10941536-762d-4370-bda1-dd467119cbd9
10-05 13:56:38.398 25478 25521 D WM-WorkConstraintsTrack: NetworkRequestConstraintController unregister shared callback
10-05 13:56:38.398 25478 25521 D ConnectivityManager: StackLog: [android.net.ConnectivityManager.unregisterNetworkCallback(ConnectivityManager.java:5491)] [androidx.work.impl.constraints.SharedNetworkCallback.addCallback$lambda$9(WorkConstraintsTracker.kt:385)] [androidx.work.impl.constraints.SharedNetworkCallback$$ExternalSyntheticLambda0.invoke(D8$$SyntheticClass:0)] [androidx.work.impl.constraints.NetworkRequestConstraintController$track$1.invokeSuspend$lambda$1(WorkConstraintsTracker.kt:191)] [androidx.work.impl.constraints.NetworkRequestConstraintController$track$1$$ExternalSyntheticLambda1.invoke(D8$$SyntheticClass:0)] [kotlinx.coroutines.channels.ProduceKt.awaitClose(Produce.kt:69)] [kotlinx.coroutines.channels.ProduceKt$awaitClose$1.invokeSuspend(Unknown Source:12)] [kotlin.coroutines.jvm.internal.BaseContinuationImpl.resumeWith(ContinuationImpl.kt:34)] [kotlinx.coroutines.DispatchedTask.run(DispatchedTask.kt:98)] [androidx.work.impl.utils.SerialExecutorImpl$Task.run(SerialExecutorImpl.java:96)] [java.util.concurrent.ThreadPoolExecutor.runWorker(ThreadPoolExecutor.java:1145)] [java.util.concurrent.ThreadPoolExecutor$Worker.run(ThreadPoolExecutor.java:644)] [java.lang.Thread.run(Thread.java:1012)]
10-05 13:56:38.398 25478 25478 D WM-SystemJobService: onStopJob for WorkGenerationalId(workSpecId=10941536-762d-4370-bda1-dd467119cbd9, generation=0)
10-05 13:56:38.403 25478 25521 D WM-PackageManagerHelper: androidx.work.impl.background.systemalarm.RescheduleReceiver disabled
10-05 13:56:39.303 25478 25478 I InsetsSourceConsumer: applyRequestedVisibilityToControl: visible=true, type=navigationBars, host=com.negi.survey/com.negi.survey.MainActivity
10-05 13:56:39.304 25478 25478 I InsetsSourceConsumer: applyRequestedVisibilityToControl: visible=true, type=statusBars, host=com.negi.survey/com.negi.survey.MainActivity
10-05 13:56:39.312 25478 25478 D VRI[MainActivity]@7d2e953: mThreadedRenderer.initializeIfNeeded()#2 mSurface={isValid=true 0xb4000077f3bb56d0}
10-05 13:56:39.312 25478 25478 D InputMethodManagerUtils: startInputInner - Id : 0
10-05 13:56:39.312 25478 25478 I InputMethodManager: startInputInner - IInputMethodManagerGlobalInvoker.startInputOrWindowGainedFocus
10-05 13:56:39.313 25478 25507 D InputTransport: Input channel constructed: 'ClientS', fd=164
10-05 13:56:39.323 25478 25478 I VRI[MainActivity]@7d2e953: ViewPostIme pointer 0
10-05 13:56:39.323 25478 25478 I VRI[MainActivity]@7d2e953: call setFrameRateCategory for touch hint category=high hint, reason=touch, vri=VRI[MainActivity]@7d2e953
10-05 13:56:39.370 25478 25478 I View    : setRequestedFrameRate frameRate=-4.0, this=android.view.View{8e68063 V.ED..... ........ 0,0-0,0}, caller=androidx.compose.ui.platform.Api35Impl.setRequestedFrameRate:4047 androidx.compose.ui.platform.AndroidComposeView.dispatchDraw:2282 android.view.View.draw:26153 android.view.View.updateDisplayListIfDirty:24990 android.view.ViewGroup.recreateChildDisplayList:4759 
10-05 13:56:39.431 25478 25478 I VRI[MainActivity]@7d2e953: ViewPostIme pointer 1
10-05 13:56:40.062 25478 25478 I View    : setRequestedFrameRate frameRate=NaN, this=android.view.View{8e68063 V.ED..... ........ 0,0-0,0}, caller=androidx.compose.ui.platform.Api35Impl.setRequestedFrameRate:4047 androidx.compose.ui.platform.AndroidComposeView.dispatchDraw:2282 android.view.View.draw:26153 android.view.View.updateDisplayListIfDirty:24990 android.view.ViewGroup.recreateChildDisplayList:4759 
10-05 13:56:42.433 25478 25478 I VRI[MainActivity]@7d2e953: call setFrameRateCategory for touch hint category=no preference, reason=boost timeout, vri=VRI[MainActivity]@7d2e953
10-05 13:56:42.442 25478 25478 D SmartClipDataCropperImpl: doExtractSmartClipData : Extraction start! reqId = 32  Cropped area = Rect(540, 1170 - 541, 1171)  Package = com.negi.survey
10-05 13:56:42.442 25478 25478 D SmartClipDataCropperImpl: addAppMetaTag : package name is com.negi.survey
10-05 13:56:42.442 25478 25478 D SmartClipDataCropperImpl: sendExtractionResultToSmartClipService : -- Extracted SmartClip data information --
10-05 13:56:42.442 25478 25478 D SmartClipDataCropperImpl: sendExtractionResultToSmartClipService : Request Id : 32
10-05 13:56:42.442 25478 25478 D SmartClipDataCropperImpl: sendExtractionResultToSmartClipService : Extraction mode : 1
10-05 13:56:42.442 25478 25478 D SemSmartClipDataRepository: ----- Start of SmartClip repository informations -----
10-05 13:56:42.442 25478 25478 D SemSmartClipDataRepository: ** Content type : image
10-05 13:56:42.442 25478 25478 D SemSmartClipDataRepository: ** Meta area rect : Rect(0, 0 - 0, 0)
10-05 13:56:42.442 25478 25478 D SemSmartClipDataRepository: ** Captured image file path : null
10-05 13:56:42.442 25478 25478 D SemSmartClipDataRepository: ----- End of SmartClip repository informations -----
10-05 13:56:42.442 25478 25478 D SmartClipDataCropperImpl: sendExtractionResultToSmartClipService : Elapsed = 0
10-05 13:56:42.483 25478 25478 I ImeFocusController: onPreWindowFocus: skipped hasWindowFocus=false mHasImeFocus=true
10-05 13:56:42.483 25478 25478 I ImeFocusController: onPostWindowFocus: skipped hasWindowFocus=false mHasImeFocus=true
10-05 13:56:42.490 25478 25478 D SmartClipRemoteRequestDispatcher: dispatchScrollableAreaInfo : windowRect = Rect(0, 0 - 1080, 2340)
10-05 13:56:42.490 25478 25478 D SmartClipRemoteRequestDispatcher: dispatchScrollableAreaInfo : Scrollable view count = 1
10-05 13:56:42.490 25478 25478 D SmartClipRemoteRequestDispatcher: dispatchScrollableAreaInfo : Unscrollable view count = 0
10-05 13:56:42.490 25478 25478 D SmartClipRemoteRequestDispatcher: dispatchScrollableAreaInfo : Pkg=com.negi.survey Activity=null
10-05 13:56:43.909 25478 25478 I InsetsSourceConsumer: applyRequestedVisibilityToControl: visible=true, type=navigationBars, host=com.negi.survey/com.negi.survey.MainActivity
10-05 13:56:43.909 25478 25478 I InsetsSourceConsumer: applyRequestedVisibilityToControl: visible=true, type=statusBars, host=com.negi.survey/com.negi.survey.MainActivity
10-05 13:56:43.918 25478 25478 D VRI[MainActivity]@7d2e953: mThreadedRenderer.initializeIfNeeded()#2 mSurface={isValid=true 0xb4000077f3bb56d0}
10-05 13:56:43.918 25478 25478 D InputMethodManagerUtils: startInputInner - Id : 0
10-05 13:56:43.918 25478 25478 I InputMethodManager: startInputInner - IInputMethodManagerGlobalInvoker.startInputOrWindowGainedFocus
10-05 13:56:43.920 25478 25507 D InputTransport: Input channel constructed: 'ClientS', fd=131
10-05 13:56:44.175 25478 25478 I VRI[MainActivity]@7d2e953: ViewPostIme pointer 0
10-05 13:56:44.176 25478 25478 I VRI[MainActivity]@7d2e953: call setFrameRateCategory for touch hint category=high hint, reason=touch, vri=VRI[MainActivity]@7d2e953
10-05 13:56:44.254 25478 25478 I VRI[MainActivity]@7d2e953: ViewPostIme pointer 1
10-05 13:56:44.267 25478 25478 I View    : setRequestedFrameRate frameRate=-4.0, this=android.view.View{8e68063 V.ED..... ........ 0,0-0,0}, caller=androidx.compose.ui.platform.Api35Impl.setRequestedFrameRate:4047 androidx.compose.ui.platform.AndroidComposeView.dispatchDraw:2282 android.view.View.draw:26153 android.view.View.updateDisplayListIfDirty:24990 android.view.ViewGroup.recreateChildDisplayList:4759 
10-05 13:56:44.279 25478 25526 D WM-SystemJobScheduler: Scheduling work ID ccbaec6c-8f2f-4d9a-af00-cb4c304af043Job ID 9
10-05 13:56:44.282 25478 25478 D WM-SystemJobService: onStartJob for WorkGenerationalId(workSpecId=ccbaec6c-8f2f-4d9a-af00-cb4c304af043, generation=0)
10-05 13:56:44.283 25478 25526 D WM-GreedyScheduler: Starting tracking for ccbaec6c-8f2f-4d9a-af00-cb4c304af043
10-05 13:56:44.284 25478 25526 D WM-Processor: Processor: processing WorkGenerationalId(workSpecId=ccbaec6c-8f2f-4d9a-af00-cb4c304af043, generation=0)
10-05 13:56:44.286 25478 25478 D WM-WorkerWrapper: Starting work for com.negi.survey.net.GitHubUploadWorker
10-05 13:56:44.286 25478 25526 D WM-WorkConstraintsTrack: NetworkRequestConstraintController register shared callback
10-05 13:56:44.287 25478 25526 D ConnectivityManager: StackLog: [android.net.ConnectivityManager.sendRequestForNetwork(ConnectivityManager.java:4692)] [android.net.ConnectivityManager.registerDefaultNetworkCallbackForUid(ConnectivityManager.java:5381)] [android.net.ConnectivityManager.registerDefaultNetworkCallback(ConnectivityManager.java:5348)] [android.net.ConnectivityManager.registerDefaultNetworkCallback(ConnectivityManager.java:5322)] [androidx.work.impl.constraints.SharedNetworkCallback.addCallback(WorkConstraintsTracker.kt:362)] [androidx.work.impl.constraints.NetworkRequestConstraintController$track$1.invokeSuspend(WorkConstraintsTracker.kt:179)] [androidx.work.impl.constraints.NetworkRequestConstraintController$track$1.invoke(Unknown Source:8)] [androidx.work.impl.constraints.NetworkRequestConstraintController$track$1.invoke(Unknown Source:4)] [kotlinx.coroutines.flow.ChannelFlowBuilder.collectTo$suspendImpl(Builders.kt:316)] [kotlinx.coroutines.flow.ChannelFlowBuilder.collectTo(Unknown Source:0)] [kotlinx.coroutines.flow.CallbackFlowBuilder.collectTo(Builders.kt:330)] [kotlinx.coroutines.flow.internal.ChannelFlow$collectToFun$1.invokeSuspend(ChannelFlow.kt:56)] [kotlin.coroutines.jvm.internal.BaseContinuationImpl.resumeWith(ContinuationImpl.kt:34)] [kotlinx.coroutines.DispatchedTask.run(DispatchedTask.kt:100)] [androidx.work.impl.utils.SerialExecutorImpl$Task.run(SerialExecutorImpl.java:96)] [java.util.concurrent.ThreadPoolExecutor.runWorker(ThreadPoolExecutor.java:1145)] [java.util.concurrent.ThreadPoolExecutor$Worker.run(ThreadPoolExecutor.java:644)] [java.lang.Thread.run(Thread.java:1012)]
10-05 13:56:44.288 25478 25555 D WM-WorkConstraintsTrack: NetworkRequestConstraintController onCapabilitiesChanged callback
10-05 13:56:44.288 25478 25555 D WM-WorkConstraintsTrack: Not dispatching constraint state yet: isBlocked=null, capabilitiesInitialized=true
10-05 13:56:44.288 25478 25555 D WM-WorkConstraintsTrack: NetworkRequestConstraintController onBlockedStatusChanged callback false
10-05 13:56:44.289 25478 25526 D WM-PackageManagerHelper: androidx.work.impl.background.systemalarm.RescheduleReceiver enabled
10-05 13:56:44.290 25478 25526 I WM-Processor: Moving WorkSpec (ccbaec6c-8f2f-4d9a-af00-cb4c304af043) to the foreground
10-05 13:56:44.293 25478 25478 I WM-SystemFgDispatcher: Started foreground service Intent { act=ACTION_START_FOREGROUND cmp=com.negi.survey/androidx.work.impl.foreground.SystemForegroundService (has extras) }
10-05 13:56:44.293 25478 25478 D WM-SystemFgDispatcher: Notifying with (id:8024, workSpecId: ccbaec6c-8f2f-4d9a-af00-cb4c304af043, notificationType :1)
10-05 13:56:44.293 25478 25526 D WM-GreedyScheduler: Constraints met: Scheduling work ID WorkGenerationalId(workSpecId=ccbaec6c-8f2f-4d9a-af00-cb4c304af043, generation=0)
10-05 13:56:44.293 25478 25557 D GitHubUploader: uploadStream: owner=ishizuki-tech repo=SurveyExports branch=main path=2026-10-05/exports/2026-10-05_13-56-44_survey_SM-S936B_D01521763F88_1e894245-19f0-4e03-9012-1027d1dc5501.json size=3840 maxRawBytesHint=10485760 maxRequestBytesHint=16777216
10-05 13:56:44.293 25478 25526 D WM-Processor: Work WorkGenerationalId(workSpecId=ccbaec6c-8f2f-4d9a-af00-cb4c304af043, generation=0) is already enqueued for processing
10-05 13:56:44.294 25478 25478 D WM-SystemFgDispatcher: Notifying with (id:8024, workSpecId: ccbaec6c-8f2f-4d9a-af00-cb4c304af043, notificationType :1)
10-05 13:56:44.294 25478 25478 I NotificationManager: com.negi.survey: notify(8024, null, Notification(channel=uploads shortcut=null contentView=null vibrate=null sound=null defaults=0 flags=ONGOING_EVENT|ONLY_ALERT_ONCE color=0x00000000 category=progress vis=PRIVATE semFlags=0x0 semPriority=0 semMissedCount=0)) as user
10-05 13:56:44.294 25478 25526 D WM-WorkProgressUpdater: Updating progress for ccbaec6c-8f2f-4d9a-af00-cb4c304af043 (Data {pct : 0, mode : file})
10-05 13:56:44.295 25478 25525 I WM-Processor: Moving WorkSpec (ccbaec6c-8f2f-4d9a-af00-cb4c304af043) to the foreground
10-05 13:56:44.295 25478 25478 D WM-SystemFgDispatcher: Notifying with (id:8024, workSpecId: ccbaec6c-8f2f-4d9a-af00-cb4c304af043, notificationType :1)
10-05 13:56:44.295 25478 25478 I NotificationManager: com.negi.survey: notify(8024, null, Notification(channel=uploads shortcut=null contentView=null vibrate=null sound=null defaults=0 flags=ONGOING_EVENT|ONLY_ALERT_ONCE color=0x00000000 category=progress vis=PRIVATE semFlags=0x0 semPriority=0 semMissedCount=0)) as user
10-05 13:56:44.296 25478 25525 D WM-WorkConstraintsTrack: NetworkRequestConstraintController send initial capabilities
10-05 13:56:44.317 25478 25478 I View    : setRequestedFrameRate frameRate=NaN, this=android.view.View{8e68063 V.ED..... ........ 0,0-0,0}, caller=androidx.compose.ui.platform.Api35Impl.setRequestedFrameRate:4047 androidx.compose.ui.platform.AndroidComposeView.dispatchDraw:2282 android.view.View.draw:26153 android.view.View.updateDisplayListIfDirty:24990 android.view.ViewGroup.recreateChildDisplayList:4759 
10-05 13:56:44.351 25478 25518 D SurveyArtifactUpload: Captured logcat snapshot: /data/user/0/com.negi.survey/files/pending_uploads/logcat_2026-10-05_13-56-44_pid25478_1e894245.log.gz (1933 bytes gz)
10-05 13:56:44.355 25478 25521 D WM-SystemJobScheduler: Scheduling work ID 83fd41c7-50a5-43bc-82d4-e44292612162Job ID 10
10-05 13:56:44.357 25478 25478 D WM-SystemJobService: onStartJob for WorkGenerationalId(workSpecId=83fd41c7-50a5-43bc-82d4-e44292612162, generation=0)
10-05 13:56:44.358 25478 25521 D WM-GreedyScheduler: Starting tracking for 83fd41c7-50a5-43bc-82d4-e44292612162
10-05 13:56:44.360 25478 25521 D WM-SystemJobScheduler: Scheduling work ID a8b09e85-b174-4ee8-b1fe-a5bdec621bc3Job ID 11
10-05 13:56:44.361 25478 25478 I View    : setRequestedFrameRate frameRate=-4.0, this=android.view.View{8e68063 V.ED..... ........ 0,0-0,0}, caller=androidx.compose.ui.platform.Api35Impl.setRequestedFrameRate:4047 androidx.compose.ui.platform.AndroidComposeView.dispatchDraw:2282 android.view.View.draw:26153 android.view.View.updateDisplayListIfDirty:24990 android.view.ViewGroup.recreateChildDisplayList:4759 
10-05 13:56:44.362 25478 25478 D WM-SystemJobService: onStartJob for WorkGenerationalId(workSpecId=a8b09e85-b174-4ee8-b1fe-a5bdec621bc3, generation=0)
10-05 13:56:44.363 25478 25521 D WM-GreedyScheduler: Starting tracking for 83fd41c7-50a5-43bc-82d4-e44292612162,a8b09e85-b174-4ee8-b1fe-a5bdec621bc3
10-05 13:56:44.363 25478 25521 D WM-Processor: Processor: processing WorkGenerationalId(workSpecId=83fd41c7-50a5-43bc-82d4-e44292612162, generation=0)
10-05 13:56:44.364 25478 25521 D WM-Processor: Processor: processing WorkGenerationalId(workSpecId=a8b09e85-b174-4ee8-b1fe-a5bdec621bc3, generation=0)
10-05 13:56:44.367 25478 25478 D WM-WorkerWrapper: Starting work for com.negi.survey.net.GitHubUploadWorker
10-05 13:56:44.367 25478 25478 D WM-WorkerWrapper: Starting work for com.negi.survey.net.GitHubUploadWorker
10-05 13:56:44.367 25478 25478 D WhisperSpeechController: updateContext: surveyId=1e894245-19f0-4e03-9012-1027d1dc5501, questionId=Done
10-05 13:56:44.367 25478 25521 D WM-WorkConstraintsTrack: NetworkRequestConstraintController send initial capabilities
10-05 13:56:44.367 25478 25521 D WM-WorkConstraintsTrack: NetworkRequestConstraintController send initial capabilities
10-05 13:56:44.368 25478 25521 D WM-GreedyScheduler: Constraints met: Scheduling work ID WorkGenerationalId(workSpecId=83fd41c7-50a5-43bc-82d4-e44292612162, generation=0)
10-05 13:56:44.368 25478 25521 I WM-Processor: Moving WorkSpec (83fd41c7-50a5-43bc-82d4-e44292612162) to the foreground
10-05 13:56:44.369 25478 25478 I WM-SystemFgDispatcher: Started foreground service Intent { act=ACTION_START_FOREGROUND cmp=com.negi.survey/androidx.work.impl.foreground.SystemForegroundService (has extras) }
10-05 13:56:44.369 25478 25478 D WM-SystemFgDispatcher: Notifying with (id:5993, workSpecId: 83fd41c7-50a5-43bc-82d4-e44292612162, notificationType :1)
10-05 13:56:44.369 25478 25478 I NotificationManager: com.negi.survey: notify(5993, null, Notification(channel=uploads shortcut=null contentView=null vibrate=null sound=null defaults=0 flags=ONGOING_EVENT|ONLY_ALERT_ONCE color=0x00000000 category=progress vis=PRIVATE semFlags=0x0 semPriority=0 semMissedCount=0)) as user
10-05 13:56:44.369 25478 25521 I WM-Processor: Moving WorkSpec (a8b09e85-b174-4ee8-b1fe-a5bdec621bc3) to the foreground
10-05 13:56:44.369 25478 25619 D GitHubUploader: uploadStream: owner=ishizuki-tech repo=SurveyExports branch=main path=2026-10-05/diagnostics/logcat/logcat_2026-10-05_13-56-44_pid25478_1e894245.log.gz size=1933 maxRawBytesHint=10485760 maxRequestBytesHint=16777216
10-05 13:56:44.370 25478 25521 D WM-GreedyScheduler: Constraints met: Scheduling work ID WorkGenerationalId(workSpecId=a8b09e85-b174-4ee8-b1fe-a5bdec621bc3, generation=0)
10-05 13:56:44.370 25478 25478 D WM-SystemFgDispatcher: Notifying with (id:5993, workSpecId: 83fd41c7-50a5-43bc-82d4-e44292612162, notificationType :1)
10-05 13:56:44.370 25478 25518 D GitHubUploader: uploadStream: owner=ishizuki-tech repo=SurveyExports branch=main path=2026-10-05/exports/20261005-135436_SM-S936B_D01521763F88_1e894245_survey.ndjson.gz size=2585 maxRawBytesHint=10485760 maxRequestBytesHint=16777216
10-05 13:56:44.370 25478 25478 I NotificationManager: com.negi.survey: notify(5993, null, Notification(channel=uploads shortcut=null contentView=null vibrate=null sound=null defaults=0 flags=ONGOING_EVENT|ONLY_ALERT_ONCE color=0x00000000 category=progress vis=PRIVATE semFlags=0x0 semPriority=0 semMissedCount=0)) as user
10-05 13:56:44.370 25478 25521 D WM-Processor: Work WorkGenerationalId(workSpecId=83fd41c7-50a5-43bc-82d4-e44292612162, generation=0) is already enqueued for processing
10-05 13:56:44.370 25478 25521 D WM-WorkProgressUpdater: Updating progress for 83fd41c7-50a5-43bc-82d4-e44292612162 (Data {pct : 0, mode : file})
10-05 13:56:44.371 25478 25478 I WM-SystemFgDispatcher: Started foreground service Intent { act=ACTION_START_FOREGROUND cmp=com.negi.survey/androidx.work.impl.foreground.SystemForegroundService (has extras) }
10-05 13:56:44.371 25478 25478 D WM-SystemFgDispatcher: Notifying with (id:5573, workSpecId: a8b09e85-b174-4ee8-b1fe-a5bdec621bc3, notificationType :1)
10-05 13:56:44.371 25478 25478 I NotificationManager: com.negi.survey: notify(5573, null, Notification(channel=uploads shortcut=null contentView=null vibrate=null sound=null defaults=0 flags=ONGOING_EVENT|ONLY_ALERT_ONCE color=0x00000000 category=progress vis=PRIVATE semFlags=0x0 semPriority=0 semMissedCount=0)) as user
10-05 13:56:44.371 25478 25518 D TrafficStats: tagSocket(119) with statsTag=0xffffffff, statsUid=-1
10-05 13:56:44.371 25478 25619 D TrafficStats: tagSocket(162) with statsTag=0xffffffff, statsUid=-1
10-05 13:56:44.371 25478 25521 I WM-Processor: Moving WorkSpec (83fd41c7-50a5-43bc-82d4-e44292612162) to the foreground
10-05 13:56:44.372 25478 25478 D WM-SystemFgDispatcher: Notifying with (id:5573, workSpecId: a8b09e85-b174-4ee8-b1fe-a5bdec621bc3, notificationType :1)
10-05 13:56:44.372 25478 25478 I NotificationManager: com.negi.survey: notify(5573, null, Notification(channel=uploads shortcut=null contentView=null vibrate=null sound=null defaults=0 flags=ONGOING_EVENT|ONLY_ALERT_ONCE color=0x00000000 category=progress vis=PRIVATE semFlags=0x0 semPriority=0 semMissedCount=0)) as user
10-05 13:56:44.372 25478 25521 D WM-Processor: Work WorkGenerationalId(workSpecId=a8b09e85-b174-4ee8-b1fe-a5bdec621bc3, generation=0) is already enqueued for processing
10-05 13:56:44.372 25478 25521 D WM-WorkProgressUpdater: Updating progress for a8b09e85-b174-4ee8-b1fe-a5bdec621bc3 (Data {pct : 0, mode : file})
10-05 13:56:44.372 25478 25478 D WM-SystemFgDispatcher: Notifying with (id:5993, workSpecId: 83fd41c7-50a5-43bc-82d4-e44292612162, notificationType :1)
10-05 13:56:44.373 25478 25478 I NotificationManager: com.negi.survey: notify(5993, null, Notification(channel=uploads shortcut=null contentView=null vibrate=null sound=null defaults=0 flags=ONGOING_EVENT|ONLY_ALERT_ONCE color=0x00000000 category=progress vis=PRIVATE semFlags=0x0 semPriority=0 semMissedCount=0)) as user
10-05 13:56:44.373 25478 25521 I WM-Processor: Moving WorkSpec (a8b09e85-b174-4ee8-b1fe-a5bdec621bc3) to the foreground
10-05 13:56:44.373 25478 25478 D WM-SystemFgDispatcher: Notifying with (id:5573, workSpecId: a8b09e85-b174-4ee8-b1fe-a5bdec621bc3, notificationType :1)
10-05 13:56:44.374 25478 25478 I NotificationManager: com.negi.survey: notify(5573, null, Notification(channel=uploads shortcut=null contentView=null vibrate=null sound=null defaults=0 flags=ONGOING_EVENT|ONLY_ALERT_ONCE color=0x00000000 category=progress vis=PRIVATE semFlags=0x0 semPriority=0 semMissedCount=0)) as user
10-05 13:56:44.374 25478 25521 D WM-WorkConstraintsTrack: NetworkRequestConstraintController send initial capabilities
10-05 13:56:44.374 25478 25521 D WM-WorkConstraintsTrack: NetworkRequestConstraintController send initial capabilities
10-05 13:56:44.391 25478 25478 I View    : setRequestedFrameRate frameRate=NaN, this=android.view.View{8e68063 V.ED..... ........ 0,0-0,0}, caller=androidx.compose.ui.platform.Api35Impl.setRequestedFrameRate:4047 androidx.compose.ui.platform.AndroidComposeView.dispatchDraw:2282 android.view.View.draw:26153 android.view.View.updateDisplayListIfDirty:24990 android.view.ViewGroup.recreateChildDisplayList:4759 
10-05 13:56:45.026 25478 25525 D WM-WorkProgressUpdater: Updating progress for ccbaec6c-8f2f-4d9a-af00-cb4c304af043 (Data {pct : 10, mode : file})
10-05 13:56:45.033 25478 25525 I WM-Processor: Moving WorkSpec (ccbaec6c-8f2f-4d9a-af00-cb4c304af043) to the foreground
10-05 13:56:45.034 25478 25478 D WM-SystemFgDispatcher: Notifying with (id:8024, workSpecId: ccbaec6c-8f2f-4d9a-af00-cb4c304af043, notificationType :1)
10-05 13:56:45.034 25478 25525 D WM-WorkProgressUpdater: Updating progress for ccbaec6c-8f2f-4d9a-af00-cb4c304af043 (Data {pct : 90, mode : file})
10-05 13:56:45.035 25478 25478 I NotificationManager: com.negi.survey: notify(8024, null, Notification(channel=uploads shortcut=null contentView=null vibrate=null sound=null defaults=0 flags=ONGOING_EVENT|ONLY_ALERT_ONCE color=0x00000000 category=progress vis=PRIVATE semFlags=0x0 semPriority=0 semMissedCount=0)) as user
10-05 13:56:45.036 25478 25525 I WM-Processor: Moving WorkSpec (ccbaec6c-8f2f-4d9a-af00-cb4c304af043) to the foreground
10-05 13:56:45.037 25478 25478 D WM-SystemFgDispatcher: Notifying with (id:8024, workSpecId: ccbaec6c-8f2f-4d9a-af00-cb4c304af043, notificationType :1)
10-05 13:56:45.037 25478 25478 I NotificationManager: com.negi.survey: notify(8024, null, Notification(channel=uploads shortcut=null contentView=null vibrate=null sound=null defaults=0 flags=ONGOING_EVENT|ONLY_ALERT_ONCE color=0x00000000 category=progress vis=PRIVATE semFlags=0x0 semPriority=0 semMissedCount=0)) as user
10-05 13:56:45.127 25478 25521 D WM-WorkProgressUpdater: Updating progress for a8b09e85-b174-4ee8-b1fe-a5bdec621bc3 (Data {pct : 10, mode : file})
10-05 13:56:45.132 25478 25521 I WM-Processor: Moving WorkSpec (a8b09e85-b174-4ee8-b1fe-a5bdec621bc3) to the foreground
10-05 13:56:45.134 25478 25521 D WM-WorkProgressUpdater: Updating progress for a8b09e85-b174-4ee8-b1fe-a5bdec621bc3 (Data {pct : 90, mode : file})
10-05 13:56:45.134 25478 25478 D WM-SystemFgDispatcher: Notifying with (id:5573, workSpecId: a8b09e85-b174-4ee8-b1fe-a5bdec621bc3, notificationType :1)
10-05 13:56:45.134 25478 25478 I NotificationManager: com.negi.survey: notify(5573, null, Notification(channel=uploads shortcut=null contentView=null vibrate=null sound=null defaults=0 flags=ONGOING_EVENT|ONLY_ALERT_ONCE color=0x00000000 category=progress vis=PRIVATE semFlags=0x0 semPriority=0 semMissedCount=0)) as user
10-05 13:56:45.137 25478 25521 I WM-Processor: Moving WorkSpec (a8b09e85-b174-4ee8-b1fe-a5bdec621bc3) to the foreground
10-05 13:56:45.137 25478 25478 D WM-SystemFgDispatcher: Notifying with (id:5573, workSpecId: a8b09e85-b174-4ee8-b1fe-a5bdec621bc3, notificationType :1)
10-05 13:56:45.137 25478 25478 I NotificationManager: com.negi.survey: notify(5573, null, Notification(channel=uploads shortcut=null contentView=null vibrate=null sound=null defaults=0 flags=ONGOING_EVENT|ONLY_ALERT_ONCE color=0x00000000 category=progress vis=PRIVATE semFlags=0x0 semPriority=0 semMissedCount=0)) as user
10-05 13:56:45.138 25478 25521 D WM-WorkProgressUpdater: Updating progress for 83fd41c7-50a5-43bc-82d4-e44292612162 (Data {pct : 10, mode : file})
10-05 13:56:45.139 25478 25521 I WM-Processor: Moving WorkSpec (83fd41c7-50a5-43bc-82d4-e44292612162) to the foreground
10-05 13:56:45.140 25478 25478 D WM-SystemFgDispatcher: Notifying with (id:5993, workSpecId: 83fd41c7-50a5-43bc-82d4-e44292612162, notificationType :1)
10-05 13:56:45.140 25478 25521 D WM-WorkProgressUpdater: Updating progress for 83fd41c7-50a5-43bc-82d4-e44292612162 (Data {pct : 90, mode : file})
10-05 13:56:45.140 25478 25478 I NotificationManager: com.negi.survey: notify(5993, null, Notification(channel=uploads shortcut=null contentView=null vibrate=null sound=null defaults=0 flags=ONGOING_EVENT|ONLY_ALERT_ONCE color=0x00000000 category=progress vis=PRIVATE semFlags=0x0 semPriority=0 semMissedCount=0)) as user
10-05 13:56:45.142 25478 25521 I WM-Processor: Moving WorkSpec (83fd41c7-50a5-43bc-82d4-e44292612162) to the foreground
10-05 13:56:45.143 25478 25478 D WM-SystemFgDispatcher: Notifying with (id:5993, workSpecId: 83fd41c7-50a5-43bc-82d4-e44292612162, notificationType :1)
10-05 13:56:45.143 25478 25478 I NotificationManager: com.negi.survey: notify(5993, null, Notification(channel=uploads shortcut=null contentView=null vibrate=null sound=null defaults=0 flags=ONGOING_EVENT|ONLY_ALERT_ONCE color=0x00000000 category=progress vis=PRIVATE semFlags=0x0 semPriority=0 semMissedCount=0)) as user
10-05 13:56:45.897 25478 25478 I VRI[MainActivity]@7d2e953: ViewPostIme pointer 0
10-05 13:56:45.972 25478 25478 I VRI[MainActivity]@7d2e953: ViewPostIme pointer 1
10-05 13:56:46.124 25478 25478 W JobService: onNetworkChanged() not implemented in androidx.work.impl.background.systemjob.SystemJobService. Must override in a subclass.
10-05 13:56:46.124 25478 25478 W JobService: onNetworkChanged() not implemented in androidx.work.impl.background.systemjob.SystemJobService. Must override in a subclass.
10-05 13:56:46.132 25478 25555 D WM-WorkConstraintsTrack: NetworkRequestConstraintController onCapabilitiesChanged callback
10-05 13:56:46.308 25478 25521 D WM-WorkProgressUpdater: Updating progress for ccbaec6c-8f2f-4d9a-af00-cb4c304af043 (Data {pct : 95, mode : file})
10-05 13:56:46.309 25478 25557 D GitHubUploader: uploadStream: done url=https://github.com/ishizuki-tech/SurveyExports/blob/main/2026-10-05/exports/2026-10-05_13-56-44_survey_SM-S936B_D01521763F88_1e894245-19f0-4e03-9012-1027d1dc5501.json sha=ad721434b6722dfa61a5a9504e19877b3c23b9c7
10-05 13:56:46.314 25478 25521 I WM-Processor: Moving WorkSpec (ccbaec6c-8f2f-4d9a-af00-cb4c304af043) to the foreground
10-05 13:56:46.316 25478 25478 D WM-SystemFgDispatcher: Notifying with (id:8024, workSpecId: ccbaec6c-8f2f-4d9a-af00-cb4c304af043, notificationType :1)
10-05 13:56:46.316 25478 25478 I NotificationManager: com.negi.survey: notify(8024, null, Notification(channel=uploads shortcut=null contentView=null vibrate=null sound=null defaults=0 flags=ONGOING_EVENT|ONLY_ALERT_ONCE color=0x00000000 category=progress vis=PRIVATE semFlags=0x0 semPriority=0 semMissedCount=0)) as user
10-05 13:56:46.317 25478 25521 I WM-Processor: Moving WorkSpec (ccbaec6c-8f2f-4d9a-af00-cb4c304af043) to the foreground
10-05 13:56:46.319 25478 25478 D WM-SystemFgDispatcher: Notifying with (id:8024, workSpecId: ccbaec6c-8f2f-4d9a-af00-cb4c304af043, notificationType :1)
10-05 13:56:46.319 25478 25478 I NotificationManager: com.negi.survey: notify(8024, null, Notification(channel=uploads shortcut=null contentView=null vibrate=null sound=null defaults=0 flags=ONLY_ALERT_ONCE color=0x00000000 category=progress vis=PRIVATE semFlags=0x0 semPriority=0 semMissedCount=0)) as user
10-05 13:56:46.319 25478 25524 I WM-WorkerWrapper: Worker result SUCCESS for Work [ id=ccbaec6c-8f2f-4d9a-af00-cb4c304af043, tags={ com.negi.survey.net.GitHubUploadWorker,github_upload,github_upload:file:exports_2026-10-05_13-56-44_survey_SM-S936B_D01521763F88_1e894245-19f0-4e03-9012-1027d1dc5501.json } ]
10-05 13:56:46.326 25478 25478 D WM-Processor: Processor ccbaec6c-8f2f-4d9a-af00-cb4c304af043 executed; reschedule = false
10-05 13:56:46.326 25478 25478 D WM-GreedyScheduler: Stopping tracking for WorkGenerationalId(workSpecId=ccbaec6c-8f2f-4d9a-af00-cb4c304af043, generation=0)
10-05 13:56:46.326 25478 25478 D WM-SystemJobService: ccbaec6c-8f2f-4d9a-af00-cb4c304af043 executed on JobScheduler
10-05 13:56:46.327 25478 25478 D WM-SystemFgDispatcher: Removing Notification (id: 8024, workSpecId: WorkGenerationalId(workSpecId=ccbaec6c-8f2f-4d9a-af00-cb4c304af043, generation=0), notificationType: 1
10-05 13:56:46.328 25478 25524 D WM-GreedyScheduler: Cancelling work ID ccbaec6c-8f2f-4d9a-af00-cb4c304af043
10-05 13:56:48.332 25478 25518 D GitHubUploader: uploadStream: done url=https://github.com/ishizuki-tech/SurveyExports/blob/main/2026-10-05/exports/20261005-135436_SM-S936B_D01521763F88_1e894245_survey.ndjson.gz sha=e1eca426a062bca8faf0b110235a462a2562678e
10-05 13:56:48.333 25478 25521 D WM-WorkProgressUpdater: Updating progress for a8b09e85-b174-4ee8-b1fe-a5bdec621bc3 (Data {pct : 95, mode : file})
10-05 13:56:48.340 25478 25521 I WM-Processor: Moving WorkSpec (a8b09e85-b174-4ee8-b1fe-a5bdec621bc3) to the foreground
10-05 13:56:48.341 25478 25478 D WM-SystemFgDispatcher: Notifying with (id:5573, workSpecId: a8b09e85-b174-4ee8-b1fe-a5bdec621bc3, notificationType :1)
10-05 13:56:48.341 25478 25478 I NotificationManager: com.negi.survey: notify(5573, null, Notification(channel=uploads shortcut=null contentView=null vibrate=null sound=null defaults=0 flags=ONGOING_EVENT|ONLY_ALERT_ONCE color=0x00000000 category=progress vis=PRIVATE semFlags=0x0 semPriority=0 semMissedCount=0)) as user
10-05 13:56:48.341 25478 25521 I WM-Processor: Moving WorkSpec (a8b09e85-b174-4ee8-b1fe-a5bdec621bc3) to the foreground
10-05 13:56:48.342 25478 25521 I WM-WorkerWrapper: Worker result SUCCESS for Work [ id=a8b09e85-b174-4ee8-b1fe-a5bdec621bc3, tags={ com.negi.survey.net.GitHubUploadWorker,github_upload,github_upload:file:exports_20261005-135436_SM-S936B_D01521763F88_1e894245_survey.ndjson.gz } ]
10-05 13:56:48.343 25478 25478 D WM-SystemFgDispatcher: Notifying with (id:5573, workSpecId: a8b09e85-b174-4ee8-b1fe-a5bdec621bc3, notificationType :1)
10-05 13:56:48.344 25478 25478 I NotificationManager: com.negi.survey: notify(5573, null, Notification(channel=uploads shortcut=null contentView=null vibrate=null sound=null defaults=0 flags=ONLY_ALERT_ONCE color=0x00000000 category=progress vis=PRIVATE semFlags=0x0 semPriority=0 semMissedCount=0)) as user
10-05 13:56:48.346 25478 25478 D WM-Processor: Processor a8b09e85-b174-4ee8-b1fe-a5bdec621bc3 executed; reschedule = false
10-05 13:56:48.346 25478 25478 D WM-GreedyScheduler: Stopping tracking for WorkGenerationalId(workSpecId=a8b09e85-b174-4ee8-b1fe-a5bdec621bc3, generation=0)
10-05 13:56:48.346 25478 25478 D WM-SystemJobService: a8b09e85-b174-4ee8-b1fe-a5bdec621bc3 executed on JobScheduler
10-05 13:56:48.346 25478 25478 D WM-SystemFgDispatcher: Removing Notification (id: 5573, workSpecId: WorkGenerationalId(workSpecId=a8b09e85-b174-4ee8-b1fe-a5bdec621bc3, generation=0), notificationType: 1
10-05 13:56:48.349 25478 25525 D WM-GreedyScheduler: Cancelling work ID a8b09e85-b174-4ee8-b1fe-a5bdec621bc3
10-05 13:56:48.524 25478 25478 I View    : setRequestedFrameRate frameRate=-4.0, this=android.view.View{8e68063 V.ED..... ........ 0,0-0,0}, caller=androidx.compose.ui.platform.Api35Impl.setRequestedFrameRate:4047 androidx.compose.ui.platform.AndroidComposeView.dispatchDraw:2282 android.view.View.draw:26153 android.view.View.updateDisplayListIfDirty:24990 android.view.ViewGroup.recreateChildDisplayList:4759 
10-05 13:56:48.973 25478 25478 I VRI[MainActivity]@7d2e953: call setFrameRateCategory for touch hint category=no preference, reason=boost timeout, vri=VRI[MainActivity]@7d2e953
10-05 13:56:49.135 25478 25478 W JobService: onNetworkChanged() not implemented in androidx.work.impl.background.systemjob.SystemJobService. Must override in a subclass.
10-05 13:56:49.139 25478 25555 D WM-WorkConstraintsTrack: NetworkRequestConstraintController onCapabilitiesChanged callback
10-05 13:56:49.237 25478 25478 D SmartClipDataCropperImpl: doExtractSmartClipData : Extraction start! reqId = 34  Cropped area = Rect(540, 1170 - 541, 1171)  Package = com.negi.survey
10-05 13:56:49.237 25478 25478 D SmartClipDataCropperImpl: addAppMetaTag : package name is com.negi.survey
10-05 13:56:49.237 25478 25478 D SmartClipDataCropperImpl: sendExtractionResultToSmartClipService : -- Extracted SmartClip data information --
10-05 13:56:49.237 25478 25478 D SmartClipDataCropperImpl: sendExtractionResultToSmartClipService : Request Id : 34
10-05 13:56:49.237 25478 25478 D SmartClipDataCropperImpl: sendExtractionResultToSmartClipService : Extraction mode : 1
10-05 13:56:49.237 25478 25478 D SemSmartClipDataRepository: ----- Start of SmartClip repository informations -----
10-05 13:56:49.237 25478 25478 D SemSmartClipDataRepository: ** Content type : image
10-05 13:56:49.237 25478 25478 D SemSmartClipDataRepository: ** Meta area rect : Rect(0, 0 - 0, 0)
10-05 13:56:49.237 25478 25478 D SemSmartClipDataRepository: ** Captured image file path : null
10-05 13:56:49.237 25478 25478 D SemSmartClipDataRepository: ----- End of SmartClip repository informations -----
10-05 13:56:49.238 25478 25478 D SmartClipDataCropperImpl: sendExtractionResultToSmartClipService : Elapsed = 1
10-05 13:56:49.274 25478 25478 I ImeFocusController: onPreWindowFocus: skipped hasWindowFocus=false mHasImeFocus=true
10-05 13:56:49.274 25478 25478 I ImeFocusController: onPostWindowFocus: skipped hasWindowFocus=false mHasImeFocus=true
10-05 13:56:49.280 25478 25478 D SmartClipRemoteRequestDispatcher: dispatchScrollableAreaInfo : windowRect = Rect(0, 0 - 1080, 2340)
10-05 13:56:49.280 25478 25478 D SmartClipRemoteRequestDispatcher: dispatchScrollableAreaInfo : Scrollable view count = 1
10-05 13:56:49.280 25478 25478 D SmartClipRemoteRequestDispatcher: dispatchScrollableAreaInfo : Unscrollable view count = 0
10-05 13:56:49.280 25478 25478 D SmartClipRemoteRequestDispatcher: dispatchScrollableAreaInfo : Pkg=com.negi.survey Activity=null
10-05 13:56:51.811 25478 25524 D WM-WorkProgressUpdater: Updating progress for 83fd41c7-50a5-43bc-82d4-e44292612162 (Data {pct : 95, mode : file})
10-05 13:56:51.812 25478 25557 D GitHubUploader: uploadStream: done url=https://github.com/ishizuki-tech/SurveyExports/blob/main/2026-10-05/diagnostics/logcat/logcat_2026-10-05_13-56-44_pid25478_1e894245.log.gz sha=70caf9866430c66dc2e81076260fadc870b676a4
10-05 13:56:51.818 25478 25524 I WM-Processor: Moving WorkSpec (83fd41c7-50a5-43bc-82d4-e44292612162) to the foreground
10-05 13:56:51.821 25478 25478 D WM-SystemFgDispatcher: Notifying with (id:5993, workSpecId: 83fd41c7-50a5-43bc-82d4-e44292612162, notificationType :1)
10-05 13:56:51.822 25478 25478 I NotificationManager: com.negi.survey: notify(5993, null, Notification(channel=uploads shortcut=null contentView=null vibrate=null sound=null defaults=0 flags=ONGOING_EVENT|ONLY_ALERT_ONCE color=0x00000000 category=progress vis=PRIVATE semFlags=0x0 semPriority=0 semMissedCount=0)) as user
10-05 13:56:51.822 25478 25524 I WM-Processor: Moving WorkSpec (83fd41c7-50a5-43bc-82d4-e44292612162) to the foreground
10-05 13:56:51.824 25478 25524 I WM-WorkerWrapper: Worker result SUCCESS for Work [ id=83fd41c7-50a5-43bc-82d4-e44292612162, tags={ com.negi.survey.net.GitHubUploadWorker,github_upload,github_upload:file:diagnostics_logcat_logcat_2026-10-05_13-56-44_pid25478_1e894245.log.gz } ]
10-05 13:56:51.826 25478 25478 D WM-SystemFgDispatcher: Notifying with (id:5993, workSpecId: 83fd41c7-50a5-43bc-82d4-e44292612162, notificationType :1)
10-05 13:56:51.826 25478 25478 I NotificationManager: com.negi.survey: notify(5993, null, Notification(channel=uploads shortcut=null contentView=null vibrate=null sound=null defaults=0 flags=ONLY_ALERT_ONCE color=0x00000000 category=progress vis=PRIVATE semFlags=0x0 semPriority=0 semMissedCount=0)) as user
10-05 13:56:51.829 25478 25524 D WM-PackageManagerHelper: androidx.work.impl.background.systemalarm.RescheduleReceiver disabled
10-05 13:56:51.830 25478 25478 D WM-Processor: Processor 83fd41c7-50a5-43bc-82d4-e44292612162 executed; reschedule = false
10-05 13:56:51.830 25478 25478 D WM-GreedyScheduler: Stopping tracking for WorkGenerationalId(workSpecId=83fd41c7-50a5-43bc-82d4-e44292612162, generation=0)
10-05 13:56:51.830 25478 25478 D WM-SystemJobService: 83fd41c7-50a5-43bc-82d4-e44292612162 executed on JobScheduler
10-05 13:56:51.830 25478 25478 D WM-SystemFgDispatcher: Removing Notification (id: 5993, workSpecId: WorkGenerationalId(workSpecId=83fd41c7-50a5-43bc-82d4-e44292612162, generation=0), notificationType: 1
10-05 13:56:51.831 25478 25478 I WM-SystemFgDispatcher: Stopping foreground service
10-05 13:56:51.831 25478 25478 D WM-SystemFgService: Shutting down.
10-05 13:56:51.832 25478 25521 D WM-GreedyScheduler: Cancelling work ID 83fd41c7-50a5-43bc-82d4-e44292612162
10-05 13:56:51.833 25478 25478 D WM-SystemJobService: onStopJob for WorkGenerationalId(workSpecId=83fd41c7-50a5-43bc-82d4-e44292612162, generation=0)
10-05 13:56:51.834 25478 25521 D WM-WorkConstraintsTrack: NetworkRequestConstraintController unregister shared callback
10-05 13:56:51.834 25478 25521 D ConnectivityManager: StackLog: [android.net.ConnectivityManager.unregisterNetworkCallback(ConnectivityManager.java:5491)] [androidx.work.impl.constraints.SharedNetworkCallback.addCallback$lambda$9(WorkConstraintsTracker.kt:385)] [androidx.work.impl.constraints.SharedNetworkCallback$$ExternalSyntheticLambda0.invoke(D8$$SyntheticClass:0)] [androidx.work.impl.constraints.NetworkRequestConstraintController$track$1.invokeSuspend$lambda$1(WorkConstraintsTracker.kt:191)] [androidx.work.impl.constraints.NetworkRequestConstraintController$track$1$$ExternalSyntheticLambda1.invoke(D8$$SyntheticClass:0)] [kotlinx.coroutines.channels.ProduceKt.awaitClose(Produce.kt:69)] [kotlinx.coroutines.channels.ProduceKt$awaitClose$1.invokeSuspend(Unknown Source:12)] [kotlin.coroutines.jvm.internal.BaseContinuationImpl.resumeWith(ContinuationImpl.kt:34)] [kotlinx.coroutines.DispatchedTask.run(DispatchedTask.kt:98)] [androidx.work.impl.utils.SerialExecutorImpl$Task.run(SerialExecutorImpl.java:96)] [java.util.concurrent.ThreadPoolExecutor.runWorker(ThreadPoolExecutor.java:1145)] [java.util.concurrent.ThreadPoolExecutor$Worker.run(ThreadPoolExecutor.java:644)] [java.lang.Thread.run(Thread.java:1012)]
10-05 13:56:52.302 25478 25478 I InsetsSourceConsumer: applyRequestedVisibilityToControl: visible=true, type=navigationBars, host=com.negi.survey/com.negi.survey.MainActivity
10-05 13:56:52.302 25478 25478 I InsetsSourceConsumer: applyRequestedVisibilityToControl: visible=true, type=statusBars, host=com.negi.survey/com.negi.survey.MainActivity
10-05 13:56:52.370 25478 25478 D InputTransport: Input channel destroyed: 'ClientS', fd=175
10-05 13:56:52.712 25478 25478 I VRI[MainActivity]@7d2e953: handleAppVisibility mAppVisible = true visible = false
10-05 13:56:52.712 25478 25478 D VRI[MainActivity]@7d2e953: visibilityChanged oldVisibility=true newVisibility=false
10-05 13:56:52.718 25478 25508 D HWUI    : CacheManager::trimMemory(20)
10-05 13:56:52.728 25478 25478 I VRI[MainActivity]@7d2e953: Relayout returned: old=(0,0,1080,2340) new=(0,0,1080,2340) relayoutAsync=false req=(1080,2340)8 dur=1 res=0x2 s={false 0x0} ch=true seqId=0
10-05 13:56:52.728 25478 25478 D VRI[MainActivity]@7d2e953: Not drawing due to not visible. Reason=!mAppVisible && !mForceDecorViewVisibility
10-05 13:56:52.729 25478 25508 D HWUI    : CacheManager::trimMemory(20)
10-05 13:56:52.729 25478 25478 I VRI[MainActivity]@7d2e953: stopped(true) old = false
10-05 13:56:52.729 25478 25478 D VRI[MainActivity]@7d2e953: WindowStopped on com.negi.survey/com.negi.survey.MainActivity set to true
10-05 13:56:52.730 25478 25508 D HWUI    : CacheManager::trimMemory(20)
10-05 14:03:03.206 29946 29946 I com.negi.survey: Using CollectorTypeCMC GC.
10-05 14:03:03.208 29946 29946 E com.negi.survey: Not starting debugger since process cannot load the jdwp agent.
10-05 14:03:03.210 29946 29946 D nativeloader: Load libframework-connectivity-tiramisu-jni.so using APEX ns com_android_tethering for caller /apex/com.android.tethering/javalib/framework-connectivity-t.jar: ok
10-05 14:03:03.211 29946 29946 D ActivityThread: setConscryptValidator
10-05 14:03:03.211 29946 29946 D ActivityThread: setConscryptValidator - put
10-05 14:03:03.218 29946 29946 D ApplicationLoaders: Returning zygote-cached class loader: /system_ext/framework/androidx.window.extensions.jar
10-05 14:03:03.218 29946 29946 D ApplicationLoaders: Returning zygote-cached class loader: /system_ext/framework/androidx.window.sidecar.jar
10-05 14:03:03.239 29946 29946 D nativeloader: Configuring clns-7 for other apk /data/app/~~iKB1hrL-92Yd1H1wwOYDRg==/com.negi.survey-X8Cyam8ZXmaTxvZs-03-vw==/base.apk. target_sdk_version=36, uses_libraries=libOpenCL.so, library_path=/data/app/~~iKB1hrL-92Yd1H1wwOYDRg==/com.negi.survey-X8Cyam8ZXmaTxvZs-03-vw==/lib/arm64:/data/app/~~iKB1hrL-92Yd1H1wwOYDRg==/com.negi.survey-X8Cyam8ZXmaTxvZs-03-vw==/base.apk!/lib/arm64-v8a, permitted_path=/data:/mnt/expand:/data/user/0/com.negi.survey
10-05 14:03:03.242 29946 29946 V GraphicsEnvironment: Currently set values for:
10-05 14:03:03.242 29946 29946 V GraphicsEnvironment:   angle_gl_driver_selection_pkgs=[]
10-05 14:03:03.242 29946 29946 V GraphicsEnvironment:   angle_gl_driver_selection_values=[]
10-05 14:03:03.242 29946 29946 V GraphicsEnvironment: Global.Settings values are invalid: number of packages: 0, number of values: 0
10-05 14:03:03.242 29946 29946 V GraphicsEnvironment: App is not on the allowlist for updatable production driver.
10-05 14:03:03.257 29946 29946 D nativeloader: Load /data/app/~~iKB1hrL-92Yd1H1wwOYDRg==/com.negi.survey-X8Cyam8ZXmaTxvZs-03-vw==/base.apk!/lib/arm64-v8a/liblitertlm_jni.so using ns clns-7 from class loader (caller=/data/app/~~iKB1hrL-92Yd1H1wwOYDRg==/com.negi.survey-X8Cyam8ZXmaTxvZs-03-vw==/base.apk!classes4.dex): ok
10-05 14:03:03.257 29946 29946 D SurveyApp: Loaded LiteRTLM JNI: litertlm_jni where=attachBaseContext
10-05 14:03:03.258 29946 29946 D AppRingLogStore: installed: dir=/data/user/0/com.negi.survey/files/diagnostics/applog_ring idx=0
10-05 14:03:03.258 29946 29946 D CrashCapture: install: ensured default handler. where=SurveyApp:attachBaseContext pid=29946 default=com.negi.survey.CrashCapture$CrashHandler@62f29f8
10-05 14:03:03.259 29946 29966 D RuntimeLogStore: openWriter: start -> /data/user/0/com.negi.survey/files/diagnostics/runtime_logs/rtlog_20261005_110303_258_pid29946_seq1.log (bytes=0 format=LEGACY)
10-05 14:03:03.259 29946 29966 D RuntimeLogStore: retention: start files=3 kept=3 totalBytes=15011
10-05 14:03:03.260 29946 29946 D SurveyApp: LiteRTLM JNI already loaded; skip. where=onCreate(retry)
10-05 14:03:03.260 29946 29946 D CrashCapture: install: ensured default handler. where=SurveyApp:onCreate(rewrap) pid=29946 default=com.negi.survey.CrashCapture$CrashHandler@62f29f8
10-05 14:03:03.260 29946 29946 D CrashCapture: registerSelfHealing: ActivityLifecycleCallbacks registered. mode=onResumedOnly
10-05 14:03:03.262 29946 29946 D ActivityThread: com.negi.survey will use render engine as VK
10-05 14:03:03.262 29946 29946 D HWUI    : HWUI - treat SMPTE_170M as sRGB
10-05 14:03:03.263 29946 29968 D HWUI    : CacheManager constructor. deviceInfo=(1080, 1920)
10-05 14:03:03.263 29946 29968 D vulkan  : searching for layers in '/data/app/~~iKB1hrL-92Yd1H1wwOYDRg==/com.negi.survey-X8Cyam8ZXmaTxvZs-03-vw==/lib/arm64'
10-05 14:03:03.263 29946 29968 D vulkan  : searching for layers in '/data/app/~~iKB1hrL-92Yd1H1wwOYDRg==/com.negi.survey-X8Cyam8ZXmaTxvZs-03-vw==/base.apk!/lib/arm64-v8a'
10-05 14:03:03.267 29946 29946 I DecorView: setWindowBackground: isPopOver=false color=fffafafa d=android.graphics.drawable.ColorDrawable@3c70458
10-05 14:03:03.268 29946 29946 D PhoneWindow: forceLight changed to false [] from com.android.internal.policy.PhoneWindow.updateForceLightNavigationBar:4536 com.android.internal.policy.PhoneWindow.setNavigationBarColor:4227 androidx.activity.EdgeToEdgeApi35.setUp:353 androidx.activity.EdgeToEdge.enableEdgeToEdge$lambda$1:101 androidx.activity.EdgeToEdge$$ExternalSyntheticLambda0.run:0 
10-05 14:03:03.269 29946 29946 D CrashCapture: install: ensured default handler. where=selfHeal:onActivityResumed pid=29946 default=com.negi.survey.CrashCapture$CrashHandler@62f29f8
10-05 14:03:03.269 29946 29946 I ViewRootImpl: dVRR is disabled
10-05 14:03:03.270 29946 29946 D HardwareRenderer: onDisplayChanged. displayId=0 current wxh=1080x2340 mLargest wxh=0x0
10-05 14:03:03.270 29946 29946 D HardwareRenderer: Set largestWidth and largestHeight as logical resolution. (1080x2340)
10-05 14:03:03.272 29946 29968 E Adreno-AppProfiles: QSPM AIDL service doesn't exist
10-05 14:03:03.273 29946 29968 I AdrenoVK-0: ===== BEGIN DUMP OF OVERRIDDEN SETTINGS =====
10-05 14:03:03.273 29946 29968 I AdrenoVK-0: ===== END DUMP OF OVERRIDDEN SETTINGS =====
10-05 14:03:03.274 29946 29968 D qdgralloc: Fetching IMapper5 from QtiMapper5
10-05 14:03:03.280 29946 29968 I SnapAlloc: Graphics lib is available
10-05 14:03:03.284 29946 29968 I Adreno-UNKNOWN: Using previously loaded IMapper library.
10-05 14:03:03.286 29946 29968 I AdrenoVK-0: QUALCOMM build          : 7a7d1616fb, I1b2d45fd3f
10-05 14:03:03.286 29946 29968 I AdrenoVK-0: Build Date              : 12/18/24
10-05 14:03:03.286 29946 29968 I AdrenoVK-0: Shader Compiler Version : E031.47.18.13
10-05 14:03:03.286 29946 29968 I AdrenoVK-0: Local Branch            : 
10-05 14:03:03.286 29946 29968 I AdrenoVK-0: Remote Branch           : refs/tags/AU_LINUX_ANDROID_LA.VENDOR.15.4.0.11.00.00.1088.540
10-05 14:03:03.286 29946 29968 I AdrenoVK-0: Remote Branch           : NONE
10-05 14:03:03.286 29946 29968 I AdrenoVK-0: Reconstruct Branch      : NOTHING
10-05 14:03:03.286 29946 29968 I AdrenoVK-0: Build Config            : S P 18.0.0 AArch64
10-05 14:03:03.286 29946 29968 I AdrenoVK-0: Driver Path             : /vendor/lib64/hw/vulkan.adreno.so
10-05 14:03:03.286 29946 29968 I AdrenoVK-0: Driver Version          : 0800.17.11
10-05 14:03:03.286 29946 29968 I AdrenoVK-0: PFP                     : 0x01500364
10-05 14:03:03.286 29946 29968 I AdrenoVK-0: ME                      : 0x01500012
10-05 14:03:03.286 29946 29968 I AdrenoVK-0: Application Name    : android framework
10-05 14:03:03.286 29946 29968 I AdrenoVK-0: Application Version : 0x00000000
10-05 14:03:03.286 29946 29968 I AdrenoVK-0: Engine Name         : android framework
10-05 14:03:03.286 29946 29968 I AdrenoVK-0: Engine Version      : 0x00000000
10-05 14:03:03.286 29946 29968 I AdrenoVK-0: Api Version         : 0x00401000
10-05 14:03:03.294 29946 29968 D HWUI    : setMaxSurfaceArea requested wxh=(1080,2340) requestedSurfaceArea(2527200) mMaxSurfaceArea(2073600)
10-05 14:03:03.294 29946 29968 D NativeCustomFrequencyManager: [NativeCFMS] BpCustomFrequencyManager::BpCustomFrequencyManager()
10-05 14:03:03.295 29946 29946 D InputTransport: Input channel constructed: '9a10f90', fd=116
10-05 14:03:03.296 29946 29946 I InsetsController: onStateChanged: host=com.negi.survey/com.negi.survey.MainActivity, from=android.view.ViewRootImpl.setView:1996, state=InsetsState: {mDisplayFrame=Rect(0, 0 - 1080, 2340), mDisplayCutout=DisplayCutout{insets=Rect(0, 83 - 0, 0) waterfall=Insets{left=0, top=0, right=0, bottom=0} boundingRect={Bounds=[Rect(0, 0 - 0, 0), Rect(515, 0 - 566, 83), Rect(0, 0 - 0, 0), Rect(0, 0 - 0, 0)]} cutoutPathParserInfo={CutoutPathParserInfo{displayWidth=1080 displayHeight=2340 physicalDisplayWidth=1080 physicalDisplayHeight=2340 density={2.8125} cutoutSpec={M 0,0 H -9.066666666666667 V 29.6 H 9.066666666666667 V 0 H 0 Z @dp} rotation={0} scale={1.0} physicalPixelDisplaySizeRatio={1.0}}} sideOverrides={}}, mRoundedCorners=RoundedCorners{[RoundedCorner{position=TopLeft, radius=113, center=Point(113, 113)}, RoundedCorner{position=TopRight, radius=113, center=Point(967, 113)}, RoundedCorner{position=BottomRight, radius=113, center=Point(967, 2227)}, RoundedCorner{position=BottomLeft, radius=113, center=Point(113, 2227)}]}  mRoundedCornerFrame=Rect(0, 0 - 1080, 2340), mPrivacyIndicatorBounds=PrivacyIndicatorBounds {static bounds=Rect(956, 0 - 1080, 84) rotation=0}, mDisplayShape=DisplayShape{ spec=-311912193 displayWidth=1440 displayHeight=3120 physicalPixelDisplaySizeRatio=1.0 rotation=0 offsetX=0 offsetY=0 scale=1.0}, mSources= { InsetsSource: {3 mType=ime mFrame=[0,0][0,0] mVisible=false mFlags= mSideHint=NONE mBoundingRects=null}, InsetsSource: {27 mType=displayCutout mFrame=[0,0][1080,83] mVisible=true mFlags= mSideHint=TOP mBoundingRects=null}, InsetsSource: {17450000 mType=statusBars mFrame=[0,0][1080,84] mVisible=true mFlags= mSideHint=TOP mBoundingRects=null}, InsetsSource: {17450005 mType=mandatorySystemGestures mFrame=[0,0][1080,117] mVisible=true mFlags= mSideHint=TOP mBoundingRects=null}, InsetsSource: {17450006 mType=tappableElement mFrame=[0,0][1080,84] mVisible=true mFlags= mSideHint=TOP mBoundingRects=null}, InsetsSource: {4e1b0001 mType=navigationBars mFrame=[0,2205][1080,2340] mVisible=true mFlags= mSideHint=BOTTOM mBoundingRects=null}, InsetsSource: {4e1b0004 mType=systemGestures mFrame=[0,0][0,0] mVisible=true mFlags= mSideHint=NONE mBoundingRects=null}, InsetsSource: {4e1b0005 mType=mandatorySystemGestures mFrame=[0,2205][1080,2340] mVisible=true mFlags= mSideHint=BOTTOM mBoundingRects=null}, InsetsSource: {4e1b0006 mType=tappableElement mFrame=[0,2205][1080,2340] mVisible=true mFlags= mSideHint=BOTTOM mBoundingRects=null}, InsetsSource: {4e1b0024 mType=systemGestures mFrame=[0,0][0,0] mVisible=true mFlags= mSideHint=NONE mBoundingRects=null} }
10-05 14:03:03.296 29946 29946 I VRI[MainActivity]@d080491: synced displayState. AttachInfo displayState=2
10-05 14:03:03.296 29946 29946 I VRI[MainActivity]@d080491: setView = com.android.internal.policy.DecorView@79758cd IsHRR=false TM=true
10-05 14:03:03.296 29946 29946 I IDS_TAG : Starting IDS observe window
10-05 14:03:03.296 29946 29946 I IDS_TAG : Getting Shared Preference for com.negi.survey.SurveyApp@a0fd0e uid = 10381
10-05 14:03:03.297 29946 29946 I IDS_TAG : App com.negi.survey.SurveyApp@a0fd0e has not finished training
10-05 14:03:03.297 29946 29946 I IDS_TAG : Closing IDS observe window
10-05 14:03:03.297 29946 29946 I IDS_TAG : Getting Shared Preference for com.negi.survey.SurveyApp@a0fd0e uid = 10381
10-05 14:03:03.297 29946 29946 I IDS_TAG : IDS count updated to 3 for com.negi.survey.SurveyApp@a0fd0e
10-05 14:03:03.305 29946 29946 D WM-PackageManagerHelper: Skipping component enablement for androidx.work.impl.background.systemjob.SystemJobService
10-05 14:03:03.305 29946 29946 D WM-Schedulers: Created SystemJobScheduler and enabled SystemJobService
10-05 14:03:03.305 29946 29981 D WM-ForceStopRunnable: Is default app process = true
10-05 14:03:03.306 29946 29981 D WM-ForceStopRunnable: Performing cleanup operations.
10-05 14:03:03.311 29946 29981 D WM-SystemJobScheduler: Reconciling jobs
10-05 14:03:03.313 29946 29981 D WM-ForceStopRunnable: Found unfinished work, scheduling it.
10-05 14:03:03.318 29946 29987 D WM-PackageManagerHelper: Skipping component enablement for androidx.work.impl.background.systemalarm.RescheduleReceiver
10-05 14:03:03.323 29946 29946 E com.negi.survey: Unable to open libpenguin.so: dlopen failed: library "libpenguin.so" not found.
10-05 14:03:03.323 29946 29946 I BufferQueueProducer: [](id:74fa00000000,api:0,p:0,c:29946) setDequeueTimeout:2077252342
10-05 14:03:03.324 29946 29946 I BLASTBufferQueue_Java: new BLASTBufferQueue, mName= VRI[MainActivity]@d080491 mNativeObject= 0xb400007812f25430 sc.mNativeObject= 0xb400007872f1d650 caller= android.view.ViewRootImpl.updateBlastSurfaceIfNeeded:3390 android.view.ViewRootImpl.relayoutWindow:11355 android.view.ViewRootImpl.performTraversals:4537 android.view.ViewRootImpl.doTraversal:3701 android.view.ViewRootImpl$TraversalRunnable.run:12533 android.view.Choreographer$CallbackRecord.run:1751 android.view.Choreographer$CallbackRecord.run:1760 android.view.Choreographer.doCallbacks:1216 android.view.Choreographer.doFrame:1142 android.view.Choreographer$FrameDisplayEventReceiver.run:1707 
10-05 14:03:03.324 29946 29946 I BLASTBufferQueue_Java: update, w= 1080 h= 2340 mName = VRI[MainActivity]@d080491 mNativeObject= 0xb400007812f25430 sc.mNativeObject= 0xb400007872f1d650 format= -1 caller= android.graphics.BLASTBufferQueue.<init>:88 android.view.ViewRootImpl.updateBlastSurfaceIfNeeded:3390 android.view.ViewRootImpl.relayoutWindow:11355 android.view.ViewRootImpl.performTraversals:4537 android.view.ViewRootImpl.doTraversal:3701 android.view.ViewRootImpl$TraversalRunnable.run:12533 
10-05 14:03:03.324 29946 29946 W libc    : Access denied finding property "vendor.gpp.create_frc_extension"
10-05 14:03:03.324 29946 29946 I VRI[MainActivity]@d080491: Relayout returned: old=(0,0,1080,2340) new=(0,0,1080,2340) relayoutAsync=false req=(1080,2340)0 dur=1 res=0x3 s={true 0xb4000077f2f515b0} ch=true seqId=0
10-05 14:03:03.324 29946 29946 I VRI[MainActivity]@d080491: performConfigurationChange setNightDimText nightDimLevel=0
10-05 14:03:03.324 29946 29946 D VRI[MainActivity]@d080491: mThreadedRenderer.initialize() mSurface={isValid=true 0xb4000077f2f515b0} hwInitialized=true
10-05 14:03:03.325 29946 29946 D VRI[MainActivity]@d080491: reportNextDraw android.view.ViewRootImpl.performTraversals:5186 android.view.ViewRootImpl.doTraversal:3701 android.view.ViewRootImpl$TraversalRunnable.run:12533 android.view.Choreographer$CallbackRecord.run:1751 android.view.Choreographer$CallbackRecord.run:1760 
10-05 14:03:03.325 29946 29946 D VRI[MainActivity]@d080491: Setup new sync=wmsSync-VRI[MainActivity]@d080491#0
10-05 14:03:03.325 29946 29946 I VRI[MainActivity]@d080491: Creating new active sync group VRI[MainActivity]@d080491#1
10-05 14:03:03.326 29946 29946 D VRI[MainActivity]@d080491: registerCallbacksForSync syncBuffer=false
10-05 14:03:03.327 29946 29946 I View    : setRequestedFrameRate frameRate=-4.0, this=android.view.View{8c74151 V.ED..... ......I. 0,0-0,0}, caller=androidx.compose.ui.platform.Api35Impl.setRequestedFrameRate:4047 androidx.compose.ui.platform.AndroidComposeView.dispatchDraw:2282 android.view.View.draw:26153 android.view.View.updateDisplayListIfDirty:24990 android.view.View.draw:25880 
10-05 14:03:03.327 29946 29972 D VRI[MainActivity]@d080491: Received frameDrawingCallback syncResult=0 frameNum=1.
10-05 14:03:03.327 29946 29972 I VRI[MainActivity]@d080491: mWNT: t=0xb400007832f45fd0 mBlastBufferQueue=0xb400007812f25430 fn= 1 HdrRenderState mRenderHdrSdrRatio=1.0 caller= android.view.ViewRootImpl$11.onFrameDraw:15025 android.view.ThreadedRenderer$1.onFrameDraw:761 <bottom of call stack> 
10-05 14:03:03.327 29946 29972 I VRI[MainActivity]@d080491: Setting up sync and frameCommitCallback
10-05 14:03:03.327 29946 29968 I AdrenoUtils: <ReadGpuID:366>: Reading chip ID through GSL
10-05 14:03:03.334 29946 29968 I BLASTBufferQueue: [VRI[MainActivity]@d080491#0](f:0,a:0,s:0) onFrameAvailable the first frame is available
10-05 14:03:03.334 29946 29968 I SurfaceComposerClient: apply transaction with the first frame. layerId: 868, bufferData(ID: 128617090646019, frameNumber: 1)
10-05 14:03:03.335 29946 29968 I VRI[MainActivity]@d080491: Received frameCommittedCallback lastAttemptedDrawFrameNum=1 didProduceBuffer=true
10-05 14:03:03.335 29946 29968 D HWUI    : CFMS:: SetUp Pid : 29946    Tid : 29968
10-05 14:03:03.335 29946 29946 D VRI[MainActivity]@d080491: reportDrawFinished seqId=0
10-05 14:03:03.335 29946 29968 D HWUI    : HWUI - treat SMPTE_170M as sRGB
10-05 14:03:03.337 29946 29946 I InsetsSourceConsumer: applyRequestedVisibilityToControl: visible=true, type=navigationBars, host=com.negi.survey/com.negi.survey.MainActivity
10-05 14:03:03.337 29946 29946 I InsetsSourceConsumer: applyRequestedVisibilityToControl: visible=true, type=statusBars, host=com.negi.survey/com.negi.survey.MainActivity
10-05 14:03:03.340 29946 29946 I View    : setRequestedFrameRate frameRate=NaN, this=android.view.View{8c74151 V.ED..... ........ 0,0-0,0}, caller=androidx.compose.ui.platform.Api35Impl.setRequestedFrameRate:4047 androidx.compose.ui.platform.AndroidComposeView.dispatchDraw:2282 android.view.View.draw:26153 android.view.View.updateDisplayListIfDirty:24990 android.view.ViewGroup.recreateChildDisplayList:4759 
10-05 14:03:03.350 29946 29946 D VRI[MainActivity]@d080491: mThreadedRenderer.initializeIfNeeded()#2 mSurface={isValid=true 0xb4000077f2f515b0}
10-05 14:03:03.350 29946 29946 D InputMethodManagerUtils: startInputInner - Id : 0
10-05 14:03:03.350 29946 29946 I InputMethodManager: startInputInner - IInputMethodManagerGlobalInvoker.startInputOrWindowGainedFocus
10-05 14:03:03.352 29946 29993 D InputTransport: Input channel constructed: 'ClientS', fd=152
10-05 14:03:03.356 29946 29946 I InsetsSourceConsumer: applyRequestedVisibilityToControl: visible=false, type=ime, host=com.negi.survey/com.negi.survey.MainActivity
10-05 14:03:03.357 29946 29946 I VRI[MainActivity]@d080491: handleResized, frames=ClientWindowFrames{frame=[0,0][1080,2340] display=[0,0][1080,2340] parentFrame=[0,0][0,0]} displayId=0 dragResizing=false compatScale=1.0 frameChanged=false attachedFrameChanged=false configChanged=false displayChanged=false compatScaleChanged=false dragResizingChanged=false
10-05 14:03:03.365 29946 29946 D MainActivity: Config loaded. session=survey_config_sw_10.yaml@1
10-05 14:03:03.374 29946 29946 D MainActivity: DownloadGate idle -> start download. session=survey_config_sw_10.yaml@1
10-05 14:03:03.375 29946 29946 I AppViewModel: private model reused: name=gemma-3n-E4B-it-int4.litertlm bytes=4919541760
10-05 14:03:03.382 29946 29946 I Dialog  : mIsDeviceDefault = false, mIsSamsungBasicInteraction = false, isMetaDataInActivity = false
10-05 14:03:03.383 29946 29946 I DecorView: setWindowBackground: isPopOver=false color=0 d=android.graphics.drawable.ColorDrawable@5482b8f
10-05 14:03:03.384 29946 29946 W WindowOnBackDispatcher: OnBackInvokedCallback is not enabled for the application.
10-05 14:03:03.384 29946 29946 W WindowOnBackDispatcher: Set 'android:enableOnBackInvokedCallback="true"' in the application manifest.
10-05 14:03:03.384 29946 29946 I WindowManager: WindowManagerGlobal#addView, ty=2, view=com.android.internal.policy.DecorView{a2fab38 V.E...... R.....I. 0,0-0,0}[MainActivity], caller=android.view.WindowManagerImpl.addView:158 android.app.Dialog.show:507 androidx.compose.ui.window.AndroidDialog_androidKt.Dialog$lambda$3$0:272 
10-05 14:03:03.385 29946 29946 I ViewRootImpl: dVRR is disabled
10-05 14:03:03.385 29946 29968 D NativeCustomFrequencyManager: [NativeCFMS] BpCustomFrequencyManager::BpCustomFrequencyManager()
10-05 14:03:03.387 29946 29946 D InputTransport: Input channel constructed: '528094c', fd=163
10-05 14:03:03.387 29946 29946 I InsetsController: onStateChanged: host=com.negi.survey/com.negi.survey.MainActivity, from=android.view.ViewRootImpl.setView:1996, state=InsetsState: {mDisplayFrame=Rect(0, 0 - 1080, 2340), mDisplayCutout=DisplayCutout{insets=Rect(0, 83 - 0, 0) waterfall=Insets{left=0, top=0, right=0, bottom=0} boundingRect={Bounds=[Rect(0, 0 - 0, 0), Rect(515, 0 - 566, 83), Rect(0, 0 - 0, 0), Rect(0, 0 - 0, 0)]} cutoutPathParserInfo={CutoutPathParserInfo{displayWidth=1080 displayHeight=2340 physicalDisplayWidth=1080 physicalDisplayHeight=2340 density={2.8125} cutoutSpec={M 0,0 H -9.066666666666667 V 29.6 H 9.066666666666667 V 0 H 0 Z @dp} rotation={0} scale={1.0} physicalPixelDisplaySizeRatio={1.0}}} sideOverrides={}}, mRoundedCorners=RoundedCorners{[RoundedCorner{position=TopLeft, radius=113, center=Point(113, 113)}, RoundedCorner{position=TopRight, radius=113, center=Point(967, 113)}, RoundedCorner{position=BottomRight, radius=113, center=Point(967, 2227)}, RoundedCorner{position=BottomLeft, radius=113, center=Point(113, 2227)}]}  mRoundedCornerFrame=Rect(0, 0 - 1080, 2340), mPrivacyIndicatorBounds=PrivacyIndicatorBounds {static bounds=Rect(956, 0 - 1080, 84) rotation=0}, mDisplayShape=DisplayShape{ spec=-311912193 displayWidth=1440 displayHeight=3120 physicalPixelDisplaySizeRatio=1.0 rotation=0 offsetX=0 offsetY=0 scale=1.0}, mSources= { InsetsSource: {3 mType=ime mFrame=[0,0][0,0] mVisible=false mFlags= mSideHint=NONE mBoundingRects=null}, InsetsSource: {27 mType=displayCutout mFrame=[0,0][1080,83] mVisible=true mFlags= mSideHint=TOP mBoundingRects=null}, InsetsSource: {17450000 mType=statusBars mFrame=[0,0][1080,84] mVisible=true mFlags= mSideHint=TOP mBoundingRects=null}, InsetsSource: {17450005 mType=mandatorySystemGestures mFrame=[0,0][1080,117] mVisible=true mFlags= mSideHint=TOP mBoundingRects=null}, InsetsSource: {17450006 mType=tappableElement mFrame=[0,0][1080,84] mVisible=true mFlags= mSideHint=TOP mBoundingRects=null}, InsetsSource: {4e1b0001 mType=navigationBars mFrame=[0,2205][1080,2340] mVisible=true mFlags= mSideHint=BOTTOM mBoundingRects=null}, InsetsSource: {4e1b0004 mType=systemGestures mFrame=[0,0][0,0] mVisible=true mFlags= mSideHint=NONE mBoundingRects=null}, InsetsSource: {4e1b0005 mType=mandatorySystemGestures mFrame=[0,2205][1080,2340] mVisible=true mFlags= mSideHint=BOTTOM mBoundingRects=null}, InsetsSource: {4e1b0006 mType=tappableElement mFrame=[0,2205][1080,2340] mVisible=true mFlags= mSideHint=BOTTOM mBoundingRects=null}, InsetsSource: {4e1b0024 mType=systemGestures mFrame=[0,0][0,0] mVisible=true mFlags= mSideHint=NONE mBoundingRects=null} }
10-05 14:03:03.387 29946 29946 I VRI[MainActivity]@1c72711: synced displayState. AttachInfo displayState=2
10-05 14:03:03.387 29946 29946 I VRI[MainActivity]@1c72711: setView = com.android.internal.policy.DecorView@a2fab38 IsHRR=false TM=true
10-05 14:03:03.394 29946 29946 I InsetsSourceConsumer: applyRequestedVisibilityToControl: visible=true, type=navigationBars, host=com.negi.survey/com.negi.survey.MainActivity
10-05 14:03:03.394 29946 29946 I InsetsSourceConsumer: applyRequestedVisibilityToControl: visible=true, type=statusBars, host=com.negi.survey/com.negi.survey.MainActivity
10-05 14:03:03.394 29946 29946 I BufferQueueProducer: [](id:74fa00000001,api:0,p:0,c:29946) setDequeueTimeout:2077252342
10-05 14:03:03.394 29946 29946 I BLASTBufferQueue_Java: new BLASTBufferQueue, mName= VRI[MainActivity]@1c72711 mNativeObject= 0xb400007812f46db0 sc.mNativeObject= 0xb400007872f20350 caller= android.view.ViewRootImpl.updateBlastSurfaceIfNeeded:3390 android.view.ViewRootImpl.relayoutWindow:11355 android.view.ViewRootImpl.performTraversals:4537 android.view.ViewRootImpl.doTraversal:3701 android.view.ViewRootImpl$TraversalRunnable.run:12533 android.view.Choreographer$CallbackRecord.run:1751 android.view.Choreographer$CallbackRecord.run:1760 android.view.Choreographer.doCallbacks:1216 android.view.Choreographer.doFrame:1142 android.view.Choreographer$FrameDisplayEventReceiver.run:1707 
10-05 14:03:03.394 29946 29946 I BLASTBufferQueue_Java: update, w= 1080 h= 882 mName = VRI[MainActivity]@1c72711 mNativeObject= 0xb400007812f46db0 sc.mNativeObject= 0xb400007872f20350 format= -2 caller= android.graphics.BLASTBufferQueue.<init>:88 android.view.ViewRootImpl.updateBlastSurfaceIfNeeded:3390 android.view.ViewRootImpl.relayoutWindow:11355 android.view.ViewRootImpl.performTraversals:4537 android.view.ViewRootImpl.doTraversal:3701 android.view.ViewRootImpl$TraversalRunnable.run:12533 
10-05 14:03:03.395 29946 29946 W libc    : Access denied finding property "vendor.gpp.create_frc_extension"
10-05 14:03:03.395 29946 29946 I VRI[MainActivity]@1c72711: Relayout returned: old=(0,84,1080,2205) new=(90,793,990,1495) relayoutAsync=false req=(900,702)0 dur=1 res=0x3 s={true 0xb4000077f2f59df0} ch=true seqId=0
10-05 14:03:03.395 29946 29946 I VRI[MainActivity]@1c72711: performConfigurationChange setNightDimText nightDimLevel=0
10-05 14:03:03.395 29946 29946 D VRI[MainActivity]@1c72711: mThreadedRenderer.initialize() mSurface={isValid=true 0xb4000077f2f59df0} hwInitialized=true
10-05 14:03:03.396 29946 29946 D VRI[MainActivity]@1c72711: reportNextDraw android.view.ViewRootImpl.performTraversals:5186 android.view.ViewRootImpl.doTraversal:3701 android.view.ViewRootImpl$TraversalRunnable.run:12533 android.view.Choreographer$CallbackRecord.run:1751 android.view.Choreographer$CallbackRecord.run:1760 
10-05 14:03:03.396 29946 29946 D VRI[MainActivity]@1c72711: Setup new sync=wmsSync-VRI[MainActivity]@1c72711#2
10-05 14:03:03.396 29946 29946 I VRI[MainActivity]@1c72711: Creating new active sync group VRI[MainActivity]@1c72711#3
10-05 14:03:03.396 29946 29946 D VRI[MainActivity]@1c72711: registerCallbacksForSync syncBuffer=false
10-05 14:03:03.397 29946 29946 I View    : setRequestedFrameRate frameRate=-4.0, this=android.view.View{8869bbe V.ED..... ......I. 0,0-0,0}, caller=androidx.compose.ui.platform.Api35Impl.setRequestedFrameRate:4047 androidx.compose.ui.platform.AndroidComposeView.dispatchDraw:2282 android.view.View.draw:26153 android.view.View.updateDisplayListIfDirty:24990 android.view.View.draw:25880 
10-05 14:03:03.397 29946 29972 D VRI[MainActivity]@1c72711: Received frameDrawingCallback syncResult=0 frameNum=1.
10-05 14:03:03.397 29946 29972 I VRI[MainActivity]@1c72711: mWNT: t=0xb400007832f57610 mBlastBufferQueue=0xb400007812f46db0 fn= 1 HdrRenderState mRenderHdrSdrRatio=1.0 caller= android.view.ViewRootImpl$11.onFrameDraw:15025 android.view.ThreadedRenderer$1.onFrameDraw:761 <bottom of call stack> 
10-05 14:03:03.397 29946 29972 I VRI[MainActivity]@1c72711: Setting up sync and frameCommitCallback
10-05 14:03:03.399 29946 29968 I BLASTBufferQueue: [VRI[MainActivity]@1c72711#1](f:0,a:0,s:0) onFrameAvailable the first frame is available
10-05 14:03:03.399 29946 29968 I SurfaceComposerClient: apply transaction with the first frame. layerId: 876, bufferData(ID: 128617090646023, frameNumber: 1)
10-05 14:03:03.399 29946 29968 I VRI[MainActivity]@1c72711: Received frameCommittedCallback lastAttemptedDrawFrameNum=1 didProduceBuffer=true
10-05 14:03:03.399 29946 29968 D HWUI    : CFMS:: SetUp Pid : 29946    Tid : 29968
10-05 14:03:03.399 29946 29946 D VRI[MainActivity]@1c72711: reportDrawFinished seqId=0
10-05 14:03:03.400 29946 29968 D HWUI    : HWUI - treat SMPTE_170M as sRGB
10-05 14:03:03.400 29946 29946 I BLASTBufferQueue_Java: update, w= 1080 h= 882 mName = VRI[MainActivity]@1c72711 mNativeObject= 0xb400007812f46db0 sc.mNativeObject= 0xb400007872f20350 format= -2 caller= android.view.ViewRootImpl.updateBlastSurfaceIfNeeded:3379 android.view.ViewRootImpl.relayoutWindow:11355 android.view.ViewRootImpl.performTraversals:4537 android.view.ViewRootImpl.doTraversal:3701 android.view.ViewRootImpl$TraversalRunnable.run:12533 android.view.Choreographer$CallbackRecord.run:1751 
10-05 14:03:03.400 29946 29946 I VRI[MainActivity]@1c72711: Relayout returned: old=(90,793,990,1495) new=(90,793,990,1495) relayoutAsync=true req=(900,702)0 dur=0 res=0x0 s={true 0xb4000077f2f59df0} ch=false seqId=0
10-05 14:03:03.401 29946 29946 I VRI[MainActivity]@1c72711: registerCallbackForPendingTransactions
10-05 14:03:03.401 29946 29973 I VRI[MainActivity]@1c72711: mWNT: t=0xb400007832f56490 mBlastBufferQueue=0xb400007812f46db0 fn= 2 HdrRenderState mRenderHdrSdrRatio=1.0 caller= android.view.ViewRootImpl$9.onFrameDraw:6272 android.view.ViewRootImpl$3.onFrameDraw:2437 android.view.ThreadedRenderer$1.onFrameDraw:761 
10-05 14:03:03.401 29946 29946 I VRI[MainActivity]@1c72711: handleResized, frames=ClientWindowFrames{frame=[90,793][990,1495] display=[0,84][1080,2205] parentFrame=[0,0][0,0]} displayId=0 dragResizing=false compatScale=1.0 frameChanged=false attachedFrameChanged=false configChanged=false displayChanged=false compatScaleChanged=false dragResizingChanged=false
10-05 14:03:03.401 29946 29946 I VRI[MainActivity]@1c72711: handleResized mSyncSeqId = 0
10-05 14:03:03.401 29946 29946 D VRI[MainActivity]@1c72711: reportNextDraw android.view.ViewRootImpl.handleResized:2856 android.view.ViewRootImpl.-$$Nest$mhandleResized:0 android.view.ViewRootImpl$W.resized:13690 android.app.servertransaction.WindowStateResizeItem.execute:64 android.app.servertransaction.WindowStateTransactionItem.execute:59 
10-05 14:03:03.406 29946 29946 D VRI[MainActivity]@1c72711: Setup new sync=wmsSync-VRI[MainActivity]@1c72711#4
10-05 14:03:03.406 29946 29946 I VRI[MainActivity]@1c72711: Creating new active sync group VRI[MainActivity]@1c72711#5
10-05 14:03:03.406 29946 29946 D VRI[MainActivity]@1c72711: registerCallbacksForSync syncBuffer=false
10-05 14:03:03.406 29946 29972 D VRI[MainActivity]@1c72711: Received frameDrawingCallback syncResult=0 frameNum=3.
10-05 14:03:03.406 29946 29972 I VRI[MainActivity]@1c72711: Setting up sync and frameCommitCallback
10-05 14:03:03.406 29946 29968 I VRI[MainActivity]@1c72711: Received frameCommittedCallback lastAttemptedDrawFrameNum=3 didProduceBuffer=false
10-05 14:03:03.406 29946 29968 I BLASTBufferQueue_Java: gatherPendingTransactions, mName= VRI[MainActivity]@1c72711 mNativeObject= 0xb400007812f46db0 frameNumber= 3 caller= android.view.ViewRootImpl$11.lambda$onFrameDraw$3:15109 android.view.ViewRootImpl$11.$r8$lambda$lOIKKNnrcWn9ZndeJebfX4H5mOg:0 android.view.ViewRootImpl$11$$ExternalSyntheticLambda3.onFrameCommit:0 android.view.ThreadedRenderer$1.lambda$onFrameDraw$0:773 android.view.ThreadedRenderer$1$$ExternalSyntheticLambda0.onFrameCommit:0 <bottom of call stack> 
10-05 14:03:03.406 29946 29946 D VRI[MainActivity]@1c72711: reportDrawFinished seqId=0
10-05 14:03:03.408 29946 29946 I ImeFocusController: onPreWindowFocus: skipped hasWindowFocus=false mHasImeFocus=true
10-05 14:03:03.408 29946 29946 I ImeFocusController: onPostWindowFocus: skipped hasWindowFocus=false mHasImeFocus=true
10-05 14:03:03.417 29946 29946 D VRI[MainActivity]@1c72711: mThreadedRenderer.initializeIfNeeded()#2 mSurface={isValid=true 0xb4000077f2f59df0}
10-05 14:03:03.417 29946 29946 D InputMethodManagerUtils: startInputInner - Id : 0
10-05 14:03:03.417 29946 29946 I InputMethodManager: startInputInner - IInputMethodManagerGlobalInvoker.startInputOrWindowGainedFocus
10-05 14:03:03.418 29946 29993 D InputTransport: Input channel constructed: 'ClientS', fd=191
10-05 14:03:03.423 29946 29946 I InsetsSourceConsumer: applyRequestedVisibilityToControl: visible=false, type=ime, host=com.negi.survey/com.negi.survey.MainActivity
10-05 14:03:03.791 29946 29946 I View    : setRequestedFrameRate frameRate=NaN, this=android.view.View{8869bbe V.ED..... ........ 0,0-0,0}, caller=androidx.compose.ui.platform.Api35Impl.setRequestedFrameRate:4047 androidx.compose.ui.platform.AndroidComposeView.dispatchDraw:2282 android.view.View.draw:26153 android.view.View.updateDisplayListIfDirty:24990 android.view.View.draw:25880 
10-05 14:03:04.281 29946 29946 I VRI[MainActivity]@1c72711: ViewPostIme pointer 0
10-05 14:03:04.283 29946 29946 I VRI[MainActivity]@1c72711: call setFrameRateCategory for touch hint category=high hint, reason=touch, vri=VRI[MainActivity]@1c72711
10-05 14:03:04.298 29946 29946 W Choreographer: Frame time is 0.131819 ms in the future!  Check that graphics HAL is generating vsync timestamps using the correct timebase.
10-05 14:03:04.353 29946 29946 I VRI[MainActivity]@1c72711: ViewPostIme pointer 1
10-05 14:03:04.359 29946 29946 I WindowManager: WindowManagerGlobal#removeView, ty=2, view=com.android.internal.policy.DecorView{a2fab38 V.E...... R......D 0,0-900,702 aid=1073741833}[MainActivity], caller=android.view.WindowManagerGlobal.removeView:626 android.view.WindowManagerImpl.removeViewImmediate:216 android.app.Dialog.dismissDialog:804 
10-05 14:03:04.359 29946 29946 W WindowOnBackDispatcher: sendCancelIfRunning: isInProgress=false callback=android.view.ViewRootImpl$$ExternalSyntheticLambda15@3f2db5b
10-05 14:03:04.364 29946 29968 D HWUI    : endAllActiveAnimators on 0xb400007922f6a090 (UnprojectedRipple) with handle 0xb400007862f730e0
10-05 14:03:04.364 29946 29946 I VRI[MainActivity]@1c72711: dispatchDetachedFromWindow
10-05 14:03:04.369 29946 29946 D InputTransport: Input channel destroyed: '528094c', fd=163
10-05 14:03:04.376 29946 29946 I InsetsSourceConsumer: applyRequestedVisibilityToControl: visible=true, type=navigationBars, host=com.negi.survey/com.negi.survey.MainActivity
10-05 14:03:04.376 29946 29946 I InsetsSourceConsumer: applyRequestedVisibilityToControl: visible=true, type=statusBars, host=com.negi.survey/com.negi.survey.MainActivity
10-05 14:03:04.377 29946 29946 I InsetsController: onStateChanged: host=com.negi.survey/com.negi.survey.MainActivity, from=android.view.ViewRootImpl.handleInsetsControlChanged:2880, state=InsetsState: {mDisplayFrame=Rect(0, 0 - 1080, 2340), mDisplayCutout=DisplayCutout{insets=Rect(0, 83 - 0, 0) waterfall=Insets{left=0, top=0, right=0, bottom=0} boundingRect={Bounds=[Rect(0, 0 - 0, 0), Rect(515, 0 - 566, 83), Rect(0, 0 - 0, 0), Rect(0, 0 - 0, 0)]} cutoutPathParserInfo={CutoutPathParserInfo{displayWidth=1080 displayHeight=2340 physicalDisplayWidth=1080 physicalDisplayHeight=2340 density={2.8125} cutoutSpec={M 0,0 H -9.066666666666667 V 29.6 H 9.066666666666667 V 0 H 0 Z @dp} rotation={0} scale={1.0} physicalPixelDisplaySizeRatio={1.0}}} sideOverrides={}}, mRoundedCorners=RoundedCorners{[RoundedCorner{position=TopLeft, radius=113, center=Point(113, 113)}, RoundedCorner{position=TopRight, radius=113, center=Point(967, 113)}, RoundedCorner{position=BottomRight, radius=113, center=Point(967, 2227)}, RoundedCorner{position=BottomLeft, radius=113, center=Point(113, 2227)}]}  mRoundedCornerFrame=Rect(0, 0 - 1080, 2340), mPrivacyIndicatorBounds=PrivacyIndicatorBounds {static bounds=Rect(956, 0 - 1080, 84) rotation=0}, mDisplayShape=DisplayShape{ spec=-311912193 displayWidth=1440 displayHeight=3120 physicalPixelDisplaySizeRatio=1.0 rotation=0 offsetX=0 offsetY=0 scale=1.0}, mSources= { InsetsSource: {27 mType=displayCutout mFrame=[0,0][1080,83] mVisible=true mFlags= mSideHint=TOP mBoundingRects=null}, InsetsSource: {17450000 mType=statusBars mFrame=[0,0][1080,84] mVisible=true mFlags= mSideHint=TOP mBoundingRects=null}, InsetsSource: {17450005 mType=mandatorySystemGestures mFrame=[0,0][1080,117] mVisible=true mFlags= mSideHint=TOP mBoundingRects=null}, InsetsSource: {17450006 mType=tappableElement mFrame=[0,0][1080,84] mVisible=true mFlags= mSideHint=TOP mBoundingRects=null}, InsetsSource: {4e1b0001 mType=navigationBars mFrame=[0,2205][1080,2340] mVisible=true mFlags= mSideHint=BOTTOM mBoundingRects=null}, InsetsSource: {4e1b0004 mType=systemGestures mFrame=[0,0][0,0] mVisible=true mFlags= mSideHint=NONE mBoundingRects=null}, InsetsSource: {4e1b0005 mType=mandatorySystemGestures mFrame=[0,2205][1080,2340] mVisible=true mFlags= mSideHint=BOTTOM mBoundingRects=null}, InsetsSource: {4e1b0006 mType=tappableElement mFrame=[0,2205][1080,2340] mVisible=true mFlags= mSideHint=BOTTOM mBoundingRects=null}, InsetsSource: {4e1b0024 mType=systemGestures mFrame=[0,0][0,0] mVisible=true mFlags= mSideHint=NONE mBoundingRects=null} }
10-05 14:03:04.385 29946 29946 D VRI[MainActivity]@d080491: mThreadedRenderer.initializeIfNeeded()#2 mSurface={isValid=true 0xb4000077f2f515b0}
10-05 14:03:04.386 29946 29946 D InputMethodManagerUtils: startInputInner - Id : 0
10-05 14:03:04.386 29946 29946 I InputMethodManager: startInputInner - IInputMethodManagerGlobalInvoker.startInputOrWindowGainedFocus
10-05 14:03:04.388 29946 29956 D InputTransport: Input channel constructed: 'ClientS', fd=163
10-05 14:03:04.401 29946 29946 I InsetsSourceConsumer: applyRequestedVisibilityToControl: visible=false, type=ime, host=com.negi.survey/com.negi.survey.MainActivity
10-05 14:03:05.764 29946 29946 D github_upload: enqueueStartupRuntimeLogsUpload: uniqueName=upload_runtime_logs_startup policy=KEEP session=startup_runtime_20261005_110305_6ea8b7c6
10-05 14:03:05.766 29946 29946 D github_upload: enqueueStartupRingLogsUpload: uniqueName=upload_ring_logs_startup policy=KEEP session=startup_ring_20261005_110305_a7472a89
10-05 14:03:05.767 29946 30031 D CrashCapture: enqueuePendingCrashUploadsIfPossible enter where=SurveyApp:enqueuePending(immediate):bg pid=29946 thread=CrashCapture-Enqueue
10-05 14:03:05.773 29946 29986 D WM-SystemJobScheduler: Scheduling work ID a9bc0eab-d9a5-4d32-acf6-c50d60787a98Job ID 12
10-05 14:03:05.777 29946 29986 D WM-GreedyScheduler: Starting tracking for a9bc0eab-d9a5-4d32-acf6-c50d60787a98
10-05 14:03:05.778 29946 29946 D WM-SystemJobService: onStartJob for WorkGenerationalId(workSpecId=a9bc0eab-d9a5-4d32-acf6-c50d60787a98, generation=0)
10-05 14:03:05.781 29946 29986 D WM-SystemJobScheduler: Scheduling work ID ac78f9cd-2706-4f4b-83b9-a7278713c3a6Job ID 13
10-05 14:03:05.782 29946 29946 D WM-SystemJobService: onStartJob for WorkGenerationalId(workSpecId=ac78f9cd-2706-4f4b-83b9-a7278713c3a6, generation=0)
10-05 14:03:05.782 29946 29986 D WM-GreedyScheduler: Starting tracking for a9bc0eab-d9a5-4d32-acf6-c50d60787a98,ac78f9cd-2706-4f4b-83b9-a7278713c3a6
10-05 14:03:05.784 29946 29986 D WM-Processor: Processor: processing WorkGenerationalId(workSpecId=a9bc0eab-d9a5-4d32-acf6-c50d60787a98, generation=0)
10-05 14:03:05.784 29946 29986 D WM-Processor: Processor: processing WorkGenerationalId(workSpecId=ac78f9cd-2706-4f4b-83b9-a7278713c3a6, generation=0)
10-05 14:03:05.787 29946 29946 D WM-WorkerWrapper: Starting work for com.negi.survey.net.GitHubUploadWorker
10-05 14:03:05.788 29946 29946 D WM-WorkerWrapper: Starting work for com.negi.survey.net.GitHubUploadWorker
10-05 14:03:05.788 29946 29986 D WM-WorkConstraintsTrack: NetworkRequestConstraintController register shared callback
10-05 14:03:05.788 29946 29986 D ConnectivityManager: StackLog: [android.net.ConnectivityManager.sendRequestForNetwork(ConnectivityManager.java:4692)] [android.net.ConnectivityManager.registerDefaultNetworkCallbackForUid(ConnectivityManager.java:5381)] [android.net.ConnectivityManager.registerDefaultNetworkCallback(ConnectivityManager.java:5348)] [android.net.ConnectivityManager.registerDefaultNetworkCallback(ConnectivityManager.java:5322)] [androidx.work.impl.constraints.SharedNetworkCallback.addCallback(WorkConstraintsTracker.kt:362)] [androidx.work.impl.constraints.NetworkRequestConstraintController$track$1.invokeSuspend(WorkConstraintsTracker.kt:179)] [androidx.work.impl.constraints.NetworkRequestConstraintController$track$1.invoke(Unknown Source:8)] [androidx.work.impl.constraints.NetworkRequestConstraintController$track$1.invoke(Unknown Source:4)] [kotlinx.coroutines.flow.ChannelFlowBuilder.collectTo$suspendImpl(Builders.kt:316)] [kotlinx.coroutines.flow.ChannelFlowBuilder.collectTo(Unknown Source:0)] [kotlinx.coroutines.flow.CallbackFlowBuilder.collectTo(Builders.kt:330)] [kotlinx.coroutines.flow.internal.ChannelFlow$collectToFun$1.invokeSuspend(ChannelFlow.kt:56)] [kotlin.coroutines.jvm.internal.BaseContinuationImpl.resumeWith(ContinuationImpl.kt:34)] [kotlinx.coroutines.DispatchedTask.run(DispatchedTask.kt:100)] [androidx.work.impl.utils.SerialExecutorImpl$Task.run(SerialExecutorImpl.java:96)] [java.util.concurrent.ThreadPoolExecutor.runWorker(ThreadPoolExecutor.java:1145)] [java.util.concurrent.ThreadPoolExecutor$Worker.run(ThreadPoolExecutor.java:644)] [java.lang.Thread.run(Thread.java:1012)]
10-05 14:03:05.789 29946 29986 I WM-Processor: Moving WorkSpec (a9bc0eab-d9a5-4d32-acf6-c50d60787a98) to the foreground
10-05 14:03:05.789 29946 30036 D WM-WorkConstraintsTrack: NetworkRequestConstraintController onCapabilitiesChanged callback
10-05 14:03:05.790 29946 30036 D WM-WorkConstraintsTrack: Not dispatching constraint state yet: isBlocked=null, capabilitiesInitialized=true
10-05 14:03:05.790 29946 30036 D WM-WorkConstraintsTrack: NetworkRequestConstraintController onBlockedStatusChanged callback false
10-05 14:03:05.791 29946 29946 I WM-SystemFgDispatcher: Started foreground service Intent { act=ACTION_START_FOREGROUND cmp=com.negi.survey/androidx.work.impl.foreground.SystemForegroundService (has extras) }
10-05 14:03:05.791 29946 29946 D WM-SystemFgDispatcher: Notifying with (id:3557, workSpecId: a9bc0eab-d9a5-4d32-acf6-c50d60787a98, notificationType :1)
10-05 14:03:05.792 29946 29946 D WM-SystemFgDispatcher: Notifying with (id:3557, workSpecId: a9bc0eab-d9a5-4d32-acf6-c50d60787a98, notificationType :1)
10-05 14:03:05.793 29946 29946 I NotificationManager: com.negi.survey: notify(3557, null, Notification(channel=uploads shortcut=null contentView=null vibrate=null sound=null defaults=0 flags=ONGOING_EVENT|ONLY_ALERT_ONCE color=0x00000000 category=progress vis=PRIVATE semFlags=0x0 semPriority=0 semMissedCount=0)) as user
10-05 14:03:05.793 29946 29946 D NotificationManager: BOOTING pkg =com.negi.survey mBlockedChannelsForOverflowNoti=[]
10-05 14:03:05.794 29946 29986 D WM-PackageManagerHelper: androidx.work.impl.background.systemalarm.RescheduleReceiver enabled
10-05 14:03:05.794 29946 29986 I WM-Processor: Moving WorkSpec (ac78f9cd-2706-4f4b-83b9-a7278713c3a6) to the foreground
10-05 14:03:05.795 29946 29946 I WM-SystemFgDispatcher: Started foreground service Intent { act=ACTION_START_FOREGROUND cmp=com.negi.survey/androidx.work.impl.foreground.SystemForegroundService (has extras) }
10-05 14:03:05.795 29946 29946 D WM-SystemFgDispatcher: Notifying with (id:3831, workSpecId: ac78f9cd-2706-4f4b-83b9-a7278713c3a6, notificationType :1)
10-05 14:03:05.795 29946 29946 I NotificationManager: com.negi.survey: notify(3831, null, Notification(channel=uploads shortcut=null contentView=null vibrate=null sound=null defaults=0 flags=ONGOING_EVENT|ONLY_ALERT_ONCE color=0x00000000 category=progress vis=PRIVATE semFlags=0x0 semPriority=0 semMissedCount=0)) as user
10-05 14:03:05.795 29946 29946 D WM-SystemFgDispatcher: Notifying with (id:3831, workSpecId: ac78f9cd-2706-4f4b-83b9-a7278713c3a6, notificationType :1)
10-05 14:03:05.795 29946 29946 I NotificationManager: com.negi.survey: notify(3831, null, Notification(channel=uploads shortcut=null contentView=null vibrate=null sound=null defaults=0 flags=ONGOING_EVENT|ONLY_ALERT_ONCE color=0x00000000 category=progress vis=PRIVATE semFlags=0x0 semPriority=0 semMissedCount=0)) as user
10-05 14:03:05.796 29946 29986 D WM-WorkProgressUpdater: Updating progress for a9bc0eab-d9a5-4d32-acf6-c50d60787a98 (Data {pct : 3, mode : startup_runtime_logs})
10-05 14:03:05.797 29946 29986 I WM-Processor: Moving WorkSpec (a9bc0eab-d9a5-4d32-acf6-c50d60787a98) to the foreground
10-05 14:03:05.797 29946 29946 D WM-SystemFgDispatcher: Notifying with (id:3557, workSpecId: a9bc0eab-d9a5-4d32-acf6-c50d60787a98, notificationType :1)
10-05 14:03:05.797 29946 29946 I NotificationManager: com.negi.survey: notify(3557, null, Notification(channel=uploads shortcut=null contentView=null vibrate=null sound=null defaults=0 flags=ONGOING_EVENT|ONLY_ALERT_ONCE color=0x00000000 category=progress vis=PRIVATE semFlags=0x0 semPriority=0 semMissedCount=0)) as user
10-05 14:03:05.797 29946 29986 D WM-WorkProgressUpdater: Updating progress for ac78f9cd-2706-4f4b-83b9-a7278713c3a6 (Data {pct : 3, mode : startup_ring_logs})
10-05 14:03:05.798 29946 29986 I WM-Processor: Moving WorkSpec (ac78f9cd-2706-4f4b-83b9-a7278713c3a6) to the foreground
10-05 14:03:05.798 29946 29946 D WM-SystemFgDispatcher: Notifying with (id:3831, workSpecId: ac78f9cd-2706-4f4b-83b9-a7278713c3a6, notificationType :1)
10-05 14:03:05.798 29946 29946 I NotificationManager: com.negi.survey: notify(3831, null, Notification(channel=uploads shortcut=null contentView=null vibrate=null sound=null defaults=0 flags=ONGOING_EVENT|ONLY_ALERT_ONCE color=0x00000000 category=progress vis=PRIVATE semFlags=0x0 semPriority=0 semMissedCount=0)) as user
10-05 14:03:05.798 29946 29986 D WM-GreedyScheduler: Constraints met: Scheduling work ID WorkGenerationalId(workSpecId=a9bc0eab-d9a5-4d32-acf6-c50d60787a98, generation=0)
10-05 14:03:05.798 29946 29986 D WM-GreedyScheduler: Constraints met: Scheduling work ID WorkGenerationalId(workSpecId=ac78f9cd-2706-4f4b-83b9-a7278713c3a6, generation=0)
10-05 14:03:05.799 29946 29986 D WM-Processor: Work WorkGenerationalId(workSpecId=a9bc0eab-d9a5-4d32-acf6-c50d60787a98, generation=0) is already enqueued for processing
10-05 14:03:05.799 29946 29986 D WM-Processor: Work WorkGenerationalId(workSpecId=ac78f9cd-2706-4f4b-83b9-a7278713c3a6, generation=0) is already enqueued for processing
10-05 14:03:05.800 29946 29986 D WM-WorkConstraintsTrack: NetworkRequestConstraintController send initial capabilities
10-05 14:03:05.800 29946 29986 D WM-WorkConstraintsTrack: NetworkRequestConstraintController send initial capabilities
