=== Previous Session Logcat ===
captured_time_utc=20261008_163454
captured_time_local=20261008_093454
marker=2026-10-08 09:30:46.367
preferred_prev_pid=-1
note=best-effort; buffers may be overwritten before next start
sdk=36
device=samsung SM-S931U1
appId=com.negi.survey
versionName=0.0.1
versionCode=105

=== Logcat (since marker) ===
--------- beginning of main
10-08 09:30:46.367 31870 31951 D CrashCapture: prevSessionLogcat: no marker yet; skipping.
10-08 09:30:46.371 31870 31906 D WM-SystemJobScheduler: Scheduling work ID afef3d00-b94d-478b-b8bf-58f6c7618a8fJob ID 0
10-08 09:30:46.373 31870 31951 D CrashCapture: Persisted logcat marker for next run: 2026-10-08 09:30:46.367
10-08 09:30:46.373 31870 31951 D CrashCapture: No crash artifacts found; skipping enqueue. where=SurveyApp:enqueuePending(immediate):bg
10-08 09:30:46.373 31870 31906 D WM-GreedyScheduler: Starting tracking for afef3d00-b94d-478b-b8bf-58f6c7618a8f
10-08 09:30:46.376 31870 31870 D WM-SystemJobService: onStartJob for WorkGenerationalId(workSpecId=afef3d00-b94d-478b-b8bf-58f6c7618a8f, generation=0)
10-08 09:30:46.378 31870 31906 D WM-SystemJobScheduler: Scheduling work ID ea8aa8a9-22ed-4190-ba96-dfbe17f74b34Job ID 1
10-08 09:30:46.380 31870 31870 D WM-SystemJobService: onStartJob for WorkGenerationalId(workSpecId=ea8aa8a9-22ed-4190-ba96-dfbe17f74b34, generation=0)
10-08 09:30:46.380 31870 31906 D WM-GreedyScheduler: Starting tracking for ea8aa8a9-22ed-4190-ba96-dfbe17f74b34,afef3d00-b94d-478b-b8bf-58f6c7618a8f
10-08 09:30:46.383 31870 31906 D WM-Processor: Processor: processing WorkGenerationalId(workSpecId=afef3d00-b94d-478b-b8bf-58f6c7618a8f, generation=0)
10-08 09:30:46.384 31870 31906 D WM-Processor: Processor: processing WorkGenerationalId(workSpecId=ea8aa8a9-22ed-4190-ba96-dfbe17f74b34, generation=0)
10-08 09:30:46.387 31870 31870 D WM-WorkerWrapper: Starting work for com.negi.survey.net.GitHubUploadWorker
10-08 09:30:46.388 31870 31870 D WM-WorkerWrapper: Starting work for com.negi.survey.net.GitHubUploadWorker
10-08 09:30:46.389 31870 31906 D WM-WorkConstraintsTrack: NetworkRequestConstraintController register shared callback
10-08 09:30:46.389 31870 31906 D ConnectivityManager: StackLog: [android.net.ConnectivityManager.sendRequestForNetwork(ConnectivityManager.java:4698)] [android.net.ConnectivityManager.sendRequestForNetwork(ConnectivityManager.java:4867)] [android.net.ConnectivityManager.registerDefaultNetworkCallbackForUid(ConnectivityManager.java:5427)] [android.net.ConnectivityManager.registerDefaultNetworkCallback(ConnectivityManager.java:5395)] [android.net.ConnectivityManager.registerDefaultNetworkCallback(ConnectivityManager.java:5369)] [androidx.work.impl.constraints.SharedNetworkCallback.addCallback(WorkConstraintsTracker.kt:362)] [androidx.work.impl.constraints.NetworkRequestConstraintController$track$1.invokeSuspend(WorkConstraintsTracker.kt:179)] [androidx.work.impl.constraints.NetworkRequestConstraintController$track$1.invoke(WorkConstraintsTracker.kt:8)] [androidx.work.impl.constraints.NetworkRequestConstraintController$track$1.invoke(WorkConstraintsTracker.kt:4)] [kotlinx.coroutines.flow.ChannelFlowBuilder.collectTo$suspendImpl(Builders.kt:316)] [kotlinx.coroutines.flow.ChannelFlowBuilder.collectTo(Builders.kt:0)] [kotlinx.coroutines.flow.CallbackFlowBuilder.collectTo(Builders.kt:330)] [kotlinx.coroutines.flow.internal.ChannelFlow$collectToFun$1.invokeSuspend(ChannelFlow.kt:56)] [kotlin.coroutines.jvm.internal.BaseContinuationImpl.resumeWith(ContinuationImpl.kt:34)] [kotlinx.coroutines.DispatchedTask.run(DispatchedTask.kt:100)] [androidx.work.impl.utils.SerialExecutorImpl$Task.run(SerialExecutorImpl.java:96)] [java.util.concurrent.ThreadPoolExecutor.runWorker(ThreadPoolExecutor.java:1100)] [java.util.concurrent.ThreadPoolExecutor$Worker.run(ThreadPoolExecutor.java:624)] [java.lang.Thread.run(Thread.java:1571)]
10-08 09:30:46.391 31870 31952 D WM-WorkConstraintsTrack: NetworkRequestConstraintController onCapabilitiesChanged callback
10-08 09:30:46.391 31870 31952 D WM-WorkConstraintsTrack: Not dispatching constraint state yet: isBlocked=null, capabilitiesInitialized=true
10-08 09:30:46.391 31870 31952 D WM-WorkConstraintsTrack: NetworkRequestConstraintController onBlockedStatusChanged callback false
10-08 09:30:46.391 31870 31906 D WM-PackageManagerHelper: androidx.work.impl.background.systemalarm.RescheduleReceiver enabled
10-08 09:30:46.392 31870 31906 I WM-Processor: Moving WorkSpec (ea8aa8a9-22ed-4190-ba96-dfbe17f74b34) to the foreground
10-08 09:30:46.395 31870 31870 I WM-SystemFgDispatcher: Started foreground service Intent { act=ACTION_START_FOREGROUND xflg=0x4 cmp=com.negi.survey/androidx.work.impl.foreground.SystemForegroundService (has extras) }
10-08 09:30:46.395 31870 31870 D WM-SystemFgDispatcher: Notifying with (id:3988, workSpecId: ea8aa8a9-22ed-4190-ba96-dfbe17f74b34, notificationType :1)
10-08 09:30:46.396 31870 31906 I WM-Processor: Moving WorkSpec (afef3d00-b94d-478b-b8bf-58f6c7618a8f) to the foreground
10-08 09:30:46.396 31870 31870 D WM-SystemFgDispatcher: Notifying with (id:3988, workSpecId: ea8aa8a9-22ed-4190-ba96-dfbe17f74b34, notificationType :1)
--------- beginning of system
10-08 09:30:46.396 31870 31870 I NotificationManager: com.negi.survey: notify(3988, null, Notification(channel=uploads shortcut=null contentView=null vibrate=null sound=null defaults=0 flags=ONGOING_EVENT|ONLY_ALERT_ONCE color=0x00000000 category=progress vis=PRIVATE semFlags=0x0 semPriority=0 semMissedCount=0 semScenarioType=0)) as user
10-08 09:30:46.396 31870 31870 D NotificationManager: BOOTING pkg =com.negi.survey mBlockedChannelsForOverflowNoti=[]
10-08 09:30:46.398 31870 31870 I WM-SystemFgDispatcher: Started foreground service Intent { act=ACTION_START_FOREGROUND xflg=0x4 cmp=com.negi.survey/androidx.work.impl.foreground.SystemForegroundService (has extras) }
10-08 09:30:46.398 31870 31870 D WM-SystemFgDispatcher: Notifying with (id:7540, workSpecId: afef3d00-b94d-478b-b8bf-58f6c7618a8f, notificationType :1)
10-08 09:30:46.398 31870 31870 I NotificationManager: com.negi.survey: notify(7540, null, Notification(channel=uploads shortcut=null contentView=null vibrate=null sound=null defaults=0 flags=ONGOING_EVENT|ONLY_ALERT_ONCE color=0x00000000 category=progress vis=PRIVATE semFlags=0x0 semPriority=0 semMissedCount=0 semScenarioType=0)) as user
10-08 09:30:46.398 31870 31906 D WM-WorkProgressUpdater: Updating progress for ea8aa8a9-22ed-4190-ba96-dfbe17f74b34 (Data {pct : 3, mode : startup_ring_logs})
10-08 09:30:46.399 31870 31870 D WM-SystemFgDispatcher: Notifying with (id:7540, workSpecId: afef3d00-b94d-478b-b8bf-58f6c7618a8f, notificationType :1)
10-08 09:30:46.399 31870 31906 I WM-Processor: Moving WorkSpec (ea8aa8a9-22ed-4190-ba96-dfbe17f74b34) to the foreground
10-08 09:30:46.399 31870 31870 I NotificationManager: com.negi.survey: notify(7540, null, Notification(channel=uploads shortcut=null contentView=null vibrate=null sound=null defaults=0 flags=ONGOING_EVENT|ONLY_ALERT_ONCE color=0x00000000 category=progress vis=PRIVATE semFlags=0x0 semPriority=0 semMissedCount=0 semScenarioType=0)) as user
10-08 09:30:46.400 31870 31906 D WM-WorkProgressUpdater: Updating progress for afef3d00-b94d-478b-b8bf-58f6c7618a8f (Data {pct : 3, mode : startup_runtime_logs})
10-08 09:30:46.400 31870 31870 D WM-SystemFgDispatcher: Notifying with (id:3988, workSpecId: ea8aa8a9-22ed-4190-ba96-dfbe17f74b34, notificationType :1)
10-08 09:30:46.400 31870 31870 I NotificationManager: com.negi.survey: notify(3988, null, Notification(channel=uploads shortcut=null contentView=null vibrate=null sound=null defaults=0 flags=ONGOING_EVENT|ONLY_ALERT_ONCE color=0x00000000 category=progress vis=PRIVATE semFlags=0x0 semPriority=0 semMissedCount=0 semScenarioType=0)) as user
10-08 09:30:46.400 31870 31906 I WM-Processor: Moving WorkSpec (afef3d00-b94d-478b-b8bf-58f6c7618a8f) to the foreground
10-08 09:30:46.401 31870 31906 D WM-GreedyScheduler: Constraints met: Scheduling work ID WorkGenerationalId(workSpecId=afef3d00-b94d-478b-b8bf-58f6c7618a8f, generation=0)
10-08 09:30:46.401 31870 31870 D WM-SystemFgDispatcher: Notifying with (id:7540, workSpecId: afef3d00-b94d-478b-b8bf-58f6c7618a8f, notificationType :1)
10-08 09:30:46.401 31870 31901 D WM-GreedyScheduler: Constraints met: Scheduling work ID WorkGenerationalId(workSpecId=ea8aa8a9-22ed-4190-ba96-dfbe17f74b34, generation=0)
10-08 09:30:46.401 31870 31870 I NotificationManager: com.negi.survey: notify(7540, null, Notification(channel=uploads shortcut=null contentView=null vibrate=null sound=null defaults=0 flags=ONGOING_EVENT|ONLY_ALERT_ONCE color=0x00000000 category=progress vis=PRIVATE semFlags=0x0 semPriority=0 semMissedCount=0 semScenarioType=0)) as user
10-08 09:30:46.403 31870 31901 D WM-Processor: Work WorkGenerationalId(workSpecId=afef3d00-b94d-478b-b8bf-58f6c7618a8f, generation=0) is already enqueued for processing
10-08 09:30:46.403 31870 31901 D WM-Processor: Work WorkGenerationalId(workSpecId=ea8aa8a9-22ed-4190-ba96-dfbe17f74b34, generation=0) is already enqueued for processing
10-08 09:30:46.404 31870 31901 D WM-WorkConstraintsTrack: NetworkRequestConstraintController send initial capabilities
10-08 09:30:46.404 31870 31901 D WM-WorkConstraintsTrack: NetworkRequestConstraintController send initial capabilities
10-08 09:30:46.756 31870 31870 I VRI[MainActivity]@8ad27a4: ViewPostIme pointer 0
10-08 09:30:46.839 31870 31870 I VRI[MainActivity]@8ad27a4: ViewPostIme pointer 1
10-08 09:30:46.840 31870 31870 D MainActivity: Intro -> Start session. epoch=1, file=survey_config_sw_10.yaml
10-08 09:30:46.862 31870 31870 I View    : setRequestedFrameRate frameRate=-4.0, this=android.view.View{1eaabbd V.ED..... ........ 0,0-0,0}, caller=androidx.compose.ui.platform.Api35Impl.setRequestedFrameRate:4047 androidx.compose.ui.platform.AndroidComposeView.dispatchDraw:2282 android.view.View.draw:26758 android.view.View.updateDisplayListIfDirty:25577 android.view.View.draw:26477 
10-08 09:30:46.865 31870 31886 I AdrenoVK-0: Shader compilation failed for shaderType: 0
10-08 09:30:46.865 31870 31886 I AdrenoVK-0: Pipeline create failed
10-08 09:30:46.869 31870 31870 I View    : setRequestedFrameRate frameRate=NaN, this=android.view.View{1eaabbd V.ED..... ........ 0,0-0,0}, caller=androidx.compose.ui.platform.Api35Impl.setRequestedFrameRate:4047 androidx.compose.ui.platform.AndroidComposeView.dispatchDraw:2282 android.view.View.draw:26758 android.view.View.updateDisplayListIfDirty:25577 android.view.ViewGroup.recreateChildDisplayList:4881 
10-08 09:30:46.878 31870 31886 I AdrenoVK-0: Shader compilation failed for shaderType: 0
10-08 09:30:46.879 31870 31886 I AdrenoVK-0: Pipeline create failed
10-08 09:30:46.888 31870 31886 I AdrenoVK-0: Shader compilation failed for shaderType: 0
10-08 09:30:46.888 31870 31886 I AdrenoVK-0: Pipeline create failed
10-08 09:30:46.895 31870 31886 I AdrenoVK-0: Shader compilation failed for shaderType: 4
10-08 09:30:46.895 31870 31886 I AdrenoVK-0: Pipeline create failed
10-08 09:30:46.899 31870 31870 D MainActivity: Config loaded. session=survey_config_sw_10.yaml@1
10-08 09:30:46.899 31870 31886 I AdrenoVK-0: Shader compilation failed for shaderType: 0
10-08 09:30:46.899 31870 31886 I AdrenoVK-0: Pipeline create failed
10-08 09:30:46.906 31870 31870 D MainActivity: DownloadGate idle -> start download. session=survey_config_sw_10.yaml@1
10-08 09:30:46.913 31870 31898 I HeavyInitializer: phase=download-start file=gemma-3n-E4B-it-int4.litertlm forceFresh=false
10-08 09:30:46.924 31870 31870 I View    : setRequestedFrameRate frameRate=-4.0, this=android.view.View{1eaabbd V.ED..... ........ 0,0-0,0}, caller=androidx.compose.ui.platform.Api35Impl.setRequestedFrameRate:4047 androidx.compose.ui.platform.AndroidComposeView.dispatchDraw:2282 android.view.View.draw:26758 android.view.View.updateDisplayListIfDirty:25577 android.view.View.draw:26477 
10-08 09:30:46.936 31870 31870 I View    : setRequestedFrameRate frameRate=NaN, this=android.view.View{1eaabbd V.ED..... ........ 0,0-0,0}, caller=androidx.compose.ui.platform.Api35Impl.setRequestedFrameRate:4047 androidx.compose.ui.platform.AndroidComposeView.dispatchDraw:2282 android.view.View.draw:26758 android.view.View.updateDisplayListIfDirty:25577 android.view.ViewGroup.recreateChildDisplayList:4881 
10-08 09:30:47.110 31870 31911 D github_upload: doRingLogsUpload: remoteBaseDir=diagnostics/applog_ring/2026-10-08/applog_ring_startup_ring_20261008_163046_598ad38d_app_start segs=1 bytes=416 source=/data/user/0/com.negi.survey/files/diagnostics/applog_ring snapshot=/data/user/0/com.negi.survey/cache/diagnostics_ring_upload/startup_ring_20261008_163046_598ad38d
10-08 09:30:47.111 31870 31911 D GitHubUploader: uploadStream: owner=ishizuki-tech repo=SurveyExports branch=main path=diagnostics/applog_ring/2026-10-08/applog_ring_startup_ring_20261008_163046_598ad38d_app_start/seg_00.log size=416 maxRawBytesHint=1000000 maxRequestBytesHint=2800000
10-08 09:30:47.112 31870 31908 D WM-WorkProgressUpdater: Updating progress for ea8aa8a9-22ed-4190-ba96-dfbe17f74b34 (Data {pct : 10, mode : startup_ring_logs})
10-08 09:30:47.117 31870 31908 I WM-Processor: Moving WorkSpec (ea8aa8a9-22ed-4190-ba96-dfbe17f74b34) to the foreground
10-08 09:30:47.121 31870 31870 D WM-SystemFgDispatcher: Notifying with (id:3988, workSpecId: ea8aa8a9-22ed-4190-ba96-dfbe17f74b34, notificationType :1)
10-08 09:30:47.121 31870 31870 I NotificationManager: com.negi.survey: notify(3988, null, Notification(channel=uploads shortcut=null contentView=null vibrate=null sound=null defaults=0 flags=ONGOING_EVENT|ONLY_ALERT_ONCE color=0x00000000 category=progress vis=PRIVATE semFlags=0x0 semPriority=0 semMissedCount=0 semScenarioType=0)) as user
10-08 09:30:47.394 31870 31901 D WM-WorkProgressUpdater: Updating progress for ea8aa8a9-22ed-4190-ba96-dfbe17f74b34 (Data {pct : 19, mode : startup_ring_logs})
10-08 09:30:47.401 31870 31901 I WM-Processor: Moving WorkSpec (ea8aa8a9-22ed-4190-ba96-dfbe17f74b34) to the foreground
10-08 09:30:47.405 31870 31901 D WM-WorkProgressUpdater: Updating progress for ea8aa8a9-22ed-4190-ba96-dfbe17f74b34 (Data {pct : 91, mode : startup_ring_logs})
10-08 09:30:47.406 31870 31870 D WM-SystemFgDispatcher: Notifying with (id:3988, workSpecId: ea8aa8a9-22ed-4190-ba96-dfbe17f74b34, notificationType :1)
10-08 09:30:47.406 31870 31870 I NotificationManager: com.negi.survey: notify(3988, null, Notification(channel=uploads shortcut=null contentView=null vibrate=null sound=null defaults=0 flags=ONGOING_EVENT|ONLY_ALERT_ONCE color=0x00000000 category=progress vis=PRIVATE semFlags=0x0 semPriority=0 semMissedCount=0 semScenarioType=0)) as user
10-08 09:30:47.409 31870 31906 I WM-Processor: Moving WorkSpec (ea8aa8a9-22ed-4190-ba96-dfbe17f74b34) to the foreground
10-08 09:30:47.412 31870 31870 D WM-SystemFgDispatcher: Notifying with (id:3988, workSpecId: ea8aa8a9-22ed-4190-ba96-dfbe17f74b34, notificationType :1)
10-08 09:30:47.412 31870 31870 I NotificationManager: com.negi.survey: notify(3988, null, Notification(channel=uploads shortcut=null contentView=null vibrate=null sound=null defaults=0 flags=ONGOING_EVENT|ONLY_ALERT_ONCE color=0x00000000 category=progress vis=PRIVATE semFlags=0x0 semPriority=0 semMissedCount=0 semScenarioType=0)) as user
10-08 09:30:47.606 31870 31883 D RuntimeLogStore: openWriter: rotate:plain_snapshot:app_start -> /data/user/0/com.negi.survey/files/diagnostics/runtime_logs/rtlog_20261008_163047_606_pid31870_seq2.log (bytes=0 format=LEGACY)
10-08 09:30:47.607 31870 31883 D RuntimeLogStore: retention: rotate:plain_snapshot:app_start files=2 kept=2 totalBytes=3496
10-08 09:30:47.609 31870 31870 I View    : setRequestedFrameRate frameRate=-4.0, this=android.view.View{1eaabbd V.ED..... ........ 0,0-0,0}, caller=androidx.compose.ui.platform.Api35Impl.setRequestedFrameRate:4047 androidx.compose.ui.platform.AndroidComposeView.dispatchDraw:2282 android.view.View.draw:26758 android.view.View.updateDisplayListIfDirty:25577 android.view.ViewGroup.recreateChildDisplayList:4881 
10-08 09:30:47.614 31870 31900 D github_upload: doRuntimeLogsUpload: remoteBaseDir=diagnostics/runtime_logs/2026-10-08/runtime_logs_startup_runtime_20261008_163046_caf1c1aa_app_start toUpload=2 bytes=4156 dedupe=true deleteSource=true deletedSourcePre=0 preview='plain_logs_manifest_20261008_163047_608_pid31870_app_start.json|runtime_log_20261008_163047_608_pid31870_app_start__rtlog_20261008_163043_845_pid31870_seq1.log'
10-08 09:30:47.614 31870 31900 D GitHubUploader: uploadStream: owner=ishizuki-tech repo=SurveyExports branch=main path=diagnostics/runtime_logs/2026-10-08/runtime_logs_startup_runtime_20261008_163046_caf1c1aa_app_start/plain_logs_manifest_20261008_163047_608_pid31870_app_start.json size=986 maxRawBytesHint=1000000 maxRequestBytesHint=2800000
10-08 09:30:47.614 31870 31906 D WM-WorkProgressUpdater: Updating progress for afef3d00-b94d-478b-b8bf-58f6c7618a8f (Data {pct : 10, mode : startup_runtime_logs})
10-08 09:30:47.618 31870 31906 I WM-Processor: Moving WorkSpec (afef3d00-b94d-478b-b8bf-58f6c7618a8f) to the foreground
10-08 09:30:47.620 31870 31870 D WM-SystemFgDispatcher: Notifying with (id:7540, workSpecId: afef3d00-b94d-478b-b8bf-58f6c7618a8f, notificationType :1)
10-08 09:30:47.620 31870 31870 I NotificationManager: com.negi.survey: notify(7540, null, Notification(channel=uploads shortcut=null contentView=null vibrate=null sound=null defaults=0 flags=ONGOING_EVENT|ONLY_ALERT_ONCE color=0x00000000 category=progress vis=PRIVATE semFlags=0x0 semPriority=0 semMissedCount=0 semScenarioType=0)) as user
10-08 09:30:47.835 31870 31908 D WM-WorkProgressUpdater: Updating progress for afef3d00-b94d-478b-b8bf-58f6c7618a8f (Data {pct : 14, mode : startup_runtime_logs})
10-08 09:30:47.840 31870 31908 I WM-Processor: Moving WorkSpec (afef3d00-b94d-478b-b8bf-58f6c7618a8f) to the foreground
10-08 09:30:47.844 31870 31870 D WM-SystemFgDispatcher: Notifying with (id:7540, workSpecId: afef3d00-b94d-478b-b8bf-58f6c7618a8f, notificationType :1)
10-08 09:30:47.844 31870 31908 D WM-WorkProgressUpdater: Updating progress for afef3d00-b94d-478b-b8bf-58f6c7618a8f (Data {pct : 46, mode : startup_runtime_logs})
10-08 09:30:47.844 31870 31870 I NotificationManager: com.negi.survey: notify(7540, null, Notification(channel=uploads shortcut=null contentView=null vibrate=null sound=null defaults=0 flags=ONGOING_EVENT|ONLY_ALERT_ONCE color=0x00000000 category=progress vis=PRIVATE semFlags=0x0 semPriority=0 semMissedCount=0 semScenarioType=0)) as user
10-08 09:30:47.848 31870 31908 I WM-Processor: Moving WorkSpec (afef3d00-b94d-478b-b8bf-58f6c7618a8f) to the foreground
10-08 09:30:47.851 31870 31870 D WM-SystemFgDispatcher: Notifying with (id:7540, workSpecId: afef3d00-b94d-478b-b8bf-58f6c7618a8f, notificationType :1)
10-08 09:30:47.851 31870 31870 I NotificationManager: com.negi.survey: notify(7540, null, Notification(channel=uploads shortcut=null contentView=null vibrate=null sound=null defaults=0 flags=ONGOING_EVENT|ONLY_ALERT_ONCE color=0x00000000 category=progress vis=PRIVATE semFlags=0x0 semPriority=0 semMissedCount=0 semScenarioType=0)) as user
10-08 09:30:48.388 31870 31870 I View    : setRequestedFrameRate frameRate=NaN, this=android.view.View{1eaabbd V.ED..... ........ 0,0-0,0}, caller=androidx.compose.ui.platform.Api35Impl.setRequestedFrameRate:4047 androidx.compose.ui.platform.AndroidComposeView.dispatchDraw:2282 android.view.View.draw:26758 android.view.View.updateDisplayListIfDirty:25577 android.view.ViewGroup.recreateChildDisplayList:4881 
10-08 09:30:48.589 31870 31908 D WM-WorkProgressUpdater: Updating progress for ea8aa8a9-22ed-4190-ba96-dfbe17f74b34 (Data {pct : 95, mode : startup_ring_logs})
10-08 09:30:48.590 31870 31911 D GitHubUploader: uploadStream: done url=https://github.com/ishizuki-tech/SurveyExports/blob/main/diagnostics/applog_ring/2026-10-08/applog_ring_startup_ring_20261008_163046_598ad38d_app_start/seg_00.log sha=55baa490757540b59aba62f999f908cc08b40b30
10-08 09:30:48.592 31870 31908 I WM-Processor: Moving WorkSpec (ea8aa8a9-22ed-4190-ba96-dfbe17f74b34) to the foreground
10-08 09:30:48.593 31870 31870 D WM-SystemFgDispatcher: Notifying with (id:3988, workSpecId: ea8aa8a9-22ed-4190-ba96-dfbe17f74b34, notificationType :1)
10-08 09:30:48.594 31870 31870 I NotificationManager: com.negi.survey: notify(3988, null, Notification(channel=uploads shortcut=null contentView=null vibrate=null sound=null defaults=0 flags=ONGOING_EVENT|ONLY_ALERT_ONCE color=0x00000000 category=progress vis=PRIVATE semFlags=0x0 semPriority=0 semMissedCount=0 semScenarioType=0)) as user
10-08 09:30:48.594 31870 31908 I WM-Processor: Moving WorkSpec (ea8aa8a9-22ed-4190-ba96-dfbe17f74b34) to the foreground
10-08 09:30:48.596 31870 31908 I WM-WorkerWrapper: Worker result SUCCESS for Work [ id=ea8aa8a9-22ed-4190-ba96-dfbe17f74b34, tags={ com.negi.survey.net.GitHubUploadWorker,github_upload,github_upload:ring_logs } ]
10-08 09:30:48.597 31870 31870 D WM-SystemFgDispatcher: Notifying with (id:3988, workSpecId: ea8aa8a9-22ed-4190-ba96-dfbe17f74b34, notificationType :1)
10-08 09:30:48.597 31870 31870 I NotificationManager: com.negi.survey: notify(3988, null, Notification(channel=uploads shortcut=null contentView=null vibrate=null sound=null defaults=0 flags=ONLY_ALERT_ONCE color=0x00000000 category=progress vis=PRIVATE semFlags=0x0 semPriority=0 semMissedCount=0 semScenarioType=0)) as user
10-08 09:30:48.599 31870 31870 D WM-Processor: Processor ea8aa8a9-22ed-4190-ba96-dfbe17f74b34 executed; reschedule = false
10-08 09:30:48.599 31870 31870 D WM-GreedyScheduler: Stopping tracking for WorkGenerationalId(workSpecId=ea8aa8a9-22ed-4190-ba96-dfbe17f74b34, generation=0)
10-08 09:30:48.600 31870 31870 D WM-SystemJobService: ea8aa8a9-22ed-4190-ba96-dfbe17f74b34 executed on JobScheduler
10-08 09:30:48.601 31870 31870 D WM-SystemFgDispatcher: Removing Notification (id: 3988, workSpecId: WorkGenerationalId(workSpecId=ea8aa8a9-22ed-4190-ba96-dfbe17f74b34, generation=0), notificationType: 1
10-08 09:30:48.602 31870 31908 D WM-GreedyScheduler: Cancelling work ID ea8aa8a9-22ed-4190-ba96-dfbe17f74b34
10-08 09:30:48.603 31870 31870 D WM-SystemJobService: onStopJob for WorkGenerationalId(workSpecId=ea8aa8a9-22ed-4190-ba96-dfbe17f74b34, generation=0)
10-08 09:30:49.296 31870 31976 D ProfileInstaller: Installing profile for com.negi.survey
10-08 09:30:49.841 31870 31870 I VRI[MainActivity]@8ad27a4: call setFrameRateCategory for touch hint category=no preference, reason=boost timeout, vri=VRI[MainActivity]@8ad27a4
10-08 09:30:50.153 31870 31870 W JobService: onNetworkChanged() not implemented in androidx.work.impl.background.systemjob.SystemJobService. Must override in a subclass.
10-08 09:30:50.162 31870 31952 D WM-WorkConstraintsTrack: NetworkRequestConstraintController onCapabilitiesChanged callback
10-08 09:30:50.930 31870 31906 D WM-WorkProgressUpdater: Updating progress for afef3d00-b94d-478b-b8bf-58f6c7618a8f (Data {pct : 48, mode : startup_runtime_logs})
10-08 09:30:50.930 31870 31900 D GitHubUploader: uploadStream: done url=https://github.com/ishizuki-tech/SurveyExports/blob/main/diagnostics/runtime_logs/2026-10-08/runtime_logs_startup_runtime_20261008_163046_caf1c1aa_app_start/plain_logs_manifest_20261008_163047_608_pid31870_app_start.json sha=ab1ef15c04229464e63f6bd7ab4868f5425255f0
10-08 09:30:50.935 31870 31906 I WM-Processor: Moving WorkSpec (afef3d00-b94d-478b-b8bf-58f6c7618a8f) to the foreground
10-08 09:30:50.936 31870 31900 D GitHubUploader: uploadStream: owner=ishizuki-tech repo=SurveyExports branch=main path=diagnostics/runtime_logs/2026-10-08/runtime_logs_startup_runtime_20261008_163046_caf1c1aa_app_start/runtime_log_20261008_163047_608_pid31870_app_start__rtlog_20261008_163043_845_pid31870_seq1.log size=3170 maxRawBytesHint=1000000 maxRequestBytesHint=2800000
10-08 09:30:50.937 31870 31870 D WM-SystemFgDispatcher: Notifying with (id:7540, workSpecId: afef3d00-b94d-478b-b8bf-58f6c7618a8f, notificationType :1)
10-08 09:30:50.937 31870 31870 I NotificationManager: com.negi.survey: notify(7540, null, Notification(channel=uploads shortcut=null contentView=null vibrate=null sound=null defaults=0 flags=ONGOING_EVENT|ONLY_ALERT_ONCE color=0x00000000 category=progress vis=PRIVATE semFlags=0x0 semPriority=0 semMissedCount=0 semScenarioType=0)) as user
10-08 09:30:50.937 31870 31906 D WM-WorkProgressUpdater: Updating progress for afef3d00-b94d-478b-b8bf-58f6c7618a8f (Data {pct : 50, mode : startup_runtime_logs})
10-08 09:30:50.939 31870 31906 I WM-Processor: Moving WorkSpec (afef3d00-b94d-478b-b8bf-58f6c7618a8f) to the foreground
10-08 09:30:50.941 31870 31870 D WM-SystemFgDispatcher: Notifying with (id:7540, workSpecId: afef3d00-b94d-478b-b8bf-58f6c7618a8f, notificationType :1)
10-08 09:30:50.941 31870 31870 I NotificationManager: com.negi.survey: notify(7540, null, Notification(channel=uploads shortcut=null contentView=null vibrate=null sound=null defaults=0 flags=ONGOING_EVENT|ONLY_ALERT_ONCE color=0x00000000 category=progress vis=PRIVATE semFlags=0x0 semPriority=0 semMissedCount=0 semScenarioType=0)) as user
10-08 09:30:51.151 31870 31906 D WM-WorkProgressUpdater: Updating progress for afef3d00-b94d-478b-b8bf-58f6c7618a8f (Data {pct : 54, mode : startup_runtime_logs})
10-08 09:30:51.154 31870 31906 I WM-Processor: Moving WorkSpec (afef3d00-b94d-478b-b8bf-58f6c7618a8f) to the foreground
10-08 09:30:51.156 31870 31906 D WM-WorkProgressUpdater: Updating progress for afef3d00-b94d-478b-b8bf-58f6c7618a8f (Data {pct : 86, mode : startup_runtime_logs})
10-08 09:30:51.157 31870 31870 D WM-SystemFgDispatcher: Notifying with (id:7540, workSpecId: afef3d00-b94d-478b-b8bf-58f6c7618a8f, notificationType :1)
10-08 09:30:51.157 31870 31870 I NotificationManager: com.negi.survey: notify(7540, null, Notification(channel=uploads shortcut=null contentView=null vibrate=null sound=null defaults=0 flags=ONGOING_EVENT|ONLY_ALERT_ONCE color=0x00000000 category=progress vis=PRIVATE semFlags=0x0 semPriority=0 semMissedCount=0 semScenarioType=0)) as user
10-08 09:30:51.158 31870 31906 I WM-Processor: Moving WorkSpec (afef3d00-b94d-478b-b8bf-58f6c7618a8f) to the foreground
10-08 09:30:51.159 31870 31870 D WM-SystemFgDispatcher: Notifying with (id:7540, workSpecId: afef3d00-b94d-478b-b8bf-58f6c7618a8f, notificationType :1)
10-08 09:30:51.160 31870 31870 I NotificationManager: com.negi.survey: notify(7540, null, Notification(channel=uploads shortcut=null contentView=null vibrate=null sound=null defaults=0 flags=ONGOING_EVENT|ONLY_ALERT_ONCE color=0x00000000 category=progress vis=PRIVATE semFlags=0x0 semPriority=0 semMissedCount=0 semScenarioType=0)) as user
10-08 09:30:52.384 31870 31900 D GitHubUploader: uploadStream: done url=https://github.com/ishizuki-tech/SurveyExports/blob/main/diagnostics/runtime_logs/2026-10-08/runtime_logs_startup_runtime_20261008_163046_caf1c1aa_app_start/runtime_log_20261008_163047_608_pid31870_app_start__rtlog_20261008_163043_845_pid31870_seq1.log sha=befdf4b97d6e96e52d68f95057f7a1b45e87c1d8
10-08 09:30:52.384 31870 31906 D WM-WorkProgressUpdater: Updating progress for afef3d00-b94d-478b-b8bf-58f6c7618a8f (Data {pct : 88, mode : startup_runtime_logs})
10-08 09:30:52.387 31870 31906 I WM-Processor: Moving WorkSpec (afef3d00-b94d-478b-b8bf-58f6c7618a8f) to the foreground
10-08 09:30:52.389 31870 31900 D RuntimeLogStore: deleteRolledLogFiles: deleted=1 excludeActive=true active=rtlog_20261008_163047_606_pid31870_seq2.log
10-08 09:30:52.389 31870 31870 D WM-SystemFgDispatcher: Notifying with (id:7540, workSpecId: afef3d00-b94d-478b-b8bf-58f6c7618a8f, notificationType :1)
10-08 09:30:52.389 31870 31870 I NotificationManager: com.negi.survey: notify(7540, null, Notification(channel=uploads shortcut=null contentView=null vibrate=null sound=null defaults=0 flags=ONGOING_EVENT|ONLY_ALERT_ONCE color=0x00000000 category=progress vis=PRIVATE semFlags=0x0 semPriority=0 semMissedCount=0 semScenarioType=0)) as user
10-08 09:30:52.751 31870 31900 D GitHubUploader: uploadStream: owner=ishizuki-tech repo=SurveyExports branch=main path=diagnostics/runtime_logs/2026-10-08/runtime_logs_startup_runtime_20261008_163046_caf1c1aa_app_start/logcat_startup_runtime_20261008_163046_caf1c1aa.log.gz size=9503 maxRawBytesHint=1000000 maxRequestBytesHint=2800000
10-08 09:30:52.751 31870 31908 D WM-WorkProgressUpdater: Updating progress for afef3d00-b94d-478b-b8bf-58f6c7618a8f (Data {pct : 90, mode : startup_runtime_logs})
10-08 09:30:52.753 31870 31908 I WM-Processor: Moving WorkSpec (afef3d00-b94d-478b-b8bf-58f6c7618a8f) to the foreground
10-08 09:30:52.753 31870 31870 D WM-SystemFgDispatcher: Notifying with (id:7540, workSpecId: afef3d00-b94d-478b-b8bf-58f6c7618a8f, notificationType :1)
10-08 09:30:52.754 31870 31870 I NotificationManager: com.negi.survey: notify(7540, null, Notification(channel=uploads shortcut=null contentView=null vibrate=null sound=null defaults=0 flags=ONGOING_EVENT|ONLY_ALERT_ONCE color=0x00000000 category=progress vis=PRIVATE semFlags=0x0 semPriority=0 semMissedCount=0 semScenarioType=0)) as user
10-08 09:30:52.959 31870 31901 D WM-WorkProgressUpdater: Updating progress for afef3d00-b94d-478b-b8bf-58f6c7618a8f (Data {pct : 91, mode : startup_runtime_logs})
10-08 09:30:52.967 31870 31901 I WM-Processor: Moving WorkSpec (afef3d00-b94d-478b-b8bf-58f6c7618a8f) to the foreground
10-08 09:30:52.969 31870 31901 D WM-WorkProgressUpdater: Updating progress for afef3d00-b94d-478b-b8bf-58f6c7618a8f (Data {pct : 97, mode : startup_runtime_logs})
10-08 09:30:52.969 31870 31870 D WM-SystemFgDispatcher: Notifying with (id:7540, workSpecId: afef3d00-b94d-478b-b8bf-58f6c7618a8f, notificationType :1)
10-08 09:30:52.970 31870 31870 I NotificationManager: com.negi.survey: notify(7540, null, Notification(channel=uploads shortcut=null contentView=null vibrate=null sound=null defaults=0 flags=ONGOING_EVENT|ONLY_ALERT_ONCE color=0x00000000 category=progress vis=PRIVATE semFlags=0x0 semPriority=0 semMissedCount=0 semScenarioType=0)) as user
10-08 09:30:52.972 31870 31901 I WM-Processor: Moving WorkSpec (afef3d00-b94d-478b-b8bf-58f6c7618a8f) to the foreground
10-08 09:30:52.973 31870 31870 D WM-SystemFgDispatcher: Notifying with (id:7540, workSpecId: afef3d00-b94d-478b-b8bf-58f6c7618a8f, notificationType :1)
10-08 09:30:52.973 31870 31901 D WM-WorkProgressUpdater: Updating progress for afef3d00-b94d-478b-b8bf-58f6c7618a8f (Data {pct : 99, mode : startup_runtime_logs})
10-08 09:30:52.973 31870 31870 I NotificationManager: com.negi.survey: notify(7540, null, Notification(channel=uploads shortcut=null contentView=null vibrate=null sound=null defaults=0 flags=ONGOING_EVENT|ONLY_ALERT_ONCE color=0x00000000 category=progress vis=PRIVATE semFlags=0x0 semPriority=0 semMissedCount=0 semScenarioType=0)) as user
10-08 09:30:52.975 31870 31901 I WM-Processor: Moving WorkSpec (afef3d00-b94d-478b-b8bf-58f6c7618a8f) to the foreground
10-08 09:30:52.976 31870 31870 D WM-SystemFgDispatcher: Notifying with (id:7540, workSpecId: afef3d00-b94d-478b-b8bf-58f6c7618a8f, notificationType :1)
10-08 09:30:52.976 31870 31870 I NotificationManager: com.negi.survey: notify(7540, null, Notification(channel=uploads shortcut=null contentView=null vibrate=null sound=null defaults=0 flags=ONGOING_EVENT|ONLY_ALERT_ONCE color=0x00000000 category=progress vis=PRIVATE semFlags=0x0 semPriority=0 semMissedCount=0 semScenarioType=0)) as user
10-08 09:30:53.171 31870 31870 W JobService: onNetworkChanged() not implemented in androidx.work.impl.background.systemjob.SystemJobService. Must override in a subclass.
10-08 09:30:53.173 31870 31952 D WM-WorkConstraintsTrack: NetworkRequestConstraintController onCapabilitiesChanged callback
10-08 09:30:54.757 31870 31900 D GitHubUploader: uploadStream: done url=https://github.com/ishizuki-tech/SurveyExports/blob/main/diagnostics/runtime_logs/2026-10-08/runtime_logs_startup_runtime_20261008_163046_caf1c1aa_app_start/logcat_startup_runtime_20261008_163046_caf1c1aa.log.gz sha=e93cd2451b3d4601eae5ad24b0c55ca8c6ec89e7
10-08 09:30:54.759 31870 31901 I WM-Processor: Moving WorkSpec (afef3d00-b94d-478b-b8bf-58f6c7618a8f) to the foreground
10-08 09:30:54.762 31870 31870 D WM-SystemFgDispatcher: Notifying with (id:7540, workSpecId: afef3d00-b94d-478b-b8bf-58f6c7618a8f, notificationType :1)
10-08 09:30:54.762 31870 31901 I WM-WorkerWrapper: Worker result SUCCESS for Work [ id=afef3d00-b94d-478b-b8bf-58f6c7618a8f, tags={ com.negi.survey.net.GitHubUploadWorker,github_upload,github_upload:startup_runtime_logs } ]
10-08 09:30:54.763 31870 31870 I NotificationManager: com.negi.survey: notify(7540, null, Notification(channel=uploads shortcut=null contentView=null vibrate=null sound=null defaults=0 flags=ONLY_ALERT_ONCE color=0x00000000 category=progress vis=PRIVATE semFlags=0x0 semPriority=0 semMissedCount=0 semScenarioType=0)) as user
10-08 09:30:54.766 31870 31870 D WM-Processor: Processor afef3d00-b94d-478b-b8bf-58f6c7618a8f executed; reschedule = false
10-08 09:30:54.767 31870 31870 D WM-GreedyScheduler: Stopping tracking for WorkGenerationalId(workSpecId=afef3d00-b94d-478b-b8bf-58f6c7618a8f, generation=0)
10-08 09:30:54.767 31870 31870 D WM-SystemJobService: afef3d00-b94d-478b-b8bf-58f6c7618a8f executed on JobScheduler
10-08 09:30:54.767 31870 31870 D WM-SystemFgDispatcher: Removing Notification (id: 7540, workSpecId: WorkGenerationalId(workSpecId=afef3d00-b94d-478b-b8bf-58f6c7618a8f, generation=0), notificationType: 1
10-08 09:30:54.768 31870 31870 I WM-SystemFgDispatcher: Stopping foreground service
10-08 09:30:54.768 31870 31870 D WM-SystemFgService: Shutting down.
10-08 09:30:54.770 31870 31901 D WM-GreedyScheduler: Cancelling work ID afef3d00-b94d-478b-b8bf-58f6c7618a8f
10-08 09:30:54.772 31870 31901 D WM-WorkConstraintsTrack: NetworkRequestConstraintController unregister shared callback
10-08 09:30:54.772 31870 31901 D ConnectivityManager: StackLog: [android.net.ConnectivityManager.unregisterNetworkCallback(ConnectivityManager.java:5535)] [androidx.work.impl.constraints.SharedNetworkCallback.addCallback$lambda$9(WorkConstraintsTracker.kt:385)] [androidx.work.impl.constraints.SharedNetworkCallback$$ExternalSyntheticLambda0.invoke(D8$$SyntheticClass:0)] [androidx.work.impl.constraints.NetworkRequestConstraintController$track$1.invokeSuspend$lambda$1(WorkConstraintsTracker.kt:191)] [androidx.work.impl.constraints.NetworkRequestConstraintController$track$1$$ExternalSyntheticLambda1.invoke(D8$$SyntheticClass:0)] [kotlinx.coroutines.channels.ProduceKt.awaitClose(Produce.kt:69)] [kotlinx.coroutines.channels.ProduceKt$awaitClose$1.invokeSuspend(Produce.kt:12)] [kotlin.coroutines.jvm.internal.BaseContinuationImpl.resumeWith(ContinuationImpl.kt:34)] [kotlinx.coroutines.DispatchedTask.run(DispatchedTask.kt:98)] [androidx.work.impl.utils.SerialExecutorImpl$Task.run(SerialExecutorImpl.java:96)] [java.util.concurrent.ThreadPoolExecutor.runWorker(ThreadPoolExecutor.java:1100)] [java.util.concurrent.ThreadPoolExecutor$Worker.run(ThreadPoolExecutor.java:624)] [java.lang.Thread.run(Thread.java:1571)]
10-08 09:30:54.775 31870 31901 D WM-PackageManagerHelper: androidx.work.impl.background.systemalarm.RescheduleReceiver disabled
10-08 09:32:27.862 31870 31870 I View    : setRequestedFrameRate frameRate=-4.0, this=android.view.View{1eaabbd V.ED..... ........ 0,0-0,0}, caller=androidx.compose.ui.platform.Api35Impl.setRequestedFrameRate:4047 androidx.compose.ui.platform.AndroidComposeView.dispatchDraw:2282 android.view.View.draw:26758 android.view.View.updateDisplayListIfDirty:25577 android.view.ViewGroup.recreateChildDisplayList:4881 
10-08 09:32:32.740 31870 31967 I HeavyInitializer: phase=download-complete file=gemma-3n-E4B-it-int4.litertlm bytes=4919541760 downloadMs=105827 totalMs=105828
10-08 09:32:36.167 31870 31967 I PersistentModelStore: persistFromPrivate: persisted gemma-3n-E4B-it-int4.litertlm (4919541760 bytes)
10-08 09:32:36.180 31870 31967 D LiteRtLM: LiteRT-LM native benchmark policy: enabled=false emulator=false
10-08 09:32:36.189 31870 31870 I View    : setRequestedFrameRate frameRate=NaN, this=android.view.View{1eaabbd V.ED..... ........ 0,0-0,0}, caller=androidx.compose.ui.platform.Api35Impl.setRequestedFrameRate:4047 androidx.compose.ui.platform.AndroidComposeView.dispatchDraw:2282 android.view.View.draw:26758 android.view.View.updateDisplayListIfDirty:25577 android.view.ViewGroup.recreateChildDisplayList:4881 
10-08 09:32:36.189 31870 31967 I litert  : [environment.cc:36] Creating LiteRT environment with options
10-08 09:32:36.189 31870 31967 W litert  : [npu_registry.cc:34] NPU accelerator could not be loaded and registered: kLiteRtStatusErrorInvalidArgument.
10-08 09:32:36.189 31870 31967 I litert  : [accelerator_registry.cc:54] RegisterAccelerator: ptr=0xb40000770f44c510, name=LiteRT GPU
10-08 09:32:36.189 31870 31967 I litert  : [gpu_registry.cc:87] Statically linked GPU accelerator registered.
10-08 09:32:36.189 31870 31967 I litert  : [accelerator_registry.cc:54] RegisterAccelerator: ptr=0xb40000770f455ff0, name=CpuAccelerator
10-08 09:32:36.189 31870 31967 I litert  : [cpu_registry.cc:75] XNNPACK CPU accelerator registered.
10-08 09:32:36.314 31870 31967 I litert  : [environment.cc:36] Creating LiteRT environment with options
10-08 09:32:36.314 31870 31967 W litert  : [npu_registry.cc:34] NPU accelerator could not be loaded and registered: kLiteRtStatusErrorInvalidArgument.
10-08 09:32:36.314 31870 31967 I litert  : [accelerator_registry.cc:54] RegisterAccelerator: ptr=0xb40000770f45ac70, name=LiteRT GPU
10-08 09:32:36.314 31870 31967 I litert  : [gpu_registry.cc:87] Statically linked GPU accelerator registered.
10-08 09:32:36.314 31870 31967 I litert  : [accelerator_registry.cc:54] RegisterAccelerator: ptr=0xb40000770f45b930, name=CpuAccelerator
10-08 09:32:36.314 31870 31967 I litert  : [cpu_registry.cc:75] XNNPACK CPU accelerator registered.
10-08 09:32:36.314 31870 31967 W native  : W0000 00:00:1791477156.314218   31967 litert_lm_loader.cc:291] Section not found: 	
10-08 09:32:36.314 31870 31967 W native  : W0000 00:00:1791477156.314287   31967 litert_lm_loader.cc:291] Section not found: 	
10-08 09:32:36.314 31870 31967 I litert  : [compiled_model.cc:833] Flatbuffer model initialized directly from incoming litert model.
10-08 09:32:36.314 31870 31967 I tflite  : Initialized TensorFlow Lite runtime.
10-08 09:32:36.341 31870 31967 W libc    : Access denied finding property "ro.mediatek.platform"
10-08 09:32:36.423 31870 31967 E Adreno-AppProfiles: QSPM AIDL service doesn't exist
10-08 09:32:36.424 31870 31967 I native  : I0000 00:00:1791477156.424123   31967 delegate_opencl.cc:603] options->hint_waiting_for_completion: false
10-08 09:32:36.424 31870 31967 I native  : I0000 00:00:1791477156.424193   31967 delegate_opencl.cc:605] options->kernel_batch_size: -1
10-08 09:32:36.426 31870 31967 I AdrenoGLES-0: QUALCOMM build                   : f61dec9117, I68b0a64d7e
10-08 09:32:36.426 31870 31967 I AdrenoGLES-0: Build Date                       : 03/26/26
10-08 09:32:36.426 31870 31967 I AdrenoGLES-0: OpenGL ES Shader Compiler Version: E031.47.18.50
10-08 09:32:36.426 31870 31967 I AdrenoGLES-0: Local Branch                     : 
10-08 09:32:36.426 31870 31967 I AdrenoGLES-0: Remote Branch                    : refs/tags/AU_LINUX_ANDROID_LA.VENDOR.15.4.0.11.00.00.1088.862
10-08 09:32:36.426 31870 31967 I AdrenoGLES-0: Remote Branch                    : NONE
10-08 09:32:36.426 31870 31967 I AdrenoGLES-0: Reconstruct Branch               : NOTHING
10-08 09:32:36.426 31870 31967 I AdrenoGLES-0: Build Config                     : S P 18.0.0 AArch64
10-08 09:32:36.426 31870 31967 I AdrenoGLES-0: Driver Path                      : /vendor/lib64/egl/libGLESv2_adreno.so
10-08 09:32:36.426 31870 31967 I AdrenoGLES-0: Driver Version                   : 0800.64.7
10-08 09:32:36.426 31870 31967 I AdrenoGLES-0: Process Name                     : com.negi.survey
10-08 09:32:36.431 31870 31967 I AdrenoGLES-0: PFP: 0x01500077, ME: 0x01500014
10-08 09:32:36.433 31870 31967 E Adreno-AppProfiles: QSPM AIDL service doesn't exist
10-08 09:32:36.435 31870 31967 E libEGL  : call to OpenGL ES API with no current context (logged once per thread)
10-08 09:32:36.443 31870 31967 I litert  : [environment.cc:47] Adding options to the existing LiteRT environment
10-08 09:32:36.443 31870 31967 I tflite  : Loaded OpenCL library with dlopen.
10-08 09:32:36.443 31870 31967 I litert  : [gpu_environment.cc:220] Created OpenCL device from provided device id and platform id.
10-08 09:32:36.443 31870 31967 I litert  : [gpu_environment.cc:283] Reusing provided EGL environment.
10-08 09:32:36.443 31870 31967 I litert  : [gpu_environment.h:155] Created LiteRT GpuEnvironment.
10-08 09:32:36.443 31870 31967 I litert  : [environment.cc:47] Adding options to the existing LiteRT environment
10-08 09:32:36.461 31870 31967 I tflite  : Replacing 3326 out of 3326 node(s) with delegate (LITERT_CL) node, yielding 1 partitions for subgraph 0 (decode).
10-08 09:32:37.039 31870 31886 I AdrenoVK-0: Shader compilation failed for shaderType: 0
10-08 09:32:37.039 31870 31886 I AdrenoVK-0: Pipeline create failed
10-08 09:32:44.565 31870 31886 E Fence   : waitForever: Throttling EGL Production: fence 155 didn't signal in 3000 ms
10-08 09:32:44.565 31870 31886 I Fence   : waitForever: fence(kgsl-timeline-kgsl-3d0_27-com.n) status(0)
10-08 09:32:44.565 31870 31886 I Fence   : waitForever: sync point: timeline(kgsl-3d0_27-com.negi.survey(318) drv(kgsl-timeline) status(0) timestamp(0.000000)
10-08 09:32:44.572 31870 31880 E Fence   : waitForever: acquireFence: fence 184 didn't signal in 3000 ms
10-08 09:32:44.572 31870 31880 I Fence   : waitForever: fence(kgsl-timeline-kgsl-3d0_27-com.n) status(0)
10-08 09:32:44.572 31870 31880 I Fence   : waitForever: sync point: timeline(kgsl-3d0_27-com.negi.survey(318) drv(kgsl-timeline) status(0) timestamp(0.000000)
10-08 09:32:44.673 31870 31880 I HWUI    : Davey! duration=3120ms; Flags=0, FrameTimelineVsyncId=2425670, IntendedVsync=156498315979155, Vsync=156498315979155, InputEventId=0, HandleInputStart=156498316185142, AnimationStart=156498316185403, PerformTraversalsStart=156498316399674, DrawStart=156498316408892, FrameDeadline=156498325970960, FrameStartTime=156498316184205, FrameInterval=8330685, WorkloadTarget=8333333, SyncQueued=156498316573424, SyncStart=156498316588528, IssueDrawCommandsStart=156498316599674, SwapBuffers=156498316790142, FrameCompleted=156501436303527, DequeueBufferDuration=2343, QueueBufferDuration=47240, GpuCompleted=156501436303527, SwapBuffersCompleted=156498316856497, DisplayPresentTime=156497341345559, CommandSubmissionCompleted=156498316790142, 
10-08 09:32:44.673 31870 31880 W libbinder.Binder: Binder transaction to android.gui.ITransactionComposerListener code 1 took 3103ms. Data bytes: 500 Reply bytes: 0 Flags: 17
10-08 09:32:44.674 31870 31870 I Choreographer: Skipped 371 frames!  The application may be doing too much work on its main thread.
10-08 09:32:44.677 31870 31967 I native  : I0000 00:00:1791477164.677053   31967 delegate_kernel.cc:330] Total 81 external tensors are used for delegate inputs and outputs
10-08 09:32:44.677 31870 31967 I native  : I0000 00:00:1791477164.677853   31967 delegate_kernel.cc:906] Initializing OpenCL-based API from serialized data.
10-08 09:32:46.571 31870 31967 I tflite  : Replacing 2145 out of 2145 node(s) with delegate (LITERT_CL) node, yielding 1 partitions for subgraph 1 (prefill_16).
10-08 09:32:46.586 31870 31967 I native  : I0000 00:00:1791477166.586814   31967 delegate_kernel.cc:330] Total 80 external tensors are used for delegate inputs and outputs
10-08 09:32:46.586 31870 31967 I native  : I0000 00:00:1791477166.586850   31967 delegate_kernel.cc:906] Initializing OpenCL-based API from serialized data.
10-08 09:32:48.723 31870 31967 I tflite  : Replacing 2145 out of 2145 node(s) with delegate (LITERT_CL) node, yielding 1 partitions for subgraph 2 (prefill_256).
10-08 09:32:48.740 31870 31967 I native  : I0000 00:00:1791477168.740794   31967 delegate_kernel.cc:330] Total 80 external tensors are used for delegate inputs and outputs
10-08 09:32:48.740 31870 31967 I native  : I0000 00:00:1791477168.740833   31967 delegate_kernel.cc:906] Initializing OpenCL-based API from serialized data.
10-08 09:32:49.702 31870 31967 I litert  : [environment.cc:36] Creating LiteRT environment with options
10-08 09:32:49.702 31870 31967 W litert  : [npu_registry.cc:34] NPU accelerator could not be loaded and registered: kLiteRtStatusErrorInvalidArgument.
10-08 09:32:49.702 31870 31967 I litert  : [accelerator_registry.cc:54] RegisterAccelerator: ptr=0xb40000770f45c830, name=LiteRT GPU
10-08 09:32:49.702 31870 31967 I litert  : [gpu_registry.cc:87] Statically linked GPU accelerator registered.
10-08 09:32:49.702 31870 31967 I litert  : [accelerator_registry.cc:54] RegisterAccelerator: ptr=0xb400007710173e30, name=CpuAccelerator
10-08 09:32:49.702 31870 31967 I litert  : [cpu_registry.cc:75] XNNPACK CPU accelerator registered.
10-08 09:32:49.971 31870 31967 W native  : W0000 00:00:1791477169.971096   31967 litert_lm_loader.cc:291] Section not found: 
10-08 09:32:49.971 31870 31967 W native  : W0000 00:00:1791477169.971377   31967 litert_lm_loader.h:129] TFLite model for type: TF_LITE_END_OF_VISION not found. Skipping.
10-08 09:32:49.973 31870 31967 I litert  : [compiled_model.cc:833] Flatbuffer model initialized directly from incoming litert model.
10-08 09:32:49.981 31870 31967 W litert  : [compiled_model.cc:986] You should provide the `DispatchLibraryDir` option to use NPU.
10-08 09:32:49.981 31870 31967 I tflite  : Created TensorFlow Lite XNNPACK delegate for CPU.
10-08 09:32:49.981 31870 31967 I tflite  : Replacing 2 out of 10 node(s) with delegate (TfLiteXNNPackDelegate) node, yielding 2 partitions for subgraph 0 (main).
10-08 09:32:49.983 31870 31967 I litert  : [compiled_model.cc:833] Flatbuffer model initialized directly from incoming litert model.
10-08 09:32:49.983 31870 31967 W litert  : [compiled_model.cc:986] You should provide the `DispatchLibraryDir` option to use NPU.
10-08 09:32:49.983 31870 31967 I litert  : [compiled_model.cc:1790] Tracked constant output tensor eoa_embedding with locked address
10-08 09:32:50.049 31870 31967 I litert  : [compiled_model.cc:833] Flatbuffer model initialized directly from incoming litert model.
10-08 09:32:50.161 31870 31967 W litert  : [compiled_model.cc:986] You should provide the `DispatchLibraryDir` option to use NPU.
10-08 09:32:50.161 31870 31967 I tflite  : Replacing 1 out of 44 node(s) with delegate (TfLiteXNNPackDelegate) node, yielding 2 partitions for subgraph 0 (main).
10-08 09:32:50.167 31870 31967 W LiteRtLM: Engine.initialize completed: key='fs|dev=65096|ino=146525|size=4919541760|mtime=1791477152612' backend=com.google.ai.edge.litertlm.Backend$GPU@cb56dea took=13984ms cacheFilesAfter=2
10-08 09:32:50.228 31870 31870 I View    : setRequestedFrameRate frameRate=-4.0, this=android.view.View{1eaabbd V.ED..... ........ 0,0-0,0}, caller=androidx.compose.ui.platform.Api35Impl.setRequestedFrameRate:4047 androidx.compose.ui.platform.AndroidComposeView.dispatchDraw:2282 android.view.View.draw:26758 android.view.View.updateDisplayListIfDirty:25577 android.view.View.draw:26477 
10-08 09:32:50.228 31870 31870 D MainActivity: SLM Engine warm-up started. session=survey_config_sw_10.yaml@1 model=Gemma3n4B
10-08 09:32:50.229 31870 31870 D MainActivity: SLM Engine warm-up finished. session=survey_config_sw_10.yaml@1 model=Gemma3n4B elapsedMs=1
10-08 09:32:51.455 31870 31870 I VRI[MainActivity]@8ad27a4: ViewPostIme pointer 0
10-08 09:32:51.458 31870 31870 I VRI[MainActivity]@8ad27a4: call setFrameRateCategory for touch hint category=high hint, reason=touch, vri=VRI[MainActivity]@8ad27a4
10-08 09:32:51.471 31870 31870 I View    : setRequestedFrameRate frameRate=NaN, this=android.view.View{1eaabbd V.ED..... ........ 0,0-0,0}, caller=androidx.compose.ui.platform.Api35Impl.setRequestedFrameRate:4047 androidx.compose.ui.platform.AndroidComposeView.dispatchDraw:2282 android.view.View.draw:26758 android.view.View.updateDisplayListIfDirty:25577 android.view.ViewGroup.recreateChildDisplayList:4881 
10-08 09:32:51.480 31870 31886 I AdrenoVK-0: Shader compilation failed for shaderType: 4
10-08 09:32:51.480 31870 31886 I AdrenoVK-0: Pipeline create failed
10-08 09:32:51.509 31870 31870 I VRI[MainActivity]@8ad27a4: ViewPostIme pointer 1
10-08 09:32:51.651 31870 31870 I ImeFocusController: onPreWindowFocus: skipped hasWindowFocus=false mHasImeFocus=true
10-08 09:32:51.652 31870 31870 I ImeFocusController: onPostWindowFocus: skipped hasWindowFocus=false mHasImeFocus=true
10-08 09:32:51.763 31870 31870 D InputTransport: Input channel destroyed: 'ClientS', fd=148
10-08 09:32:52.747 31870 31870 D CrashCapture: install: ensured default handler. where=selfHeal:onActivityResumed pid=31870 default=com.negi.survey.CrashCapture$CrashHandler@8f4ec20
10-08 09:32:52.756 31870 31870 I TextToSpeech: Create TextToSpeech : caller process id[31870] / name[com.negi.survey] / target[null]
10-08 09:32:52.830 31870 31870 I TextToSpeech: com.negi.survey is not allowed to bind to private engine.
10-08 09:32:52.830 31870 31870 I TextToSpeech: getHighestRankedPublicEngineName = com.google.android.tts
10-08 09:32:52.831 31870 31870 I TextToSpeech: Sucessfully bound to com.google.android.tts
10-08 09:32:52.860 31870 31870 I View    : setRequestedFrameRate frameRate=-4.0, this=android.view.View{1eaabbd V.ED..... ........ 0,0-0,0}, caller=androidx.compose.ui.platform.Api35Impl.setRequestedFrameRate:4047 androidx.compose.ui.platform.AndroidComposeView.dispatchDraw:2282 android.view.View.draw:26758 android.view.View.updateDisplayListIfDirty:25577 android.view.View.draw:26477 
10-08 09:32:52.860 31870 31870 I InsetsSourceConsumer: applyRequestedVisibilityToControl: visible=true, type=statusBars, host=com.negi.survey/com.negi.survey.MainActivity
10-08 09:32:52.860 31870 31870 I InsetsSourceConsumer: applyRequestedVisibilityToControl: visible=true, type=navigationBars, host=com.negi.survey/com.negi.survey.MainActivity
10-08 09:32:52.861 31870 31886 I AdrenoVK-0: Shader compilation failed for shaderType: 4
10-08 09:32:52.861 31870 31886 I AdrenoVK-0: Pipeline create failed
10-08 09:32:52.861 31870 31870 D WhisperSpeechController: updateContext: surveyId=e7ceed3d-9688-4c53-b209-b74863639f70, questionId=Start
10-08 09:32:52.862 31870 31870 I View    : setRequestedFrameRate frameRate=NaN, this=android.view.View{1eaabbd V.ED..... ........ 0,0-0,0}, caller=androidx.compose.ui.platform.Api35Impl.setRequestedFrameRate:4047 androidx.compose.ui.platform.AndroidComposeView.dispatchDraw:2282 android.view.View.draw:26758 android.view.View.updateDisplayListIfDirty:25577 android.view.ViewGroup.recreateChildDisplayList:4881 
10-08 09:32:52.874 31870 31870 D VRI[MainActivity]@8ad27a4: mThreadedRenderer.initializeIfNeeded()#2 mSurface={isValid=true 0xb4000076df43c400}
10-08 09:32:52.874 31870 31870 D InputMethodManagerUtils: startInputInner - Id : 0
10-08 09:32:52.874 31870 31870 I InputMethodManager: startInputInner - IInputMethodManagerGlobalInvoker.startInputOrWindowGainedFocus
10-08 09:32:52.876 31870 31870 D InsetsController: hide(ime())
10-08 09:32:52.876 31870 31870 I ImeTracker: com.negi.survey:cadfb0a2: onCancelled at PHASE_CLIENT_ALREADY_HIDDEN
10-08 09:32:52.876 31870 31880 D InputTransport: Input channel constructed: 'ClientS', fd=166
10-08 09:32:53.039 31870 31880 I TextToSpeech: Connected to TTS engine
10-08 09:32:53.537 31870 31887 I TextToSpeech: Setting up the connection to TTS engine...
10-08 09:32:53.552 31870 31870 D TtsController: TextToSpeech ready: locale=sw rate=1.0 pitch=1.0
10-08 09:32:54.539 31870 31870 I VRI[MainActivity]@8ad27a4: call setFrameRateCategory for touch hint category=no preference, reason=boost timeout, vri=VRI[MainActivity]@8ad27a4
10-08 09:32:54.651 31870 31870 I VRI[MainActivity]@8ad27a4: ViewPostIme pointer 0
10-08 09:32:54.653 31870 31870 I VRI[MainActivity]@8ad27a4: call setFrameRateCategory for touch hint category=high hint, reason=touch, vri=VRI[MainActivity]@8ad27a4
10-08 09:32:54.692 31870 31870 I VRI[MainActivity]@8ad27a4: ViewPostIme pointer 1
10-08 09:32:54.693 31870 31870 D WhisperSpeechController: stopRecording: not recording, ignoring
10-08 09:32:54.704 31870 31870 I View    : setRequestedFrameRate frameRate=-4.0, this=android.view.View{1eaabbd V.ED..... ........ 0,0-0,0}, caller=androidx.compose.ui.platform.Api35Impl.setRequestedFrameRate:4047 androidx.compose.ui.platform.AndroidComposeView.dispatchDraw:2282 android.view.View.draw:26758 android.view.View.updateDisplayListIfDirty:25577 android.view.ViewGroup.recreateChildDisplayList:4881 
10-08 09:32:54.705 31870 31870 D MainActivity: Home -> Start survey. session=survey_config_sw_10.yaml@1 freeTextDraftLen=0 (run-scoped)
10-08 09:32:54.706 31870 31870 D MainActivity: Home -> Start survey: runNoteLen=0 (restoredAfterReset)
10-08 09:32:54.709 31870 31886 I AdrenoVK-0: Shader compilation failed for shaderType: 4
10-08 09:32:54.709 31870 31886 I AdrenoVK-0: Pipeline create failed
10-08 09:32:54.711 31870 31870 D WindowOnBackDispatcher: setTopOnBackInvokedCallback (unwrapped): androidx.navigationevent.OnBackInvokedInput$createOnBackAnimationCallback$1@7da581e
10-08 09:32:54.718 31870 31870 D WhisperSpeechController: updateContext: surveyId=28700584-4f5e-4801-ad6e-c45934e2b91a, questionId=Introduction
10-08 09:32:54.738 31870 31870 I View    : setRequestedFrameRate frameRate=NaN, this=android.view.View{1eaabbd V.ED..... ........ 0,0-0,0}, caller=androidx.compose.ui.platform.Api35Impl.setRequestedFrameRate:4047 androidx.compose.ui.platform.AndroidComposeView.dispatchDraw:2282 android.view.View.draw:26758 android.view.View.updateDisplayListIfDirty:25577 android.view.ViewGroup.recreateChildDisplayList:4881 
10-08 09:32:54.749 31870 31886 I AdrenoVK-0: Shader compilation failed for shaderType: 0
10-08 09:32:54.749 31870 31886 I AdrenoVK-0: Pipeline create failed
10-08 09:32:57.696 31870 31870 I VRI[MainActivity]@8ad27a4: call setFrameRateCategory for touch hint category=no preference, reason=boost timeout, vri=VRI[MainActivity]@8ad27a4
10-08 09:33:07.214 31870 31870 I VRI[MainActivity]@8ad27a4: ViewPostIme pointer 0
10-08 09:33:07.218 31870 31870 I VRI[MainActivity]@8ad27a4: call setFrameRateCategory for touch hint category=high hint, reason=touch, vri=VRI[MainActivity]@8ad27a4
10-08 09:33:07.262 31870 31870 I View    : setRequestedFrameRate frameRate=-4.0, this=android.view.View{1eaabbd V.ED..... ........ 0,0-0,0}, caller=androidx.compose.ui.platform.Api35Impl.setRequestedFrameRate:4047 androidx.compose.ui.platform.AndroidComposeView.dispatchDraw:2282 android.view.View.draw:26758 android.view.View.updateDisplayListIfDirty:25577 android.view.ViewGroup.recreateChildDisplayList:4881 
10-08 09:33:07.279 31870 31886 I AdrenoVK-0: Shader compilation failed for shaderType: 4
10-08 09:33:07.279 31870 31886 I AdrenoVK-0: Pipeline create failed
10-08 09:33:07.300 31870 31886 I AdrenoVK-0: Shader compilation failed for shaderType: 0
10-08 09:33:07.300 31870 31886 I AdrenoVK-0: Pipeline create failed
10-08 09:33:07.312 31870 31870 I VRI[MainActivity]@8ad27a4: ViewPostIme pointer 1
10-08 09:33:07.561 31870 31870 I View    : setRequestedFrameRate frameRate=NaN, this=android.view.View{1eaabbd V.ED..... ........ 0,0-0,0}, caller=androidx.compose.ui.platform.Api35Impl.setRequestedFrameRate:4047 androidx.compose.ui.platform.AndroidComposeView.dispatchDraw:2282 android.view.View.draw:26758 android.view.View.updateDisplayListIfDirty:25577 android.view.ViewGroup.recreateChildDisplayList:4881 
10-08 09:33:07.588 31870 31886 I AdrenoVK-0: Shader compilation failed for shaderType: 0
10-08 09:33:07.588 31870 31886 I AdrenoVK-0: Pipeline create failed
10-08 09:33:10.316 31870 31870 I VRI[MainActivity]@8ad27a4: call setFrameRateCategory for touch hint category=no preference, reason=boost timeout, vri=VRI[MainActivity]@8ad27a4
10-08 09:33:11.792 31870 31870 I VRI[MainActivity]@8ad27a4: ViewPostIme pointer 0
10-08 09:33:11.793 31870 31870 I VRI[MainActivity]@8ad27a4: call setFrameRateCategory for touch hint category=high hint, reason=touch, vri=VRI[MainActivity]@8ad27a4
10-08 09:33:11.843 31870 31870 I VRI[MainActivity]@8ad27a4: ViewPostIme pointer 1
10-08 09:33:11.854 31870 31870 I View    : setRequestedFrameRate frameRate=-4.0, this=android.view.View{1eaabbd V.ED..... ........ 0,0-0,0}, caller=androidx.compose.ui.platform.Api35Impl.setRequestedFrameRate:4047 androidx.compose.ui.platform.AndroidComposeView.dispatchDraw:2282 android.view.View.draw:26758 android.view.View.updateDisplayListIfDirty:25577 android.view.ViewGroup.recreateChildDisplayList:4881 
10-08 09:33:11.854 31870 31870 D WhisperSpeechController: updateContext: surveyId=28700584-4f5e-4801-ad6e-c45934e2b91a, questionId=Consent
10-08 09:33:11.873 31870 31870 I View    : setRequestedFrameRate frameRate=NaN, this=android.view.View{1eaabbd V.ED..... ........ 0,0-0,0}, caller=androidx.compose.ui.platform.Api35Impl.setRequestedFrameRate:4047 androidx.compose.ui.platform.AndroidComposeView.dispatchDraw:2282 android.view.View.draw:26758 android.view.View.updateDisplayListIfDirty:25577 android.view.ViewGroup.recreateChildDisplayList:4881 
10-08 09:33:12.087 31870 31886 I AdrenoVK-0: Shader compilation failed for shaderType: 0
10-08 09:33:12.087 31870 31886 I AdrenoVK-0: Pipeline create failed
10-08 09:33:14.846 31870 31870 I VRI[MainActivity]@8ad27a4: call setFrameRateCategory for touch hint category=no preference, reason=boost timeout, vri=VRI[MainActivity]@8ad27a4
10-08 09:33:19.123 31870 31870 I ImeFocusController: onPreWindowFocus: skipped hasWindowFocus=false mHasImeFocus=true
10-08 09:33:19.124 31870 31870 I ImeFocusController: onPostWindowFocus: skipped hasWindowFocus=false mHasImeFocus=true
10-08 09:33:19.244 31870 31870 D InputTransport: Input channel destroyed: 'ClientS', fd=166
10-08 09:33:19.570 31870 31870 I VRI[MainActivity]@8ad27a4: handleAppVisibility mAppVisible = true visible = false
10-08 09:33:19.570 31870 31870 D VRI[MainActivity]@8ad27a4: visibilityChanged oldVisibility=true newVisibility=false
10-08 09:33:19.573 31870 31886 D HWUI    : CacheManager::trimMemory(20)
10-08 09:33:19.582 31870 31870 I VRI[MainActivity]@8ad27a4: Relayout returned: old=(0,0,1080,2340) new=(0,0,1080,2340) relayoutAsync=false req=(1080,2340)8 dur=1 res=0x2 s={false 0x0} ch=true seqId=0
10-08 09:33:19.583 31870 31870 D VRI[MainActivity]@8ad27a4: Not drawing due to not visible. Reason=!mAppVisible && !mForceDecorViewVisibility
10-08 09:33:19.583 31870 31886 D HWUI    : CacheManager::trimMemory(20)
10-08 09:33:19.583 31870 31870 I VRI[MainActivity]@8ad27a4: stopped(true) old = false
10-08 09:33:19.583 31870 31870 D VRI[MainActivity]@8ad27a4: WindowStopped on com.negi.survey/com.negi.survey.MainActivity set to true
10-08 09:33:19.584 31870 31886 D HWUI    : CacheManager::trimMemory(20)
10-08 09:33:19.591 31870 31870 D BBA2    : setIsFg isFg = false; delayValue 3999ms
10-08 09:33:31.359 31870 31909 D Choreographer: BBA2 receive callback when in bg : 4
10-08 09:33:31.368 31870 31886 D HWUI    : CacheManager::trimMemory(40)
10-08 09:33:36.396 31870 31874 W com.negi.survey: Suspending all threads took: 7.180ms
10-08 09:34:10.769 31870 31870 I VRI[MainActivity]@8ad27a4: handleAppVisibility mAppVisible = false visible = true
10-08 09:34:10.776 31870 31870 I VRI[MainActivity]@8ad27a4: stopped(false) old = true
10-08 09:34:10.776 31870 31870 D VRI[MainActivity]@8ad27a4: WindowStopped on com.negi.survey/com.negi.survey.MainActivity set to false
10-08 09:34:10.777 31870 31870 D ViewRootImpl: Skipping stats log for color mode
10-08 09:34:10.783 31870 31886 I Adreno-UNKNOWN: Using previously loaded IMapper library.
10-08 09:34:10.793 31870 31886 I Adreno-UNKNOWN: Using previously loaded IMapper library.
10-08 09:34:10.800 31870 31886 I AdrenoVK-0: QUALCOMM build          : f61dec9117, I68b0a64d7e
10-08 09:34:10.800 31870 31886 I AdrenoVK-0: Build Date              : 03/26/26
10-08 09:34:10.800 31870 31886 I AdrenoVK-0: Shader Compiler Version : E031.47.18.50
10-08 09:34:10.800 31870 31886 I AdrenoVK-0: Local Branch            : 
10-08 09:34:10.800 31870 31886 I AdrenoVK-0: Remote Branch           : refs/tags/AU_LINUX_ANDROID_LA.VENDOR.15.4.0.11.00.00.1088.862
10-08 09:34:10.800 31870 31886 I AdrenoVK-0: Remote Branch           : NONE
10-08 09:34:10.800 31870 31886 I AdrenoVK-0: Reconstruct Branch      : NOTHING
10-08 09:34:10.800 31870 31886 I AdrenoVK-0: Build Config            : S P 18.0.0 AArch64
10-08 09:34:10.800 31870 31886 I AdrenoVK-0: Driver Path             : /vendor/lib64/hw/vulkan.adreno.so
10-08 09:34:10.800 31870 31886 I AdrenoVK-0: Driver Version          : 0800.64.7
10-08 09:34:10.800 31870 31886 I AdrenoVK-0: PFP                     : 0x01500077
10-08 09:34:10.800 31870 31886 I AdrenoVK-0: ME                      : 0x01500014
10-08 09:34:10.800 31870 31886 I AdrenoVK-0: Application Name    : android framework
10-08 09:34:10.800 31870 31886 I AdrenoVK-0: Process Name        : com.negi.survey
10-08 09:34:10.800 31870 31886 I AdrenoVK-0: Application Version : 0x00000000
10-08 09:34:10.800 31870 31886 I AdrenoVK-0: Engine Name         : android framework
10-08 09:34:10.800 31870 31886 I AdrenoVK-0: Engine Version      : 0x00000000
10-08 09:34:10.800 31870 31886 I AdrenoVK-0: Api Version         : 0x00401000
10-08 09:34:10.830 31870 31870 D CrashCapture: install: ensured default handler. where=selfHeal:onActivityResumed pid=31870 default=com.negi.survey.CrashCapture$CrashHandler@8f4ec20
10-08 09:34:10.840 31870 31870 I InsetsSourceConsumer: applyRequestedVisibilityToControl: visible=true, type=statusBars, host=com.negi.survey/com.negi.survey.MainActivity
10-08 09:34:10.840 31870 31870 I InsetsSourceConsumer: applyRequestedVisibilityToControl: visible=true, type=navigationBars, host=com.negi.survey/com.negi.survey.MainActivity
10-08 09:34:11.201 31870 31870 I BufferQueueProducer: [](id:7c7e00000001,api:0,p:0,c:31870) setDequeueTimeout:2077252342
10-08 09:34:11.201 31870 31870 I BLASTBufferQueue_Java: new BLASTBufferQueue, mName= VRI[MainActivity]@8ad27a4 mNativeObject= 0xb4000075ff4349d0 caller= android.view.ViewRootImpl.updateBlastSurfaceIfNeeded:3603 android.view.ViewRootImpl.relayoutWindow:11813 android.view.ViewRootImpl.performTraversals:4840 android.view.ViewRootImpl.doTraversal:3959 android.view.ViewRootImpl$TraversalRunnable.run:13034 android.view.Choreographer$CallbackRecord.run:1961 android.view.Choreographer$CallbackRecord.run:1970 android.view.Choreographer.doCallbacks:1423 android.view.Choreographer.doFrame:1348 android.view.Choreographer$FrameDisplayEventReceiver.run:1930 
10-08 09:34:11.202 31870 31870 I BLASTBufferQueue_Java: update, w= 1080 h= 2340 mName = VRI[MainActivity]@8ad27a4 mNativeObject= 0xb4000075ff4349d0 sc.mNativeObject= 0xb4000077bf41d9d0 format= -1 caller= android.view.ViewRootImpl.updateBlastSurfaceIfNeeded:3608 android.view.ViewRootImpl.relayoutWindow:11813 android.view.ViewRootImpl.performTraversals:4840 android.view.ViewRootImpl.doTraversal:3959 android.view.ViewRootImpl$TraversalRunnable.run:13034 android.view.Choreographer$CallbackRecord.run:1961 
10-08 09:34:11.202 31870 31870 I VRI[MainActivity]@8ad27a4: Relayout returned: old=(0,0,1080,2340) new=(0,0,1080,2340) relayoutAsync=false req=(1080,2340)0 dur=363 res=0x3 s={true 0xb4000076df43d750} ch=true seqId=0
10-08 09:34:11.202 31870 31870 D VRI[MainActivity]@8ad27a4: mThreadedRenderer.initialize() mSurface={isValid=true 0xb4000076df43d750} hwInitialized=true
10-08 09:34:11.204 31870 31870 D VRI[MainActivity]@8ad27a4: reportNextDraw android.view.ViewRootImpl.performTraversals:5507 android.view.ViewRootImpl.doTraversal:3959 android.view.ViewRootImpl$TraversalRunnable.run:13034 android.view.Choreographer$CallbackRecord.run:1961 android.view.Choreographer$CallbackRecord.run:1970 
10-08 09:34:11.204 31870 31870 D VRI[MainActivity]@8ad27a4: Setup new sync=wmsSync-VRI[MainActivity]@8ad27a4#2
10-08 09:34:11.205 31870 31870 I VRI[MainActivity]@8ad27a4: Creating new active sync group VRI[MainActivity]@8ad27a4#3
10-08 09:34:11.205 31870 31870 D VRI[MainActivity]@8ad27a4: Start draw after previous draw not visible
10-08 09:34:11.205 31870 31870 D VRI[MainActivity]@8ad27a4: registerCallbacksForSync syncBuffer=false
10-08 09:34:11.216 31870 31891 D VRI[MainActivity]@8ad27a4: Received frameDrawingCallback syncResult=0 frameNum=1.
10-08 09:34:11.216 31870 31891 I VRI[MainActivity]@8ad27a4: mWNT: t=0xb4000076afcb5f20 mBlastBufferQueue=0xb4000075ff4349d0 fn= 1 HdrRenderState mRenderHdrSdrRatio=1.0 caller= android.view.ViewRootImpl$12.onFrameDraw:15561 android.view.ThreadedRenderer$1.onFrameDraw:751 <bottom of call stack> 
10-08 09:34:11.216 31870 31891 I VRI[MainActivity]@8ad27a4: Setting up sync and frameCommitCallback
10-08 09:34:11.226 31870 31886 I BLASTBufferQueue: [VRI[MainActivity]@8ad27a4#1](f:0,a:0,s:0) onFrameAvailable the first frame is available
10-08 09:34:11.226 31870 31886 I SurfaceComposerClient: apply transaction with the first frame. layerId: 2898, bufferData(ID: 136880607723527, frameNumber: 1)
10-08 09:34:11.227 31870 31886 I VRI[MainActivity]@8ad27a4: Received frameCommittedCallback lastAttemptedDrawFrameNum=1 didProduceBuffer=true
10-08 09:34:11.227 31870 31870 D VRI[MainActivity]@8ad27a4: reportDrawFinished seqId=0
10-08 09:34:11.227 31870 31870 I Choreographer: Skipped 45 frames!  The application may be doing too much work on its main thread.
10-08 09:34:11.239 31870 31870 D VRI[MainActivity]@8ad27a4: mThreadedRenderer.initializeIfNeeded()#2 mSurface={isValid=true 0xb4000076df43d750}
10-08 09:34:11.240 31870 31870 D InputMethodManagerUtils: startInputInner - Id : 0
10-08 09:34:11.240 31870 31870 I InputMethodManager: startInputInner - IInputMethodManagerGlobalInvoker.startInputOrWindowGainedFocus
10-08 09:34:11.241 31870 31870 D InsetsController: hide(ime())
10-08 09:34:11.241 31870 31870 I ImeTracker: com.negi.survey:4735fb3f: onCancelled at PHASE_CLIENT_ALREADY_HIDDEN
10-08 09:34:11.241 31870 31878 D InputTransport: Input channel constructed: 'ClientS', fd=152
10-08 09:34:11.704 31870 31870 I VRI[MainActivity]@8ad27a4: ViewPostIme pointer 0
10-08 09:34:11.708 31870 31870 I VRI[MainActivity]@8ad27a4: call setFrameRateCategory for touch hint category=high hint, reason=touch, vri=VRI[MainActivity]@8ad27a4
10-08 09:34:11.780 31870 31870 I VRI[MainActivity]@8ad27a4: ViewPostIme pointer 1
10-08 09:34:14.787 31870 31870 I VRI[MainActivity]@8ad27a4: call setFrameRateCategory for touch hint category=no preference, reason=boost timeout, vri=VRI[MainActivity]@8ad27a4
10-08 09:34:18.762 31870 31870 I VRI[MainActivity]@8ad27a4: ViewPostIme pointer 0
10-08 09:34:18.765 31870 31870 I VRI[MainActivity]@8ad27a4: call setFrameRateCategory for touch hint category=high hint, reason=touch, vri=VRI[MainActivity]@8ad27a4
10-08 09:34:18.850 31870 31870 I VRI[MainActivity]@8ad27a4: ViewPostIme pointer 1
10-08 09:34:18.879 31870 31886 I AdrenoVK-0: Shader compilation failed for shaderType: 0
10-08 09:34:18.879 31870 31886 I AdrenoVK-0: Pipeline create failed
10-08 09:34:21.707 31870 31870 I ImeFocusController: onPreWindowFocus: skipped hasWindowFocus=false mHasImeFocus=true
10-08 09:34:21.708 31870 31870 I ImeFocusController: onPostWindowFocus: skipped hasWindowFocus=false mHasImeFocus=true
10-08 09:34:21.854 31870 31870 I VRI[MainActivity]@8ad27a4: call setFrameRateCategory for touch hint category=no preference, reason=boost timeout, vri=VRI[MainActivity]@8ad27a4
10-08 09:34:22.161 31870 31870 I VRI[MainActivity]@8ad27a4: stopped(true) old = false
10-08 09:34:22.161 31870 31870 D VRI[MainActivity]@8ad27a4: WindowStopped on com.negi.survey/com.negi.survey.MainActivity set to true
10-08 09:34:22.161 31870 31886 D HWUI    : CacheManager::trimMemory(20)
10-08 09:34:22.167 31870 31886 D HWUI    : CacheManager::trimMemory(20)
10-08 09:34:22.170 31870 31870 I VRI[MainActivity]@8ad27a4: Relayout returned: old=(0,0,1080,2340) new=(0,0,1080,2340) relayoutAsync=false req=(1080,2340)4 dur=2 res=0x2 s={false 0x0} ch=false seqId=0
10-08 09:34:22.170 31870 31870 D VRI[MainActivity]@8ad27a4: Not drawing due to not visible. Reason=View.INVISIBLE
10-08 09:34:22.170 31870 31886 D HWUI    : CacheManager::trimMemory(20)
10-08 09:34:22.170 31870 31870 I VRI[MainActivity]@8ad27a4: handleAppVisibility mAppVisible = true visible = false
10-08 09:34:22.175 31870 31870 D BBA2    : setIsFg isFg = false; delayValue 3999ms
10-08 09:34:22.176 31870 31870 D InputTransport: Input channel destroyed: 'ClientS', fd=152
10-08 09:34:29.010 31870 31878 D Choreographer: BBA2 receive callback when in bg : 4
10-08 09:34:29.011 31870 31886 D HWUI    : CacheManager::trimMemory(40)
10-08 09:34:29.724 31870 31870 I VRI[MainActivity]@8ad27a4: handleAppVisibility mAppVisible = false visible = true
10-08 09:34:29.724 31870 31870 I VRI[MainActivity]@8ad27a4: stopped(false) old = true
10-08 09:34:29.724 31870 31870 D VRI[MainActivity]@8ad27a4: WindowStopped on com.negi.survey/com.negi.survey.MainActivity set to false
10-08 09:34:29.724 31870 31886 I Adreno-UNKNOWN: Using previously loaded IMapper library.
10-08 09:34:29.725 31870 31870 D CrashCapture: install: ensured default handler. where=selfHeal:onActivityResumed pid=31870 default=com.negi.survey.CrashCapture$CrashHandler@8f4ec20
10-08 09:34:29.729 31870 31892 E perf_hint: Session ID too large, must fit 32-bit integer
10-08 09:34:29.733 31870 31886 I Adreno-UNKNOWN: Using previously loaded IMapper library.
10-08 09:34:29.737 31870 31886 I AdrenoVK-0: QUALCOMM build          : f61dec9117, I68b0a64d7e
10-08 09:34:29.737 31870 31886 I AdrenoVK-0: Build Date              : 03/26/26
10-08 09:34:29.737 31870 31886 I AdrenoVK-0: Shader Compiler Version : E031.47.18.50
10-08 09:34:29.737 31870 31886 I AdrenoVK-0: Local Branch            : 
10-08 09:34:29.737 31870 31886 I AdrenoVK-0: Remote Branch           : refs/tags/AU_LINUX_ANDROID_LA.VENDOR.15.4.0.11.00.00.1088.862
10-08 09:34:29.737 31870 31886 I AdrenoVK-0: Remote Branch           : NONE
10-08 09:34:29.737 31870 31886 I AdrenoVK-0: Reconstruct Branch      : NOTHING
10-08 09:34:29.737 31870 31886 I AdrenoVK-0: Build Config            : S P 18.0.0 AArch64
10-08 09:34:29.737 31870 31886 I AdrenoVK-0: Driver Path             : /vendor/lib64/hw/vulkan.adreno.so
10-08 09:34:29.737 31870 31886 I AdrenoVK-0: Driver Version          : 0800.64.7
10-08 09:34:29.737 31870 31886 I AdrenoVK-0: PFP                     : 0x01500077
10-08 09:34:29.737 31870 31886 I AdrenoVK-0: ME                      : 0x01500014
10-08 09:34:29.737 31870 31886 I AdrenoVK-0: Application Name    : android framework
10-08 09:34:29.737 31870 31886 I AdrenoVK-0: Process Name        : com.negi.survey
10-08 09:34:29.737 31870 31886 I AdrenoVK-0: Application Version : 0x00000000
10-08 09:34:29.737 31870 31886 I AdrenoVK-0: Engine Name         : android framework
10-08 09:34:29.737 31870 31886 I AdrenoVK-0: Engine Version      : 0x00000000
10-08 09:34:29.737 31870 31886 I AdrenoVK-0: Api Version         : 0x00401000
10-08 09:34:29.740 31870 31870 I BufferQueueProducer: [](id:7c7e00000002,api:0,p:256032560,c:31870) setDequeueTimeout:2077252342
10-08 09:34:29.740 31870 31870 I BLASTBufferQueue_Java: new BLASTBufferQueue, mName= VRI[MainActivity]@8ad27a4 mNativeObject= 0xb4000075ff450d60 caller= android.view.ViewRootImpl.updateBlastSurfaceIfNeeded:3603 android.view.ViewRootImpl.relayoutWindow:11813 android.view.ViewRootImpl.performTraversals:4840 android.view.ViewRootImpl.doTraversal:3959 android.view.ViewRootImpl$TraversalRunnable.run:13034 android.view.Choreographer$CallbackRecord.run:1961 android.view.Choreographer$CallbackRecord.run:1970 android.view.Choreographer.doCallbacks:1423 android.view.Choreographer.doFrame:1348 android.view.Choreographer$FrameDisplayEventReceiver.run:1930 
10-08 09:34:29.740 31870 31870 I BLASTBufferQueue_Java: update, w= 1080 h= 2340 mName = VRI[MainActivity]@8ad27a4 mNativeObject= 0xb4000075ff450d60 sc.mNativeObject= 0xb4000077bf421210 format= -1 caller= android.view.ViewRootImpl.updateBlastSurfaceIfNeeded:3608 android.view.ViewRootImpl.relayoutWindow:11813 android.view.ViewRootImpl.performTraversals:4840 android.view.ViewRootImpl.doTraversal:3959 android.view.ViewRootImpl$TraversalRunnable.run:13034 android.view.Choreographer$CallbackRecord.run:1961 
10-08 09:34:29.741 31870 31870 I VRI[MainActivity]@8ad27a4: Relayout returned: old=(0,0,1080,2340) new=(0,0,1080,2340) relayoutAsync=false req=(1080,2340)0 dur=10 res=0x3 s={true 0xb4000076df446b60} ch=true seqId=0
10-08 09:34:29.741 31870 31870 D VRI[MainActivity]@8ad27a4: mThreadedRenderer.initialize() mSurface={isValid=true 0xb4000076df446b60} hwInitialized=true
10-08 09:34:29.741 31870 31870 D VRI[MainActivity]@8ad27a4: reportNextDraw android.view.ViewRootImpl.performTraversals:5507 android.view.ViewRootImpl.doTraversal:3959 android.view.ViewRootImpl$TraversalRunnable.run:13034 android.view.Choreographer$CallbackRecord.run:1961 android.view.Choreographer$CallbackRecord.run:1970 
10-08 09:34:29.741 31870 31870 D VRI[MainActivity]@8ad27a4: Setup new sync=wmsSync-VRI[MainActivity]@8ad27a4#4
10-08 09:34:29.741 31870 31870 I VRI[MainActivity]@8ad27a4: Creating new active sync group VRI[MainActivity]@8ad27a4#5
10-08 09:34:29.741 31870 31870 D VRI[MainActivity]@8ad27a4: Start draw after previous draw not visible
10-08 09:34:29.741 31870 31870 D VRI[MainActivity]@8ad27a4: registerCallbacksForSync syncBuffer=false
10-08 09:34:29.743 31870 31891 D VRI[MainActivity]@8ad27a4: Received frameDrawingCallback syncResult=0 frameNum=1.
10-08 09:34:29.743 31870 31891 I VRI[MainActivity]@8ad27a4: mWNT: t=0xb4000076af446cb0 mBlastBufferQueue=0xb4000075ff450d60 fn= 1 HdrRenderState mRenderHdrSdrRatio=1.0 caller= android.view.ViewRootImpl$12.onFrameDraw:15561 android.view.ThreadedRenderer$1.onFrameDraw:751 <bottom of call stack> 
10-08 09:34:29.743 31870 31891 I VRI[MainActivity]@8ad27a4: Setting up sync and frameCommitCallback
10-08 09:34:29.750 31870 31886 I BLASTBufferQueue: [VRI[MainActivity]@8ad27a4#2](f:0,a:0,s:0) onFrameAvailable the first frame is available
10-08 09:34:29.750 31870 31886 I SurfaceComposerClient: apply transaction with the first frame. layerId: 2932, bufferData(ID: 136880607723531, frameNumber: 1)
10-08 09:34:29.750 31870 31886 I VRI[MainActivity]@8ad27a4: Received frameCommittedCallback lastAttemptedDrawFrameNum=1 didProduceBuffer=true
10-08 09:34:29.750 31870 31870 D VRI[MainActivity]@8ad27a4: reportDrawFinished seqId=0
10-08 09:34:29.751 31870 31870 I VRI[MainActivity]@8ad27a4: handleResized, frames=ClientWindowFrames{frame=[0,0][1080,2340] display=[0,0][1080,2340] parentFrame=[0,0][0,0]} displayId=0 dragResizing=false compatScale=1.0 frameChanged=false attachedFrameChanged=false configChanged=false displayChanged=false compatScaleChanged=false dragResizingChanged=false
10-08 09:34:29.751 31870 31870 I VRI[MainActivity]@8ad27a4: handleResized mSyncSeqId = 0
10-08 09:34:29.751 31870 31870 D VRI[MainActivity]@8ad27a4: reportNextDraw android.view.ViewRootImpl.handleResized:2995 android.view.ViewRootImpl.-$$Nest$mhandleResized:0 android.view.ViewRootImpl$W.resized:14200 android.app.servertransaction.WindowStateResizeItem.execute:81 android.app.servertransaction.WindowStateTransactionItem.execute:62 
10-08 09:34:29.751 31870 31870 D VRI[MainActivity]@8ad27a4: Setup new sync=wmsSync-VRI[MainActivity]@8ad27a4#6
10-08 09:34:29.751 31870 31870 I VRI[MainActivity]@8ad27a4: Creating new active sync group VRI[MainActivity]@8ad27a4#7
10-08 09:34:29.751 31870 31870 D VRI[MainActivity]@8ad27a4: registerCallbacksForSync syncBuffer=false
10-08 09:34:29.751 31870 31892 D VRI[MainActivity]@8ad27a4: Received frameDrawingCallback syncResult=0 frameNum=2.
10-08 09:34:29.751 31870 31892 I VRI[MainActivity]@8ad27a4: Setting up sync and frameCommitCallback
10-08 09:34:29.751 31870 31886 I VRI[MainActivity]@8ad27a4: Received frameCommittedCallback lastAttemptedDrawFrameNum=2 didProduceBuffer=false
10-08 09:34:29.751 31870 31886 I BLASTBufferQueue_Java: gatherPendingTransactions, mName= VRI[MainActivity]@8ad27a4 mNativeObject= 0xb4000075ff450d60 frameNumber= 2 caller= android.view.ViewRootImpl$12.lambda$onFrameDraw$3:15645 android.view.ViewRootImpl$12.$r8$lambda$CTo3ExVBk8akdVTGlqHPAoYLRVI:0 android.view.ViewRootImpl$12$$ExternalSyntheticLambda1.onFrameCommit:0 android.view.ThreadedRenderer$1.lambda$onFrameDraw$0:763 android.view.ThreadedRenderer$1$$ExternalSyntheticLambda0.onFrameCommit:0 <bottom of call stack> 
10-08 09:34:29.751 31870 31870 D VRI[MainActivity]@8ad27a4: reportDrawFinished seqId=0
10-08 09:34:29.751 31870 31870 I InsetsSourceConsumer: applyRequestedVisibilityToControl: visible=true, type=statusBars, host=com.negi.survey/com.negi.survey.MainActivity
10-08 09:34:29.752 31870 31870 I InsetsSourceConsumer: applyRequestedVisibilityToControl: visible=true, type=navigationBars, host=com.negi.survey/com.negi.survey.MainActivity
10-08 09:34:29.763 31870 31870 D VRI[MainActivity]@8ad27a4: mThreadedRenderer.initializeIfNeeded()#2 mSurface={isValid=true 0xb4000076df446b60}
10-08 09:34:29.763 31870 31870 D InputMethodManagerUtils: startInputInner - Id : 0
10-08 09:34:29.763 31870 31870 I InputMethodManager: startInputInner - IInputMethodManagerGlobalInvoker.startInputOrWindowGainedFocus
10-08 09:34:29.764 31870 31870 D InsetsController: hide(ime())
10-08 09:34:29.764 31870 31870 I ImeTracker: com.negi.survey:c11eeb48: onCancelled at PHASE_CLIENT_ALREADY_HIDDEN
10-08 09:34:29.765 31870 31878 D InputTransport: Input channel constructed: 'ClientS', fd=161
10-08 09:34:30.490 31870 31870 I VRI[MainActivity]@8ad27a4: ViewPostIme pointer 0
10-08 09:34:30.492 31870 31870 I VRI[MainActivity]@8ad27a4: call setFrameRateCategory for touch hint category=high hint, reason=touch, vri=VRI[MainActivity]@8ad27a4
10-08 09:34:30.579 31870 31870 I VRI[MainActivity]@8ad27a4: ViewPostIme pointer 1
10-08 09:34:33.582 31870 31870 I VRI[MainActivity]@8ad27a4: call setFrameRateCategory for touch hint category=no preference, reason=boost timeout, vri=VRI[MainActivity]@8ad27a4
10-08 09:34:38.058 31870 31870 I ImeFocusController: onPreWindowFocus: skipped hasWindowFocus=false mHasImeFocus=true
10-08 09:34:38.059 31870 31870 I ImeFocusController: onPostWindowFocus: skipped hasWindowFocus=false mHasImeFocus=true
10-08 09:34:38.103 31870 31870 D InputTransport: Input channel destroyed: 'ClientS', fd=161
10-08 09:34:38.434 31870 31870 I VRI[MainActivity]@8ad27a4: handleAppVisibility mAppVisible = true visible = false
10-08 09:34:38.434 31870 31870 D VRI[MainActivity]@8ad27a4: visibilityChanged oldVisibility=true newVisibility=false
10-08 09:34:38.442 31870 31886 D HWUI    : CacheManager::trimMemory(20)
10-08 09:34:38.444 31870 31870 I VRI[MainActivity]@8ad27a4: Relayout returned: old=(0,0,1080,2340) new=(0,0,1080,2340) relayoutAsync=false req=(1080,2340)8 dur=1 res=0x2 s={false 0x0} ch=true seqId=0
10-08 09:34:38.444 31870 31870 D VRI[MainActivity]@8ad27a4: Not drawing due to not visible. Reason=!mAppVisible && !mForceDecorViewVisibility
10-08 09:34:38.444 31870 31886 D HWUI    : CacheManager::trimMemory(20)
10-08 09:34:38.444 31870 31870 I VRI[MainActivity]@8ad27a4: stopped(true) old = false
10-08 09:34:38.444 31870 31870 D VRI[MainActivity]@8ad27a4: WindowStopped on com.negi.survey/com.negi.survey.MainActivity set to true
10-08 09:34:38.445 31870 31886 D HWUI    : CacheManager::trimMemory(20)
10-08 09:34:38.450 31870 31870 D BBA2    : setIsFg isFg = false; delayValue 3999ms
10-08 09:34:43.700 31870  5238 D Choreographer: BBA2 receive callback when in bg : 4
10-08 09:34:43.705 31870 31886 D HWUI    : CacheManager::trimMemory(40)
10-08 09:34:51.727  5810  5810 I Zygote  : Process 5810 created for com.negi.survey
10-08 09:34:51.727  5810  5810 I com.negi.survey: Using generational CollectorTypeCMC GC.
10-08 09:34:51.731  5810  5810 D nativeloader: Load libframework-connectivity-tiramisu-jni.so using APEX ns com_android_tethering for caller /apex/com.android.tethering/javalib/framework-connectivity-t.jar: ok
10-08 09:34:51.732  5810  5810 D ActivityThread: setConscryptValidator
10-08 09:34:51.732  5810  5810 D ActivityThread: setConscryptValidator - put
10-08 09:34:51.739  5810  5810 D ApplicationLoaders: Returning zygote-cached class loader: /system_ext/framework/androidx.window.extensions.jar
10-08 09:34:51.739  5810  5810 D ApplicationLoaders: Returning zygote-cached class loader: /system_ext/framework/androidx.window.sidecar.jar
10-08 09:34:51.745  5810  5810 D nativeloader: Configuring clns-9 for other apk /data/app/~~-klF41zhclXnSUT5sqT-Kw==/com.negi.survey-XE3kDw9akfLsF3eRyGTRaw==/base.apk. target_sdk_version=36, uses_libraries=libOpenCL.so, library_path=/data/app/~~-klF41zhclXnSUT5sqT-Kw==/com.negi.survey-XE3kDw9akfLsF3eRyGTRaw==/lib/arm64:/data/app/~~-klF41zhclXnSUT5sqT-Kw==/com.negi.survey-XE3kDw9akfLsF3eRyGTRaw==/base.apk!/lib/arm64-v8a, permitted_path=/data:/mnt/expand:/data/user/0/com.negi.survey
10-08 09:34:51.748  5810  5810 V GraphicsEnvironment: Currently set values for:
10-08 09:34:51.748  5810  5810 V GraphicsEnvironment:   angle_gl_driver_selection_pkgs=[]
10-08 09:34:51.748  5810  5810 V GraphicsEnvironment:   angle_gl_driver_selection_values=[]
10-08 09:34:51.748  5810  5810 V GraphicsEnvironment: com.negi.survey is not listed in per-application setting
10-08 09:34:51.748  5810  5810 V GraphicsEnvironment: ANGLE allowlist from config: com.dreamgames.royalmatch com.dts.freefiremax com.dxx.firenow com.gramgames.mergedragons com.ludo.king com.mojang.minecraftpe com.my.defense com.nintendo.zaka com.os.airforce com.playrix.fishdomdd.gplay io.teslatech.callbreak jp.konami.prospia net.peakgames.toonblast
10-08 09:34:51.748  5810  5810 V GraphicsEnvironment: No special selections for ANGLE, returning default driver choice
10-08 09:34:51.748  5810  5810 V GraphicsEnvironment: App is not on the allowlist for updatable production driver.
10-08 09:34:51.763  5810  5810 D nativeloader: Load /data/app/~~-klF41zhclXnSUT5sqT-Kw==/com.negi.survey-XE3kDw9akfLsF3eRyGTRaw==/base.apk!/lib/arm64-v8a/liblitertlm_jni.so using class loader ns clns-9 (caller=/data/app/~~-klF41zhclXnSUT5sqT-Kw==/com.negi.survey-XE3kDw9akfLsF3eRyGTRaw==/base.apk!classes4.dex): ok
10-08 09:34:51.763  5810  5810 D SurveyApp: Loaded LiteRTLM JNI: litertlm_jni where=attachBaseContext
10-08 09:34:51.765  5810  5810 D AppRingLogStore: installed: dir=/data/user/0/com.negi.survey/files/diagnostics/applog_ring idx=0
10-08 09:34:51.765  5810  5810 D CrashCapture: install: ensured default handler. where=SurveyApp:attachBaseContext pid=5810 default=com.negi.survey.CrashCapture$CrashHandler@ebc6052
10-08 09:34:51.765  5810  5835 D RuntimeLogStore: openWriter: start -> /data/user/0/com.negi.survey/files/diagnostics/runtime_logs/rtlog_20261008_163451_764_pid5810_seq1.log (bytes=0 format=LEGACY)
10-08 09:34:51.765  5810  5835 D RuntimeLogStore: retention: start files=2 kept=2 totalBytes=5383
10-08 09:34:51.766  5810  5810 D SurveyApp: LiteRTLM JNI already loaded; skip. where=onCreate(retry)
10-08 09:34:51.767  5810  5810 D CrashCapture: install: ensured default handler. where=SurveyApp:onCreate(rewrap) pid=5810 default=com.negi.survey.CrashCapture$CrashHandler@ebc6052
10-08 09:34:51.767  5810  5810 D CrashCapture: registerSelfHealing: ActivityLifecycleCallbacks registered. mode=onResumedOnly
10-08 09:34:51.767  5810  5810 D ActivityThread: com.negi.survey will use render engine as VK
10-08 09:34:51.767  5810  5810 D HWUI    : HWUI - treat SMPTE_170M as sRGB
10-08 09:34:51.768  5810  5838 I DisplayManager: Choreographer implicitly registered for the refresh rate.
10-08 09:34:51.768  5810  5838 D HWUI    : CacheManager constructor. deviceInfo=(1080, 1920)
10-08 09:34:51.768  5810  5838 D vulkan  : searching for layers in '/data/app/~~-klF41zhclXnSUT5sqT-Kw==/com.negi.survey-XE3kDw9akfLsF3eRyGTRaw==/lib/arm64'
10-08 09:34:51.768  5810  5838 D vulkan  : searching for layers in '/data/app/~~-klF41zhclXnSUT5sqT-Kw==/com.negi.survey-XE3kDw9akfLsF3eRyGTRaw==/base.apk!/lib/arm64-v8a'
10-08 09:34:51.769  5810  5810 D DesktopExperienceFlags: Toggle override initialized to: false
10-08 09:34:51.769  5810  5810 E ashmem  : Pinning is deprecated since Android Q. Please use trim or other methods.
10-08 09:34:51.771  5810  5810 D CompatChangeReporter: Compat change id reported: 377864165; UID 10475; state: ENABLED
10-08 09:34:51.771  5810  5810 D DesktopModeFlags: Toggle override initialized to: OVERRIDE_UNSET
10-08 09:34:51.772  5810  5810 I DecorView: setWindowBackground: isPopOver=false color=fffafafa d=android.graphics.drawable.ColorDrawable@7c8fa80
10-08 09:34:51.772  5810  5810 D PhoneWindow: forceLight changed to false [] from com.android.internal.policy.PhoneWindow.updateForceLightNavigationBar:663 com.android.internal.policy.PhoneWindow.setNavigationBarColor:4435 androidx.activity.EdgeToEdgeApi35.setUp:353 androidx.activity.EdgeToEdge.enableEdgeToEdge$lambda$1:101 androidx.activity.EdgeToEdge$$ExternalSyntheticLambda0.run:0 
10-08 09:34:51.773  5810  5810 D CrashCapture: install: ensured default handler. where=selfHeal:onActivityResumed pid=5810 default=com.negi.survey.CrashCapture$CrashHandler@ebc6052
10-08 09:34:51.774  5810  5838 E Adreno-AppProfiles: QSPM AIDL service doesn't exist
10-08 09:34:51.774  5810  5838 I AdrenoVK-0: ===== BEGIN DUMP OF OVERRIDDEN SETTINGS =====
10-08 09:34:51.774  5810  5838 I AdrenoVK-0: ===== END DUMP OF OVERRIDDEN SETTINGS =====
10-08 09:34:51.776  5810  5810 D ViewRootImpl: desktopMode is false
10-08 09:34:51.776  5810  5810 I ViewRootImpl: dVRR is disabled
10-08 09:34:51.776  5810  5810 D HardwareRenderer: onDisplayChanged. displayId=0 current wxh=1080x2340 mLargest wxh=0x0
10-08 09:34:51.776  5810  5810 D HardwareRenderer: Set largestWidth and largestHeight as logical resolution. (1080x2340)
10-08 09:34:51.777  5810  5838 D qdgralloc: Fetching IMapper5 from QtiMapper5
10-08 09:34:51.778  5810  5844 D qdgralloc: Fetching IMapper5 from QtiMapper5
10-08 09:34:51.782  5810  5838 I SnapAlloc: Graphics lib is available
10-08 09:34:51.786  5810  5838 I Adreno-UNKNOWN: Using previously loaded IMapper library.
10-08 09:34:51.788  5810  5838 I AdrenoVK-0: QUALCOMM build          : f61dec9117, I68b0a64d7e
10-08 09:34:51.788  5810  5838 I AdrenoVK-0: Build Date              : 03/26/26
10-08 09:34:51.788  5810  5838 I AdrenoVK-0: Shader Compiler Version : E031.47.18.50
10-08 09:34:51.788  5810  5838 I AdrenoVK-0: Local Branch            : 
10-08 09:34:51.788  5810  5838 I AdrenoVK-0: Remote Branch           : refs/tags/AU_LINUX_ANDROID_LA.VENDOR.15.4.0.11.00.00.1088.862
10-08 09:34:51.788  5810  5838 I AdrenoVK-0: Remote Branch           : NONE
10-08 09:34:51.788  5810  5838 I AdrenoVK-0: Reconstruct Branch      : NOTHING
10-08 09:34:51.788  5810  5838 I AdrenoVK-0: Build Config            : S P 18.0.0 AArch64
10-08 09:34:51.788  5810  5838 I AdrenoVK-0: Driver Path             : /vendor/lib64/hw/vulkan.adreno.so
10-08 09:34:51.788  5810  5838 I AdrenoVK-0: Driver Version          : 0800.64.7
10-08 09:34:51.788  5810  5838 I AdrenoVK-0: PFP                     : 0x01500077
10-08 09:34:51.788  5810  5838 I AdrenoVK-0: ME                      : 0x01500014
10-08 09:34:51.788  5810  5838 I AdrenoVK-0: Application Name    : android framework
10-08 09:34:51.788  5810  5838 I AdrenoVK-0: Process Name        : com.negi.survey
10-08 09:34:51.788  5810  5838 I AdrenoVK-0: Application Version : 0x00000000
10-08 09:34:51.788  5810  5838 I AdrenoVK-0: Engine Name         : android framework
10-08 09:34:51.788  5810  5838 I AdrenoVK-0: Engine Version      : 0x00000000
10-08 09:34:51.788  5810  5838 I AdrenoVK-0: Api Version         : 0x00401000
10-08 09:34:51.790  5810  5838 D HWUI    : setMaxSurfaceArea requested wxh=(1080,2340) requestedSurfaceArea(2527200) mMaxSurfaceArea(2073600)
10-08 09:34:51.791  5810  5838 D NativeCustomFrequencyManager: [NativeCFMS] BpCustomFrequencyManager::BpCustomFrequencyManager()
10-08 09:34:51.792  5810  5843 E perf_hint: Session ID too large, must fit 32-bit integer
10-08 09:34:51.792  5810  5810 D InputTransport: Input channel constructed: '800f782', fd=110
10-08 09:34:51.792  5810  5810 I InsetsController: onStateChanged: host=com.negi.survey/com.negi.survey.MainActivity, from=android.view.ViewRootImpl.onInsetsStateChanged:3038, state=InsetsState: {mDisplayFrame=Rect(0, 0 - 1080, 2340), mDisplayCutout=DisplayCutout{insets=Rect(0, 103 - 0, 0) waterfall=Insets{left=0, top=0, right=0, bottom=0} boundingRect={Bounds=[Rect(0, 0 - 0, 0), Rect(511, 0 - 569, 103), Rect(0, 0 - 0, 0), Rect(0, 0 - 0, 0)]} cutoutPathParserInfo={CutoutPathParserInfo{displayWidth=1080 displayHeight=2340 physicalDisplayWidth=1080 physicalDisplayHeight=2340 density={3.0} cutoutSpec={M 0,0 H -9.666666666666667 V 34.33333333333333 H 9.666666666666667 V 0 H 0 Z @dp} rotation={0} scale={1.0} physicalPixelDisplaySizeRatio={1.0}}} sideOverrides={}}, mRoundedCorners=RoundedCorners{[RoundedCorner{position=TopLeft, radius=102, center=Point(102, 102)}, RoundedCorner{position=TopRight, radius=102, center=Point(978, 102)}, RoundedCorner{position=BottomRight, radius=102, center=Point(978, 2238)}, RoundedCorner{position=BottomLeft, radius=102, center=Point(102, 2238)}]}  mRoundedCornerFrame=Rect(0, 0 - 1080, 2340), mPrivacyIndicatorBounds=PrivacyIndicatorBounds {static bounds=Rect(948, 0 - 1080, 103) rotation=0}, mDisplayShape=DisplayShape{ spec=-311912193 displayWidth=1080 displayHeight=2340 physicalPixelDisplaySizeRatio=1.0 rotation=0 offsetX=0 offsetY=0 scale=1.0}, mSources= { InsetsSource: {d2c60001 mType=navigationBars mFrame=[0,2196][1080,2340] mAttachedInsets=null mVisible=true mFlags= mSideHint=BOTTOM mBoundingRects=null}, InsetsSource: {d2c60004 mType=systemGestures mFrame=[0,0][0,0] mAttachedInsets=null mVisible=true mFlags= mSideHint=NONE mBoundingRects=null}, InsetsSource: {d2c60005 mType=mandatorySystemGestures mFrame=[0,2196][1080,2340] mAttachedInsets=null mVisible=true mFlags= mSideHint=BOTTOM mBoundingRects=null}, InsetsSource: {d2c60006 mType=tappableElement mFrame=[0,2196][1080,2340] mAttachedInsets=null mVisible=true mFlags= mSideHint=BOTTOM mBoundingRects=null}, InsetsSource: {d2c60024 mType=systemGestures mFrame=[0,0][0,0] mAttachedInsets=null mVisible=true mFlags= mSideHint=NONE mBoundingRects=null}, InsetsSource: {3 mType=ime mFrame=[0,0][0,0] mAttachedInsets=null mVisible=false mFlags=INVALID mSideHint=NONE mBoundingRects=null}, InsetsSource: {27 mType=displayCutout mFrame=[0,0][1080,103] mAttachedInsets=null mVisible=true mFlags= mSideHint=TOP mBoundingRects=null}, InsetsSource: {543c0000 mType=statusBars mFrame=[0,0][1080,103] mAttachedInsets=null mVisible=true mFlags= mSideHint=TOP mBoundingRects=null}, InsetsSource: {543c0005 mType=mandatorySystemGestures mFrame=[0,0][1080,139] mAttachedInsets=null mVisible=true mFlags= mSideHint=TOP mBoundingRects=null}, InsetsSource: {543c0006 mType=tappableElement mFrame=[0,0][1080,103] mAttachedInsets=null mVisible=true mFlags= mSideHint=TOP mBoundingRects=null} }
10-08 09:34:51.793  5810  5810 I VRI[MainActivity]@8ad27a4: synced displayState. AttachInfo displayState=2
10-08 09:34:51.793  5810  5810 I VRI[MainActivity]@8ad27a4: setView = com.android.internal.policy.DecorView@edd552f IsHRR=false mFlingFrameRateChange=0 TM=true
10-08 09:34:51.793  5810  5810 I IDS_TAG : Starting IDS observe window
10-08 09:34:51.793  5810  5810 I IDS_TAG : Getting Shared Preference for com.negi.survey.SurveyApp@eb1c74d uid = 10475
10-08 09:34:51.794  5810  5810 I IDS_TAG : App com.negi.survey.SurveyApp@eb1c74d has not finished training
10-08 09:34:51.794  5810  5810 I IDS_TAG : Closing IDS observe window
10-08 09:34:51.794  5810  5810 I IDS_TAG : Getting Shared Preference for com.negi.survey.SurveyApp@eb1c74d uid = 10475
10-08 09:34:51.794  5810  5810 I IDS_TAG : IDS count updated to 2 for com.negi.survey.SurveyApp@eb1c74d
10-08 09:34:51.795  5810  5810 D WindowOnBackDispatcher: setTopOnBackInvokedCallback (unwrapped): android.app.Activity$$ExternalSyntheticLambda0@fec1b28
10-08 09:34:51.801  5810  5810 D WM-PackageManagerHelper: Skipping component enablement for androidx.work.impl.background.systemjob.SystemJobService
10-08 09:34:51.801  5810  5810 D WM-Schedulers: Created SystemJobScheduler and enabled SystemJobService
10-08 09:34:51.801  5810  5855 D WM-ForceStopRunnable: Is default app process = true
10-08 09:34:51.802  5810  5855 D WM-ForceStopRunnable: Performing cleanup operations.
10-08 09:34:51.807  5810  5855 D WM-ForceStopRunnable: Application was force-stopped, rescheduling.
10-08 09:34:51.812  5810  5810 D VRI[MainActivity]@8ad27a4: WindowInsets changed: 1080x2340 statusBars:[0,103,0,0] navigationBars:[0,0,0,144] mandatorySystemGestures:[0,139,0,144] 
10-08 09:34:51.812  5810  5860 D WM-PackageManagerHelper: Skipping component enablement for androidx.work.impl.background.systemalarm.RescheduleReceiver
10-08 09:34:51.813  5810  5810 I HWUI    : Using FreeType backend (prop=Auto)
10-08 09:34:51.821  5810  5810 E BufferQueueProducer: Unable to open libpenguin.so: dlopen failed: library "libpenguin.so" not found.
10-08 09:34:51.821  5810  5810 E com.negi.survey: Unable to open libpenguin.so: dlopen failed: library "libpenguin.so" not found.
10-08 09:34:51.821  5810  5810 I BufferQueueProducer: [](id:16b200000000,api:0,p:256034768,c:5810) setDequeueTimeout:2077252342
10-08 09:34:51.821  5810  5810 I BLASTBufferQueue_Java: new BLASTBufferQueue, mName= VRI[MainActivity]@8ad27a4 mNativeObject= 0xb4000075ff41aa60 caller= android.view.ViewRootImpl.updateBlastSurfaceIfNeeded:3603 android.view.ViewRootImpl.relayoutWindow:11813 android.view.ViewRootImpl.performTraversals:4840 android.view.ViewRootImpl.doTraversal:3959 android.view.ViewRootImpl$TraversalRunnable.run:13034 android.view.Choreographer$CallbackRecord.run:1961 android.view.Choreographer$CallbackRecord.run:1970 android.view.Choreographer.doCallbacks:1423 android.view.Choreographer.doFrame:1348 android.view.Choreographer$FrameDisplayEventReceiver.run:1930 
10-08 09:34:51.821  5810  5810 I BLASTBufferQueue_Java: update, w= 1080 h= 2340 mName = VRI[MainActivity]@8ad27a4 mNativeObject= 0xb4000075ff41aa60 sc.mNativeObject= 0xb4000077bf41f410 format= -1 caller= android.view.ViewRootImpl.updateBlastSurfaceIfNeeded:3608 android.view.ViewRootImpl.relayoutWindow:11813 android.view.ViewRootImpl.performTraversals:4840 android.view.ViewRootImpl.doTraversal:3959 android.view.ViewRootImpl$TraversalRunnable.run:13034 android.view.Choreographer$CallbackRecord.run:1961 
10-08 09:34:51.821  5810  5810 I VRI[MainActivity]@8ad27a4: Relayout returned: old=(0,0,1080,2340) new=(0,0,1080,2340) relayoutAsync=false req=(1080,2340)0 dur=2 res=0x3 s={true 0xb4000076df43ca70} ch=true seqId=0
10-08 09:34:51.822  5810  5810 I VRI[MainActivity]@8ad27a4: performConfigurationChange setNightDimText nightDimLevel=0
10-08 09:34:51.822  5810  5810 D VRI[MainActivity]@8ad27a4: mThreadedRenderer.initialize() mSurface={isValid=true 0xb4000076df43ca70} hwInitialized=true
10-08 09:34:51.824  5810  5810 D VRI[MainActivity]@8ad27a4: reportNextDraw android.view.ViewRootImpl.performTraversals:5507 android.view.ViewRootImpl.doTraversal:3959 android.view.ViewRootImpl$TraversalRunnable.run:13034 android.view.Choreographer$CallbackRecord.run:1961 android.view.Choreographer$CallbackRecord.run:1970 
10-08 09:34:51.824  5810  5810 D VRI[MainActivity]@8ad27a4: Setup new sync=wmsSync-VRI[MainActivity]@8ad27a4#0
10-08 09:34:51.824  5810  5810 I VRI[MainActivity]@8ad27a4: Creating new active sync group VRI[MainActivity]@8ad27a4#1
10-08 09:34:51.825  5810  5810 D VRI[MainActivity]@8ad27a4: registerCallbacksForSync syncBuffer=false
10-08 09:34:51.826  5810  5810 I View    : setRequestedFrameRate frameRate=-4.0, this=android.view.View{26ce5b2 V.ED..... ......I. 0,0-0,0}, caller=androidx.compose.ui.platform.Api35Impl.setRequestedFrameRate:4047 androidx.compose.ui.platform.AndroidComposeView.dispatchDraw:2282 android.view.View.draw:26758 android.view.View.updateDisplayListIfDirty:25577 android.view.View.draw:26477 
10-08 09:34:51.827  5810  5844 D VRI[MainActivity]@8ad27a4: Received frameDrawingCallback syncResult=0 frameNum=1.
10-08 09:34:51.827  5810  5844 I VRI[MainActivity]@8ad27a4: mWNT: t=0xb4000076af4380d0 mBlastBufferQueue=0xb4000075ff41aa60 fn= 1 HdrRenderState mRenderHdrSdrRatio=1.0 caller= android.view.ViewRootImpl$12.onFrameDraw:15561 android.view.ThreadedRenderer$1.onFrameDraw:751 <bottom of call stack> 
10-08 09:34:51.827  5810  5844 I VRI[MainActivity]@8ad27a4: Setting up sync and frameCommitCallback
10-08 09:34:51.827  5810  5838 I AdrenoUtils: <ReadGpuID:366>: Reading chip ID through GSL
10-08 09:34:51.837  5810  5838 I BLASTBufferQueue: [VRI[MainActivity]@8ad27a4#0](f:0,a:0,s:0) onFrameAvailable the first frame is available
10-08 09:34:51.837  5810  5838 I SurfaceComposerClient: apply transaction with the first frame. layerId: 3005, bufferData(ID: 24953759989763, frameNumber: 1)
10-08 09:34:51.837  5810  5838 I VRI[MainActivity]@8ad27a4: Received frameCommittedCallback lastAttemptedDrawFrameNum=1 didProduceBuffer=true
10-08 09:34:51.838  5810  5838 D HWUI    : CFMS:: SetUp Pid : 5810    Tid : 5838
10-08 09:34:51.838  5810  5810 D VRI[MainActivity]@8ad27a4: reportDrawFinished seqId=0
10-08 09:34:51.838  5810  5838 D HWUI    : HWUI - treat SMPTE_170M as sRGB
10-08 09:34:51.839  5810  5810 I InsetsSourceConsumer: applyRequestedVisibilityToControl: visible=true, type=statusBars, host=com.negi.survey/com.negi.survey.MainActivity
10-08 09:34:51.839  5810  5810 I InsetsSourceConsumer: applyRequestedVisibilityToControl: visible=true, type=navigationBars, host=com.negi.survey/com.negi.survey.MainActivity
10-08 09:34:51.845  5810  5810 I View    : setRequestedFrameRate frameRate=NaN, this=android.view.View{26ce5b2 V.ED..... ........ 0,0-0,0}, caller=androidx.compose.ui.platform.Api35Impl.setRequestedFrameRate:4047 androidx.compose.ui.platform.AndroidComposeView.dispatchDraw:2282 android.view.View.draw:26758 android.view.View.updateDisplayListIfDirty:25577 android.view.ViewGroup.recreateChildDisplayList:4881 
10-08 09:34:51.856  5810  5810 D VRI[MainActivity]@8ad27a4: mThreadedRenderer.initializeIfNeeded()#2 mSurface={isValid=true 0xb4000076df43ca70}
10-08 09:34:51.856  5810  5810 D InputMethodManagerUtils: startInputInner - Id : 0
10-08 09:34:51.856  5810  5810 I InputMethodManager: startInputInner - IInputMethodManagerGlobalInvoker.startInputOrWindowGainedFocus
10-08 09:34:51.856  5810  5810 D InsetsController: hide(ime())
10-08 09:34:51.857  5810  5810 I ImeTracker: com.negi.survey:acc97641: onCancelled at PHASE_CLIENT_ALREADY_HIDDEN
10-08 09:34:51.857  5810  5867 D InputTransport: Input channel constructed: 'ClientS', fd=148
10-08 09:34:51.878  5810  5810 D IntroScreen: Resolved config details: id=survey_config10.yaml in 40ms
10-08 09:34:51.894  5810  5810 I View    : setRequestedFrameRate frameRate=-4.0, this=android.view.View{26ce5b2 V.ED..... ........ 0,0-0,0}, caller=androidx.compose.ui.platform.Api35Impl.setRequestedFrameRate:4047 androidx.compose.ui.platform.AndroidComposeView.dispatchDraw:2282 android.view.View.draw:26758 android.view.View.updateDisplayListIfDirty:25577 android.view.ViewGroup.recreateChildDisplayList:4881 
10-08 09:34:52.222  5810  5810 I View    : setRequestedFrameRate frameRate=NaN, this=android.view.View{26ce5b2 V.ED..... ........ 0,0-0,0}, caller=androidx.compose.ui.platform.Api35Impl.setRequestedFrameRate:4047 androidx.compose.ui.platform.AndroidComposeView.dispatchDraw:2282 android.view.View.draw:26758 android.view.View.updateDisplayListIfDirty:25577 android.view.ViewGroup.recreateChildDisplayList:4881 
10-08 09:34:52.233  5810  5810 I View    : setRequestedFrameRate frameRate=-4.0, this=android.view.View{26ce5b2 V.ED..... ........ 0,0-0,0}, caller=androidx.compose.ui.platform.Api35Impl.setRequestedFrameRate:4047 androidx.compose.ui.platform.AndroidComposeView.dispatchDraw:2282 android.view.View.draw:26758 android.view.View.updateDisplayListIfDirty:25577 android.view.ViewGroup.recreateChildDisplayList:4881 
10-08 09:34:52.238  5810  5810 I View    : setRequestedFrameRate frameRate=NaN, this=android.view.View{26ce5b2 V.ED..... ........ 0,0-0,0}, caller=androidx.compose.ui.platform.Api35Impl.setRequestedFrameRate:4047 androidx.compose.ui.platform.AndroidComposeView.dispatchDraw:2282 android.view.View.draw:26758 android.view.View.updateDisplayListIfDirty:25577 android.view.ViewGroup.recreateChildDisplayList:4881 
10-08 09:34:52.250  5810  5810 I View    : setRequestedFrameRate frameRate=-4.0, this=android.view.View{26ce5b2 V.ED..... ........ 0,0-0,0}, caller=androidx.compose.ui.platform.Api35Impl.setRequestedFrameRate:4047 androidx.compose.ui.platform.AndroidComposeView.dispatchDraw:2282 android.view.View.draw:26758 android.view.View.updateDisplayListIfDirty:25577 android.view.ViewGroup.recreateChildDisplayList:4881 
10-08 09:34:52.255  5810  5810 I View    : setRequestedFrameRate frameRate=NaN, this=android.view.View{26ce5b2 V.ED..... ........ 0,0-0,0}, caller=androidx.compose.ui.platform.Api35Impl.setRequestedFrameRate:4047 androidx.compose.ui.platform.AndroidComposeView.dispatchDraw:2282 android.view.View.draw:26758 android.view.View.updateDisplayListIfDirty:25577 android.view.ViewGroup.recreateChildDisplayList:4881 
10-08 09:34:52.283  5810  5810 I View    : setRequestedFrameRate frameRate=-4.0, this=android.view.View{26ce5b2 V.ED..... ........ 0,0-0,0}, caller=androidx.compose.ui.platform.Api35Impl.setRequestedFrameRate:4047 androidx.compose.ui.platform.AndroidComposeView.dispatchDraw:2282 android.view.View.draw:26758 android.view.View.updateDisplayListIfDirty:25577 android.view.ViewGroup.recreateChildDisplayList:4881 
10-08 09:34:52.288  5810  5810 I View    : setRequestedFrameRate frameRate=NaN, this=android.view.View{26ce5b2 V.ED..... ........ 0,0-0,0}, caller=androidx.compose.ui.platform.Api35Impl.setRequestedFrameRate:4047 androidx.compose.ui.platform.AndroidComposeView.dispatchDraw:2282 android.view.View.draw:26758 android.view.View.updateDisplayListIfDirty:25577 android.view.ViewGroup.recreateChildDisplayList:4881 
10-08 09:34:52.299  5810  5810 I View    : setRequestedFrameRate frameRate=-4.0, this=android.view.View{26ce5b2 V.ED..... ........ 0,0-0,0}, caller=androidx.compose.ui.platform.Api35Impl.setRequestedFrameRate:4047 androidx.compose.ui.platform.AndroidComposeView.dispatchDraw:2282 android.view.View.draw:26758 android.view.View.updateDisplayListIfDirty:25577 android.view.ViewGroup.recreateChildDisplayList:4881 
10-08 09:34:52.304  5810  5810 I View    : setRequestedFrameRate frameRate=NaN, this=android.view.View{26ce5b2 V.ED..... ........ 0,0-0,0}, caller=androidx.compose.ui.platform.Api35Impl.setRequestedFrameRate:4047 androidx.compose.ui.platform.AndroidComposeView.dispatchDraw:2282 android.view.View.draw:26758 android.view.View.updateDisplayListIfDirty:25577 android.view.ViewGroup.recreateChildDisplayList:4881 
10-08 09:34:53.188  5810  5810 I VRI[MainActivity]@8ad27a4: ViewPostIme pointer 0
10-08 09:34:53.191  5810  5810 I VRI[MainActivity]@8ad27a4: call setFrameRateCategory for touch hint category=high hint, reason=touch, vri=VRI[MainActivity]@8ad27a4
10-08 09:34:53.255  5810  5810 I VRI[MainActivity]@8ad27a4: ViewPostIme pointer 1
10-08 09:34:53.256  5810  5810 D MainActivity: Intro -> Start session. epoch=1, file=survey_config10.yaml
10-08 09:34:53.277  5810  5810 I View    : setRequestedFrameRate frameRate=-4.0, this=android.view.View{26ce5b2 V.ED..... ........ 0,0-0,0}, caller=androidx.compose.ui.platform.Api35Impl.setRequestedFrameRate:4047 androidx.compose.ui.platform.AndroidComposeView.dispatchDraw:2282 android.view.View.draw:26758 android.view.View.updateDisplayListIfDirty:25577 android.view.View.draw:26477 
10-08 09:34:53.286  5810  5810 I View    : setRequestedFrameRate frameRate=NaN, this=android.view.View{26ce5b2 V.ED..... ........ 0,0-0,0}, caller=androidx.compose.ui.platform.Api35Impl.setRequestedFrameRate:4047 androidx.compose.ui.platform.AndroidComposeView.dispatchDraw:2282 android.view.View.draw:26758 android.view.View.updateDisplayListIfDirty:25577 android.view.ViewGroup.recreateChildDisplayList:4881 
10-08 09:34:53.309  5810  5810 D MainActivity: Config loaded. session=survey_config10.yaml@1
10-08 09:34:53.314  5810  5810 D MainActivity: DownloadGate idle -> start download. session=survey_config10.yaml@1
10-08 09:34:53.315  5810  5810 I AppViewModel: private model reused: name=gemma-3n-E4B-it-int4.litertlm bytes=4919541760
10-08 09:34:53.322  5810  5810 I Dialog  : mIsDeviceDefault = false, mIsSamsungBasicInteraction = false, isMetaDataInActivity = false
10-08 09:34:53.323  5810  5810 I DecorView: setWindowBackground: isPopOver=false color=0 d=android.graphics.drawable.ColorDrawable@77069df
10-08 09:34:53.327  5810  5810 I WindowManager: WindowManagerGlobal#addView, ty=2, view=com.android.internal.policy.DecorView{d6d6848 V.E...... R.....I. 0,0-0,0}[MainActivity], caller=android.view.WindowManagerImpl.addView:167 android.app.Dialog.show:544 androidx.compose.ui.window.AndroidDialog_androidKt.Dialog$lambda$3$0:272 
10-08 09:34:53.327  5810  5810 D ViewRootImpl: desktopMode is false
10-08 09:34:53.327  5810  5810 I ViewRootImpl: dVRR is disabled
10-08 09:34:53.327  5810  5838 D NativeCustomFrequencyManager: [NativeCFMS] BpCustomFrequencyManager::BpCustomFrequencyManager()
10-08 09:34:53.329  5810  5843 E perf_hint: Session ID too large, must fit 32-bit integer
10-08 09:34:53.331  5810  5810 D InputTransport: Input channel constructed: 'b8173f2', fd=151
10-08 09:34:53.331  5810  5810 I InsetsController: onStateChanged: host=com.negi.survey/com.negi.survey.MainActivity, from=android.view.ViewRootImpl.onInsetsStateChanged:3038, state=InsetsState: {mDisplayFrame=Rect(0, 0 - 1080, 2340), mDisplayCutout=DisplayCutout{insets=Rect(0, 103 - 0, 0) waterfall=Insets{left=0, top=0, right=0, bottom=0} boundingRect={Bounds=[Rect(0, 0 - 0, 0), Rect(511, 0 - 569, 103), Rect(0, 0 - 0, 0), Rect(0, 0 - 0, 0)]} cutoutPathParserInfo={CutoutPathParserInfo{displayWidth=1080 displayHeight=2340 physicalDisplayWidth=1080 physicalDisplayHeight=2340 density={3.0} cutoutSpec={M 0,0 H -9.666666666666667 V 34.33333333333333 H 9.666666666666667 V 0 H 0 Z @dp} rotation={0} scale={1.0} physicalPixelDisplaySizeRatio={1.0}}} sideOverrides={}}, mRoundedCorners=RoundedCorners{[RoundedCorner{position=TopLeft, radius=102, center=Point(102, 102)}, RoundedCorner{position=TopRight, radius=102, center=Point(978, 102)}, RoundedCorner{position=BottomRight, radius=102, center=Point(978, 2238)}, RoundedCorner{position=BottomLeft, radius=102, center=Point(102, 2238)}]}  mRoundedCornerFrame=Rect(0, 0 - 1080, 2340), mPrivacyIndicatorBounds=PrivacyIndicatorBounds {static bounds=Rect(948, 0 - 1080, 103) rotation=0}, mDisplayShape=DisplayShape{ spec=-311912193 displayWidth=1080 displayHeight=2340 physicalPixelDisplaySizeRatio=1.0 rotation=0 offsetX=0 offsetY=0 scale=1.0}, mSources= { InsetsSource: {d2c60001 mType=navigationBars mFrame=[0,2196][1080,2340] mAttachedInsets=null mVisible=true mFlags= mSideHint=BOTTOM mBoundingRects=null}, InsetsSource: {d2c60004 mType=systemGestures mFrame=[0,0][0,0] mAttachedInsets=null mVisible=true mFlags= mSideHint=NONE mBoundingRects=null}, InsetsSource: {d2c60005 mType=mandatorySystemGestures mFrame=[0,2196][1080,2340] mAttachedInsets=null mVisible=true mFlags= mSideHint=BOTTOM mBoundingRects=null}, InsetsSource: {d2c60006 mType=tappableElement mFrame=[0,2196][1080,2340] mAttachedInsets=null mVisible=true mFlags= mSideHint=BOTTOM mBoundingRects=null}, InsetsSource: {d2c60024 mType=systemGestures mFrame=[0,0][0,0] mAttachedInsets=null mVisible=true mFlags= mSideHint=NONE mBoundingRects=null}, InsetsSource: {3 mType=ime mFrame=[0,0][0,0] mAttachedInsets=null mVisible=false mFlags=INVALID mSideHint=NONE mBoundingRects=null}, InsetsSource: {27 mType=displayCutout mFrame=[0,0][1080,103] mAttachedInsets=null mVisible=true mFlags= mSideHint=TOP mBoundingRects=null}, InsetsSource: {543c0000 mType=statusBars mFrame=[0,0][1080,103] mAttachedInsets=null mVisible=true mFlags= mSideHint=TOP mBoundingRects=null}, InsetsSource: {543c0005 mType=mandatorySystemGestures mFrame=[0,0][1080,139] mAttachedInsets=null mVisible=true mFlags= mSideHint=TOP mBoundingRects=null}, InsetsSource: {543c0006 mType=tappableElement mFrame=[0,0][1080,103] mAttachedInsets=null mVisible=true mFlags= mSideHint=TOP mBoundingRects=null} }
10-08 09:34:53.331  5810  5810 I VRI[MainActivity]@d0b86e1: synced displayState. AttachInfo displayState=2
10-08 09:34:53.331  5810  5810 I VRI[MainActivity]@d0b86e1: setView = com.android.internal.policy.DecorView@d6d6848 IsHRR=false mFlingFrameRateChange=0 TM=true
10-08 09:34:53.332  5810  5810 D WindowOnBackDispatcher: setTopOnBackInvokedCallback (unwrapped): android.app.Dialog$$ExternalSyntheticLambda4@358b01d
10-08 09:34:53.332  5810  5810 D WindowOnBackDispatcher: setTopOnBackInvokedCallback (unwrapped): androidx.navigationevent.OnBackInvokedInput$createOnBackAnimationCallback$1@5da0292
10-08 09:34:53.345  5810  5810 I BufferQueueProducer: [](id:16b200000001,api:0,p:256169072,c:5810) setDequeueTimeout:2077252342
10-08 09:34:53.345  5810  5810 I BLASTBufferQueue_Java: new BLASTBufferQueue, mName= VRI[MainActivity]@d0b86e1 mNativeObject= 0xb4000075ff4446b0 caller= android.view.ViewRootImpl.updateBlastSurfaceIfNeeded:3603 android.view.ViewRootImpl.relayoutWindow:11813 android.view.ViewRootImpl.performTraversals:4840 android.view.ViewRootImpl.doTraversal:3959 android.view.ViewRootImpl$TraversalRunnable.run:13034 android.view.Choreographer$CallbackRecord.run:1961 android.view.Choreographer$CallbackRecord.run:1970 android.view.Choreographer.doCallbacks:1423 android.view.Choreographer.doFrame:1348 android.view.Choreographer$FrameDisplayEventReceiver.run:1930 
10-08 09:34:53.345  5810  5810 I BLASTBufferQueue_Java: update, w= 1248 h= 1032 mName = VRI[MainActivity]@d0b86e1 mNativeObject= 0xb4000075ff4446b0 sc.mNativeObject= 0xb4000077bf4566d0 format= -2 caller= android.view.ViewRootImpl.updateBlastSurfaceIfNeeded:3608 android.view.ViewRootImpl.relayoutWindow:11813 android.view.ViewRootImpl.performTraversals:4840 android.view.ViewRootImpl.doTraversal:3959 android.view.ViewRootImpl$TraversalRunnable.run:13034 android.view.Choreographer$CallbackRecord.run:1961 
10-08 09:34:53.346  5810  5810 I VRI[MainActivity]@d0b86e1: Relayout returned: old=(0,103,1080,2196) new=(60,777,1020,1521) relayoutAsync=false req=(960,744)0 dur=2 res=0x3 s={true 0xb4000076df475620} ch=true seqId=0
10-08 09:34:53.346  5810  5810 I VRI[MainActivity]@d0b86e1: performConfigurationChange setNightDimText nightDimLevel=0
10-08 09:34:53.347  5810  5810 D VRI[MainActivity]@d0b86e1: mThreadedRenderer.initialize() mSurface={isValid=true 0xb4000076df475620} hwInitialized=true
10-08 09:34:53.349  5810  5810 D VRI[MainActivity]@d0b86e1: reportNextDraw android.view.ViewRootImpl.performTraversals:5507 android.view.ViewRootImpl.doTraversal:3959 android.view.ViewRootImpl$TraversalRunnable.run:13034 android.view.Choreographer$CallbackRecord.run:1961 android.view.Choreographer$CallbackRecord.run:1970 
10-08 09:34:53.349  5810  5810 D VRI[MainActivity]@d0b86e1: Setup new sync=wmsSync-VRI[MainActivity]@d0b86e1#2
10-08 09:34:53.349  5810  5810 I VRI[MainActivity]@d0b86e1: Creating new active sync group VRI[MainActivity]@d0b86e1#3
10-08 09:34:53.349  5810  5810 D VRI[MainActivity]@d0b86e1: registerCallbacksForSync syncBuffer=false
10-08 09:34:53.350  5810  5810 I View    : setRequestedFrameRate frameRate=-4.0, this=android.view.View{9bc534c V.ED..... ......I. 0,0-0,0}, caller=androidx.compose.ui.platform.Api35Impl.setRequestedFrameRate:4047 androidx.compose.ui.platform.AndroidComposeView.dispatchDraw:2282 android.view.View.draw:26758 android.view.View.updateDisplayListIfDirty:25577 android.view.View.draw:26477 
10-08 09:34:53.350  5810  5844 D VRI[MainActivity]@d0b86e1: Received frameDrawingCallback syncResult=0 frameNum=1.
10-08 09:34:53.350  5810  5844 I VRI[MainActivity]@d0b86e1: mWNT: t=0xb4000076af471240 mBlastBufferQueue=0xb4000075ff4446b0 fn= 1 HdrRenderState mRenderHdrSdrRatio=1.0 caller= android.view.ViewRootImpl$12.onFrameDraw:15561 android.view.ThreadedRenderer$1.onFrameDraw:751 <bottom of call stack> 
10-08 09:34:53.350  5810  5844 I VRI[MainActivity]@d0b86e1: Setting up sync and frameCommitCallback
10-08 09:34:53.352  5810  5838 I BLASTBufferQueue: [VRI[MainActivity]@d0b86e1#1](f:0,a:0,s:0) onFrameAvailable the first frame is available
10-08 09:34:53.352  5810  5838 I SurfaceComposerClient: apply transaction with the first frame. layerId: 3013, bufferData(ID: 24953759989767, frameNumber: 1)
10-08 09:34:53.353  5810  5838 I VRI[MainActivity]@d0b86e1: Received frameCommittedCallback lastAttemptedDrawFrameNum=1 didProduceBuffer=true
10-08 09:34:53.353  5810  5838 D HWUI    : CFMS:: SetUp Pid : 5810    Tid : 5838
10-08 09:34:53.353  5810  5810 D VRI[MainActivity]@d0b86e1: reportDrawFinished seqId=0
10-08 09:34:53.354  5810  5810 I BLASTBufferQueue_Java: update, w= 1248 h= 1032 mName = VRI[MainActivity]@d0b86e1 mNativeObject= 0xb4000075ff4446b0 sc.mNativeObject= 0xb4000077bf4566d0 format= -2 caller= android.view.ViewRootImpl.updateBlastSurfaceIfNeeded:3592 android.view.ViewRootImpl.relayoutWindow:11813 android.view.ViewRootImpl.performTraversals:4840 android.view.ViewRootImpl.doTraversal:3959 android.view.ViewRootImpl$TraversalRunnable.run:13034 android.view.Choreographer$CallbackRecord.run:1961 
10-08 09:34:53.354  5810  5810 I VRI[MainActivity]@d0b86e1: Relayout returned: old=(60,777,1020,1521) new=(60,777,1020,1521) relayoutAsync=true req=(960,744)0 dur=0 res=0x0 s={true 0xb4000076df475620} ch=false seqId=0
10-08 09:34:53.355  5810  5810 I VRI[MainActivity]@d0b86e1: registerCallbackForPendingTransactions
10-08 09:34:53.356  5810  5843 I VRI[MainActivity]@d0b86e1: mWNT: t=0xb4000076af46d620 mBlastBufferQueue=0xb4000075ff4446b0 fn= 2 HdrRenderState mRenderHdrSdrRatio=1.0 caller= android.view.ViewRootImpl$10.onFrameDraw:6615 android.view.ViewRootImpl$4.onFrameDraw:2485 android.view.ThreadedRenderer$1.onFrameDraw:751 
10-08 09:34:53.356  5810  5838 D HWUI    : HWUI - treat SMPTE_170M as sRGB
10-08 09:34:53.356  5810  5810 I InsetsSourceConsumer: applyRequestedVisibilityToControl: visible=true, type=statusBars, host=com.negi.survey/com.negi.survey.MainActivity
10-08 09:34:53.356  5810  5810 I InsetsSourceConsumer: applyRequestedVisibilityToControl: visible=true, type=navigationBars, host=com.negi.survey/com.negi.survey.MainActivity
10-08 09:34:53.362  5810  5810 I ImeFocusController: onPreWindowFocus: skipped hasWindowFocus=false mHasImeFocus=true
10-08 09:34:53.362  5810  5810 I ImeFocusController: onPostWindowFocus: skipped hasWindowFocus=false mHasImeFocus=true
10-08 09:34:53.380  5810  5810 D VRI[MainActivity]@d0b86e1: mThreadedRenderer.initializeIfNeeded()#2 mSurface={isValid=true 0xb4000076df475620}
10-08 09:34:53.380  5810  5810 D InputMethodManagerUtils: startInputInner - Id : 0
10-08 09:34:53.380  5810  5810 I InputMethodManager: startInputInner - IInputMethodManagerGlobalInvoker.startInputOrWindowGainedFocus
10-08 09:34:53.381  5810  5810 D InsetsController: hide(ime())
10-08 09:34:53.381  5810  5810 I ImeTracker: com.negi.survey:59798c9a: onCancelled at PHASE_CLIENT_ALREADY_HIDDEN
10-08 09:34:53.382  5810  5821 D InputTransport: Input channel constructed: 'ClientS', fd=190
10-08 09:34:54.099  5810  5810 I VRI[MainActivity]@d0b86e1: ViewPostIme pointer 0
10-08 09:34:54.101  5810  5810 I VRI[MainActivity]@d0b86e1: call setFrameRateCategory for touch hint category=high hint, reason=touch, vri=VRI[MainActivity]@d0b86e1
10-08 09:34:54.103  5810  5810 I View    : setRequestedFrameRate frameRate=NaN, this=android.view.View{9bc534c V.ED..... ........ 0,0-0,0}, caller=androidx.compose.ui.platform.Api35Impl.setRequestedFrameRate:4047 androidx.compose.ui.platform.AndroidComposeView.dispatchDraw:2282 android.view.View.draw:26758 android.view.View.updateDisplayListIfDirty:25577 android.view.ViewGroup.recreateChildDisplayList:4881 
10-08 09:34:54.162  5810  5810 I VRI[MainActivity]@d0b86e1: ViewPostIme pointer 1
10-08 09:34:54.170  5810  5810 I WindowManager: WindowManagerGlobal#removeView, ty=2, view=com.android.internal.policy.DecorView{d6d6848 V.E...... R......D 0,0-960,744 aid=1073741826}[MainActivity], caller=android.view.WindowManagerGlobal.removeView:654 android.view.WindowManagerImpl.removeViewImmediate:254 android.app.Dialog.dismissDialog:854 
10-08 09:34:54.170  5810  5810 D WindowOnBackDispatcher: setTopOnBackInvokedCallback (unwrapped): null
10-08 09:34:54.173  5810  5838 I AdrenoVK-0: Shader compilation failed for shaderType: 4
10-08 09:34:54.173  5810  5838 I AdrenoVK-0: Pipeline create failed
10-08 09:34:54.196  5810  5838 D HWUI    : endAllActiveAnimators on 0xb4000076df47d070 (UnprojectedRipple) with handle 0xb4000077df4976a0
10-08 09:34:54.196  5810  5810 I VRI[MainActivity]@d0b86e1: dispatchDetachedFromWindow
10-08 09:34:54.199  5810  5810 D InputTransport: Input channel destroyed: 'b8173f2', fd=151
10-08 09:34:54.211  5810  5810 I InsetsController: onStateChanged: host=com.negi.survey/com.negi.survey.MainActivity, from=android.view.ViewRootImpl.onInsetsStateChanged:3038, state=InsetsState: {mDisplayFrame=Rect(0, 0 - 1080, 2340), mDisplayCutout=DisplayCutout{insets=Rect(0, 103 - 0, 0) waterfall=Insets{left=0, top=0, right=0, bottom=0} boundingRect={Bounds=[Rect(0, 0 - 0, 0), Rect(511, 0 - 569, 103), Rect(0, 0 - 0, 0), Rect(0, 0 - 0, 0)]} cutoutPathParserInfo={CutoutPathParserInfo{displayWidth=1080 displayHeight=2340 physicalDisplayWidth=1080 physicalDisplayHeight=2340 density={3.0} cutoutSpec={M 0,0 H -9.666666666666667 V 34.33333333333333 H 9.666666666666667 V 0 H 0 Z @dp} rotation={0} scale={1.0} physicalPixelDisplaySizeRatio={1.0}}} sideOverrides={}}, mRoundedCorners=RoundedCorners{[RoundedCorner{position=TopLeft, radius=102, center=Point(102, 102)}, RoundedCorner{position=TopRight, radius=102, center=Point(978, 102)}, RoundedCorner{position=BottomRight, radius=102, center=Point(978, 2238)}, RoundedCorner{position=BottomLeft, radius=102, center=Point(102, 2238)}]}  mRoundedCornerFrame=Rect(0, 0 - 1080, 2340), mPrivacyIndicatorBounds=PrivacyIndicatorBounds {static bounds=Rect(948, 0 - 1080, 103) rotation=0}, mDisplayShape=DisplayShape{ spec=-311912193 displayWidth=1080 displayHeight=2340 physicalPixelDisplaySizeRatio=1.0 rotation=0 offsetX=0 offsetY=0 scale=1.0}, mSources= { InsetsSource: {d2c60001 mType=navigationBars mFrame=[0,2196][1080,2340] mAttachedInsets=null mVisible=true mFlags= mSideHint=BOTTOM mBoundingRects=null}, InsetsSource: {d2c60004 mType=systemGestures mFrame=[0,0][0,0] mAttachedInsets=null mVisible=true mFlags= mSideHint=NONE mBoundingRects=null}, InsetsSource: {d2c60005 mType=mandatorySystemGestures mFrame=[0,2196][1080,2340] mAttachedInsets=null mVisible=true mFlags= mSideHint=BOTTOM mBoundingRects=null}, InsetsSource: {d2c60006 mType=tappableElement mFrame=[0,2196][1080,2340] mAttachedInsets=null mVisible=true mFlags= mSideHint=BOTTOM mBoundingRects=null}, InsetsSource: {d2c60024 mType=systemGestures mFrame=[0,0][0,0] mAttachedInsets=null mVisible=true mFlags= mSideHint=NONE mBoundingRects=null}, InsetsSource: {27 mType=displayCutout mFrame=[0,0][1080,103] mAttachedInsets=null mVisible=true mFlags= mSideHint=TOP mBoundingRects=null}, InsetsSource: {543c0000 mType=statusBars mFrame=[0,0][1080,103] mAttachedInsets=null mVisible=true mFlags= mSideHint=TOP mBoundingRects=null}, InsetsSource: {543c0005 mType=mandatorySystemGestures mFrame=[0,0][1080,139] mAttachedInsets=null mVisible=true mFlags= mSideHint=TOP mBoundingRects=null}, InsetsSource: {543c0006 mType=tappableElement mFrame=[0,0][1080,103] mAttachedInsets=null mVisible=true mFlags= mSideHint=TOP mBoundingRects=null} }
10-08 09:34:54.211  5810  5810 I InsetsSourceConsumer: applyRequestedVisibilityToControl: visible=true, type=statusBars, host=com.negi.survey/com.negi.survey.MainActivity
10-08 09:34:54.212  5810  5810 I InsetsSourceConsumer: applyRequestedVisibilityToControl: visible=true, type=navigationBars, host=com.negi.survey/com.negi.survey.MainActivity
10-08 09:34:54.213  5810  5810 D VRI[MainActivity]@8ad27a4: mThreadedRenderer.initializeIfNeeded()#2 mSurface={isValid=true 0xb4000076df43ca70}
10-08 09:34:54.213  5810  5810 D InputMethodManagerUtils: startInputInner - Id : 0
10-08 09:34:54.213  5810  5810 I InputMethodManager: startInputInner - IInputMethodManagerGlobalInvoker.startInputOrWindowGainedFocus
10-08 09:34:54.214  5810  5810 D InsetsController: hide(ime())
10-08 09:34:54.214  5810  5810 I ImeTracker: com.negi.survey:b2d66a: onCancelled at PHASE_CLIENT_ALREADY_HIDDEN
10-08 09:34:54.215  5810  5867 D InputTransport: Input channel constructed: 'ClientS', fd=151
10-08 09:34:54.269  5810  5810 D github_upload: enqueueStartupRuntimeLogsUpload: uniqueName=upload_runtime_logs_startup policy=KEEP session=startup_runtime_20261008_163454_ed22b793
10-08 09:34:54.271  5810  5810 D github_upload: enqueueStartupRingLogsUpload: uniqueName=upload_ring_logs_startup policy=KEEP session=startup_ring_20261008_163454_e30afda3
10-08 09:34:54.272  5810  5901 D CrashCapture: enqueuePendingCrashUploadsIfPossible enter where=SurveyApp:enqueuePending(immediate):bg pid=5810 thread=CrashCapture-Enqueue
10-08 09:34:54.283  5810  5859 D WM-SystemJobScheduler: Scheduling work ID bdbc07ae-7777-4ed6-bee3-07803c8459e7Job ID 2
10-08 09:34:54.288  5810  5810 D WM-SystemJobService: onStartJob for WorkGenerationalId(workSpecId=bdbc07ae-7777-4ed6-bee3-07803c8459e7, generation=0)
10-08 09:34:54.288  5810  5859 D WM-GreedyScheduler: Starting tracking for bdbc07ae-7777-4ed6-bee3-07803c8459e7
10-08 09:34:54.295  5810  5859 D WM-SystemJobScheduler: Scheduling work ID 21ef5f3b-dc25-41ad-913a-291ff324aa1aJob ID 3
10-08 09:34:54.296  5810  5810 D WM-SystemJobService: onStartJob for WorkGenerationalId(workSpecId=21ef5f3b-dc25-41ad-913a-291ff324aa1a, generation=0)
10-08 09:34:54.297  5810  5859 D WM-GreedyScheduler: Starting tracking for bdbc07ae-7777-4ed6-bee3-07803c8459e7,21ef5f3b-dc25-41ad-913a-291ff324aa1a
10-08 09:34:54.298  5810  5859 D WM-Processor: Processor: processing WorkGenerationalId(workSpecId=bdbc07ae-7777-4ed6-bee3-07803c8459e7, generation=0)
10-08 09:34:54.299  5810  5859 D WM-Processor: Processor: processing WorkGenerationalId(workSpecId=21ef5f3b-dc25-41ad-913a-291ff324aa1a, generation=0)
10-08 09:34:54.303  5810  5810 D WM-WorkerWrapper: Starting work for com.negi.survey.net.GitHubUploadWorker
10-08 09:34:54.304  5810  5810 D WM-WorkerWrapper: Starting work for com.negi.survey.net.GitHubUploadWorker
10-08 09:34:54.305  5810  5859 D WM-WorkConstraintsTrack: NetworkRequestConstraintController register shared callback
10-08 09:34:54.305  5810  5859 D ConnectivityManager: StackLog: [android.net.ConnectivityManager.sendRequestForNetwork(ConnectivityManager.java:4698)] [android.net.ConnectivityManager.sendRequestForNetwork(ConnectivityManager.java:4867)] [android.net.ConnectivityManager.registerDefaultNetworkCallbackForUid(ConnectivityManager.java:5427)] [android.net.ConnectivityManager.registerDefaultNetworkCallback(ConnectivityManager.java:5395)] [android.net.ConnectivityManager.registerDefaultNetworkCallback(ConnectivityManager.java:5369)] [androidx.work.impl.constraints.SharedNetworkCallback.addCallback(WorkConstraintsTracker.kt:362)] [androidx.work.impl.constraints.NetworkRequestConstraintController$track$1.invokeSuspend(WorkConstraintsTracker.kt:179)] [androidx.work.impl.constraints.NetworkRequestConstraintController$track$1.invoke(WorkConstraintsTracker.kt:8)] [androidx.work.impl.constraints.NetworkRequestConstraintController$track$1.invoke(WorkConstraintsTracker.kt:4)] [kotlinx.coroutines.flow.ChannelFlowBuilder.collectTo$suspendImpl(Builders.kt:316)] [kotlinx.coroutines.flow.ChannelFlowBuilder.collectTo(Builders.kt:0)] [kotlinx.coroutines.flow.CallbackFlowBuilder.collectTo(Builders.kt:330)] [kotlinx.coroutines.flow.internal.ChannelFlow$collectToFun$1.invokeSuspend(ChannelFlow.kt:56)] [kotlin.coroutines.jvm.internal.BaseContinuationImpl.resumeWith(ContinuationImpl.kt:34)] [kotlinx.coroutines.DispatchedTask.run(DispatchedTask.kt:100)] [androidx.work.impl.utils.SerialExecutorImpl$Task.run(SerialExecutorImpl.java:96)] [java.util.concurrent.ThreadPoolExecutor.runWorker(ThreadPoolExecutor.java:1100)] [java.util.concurrent.ThreadPoolExecutor$Worker.run(ThreadPoolExecutor.java:624)] [java.lang.Thread.run(Thread.java:1571)]
10-08 09:34:54.307  5810  5905 D WM-WorkConstraintsTrack: NetworkRequestConstraintController onCapabilitiesChanged callback
10-08 09:34:54.307  5810  5905 D WM-WorkConstraintsTrack: Not dispatching constraint state yet: isBlocked=null, capabilitiesInitialized=true
10-08 09:34:54.307  5810  5905 D WM-WorkConstraintsTrack: NetworkRequestConstraintController onBlockedStatusChanged callback false
10-08 09:34:54.307  5810  5859 D WM-PackageManagerHelper: androidx.work.impl.background.systemalarm.RescheduleReceiver enabled
10-08 09:34:54.308  5810  5859 I WM-Processor: Moving WorkSpec (21ef5f3b-dc25-41ad-913a-291ff324aa1a) to the foreground
10-08 09:34:54.315  5810  5810 I WM-SystemFgDispatcher: Started foreground service Intent { act=ACTION_START_FOREGROUND xflg=0x4 cmp=com.negi.survey/androidx.work.impl.foreground.SystemForegroundService (has extras) }
10-08 09:34:54.315  5810  5810 D WM-SystemFgDispatcher: Notifying with (id:7663, workSpecId: 21ef5f3b-dc25-41ad-913a-291ff324aa1a, notificationType :1)
10-08 09:34:54.316  5810  5859 I WM-Processor: Moving WorkSpec (bdbc07ae-7777-4ed6-bee3-07803c8459e7) to the foreground
10-08 09:34:54.317  5810  5810 D WM-SystemFgDispatcher: Notifying with (id:7663, workSpecId: 21ef5f3b-dc25-41ad-913a-291ff324aa1a, notificationType :1)
10-08 09:34:54.317  5810  5810 I NotificationManager: com.negi.survey: notify(7663, null, Notification(channel=uploads shortcut=null contentView=null vibrate=null sound=null defaults=0 flags=ONGOING_EVENT|ONLY_ALERT_ONCE color=0x00000000 category=progress vis=PRIVATE semFlags=0x0 semPriority=0 semMissedCount=0 semScenarioType=0)) as user
10-08 09:34:54.317  5810  5810 D NotificationManager: BOOTING pkg =com.negi.survey mBlockedChannelsForOverflowNoti=[]
10-08 09:34:54.318  5810  5859 D WM-WorkProgressUpdater: Updating progress for 21ef5f3b-dc25-41ad-913a-291ff324aa1a (Data {pct : 3, mode : startup_ring_logs})
10-08 09:34:54.318  5810  5810 I WM-SystemFgDispatcher: Started foreground service Intent { act=ACTION_START_FOREGROUND xflg=0x4 cmp=com.negi.survey/androidx.work.impl.foreground.SystemForegroundService (has extras) }
10-08 09:34:54.318  5810  5810 D WM-SystemFgDispatcher: Notifying with (id:4281, workSpecId: bdbc07ae-7777-4ed6-bee3-07803c8459e7, notificationType :1)
10-08 09:34:54.318  5810  5810 I NotificationManager: com.negi.survey: notify(4281, null, Notification(channel=uploads shortcut=null contentView=null vibrate=null sound=null defaults=0 flags=ONGOING_EVENT|ONLY_ALERT_ONCE color=0x00000000 category=progress vis=PRIVATE semFlags=0x0 semPriority=0 semMissedCount=0 semScenarioType=0)) as user
10-08 09:34:54.319  5810  5859 I WM-Processor: Moving WorkSpec (21ef5f3b-dc25-41ad-913a-291ff324aa1a) to the foreground
10-08 09:34:54.319  5810  5859 D WM-GreedyScheduler: Constraints met: Scheduling work ID WorkGenerationalId(workSpecId=bdbc07ae-7777-4ed6-bee3-07803c8459e7, generation=0)
10-08 09:34:54.319  5810  5859 D WM-GreedyScheduler: Constraints met: Scheduling work ID WorkGenerationalId(workSpecId=21ef5f3b-dc25-41ad-913a-291ff324aa1a, generation=0)
10-08 09:34:54.320  5810  5810 D WM-SystemFgDispatcher: Notifying with (id:4281, workSpecId: bdbc07ae-7777-4ed6-bee3-07803c8459e7, notificationType :1)
10-08 09:34:54.320  5810  5810 I NotificationManager: com.negi.survey: notify(4281, null, Notification(channel=uploads shortcut=null contentView=null vibrate=null sound=null defaults=0 flags=ONGOING_EVENT|ONLY_ALERT_ONCE color=0x00000000 category=progress vis=PRIVATE semFlags=0x0 semPriority=0 semMissedCount=0 semScenarioType=0)) as user
10-08 09:34:54.320  5810  5859 D WM-WorkProgressUpdater: Updating progress for bdbc07ae-7777-4ed6-bee3-07803c8459e7 (Data {pct : 3, mode : startup_runtime_logs})
10-08 09:34:54.321  5810  5810 D WM-SystemFgDispatcher: Notifying with (id:7663, workSpecId: 21ef5f3b-dc25-41ad-913a-291ff324aa1a, notificationType :1)
10-08 09:34:54.321  5810  5810 I NotificationManager: com.negi.survey: notify(7663, null, Notification(channel=uploads shortcut=null contentView=null vibrate=null sound=null defaults=0 flags=ONGOING_EVENT|ONLY_ALERT_ONCE color=0x00000000 category=progress vis=PRIVATE semFlags=0x0 semPriority=0 semMissedCount=0 semScenarioType=0)) as user
10-08 09:34:54.322  5810  5859 I WM-Processor: Moving WorkSpec (bdbc07ae-7777-4ed6-bee3-07803c8459e7) to the foreground
10-08 09:34:54.322  5810  5810 D WM-SystemFgDispatcher: Notifying with (id:4281, workSpecId: bdbc07ae-7777-4ed6-bee3-07803c8459e7, notificationType :1)
10-08 09:34:54.322  5810  5810 I NotificationManager: com.negi.survey: notify(4281, null, Notification(channel=uploads shortcut=null contentView=null vibrate=null sound=null defaults=0 flags=ONGOING_EVENT|ONLY_ALERT_ONCE color=0x00000000 category=progress vis=PRIVATE semFlags=0x0 semPriority=0 semMissedCount=0 semScenarioType=0)) as user
10-08 09:34:54.323  5810  5859 D WM-Processor: Work WorkGenerationalId(workSpecId=bdbc07ae-7777-4ed6-bee3-07803c8459e7, generation=0) is already enqueued for processing
10-08 09:34:54.324  5810  5859 D WM-Processor: Work WorkGenerationalId(workSpecId=21ef5f3b-dc25-41ad-913a-291ff324aa1a, generation=0) is already enqueued for processing
10-08 09:34:54.324  5810  5859 D WM-WorkConstraintsTrack: NetworkRequestConstraintController send initial capabilities
10-08 09:34:54.324  5810  5859 D WM-WorkConstraintsTrack: NetworkRequestConstraintController send initial capabilities
