=== Previous Session Logcat ===
captured_time_utc=20261002_002211
captured_time_local=20261001_192211
marker=2026-10-01 19:20:03.138
preferred_prev_pid=-1
note=best-effort; buffers may be overwritten before next start
sdk=36
device=samsung SM-S731U
appId=com.negi.survey
versionName=0.0.1
versionCode=110

=== Logcat (since marker) ===
--------- beginning of main
10-01 19:20:03.138 23458 23551 D CrashCapture: Staged prev session logcat: /data/user/0/com.negi.survey/files/diagnostics/crash/prevlog_20261002_002002_pid23458.log bytes=391992 marker=2026-10-01 18:46:28.739 pid=12514
10-01 19:20:03.141 23458 23551 D CrashCapture: Persisted logcat marker for next run: 2026-10-01 19:20:03.138
10-01 19:20:03.144 23458 23551 D CrashCapture: GitHub hints: owner=ishizuki-tech repo=SurveyExports branch=main pathPrefix=diagnostics/crash
10-01 19:20:03.145 23458 23551 D CrashCapture: Enqueuing GitHub crash uploads… (mirror-first) where=SurveyApp:enqueuePending(immediate):bg
10-01 19:20:03.146 23458 23551 D CrashCapture: GitHub enqueue(crash file): name=prevlog_20261002_002002_pid23458.log bytes=391992 remote=prevlog_20261002_002002_pid23458.log where=SurveyApp:enqueuePending(immediate):bg
10-01 19:20:03.148 23458 23551 D CrashCapture: GitHub enqueue(crash file): name=exit_20261002_001801_1790900281123_pid12514_r3.log bytes=379 remote=exit_20261002_001801_1790900281123_pid12514_r3.log where=SurveyApp:enqueuePending(immediate):bg
10-01 19:20:03.150 23458 23551 D CrashCapture: GitHub enqueue(crash file): name=prevlog_20261001_234627_pid12514.log bytes=376 remote=prevlog_20261001_234627_pid12514.log where=SurveyApp:enqueuePending(immediate):bg
10-01 19:20:03.152 23458 23551 D CrashCapture: GitHub enqueue(crash file): name=prevlog_20261001_234201_pid12170.log bytes=48649 remote=prevlog_20261001_234201_pid12170.log where=SurveyApp:enqueuePending(immediate):bg
10-01 19:20:03.154 23458 23551 D CrashCapture: GitHub enqueue(crash file): name=prevlog_20261001_234119_pid9359.log bytes=8727 remote=prevlog_20261001_234119_pid9359.log where=SurveyApp:enqueuePending(immediate):bg
10-01 19:20:03.157 23458 23551 D CrashCapture: GitHub enqueue(crash file): name=prevlog_20261001_233854_pid19617.log bytes=511112 remote=prevlog_20261001_233854_pid19617.log where=SurveyApp:enqueuePending(immediate):bg
10-01 19:20:03.161 23458 23506 D WM-SystemJobScheduler: Scheduling work ID 2c10ae0f-b8bd-4282-b180-9d7a2345d2a3Job ID 70
10-01 19:20:03.161 23458 23551 D CrashCapture: GitHub enqueue(crash file): name=prevlog_20261001_233652_pid18876.log bytes=870731 remote=prevlog_20261001_233652_pid18876.log where=SurveyApp:enqueuePending(immediate):bg
10-01 19:20:03.163 23458 23506 D WM-GreedyScheduler: Starting tracking for 3d8d3568-081b-49a3-bf92-c3bc4c54a7e6,6e664794-a0a2-456d-afb3-f82796dcea40,2c10ae0f-b8bd-4282-b180-9d7a2345d2a3,2b80abe2-d6ea-4f5c-87bb-9a7a4abacbc4,5dbbd0db-e360-4b52-ab8e-e035895f3ac2,a25fb0c1-58af-4c13-9b2b-1363736f33de,61987175-d848-4fee-a061-c0c4fdd52174
10-01 19:20:03.164 23458 23551 D CrashCapture: GitHub enqueue(ring file): bytes=16351 remote=ring_store/20261002_002003_pid23458_u127742/seg_00.log src=seg_00.log where=SurveyApp:enqueuePending(immediate):bg
10-01 19:20:03.166 23458 23551 D CrashCapture: Ring store enqueue done. dir=/data/user/0/com.negi.survey/files/diagnostics/applog_ring files=1 bytes=16351 capFiles=300 capBytes=90000000 where=SurveyApp:enqueuePending(immediate):bg
10-01 19:20:03.175 23458 23504 D WM-SystemJobScheduler: Scheduling work ID d2381219-e9af-41c4-96e8-8ca6e95bf7d4Job ID 71
10-01 19:20:03.177 23458 23504 D WM-GreedyScheduler: Starting tracking for d2381219-e9af-41c4-96e8-8ca6e95bf7d4,3d8d3568-081b-49a3-bf92-c3bc4c54a7e6,6e664794-a0a2-456d-afb3-f82796dcea40,2c10ae0f-b8bd-4282-b180-9d7a2345d2a3,2b80abe2-d6ea-4f5c-87bb-9a7a4abacbc4,5dbbd0db-e360-4b52-ab8e-e035895f3ac2,a25fb0c1-58af-4c13-9b2b-1363736f33de,61987175-d848-4fee-a061-c0c4fdd52174
10-01 19:20:03.195 23458 23510 D WM-SystemJobScheduler: Scheduling work ID ed300a10-cbd0-40c2-b06c-13380aae609cJob ID 72
10-01 19:20:03.197 23458 23510 D WM-GreedyScheduler: Starting tracking for d2381219-e9af-41c4-96e8-8ca6e95bf7d4,ed300a10-cbd0-40c2-b06c-13380aae609c,3d8d3568-081b-49a3-bf92-c3bc4c54a7e6,6e664794-a0a2-456d-afb3-f82796dcea40,2c10ae0f-b8bd-4282-b180-9d7a2345d2a3,2b80abe2-d6ea-4f5c-87bb-9a7a4abacbc4,5dbbd0db-e360-4b52-ab8e-e035895f3ac2,a25fb0c1-58af-4c13-9b2b-1363736f33de,61987175-d848-4fee-a061-c0c4fdd52174
10-01 19:20:03.210 23458 23506 D WM-SystemJobScheduler: Scheduling work ID b27c5fae-c0ba-49e5-82de-b7ac2d0db139Job ID 73
10-01 19:20:03.212 23458 23506 D WM-GreedyScheduler: Starting tracking for d2381219-e9af-41c4-96e8-8ca6e95bf7d4,ed300a10-cbd0-40c2-b06c-13380aae609c,3d8d3568-081b-49a3-bf92-c3bc4c54a7e6,6e664794-a0a2-456d-afb3-f82796dcea40,2c10ae0f-b8bd-4282-b180-9d7a2345d2a3,2b80abe2-d6ea-4f5c-87bb-9a7a4abacbc4,5dbbd0db-e360-4b52-ab8e-e035895f3ac2,b27c5fae-c0ba-49e5-82de-b7ac2d0db139,a25fb0c1-58af-4c13-9b2b-1363736f33de,61987175-d848-4fee-a061-c0c4fdd52174
10-01 19:20:03.224 23458 23506 D WM-SystemJobScheduler: Scheduling work ID e07d24f4-2fd0-48ca-b3af-8270c7bcdc2cJob ID 74
10-01 19:20:03.226 23458 23506 D WM-GreedyScheduler: Starting tracking for d2381219-e9af-41c4-96e8-8ca6e95bf7d4,ed300a10-cbd0-40c2-b06c-13380aae609c,3d8d3568-081b-49a3-bf92-c3bc4c54a7e6,6e664794-a0a2-456d-afb3-f82796dcea40,e07d24f4-2fd0-48ca-b3af-8270c7bcdc2c,2c10ae0f-b8bd-4282-b180-9d7a2345d2a3,2b80abe2-d6ea-4f5c-87bb-9a7a4abacbc4,5dbbd0db-e360-4b52-ab8e-e035895f3ac2,b27c5fae-c0ba-49e5-82de-b7ac2d0db139,a25fb0c1-58af-4c13-9b2b-1363736f33de,61987175-d848-4fee-a061-c0c4fdd52174
10-01 19:20:03.238 23458 23506 D WM-SystemJobScheduler: Scheduling work ID bc3fafa7-6986-4604-9dab-69e1176a7d4dJob ID 75
10-01 19:20:03.240 23458 23506 D WM-GreedyScheduler: Starting tracking for d2381219-e9af-41c4-96e8-8ca6e95bf7d4,ed300a10-cbd0-40c2-b06c-13380aae609c,3d8d3568-081b-49a3-bf92-c3bc4c54a7e6,6e664794-a0a2-456d-afb3-f82796dcea40,e07d24f4-2fd0-48ca-b3af-8270c7bcdc2c,2c10ae0f-b8bd-4282-b180-9d7a2345d2a3,2b80abe2-d6ea-4f5c-87bb-9a7a4abacbc4,5dbbd0db-e360-4b52-ab8e-e035895f3ac2,b27c5fae-c0ba-49e5-82de-b7ac2d0db139,a25fb0c1-58af-4c13-9b2b-1363736f33de,bc3fafa7-6986-4604-9dab-69e1176a7d4d,61987175-d848-4fee-a061-c0c4fdd52174
10-01 19:20:03.252 23458 23506 D WM-SystemJobScheduler: Scheduling work ID 47ab36b0-01fb-4043-abcf-d30ba342cbecJob ID 76
10-01 19:20:03.254 23458 23506 D WM-GreedyScheduler: Starting tracking for d2381219-e9af-41c4-96e8-8ca6e95bf7d4,ed300a10-cbd0-40c2-b06c-13380aae609c,3d8d3568-081b-49a3-bf92-c3bc4c54a7e6,e07d24f4-2fd0-48ca-b3af-8270c7bcdc2c,2c10ae0f-b8bd-4282-b180-9d7a2345d2a3,47ab36b0-01fb-4043-abcf-d30ba342cbec,a25fb0c1-58af-4c13-9b2b-1363736f33de,bc3fafa7-6986-4604-9dab-69e1176a7d4d,6e664794-a0a2-456d-afb3-f82796dcea40,2b80abe2-d6ea-4f5c-87bb-9a7a4abacbc4,5dbbd0db-e360-4b52-ab8e-e035895f3ac2,b27c5fae-c0ba-49e5-82de-b7ac2d0db139,61987175-d848-4fee-a061-c0c4fdd52174
10-01 19:20:03.269 23458 23506 D WM-SystemJobScheduler: Scheduling work ID 2216fb38-0115-4954-a525-dbe51aa02df9Job ID 77
10-01 19:20:03.271 23458 23506 D WM-GreedyScheduler: Starting tracking for d2381219-e9af-41c4-96e8-8ca6e95bf7d4,ed300a10-cbd0-40c2-b06c-13380aae609c,3d8d3568-081b-49a3-bf92-c3bc4c54a7e6,e07d24f4-2fd0-48ca-b3af-8270c7bcdc2c,2c10ae0f-b8bd-4282-b180-9d7a2345d2a3,47ab36b0-01fb-4043-abcf-d30ba342cbec,a25fb0c1-58af-4c13-9b2b-1363736f33de,bc3fafa7-6986-4604-9dab-69e1176a7d4d,6e664794-a0a2-456d-afb3-f82796dcea40,2216fb38-0115-4954-a525-dbe51aa02df9,2b80abe2-d6ea-4f5c-87bb-9a7a4abacbc4,5dbbd0db-e360-4b52-ab8e-e035895f3ac2,b27c5fae-c0ba-49e5-82de-b7ac2d0db139,61987175-d848-4fee-a061-c0c4fdd52174
10-01 19:20:03.824 23458 23510 D WM-WorkConstraintsTrack: NetworkRequestConstraintController didn't receive neither onCapabilitiesChanged/onLost callback, sending `ConstraintsNotMet` after 1000 ms
10-01 19:20:03.824 23458 23510 D WM-GreedyScheduler: Constraints not met: Cancelling work ID WorkGenerationalId(workSpecId=6e664794-a0a2-456d-afb3-f82796dcea40, generation=0)
10-01 19:20:04.277 23458 23489 D WM-WorkConstraintsTrack: NetworkRequestConstraintController didn't receive neither onCapabilitiesChanged/onLost callback, sending `ConstraintsNotMet` after 1000 ms
10-01 19:20:04.278 23458 23489 D WM-WorkConstraintsTrack: NetworkRequestConstraintController didn't receive neither onCapabilitiesChanged/onLost callback, sending `ConstraintsNotMet` after 1000 ms
10-01 19:20:04.278 23458 23489 D WM-WorkConstraintsTrack: NetworkRequestConstraintController didn't receive neither onCapabilitiesChanged/onLost callback, sending `ConstraintsNotMet` after 1000 ms
10-01 19:20:04.278 23458 23489 D WM-WorkConstraintsTrack: NetworkRequestConstraintController didn't receive neither onCapabilitiesChanged/onLost callback, sending `ConstraintsNotMet` after 1000 ms
10-01 19:20:04.278 23458 23489 D WM-WorkConstraintsTrack: NetworkRequestConstraintController didn't receive neither onCapabilitiesChanged/onLost callback, sending `ConstraintsNotMet` after 1000 ms
10-01 19:20:04.278 23458 23489 D WM-WorkConstraintsTrack: NetworkRequestConstraintController didn't receive neither onCapabilitiesChanged/onLost callback, sending `ConstraintsNotMet` after 1000 ms
10-01 19:20:04.278 23458 23489 D WM-WorkConstraintsTrack: NetworkRequestConstraintController didn't receive neither onCapabilitiesChanged/onLost callback, sending `ConstraintsNotMet` after 1000 ms
10-01 19:20:04.278 23458 23489 D WM-WorkConstraintsTrack: NetworkRequestConstraintController didn't receive neither onCapabilitiesChanged/onLost callback, sending `ConstraintsNotMet` after 1000 ms
10-01 19:20:04.279 23458 23489 D WM-GreedyScheduler: Constraints not met: Cancelling work ID WorkGenerationalId(workSpecId=2c10ae0f-b8bd-4282-b180-9d7a2345d2a3, generation=0)
10-01 19:20:04.279 23458 23489 D WM-GreedyScheduler: Constraints not met: Cancelling work ID WorkGenerationalId(workSpecId=d2381219-e9af-41c4-96e8-8ca6e95bf7d4, generation=0)
10-01 19:20:04.279 23458 23489 D WM-GreedyScheduler: Constraints not met: Cancelling work ID WorkGenerationalId(workSpecId=ed300a10-cbd0-40c2-b06c-13380aae609c, generation=0)
10-01 19:20:04.279 23458 23489 D WM-GreedyScheduler: Constraints not met: Cancelling work ID WorkGenerationalId(workSpecId=b27c5fae-c0ba-49e5-82de-b7ac2d0db139, generation=0)
10-01 19:20:04.280 23458 23489 D WM-GreedyScheduler: Constraints not met: Cancelling work ID WorkGenerationalId(workSpecId=e07d24f4-2fd0-48ca-b3af-8270c7bcdc2c, generation=0)
10-01 19:20:04.280 23458 23489 D WM-GreedyScheduler: Constraints not met: Cancelling work ID WorkGenerationalId(workSpecId=bc3fafa7-6986-4604-9dab-69e1176a7d4d, generation=0)
10-01 19:20:04.280 23458 23489 D WM-GreedyScheduler: Constraints not met: Cancelling work ID WorkGenerationalId(workSpecId=47ab36b0-01fb-4043-abcf-d30ba342cbec, generation=0)
10-01 19:20:04.280 23458 23489 D WM-GreedyScheduler: Constraints not met: Cancelling work ID WorkGenerationalId(workSpecId=2216fb38-0115-4954-a525-dbe51aa02df9, generation=0)
10-01 19:20:05.570 23458 23574 D ProfileInstaller: Installing profile for com.negi.survey
10-01 19:20:29.183 23458 23468 W com.negi.survey: userfaultfd: MOVE ioctl seems unsupported: Connection timed out
10-01 19:21:20.826 23458 23511 D WM-WorkConstraintsTrack: NetworkRequestConstraintController onCapabilitiesChanged callback
10-01 19:21:20.826 23458 23511 D WM-WorkConstraintsTrack: Not dispatching constraint state yet: isBlocked=null, capabilitiesInitialized=true
10-01 19:21:20.826 23458 23511 D WM-WorkConstraintsTrack: NetworkRequestConstraintController onBlockedStatusChanged callback true
10-01 19:21:20.858 23458 23458 D WM-SystemJobService: onStartJob for WorkGenerationalId(workSpecId=a25fb0c1-58af-4c13-9b2b-1363736f33de, generation=0)
10-01 19:21:20.867 23458 23511 D WM-WorkConstraintsTrack: NetworkRequestConstraintController onBlockedStatusChanged callback false
10-01 19:21:20.869 23458 23458 D WM-SystemJobService: onStartJob for WorkGenerationalId(workSpecId=2b80abe2-d6ea-4f5c-87bb-9a7a4abacbc4, generation=0)
10-01 19:21:20.870 23458 23458 D WM-SystemJobService: onStartJob for WorkGenerationalId(workSpecId=5dbbd0db-e360-4b52-ab8e-e035895f3ac2, generation=0)
10-01 19:21:20.904 23458 23506 D WM-Processor: Processor: processing WorkGenerationalId(workSpecId=a25fb0c1-58af-4c13-9b2b-1363736f33de, generation=0)
10-01 19:21:20.908 23458 23506 D WM-Processor: Processor: processing WorkGenerationalId(workSpecId=2b80abe2-d6ea-4f5c-87bb-9a7a4abacbc4, generation=0)
10-01 19:21:20.909 23458 23506 D WM-Processor: Processor: processing WorkGenerationalId(workSpecId=5dbbd0db-e360-4b52-ab8e-e035895f3ac2, generation=0)
10-01 19:21:20.930 23458 23458 D WM-WorkerWrapper: Starting work for com.negi.survey.net.GitHubUploadWorker
10-01 19:21:20.937 23458 23506 D WM-GreedyScheduler: Constraints met: Scheduling work ID WorkGenerationalId(workSpecId=65cea02c-9640-449c-b834-3e8cbd729efe, generation=0)
10-01 19:21:20.938 23458 23504 D WM-GreedyScheduler: Constraints met: Scheduling work ID WorkGenerationalId(workSpecId=a25fb0c1-58af-4c13-9b2b-1363736f33de, generation=0)
10-01 19:21:20.938 23458 23504 D WM-GreedyScheduler: Constraints met: Scheduling work ID WorkGenerationalId(workSpecId=2b80abe2-d6ea-4f5c-87bb-9a7a4abacbc4, generation=0)
10-01 19:21:20.938 23458 23504 D WM-GreedyScheduler: Constraints met: Scheduling work ID WorkGenerationalId(workSpecId=5dbbd0db-e360-4b52-ab8e-e035895f3ac2, generation=0)
10-01 19:21:20.938 23458 23504 D WM-GreedyScheduler: Constraints met: Scheduling work ID WorkGenerationalId(workSpecId=3d8d3568-081b-49a3-bf92-c3bc4c54a7e6, generation=0)
10-01 19:21:20.938 23458 23504 D WM-GreedyScheduler: Constraints met: Scheduling work ID WorkGenerationalId(workSpecId=61987175-d848-4fee-a061-c0c4fdd52174, generation=0)
10-01 19:21:20.938 23458 23504 D WM-GreedyScheduler: Constraints met: Scheduling work ID WorkGenerationalId(workSpecId=6e664794-a0a2-456d-afb3-f82796dcea40, generation=0)
10-01 19:21:20.938 23458 23504 D WM-GreedyScheduler: Constraints met: Scheduling work ID WorkGenerationalId(workSpecId=2c10ae0f-b8bd-4282-b180-9d7a2345d2a3, generation=0)
10-01 19:21:20.938 23458 23504 D WM-GreedyScheduler: Constraints met: Scheduling work ID WorkGenerationalId(workSpecId=d2381219-e9af-41c4-96e8-8ca6e95bf7d4, generation=0)
10-01 19:21:20.939 23458 23504 D WM-GreedyScheduler: Constraints met: Scheduling work ID WorkGenerationalId(workSpecId=ed300a10-cbd0-40c2-b06c-13380aae609c, generation=0)
10-01 19:21:20.939 23458 23504 D WM-GreedyScheduler: Constraints met: Scheduling work ID WorkGenerationalId(workSpecId=b27c5fae-c0ba-49e5-82de-b7ac2d0db139, generation=0)
10-01 19:21:20.939 23458 23458 D WM-WorkerWrapper: Starting work for com.negi.survey.net.GitHubUploadWorker
10-01 19:21:20.939 23458 23504 D WM-GreedyScheduler: Constraints met: Scheduling work ID WorkGenerationalId(workSpecId=e07d24f4-2fd0-48ca-b3af-8270c7bcdc2c, generation=0)
10-01 19:21:20.939 23458 23504 D WM-GreedyScheduler: Constraints met: Scheduling work ID WorkGenerationalId(workSpecId=bc3fafa7-6986-4604-9dab-69e1176a7d4d, generation=0)
10-01 19:21:20.939 23458 23504 D WM-GreedyScheduler: Constraints met: Scheduling work ID WorkGenerationalId(workSpecId=47ab36b0-01fb-4043-abcf-d30ba342cbec, generation=0)
10-01 19:21:20.939 23458 23458 D WM-WorkerWrapper: Starting work for com.negi.survey.net.GitHubUploadWorker
10-01 19:21:20.939 23458 23504 D WM-GreedyScheduler: Constraints met: Scheduling work ID WorkGenerationalId(workSpecId=2216fb38-0115-4954-a525-dbe51aa02df9, generation=0)
10-01 19:21:20.942 23458 23504 W WM-Processor: Didn't find WorkSpec for id WorkGenerationalId(workSpecId=65cea02c-9640-449c-b834-3e8cbd729efe, generation=0)
10-01 19:21:20.944 23458 23458 D WM-GreedyScheduler: Stopping tracking for WorkGenerationalId(workSpecId=65cea02c-9640-449c-b834-3e8cbd729efe, generation=0)
10-01 19:21:20.946 23458 23458 D WM-SystemJobService: 65cea02c-9640-449c-b834-3e8cbd729efe executed on JobScheduler
10-01 19:21:20.946 23458 23504 D WM-Processor: Work WorkGenerationalId(workSpecId=a25fb0c1-58af-4c13-9b2b-1363736f33de, generation=0) is already enqueued for processing
10-01 19:21:20.946 23458 23506 D WM-Processor: Work WorkGenerationalId(workSpecId=2b80abe2-d6ea-4f5c-87bb-9a7a4abacbc4, generation=0) is already enqueued for processing
10-01 19:21:20.947 23458 23506 D WM-Processor: Work WorkGenerationalId(workSpecId=5dbbd0db-e360-4b52-ab8e-e035895f3ac2, generation=0) is already enqueued for processing
10-01 19:21:20.948 23458 23506 D WM-Processor: Processor: processing WorkGenerationalId(workSpecId=3d8d3568-081b-49a3-bf92-c3bc4c54a7e6, generation=0)
10-01 19:21:20.948 23458 23506 D WM-Processor: Processor: processing WorkGenerationalId(workSpecId=61987175-d848-4fee-a061-c0c4fdd52174, generation=0)
10-01 19:21:20.949 23458 23506 D WM-Processor: Processor: processing WorkGenerationalId(workSpecId=6e664794-a0a2-456d-afb3-f82796dcea40, generation=0)
10-01 19:21:20.950 23458 23506 D WM-Processor: Processor: processing WorkGenerationalId(workSpecId=2c10ae0f-b8bd-4282-b180-9d7a2345d2a3, generation=0)
10-01 19:21:20.950 23458 23506 D WM-Processor: Processor: processing WorkGenerationalId(workSpecId=d2381219-e9af-41c4-96e8-8ca6e95bf7d4, generation=0)
10-01 19:21:20.951 23458 23506 D WM-Processor: Processor: processing WorkGenerationalId(workSpecId=ed300a10-cbd0-40c2-b06c-13380aae609c, generation=0)
10-01 19:21:20.952 23458 23506 D WM-Processor: Processor: processing WorkGenerationalId(workSpecId=b27c5fae-c0ba-49e5-82de-b7ac2d0db139, generation=0)
10-01 19:21:20.952 23458 23506 D WM-Processor: Processor: processing WorkGenerationalId(workSpecId=e07d24f4-2fd0-48ca-b3af-8270c7bcdc2c, generation=0)
10-01 19:21:20.953 23458 23506 D WM-Processor: Processor: processing WorkGenerationalId(workSpecId=bc3fafa7-6986-4604-9dab-69e1176a7d4d, generation=0)
10-01 19:21:20.954 23458 23506 D WM-Processor: Processor: processing WorkGenerationalId(workSpecId=47ab36b0-01fb-4043-abcf-d30ba342cbec, generation=0)
10-01 19:21:20.954 23458 23506 D WM-Processor: Processor: processing WorkGenerationalId(workSpecId=2216fb38-0115-4954-a525-dbe51aa02df9, generation=0)
10-01 19:21:20.957 23458 23506 D WM-GreedyScheduler: Cancelling work ID 65cea02c-9640-449c-b834-3e8cbd729efe
10-01 19:21:20.961 23458 23506 I WM-Processor: Moving WorkSpec (5dbbd0db-e360-4b52-ab8e-e035895f3ac2) to the foreground
10-01 19:21:20.966 23458 23506 I WM-Processor: Moving WorkSpec (2b80abe2-d6ea-4f5c-87bb-9a7a4abacbc4) to the foreground
10-01 19:21:20.967 23458 23487 W github_upload: doWork: setForeground failed; continuing best-effort. err=startForegroundService() not allowed due to mAllowStartForeground false: service com.negi.survey/androidx.work.impl.foreground.SystemForegroundService
10-01 19:21:20.967 23458 23487 W github_upload: android.app.ForegroundServiceStartNotAllowedException: startForegroundService() not allowed due to mAllowStartForeground false: service com.negi.survey/androidx.work.impl.foreground.SystemForegroundService
10-01 19:21:20.967 23458 23487 W github_upload: 	at android.app.ForegroundServiceStartNotAllowedException$1.createFromParcel(ForegroundServiceStartNotAllowedException.java:54)
10-01 19:21:20.967 23458 23487 W github_upload: 	at android.app.ForegroundServiceStartNotAllowedException$1.createFromParcel(ForegroundServiceStartNotAllowedException.java:50)
10-01 19:21:20.967 23458 23487 W github_upload: 	at android.os.Parcel.readParcelableInternal(Parcel.java:5277)
10-01 19:21:20.967 23458 23487 W github_upload: 	at android.os.Parcel.readParcelable(Parcel.java:5258)
10-01 19:21:20.967 23458 23487 W github_upload: 	at android.os.Parcel.createExceptionOrNull(Parcel.java:3383)
10-01 19:21:20.967 23458 23487 W github_upload: 	at android.os.Parcel.createException(Parcel.java:3372)
10-01 19:21:20.967 23458 23487 W github_upload: 	at android.os.Parcel.readException(Parcel.java:3355)
10-01 19:21:20.967 23458 23487 W github_upload: 	at android.os.Parcel.readException(Parcel.java:3297)
10-01 19:21:20.967 23458 23487 W github_upload: 	at android.app.IActivityManager$Stub$Proxy.startService(IActivityManager.java:6869)
10-01 19:21:20.967 23458 23487 W github_upload: 	at android.app.ContextImpl.startServiceCommon(ContextImpl.java:2170)
10-01 19:21:20.967 23458 23487 W github_upload: 	at android.app.ContextImpl.startForegroundService(ContextImpl.java:2135)
10-01 19:21:20.967 23458 23487 W github_upload: 	at android.content.ContextWrapper.startForegroundService(ContextWrapper.java:903)
10-01 19:21:20.967 23458 23487 W github_upload: 	at androidx.core.content.ContextCompat$Api26Impl.startForegroundService(ContextCompat.java:871)
10-01 19:21:20.967 23458 23487 W github_upload: 	at androidx.core.content.ContextCompat.startForegroundService(ContextCompat.java:563)
10-01 19:21:20.967 23458 23487 W github_upload: 	at androidx.work.impl.Processor.startForeground(Processor.java:205)
10-01 19:21:20.967 23458 23487 W github_upload: 	at androidx.work.impl.utils.WorkForegroundUpdater.lambda$setForegroundAsync$0$androidx-work-impl-utils-WorkForegroundUpdater(WorkForegroundUpdater.java:93)
10-01 19:21:20.967 23458 23487 W github_upload: 	at androidx.work.impl.utils.WorkForegroundUpdater$$ExternalSyntheticLambda0.invoke(D8$$SyntheticClass:0)
10-01 19:21:20.967 23458 23487 W github_upload: 	at androidx.work.ListenableFutureKt.executeAsync$lambda$4$lambda$3(ListenableFuture.kt:59)
10-01 19:21:20.967 23458 23487 W github_upload: 	at androidx.work.ListenableFutureKt$$ExternalSyntheticLambda3.run(D8$$SyntheticClass:0)
10-01 19:21:20.967 23458 23487 W github_upload: 	at androidx.work.impl.utils.SerialExecutorImpl$Task.run(SerialExecutorImpl.java:96)
10-01 19:21:20.967 23458 23487 W github_upload: 	at java.util.concurrent.ThreadPoolExecutor.runWorker(ThreadPoolExecutor.java:1154)
10-01 19:21:20.967 23458 23487 W github_upload: 	at java.util.concurrent.ThreadPoolExecutor$Worker.run(ThreadPoolExecutor.java:652)
10-01 19:21:20.967 23458 23487 W github_upload: 	at java.lang.Thread.run(Thread.java:1563)
10-01 19:21:20.967 23458 23486 W github_upload: doWork: setForeground failed; continuing best-effort. err=startForegroundService() not allowed due to mAllowStartForeground false: service com.negi.survey/androidx.work.impl.foreground.SystemForegroundService
10-01 19:21:20.967 23458 23486 W github_upload: android.app.ForegroundServiceStartNotAllowedException: startForegroundService() not allowed due to mAllowStartForeground false: service com.negi.survey/androidx.work.impl.foreground.SystemForegroundService
10-01 19:21:20.967 23458 23486 W github_upload: 	at android.app.ForegroundServiceStartNotAllowedException$1.createFromParcel(ForegroundServiceStartNotAllowedException.java:54)
10-01 19:21:20.967 23458 23486 W github_upload: 	at android.app.ForegroundServiceStartNotAllowedException$1.createFromParcel(ForegroundServiceStartNotAllowedException.java:50)
10-01 19:21:20.967 23458 23486 W github_upload: 	at android.os.Parcel.readParcelableInternal(Parcel.java:5277)
10-01 19:21:20.967 23458 23486 W github_upload: 	at android.os.Parcel.readParcelable(Parcel.java:5258)
10-01 19:21:20.967 23458 23486 W github_upload: 	at android.os.Parcel.createExceptionOrNull(Parcel.java:3383)
10-01 19:21:20.967 23458 23486 W github_upload: 	at android.os.Parcel.createException(Parcel.java:3372)
10-01 19:21:20.967 23458 23486 W github_upload: 	at android.os.Parcel.readException(Parcel.java:3355)
10-01 19:21:20.967 23458 23486 W github_upload: 	at android.os.Parcel.readException(Parcel.java:3297)
10-01 19:21:20.967 23458 23486 W github_upload: 	at android.app.IActivityManager$Stub$Proxy.startService(IActivityManager.java:6869)
10-01 19:21:20.967 23458 23486 W github_upload: 	at android.app.ContextImpl.startServiceCommon(ContextImpl.java:2170)
10-01 19:21:20.967 23458 23486 W github_upload: 	at android.app.ContextImpl.startForegroundService(ContextImpl.java:2135)
10-01 19:21:20.967 23458 23486 W github_upload: 	at android.content.ContextWrapper.startForegroundService(ContextWrapper.java:903)
10-01 19:21:20.967 23458 23486 W github_upload: 	at androidx.core.content.ContextCompat$Api26Impl.startForegroundService(ContextCompat.java:871)
10-01 19:21:20.967 23458 23486 W github_upload: 	at androidx.core.content.ContextCompat.startForegroundService(ContextCompat.java:563)
10-01 19:21:20.967 23458 23486 W github_upload: 	at androidx.work.impl.Processor.startForeground(Processor.java:205)
10-01 19:21:20.967 23458 23486 W github_upload: 	at androidx.work.impl.utils.WorkForegroundUpdater.lambda$setForegroundAsync$0$androidx-work-impl-utils-WorkForegroundUpdater(WorkForegroundUpdater.java:93)
10-01 19:21:20.967 23458 23486 W github_upload: 	at androidx.work.impl.utils.WorkForegroundUpdater$$ExternalSyntheticLambda0.invoke(D8$$SyntheticClass:0)
10-01 19:21:20.967 23458 23486 W github_upload: 	at androidx.work.ListenableFutureKt.executeAsync$lambda$4$lambda$3(ListenableFuture.kt:59)
10-01 19:21:20.967 23458 23486 W github_upload: 	at androidx.work.ListenableFutureKt$$ExternalSyntheticLambda3.run(D8$$SyntheticClass:0)
10-01 19:21:20.967 23458 23486 W github_upload: 	at androidx.work.impl.utils.SerialExecutorImpl$Task.run(SerialExecutorImpl.java:96)
10-01 19:21:20.967 23458 23486 W github_upload: 	at java.util.concurrent.ThreadPoolExecutor.runWorker(ThreadPoolExecutor.java:1154)
10-01 19:21:20.967 23458 23486 W github_upload: 	at java.util.concurrent.ThreadPoolExecutor$Worker.run(ThreadPoolExecutor.java:652)
10-01 19:21:20.967 23458 23486 W github_upload: 	at java.lang.Thread.run(Thread.java:1563)
10-01 19:21:20.967 23458 23506 I WM-Processor: Moving WorkSpec (a25fb0c1-58af-4c13-9b2b-1363736f33de) to the foreground
10-01 19:21:20.968 23458 23485 W github_upload: doWork: setForeground failed; continuing best-effort. err=startForegroundService() not allowed due to mAllowStartForeground false: service com.negi.survey/androidx.work.impl.foreground.SystemForegroundService
10-01 19:21:20.968 23458 23485 W github_upload: android.app.ForegroundServiceStartNotAllowedException: startForegroundService() not allowed due to mAllowStartForeground false: service com.negi.survey/androidx.work.impl.foreground.SystemForegroundService
10-01 19:21:20.968 23458 23485 W github_upload: 	at android.app.ForegroundServiceStartNotAllowedException$1.createFromParcel(ForegroundServiceStartNotAllowedException.java:54)
10-01 19:21:20.968 23458 23485 W github_upload: 	at android.app.ForegroundServiceStartNotAllowedException$1.createFromParcel(ForegroundServiceStartNotAllowedException.java:50)
10-01 19:21:20.968 23458 23485 W github_upload: 	at android.os.Parcel.readParcelableInternal(Parcel.java:5277)
10-01 19:21:20.968 23458 23485 W github_upload: 	at android.os.Parcel.readParcelable(Parcel.java:5258)
10-01 19:21:20.968 23458 23485 W github_upload: 	at android.os.Parcel.createExceptionOrNull(Parcel.java:3383)
10-01 19:21:20.968 23458 23485 W github_upload: 	at android.os.Parcel.createException(Parcel.java:3372)
10-01 19:21:20.968 23458 23485 W github_upload: 	at android.os.Parcel.readException(Parcel.java:3355)
10-01 19:21:20.968 23458 23485 W github_upload: 	at android.os.Parcel.readException(Parcel.java:3297)
10-01 19:21:20.968 23458 23485 W github_upload: 	at android.app.IActivityManager$Stub$Proxy.startService(IActivityManager.java:6869)
10-01 19:21:20.968 23458 23485 W github_upload: 	at android.app.ContextImpl.startServiceCommon(ContextImpl.java:2170)
10-01 19:21:20.968 23458 23485 W github_upload: 	at android.app.ContextImpl.startForegroundService(ContextImpl.java:2135)
10-01 19:21:20.968 23458 23485 W github_upload: 	at android.content.ContextWrapper.startForegroundService(ContextWrapper.java:903)
10-01 19:21:20.968 23458 23485 W github_upload: 	at androidx.core.content.ContextCompat$Api26Impl.startForegroundService(ContextCompat.java:871)
10-01 19:21:20.968 23458 23485 W github_upload: 	at androidx.core.content.ContextCompat.startForegroundService(ContextCompat.java:563)
10-01 19:21:20.968 23458 23485 W github_upload: 	at androidx.work.impl.Processor.startForeground(Processor.java:205)
10-01 19:21:20.968 23458 23485 W github_upload: 	at androidx.work.impl.utils.WorkForegroundUpdater.lambda$setForegroundAsync$0$androidx-work-impl-utils-WorkForegroundUpdater(WorkForegroundUpdater.java:93)
10-01 19:21:20.968 23458 23485 W github_upload: 	at androidx.work.impl.utils.WorkForegroundUpdater$$ExternalSyntheticLambda0.invoke(D8$$SyntheticClass:0)
10-01 19:21:20.968 23458 23485 W github_upload: 	at androidx.work.ListenableFutureKt.executeAsync$lambda$4$lambda$3(ListenableFuture.kt:59)
10-01 19:21:20.968 23458 23485 W github_upload: 	at androidx.work.ListenableFutureKt$$ExternalSyntheticLambda3.run(D8$$SyntheticClass:0)
10-01 19:21:20.968 23458 23485 W github_upload: 	at androidx.work.impl.utils.SerialExecutorImpl$Task.run(SerialExecutorImpl.java:96)
10-01 19:21:20.968 23458 23485 W github_upload: 	at java.util.concurrent.ThreadPoolExecutor.runWorker(ThreadPoolExecutor.java:1154)
10-01 19:21:20.968 23458 23485 W github_upload: 	at java.util.concurrent.ThreadPoolExecutor$Worker.run(ThreadPoolExecutor.java:652)
10-01 19:21:20.968 23458 23485 W github_upload: 	at java.lang.Thread.run(Thread.java:1563)
10-01 19:21:20.969 23458 23458 D WM-WorkerWrapper: Starting work for com.negi.survey.net.GitHubUploadWorker
10-01 19:21:20.971 23458 23458 D WM-WorkerWrapper: Starting work for com.negi.survey.net.GitHubUploadWorker
10-01 19:21:20.972 23458 24509 D GitHubUploader: uploadStream: owner=ishizuki-tech repo=SurveyExports branch=main path=2026-10-02/diagnostics/logcat/logcat_2026-10-01_19-15-48_pid12514_2e0dfdba.log.gz size=3482 maxRawBytesHint=10485760 maxRequestBytesHint=16777216
10-01 19:21:20.972 23458 23487 D GitHubUploader: uploadStream: owner=ishizuki-tech repo=SurveyExports branch=main path=2026-10-02/exports/20261001-191507_SM-S731U_414A86B07D91_2e0dfdba_survey.ndjson.gz size=5212 maxRawBytesHint=1000000 maxRequestBytesHint=2800000
10-01 19:21:20.972 23458 23458 D WM-WorkerWrapper: Starting work for com.negi.survey.net.GitHubUploadWorker
10-01 19:21:20.972 23458 23486 D GitHubUploader: uploadStream: owner=ishizuki-tech repo=SurveyExports branch=main path=2026-10-02/exports/2026-10-01_19-15-48_survey_SM-S731U_414A86B07D91_2e0dfdba-fc52-4719-933a-11eeea283557.json size=4165 maxRawBytesHint=10485760 maxRequestBytesHint=16777216
10-01 19:21:20.974 23458 23458 D WM-WorkerWrapper: Starting work for com.negi.survey.net.GitHubUploadWorker
10-01 19:21:20.975 23458 23458 D WM-WorkerWrapper: Starting work for com.negi.survey.net.GitHubUploadWorker
10-01 19:21:20.976 23458 23458 D WM-WorkerWrapper: Starting work for com.negi.survey.net.GitHubUploadWorker
10-01 19:21:20.978 23458 23458 D WM-WorkerWrapper: Starting work for com.negi.survey.net.GitHubUploadWorker
10-01 19:21:20.980 23458 23458 D WM-WorkerWrapper: Starting work for com.negi.survey.net.GitHubUploadWorker
10-01 19:21:20.980 23458 23458 D WM-WorkerWrapper: Starting work for com.negi.survey.net.GitHubUploadWorker
10-01 19:21:20.982 23458 23458 D WM-WorkerWrapper: Starting work for com.negi.survey.net.GitHubUploadWorker
10-01 19:21:20.983 23458 23458 D WM-WorkerWrapper: Starting work for com.negi.survey.net.GitHubUploadWorker
10-01 19:21:20.984 23458 23510 I WM-Processor: Moving WorkSpec (3d8d3568-081b-49a3-bf92-c3bc4c54a7e6) to the foreground
10-01 19:21:20.988 23458 23510 D WM-WorkProgressUpdater: Updating progress for a25fb0c1-58af-4c13-9b2b-1363736f33de (Data {pct : 0, mode : file})
10-01 19:21:20.988 23458 24512 W github_upload: doWork: setForeground failed; continuing best-effort. err=startForegroundService() not allowed due to mAllowStartForeground false: service com.negi.survey/androidx.work.impl.foreground.SystemForegroundService
10-01 19:21:20.988 23458 24512 W github_upload: android.app.ForegroundServiceStartNotAllowedException: startForegroundService() not allowed due to mAllowStartForeground false: service com.negi.survey/androidx.work.impl.foreground.SystemForegroundService
10-01 19:21:20.988 23458 24512 W github_upload: 	at android.app.ForegroundServiceStartNotAllowedException$1.createFromParcel(ForegroundServiceStartNotAllowedException.java:54)
10-01 19:21:20.988 23458 24512 W github_upload: 	at android.app.ForegroundServiceStartNotAllowedException$1.createFromParcel(ForegroundServiceStartNotAllowedException.java:50)
10-01 19:21:20.988 23458 24512 W github_upload: 	at android.os.Parcel.readParcelableInternal(Parcel.java:5277)
10-01 19:21:20.988 23458 24512 W github_upload: 	at android.os.Parcel.readParcelable(Parcel.java:5258)
10-01 19:21:20.988 23458 24512 W github_upload: 	at android.os.Parcel.createExceptionOrNull(Parcel.java:3383)
10-01 19:21:20.988 23458 24512 W github_upload: 	at android.os.Parcel.createException(Parcel.java:3372)
10-01 19:21:20.988 23458 24512 W github_upload: 	at android.os.Parcel.readException(Parcel.java:3355)
10-01 19:21:20.988 23458 24512 W github_upload: 	at android.os.Parcel.readException(Parcel.java:3297)
10-01 19:21:20.988 23458 24512 W github_upload: 	at android.app.IActivityManager$Stub$Proxy.startService(IActivityManager.java:6869)
10-01 19:21:20.988 23458 24512 W github_upload: 	at android.app.ContextImpl.startServiceCommon(ContextImpl.java:2170)
10-01 19:21:20.988 23458 24512 W github_upload: 	at android.app.ContextImpl.startForegroundService(ContextImpl.java:2135)
10-01 19:21:20.988 23458 24512 W github_upload: 	at android.content.ContextWrapper.startForegroundService(ContextWrapper.java:903)
10-01 19:21:20.988 23458 24512 W github_upload: 	at androidx.core.content.ContextCompat$Api26Impl.startForegroundService(ContextCompat.java:871)
10-01 19:21:20.988 23458 24512 W github_upload: 	at androidx.core.content.ContextCompat.startForegroundService(ContextCompat.java:563)
10-01 19:21:20.988 23458 24512 W github_upload: 	at androidx.work.impl.Processor.startForeground(Processor.java:205)
10-01 19:21:20.988 23458 24512 W github_upload: 	at androidx.work.impl.utils.WorkForegroundUpdater.lambda$setForegroundAsync$0$androidx-work-impl-utils-WorkForegroundUpdater(WorkForegroundUpdater.java:93)
10-01 19:21:20.988 23458 24512 W github_upload: 	at androidx.work.impl.utils.WorkForegroundUpdater$$ExternalSyntheticLambda0.invoke(D8$$SyntheticClass:0)
10-01 19:21:20.988 23458 24512 W github_upload: 	at androidx.work.ListenableFutureKt.executeAsync$lambda$4$lambda$3(ListenableFuture.kt:59)
10-01 19:21:20.988 23458 24512 W github_upload: 	at androidx.work.ListenableFutureKt$$ExternalSyntheticLambda3.run(D8$$SyntheticClass:0)
10-01 19:21:20.988 23458 24512 W github_upload: 	at androidx.work.impl.utils.SerialExecutorImpl$Task.run(SerialExecutorImpl.java:96)
10-01 19:21:20.988 23458 24512 W github_upload: 	at java.util.concurrent.ThreadPoolExecutor.runWorker(ThreadPoolExecutor.java:1154)
10-01 19:21:20.988 23458 24512 W github_upload: 	at java.util.concurrent.ThreadPoolExecutor$Worker.run(ThreadPoolExecutor.java:652)
10-01 19:21:20.988 23458 24512 W github_upload: 	at java.lang.Thread.run(Thread.java:1563)
10-01 19:21:20.988 23458 24512 D GitHubUploader: uploadStream: owner=ishizuki-tech repo=SurveyExports branch=main path=2026-10-02/logcat_2026-10-01_19-15-48_pid12514_2e0dfdba.log.gz size=3482 maxRawBytesHint=1000000 maxRequestBytesHint=2800000
10-01 19:21:20.989 23458 23510 D WM-WorkProgressUpdater: Updating progress for 2b80abe2-d6ea-4f5c-87bb-9a7a4abacbc4 (Data {pct : 0, mode : file})
10-01 19:21:20.990 23458 23510 D WM-WorkProgressUpdater: Updating progress for 5dbbd0db-e360-4b52-ab8e-e035895f3ac2 (Data {pct : 0, mode : file})
10-01 19:21:20.992 23458 23510 I WM-Processor: Moving WorkSpec (a25fb0c1-58af-4c13-9b2b-1363736f33de) to the foreground
10-01 19:21:20.994 23458 23510 I WM-Processor: Moving WorkSpec (5dbbd0db-e360-4b52-ab8e-e035895f3ac2) to the foreground
10-01 19:21:20.995 23458 23510 I WM-Processor: Moving WorkSpec (2b80abe2-d6ea-4f5c-87bb-9a7a4abacbc4) to the foreground
10-01 19:21:20.996 23458 23510 I WM-Processor: Moving WorkSpec (61987175-d848-4fee-a061-c0c4fdd52174) to the foreground
10-01 19:21:20.997 23458 24511 W github_upload: doWork: setForeground failed; continuing best-effort. err=startForegroundService() not allowed due to mAllowStartForeground false: service com.negi.survey/androidx.work.impl.foreground.SystemForegroundService
10-01 19:21:20.997 23458 24511 W github_upload: android.app.ForegroundServiceStartNotAllowedException: startForegroundService() not allowed due to mAllowStartForeground false: service com.negi.survey/androidx.work.impl.foreground.SystemForegroundService
10-01 19:21:20.997 23458 24511 W github_upload: 	at android.app.ForegroundServiceStartNotAllowedException$1.createFromParcel(ForegroundServiceStartNotAllowedException.java:54)
10-01 19:21:20.997 23458 24511 W github_upload: 	at android.app.ForegroundServiceStartNotAllowedException$1.createFromParcel(ForegroundServiceStartNotAllowedException.java:50)
10-01 19:21:20.997 23458 24511 W github_upload: 	at android.os.Parcel.readParcelableInternal(Parcel.java:5277)
10-01 19:21:20.997 23458 24511 W github_upload: 	at android.os.Parcel.readParcelable(Parcel.java:5258)
10-01 19:21:20.997 23458 24511 W github_upload: 	at android.os.Parcel.createExceptionOrNull(Parcel.java:3383)
10-01 19:21:20.997 23458 24511 W github_upload: 	at android.os.Parcel.createException(Parcel.java:3372)
10-01 19:21:20.997 23458 24511 W github_upload: 	at android.os.Parcel.readException(Parcel.java:3355)
10-01 19:21:20.997 23458 24511 W github_upload: 	at android.os.Parcel.readException(Parcel.java:3297)
10-01 19:21:20.997 23458 24511 W github_upload: 	at android.app.IActivityManager$Stub$Proxy.startService(IActivityManager.java:6869)
10-01 19:21:20.997 23458 24511 W github_upload: 	at android.app.ContextImpl.startServiceCommon(ContextImpl.java:2170)
10-01 19:21:20.997 23458 24511 W github_upload: 	at android.app.ContextImpl.startForegroundService(ContextImpl.java:2135)
10-01 19:21:20.997 23458 24511 W github_upload: 	at android.content.ContextWrapper.startForegroundService(ContextWrapper.java:903)
10-01 19:21:20.997 23458 24511 W github_upload: 	at androidx.core.content.ContextCompat$Api26Impl.startForegroundService(ContextCompat.java:871)
10-01 19:21:20.997 23458 24511 W github_upload: 	at androidx.core.content.ContextCompat.startForegroundService(ContextCompat.java:563)
10-01 19:21:20.997 23458 24511 W github_upload: 	at androidx.work.impl.Processor.startForeground(Processor.java:205)
10-01 19:21:20.997 23458 24511 W github_upload: 	at androidx.work.impl.utils.WorkForegroundUpdater.lambda$setForegroundAsync$0$androidx-work-impl-utils-WorkForegroundUpdater(WorkForegroundUpdater.java:93)
10-01 19:21:20.997 23458 24511 W github_upload: 	at androidx.work.impl.utils.WorkForegroundUpdater$$ExternalSyntheticLambda0.invoke(D8$$SyntheticClass:0)
10-01 19:21:20.997 23458 24511 W github_upload: 	at androidx.work.ListenableFutureKt.executeAsync$lambda$4$lambda$3(ListenableFuture.kt:59)
10-01 19:21:20.997 23458 24511 W github_upload: 	at androidx.work.ListenableFutureKt$$ExternalSyntheticLambda3.run(D8$$SyntheticClass:0)
10-01 19:21:20.997 23458 24511 W github_upload: 	at androidx.work.impl.utils.SerialExecutorImpl$Task.run(SerialExecutorImpl.java:96)
10-01 19:21:20.997 23458 24511 W github_upload: 	at java.util.concurrent.ThreadPoolExecutor.runWorker(ThreadPoolExecutor.java:1154)
10-01 19:21:20.997 23458 24511 W github_upload: 	at java.util.concurrent.ThreadPoolExecutor$Worker.run(ThreadPoolExecutor.java:652)
10-01 19:21:20.997 23458 24511 W github_upload: 	at java.lang.Thread.run(Thread.java:1563)
10-01 19:21:20.997 23458 23510 I WM-Processor: Moving WorkSpec (6e664794-a0a2-456d-afb3-f82796dcea40) to the foreground
10-01 19:21:21.001 23458 24511 W github_upload: doWork: setForeground failed; continuing best-effort. err=startForegroundService() not allowed due to mAllowStartForeground false: service com.negi.survey/androidx.work.impl.foreground.SystemForegroundService
10-01 19:21:21.001 23458 24511 W github_upload: android.app.ForegroundServiceStartNotAllowedException: startForegroundService() not allowed due to mAllowStartForeground false: service com.negi.survey/androidx.work.impl.foreground.SystemForegroundService
10-01 19:21:21.001 23458 24511 W github_upload: 	at android.app.ForegroundServiceStartNotAllowedException$1.createFromParcel(ForegroundServiceStartNotAllowedException.java:54)
10-01 19:21:21.001 23458 24511 W github_upload: 	at android.app.ForegroundServiceStartNotAllowedException$1.createFromParcel(ForegroundServiceStartNotAllowedException.java:50)
10-01 19:21:21.001 23458 24511 W github_upload: 	at android.os.Parcel.readParcelableInternal(Parcel.java:5277)
10-01 19:21:21.001 23458 24511 W github_upload: 	at android.os.Parcel.readParcelable(Parcel.java:5258)
10-01 19:21:21.001 23458 24511 W github_upload: 	at android.os.Parcel.createExceptionOrNull(Parcel.java:3383)
10-01 19:21:21.001 23458 24511 W github_upload: 	at android.os.Parcel.createException(Parcel.java:3372)
10-01 19:21:21.001 23458 24511 W github_upload: 	at android.os.Parcel.readException(Parcel.java:3355)
10-01 19:21:21.001 23458 24511 W github_upload: 	at android.os.Parcel.readException(Parcel.java:3297)
10-01 19:21:21.001 23458 24511 W github_upload: 	at android.app.IActivityManager$Stub$Proxy.startService(IActivityManager.java:6869)
10-01 19:21:21.001 23458 24511 W github_upload: 	at android.app.ContextImpl.startServiceCommon(ContextImpl.java:2170)
10-01 19:21:21.001 23458 24511 W github_upload: 	at android.app.ContextImpl.startForegroundService(ContextImpl.java:2135)
10-01 19:21:21.001 23458 24511 W github_upload: 	at android.content.ContextWrapper.startForegroundService(ContextWrapper.java:903)
10-01 19:21:21.001 23458 24511 W github_upload: 	at androidx.core.content.ContextCompat$Api26Impl.startForegroundService(ContextCompat.java:871)
10-01 19:21:21.001 23458 24511 W github_upload: 	at androidx.core.content.ContextCompat.startForegroundService(ContextCompat.java:563)
10-01 19:21:21.001 23458 24511 W github_upload: 	at androidx.work.impl.Processor.startForeground(Processor.java:205)
10-01 19:21:21.001 23458 24511 W github_upload: 	at androidx.work.impl.utils.WorkForegroundUpdater.lambda$setForegroundAsync$0$androidx-work-impl-utils-WorkForegroundUpdater(WorkForegroundUpdater.java:93)
10-01 19:21:21.001 23458 24511 W github_upload: 	at androidx.work.impl.utils.WorkForegroundUpdater$$ExternalSyntheticLambda0.invoke(D8$$SyntheticClass:0)
10-01 19:21:21.001 23458 24511 W github_upload: 	at androidx.work.ListenableFutureKt.executeAsync$lambda$4$lambda$3(ListenableFuture.kt:59)
10-01 19:21:21.001 23458 24511 W github_upload: 	at androidx.work.ListenableFutureKt$$ExternalSyntheticLambda3.run(D8$$SyntheticClass:0)
10-01 19:21:21.001 23458 24511 W github_upload: 	at androidx.work.impl.utils.SerialExecutorImpl$Task.run(SerialExecutorImpl.java:96)
10-01 19:21:21.001 23458 24511 W github_upload: 	at java.util.concurrent.ThreadPoolExecutor.runWorker(ThreadPoolExecutor.java:1154)
10-01 19:21:21.001 23458 24511 W github_upload: 	at java.util.concurrent.ThreadPoolExecutor$Worker.run(ThreadPoolExecutor.java:652)
10-01 19:21:21.001 23458 24511 W github_upload: 	at java.lang.Thread.run(Thread.java:1563)
10-01 19:21:21.002 23458 23510 I WM-Processor: Moving WorkSpec (d2381219-e9af-41c4-96e8-8ca6e95bf7d4) to the foreground
10-01 19:21:21.004 23458 24511 W github_upload: doWork: setForeground failed; continuing best-effort. err=startForegroundService() not allowed due to mAllowStartForeground false: service com.negi.survey/androidx.work.impl.foreground.SystemForegroundService
10-01 19:21:21.004 23458 24511 W github_upload: android.app.ForegroundServiceStartNotAllowedException: startForegroundService() not allowed due to mAllowStartForeground false: service com.negi.survey/androidx.work.impl.foreground.SystemForegroundService
10-01 19:21:21.004 23458 24511 W github_upload: 	at android.app.ForegroundServiceStartNotAllowedException$1.createFromParcel(ForegroundServiceStartNotAllowedException.java:54)
10-01 19:21:21.004 23458 24511 W github_upload: 	at android.app.ForegroundServiceStartNotAllowedException$1.createFromParcel(ForegroundServiceStartNotAllowedException.java:50)
10-01 19:21:21.004 23458 24511 W github_upload: 	at android.os.Parcel.readParcelableInternal(Parcel.java:5277)
10-01 19:21:21.004 23458 24511 W github_upload: 	at android.os.Parcel.readParcelable(Parcel.java:5258)
10-01 19:21:21.004 23458 24511 W github_upload: 	at android.os.Parcel.createExceptionOrNull(Parcel.java:3383)
10-01 19:21:21.004 23458 24511 W github_upload: 	at android.os.Parcel.createException(Parcel.java:3372)
10-01 19:21:21.004 23458 24511 W github_upload: 	at android.os.Parcel.readException(Parcel.java:3355)
10-01 19:21:21.004 23458 24511 W github_upload: 	at android.os.Parcel.readException(Parcel.java:3297)
10-01 19:21:21.004 23458 24511 W github_upload: 	at android.app.IActivityManager$Stub$Proxy.startService(IActivityManager.java:6869)
10-01 19:21:21.004 23458 24511 W github_upload: 	at android.app.ContextImpl.startServiceCommon(ContextImpl.java:2170)
10-01 19:21:21.004 23458 24511 W github_upload: 	at android.app.ContextImpl.startForegroundService(ContextImpl.java:2135)
10-01 19:21:21.004 23458 24511 W github_upload: 	at android.content.ContextWrapper.startForegroundService(ContextWrapper.java:903)
10-01 19:21:21.004 23458 24511 W github_upload: 	at androidx.core.content.ContextCompat$Api26Impl.startForegroundService(ContextCompat.java:871)
10-01 19:21:21.004 23458 24511 W github_upload: 	at androidx.core.content.ContextCompat.startForegroundService(ContextCompat.java:563)
10-01 19:21:21.004 23458 24511 W github_upload: 	at androidx.work.impl.Processor.startForeground(Processor.java:205)
10-01 19:21:21.004 23458 24511 W github_upload: 	at androidx.work.impl.utils.WorkForegroundUpdater.lambda$setForegroundAsync$0$androidx-work-impl-utils-WorkForegroundUpdater(WorkForegroundUpdater.java:93)
10-01 19:21:21.004 23458 24511 W github_upload: 	at androidx.work.impl.utils.WorkForegroundUpdater$$ExternalSyntheticLambda0.invoke(D8$$SyntheticClass:0)
10-01 19:21:21.004 23458 24511 W github_upload: 	at androidx.work.ListenableFutureKt.executeAsync$lambda$4$lambda$3(ListenableFuture.kt:59)
10-01 19:21:21.004 23458 24511 W github_upload: 	at androidx.work.ListenableFutureKt$$ExternalSyntheticLambda3.run(D8$$SyntheticClass:0)
10-01 19:21:21.004 23458 24511 W github_upload: 	at androidx.work.impl.utils.SerialExecutorImpl$Task.run(SerialExecutorImpl.java:96)
10-01 19:21:21.004 23458 24511 W github_upload: 	at java.util.concurrent.ThreadPoolExecutor.runWorker(ThreadPoolExecutor.java:1154)
10-01 19:21:21.004 23458 24511 W github_upload: 	at java.util.concurrent.ThreadPoolExecutor$Worker.run(ThreadPoolExecutor.java:652)
10-01 19:21:21.004 23458 24511 W github_upload: 	at java.lang.Thread.run(Thread.java:1563)
10-01 19:21:21.005 23458 24511 D GitHubUploader: uploadStream: owner=ishizuki-tech repo=SurveyExports branch=main path=diagnostics/crash/2026-10-02/exit_20261002_001801_1790900281123_pid12514_r3.log size=379 maxRawBytesHint=1000000 maxRequestBytesHint=2800000
10-01 19:21:21.005 23458 23510 I WM-Processor: Moving WorkSpec (2c10ae0f-b8bd-4282-b180-9d7a2345d2a3) to the foreground
10-01 19:21:21.007 23458 23485 W github_upload: doWork: setForeground failed; continuing best-effort. err=startForegroundService() not allowed due to mAllowStartForeground false: service com.negi.survey/androidx.work.impl.foreground.SystemForegroundService
10-01 19:21:21.007 23458 23485 W github_upload: android.app.ForegroundServiceStartNotAllowedException: startForegroundService() not allowed due to mAllowStartForeground false: service com.negi.survey/androidx.work.impl.foreground.SystemForegroundService
10-01 19:21:21.007 23458 23485 W github_upload: 	at android.app.ForegroundServiceStartNotAllowedException$1.createFromParcel(ForegroundServiceStartNotAllowedException.java:54)
10-01 19:21:21.007 23458 23485 W github_upload: 	at android.app.ForegroundServiceStartNotAllowedException$1.createFromParcel(ForegroundServiceStartNotAllowedException.java:50)
10-01 19:21:21.007 23458 23485 W github_upload: 	at android.os.Parcel.readParcelableInternal(Parcel.java:5277)
10-01 19:21:21.007 23458 23485 W github_upload: 	at android.os.Parcel.readParcelable(Parcel.java:5258)
10-01 19:21:21.007 23458 23485 W github_upload: 	at android.os.Parcel.createExceptionOrNull(Parcel.java:3383)
10-01 19:21:21.007 23458 23485 W github_upload: 	at android.os.Parcel.createException(Parcel.java:3372)
10-01 19:21:21.007 23458 23485 W github_upload: 	at android.os.Parcel.readException(Parcel.java:3355)
10-01 19:21:21.007 23458 23485 W github_upload: 	at android.os.Parcel.readException(Parcel.java:3297)
10-01 19:21:21.007 23458 23485 W github_upload: 	at android.app.IActivityManager$Stub$Proxy.startService(IActivityManager.java:6869)
10-01 19:21:21.007 23458 23485 W github_upload: 	at android.app.ContextImpl.startServiceCommon(ContextImpl.java:2170)
10-01 19:21:21.007 23458 23485 W github_upload: 	at android.app.ContextImpl.startForegroundService(ContextImpl.java:2135)
10-01 19:21:21.007 23458 23485 W github_upload: 	at android.content.ContextWrapper.startForegroundService(ContextWrapper.java:903)
10-01 19:21:21.007 23458 23485 W github_upload: 	at androidx.core.content.ContextCompat$Api26Impl.startForegroundService(ContextCompat.java:871)
10-01 19:21:21.007 23458 23485 W github_upload: 	at androidx.core.content.ContextCompat.startForegroundService(ContextCompat.java:563)
10-01 19:21:21.007 23458 23485 W github_upload: 	at androidx.work.impl.Processor.startForeground(Processor.java:205)
10-01 19:21:21.007 23458 23485 W github_upload: 	at androidx.work.impl.utils.WorkForegroundUpdater.lambda$setForegroundAsync$0$androidx-work-impl-utils-WorkForegroundUpdater(WorkForegroundUpdater.java:93)
10-01 19:21:21.007 23458 23485 W github_upload: 	at androidx.work.impl.utils.WorkForegroundUpdater$$ExternalSyntheticLambda0.invoke(D8$$SyntheticClass:0)
10-01 19:21:21.007 23458 23485 W github_upload: 	at androidx.work.ListenableFutureKt.executeAsync$lambda$4$lambda$3(ListenableFuture.kt:59)
10-01 19:21:21.007 23458 23485 W github_upload: 	at androidx.work.ListenableFutureKt$$ExternalSyntheticLambda3.run(D8$$SyntheticClass:0)
10-01 19:21:21.007 23458 23485 W github_upload: 	at androidx.work.impl.utils.SerialExecutorImpl$Task.run(SerialExecutorImpl.java:96)
10-01 19:21:21.007 23458 23485 W github_upload: 	at java.util.concurrent.ThreadPoolExecutor.runWorker(ThreadPoolExecutor.java:1154)
10-01 19:21:21.007 23458 23485 W github_upload: 	at java.util.concurrent.ThreadPoolExecutor$Worker.run(ThreadPoolExecutor.java:652)
10-01 19:21:21.007 23458 23485 W github_upload: 	at java.lang.Thread.run(Thread.java:1563)
10-01 19:21:21.007 23458 23510 I WM-Processor: Moving WorkSpec (ed300a10-cbd0-40c2-b06c-13380aae609c) to the foreground
10-01 19:21:21.008 23458 23485 D GitHubUploader: uploadStream: owner=ishizuki-tech repo=SurveyExports branch=main path=diagnostics/crash/2026-10-02/prevlog_20261002_002002_pid23458.log size=391992 maxRawBytesHint=1000000 maxRequestBytesHint=2800000
10-01 19:21:21.009 23458 24510 W github_upload: doWork: setForeground failed; continuing best-effort. err=startForegroundService() not allowed due to mAllowStartForeground false: service com.negi.survey/androidx.work.impl.foreground.SystemForegroundService
10-01 19:21:21.009 23458 24510 W github_upload: android.app.ForegroundServiceStartNotAllowedException: startForegroundService() not allowed due to mAllowStartForeground false: service com.negi.survey/androidx.work.impl.foreground.SystemForegroundService
10-01 19:21:21.009 23458 24510 W github_upload: 	at android.app.ForegroundServiceStartNotAllowedException$1.createFromParcel(ForegroundServiceStartNotAllowedException.java:54)
10-01 19:21:21.009 23458 24510 W github_upload: 	at android.app.ForegroundServiceStartNotAllowedException$1.createFromParcel(ForegroundServiceStartNotAllowedException.java:50)
10-01 19:21:21.009 23458 24510 W github_upload: 	at android.os.Parcel.readParcelableInternal(Parcel.java:5277)
10-01 19:21:21.009 23458 24510 W github_upload: 	at android.os.Parcel.readParcelable(Parcel.java:5258)
10-01 19:21:21.009 23458 24510 W github_upload: 	at android.os.Parcel.createExceptionOrNull(Parcel.java:3383)
10-01 19:21:21.009 23458 24510 W github_upload: 	at android.os.Parcel.createException(Parcel.java:3372)
10-01 19:21:21.009 23458 24510 W github_upload: 	at android.os.Parcel.readException(Parcel.java:3355)
10-01 19:21:21.009 23458 24510 W github_upload: 	at android.os.Parcel.readException(Parcel.java:3297)
10-01 19:21:21.009 23458 24510 W github_upload: 	at android.app.IActivityManager$Stub$Proxy.startService(IActivityManager.java:6869)
10-01 19:21:21.009 23458 24510 W github_upload: 	at android.app.ContextImpl.startServiceCommon(ContextImpl.java:2170)
10-01 19:21:21.009 23458 24510 W github_upload: 	at android.app.ContextImpl.startForegroundService(ContextImpl.java:2135)
10-01 19:21:21.009 23458 24510 W github_upload: 	at android.content.ContextWrapper.startForegroundService(ContextWrapper.java:903)
10-01 19:21:21.009 23458 24510 W github_upload: 	at androidx.core.content.ContextCompat$Api26Impl.startForegroundService(ContextCompat.java:871)
10-01 19:21:21.009 23458 24510 W github_upload: 	at androidx.core.content.ContextCompat.startForegroundService(ContextCompat.java:563)
10-01 19:21:21.009 23458 24510 W github_upload: 	at androidx.work.impl.Processor.startForeground(Processor.java:205)
10-01 19:21:21.009 23458 24510 W github_upload: 	at androidx.work.impl.utils.WorkForegroundUpdater.lambda$setForegroundAsync$0$androidx-work-impl-utils-WorkForegroundUpdater(WorkForegroundUpdater.java:93)
10-01 19:21:21.009 23458 24510 W github_upload: 	at androidx.work.impl.utils.WorkForegroundUpdater$$ExternalSyntheticLambda0.invoke(D8$$SyntheticClass:0)
10-01 19:21:21.009 23458 24510 W github_upload: 	at androidx.work.ListenableFutureKt.executeAsync$lambda$4$lambda$3(ListenableFuture.kt:59)
10-01 19:21:21.009 23458 24510 W github_upload: 	at androidx.work.ListenableFutureKt$$ExternalSyntheticLambda3.run(D8$$SyntheticClass:0)
10-01 19:21:21.009 23458 24510 W github_upload: 	at androidx.work.impl.utils.SerialExecutorImpl$Task.run(SerialExecutorImpl.java:96)
10-01 19:21:21.009 23458 24510 W github_upload: 	at java.util.concurrent.ThreadPoolExecutor.runWorker(ThreadPoolExecutor.java:1154)
10-01 19:21:21.009 23458 24510 W github_upload: 	at java.util.concurrent.ThreadPoolExecutor$Worker.run(ThreadPoolExecutor.java:652)
10-01 19:21:21.009 23458 24510 W github_upload: 	at java.lang.Thread.run(Thread.java:1563)
10-01 19:21:21.010 23458 23510 I WM-Processor: Moving WorkSpec (b27c5fae-c0ba-49e5-82de-b7ac2d0db139) to the foreground
10-01 19:21:21.010 23458 24510 D GitHubUploader: uploadStream: owner=ishizuki-tech repo=SurveyExports branch=main path=diagnostics/crash/2026-10-02/prevlog_20261001_234627_pid12514.log size=376 maxRawBytesHint=1000000 maxRequestBytesHint=2800000
10-01 19:21:21.012 23458 23510 I WM-Processor: Moving WorkSpec (bc3fafa7-6986-4604-9dab-69e1176a7d4d) to the foreground
10-01 19:21:21.012 23458 24529 W github_upload: doWork: setForeground failed; continuing best-effort. err=startForegroundService() not allowed due to mAllowStartForeground false: service com.negi.survey/androidx.work.impl.foreground.SystemForegroundService
10-01 19:21:21.012 23458 24529 W github_upload: android.app.ForegroundServiceStartNotAllowedException: startForegroundService() not allowed due to mAllowStartForeground false: service com.negi.survey/androidx.work.impl.foreground.SystemForegroundService
10-01 19:21:21.012 23458 24529 W github_upload: 	at android.app.ForegroundServiceStartNotAllowedException$1.createFromParcel(ForegroundServiceStartNotAllowedException.java:54)
10-01 19:21:21.012 23458 24529 W github_upload: 	at android.app.ForegroundServiceStartNotAllowedException$1.createFromParcel(ForegroundServiceStartNotAllowedException.java:50)
10-01 19:21:21.012 23458 24529 W github_upload: 	at android.os.Parcel.readParcelableInternal(Parcel.java:5277)
10-01 19:21:21.012 23458 24529 W github_upload: 	at android.os.Parcel.readParcelable(Parcel.java:5258)
10-01 19:21:21.012 23458 24529 W github_upload: 	at android.os.Parcel.createExceptionOrNull(Parcel.java:3383)
10-01 19:21:21.012 23458 24529 W github_upload: 	at android.os.Parcel.createException(Parcel.java:3372)
10-01 19:21:21.012 23458 24529 W github_upload: 	at android.os.Parcel.readException(Parcel.java:3355)
10-01 19:21:21.012 23458 24529 W github_upload: 	at android.os.Parcel.readException(Parcel.java:3297)
10-01 19:21:21.012 23458 24529 W github_upload: 	at android.app.IActivityManager$Stub$Proxy.startService(IActivityManager.java:6869)
10-01 19:21:21.012 23458 24529 W github_upload: 	at android.app.ContextImpl.startServiceCommon(ContextImpl.java:2170)
10-01 19:21:21.012 23458 24529 W github_upload: 	at android.app.ContextImpl.startForegroundService(ContextImpl.java:2135)
10-01 19:21:21.012 23458 24529 W github_upload: 	at android.content.ContextWrapper.startForegroundService(ContextWrapper.java:903)
10-01 19:21:21.012 23458 24529 W github_upload: 	at androidx.core.content.ContextCompat$Api26Impl.startForegroundService(ContextCompat.java:871)
10-01 19:21:21.012 23458 24529 W github_upload: 	at androidx.core.content.ContextCompat.startForegroundService(ContextCompat.java:563)
10-01 19:21:21.012 23458 24529 W github_upload: 	at androidx.work.impl.Processor.startForeground(Processor.java:205)
10-01 19:21:21.012 23458 24529 W github_upload: 	at androidx.work.impl.utils.WorkForegroundUpdater.lambda$setForegroundAsync$0$androidx-work-impl-utils-WorkForegroundUpdater(WorkForegroundUpdater.java:93)
10-01 19:21:21.012 23458 24529 W github_upload: 	at androidx.work.impl.utils.WorkForegroundUpdater$$ExternalSyntheticLambda0.invoke(D8$$SyntheticClass:0)
10-01 19:21:21.012 23458 24529 W github_upload: 	at androidx.work.ListenableFutureKt.executeAsync$lambda$4$lambda$3(ListenableFuture.kt:59)
10-01 19:21:21.012 23458 24529 W github_upload: 	at androidx.work.ListenableFutureKt$$ExternalSyntheticLambda3.run(D8$$SyntheticClass:0)
10-01 19:21:21.012 23458 24529 W github_upload: 	at androidx.work.impl.utils.SerialExecutorImpl$Task.run(SerialExecutorImpl.java:96)
10-01 19:21:21.012 23458 24529 W github_upload: 	at java.util.concurrent.ThreadPoolExecutor.runWorker(ThreadPoolExecutor.java:1154)
10-01 19:21:21.012 23458 24529 W github_upload: 	at java.util.concurrent.ThreadPoolExecutor$Worker.run(ThreadPoolExecutor.java:652)
10-01 19:21:21.012 23458 24529 W github_upload: 	at java.lang.Thread.run(Thread.java:1563)
10-01 19:21:21.013 23458 24527 W github_upload: doWork: setForeground failed; continuing best-effort. err=startForegroundService() not allowed due to mAllowStartForeground false: service com.negi.survey/androidx.work.impl.foreground.SystemForegroundService
10-01 19:21:21.013 23458 24527 W github_upload: android.app.ForegroundServiceStartNotAllowedException: startForegroundService() not allowed due to mAllowStartForeground false: service com.negi.survey/androidx.work.impl.foreground.SystemForegroundService
10-01 19:21:21.013 23458 24527 W github_upload: 	at android.app.ForegroundServiceStartNotAllowedException$1.createFromParcel(ForegroundServiceStartNotAllowedException.java:54)
10-01 19:21:21.013 23458 24527 W github_upload: 	at android.app.ForegroundServiceStartNotAllowedException$1.createFromParcel(ForegroundServiceStartNotAllowedException.java:50)
10-01 19:21:21.013 23458 24527 W github_upload: 	at android.os.Parcel.readParcelableInternal(Parcel.java:5277)
10-01 19:21:21.013 23458 24527 W github_upload: 	at android.os.Parcel.readParcelable(Parcel.java:5258)
10-01 19:21:21.013 23458 24527 W github_upload: 	at android.os.Parcel.createExceptionOrNull(Parcel.java:3383)
10-01 19:21:21.013 23458 24527 W github_upload: 	at android.os.Parcel.createException(Parcel.java:3372)
10-01 19:21:21.013 23458 24527 W github_upload: 	at android.os.Parcel.readException(Parcel.java:3355)
10-01 19:21:21.013 23458 24527 W github_upload: 	at android.os.Parcel.readException(Parcel.java:3297)
10-01 19:21:21.013 23458 24527 W github_upload: 	at android.app.IActivityManager$Stub$Proxy.startService(IActivityManager.java:6869)
10-01 19:21:21.013 23458 24527 W github_upload: 	at android.app.ContextImpl.startServiceCommon(ContextImpl.java:2170)
10-01 19:21:21.013 23458 24527 W github_upload: 	at android.app.ContextImpl.startForegroundService(ContextImpl.java:2135)
10-01 19:21:21.013 23458 24527 W github_upload: 	at android.content.ContextWrapper.startForegroundService(ContextWrapper.java:903)
10-01 19:21:21.013 23458 24527 W github_upload: 	at androidx.core.content.ContextCompat$Api26Impl.startForegroundService(ContextCompat.java:871)
10-01 19:21:21.013 23458 24527 W github_upload: 	at androidx.core.content.ContextCompat.startForegroundService(ContextCompat.java:563)
10-01 19:21:21.013 23458 24527 W github_upload: 	at androidx.work.impl.Processor.startForeground(Processor.java:205)
10-01 19:21:21.013 23458 24527 W github_upload: 	at androidx.work.impl.utils.WorkForegroundUpdater.lambda$setForegroundAsync$0$androidx-work-impl-utils-WorkForegroundUpdater(WorkForegroundUpdater.java:93)
10-01 19:21:21.013 23458 24527 W github_upload: 	at androidx.work.impl.utils.WorkForegroundUpdater$$ExternalSyntheticLambda0.invoke(D8$$SyntheticClass:0)
10-01 19:21:21.013 23458 24527 W github_upload: 	at androidx.work.ListenableFutureKt.executeAsync$lambda$4$lambda$3(ListenableFuture.kt:59)
10-01 19:21:21.013 23458 24527 W github_upload: 	at androidx.work.ListenableFutureKt$$ExternalSyntheticLambda3.run(D8$$SyntheticClass:0)
10-01 19:21:21.013 23458 24527 W github_upload: 	at androidx.work.impl.utils.SerialExecutorImpl$Task.run(SerialExecutorImpl.java:96)
10-01 19:21:21.013 23458 24527 W github_upload: 	at java.util.concurrent.ThreadPoolExecutor.runWorker(ThreadPoolExecutor.java:1154)
10-01 19:21:21.013 23458 24527 W github_upload: 	at java.util.concurrent.ThreadPoolExecutor$Worker.run(ThreadPoolExecutor.java:652)
10-01 19:21:21.013 23458 24527 W github_upload: 	at java.lang.Thread.run(Thread.java:1563)
10-01 19:21:21.013 23458 23510 I WM-Processor: Moving WorkSpec (e07d24f4-2fd0-48ca-b3af-8270c7bcdc2c) to the foreground
10-01 19:21:21.013 23458 24529 D GitHubUploader: uploadStream: owner=ishizuki-tech repo=SurveyExports branch=main path=diagnostics/crash/2026-10-02/prevlog_20261001_234201_pid12170.log size=48649 maxRawBytesHint=1000000 maxRequestBytesHint=2800000
10-01 19:21:21.015 23458 23510 I WM-Processor: Moving WorkSpec (47ab36b0-01fb-4043-abcf-d30ba342cbec) to the foreground
10-01 19:21:21.015 23458 24527 D GitHubUploader: uploadStream: owner=ishizuki-tech repo=SurveyExports branch=main path=diagnostics/crash/2026-10-02/prevlog_20261001_233854_pid19617.log size=511112 maxRawBytesHint=1000000 maxRequestBytesHint=2800000
10-01 19:21:21.016 23458 24528 W github_upload: doWork: setForeground failed; continuing best-effort. err=startForegroundService() not allowed due to mAllowStartForeground false: service com.negi.survey/androidx.work.impl.foreground.SystemForegroundService
10-01 19:21:21.016 23458 24528 W github_upload: android.app.ForegroundServiceStartNotAllowedException: startForegroundService() not allowed due to mAllowStartForeground false: service com.negi.survey/androidx.work.impl.foreground.SystemForegroundService
10-01 19:21:21.016 23458 24528 W github_upload: 	at android.app.ForegroundServiceStartNotAllowedException$1.createFromParcel(ForegroundServiceStartNotAllowedException.java:54)
10-01 19:21:21.016 23458 24528 W github_upload: 	at android.app.ForegroundServiceStartNotAllowedException$1.createFromParcel(ForegroundServiceStartNotAllowedException.java:50)
10-01 19:21:21.016 23458 24528 W github_upload: 	at android.os.Parcel.readParcelableInternal(Parcel.java:5277)
10-01 19:21:21.016 23458 24528 W github_upload: 	at android.os.Parcel.readParcelable(Parcel.java:5258)
10-01 19:21:21.016 23458 24528 W github_upload: 	at android.os.Parcel.createExceptionOrNull(Parcel.java:3383)
10-01 19:21:21.016 23458 24528 W github_upload: 	at android.os.Parcel.createException(Parcel.java:3372)
10-01 19:21:21.016 23458 24528 W github_upload: 	at android.os.Parcel.readException(Parcel.java:3355)
10-01 19:21:21.016 23458 24528 W github_upload: 	at android.os.Parcel.readException(Parcel.java:3297)
10-01 19:21:21.016 23458 24528 W github_upload: 	at android.app.IActivityManager$Stub$Proxy.startService(IActivityManager.java:6869)
10-01 19:21:21.016 23458 24528 W github_upload: 	at android.app.ContextImpl.startServiceCommon(ContextImpl.java:2170)
10-01 19:21:21.016 23458 24528 W github_upload: 	at android.app.ContextImpl.startForegroundService(ContextImpl.java:2135)
10-01 19:21:21.016 23458 24528 W github_upload: 	at android.content.ContextWrapper.startForegroundService(ContextWrapper.java:903)
10-01 19:21:21.016 23458 24528 W github_upload: 	at androidx.core.content.ContextCompat$Api26Impl.startForegroundService(ContextCompat.java:871)
10-01 19:21:21.016 23458 24528 W github_upload: 	at androidx.core.content.ContextCompat.startForegroundService(ContextCompat.java:563)
10-01 19:21:21.016 23458 24528 W github_upload: 	at androidx.work.impl.Processor.startForeground(Processor.java:205)
10-01 19:21:21.016 23458 24528 W github_upload: 	at androidx.work.impl.utils.WorkForegroundUpdater.lambda$setForegroundAsync$0$androidx-work-impl-utils-WorkForegroundUpdater(WorkForegroundUpdater.java:93)
10-01 19:21:21.016 23458 24528 W github_upload: 	at androidx.work.impl.utils.WorkForegroundUpdater$$ExternalSyntheticLambda0.invoke(D8$$SyntheticClass:0)
10-01 19:21:21.016 23458 24528 W github_upload: 	at androidx.work.ListenableFutureKt.executeAsync$lambda$4$lambda$3(ListenableFuture.kt:59)
10-01 19:21:21.016 23458 24528 W github_upload: 	at androidx.work.ListenableFutureKt$$ExternalSyntheticLambda3.run(D8$$SyntheticClass:0)
10-01 19:21:21.016 23458 24528 W github_upload: 	at androidx.work.impl.utils.SerialExecutorImpl$Task.run(SerialExecutorImpl.java:96)
10-01 19:21:21.016 23458 24528 W github_upload: 	at java.util.concurrent.ThreadPoolExecutor.runWorker(ThreadPoolExecutor.java:1154)
10-01 19:21:21.016 23458 24528 W github_upload: 	at java.util.concurrent.ThreadPoolExecutor$Worker.run(ThreadPoolExecutor.java:652)
10-01 19:21:21.016 23458 24528 W github_upload: 	at java.lang.Thread.run(Thread.java:1563)
10-01 19:21:21.016 23458 24530 W github_upload: doWork: setForeground failed; continuing best-effort. err=startForegroundService() not allowed due to mAllowStartForeground false: service com.negi.survey/androidx.work.impl.foreground.SystemForegroundService
10-01 19:21:21.016 23458 24530 W github_upload: android.app.ForegroundServiceStartNotAllowedException: startForegroundService() not allowed due to mAllowStartForeground false: service com.negi.survey/androidx.work.impl.foreground.SystemForegroundService
10-01 19:21:21.016 23458 24530 W github_upload: 	at android.app.ForegroundServiceStartNotAllowedException$1.createFromParcel(ForegroundServiceStartNotAllowedException.java:54)
10-01 19:21:21.016 23458 24530 W github_upload: 	at android.app.ForegroundServiceStartNotAllowedException$1.createFromParcel(ForegroundServiceStartNotAllowedException.java:50)
10-01 19:21:21.016 23458 24530 W github_upload: 	at android.os.Parcel.readParcelableInternal(Parcel.java:5277)
10-01 19:21:21.016 23458 24530 W github_upload: 	at android.os.Parcel.readParcelable(Parcel.java:5258)
10-01 19:21:21.016 23458 24530 W github_upload: 	at android.os.Parcel.createExceptionOrNull(Parcel.java:3383)
10-01 19:21:21.016 23458 24530 W github_upload: 	at android.os.Parcel.createException(Parcel.java:3372)
10-01 19:21:21.016 23458 24530 W github_upload: 	at android.os.Parcel.readException(Parcel.java:3355)
10-01 19:21:21.016 23458 24530 W github_upload: 	at android.os.Parcel.readException(Parcel.java:3297)
10-01 19:21:21.016 23458 24530 W github_upload: 	at android.app.IActivityManager$Stub$Proxy.startService(IActivityManager.java:6869)
10-01 19:21:21.016 23458 24530 W github_upload: 	at android.app.ContextImpl.startServiceCommon(ContextImpl.java:2170)
10-01 19:21:21.016 23458 24530 W github_upload: 	at android.app.ContextImpl.startForegroundService(ContextImpl.java:2135)
10-01 19:21:21.016 23458 24530 W github_upload: 	at android.content.ContextWrapper.startForegroundService(ContextWrapper.java:903)
10-01 19:21:21.016 23458 24530 W github_upload: 	at androidx.core.content.ContextCompat$Api26Impl.startForegroundService(ContextCompat.java:871)
10-01 19:21:21.016 23458 24530 W github_upload: 	at androidx.core.content.ContextCompat.startForegroundService(ContextCompat.java:563)
10-01 19:21:21.016 23458 24530 W github_upload: 	at androidx.work.impl.Processor.startForeground(Processor.java:205)
10-01 19:21:21.016 23458 24530 W github_upload: 	at androidx.work.impl.utils.WorkForegroundUpdater.lambda$setForegroundAsync$0$androidx-work-impl-utils-WorkForegroundUpdater(WorkForegroundUpdater.java:93)
10-01 19:21:21.016 23458 24530 W github_upload: 	at androidx.work.impl.utils.WorkForegroundUpdater$$ExternalSyntheticLambda0.invoke(D8$$SyntheticClass:0)
10-01 19:21:21.016 23458 24530 W github_upload: 	at androidx.work.ListenableFutureKt.executeAsync$lambda$4$lambda$3(ListenableFuture.kt:59)
10-01 19:21:21.016 23458 24530 W github_upload: 	at androidx.work.ListenableFutureKt$$ExternalSyntheticLambda3.run(D8$$SyntheticClass:0)
10-01 19:21:21.016 23458 24530 W github_upload: 	at androidx.work.impl.utils.SerialExecutorImpl$Task.run(SerialExecutorImpl.java:96)
10-01 19:21:21.016 23458 24530 W github_upload: 	at java.util.concurrent.ThreadPoolExecutor.runWorker(ThreadPoolExecutor.java:1154)
10-01 19:21:21.016 23458 24530 W github_upload: 	at java.util.concurrent.ThreadPoolExecutor$Worker.run(ThreadPoolExecutor.java:652)
10-01 19:21:21.016 23458 24530 W github_upload: 	at java.lang.Thread.run(Thread.java:1563)
10-01 19:21:21.016 23458 23510 I WM-Processor: Moving WorkSpec (2216fb38-0115-4954-a525-dbe51aa02df9) to the foreground
10-01 19:21:21.017 23458 24528 D GitHubUploader: uploadStream: owner=ishizuki-tech repo=SurveyExports branch=main path=diagnostics/crash/2026-10-02/prevlog_20261001_233652_pid18876.log size=870731 maxRawBytesHint=1000000 maxRequestBytesHint=2800000
10-01 19:21:21.017 23458 23510 D WM-WorkProgressUpdater: Updating progress for 3d8d3568-081b-49a3-bf92-c3bc4c54a7e6 (Data {pct : 0, mode : file})
10-01 19:21:21.018 23458 24533 W github_upload: doWork: setForeground failed; continuing best-effort. err=startForegroundService() not allowed due to mAllowStartForeground false: service com.negi.survey/androidx.work.impl.foreground.SystemForegroundService
10-01 19:21:21.018 23458 24533 W github_upload: android.app.ForegroundServiceStartNotAllowedException: startForegroundService() not allowed due to mAllowStartForeground false: service com.negi.survey/androidx.work.impl.foreground.SystemForegroundService
10-01 19:21:21.018 23458 24533 W github_upload: 	at android.app.ForegroundServiceStartNotAllowedException$1.createFromParcel(ForegroundServiceStartNotAllowedException.java:54)
10-01 19:21:21.018 23458 24533 W github_upload: 	at android.app.ForegroundServiceStartNotAllowedException$1.createFromParcel(ForegroundServiceStartNotAllowedException.java:50)
10-01 19:21:21.018 23458 24533 W github_upload: 	at android.os.Parcel.readParcelableInternal(Parcel.java:5277)
10-01 19:21:21.018 23458 24533 W github_upload: 	at android.os.Parcel.readParcelable(Parcel.java:5258)
10-01 19:21:21.018 23458 24533 W github_upload: 	at android.os.Parcel.createExceptionOrNull(Parcel.java:3383)
10-01 19:21:21.018 23458 24533 W github_upload: 	at android.os.Parcel.createException(Parcel.java:3372)
10-01 19:21:21.018 23458 24533 W github_upload: 	at android.os.Parcel.readException(Parcel.java:3355)
10-01 19:21:21.018 23458 24533 W github_upload: 	at android.os.Parcel.readException(Parcel.java:3297)
10-01 19:21:21.018 23458 24533 W github_upload: 	at android.app.IActivityManager$Stub$Proxy.startService(IActivityManager.java:6869)
10-01 19:21:21.018 23458 24533 W github_upload: 	at android.app.ContextImpl.startServiceCommon(ContextImpl.java:2170)
10-01 19:21:21.018 23458 24533 W github_upload: 	at android.app.ContextImpl.startForegroundService(ContextImpl.java:2135)
10-01 19:21:21.018 23458 24533 W github_upload: 	at android.content.ContextWrapper.startForegroundService(ContextWrapper.java:903)
10-01 19:21:21.018 23458 24533 W github_upload: 	at androidx.core.content.ContextCompat$Api26Impl.startForegroundService(ContextCompat.java:871)
10-01 19:21:21.018 23458 24533 W github_upload: 	at androidx.core.content.ContextCompat.startForegroundService(ContextCompat.java:563)
10-01 19:21:21.018 23458 24533 W github_upload: 	at androidx.work.impl.Processor.startForeground(Processor.java:205)
10-01 19:21:21.018 23458 24533 W github_upload: 	at androidx.work.impl.utils.WorkForegroundUpdater.lambda$setForegroundAsync$0$androidx-work-impl-utils-WorkForegroundUpdater(WorkForegroundUpdater.java:93)
10-01 19:21:21.018 23458 24533 W github_upload: 	at androidx.work.impl.utils.WorkForegroundUpdater$$ExternalSyntheticLambda0.invoke(D8$$SyntheticClass:0)
10-01 19:21:21.018 23458 24533 W github_upload: 	at androidx.work.ListenableFutureKt.executeAsync$lambda$4$lambda$3(ListenableFuture.kt:59)
10-01 19:21:21.018 23458 24533 W github_upload: 	at androidx.work.ListenableFutureKt$$ExternalSyntheticLambda3.run(D8$$SyntheticClass:0)
10-01 19:21:21.018 23458 24533 W github_upload: 	at androidx.work.impl.utils.SerialExecutorImpl$Task.run(SerialExecutorImpl.java:96)
10-01 19:21:21.018 23458 24533 W github_upload: 	at java.util.concurrent.ThreadPoolExecutor.runWorker(ThreadPoolExecutor.java:1154)
10-01 19:21:21.018 23458 24533 W github_upload: 	at java.util.concurrent.ThreadPoolExecutor$Worker.run(ThreadPoolExecutor.java:652)
10-01 19:21:21.018 23458 24533 W github_upload: 	at java.lang.Thread.run(Thread.java:1563)
10-01 19:21:21.018 23458 24530 D GitHubUploader: uploadStream: owner=ishizuki-tech repo=SurveyExports branch=main path=diagnostics/crash/2026-10-02/prevlog_20261001_234119_pid9359.log size=8727 maxRawBytesHint=1000000 maxRequestBytesHint=2800000
10-01 19:21:21.018 23458 24533 D GitHubUploader: uploadStream: owner=ishizuki-tech repo=SurveyExports branch=main path=diagnostics/crash/2026-10-02/ring_store/20261002_002003_pid23458_u127742/seg_00.log size=16351 maxRawBytesHint=1000000 maxRequestBytesHint=2800000
10-01 19:21:21.019 23458 23510 I WM-Processor: Moving WorkSpec (3d8d3568-081b-49a3-bf92-c3bc4c54a7e6) to the foreground
10-01 19:21:21.019 23458 23510 D WM-WorkProgressUpdater: Updating progress for 61987175-d848-4fee-a061-c0c4fdd52174 (Data {pct : 3, mode : startup_runtime_logs})
10-01 19:21:21.020 23458 23510 I WM-Processor: Moving WorkSpec (61987175-d848-4fee-a061-c0c4fdd52174) to the foreground
10-01 19:21:21.021 23458 23510 D WM-WorkProgressUpdater: Updating progress for 6e664794-a0a2-456d-afb3-f82796dcea40 (Data {pct : 3, mode : startup_ring_logs})
10-01 19:21:21.022 23458 23510 I WM-Processor: Moving WorkSpec (6e664794-a0a2-456d-afb3-f82796dcea40) to the foreground
10-01 19:21:21.023 23458 23510 D WM-WorkProgressUpdater: Updating progress for d2381219-e9af-41c4-96e8-8ca6e95bf7d4 (Data {pct : 0, mode : file})
10-01 19:21:21.024 23458 23510 I WM-Processor: Moving WorkSpec (d2381219-e9af-41c4-96e8-8ca6e95bf7d4) to the foreground
10-01 19:21:21.024 23458 23510 D WM-WorkProgressUpdater: Updating progress for 2c10ae0f-b8bd-4282-b180-9d7a2345d2a3 (Data {pct : 0, mode : file})
10-01 19:21:21.025 23458 23510 I WM-Processor: Moving WorkSpec (2c10ae0f-b8bd-4282-b180-9d7a2345d2a3) to the foreground
10-01 19:21:21.026 23458 23510 D WM-WorkProgressUpdater: Updating progress for ed300a10-cbd0-40c2-b06c-13380aae609c (Data {pct : 0, mode : file})
10-01 19:21:21.027 23458 23510 I WM-Processor: Moving WorkSpec (ed300a10-cbd0-40c2-b06c-13380aae609c) to the foreground
10-01 19:21:21.027 23458 23510 D WM-WorkProgressUpdater: Updating progress for b27c5fae-c0ba-49e5-82de-b7ac2d0db139 (Data {pct : 0, mode : file})
10-01 19:21:21.028 23458 23510 I WM-Processor: Moving WorkSpec (b27c5fae-c0ba-49e5-82de-b7ac2d0db139) to the foreground
10-01 19:21:21.029 23458 23510 D WM-WorkProgressUpdater: Updating progress for bc3fafa7-6986-4604-9dab-69e1176a7d4d (Data {pct : 0, mode : file})
10-01 19:21:21.030 23458 23510 I WM-Processor: Moving WorkSpec (bc3fafa7-6986-4604-9dab-69e1176a7d4d) to the foreground
10-01 19:21:21.030 23458 23510 D WM-WorkProgressUpdater: Updating progress for 47ab36b0-01fb-4043-abcf-d30ba342cbec (Data {pct : 0, mode : file})
10-01 19:21:21.031 23458 23510 I WM-Processor: Moving WorkSpec (47ab36b0-01fb-4043-abcf-d30ba342cbec) to the foreground
10-01 19:21:21.032 23458 23510 D WM-WorkProgressUpdater: Updating progress for e07d24f4-2fd0-48ca-b3af-8270c7bcdc2c (Data {pct : 0, mode : file})
10-01 19:21:21.033 23458 23510 I WM-Processor: Moving WorkSpec (e07d24f4-2fd0-48ca-b3af-8270c7bcdc2c) to the foreground
10-01 19:21:21.033 23458 23510 D WM-WorkProgressUpdater: Updating progress for 2216fb38-0115-4954-a525-dbe51aa02df9 (Data {pct : 0, mode : file})
10-01 19:21:21.034 23458 23510 I WM-Processor: Moving WorkSpec (2216fb38-0115-4954-a525-dbe51aa02df9) to the foreground
10-01 19:21:21.416 23458 23489 D WM-WorkProgressUpdater: Updating progress for 5dbbd0db-e360-4b52-ab8e-e035895f3ac2 (Data {pct : 10, mode : file})
10-01 19:21:21.419 23458 23489 I WM-Processor: Moving WorkSpec (5dbbd0db-e360-4b52-ab8e-e035895f3ac2) to the foreground
10-01 19:21:21.422 23458 23489 D WM-WorkProgressUpdater: Updating progress for 2c10ae0f-b8bd-4282-b180-9d7a2345d2a3 (Data {pct : 10, mode : file})
10-01 19:21:21.425 23458 23489 I WM-Processor: Moving WorkSpec (2c10ae0f-b8bd-4282-b180-9d7a2345d2a3) to the foreground
10-01 19:21:21.427 23458 23489 D WM-WorkProgressUpdater: Updating progress for 47ab36b0-01fb-4043-abcf-d30ba342cbec (Data {pct : 10, mode : file})
10-01 19:21:21.429 23458 23489 D WM-WorkProgressUpdater: Updating progress for d2381219-e9af-41c4-96e8-8ca6e95bf7d4 (Data {pct : 10, mode : file})
10-01 19:21:21.432 23458 23489 I WM-Processor: Moving WorkSpec (47ab36b0-01fb-4043-abcf-d30ba342cbec) to the foreground
10-01 19:21:21.434 23458 23489 I WM-Processor: Moving WorkSpec (d2381219-e9af-41c4-96e8-8ca6e95bf7d4) to the foreground
10-01 19:21:21.436 23458 23489 D WM-WorkProgressUpdater: Updating progress for a25fb0c1-58af-4c13-9b2b-1363736f33de (Data {pct : 10, mode : file})
10-01 19:21:21.439 23458 23489 I WM-Processor: Moving WorkSpec (a25fb0c1-58af-4c13-9b2b-1363736f33de) to the foreground
10-01 19:21:21.442 23458 23489 D WM-WorkProgressUpdater: Updating progress for e07d24f4-2fd0-48ca-b3af-8270c7bcdc2c (Data {pct : 10, mode : file})
10-01 19:21:21.444 23458 23489 I WM-Processor: Moving WorkSpec (e07d24f4-2fd0-48ca-b3af-8270c7bcdc2c) to the foreground
10-01 19:21:21.445 23458 23489 D WM-WorkProgressUpdater: Updating progress for 2b80abe2-d6ea-4f5c-87bb-9a7a4abacbc4 (Data {pct : 10, mode : file})
10-01 19:21:21.447 23458 23489 I WM-Processor: Moving WorkSpec (2b80abe2-d6ea-4f5c-87bb-9a7a4abacbc4) to the foreground
10-01 19:21:21.448 23458 23489 D WM-WorkProgressUpdater: Updating progress for bc3fafa7-6986-4604-9dab-69e1176a7d4d (Data {pct : 10, mode : file})
10-01 19:21:21.450 23458 23489 I WM-Processor: Moving WorkSpec (bc3fafa7-6986-4604-9dab-69e1176a7d4d) to the foreground
10-01 19:21:21.451 23458 23489 D WM-WorkProgressUpdater: Updating progress for ed300a10-cbd0-40c2-b06c-13380aae609c (Data {pct : 10, mode : file})
10-01 19:21:21.453 23458 23489 I WM-Processor: Moving WorkSpec (ed300a10-cbd0-40c2-b06c-13380aae609c) to the foreground
10-01 19:21:21.454 23458 23489 D WM-WorkProgressUpdater: Updating progress for 3d8d3568-081b-49a3-bf92-c3bc4c54a7e6 (Data {pct : 10, mode : file})
10-01 19:21:21.456 23458 23489 I WM-Processor: Moving WorkSpec (3d8d3568-081b-49a3-bf92-c3bc4c54a7e6) to the foreground
10-01 19:21:21.480 23458 23504 D WM-WorkProgressUpdater: Updating progress for 2216fb38-0115-4954-a525-dbe51aa02df9 (Data {pct : 10, mode : file})
10-01 19:21:21.482 23458 23504 I WM-Processor: Moving WorkSpec (2216fb38-0115-4954-a525-dbe51aa02df9) to the foreground
10-01 19:21:21.487 23458 23489 D WM-WorkProgressUpdater: Updating progress for b27c5fae-c0ba-49e5-82de-b7ac2d0db139 (Data {pct : 10, mode : file})
10-01 19:21:21.489 23458 23489 I WM-Processor: Moving WorkSpec (b27c5fae-c0ba-49e5-82de-b7ac2d0db139) to the foreground
10-01 19:21:21.604 23458 23504 D WM-WorkProgressUpdater: Updating progress for bc3fafa7-6986-4604-9dab-69e1176a7d4d (Data {pct : 11, mode : file})
10-01 19:21:21.606 23458 23504 I WM-Processor: Moving WorkSpec (bc3fafa7-6986-4604-9dab-69e1176a7d4d) to the foreground
10-01 19:21:21.610 23458 23504 D WM-WorkProgressUpdater: Updating progress for bc3fafa7-6986-4604-9dab-69e1176a7d4d (Data {pct : 12, mode : file})
10-01 19:21:21.612 23458 23504 I WM-Processor: Moving WorkSpec (bc3fafa7-6986-4604-9dab-69e1176a7d4d) to the foreground
10-01 19:21:21.613 23458 23504 D WM-WorkProgressUpdater: Updating progress for bc3fafa7-6986-4604-9dab-69e1176a7d4d (Data {pct : 13, mode : file})
10-01 19:21:21.614 23458 23504 D WM-WorkProgressUpdater: Updating progress for e07d24f4-2fd0-48ca-b3af-8270c7bcdc2c (Data {pct : 85, mode : file})
10-01 19:21:21.616 23458 23504 I WM-Processor: Moving WorkSpec (bc3fafa7-6986-4604-9dab-69e1176a7d4d) to the foreground
10-01 19:21:21.617 23458 23504 D WM-WorkProgressUpdater: Updating progress for bc3fafa7-6986-4604-9dab-69e1176a7d4d (Data {pct : 15, mode : file})
10-01 19:21:21.619 23458 23504 I WM-Processor: Moving WorkSpec (e07d24f4-2fd0-48ca-b3af-8270c7bcdc2c) to the foreground
10-01 19:21:21.621 23458 23504 I WM-Processor: Moving WorkSpec (bc3fafa7-6986-4604-9dab-69e1176a7d4d) to the foreground
10-01 19:21:21.622 23458 23504 D WM-WorkProgressUpdater: Updating progress for e07d24f4-2fd0-48ca-b3af-8270c7bcdc2c (Data {pct : 90, mode : file})
10-01 19:21:21.623 23458 23504 D WM-WorkProgressUpdater: Updating progress for bc3fafa7-6986-4604-9dab-69e1176a7d4d (Data {pct : 16, mode : file})
10-01 19:21:21.626 23458 23504 I WM-Processor: Moving WorkSpec (bc3fafa7-6986-4604-9dab-69e1176a7d4d) to the foreground
10-01 19:21:21.628 23458 23504 I WM-Processor: Moving WorkSpec (e07d24f4-2fd0-48ca-b3af-8270c7bcdc2c) to the foreground
10-01 19:21:21.629 23458 23504 D WM-WorkProgressUpdater: Updating progress for bc3fafa7-6986-4604-9dab-69e1176a7d4d (Data {pct : 17, mode : file})
10-01 19:21:21.631 23458 23504 I WM-Processor: Moving WorkSpec (bc3fafa7-6986-4604-9dab-69e1176a7d4d) to the foreground
10-01 19:21:21.636 23458 23504 D WM-WorkProgressUpdater: Updating progress for bc3fafa7-6986-4604-9dab-69e1176a7d4d (Data {pct : 18, mode : file})
10-01 19:21:21.638 23458 23504 I WM-Processor: Moving WorkSpec (bc3fafa7-6986-4604-9dab-69e1176a7d4d) to the foreground
10-01 19:21:21.640 23458 23504 D WM-WorkProgressUpdater: Updating progress for bc3fafa7-6986-4604-9dab-69e1176a7d4d (Data {pct : 20, mode : file})
10-01 19:21:21.642 23458 23504 I WM-Processor: Moving WorkSpec (bc3fafa7-6986-4604-9dab-69e1176a7d4d) to the foreground
10-01 19:21:21.643 23458 23504 D WM-WorkProgressUpdater: Updating progress for bc3fafa7-6986-4604-9dab-69e1176a7d4d (Data {pct : 21, mode : file})
10-01 19:21:21.645 23458 23504 I WM-Processor: Moving WorkSpec (bc3fafa7-6986-4604-9dab-69e1176a7d4d) to the foreground
10-01 19:21:21.647 23458 23504 D WM-WorkProgressUpdater: Updating progress for bc3fafa7-6986-4604-9dab-69e1176a7d4d (Data {pct : 22, mode : file})
10-01 19:21:21.648 23458 23504 I WM-Processor: Moving WorkSpec (bc3fafa7-6986-4604-9dab-69e1176a7d4d) to the foreground
10-01 19:21:21.650 23458 23504 D WM-WorkProgressUpdater: Updating progress for bc3fafa7-6986-4604-9dab-69e1176a7d4d (Data {pct : 24, mode : file})
10-01 19:21:21.652 23458 23504 I WM-Processor: Moving WorkSpec (bc3fafa7-6986-4604-9dab-69e1176a7d4d) to the foreground
10-01 19:21:21.653 23458 23504 D WM-WorkProgressUpdater: Updating progress for bc3fafa7-6986-4604-9dab-69e1176a7d4d (Data {pct : 25, mode : file})
10-01 19:21:21.656 23458 23504 I WM-Processor: Moving WorkSpec (bc3fafa7-6986-4604-9dab-69e1176a7d4d) to the foreground
10-01 19:21:21.657 23458 23504 D WM-WorkProgressUpdater: Updating progress for bc3fafa7-6986-4604-9dab-69e1176a7d4d (Data {pct : 26, mode : file})
10-01 19:21:21.659 23458 23504 I WM-Processor: Moving WorkSpec (bc3fafa7-6986-4604-9dab-69e1176a7d4d) to the foreground
10-01 19:21:21.660 23458 23504 D WM-WorkProgressUpdater: Updating progress for bc3fafa7-6986-4604-9dab-69e1176a7d4d (Data {pct : 27, mode : file})
10-01 19:21:21.661 23458 23504 I WM-Processor: Moving WorkSpec (bc3fafa7-6986-4604-9dab-69e1176a7d4d) to the foreground
10-01 19:21:21.662 23458 23504 D WM-WorkProgressUpdater: Updating progress for bc3fafa7-6986-4604-9dab-69e1176a7d4d (Data {pct : 29, mode : file})
10-01 19:21:21.663 23458 23504 I WM-Processor: Moving WorkSpec (bc3fafa7-6986-4604-9dab-69e1176a7d4d) to the foreground
10-01 19:21:21.663 23458 23504 D WM-WorkProgressUpdater: Updating progress for bc3fafa7-6986-4604-9dab-69e1176a7d4d (Data {pct : 30, mode : file})
10-01 19:21:21.664 23458 23504 I WM-Processor: Moving WorkSpec (bc3fafa7-6986-4604-9dab-69e1176a7d4d) to the foreground
10-01 19:21:21.665 23458 23504 D WM-WorkProgressUpdater: Updating progress for bc3fafa7-6986-4604-9dab-69e1176a7d4d (Data {pct : 31, mode : file})
10-01 19:21:21.666 23458 23504 I WM-Processor: Moving WorkSpec (bc3fafa7-6986-4604-9dab-69e1176a7d4d) to the foreground
10-01 19:21:21.666 23458 23504 D WM-WorkProgressUpdater: Updating progress for 47ab36b0-01fb-4043-abcf-d30ba342cbec (Data {pct : 11, mode : file})
10-01 19:21:21.667 23458 23504 D WM-WorkProgressUpdater: Updating progress for bc3fafa7-6986-4604-9dab-69e1176a7d4d (Data {pct : 33, mode : file})
10-01 19:21:21.667 23458 23504 I WM-Processor: Moving WorkSpec (47ab36b0-01fb-4043-abcf-d30ba342cbec) to the foreground
10-01 19:21:21.668 23458 23504 I WM-Processor: Moving WorkSpec (bc3fafa7-6986-4604-9dab-69e1176a7d4d) to the foreground
10-01 19:21:21.669 23458 23504 D WM-WorkProgressUpdater: Updating progress for bc3fafa7-6986-4604-9dab-69e1176a7d4d (Data {pct : 34, mode : file})
10-01 19:21:21.669 23458 23504 I WM-Processor: Moving WorkSpec (bc3fafa7-6986-4604-9dab-69e1176a7d4d) to the foreground
10-01 19:21:21.670 23458 23504 D WM-WorkProgressUpdater: Updating progress for bc3fafa7-6986-4604-9dab-69e1176a7d4d (Data {pct : 35, mode : file})
10-01 19:21:21.671 23458 23504 I WM-Processor: Moving WorkSpec (bc3fafa7-6986-4604-9dab-69e1176a7d4d) to the foreground
10-01 19:21:21.672 23458 23504 D WM-WorkProgressUpdater: Updating progress for 47ab36b0-01fb-4043-abcf-d30ba342cbec (Data {pct : 12, mode : file})
10-01 19:21:21.673 23458 23504 D WM-WorkProgressUpdater: Updating progress for bc3fafa7-6986-4604-9dab-69e1176a7d4d (Data {pct : 36, mode : file})
10-01 19:21:21.673 23458 23504 I WM-Processor: Moving WorkSpec (47ab36b0-01fb-4043-abcf-d30ba342cbec) to the foreground
10-01 19:21:21.676 23458 23504 I WM-Processor: Moving WorkSpec (bc3fafa7-6986-4604-9dab-69e1176a7d4d) to the foreground
10-01 19:21:21.677 23458 23504 D WM-WorkProgressUpdater: Updating progress for bc3fafa7-6986-4604-9dab-69e1176a7d4d (Data {pct : 38, mode : file})
10-01 19:21:21.678 23458 23504 I WM-Processor: Moving WorkSpec (bc3fafa7-6986-4604-9dab-69e1176a7d4d) to the foreground
10-01 19:21:21.681 23458 23504 D WM-WorkProgressUpdater: Updating progress for bc3fafa7-6986-4604-9dab-69e1176a7d4d (Data {pct : 39, mode : file})
10-01 19:21:21.681 23458 23504 D WM-WorkProgressUpdater: Updating progress for 47ab36b0-01fb-4043-abcf-d30ba342cbec (Data {pct : 13, mode : file})
10-01 19:21:21.682 23458 23504 I WM-Processor: Moving WorkSpec (bc3fafa7-6986-4604-9dab-69e1176a7d4d) to the foreground
10-01 19:21:21.683 23458 23504 I WM-Processor: Moving WorkSpec (47ab36b0-01fb-4043-abcf-d30ba342cbec) to the foreground
10-01 19:21:21.683 23458 23504 D WM-WorkProgressUpdater: Updating progress for bc3fafa7-6986-4604-9dab-69e1176a7d4d (Data {pct : 40, mode : file})
10-01 19:21:21.684 23458 23504 I WM-Processor: Moving WorkSpec (bc3fafa7-6986-4604-9dab-69e1176a7d4d) to the foreground
10-01 19:21:21.686 23458 23504 D WM-WorkProgressUpdater: Updating progress for bc3fafa7-6986-4604-9dab-69e1176a7d4d (Data {pct : 42, mode : file})
10-01 19:21:21.686 23458 23504 I WM-Processor: Moving WorkSpec (bc3fafa7-6986-4604-9dab-69e1176a7d4d) to the foreground
10-01 19:21:21.687 23458 23504 D WM-WorkProgressUpdater: Updating progress for bc3fafa7-6986-4604-9dab-69e1176a7d4d (Data {pct : 43, mode : file})
10-01 19:21:21.688 23458 23504 I WM-Processor: Moving WorkSpec (bc3fafa7-6986-4604-9dab-69e1176a7d4d) to the foreground
10-01 19:21:21.688 23458 23504 D WM-WorkProgressUpdater: Updating progress for 47ab36b0-01fb-4043-abcf-d30ba342cbec (Data {pct : 14, mode : file})
10-01 19:21:21.689 23458 23504 D WM-WorkProgressUpdater: Updating progress for bc3fafa7-6986-4604-9dab-69e1176a7d4d (Data {pct : 44, mode : file})
10-01 19:21:21.689 23458 23504 I WM-Processor: Moving WorkSpec (47ab36b0-01fb-4043-abcf-d30ba342cbec) to the foreground
10-01 19:21:21.690 23458 23504 I WM-Processor: Moving WorkSpec (bc3fafa7-6986-4604-9dab-69e1176a7d4d) to the foreground
10-01 19:21:21.691 23458 23504 D WM-WorkProgressUpdater: Updating progress for bc3fafa7-6986-4604-9dab-69e1176a7d4d (Data {pct : 45, mode : file})
10-01 19:21:21.691 23458 23504 I WM-Processor: Moving WorkSpec (bc3fafa7-6986-4604-9dab-69e1176a7d4d) to the foreground
10-01 19:21:21.692 23458 23504 D WM-WorkProgressUpdater: Updating progress for bc3fafa7-6986-4604-9dab-69e1176a7d4d (Data {pct : 47, mode : file})
10-01 19:21:21.692 23458 23504 D WM-WorkProgressUpdater: Updating progress for 47ab36b0-01fb-4043-abcf-d30ba342cbec (Data {pct : 15, mode : file})
10-01 19:21:21.693 23458 23504 I WM-Processor: Moving WorkSpec (bc3fafa7-6986-4604-9dab-69e1176a7d4d) to the foreground
10-01 19:21:21.694 23458 23504 I WM-Processor: Moving WorkSpec (47ab36b0-01fb-4043-abcf-d30ba342cbec) to the foreground
10-01 19:21:21.695 23458 23504 D WM-WorkProgressUpdater: Updating progress for bc3fafa7-6986-4604-9dab-69e1176a7d4d (Data {pct : 48, mode : file})
10-01 19:21:21.695 23458 23504 I WM-Processor: Moving WorkSpec (bc3fafa7-6986-4604-9dab-69e1176a7d4d) to the foreground
10-01 19:21:21.696 23458 23504 D WM-WorkProgressUpdater: Updating progress for bc3fafa7-6986-4604-9dab-69e1176a7d4d (Data {pct : 49, mode : file})
10-01 19:21:21.697 23458 23504 I WM-Processor: Moving WorkSpec (bc3fafa7-6986-4604-9dab-69e1176a7d4d) to the foreground
10-01 19:21:21.698 23458 23504 D WM-WorkProgressUpdater: Updating progress for 47ab36b0-01fb-4043-abcf-d30ba342cbec (Data {pct : 16, mode : file})
10-01 19:21:21.698 23458 23504 I WM-Processor: Moving WorkSpec (47ab36b0-01fb-4043-abcf-d30ba342cbec) to the foreground
10-01 19:21:21.699 23458 23504 D WM-WorkProgressUpdater: Updating progress for bc3fafa7-6986-4604-9dab-69e1176a7d4d (Data {pct : 51, mode : file})
10-01 19:21:21.699 23458 23504 I WM-Processor: Moving WorkSpec (bc3fafa7-6986-4604-9dab-69e1176a7d4d) to the foreground
10-01 19:21:21.700 23458 23504 D WM-WorkProgressUpdater: Updating progress for bc3fafa7-6986-4604-9dab-69e1176a7d4d (Data {pct : 52, mode : file})
10-01 19:21:21.701 23458 23504 I WM-Processor: Moving WorkSpec (bc3fafa7-6986-4604-9dab-69e1176a7d4d) to the foreground
10-01 19:21:21.701 23458 23504 D WM-WorkProgressUpdater: Updating progress for bc3fafa7-6986-4604-9dab-69e1176a7d4d (Data {pct : 53, mode : file})
10-01 19:21:21.703 23458 23504 I WM-Processor: Moving WorkSpec (bc3fafa7-6986-4604-9dab-69e1176a7d4d) to the foreground
10-01 19:21:21.703 23458 23504 D WM-WorkProgressUpdater: Updating progress for bc3fafa7-6986-4604-9dab-69e1176a7d4d (Data {pct : 54, mode : file})
10-01 19:21:21.704 23458 23504 I WM-Processor: Moving WorkSpec (bc3fafa7-6986-4604-9dab-69e1176a7d4d) to the foreground
10-01 19:21:21.705 23458 23504 D WM-WorkProgressUpdater: Updating progress for bc3fafa7-6986-4604-9dab-69e1176a7d4d (Data {pct : 56, mode : file})
10-01 19:21:21.705 23458 23504 I WM-Processor: Moving WorkSpec (bc3fafa7-6986-4604-9dab-69e1176a7d4d) to the foreground
10-01 19:21:21.706 23458 23504 D WM-WorkProgressUpdater: Updating progress for bc3fafa7-6986-4604-9dab-69e1176a7d4d (Data {pct : 57, mode : file})
10-01 19:21:21.706 23458 23504 I WM-Processor: Moving WorkSpec (bc3fafa7-6986-4604-9dab-69e1176a7d4d) to the foreground
10-01 19:21:21.707 23458 23504 D WM-WorkProgressUpdater: Updating progress for 47ab36b0-01fb-4043-abcf-d30ba342cbec (Data {pct : 17, mode : file})
10-01 19:21:21.707 23458 23504 D WM-WorkProgressUpdater: Updating progress for bc3fafa7-6986-4604-9dab-69e1176a7d4d (Data {pct : 58, mode : file})
10-01 19:21:21.708 23458 23504 I WM-Processor: Moving WorkSpec (bc3fafa7-6986-4604-9dab-69e1176a7d4d) to the foreground
10-01 19:21:21.708 23458 23504 I WM-Processor: Moving WorkSpec (47ab36b0-01fb-4043-abcf-d30ba342cbec) to the foreground
10-01 19:21:21.709 23458 23504 D WM-WorkProgressUpdater: Updating progress for bc3fafa7-6986-4604-9dab-69e1176a7d4d (Data {pct : 60, mode : file})
10-01 19:21:21.710 23458 23504 I WM-Processor: Moving WorkSpec (bc3fafa7-6986-4604-9dab-69e1176a7d4d) to the foreground
10-01 19:21:21.710 23458 23504 D WM-WorkProgressUpdater: Updating progress for bc3fafa7-6986-4604-9dab-69e1176a7d4d (Data {pct : 61, mode : file})
10-01 19:21:21.711 23458 23504 I WM-Processor: Moving WorkSpec (bc3fafa7-6986-4604-9dab-69e1176a7d4d) to the foreground
10-01 19:21:21.711 23458 23504 D WM-WorkProgressUpdater: Updating progress for bc3fafa7-6986-4604-9dab-69e1176a7d4d (Data {pct : 62, mode : file})
10-01 19:21:21.712 23458 24532 D github_upload: doRingLogsUpload: remoteBaseDir=diagnostics/applog_ring/2026-10-02/applog_ring_startup_ring_20261002_002002_77f80833_app_start segs=1 bytes=16351 source=/data/user/0/com.negi.survey/files/diagnostics/applog_ring snapshot=/data/user/0/com.negi.survey/cache/diagnostics_ring_upload/startup_ring_20261002_002002_77f80833
10-01 19:21:21.712 23458 23504 I WM-Processor: Moving WorkSpec (bc3fafa7-6986-4604-9dab-69e1176a7d4d) to the foreground
10-01 19:21:21.713 23458 23504 D WM-WorkProgressUpdater: Updating progress for 47ab36b0-01fb-4043-abcf-d30ba342cbec (Data {pct : 18, mode : file})
10-01 19:21:21.713 23458 24532 D GitHubUploader: uploadStream: owner=ishizuki-tech repo=SurveyExports branch=main path=diagnostics/applog_ring/2026-10-02/applog_ring_startup_ring_20261002_002002_77f80833_app_start/seg_00.log size=16351 maxRawBytesHint=1000000 maxRequestBytesHint=2800000
10-01 19:21:21.713 23458 23504 D WM-WorkProgressUpdater: Updating progress for bc3fafa7-6986-4604-9dab-69e1176a7d4d (Data {pct : 63, mode : file})
10-01 19:21:21.714 23458 23504 I WM-Processor: Moving WorkSpec (47ab36b0-01fb-4043-abcf-d30ba342cbec) to the foreground
10-01 19:21:21.717 23458 23504 I WM-Processor: Moving WorkSpec (bc3fafa7-6986-4604-9dab-69e1176a7d4d) to the foreground
10-01 19:21:21.718 23458 23489 D WM-WorkProgressUpdater: Updating progress for bc3fafa7-6986-4604-9dab-69e1176a7d4d (Data {pct : 65, mode : file})
10-01 19:21:21.719 23458 23489 I WM-Processor: Moving WorkSpec (bc3fafa7-6986-4604-9dab-69e1176a7d4d) to the foreground
10-01 19:21:21.719 23458 23489 D WM-WorkProgressUpdater: Updating progress for bc3fafa7-6986-4604-9dab-69e1176a7d4d (Data {pct : 66, mode : file})
10-01 19:21:21.720 23458 23489 I WM-Processor: Moving WorkSpec (bc3fafa7-6986-4604-9dab-69e1176a7d4d) to the foreground
10-01 19:21:21.720 23458 23489 D WM-WorkProgressUpdater: Updating progress for 47ab36b0-01fb-4043-abcf-d30ba342cbec (Data {pct : 19, mode : file})
10-01 19:21:21.721 23458 23489 D WM-WorkProgressUpdater: Updating progress for bc3fafa7-6986-4604-9dab-69e1176a7d4d (Data {pct : 67, mode : file})
10-01 19:21:21.721 23458 23489 I WM-Processor: Moving WorkSpec (bc3fafa7-6986-4604-9dab-69e1176a7d4d) to the foreground
10-01 19:21:21.722 23458 23489 I WM-Processor: Moving WorkSpec (47ab36b0-01fb-4043-abcf-d30ba342cbec) to the foreground
10-01 19:21:21.723 23458 23489 D WM-WorkProgressUpdater: Updating progress for bc3fafa7-6986-4604-9dab-69e1176a7d4d (Data {pct : 68, mode : file})
10-01 19:21:21.723 23458 23489 I WM-Processor: Moving WorkSpec (bc3fafa7-6986-4604-9dab-69e1176a7d4d) to the foreground
10-01 19:21:21.724 23458 23489 D WM-WorkProgressUpdater: Updating progress for bc3fafa7-6986-4604-9dab-69e1176a7d4d (Data {pct : 70, mode : file})
10-01 19:21:21.725 23458 23489 I WM-Processor: Moving WorkSpec (bc3fafa7-6986-4604-9dab-69e1176a7d4d) to the foreground
10-01 19:21:21.725 23458 23489 D WM-WorkProgressUpdater: Updating progress for bc3fafa7-6986-4604-9dab-69e1176a7d4d (Data {pct : 71, mode : file})
10-01 19:21:21.726 23458 23489 D WM-WorkProgressUpdater: Updating progress for 47ab36b0-01fb-4043-abcf-d30ba342cbec (Data {pct : 20, mode : file})
10-01 19:21:21.726 23458 23489 I WM-Processor: Moving WorkSpec (bc3fafa7-6986-4604-9dab-69e1176a7d4d) to the foreground
10-01 19:21:21.727 23458 23489 I WM-Processor: Moving WorkSpec (47ab36b0-01fb-4043-abcf-d30ba342cbec) to the foreground
10-01 19:21:21.727 23458 23489 D WM-WorkProgressUpdater: Updating progress for bc3fafa7-6986-4604-9dab-69e1176a7d4d (Data {pct : 72, mode : file})
10-01 19:21:21.728 23458 23489 I WM-Processor: Moving WorkSpec (bc3fafa7-6986-4604-9dab-69e1176a7d4d) to the foreground
10-01 19:21:21.729 23458 23489 D WM-WorkProgressUpdater: Updating progress for bc3fafa7-6986-4604-9dab-69e1176a7d4d (Data {pct : 74, mode : file})
10-01 19:21:21.729 23458 23489 I WM-Processor: Moving WorkSpec (bc3fafa7-6986-4604-9dab-69e1176a7d4d) to the foreground
10-01 19:21:21.730 23458 23489 D WM-WorkProgressUpdater: Updating progress for 47ab36b0-01fb-4043-abcf-d30ba342cbec (Data {pct : 21, mode : file})
10-01 19:21:21.730 23458 23489 D WM-WorkProgressUpdater: Updating progress for bc3fafa7-6986-4604-9dab-69e1176a7d4d (Data {pct : 75, mode : file})
10-01 19:21:21.733 23458 23489 I WM-Processor: Moving WorkSpec (47ab36b0-01fb-4043-abcf-d30ba342cbec) to the foreground
10-01 19:21:21.733 23458 23489 I WM-Processor: Moving WorkSpec (bc3fafa7-6986-4604-9dab-69e1176a7d4d) to the foreground
10-01 19:21:21.734 23458 23489 D WM-WorkProgressUpdater: Updating progress for bc3fafa7-6986-4604-9dab-69e1176a7d4d (Data {pct : 76, mode : file})
10-01 19:21:21.734 23458 23489 I WM-Processor: Moving WorkSpec (bc3fafa7-6986-4604-9dab-69e1176a7d4d) to the foreground
10-01 19:21:21.735 23458 23489 D WM-WorkProgressUpdater: Updating progress for 47ab36b0-01fb-4043-abcf-d30ba342cbec (Data {pct : 22, mode : file})
10-01 19:21:21.735 23458 23489 D WM-WorkProgressUpdater: Updating progress for bc3fafa7-6986-4604-9dab-69e1176a7d4d (Data {pct : 77, mode : file})
10-01 19:21:21.736 23458 23489 I WM-Processor: Moving WorkSpec (bc3fafa7-6986-4604-9dab-69e1176a7d4d) to the foreground
10-01 19:21:21.737 23458 23489 I WM-Processor: Moving WorkSpec (47ab36b0-01fb-4043-abcf-d30ba342cbec) to the foreground
10-01 19:21:21.737 23458 23489 D WM-WorkProgressUpdater: Updating progress for bc3fafa7-6986-4604-9dab-69e1176a7d4d (Data {pct : 79, mode : file})
10-01 19:21:21.738 23458 23489 I WM-Processor: Moving WorkSpec (bc3fafa7-6986-4604-9dab-69e1176a7d4d) to the foreground
10-01 19:21:21.738 23458 23489 D WM-WorkProgressUpdater: Updating progress for bc3fafa7-6986-4604-9dab-69e1176a7d4d (Data {pct : 80, mode : file})
10-01 19:21:21.739 23458 23489 I WM-Processor: Moving WorkSpec (bc3fafa7-6986-4604-9dab-69e1176a7d4d) to the foreground
10-01 19:21:21.740 23458 23489 D WM-WorkProgressUpdater: Updating progress for bc3fafa7-6986-4604-9dab-69e1176a7d4d (Data {pct : 81, mode : file})
10-01 19:21:21.740 23458 23489 I WM-Processor: Moving WorkSpec (bc3fafa7-6986-4604-9dab-69e1176a7d4d) to the foreground
10-01 19:21:21.741 23458 23489 D WM-WorkProgressUpdater: Updating progress for 47ab36b0-01fb-4043-abcf-d30ba342cbec (Data {pct : 23, mode : file})
10-01 19:21:21.742 23458 23489 I WM-Processor: Moving WorkSpec (47ab36b0-01fb-4043-abcf-d30ba342cbec) to the foreground
10-01 19:21:21.742 23458 23489 D WM-WorkProgressUpdater: Updating progress for bc3fafa7-6986-4604-9dab-69e1176a7d4d (Data {pct : 83, mode : file})
10-01 19:21:21.743 23458 23504 I WM-Processor: Moving WorkSpec (bc3fafa7-6986-4604-9dab-69e1176a7d4d) to the foreground
10-01 19:21:21.744 23458 23504 D WM-WorkProgressUpdater: Updating progress for bc3fafa7-6986-4604-9dab-69e1176a7d4d (Data {pct : 84, mode : file})
10-01 19:21:21.744 23458 23504 I WM-Processor: Moving WorkSpec (bc3fafa7-6986-4604-9dab-69e1176a7d4d) to the foreground
10-01 19:21:21.745 23458 23504 D WM-WorkProgressUpdater: Updating progress for 47ab36b0-01fb-4043-abcf-d30ba342cbec (Data {pct : 24, mode : file})
10-01 19:21:21.745 23458 23504 D WM-WorkProgressUpdater: Updating progress for bc3fafa7-6986-4604-9dab-69e1176a7d4d (Data {pct : 85, mode : file})
10-01 19:21:21.746 23458 23504 I WM-Processor: Moving WorkSpec (bc3fafa7-6986-4604-9dab-69e1176a7d4d) to the foreground
10-01 19:21:21.747 23458 23504 I WM-Processor: Moving WorkSpec (47ab36b0-01fb-4043-abcf-d30ba342cbec) to the foreground
10-01 19:21:21.747 23458 23504 D WM-WorkProgressUpdater: Updating progress for bc3fafa7-6986-4604-9dab-69e1176a7d4d (Data {pct : 86, mode : file})
10-01 19:21:21.748 23458 23504 I WM-Processor: Moving WorkSpec (bc3fafa7-6986-4604-9dab-69e1176a7d4d) to the foreground
10-01 19:21:21.749 23458 23504 D WM-WorkProgressUpdater: Updating progress for 47ab36b0-01fb-4043-abcf-d30ba342cbec (Data {pct : 25, mode : file})
10-01 19:21:21.749 23458 23504 D WM-WorkProgressUpdater: Updating progress for bc3fafa7-6986-4604-9dab-69e1176a7d4d (Data {pct : 88, mode : file})
10-01 19:21:21.750 23458 23504 I WM-Processor: Moving WorkSpec (bc3fafa7-6986-4604-9dab-69e1176a7d4d) to the foreground
10-01 19:21:21.750 23458 23504 I WM-Processor: Moving WorkSpec (47ab36b0-01fb-4043-abcf-d30ba342cbec) to the foreground
10-01 19:21:21.751 23458 23504 D WM-WorkProgressUpdater: Updating progress for bc3fafa7-6986-4604-9dab-69e1176a7d4d (Data {pct : 89, mode : file})
10-01 19:21:21.751 23458 23504 I WM-Processor: Moving WorkSpec (bc3fafa7-6986-4604-9dab-69e1176a7d4d) to the foreground
10-01 19:21:21.752 23458 23504 D WM-WorkProgressUpdater: Updating progress for bc3fafa7-6986-4604-9dab-69e1176a7d4d (Data {pct : 90, mode : file})
10-01 19:21:21.752 23458 23504 I WM-Processor: Moving WorkSpec (bc3fafa7-6986-4604-9dab-69e1176a7d4d) to the foreground
10-01 19:21:21.753 23458 23504 D WM-WorkProgressUpdater: Updating progress for 47ab36b0-01fb-4043-abcf-d30ba342cbec (Data {pct : 26, mode : file})
10-01 19:21:21.754 23458 23504 I WM-Processor: Moving WorkSpec (47ab36b0-01fb-4043-abcf-d30ba342cbec) to the foreground
10-01 19:21:21.754 23458 23504 D WM-WorkProgressUpdater: Updating progress for 47ab36b0-01fb-4043-abcf-d30ba342cbec (Data {pct : 27, mode : file})
10-01 19:21:21.755 23458 23504 I WM-Processor: Moving WorkSpec (47ab36b0-01fb-4043-abcf-d30ba342cbec) to the foreground
10-01 19:21:21.755 23458 23504 D WM-WorkProgressUpdater: Updating progress for 47ab36b0-01fb-4043-abcf-d30ba342cbec (Data {pct : 28, mode : file})
10-01 19:21:21.756 23458 23504 I WM-Processor: Moving WorkSpec (47ab36b0-01fb-4043-abcf-d30ba342cbec) to the foreground
10-01 19:21:21.759 23458 23504 D WM-WorkProgressUpdater: Updating progress for 47ab36b0-01fb-4043-abcf-d30ba342cbec (Data {pct : 29, mode : file})
10-01 19:21:21.760 23458 23489 I WM-Processor: Moving WorkSpec (47ab36b0-01fb-4043-abcf-d30ba342cbec) to the foreground
10-01 19:21:21.761 23458 23489 D WM-WorkProgressUpdater: Updating progress for 47ab36b0-01fb-4043-abcf-d30ba342cbec (Data {pct : 30, mode : file})
10-01 19:21:21.762 23458 23489 I WM-Processor: Moving WorkSpec (47ab36b0-01fb-4043-abcf-d30ba342cbec) to the foreground
10-01 19:21:21.762 23458 23489 D WM-WorkProgressUpdater: Updating progress for 47ab36b0-01fb-4043-abcf-d30ba342cbec (Data {pct : 31, mode : file})
10-01 19:21:21.763 23458 23489 I WM-Processor: Moving WorkSpec (47ab36b0-01fb-4043-abcf-d30ba342cbec) to the foreground
10-01 19:21:21.764 23458 23489 D WM-WorkProgressUpdater: Updating progress for 47ab36b0-01fb-4043-abcf-d30ba342cbec (Data {pct : 32, mode : file})
10-01 19:21:21.764 23458 23489 I WM-Processor: Moving WorkSpec (47ab36b0-01fb-4043-abcf-d30ba342cbec) to the foreground
10-01 19:21:21.765 23458 23489 D WM-WorkProgressUpdater: Updating progress for 47ab36b0-01fb-4043-abcf-d30ba342cbec (Data {pct : 33, mode : file})
10-01 19:21:21.765 23458 23489 I WM-Processor: Moving WorkSpec (47ab36b0-01fb-4043-abcf-d30ba342cbec) to the foreground
10-01 19:21:21.766 23458 23489 D WM-WorkProgressUpdater: Updating progress for 47ab36b0-01fb-4043-abcf-d30ba342cbec (Data {pct : 34, mode : file})
10-01 19:21:21.766 23458 23489 D WM-WorkProgressUpdater: Updating progress for 5dbbd0db-e360-4b52-ab8e-e035895f3ac2 (Data {pct : 90, mode : file})
10-01 19:21:21.767 23458 23489 I WM-Processor: Moving WorkSpec (5dbbd0db-e360-4b52-ab8e-e035895f3ac2) to the foreground
10-01 19:21:21.768 23458 23489 I WM-Processor: Moving WorkSpec (47ab36b0-01fb-4043-abcf-d30ba342cbec) to the foreground
10-01 19:21:21.768 23458 23489 D WM-WorkProgressUpdater: Updating progress for 47ab36b0-01fb-4043-abcf-d30ba342cbec (Data {pct : 35, mode : file})
10-01 19:21:21.769 23458 23489 I WM-Processor: Moving WorkSpec (47ab36b0-01fb-4043-abcf-d30ba342cbec) to the foreground
10-01 19:21:21.769 23458 23489 D WM-WorkProgressUpdater: Updating progress for 47ab36b0-01fb-4043-abcf-d30ba342cbec (Data {pct : 36, mode : file})
10-01 19:21:21.770 23458 23489 I WM-Processor: Moving WorkSpec (47ab36b0-01fb-4043-abcf-d30ba342cbec) to the foreground
10-01 19:21:21.770 23458 23489 D WM-WorkProgressUpdater: Updating progress for 47ab36b0-01fb-4043-abcf-d30ba342cbec (Data {pct : 37, mode : file})
10-01 19:21:21.771 23458 23489 I WM-Processor: Moving WorkSpec (47ab36b0-01fb-4043-abcf-d30ba342cbec) to the foreground
10-01 19:21:21.771 23458 23489 D WM-WorkProgressUpdater: Updating progress for 47ab36b0-01fb-4043-abcf-d30ba342cbec (Data {pct : 38, mode : file})
10-01 19:21:21.772 23458 23489 I WM-Processor: Moving WorkSpec (47ab36b0-01fb-4043-abcf-d30ba342cbec) to the foreground
10-01 19:21:21.772 23458 23489 D WM-WorkProgressUpdater: Updating progress for 47ab36b0-01fb-4043-abcf-d30ba342cbec (Data {pct : 39, mode : file})
10-01 19:21:21.773 23458 23489 I WM-Processor: Moving WorkSpec (47ab36b0-01fb-4043-abcf-d30ba342cbec) to the foreground
10-01 19:21:21.774 23458 23489 D WM-WorkProgressUpdater: Updating progress for 47ab36b0-01fb-4043-abcf-d30ba342cbec (Data {pct : 40, mode : file})
10-01 19:21:21.774 23458 23489 I WM-Processor: Moving WorkSpec (47ab36b0-01fb-4043-abcf-d30ba342cbec) to the foreground
10-01 19:21:21.775 23458 23489 D WM-WorkProgressUpdater: Updating progress for 47ab36b0-01fb-4043-abcf-d30ba342cbec (Data {pct : 41, mode : file})
10-01 19:21:21.775 23458 23489 I WM-Processor: Moving WorkSpec (47ab36b0-01fb-4043-abcf-d30ba342cbec) to the foreground
10-01 19:21:21.776 23458 23489 D WM-WorkProgressUpdater: Updating progress for 47ab36b0-01fb-4043-abcf-d30ba342cbec (Data {pct : 42, mode : file})
10-01 19:21:21.776 23458 23489 I WM-Processor: Moving WorkSpec (47ab36b0-01fb-4043-abcf-d30ba342cbec) to the foreground
10-01 19:21:21.777 23458 23489 D WM-WorkProgressUpdater: Updating progress for 47ab36b0-01fb-4043-abcf-d30ba342cbec (Data {pct : 43, mode : file})
10-01 19:21:21.777 23458 23489 I WM-Processor: Moving WorkSpec (47ab36b0-01fb-4043-abcf-d30ba342cbec) to the foreground
10-01 19:21:21.784 23458 23489 D WM-WorkProgressUpdater: Updating progress for 47ab36b0-01fb-4043-abcf-d30ba342cbec (Data {pct : 44, mode : file})
10-01 19:21:21.785 23458 23489 I WM-Processor: Moving WorkSpec (47ab36b0-01fb-4043-abcf-d30ba342cbec) to the foreground
10-01 19:21:21.786 23458 23489 D WM-WorkProgressUpdater: Updating progress for 47ab36b0-01fb-4043-abcf-d30ba342cbec (Data {pct : 45, mode : file})
10-01 19:21:21.786 23458 23489 I WM-Processor: Moving WorkSpec (47ab36b0-01fb-4043-abcf-d30ba342cbec) to the foreground
10-01 19:21:21.787 23458 23489 D WM-WorkProgressUpdater: Updating progress for a25fb0c1-58af-4c13-9b2b-1363736f33de (Data {pct : 90, mode : file})
10-01 19:21:21.787 23458 23489 I WM-Processor: Moving WorkSpec (a25fb0c1-58af-4c13-9b2b-1363736f33de) to the foreground
10-01 19:21:21.788 23458 23489 D WM-WorkProgressUpdater: Updating progress for 47ab36b0-01fb-4043-abcf-d30ba342cbec (Data {pct : 46, mode : file})
10-01 19:21:21.788 23458 23489 I WM-Processor: Moving WorkSpec (47ab36b0-01fb-4043-abcf-d30ba342cbec) to the foreground
10-01 19:21:21.789 23458 23489 D WM-WorkProgressUpdater: Updating progress for 47ab36b0-01fb-4043-abcf-d30ba342cbec (Data {pct : 47, mode : file})
10-01 19:21:21.791 23458 23489 I WM-Processor: Moving WorkSpec (47ab36b0-01fb-4043-abcf-d30ba342cbec) to the foreground
10-01 19:21:21.792 23458 23489 D WM-WorkProgressUpdater: Updating progress for 47ab36b0-01fb-4043-abcf-d30ba342cbec (Data {pct : 48, mode : file})
10-01 19:21:21.792 23458 23489 I WM-Processor: Moving WorkSpec (47ab36b0-01fb-4043-abcf-d30ba342cbec) to the foreground
10-01 19:21:21.793 23458 23489 D WM-WorkProgressUpdater: Updating progress for 47ab36b0-01fb-4043-abcf-d30ba342cbec (Data {pct : 49, mode : file})
10-01 19:21:21.794 23458 23489 I WM-Processor: Moving WorkSpec (47ab36b0-01fb-4043-abcf-d30ba342cbec) to the foreground
10-01 19:21:21.794 23458 23489 D WM-WorkProgressUpdater: Updating progress for 47ab36b0-01fb-4043-abcf-d30ba342cbec (Data {pct : 50, mode : file})
10-01 19:21:21.797 23458 23489 I WM-Processor: Moving WorkSpec (47ab36b0-01fb-4043-abcf-d30ba342cbec) to the foreground
10-01 19:21:21.798 23458 23489 D WM-WorkProgressUpdater: Updating progress for 47ab36b0-01fb-4043-abcf-d30ba342cbec (Data {pct : 51, mode : file})
10-01 19:21:21.799 23458 23489 I WM-Processor: Moving WorkSpec (47ab36b0-01fb-4043-abcf-d30ba342cbec) to the foreground
10-01 19:21:21.799 23458 23489 D WM-WorkProgressUpdater: Updating progress for 47ab36b0-01fb-4043-abcf-d30ba342cbec (Data {pct : 52, mode : file})
10-01 19:21:21.800 23458 23489 I WM-Processor: Moving WorkSpec (47ab36b0-01fb-4043-abcf-d30ba342cbec) to the foreground
10-01 19:21:21.801 23458 23489 D WM-WorkProgressUpdater: Updating progress for 47ab36b0-01fb-4043-abcf-d30ba342cbec (Data {pct : 53, mode : file})
10-01 19:21:21.801 23458 23489 I WM-Processor: Moving WorkSpec (47ab36b0-01fb-4043-abcf-d30ba342cbec) to the foreground
10-01 19:21:21.802 23458 23489 D WM-WorkProgressUpdater: Updating progress for 47ab36b0-01fb-4043-abcf-d30ba342cbec (Data {pct : 54, mode : file})
10-01 19:21:21.802 23458 23489 I WM-Processor: Moving WorkSpec (47ab36b0-01fb-4043-abcf-d30ba342cbec) to the foreground
10-01 19:21:21.803 23458 23489 D WM-WorkProgressUpdater: Updating progress for 47ab36b0-01fb-4043-abcf-d30ba342cbec (Data {pct : 55, mode : file})
10-01 19:21:21.804 23458 23489 I WM-Processor: Moving WorkSpec (47ab36b0-01fb-4043-abcf-d30ba342cbec) to the foreground
10-01 19:21:21.805 23458 23506 D WM-WorkProgressUpdater: Updating progress for 47ab36b0-01fb-4043-abcf-d30ba342cbec (Data {pct : 56, mode : file})
10-01 19:21:21.806 23458 23506 I WM-Processor: Moving WorkSpec (47ab36b0-01fb-4043-abcf-d30ba342cbec) to the foreground
10-01 19:21:21.807 23458 23506 D WM-WorkProgressUpdater: Updating progress for 47ab36b0-01fb-4043-abcf-d30ba342cbec (Data {pct : 57, mode : file})
10-01 19:21:21.809 23458 23506 I WM-Processor: Moving WorkSpec (47ab36b0-01fb-4043-abcf-d30ba342cbec) to the foreground
10-01 19:21:21.811 23458 23506 D WM-WorkProgressUpdater: Updating progress for 47ab36b0-01fb-4043-abcf-d30ba342cbec (Data {pct : 58, mode : file})
10-01 19:21:21.813 23458 23510 I WM-Processor: Moving WorkSpec (47ab36b0-01fb-4043-abcf-d30ba342cbec) to the foreground
10-01 19:21:21.814 23458 23510 D WM-WorkProgressUpdater: Updating progress for 47ab36b0-01fb-4043-abcf-d30ba342cbec (Data {pct : 59, mode : file})
10-01 19:21:21.816 23458 23510 I WM-Processor: Moving WorkSpec (47ab36b0-01fb-4043-abcf-d30ba342cbec) to the foreground
10-01 19:21:21.817 23458 23510 D WM-WorkProgressUpdater: Updating progress for 47ab36b0-01fb-4043-abcf-d30ba342cbec (Data {pct : 60, mode : file})
10-01 19:21:21.818 23458 23510 I WM-Processor: Moving WorkSpec (47ab36b0-01fb-4043-abcf-d30ba342cbec) to the foreground
10-01 19:21:21.820 23458 23510 D WM-WorkProgressUpdater: Updating progress for 47ab36b0-01fb-4043-abcf-d30ba342cbec (Data {pct : 61, mode : file})
10-01 19:21:21.821 23458 23510 I WM-Processor: Moving WorkSpec (47ab36b0-01fb-4043-abcf-d30ba342cbec) to the foreground
10-01 19:21:21.822 23458 23510 D WM-WorkProgressUpdater: Updating progress for 47ab36b0-01fb-4043-abcf-d30ba342cbec (Data {pct : 62, mode : file})
10-01 19:21:21.824 23458 23510 I WM-Processor: Moving WorkSpec (47ab36b0-01fb-4043-abcf-d30ba342cbec) to the foreground
10-01 19:21:21.825 23458 23510 D WM-WorkProgressUpdater: Updating progress for 47ab36b0-01fb-4043-abcf-d30ba342cbec (Data {pct : 63, mode : file})
10-01 19:21:21.826 23458 23510 I WM-Processor: Moving WorkSpec (47ab36b0-01fb-4043-abcf-d30ba342cbec) to the foreground
10-01 19:21:21.828 23458 23510 D WM-WorkProgressUpdater: Updating progress for 47ab36b0-01fb-4043-abcf-d30ba342cbec (Data {pct : 64, mode : file})
10-01 19:21:21.829 23458 23510 I WM-Processor: Moving WorkSpec (47ab36b0-01fb-4043-abcf-d30ba342cbec) to the foreground
10-01 19:21:21.830 23458 23510 D WM-WorkProgressUpdater: Updating progress for 47ab36b0-01fb-4043-abcf-d30ba342cbec (Data {pct : 65, mode : file})
10-01 19:21:21.831 23458 23510 I WM-Processor: Moving WorkSpec (47ab36b0-01fb-4043-abcf-d30ba342cbec) to the foreground
10-01 19:21:21.832 23458 23510 D WM-WorkProgressUpdater: Updating progress for 47ab36b0-01fb-4043-abcf-d30ba342cbec (Data {pct : 66, mode : file})
10-01 19:21:21.834 23458 23510 I WM-Processor: Moving WorkSpec (47ab36b0-01fb-4043-abcf-d30ba342cbec) to the foreground
10-01 19:21:21.835 23458 23510 D WM-WorkProgressUpdater: Updating progress for 47ab36b0-01fb-4043-abcf-d30ba342cbec (Data {pct : 67, mode : file})
10-01 19:21:21.837 23458 23510 I WM-Processor: Moving WorkSpec (47ab36b0-01fb-4043-abcf-d30ba342cbec) to the foreground
10-01 19:21:21.838 23458 23510 D WM-WorkProgressUpdater: Updating progress for 47ab36b0-01fb-4043-abcf-d30ba342cbec (Data {pct : 68, mode : file})
10-01 19:21:21.840 23458 23510 I WM-Processor: Moving WorkSpec (47ab36b0-01fb-4043-abcf-d30ba342cbec) to the foreground
10-01 19:21:21.842 23458 23510 D WM-WorkProgressUpdater: Updating progress for 47ab36b0-01fb-4043-abcf-d30ba342cbec (Data {pct : 69, mode : file})
10-01 19:21:21.844 23458 23510 I WM-Processor: Moving WorkSpec (47ab36b0-01fb-4043-abcf-d30ba342cbec) to the foreground
10-01 19:21:21.847 23458 23510 D WM-WorkProgressUpdater: Updating progress for 47ab36b0-01fb-4043-abcf-d30ba342cbec (Data {pct : 70, mode : file})
10-01 19:21:21.848 23458 23510 I WM-Processor: Moving WorkSpec (47ab36b0-01fb-4043-abcf-d30ba342cbec) to the foreground
10-01 19:21:21.850 23458 23510 D WM-WorkProgressUpdater: Updating progress for 47ab36b0-01fb-4043-abcf-d30ba342cbec (Data {pct : 71, mode : file})
10-01 19:21:21.851 23458 23510 I WM-Processor: Moving WorkSpec (47ab36b0-01fb-4043-abcf-d30ba342cbec) to the foreground
10-01 19:21:21.852 23458 23510 D WM-WorkProgressUpdater: Updating progress for 47ab36b0-01fb-4043-abcf-d30ba342cbec (Data {pct : 72, mode : file})
10-01 19:21:21.854 23458 23510 I WM-Processor: Moving WorkSpec (47ab36b0-01fb-4043-abcf-d30ba342cbec) to the foreground
10-01 19:21:21.855 23458 23510 D WM-WorkProgressUpdater: Updating progress for 47ab36b0-01fb-4043-abcf-d30ba342cbec (Data {pct : 73, mode : file})
10-01 19:21:21.857 23458 23510 I WM-Processor: Moving WorkSpec (47ab36b0-01fb-4043-abcf-d30ba342cbec) to the foreground
10-01 19:21:21.858 23458 23510 D WM-WorkProgressUpdater: Updating progress for 47ab36b0-01fb-4043-abcf-d30ba342cbec (Data {pct : 74, mode : file})
10-01 19:21:21.859 23458 23510 I WM-Processor: Moving WorkSpec (47ab36b0-01fb-4043-abcf-d30ba342cbec) to the foreground
10-01 19:21:21.861 23458 23510 D WM-WorkProgressUpdater: Updating progress for 47ab36b0-01fb-4043-abcf-d30ba342cbec (Data {pct : 75, mode : file})
10-01 19:21:21.862 23458 23510 I WM-Processor: Moving WorkSpec (47ab36b0-01fb-4043-abcf-d30ba342cbec) to the foreground
10-01 19:21:21.863 23458 23510 D WM-WorkProgressUpdater: Updating progress for 47ab36b0-01fb-4043-abcf-d30ba342cbec (Data {pct : 76, mode : file})
10-01 19:21:21.865 23458 23510 I WM-Processor: Moving WorkSpec (47ab36b0-01fb-4043-abcf-d30ba342cbec) to the foreground
10-01 19:21:21.866 23458 23510 D WM-WorkProgressUpdater: Updating progress for 47ab36b0-01fb-4043-abcf-d30ba342cbec (Data {pct : 77, mode : file})
10-01 19:21:21.867 23458 23510 I WM-Processor: Moving WorkSpec (47ab36b0-01fb-4043-abcf-d30ba342cbec) to the foreground
10-01 19:21:21.868 23458 23510 D WM-WorkProgressUpdater: Updating progress for 47ab36b0-01fb-4043-abcf-d30ba342cbec (Data {pct : 78, mode : file})
10-01 19:21:21.870 23458 23510 I WM-Processor: Moving WorkSpec (47ab36b0-01fb-4043-abcf-d30ba342cbec) to the foreground
10-01 19:21:21.871 23458 23510 D WM-WorkProgressUpdater: Updating progress for 47ab36b0-01fb-4043-abcf-d30ba342cbec (Data {pct : 79, mode : file})
10-01 19:21:21.873 23458 23510 I WM-Processor: Moving WorkSpec (47ab36b0-01fb-4043-abcf-d30ba342cbec) to the foreground
10-01 19:21:21.874 23458 23510 D WM-WorkProgressUpdater: Updating progress for 47ab36b0-01fb-4043-abcf-d30ba342cbec (Data {pct : 80, mode : file})
10-01 19:21:21.876 23458 23510 I WM-Processor: Moving WorkSpec (47ab36b0-01fb-4043-abcf-d30ba342cbec) to the foreground
10-01 19:21:21.877 23458 23510 D WM-WorkProgressUpdater: Updating progress for 47ab36b0-01fb-4043-abcf-d30ba342cbec (Data {pct : 81, mode : file})
10-01 19:21:21.879 23458 23510 I WM-Processor: Moving WorkSpec (47ab36b0-01fb-4043-abcf-d30ba342cbec) to the foreground
10-01 19:21:21.880 23458 23510 D WM-WorkProgressUpdater: Updating progress for 47ab36b0-01fb-4043-abcf-d30ba342cbec (Data {pct : 82, mode : file})
10-01 19:21:21.882 23458 23510 I WM-Processor: Moving WorkSpec (47ab36b0-01fb-4043-abcf-d30ba342cbec) to the foreground
10-01 19:21:21.883 23458 23510 D WM-WorkProgressUpdater: Updating progress for 47ab36b0-01fb-4043-abcf-d30ba342cbec (Data {pct : 83, mode : file})
10-01 19:21:21.885 23458 23510 I WM-Processor: Moving WorkSpec (47ab36b0-01fb-4043-abcf-d30ba342cbec) to the foreground
10-01 19:21:21.886 23458 23510 D WM-WorkProgressUpdater: Updating progress for 47ab36b0-01fb-4043-abcf-d30ba342cbec (Data {pct : 84, mode : file})
10-01 19:21:21.888 23458 23510 I WM-Processor: Moving WorkSpec (47ab36b0-01fb-4043-abcf-d30ba342cbec) to the foreground
10-01 19:21:21.889 23458 23510 D WM-WorkProgressUpdater: Updating progress for 47ab36b0-01fb-4043-abcf-d30ba342cbec (Data {pct : 85, mode : file})
10-01 19:21:21.891 23458 23510 I WM-Processor: Moving WorkSpec (47ab36b0-01fb-4043-abcf-d30ba342cbec) to the foreground
10-01 19:21:21.892 23458 23510 D WM-WorkProgressUpdater: Updating progress for 47ab36b0-01fb-4043-abcf-d30ba342cbec (Data {pct : 86, mode : file})
10-01 19:21:21.893 23458 23510 I WM-Processor: Moving WorkSpec (47ab36b0-01fb-4043-abcf-d30ba342cbec) to the foreground
10-01 19:21:21.895 23458 23510 D WM-WorkProgressUpdater: Updating progress for 47ab36b0-01fb-4043-abcf-d30ba342cbec (Data {pct : 87, mode : file})
10-01 19:21:21.896 23458 23510 I WM-Processor: Moving WorkSpec (47ab36b0-01fb-4043-abcf-d30ba342cbec) to the foreground
10-01 19:21:21.897 23458 23510 D WM-WorkProgressUpdater: Updating progress for 47ab36b0-01fb-4043-abcf-d30ba342cbec (Data {pct : 88, mode : file})
10-01 19:21:21.899 23458 23510 I WM-Processor: Moving WorkSpec (47ab36b0-01fb-4043-abcf-d30ba342cbec) to the foreground
10-01 19:21:21.900 23458 23510 D WM-WorkProgressUpdater: Updating progress for 47ab36b0-01fb-4043-abcf-d30ba342cbec (Data {pct : 89, mode : file})
10-01 19:21:21.901 23458 23510 I WM-Processor: Moving WorkSpec (47ab36b0-01fb-4043-abcf-d30ba342cbec) to the foreground
10-01 19:21:21.902 23458 23510 D WM-WorkProgressUpdater: Updating progress for 47ab36b0-01fb-4043-abcf-d30ba342cbec (Data {pct : 90, mode : file})
10-01 19:21:21.903 23458 23510 D WM-WorkProgressUpdater: Updating progress for ed300a10-cbd0-40c2-b06c-13380aae609c (Data {pct : 90, mode : file})
10-01 19:21:21.905 23458 23510 I WM-Processor: Moving WorkSpec (47ab36b0-01fb-4043-abcf-d30ba342cbec) to the foreground
10-01 19:21:21.907 23458 23510 I WM-Processor: Moving WorkSpec (ed300a10-cbd0-40c2-b06c-13380aae609c) to the foreground
10-01 19:21:21.908 23458 23510 D WM-WorkProgressUpdater: Updating progress for 2c10ae0f-b8bd-4282-b180-9d7a2345d2a3 (Data {pct : 11, mode : file})
10-01 19:21:21.909 23458 23510 I WM-Processor: Moving WorkSpec (2c10ae0f-b8bd-4282-b180-9d7a2345d2a3) to the foreground
10-01 19:21:21.910 23458 23510 D WM-WorkProgressUpdater: Updating progress for d2381219-e9af-41c4-96e8-8ca6e95bf7d4 (Data {pct : 90, mode : file})
10-01 19:21:21.912 23458 23510 I WM-Processor: Moving WorkSpec (d2381219-e9af-41c4-96e8-8ca6e95bf7d4) to the foreground
10-01 19:21:21.914 23458 23510 D WM-WorkProgressUpdater: Updating progress for 3d8d3568-081b-49a3-bf92-c3bc4c54a7e6 (Data {pct : 90, mode : file})
10-01 19:21:21.915 23458 23510 I WM-Processor: Moving WorkSpec (3d8d3568-081b-49a3-bf92-c3bc4c54a7e6) to the foreground
10-01 19:21:21.917 23458 23510 D WM-WorkProgressUpdater: Updating progress for 2c10ae0f-b8bd-4282-b180-9d7a2345d2a3 (Data {pct : 13, mode : file})
10-01 19:21:21.918 23458 23510 I WM-Processor: Moving WorkSpec (2c10ae0f-b8bd-4282-b180-9d7a2345d2a3) to the foreground
10-01 19:21:21.920 23458 23510 D WM-WorkProgressUpdater: Updating progress for 2c10ae0f-b8bd-4282-b180-9d7a2345d2a3 (Data {pct : 15, mode : file})
10-01 19:21:21.922 23458 23510 I WM-Processor: Moving WorkSpec (2c10ae0f-b8bd-4282-b180-9d7a2345d2a3) to the foreground
10-01 19:21:21.923 23458 23510 D WM-WorkProgressUpdater: Updating progress for 2c10ae0f-b8bd-4282-b180-9d7a2345d2a3 (Data {pct : 16, mode : file})
10-01 19:21:21.925 23458 23510 I WM-Processor: Moving WorkSpec (2c10ae0f-b8bd-4282-b180-9d7a2345d2a3) to the foreground
10-01 19:21:21.926 23458 23510 D WM-WorkProgressUpdater: Updating progress for 2c10ae0f-b8bd-4282-b180-9d7a2345d2a3 (Data {pct : 18, mode : file})
10-01 19:21:21.926 23458 23510 I WM-Processor: Moving WorkSpec (2c10ae0f-b8bd-4282-b180-9d7a2345d2a3) to the foreground
10-01 19:21:21.927 23458 23510 D WM-WorkProgressUpdater: Updating progress for 2c10ae0f-b8bd-4282-b180-9d7a2345d2a3 (Data {pct : 20, mode : file})
10-01 19:21:21.927 23458 23510 I WM-Processor: Moving WorkSpec (2c10ae0f-b8bd-4282-b180-9d7a2345d2a3) to the foreground
10-01 19:21:21.928 23458 23510 D WM-WorkProgressUpdater: Updating progress for 2c10ae0f-b8bd-4282-b180-9d7a2345d2a3 (Data {pct : 21, mode : file})
10-01 19:21:21.929 23458 23510 I WM-Processor: Moving WorkSpec (2c10ae0f-b8bd-4282-b180-9d7a2345d2a3) to the foreground
10-01 19:21:21.929 23458 23510 D WM-WorkProgressUpdater: Updating progress for 2c10ae0f-b8bd-4282-b180-9d7a2345d2a3 (Data {pct : 23, mode : file})
10-01 19:21:21.930 23458 23510 I WM-Processor: Moving WorkSpec (2c10ae0f-b8bd-4282-b180-9d7a2345d2a3) to the foreground
10-01 19:21:21.930 23458 23510 D WM-WorkProgressUpdater: Updating progress for 2c10ae0f-b8bd-4282-b180-9d7a2345d2a3 (Data {pct : 25, mode : file})
10-01 19:21:21.931 23458 23510 I WM-Processor: Moving WorkSpec (2c10ae0f-b8bd-4282-b180-9d7a2345d2a3) to the foreground
10-01 19:21:21.931 23458 23510 D WM-WorkProgressUpdater: Updating progress for 2c10ae0f-b8bd-4282-b180-9d7a2345d2a3 (Data {pct : 26, mode : file})
10-01 19:21:21.932 23458 23510 I WM-Processor: Moving WorkSpec (2c10ae0f-b8bd-4282-b180-9d7a2345d2a3) to the foreground
10-01 19:21:21.932 23458 23510 D WM-WorkProgressUpdater: Updating progress for 2c10ae0f-b8bd-4282-b180-9d7a2345d2a3 (Data {pct : 28, mode : file})
10-01 19:21:21.933 23458 23510 I WM-Processor: Moving WorkSpec (2c10ae0f-b8bd-4282-b180-9d7a2345d2a3) to the foreground
10-01 19:21:21.933 23458 23510 D WM-WorkProgressUpdater: Updating progress for 2c10ae0f-b8bd-4282-b180-9d7a2345d2a3 (Data {pct : 30, mode : file})
10-01 19:21:21.934 23458 23510 I WM-Processor: Moving WorkSpec (2c10ae0f-b8bd-4282-b180-9d7a2345d2a3) to the foreground
10-01 19:21:21.934 23458 23510 D WM-WorkProgressUpdater: Updating progress for 2c10ae0f-b8bd-4282-b180-9d7a2345d2a3 (Data {pct : 31, mode : file})
10-01 19:21:21.935 23458 23510 I WM-Processor: Moving WorkSpec (2c10ae0f-b8bd-4282-b180-9d7a2345d2a3) to the foreground
10-01 19:21:21.935 23458 23510 D WM-WorkProgressUpdater: Updating progress for 2c10ae0f-b8bd-4282-b180-9d7a2345d2a3 (Data {pct : 33, mode : file})
10-01 19:21:21.937 23458 23510 I WM-Processor: Moving WorkSpec (2c10ae0f-b8bd-4282-b180-9d7a2345d2a3) to the foreground
10-01 19:21:21.938 23458 23510 D WM-WorkProgressUpdater: Updating progress for 2c10ae0f-b8bd-4282-b180-9d7a2345d2a3 (Data {pct : 35, mode : file})
10-01 19:21:21.939 23458 23510 I WM-Processor: Moving WorkSpec (2c10ae0f-b8bd-4282-b180-9d7a2345d2a3) to the foreground
10-01 19:21:21.942 23458 23510 D WM-WorkProgressUpdater: Updating progress for 2c10ae0f-b8bd-4282-b180-9d7a2345d2a3 (Data {pct : 36, mode : file})
10-01 19:21:21.943 23458 23510 I WM-Processor: Moving WorkSpec (2c10ae0f-b8bd-4282-b180-9d7a2345d2a3) to the foreground
10-01 19:21:21.943 23458 23510 D WM-WorkProgressUpdater: Updating progress for 2c10ae0f-b8bd-4282-b180-9d7a2345d2a3 (Data {pct : 38, mode : file})
10-01 19:21:21.944 23458 23510 I WM-Processor: Moving WorkSpec (2c10ae0f-b8bd-4282-b180-9d7a2345d2a3) to the foreground
10-01 19:21:21.944 23458 23510 D WM-WorkProgressUpdater: Updating progress for 2c10ae0f-b8bd-4282-b180-9d7a2345d2a3 (Data {pct : 40, mode : file})
10-01 19:21:21.945 23458 23510 I WM-Processor: Moving WorkSpec (2c10ae0f-b8bd-4282-b180-9d7a2345d2a3) to the foreground
10-01 19:21:21.945 23458 23510 D WM-WorkProgressUpdater: Updating progress for 2c10ae0f-b8bd-4282-b180-9d7a2345d2a3 (Data {pct : 41, mode : file})
10-01 19:21:21.946 23458 23510 I WM-Processor: Moving WorkSpec (2c10ae0f-b8bd-4282-b180-9d7a2345d2a3) to the foreground
10-01 19:21:21.946 23458 23510 D WM-WorkProgressUpdater: Updating progress for 2c10ae0f-b8bd-4282-b180-9d7a2345d2a3 (Data {pct : 43, mode : file})
10-01 19:21:21.947 23458 23510 I WM-Processor: Moving WorkSpec (2c10ae0f-b8bd-4282-b180-9d7a2345d2a3) to the foreground
10-01 19:21:21.947 23458 23510 D WM-WorkProgressUpdater: Updating progress for 2c10ae0f-b8bd-4282-b180-9d7a2345d2a3 (Data {pct : 45, mode : file})
10-01 19:21:21.948 23458 23510 I WM-Processor: Moving WorkSpec (2c10ae0f-b8bd-4282-b180-9d7a2345d2a3) to the foreground
10-01 19:21:21.948 23458 23510 D WM-WorkProgressUpdater: Updating progress for 2c10ae0f-b8bd-4282-b180-9d7a2345d2a3 (Data {pct : 46, mode : file})
10-01 19:21:21.949 23458 23510 I WM-Processor: Moving WorkSpec (2c10ae0f-b8bd-4282-b180-9d7a2345d2a3) to the foreground
10-01 19:21:21.949 23458 23510 D WM-WorkProgressUpdater: Updating progress for 2c10ae0f-b8bd-4282-b180-9d7a2345d2a3 (Data {pct : 48, mode : file})
10-01 19:21:21.950 23458 23510 I WM-Processor: Moving WorkSpec (2c10ae0f-b8bd-4282-b180-9d7a2345d2a3) to the foreground
10-01 19:21:21.950 23458 23510 D WM-WorkProgressUpdater: Updating progress for 2c10ae0f-b8bd-4282-b180-9d7a2345d2a3 (Data {pct : 50, mode : file})
10-01 19:21:21.951 23458 23510 I WM-Processor: Moving WorkSpec (2c10ae0f-b8bd-4282-b180-9d7a2345d2a3) to the foreground
10-01 19:21:21.951 23458 23510 D WM-WorkProgressUpdater: Updating progress for 2c10ae0f-b8bd-4282-b180-9d7a2345d2a3 (Data {pct : 51, mode : file})
10-01 19:21:21.952 23458 23510 I WM-Processor: Moving WorkSpec (2c10ae0f-b8bd-4282-b180-9d7a2345d2a3) to the foreground
10-01 19:21:21.956 23458 23510 D WM-WorkProgressUpdater: Updating progress for 2c10ae0f-b8bd-4282-b180-9d7a2345d2a3 (Data {pct : 53, mode : file})
10-01 19:21:21.956 23458 23510 I WM-Processor: Moving WorkSpec (2c10ae0f-b8bd-4282-b180-9d7a2345d2a3) to the foreground
10-01 19:21:21.957 23458 23510 D WM-WorkProgressUpdater: Updating progress for 2c10ae0f-b8bd-4282-b180-9d7a2345d2a3 (Data {pct : 55, mode : file})
10-01 19:21:21.958 23458 23510 I WM-Processor: Moving WorkSpec (2c10ae0f-b8bd-4282-b180-9d7a2345d2a3) to the foreground
10-01 19:21:21.959 23458 23504 D WM-WorkProgressUpdater: Updating progress for 2c10ae0f-b8bd-4282-b180-9d7a2345d2a3 (Data {pct : 56, mode : file})
10-01 19:21:21.960 23458 23504 I WM-Processor: Moving WorkSpec (2c10ae0f-b8bd-4282-b180-9d7a2345d2a3) to the foreground
10-01 19:21:21.961 23458 23504 D WM-WorkProgressUpdater: Updating progress for 2c10ae0f-b8bd-4282-b180-9d7a2345d2a3 (Data {pct : 58, mode : file})
10-01 19:21:21.962 23458 23504 I WM-Processor: Moving WorkSpec (2c10ae0f-b8bd-4282-b180-9d7a2345d2a3) to the foreground
10-01 19:21:21.962 23458 23504 D WM-WorkProgressUpdater: Updating progress for 2c10ae0f-b8bd-4282-b180-9d7a2345d2a3 (Data {pct : 60, mode : file})
10-01 19:21:21.963 23458 23504 I WM-Processor: Moving WorkSpec (2c10ae0f-b8bd-4282-b180-9d7a2345d2a3) to the foreground
10-01 19:21:21.963 23458 23504 D WM-WorkProgressUpdater: Updating progress for 2c10ae0f-b8bd-4282-b180-9d7a2345d2a3 (Data {pct : 61, mode : file})
10-01 19:21:21.964 23458 23504 I WM-Processor: Moving WorkSpec (2c10ae0f-b8bd-4282-b180-9d7a2345d2a3) to the foreground
10-01 19:21:21.964 23458 23504 D WM-WorkProgressUpdater: Updating progress for 2c10ae0f-b8bd-4282-b180-9d7a2345d2a3 (Data {pct : 63, mode : file})
10-01 19:21:21.965 23458 23504 I WM-Processor: Moving WorkSpec (2c10ae0f-b8bd-4282-b180-9d7a2345d2a3) to the foreground
10-01 19:21:21.965 23458 23504 D WM-WorkProgressUpdater: Updating progress for 2c10ae0f-b8bd-4282-b180-9d7a2345d2a3 (Data {pct : 65, mode : file})
10-01 19:21:21.966 23458 23504 I WM-Processor: Moving WorkSpec (2c10ae0f-b8bd-4282-b180-9d7a2345d2a3) to the foreground
10-01 19:21:21.966 23458 23504 D WM-WorkProgressUpdater: Updating progress for 2c10ae0f-b8bd-4282-b180-9d7a2345d2a3 (Data {pct : 66, mode : file})
10-01 19:21:21.967 23458 23504 I WM-Processor: Moving WorkSpec (2c10ae0f-b8bd-4282-b180-9d7a2345d2a3) to the foreground
10-01 19:21:21.967 23458 23504 D WM-WorkProgressUpdater: Updating progress for 2c10ae0f-b8bd-4282-b180-9d7a2345d2a3 (Data {pct : 68, mode : file})
10-01 19:21:21.968 23458 23504 I WM-Processor: Moving WorkSpec (2c10ae0f-b8bd-4282-b180-9d7a2345d2a3) to the foreground
10-01 19:21:21.968 23458 23504 D WM-WorkProgressUpdater: Updating progress for 2b80abe2-d6ea-4f5c-87bb-9a7a4abacbc4 (Data {pct : 90, mode : file})
10-01 19:21:21.969 23458 23504 D WM-WorkProgressUpdater: Updating progress for 2c10ae0f-b8bd-4282-b180-9d7a2345d2a3 (Data {pct : 70, mode : file})
10-01 19:21:21.969 23458 23504 I WM-Processor: Moving WorkSpec (2b80abe2-d6ea-4f5c-87bb-9a7a4abacbc4) to the foreground
10-01 19:21:21.970 23458 23504 I WM-Processor: Moving WorkSpec (2c10ae0f-b8bd-4282-b180-9d7a2345d2a3) to the foreground
10-01 19:21:21.971 23458 23504 D WM-WorkProgressUpdater: Updating progress for 2c10ae0f-b8bd-4282-b180-9d7a2345d2a3 (Data {pct : 71, mode : file})
10-01 19:21:21.973 23458 23504 I WM-Processor: Moving WorkSpec (2c10ae0f-b8bd-4282-b180-9d7a2345d2a3) to the foreground
10-01 19:21:21.974 23458 23504 D WM-WorkProgressUpdater: Updating progress for 2c10ae0f-b8bd-4282-b180-9d7a2345d2a3 (Data {pct : 73, mode : file})
10-01 19:21:21.975 23458 23504 I WM-Processor: Moving WorkSpec (2c10ae0f-b8bd-4282-b180-9d7a2345d2a3) to the foreground
10-01 19:21:21.976 23458 23504 D WM-WorkProgressUpdater: Updating progress for 2c10ae0f-b8bd-4282-b180-9d7a2345d2a3 (Data {pct : 75, mode : file})
10-01 19:21:21.977 23458 23504 I WM-Processor: Moving WorkSpec (2c10ae0f-b8bd-4282-b180-9d7a2345d2a3) to the foreground
10-01 19:21:21.978 23458 23504 D WM-WorkProgressUpdater: Updating progress for 2c10ae0f-b8bd-4282-b180-9d7a2345d2a3 (Data {pct : 76, mode : file})
10-01 19:21:21.979 23458 23504 I WM-Processor: Moving WorkSpec (2c10ae0f-b8bd-4282-b180-9d7a2345d2a3) to the foreground
10-01 19:21:21.980 23458 23504 D WM-WorkProgressUpdater: Updating progress for 2c10ae0f-b8bd-4282-b180-9d7a2345d2a3 (Data {pct : 78, mode : file})
10-01 19:21:21.981 23458 23504 D WM-WorkProgressUpdater: Updating progress for 2216fb38-0115-4954-a525-dbe51aa02df9 (Data {pct : 50, mode : file})
10-01 19:21:21.983 23458 23504 I WM-Processor: Moving WorkSpec (2c10ae0f-b8bd-4282-b180-9d7a2345d2a3) to the foreground
10-01 19:21:21.984 23458 23504 I WM-Processor: Moving WorkSpec (2216fb38-0115-4954-a525-dbe51aa02df9) to the foreground
10-01 19:21:21.985 23458 23504 D WM-WorkProgressUpdater: Updating progress for 2216fb38-0115-4954-a525-dbe51aa02df9 (Data {pct : 90, mode : file})
10-01 19:21:21.987 23458 23504 I WM-Processor: Moving WorkSpec (2216fb38-0115-4954-a525-dbe51aa02df9) to the foreground
10-01 19:21:21.988 23458 23504 D WM-WorkProgressUpdater: Updating progress for 2c10ae0f-b8bd-4282-b180-9d7a2345d2a3 (Data {pct : 80, mode : file})
10-01 19:21:21.989 23458 23504 I WM-Processor: Moving WorkSpec (2c10ae0f-b8bd-4282-b180-9d7a2345d2a3) to the foreground
10-01 19:21:21.990 23458 23504 D WM-WorkProgressUpdater: Updating progress for 2c10ae0f-b8bd-4282-b180-9d7a2345d2a3 (Data {pct : 81, mode : file})
10-01 19:21:21.992 23458 23510 I WM-Processor: Moving WorkSpec (2c10ae0f-b8bd-4282-b180-9d7a2345d2a3) to the foreground
10-01 19:21:21.993 23458 23510 D WM-WorkProgressUpdater: Updating progress for 2c10ae0f-b8bd-4282-b180-9d7a2345d2a3 (Data {pct : 83, mode : file})
10-01 19:21:21.993 23458 23510 I WM-Processor: Moving WorkSpec (2c10ae0f-b8bd-4282-b180-9d7a2345d2a3) to the foreground
10-01 19:21:21.994 23458 23510 D WM-WorkProgressUpdater: Updating progress for b27c5fae-c0ba-49e5-82de-b7ac2d0db139 (Data {pct : 23, mode : file})
10-01 19:21:21.994 23458 23510 I WM-Processor: Moving WorkSpec (b27c5fae-c0ba-49e5-82de-b7ac2d0db139) to the foreground
10-01 19:21:21.995 23458 23510 D WM-WorkProgressUpdater: Updating progress for 2c10ae0f-b8bd-4282-b180-9d7a2345d2a3 (Data {pct : 85, mode : file})
10-01 19:21:21.996 23458 23510 I WM-Processor: Moving WorkSpec (2c10ae0f-b8bd-4282-b180-9d7a2345d2a3) to the foreground
10-01 19:21:21.996 23458 23510 D WM-WorkProgressUpdater: Updating progress for 2c10ae0f-b8bd-4282-b180-9d7a2345d2a3 (Data {pct : 86, mode : file})
10-01 19:21:21.997 23458 23510 I WM-Processor: Moving WorkSpec (2c10ae0f-b8bd-4282-b180-9d7a2345d2a3) to the foreground
10-01 19:21:21.997 23458 23510 D WM-WorkProgressUpdater: Updating progress for 2c10ae0f-b8bd-4282-b180-9d7a2345d2a3 (Data {pct : 88, mode : file})
10-01 19:21:21.998 23458 23510 I WM-Processor: Moving WorkSpec (2c10ae0f-b8bd-4282-b180-9d7a2345d2a3) to the foreground
10-01 19:21:21.999 23458 23510 D WM-WorkProgressUpdater: Updating progress for b27c5fae-c0ba-49e5-82de-b7ac2d0db139 (Data {pct : 36, mode : file})
10-01 19:21:22.000 23458 23510 D WM-WorkProgressUpdater: Updating progress for 2c10ae0f-b8bd-4282-b180-9d7a2345d2a3 (Data {pct : 90, mode : file})
10-01 19:21:22.000 23458 23510 I WM-Processor: Moving WorkSpec (2c10ae0f-b8bd-4282-b180-9d7a2345d2a3) to the foreground
10-01 19:21:22.001 23458 23510 I WM-Processor: Moving WorkSpec (b27c5fae-c0ba-49e5-82de-b7ac2d0db139) to the foreground
10-01 19:21:22.002 23458 23510 D WM-WorkProgressUpdater: Updating progress for b27c5fae-c0ba-49e5-82de-b7ac2d0db139 (Data {pct : 50, mode : file})
10-01 19:21:22.004 23458 23510 I WM-Processor: Moving WorkSpec (b27c5fae-c0ba-49e5-82de-b7ac2d0db139) to the foreground
10-01 19:21:22.005 23458 23510 D WM-WorkProgressUpdater: Updating progress for b27c5fae-c0ba-49e5-82de-b7ac2d0db139 (Data {pct : 63, mode : file})
10-01 19:21:22.006 23458 23510 I WM-Processor: Moving WorkSpec (b27c5fae-c0ba-49e5-82de-b7ac2d0db139) to the foreground
10-01 19:21:22.008 23458 23510 D WM-WorkProgressUpdater: Updating progress for b27c5fae-c0ba-49e5-82de-b7ac2d0db139 (Data {pct : 77, mode : file})
10-01 19:21:22.010 23458 23510 I WM-Processor: Moving WorkSpec (b27c5fae-c0ba-49e5-82de-b7ac2d0db139) to the foreground
10-01 19:21:22.012 23458 23510 D WM-WorkProgressUpdater: Updating progress for b27c5fae-c0ba-49e5-82de-b7ac2d0db139 (Data {pct : 90, mode : file})
10-01 19:21:22.013 23458 23510 I WM-Processor: Moving WorkSpec (b27c5fae-c0ba-49e5-82de-b7ac2d0db139) to the foreground
10-01 19:21:22.014 23458 23510 D WM-WorkProgressUpdater: Updating progress for 6e664794-a0a2-456d-afb3-f82796dcea40 (Data {pct : 10, mode : startup_ring_logs})
10-01 19:21:22.016 23458 23510 I WM-Processor: Moving WorkSpec (6e664794-a0a2-456d-afb3-f82796dcea40) to the foreground
10-01 19:21:22.189 23458 23504 D WM-WorkProgressUpdater: Updating progress for 6e664794-a0a2-456d-afb3-f82796dcea40 (Data {pct : 19, mode : startup_ring_logs})
10-01 19:21:22.190 23458 23504 I WM-Processor: Moving WorkSpec (6e664794-a0a2-456d-afb3-f82796dcea40) to the foreground
10-01 19:21:22.195 23458 23489 D WM-WorkProgressUpdater: Updating progress for 6e664794-a0a2-456d-afb3-f82796dcea40 (Data {pct : 55, mode : startup_ring_logs})
10-01 19:21:22.196 23458 23489 I WM-Processor: Moving WorkSpec (6e664794-a0a2-456d-afb3-f82796dcea40) to the foreground
10-01 19:21:22.198 23458 23489 D WM-WorkProgressUpdater: Updating progress for 6e664794-a0a2-456d-afb3-f82796dcea40 (Data {pct : 91, mode : startup_ring_logs})
10-01 19:21:22.200 23458 23489 I WM-Processor: Moving WorkSpec (6e664794-a0a2-456d-afb3-f82796dcea40) to the foreground
10-01 19:21:22.205 23458 23483 D RuntimeLogStore: openWriter: rotate:plain_snapshot:receiver_my_package_repl -> /data/user/0/com.negi.survey/files/diagnostics/runtime_logs/rtlog_20261002_002122_204_pid23458_seq2.log (bytes=0 format=LEGACY)
10-01 19:21:22.205 23458 23483 D RuntimeLogStore: retention: rotate:plain_snapshot:receiver_my_package_repl files=3 kept=3 totalBytes=15633
10-01 19:21:22.214 23458 24534 D github_upload: doRuntimeLogsUpload: remoteBaseDir=diagnostics/runtime_logs/2026-10-02/runtime_logs_startup_runtime_20261002_002000_d8fc433c_receiver_my_package_repl toUpload=3 bytes=16829 dedupe=true deleteSource=true deletedSourcePre=0 preview='plain_logs_manifest_20261002_002122_208_pid23458_receiver_my_package_repl.json|runtime_log_20261002_002122_208_pid23458_receiver_my_package_repl__rtlog_20261002_002000_275_pid23458_seq1.log|runtime_log_20261002_002122_208_pid23458_receiver_my_package_repl__rtlog_20261001_234746_987_pid12514_seq3.log'
10-01 19:21:22.215 23458 24534 D GitHubUploader: uploadStream: owner=ishizuki-tech repo=SurveyExports branch=main path=diagnostics/runtime_logs/2026-10-02/runtime_logs_startup_runtime_20261002_002000_d8fc433c_receiver_my_package_repl/plain_logs_manifest_20261002_002122_208_pid23458_receiver_my_package_repl.json size=1536 maxRawBytesHint=1000000 maxRequestBytesHint=2800000
10-01 19:21:22.215 23458 23504 D WM-WorkProgressUpdater: Updating progress for 61987175-d848-4fee-a061-c0c4fdd52174 (Data {pct : 10, mode : startup_runtime_logs})
10-01 19:21:22.216 23458 23504 I WM-Processor: Moving WorkSpec (61987175-d848-4fee-a061-c0c4fdd52174) to the foreground
10-01 19:21:22.495 23458 23489 D WM-WorkProgressUpdater: Updating progress for 2b80abe2-d6ea-4f5c-87bb-9a7a4abacbc4 (Data {pct : 95, mode : file})
10-01 19:21:22.495 23458 23486 D GitHubUploader: uploadStream: done url=https://github.com/ishizuki-tech/SurveyExports/blob/main/2026-10-02/exports/2026-10-01_19-15-48_survey_SM-S731U_414A86B07D91_2e0dfdba-fc52-4719-933a-11eeea283557.json sha=48eb998907a755dadf76ad258634d8110d377973
10-01 19:21:22.500 23458 23489 I WM-Processor: Moving WorkSpec (2b80abe2-d6ea-4f5c-87bb-9a7a4abacbc4) to the foreground
10-01 19:21:22.505 23458 23506 I WM-Processor: Moving WorkSpec (2b80abe2-d6ea-4f5c-87bb-9a7a4abacbc4) to the foreground
10-01 19:21:22.508 23458 23506 I WM-WorkerWrapper: Worker result SUCCESS for Work [ id=2b80abe2-d6ea-4f5c-87bb-9a7a4abacbc4, tags={ com.negi.survey.net.GitHubUploadWorker,github_upload,github_upload:file:exports_2026-10-01_19-15-48_survey_SM-S731U_414A86B07D91_2e0dfdba-fc52-4719-933a-11eeea283557.json } ]
10-01 19:21:22.512 23458 23458 D WM-Processor: Processor 2b80abe2-d6ea-4f5c-87bb-9a7a4abacbc4 executed; reschedule = false
10-01 19:21:22.512 23458 23458 D WM-GreedyScheduler: Stopping tracking for WorkGenerationalId(workSpecId=2b80abe2-d6ea-4f5c-87bb-9a7a4abacbc4, generation=0)
10-01 19:21:22.513 23458 23458 D WM-SystemJobService: 2b80abe2-d6ea-4f5c-87bb-9a7a4abacbc4 executed on JobScheduler
10-01 19:21:22.528 23458 23506 D WM-GreedyScheduler: Cancelling work ID 2b80abe2-d6ea-4f5c-87bb-9a7a4abacbc4
10-01 19:21:22.529 23458 23458 D WM-SystemJobService: onStartJob for WorkGenerationalId(workSpecId=3d8d3568-081b-49a3-bf92-c3bc4c54a7e6, generation=0)
10-01 19:21:22.532 23458 23506 D WM-Processor: Work WorkGenerationalId(workSpecId=3d8d3568-081b-49a3-bf92-c3bc4c54a7e6, generation=0) is already enqueued for processing
10-01 19:21:22.631 23458 23504 D WM-WorkProgressUpdater: Updating progress for 61987175-d848-4fee-a061-c0c4fdd52174 (Data {pct : 12, mode : startup_runtime_logs})
10-01 19:21:22.637 23458 23504 I WM-Processor: Moving WorkSpec (61987175-d848-4fee-a061-c0c4fdd52174) to the foreground
10-01 19:21:22.640 23458 23504 D WM-WorkProgressUpdater: Updating progress for 61987175-d848-4fee-a061-c0c4fdd52174 (Data {pct : 33, mode : startup_runtime_logs})
10-01 19:21:22.642 23458 23504 I WM-Processor: Moving WorkSpec (61987175-d848-4fee-a061-c0c4fdd52174) to the foreground
10-01 19:21:23.485 23458 23458 W JobService: onNetworkChanged() not implemented in androidx.work.impl.background.systemjob.SystemJobService. Must override in a subclass.
10-01 19:21:23.485 23458 23458 W JobService: onNetworkChanged() not implemented in androidx.work.impl.background.systemjob.SystemJobService. Must override in a subclass.
10-01 19:21:23.499 23458 23511 D WM-WorkConstraintsTrack: NetworkRequestConstraintController onCapabilitiesChanged callback
10-01 19:21:23.812 23458 23510 D WM-WorkProgressUpdater: Updating progress for 61987175-d848-4fee-a061-c0c4fdd52174 (Data {pct : 34, mode : startup_runtime_logs})
10-01 19:21:23.812 23458 24534 D GitHubUploader: uploadStream: done url=https://github.com/ishizuki-tech/SurveyExports/blob/main/diagnostics/runtime_logs/2026-10-02/runtime_logs_startup_runtime_20261002_002000_d8fc433c_receiver_my_package_repl/plain_logs_manifest_20261002_002122_208_pid23458_receiver_my_package_repl.json sha=153999a662997805a6324d5a80dd5c23843adb68
10-01 19:21:23.817 23458 23510 I WM-Processor: Moving WorkSpec (61987175-d848-4fee-a061-c0c4fdd52174) to the foreground
10-01 19:21:23.820 23458 24534 D GitHubUploader: uploadStream: owner=ishizuki-tech repo=SurveyExports branch=main path=diagnostics/runtime_logs/2026-10-02/runtime_logs_startup_runtime_20261002_002000_d8fc433c_receiver_my_package_repl/runtime_log_20261002_002122_208_pid23458_receiver_my_package_repl__rtlog_20261002_002000_275_pid23458_seq1.log size=3274 maxRawBytesHint=1000000 maxRequestBytesHint=2800000
10-01 19:21:23.821 23458 23510 D WM-WorkProgressUpdater: Updating progress for 61987175-d848-4fee-a061-c0c4fdd52174 (Data {pct : 36, mode : startup_runtime_logs})
10-01 19:21:23.824 23458 23510 I WM-Processor: Moving WorkSpec (61987175-d848-4fee-a061-c0c4fdd52174) to the foreground
10-01 19:21:23.993 23458 23506 D WM-WorkProgressUpdater: Updating progress for 61987175-d848-4fee-a061-c0c4fdd52174 (Data {pct : 38, mode : startup_runtime_logs})
10-01 19:21:23.997 23458 23506 I WM-Processor: Moving WorkSpec (61987175-d848-4fee-a061-c0c4fdd52174) to the foreground
10-01 19:21:24.002 23458 23506 D WM-WorkProgressUpdater: Updating progress for 61987175-d848-4fee-a061-c0c4fdd52174 (Data {pct : 60, mode : startup_runtime_logs})
10-01 19:21:24.005 23458 23506 I WM-Processor: Moving WorkSpec (61987175-d848-4fee-a061-c0c4fdd52174) to the foreground
10-01 19:21:24.007 23458 23506 D WM-WorkProgressUpdater: Updating progress for e07d24f4-2fd0-48ca-b3af-8270c7bcdc2c (Data {pct : 85, mode : file})
10-01 19:21:24.008 23458 23506 I WM-Processor: Moving WorkSpec (e07d24f4-2fd0-48ca-b3af-8270c7bcdc2c) to the foreground
10-01 19:21:24.010 23458 23506 D WM-WorkProgressUpdater: Updating progress for e07d24f4-2fd0-48ca-b3af-8270c7bcdc2c (Data {pct : 90, mode : file})
10-01 19:21:24.011 23458 23506 I WM-Processor: Moving WorkSpec (e07d24f4-2fd0-48ca-b3af-8270c7bcdc2c) to the foreground
10-01 19:21:24.043 23458 23504 D WM-WorkProgressUpdater: Updating progress for 2216fb38-0115-4954-a525-dbe51aa02df9 (Data {pct : 50, mode : file})
10-01 19:21:24.046 23458 23504 I WM-Processor: Moving WorkSpec (2216fb38-0115-4954-a525-dbe51aa02df9) to the foreground
10-01 19:21:24.048 23458 23504 D WM-WorkProgressUpdater: Updating progress for 2216fb38-0115-4954-a525-dbe51aa02df9 (Data {pct : 90, mode : file})
10-01 19:21:24.051 23458 23504 I WM-Processor: Moving WorkSpec (2216fb38-0115-4954-a525-dbe51aa02df9) to the foreground
10-01 19:21:24.237 23458 23510 D WM-WorkProgressUpdater: Updating progress for b27c5fae-c0ba-49e5-82de-b7ac2d0db139 (Data {pct : 23, mode : file})
10-01 19:21:24.243 23458 23510 I WM-Processor: Moving WorkSpec (b27c5fae-c0ba-49e5-82de-b7ac2d0db139) to the foreground
10-01 19:21:24.247 23458 23510 D WM-WorkProgressUpdater: Updating progress for b27c5fae-c0ba-49e5-82de-b7ac2d0db139 (Data {pct : 36, mode : file})
10-01 19:21:24.251 23458 23510 I WM-Processor: Moving WorkSpec (b27c5fae-c0ba-49e5-82de-b7ac2d0db139) to the foreground
10-01 19:21:24.253 23458 23510 D WM-WorkProgressUpdater: Updating progress for b27c5fae-c0ba-49e5-82de-b7ac2d0db139 (Data {pct : 50, mode : file})
10-01 19:21:24.256 23458 23510 I WM-Processor: Moving WorkSpec (b27c5fae-c0ba-49e5-82de-b7ac2d0db139) to the foreground
10-01 19:21:24.260 23458 23510 D WM-WorkProgressUpdater: Updating progress for b27c5fae-c0ba-49e5-82de-b7ac2d0db139 (Data {pct : 63, mode : file})
10-01 19:21:24.263 23458 23510 I WM-Processor: Moving WorkSpec (b27c5fae-c0ba-49e5-82de-b7ac2d0db139) to the foreground
10-01 19:21:24.266 23458 23510 D WM-WorkProgressUpdater: Updating progress for b27c5fae-c0ba-49e5-82de-b7ac2d0db139 (Data {pct : 77, mode : file})
10-01 19:21:24.272 23458 23510 I WM-Processor: Moving WorkSpec (b27c5fae-c0ba-49e5-82de-b7ac2d0db139) to the foreground
10-01 19:21:24.276 23458 23510 D WM-WorkProgressUpdater: Updating progress for b27c5fae-c0ba-49e5-82de-b7ac2d0db139 (Data {pct : 90, mode : file})
10-01 19:21:24.280 23458 23510 I WM-Processor: Moving WorkSpec (b27c5fae-c0ba-49e5-82de-b7ac2d0db139) to the foreground
10-01 19:21:24.526 23458 23489 D WM-WorkProgressUpdater: Updating progress for 3d8d3568-081b-49a3-bf92-c3bc4c54a7e6 (Data {pct : 95, mode : file})
10-01 19:21:24.526 23458 24527 D GitHubUploader: uploadStream: done url=https://github.com/ishizuki-tech/SurveyExports/blob/main/2026-10-02/logcat_2026-10-01_19-15-48_pid12514_2e0dfdba.log.gz sha=604d5440ec1d7639b14f23e5f41523c71ec6b600
10-01 19:21:24.532 23458 23489 I WM-Processor: Moving WorkSpec (3d8d3568-081b-49a3-bf92-c3bc4c54a7e6) to the foreground
10-01 19:21:24.541 23458 23506 I WM-Processor: Moving WorkSpec (3d8d3568-081b-49a3-bf92-c3bc4c54a7e6) to the foreground
10-01 19:21:24.547 23458 23506 I WM-WorkerWrapper: Worker result SUCCESS for Work [ id=3d8d3568-081b-49a3-bf92-c3bc4c54a7e6, tags={ com.negi.survey.net.GitHubUploadWorker,github_upload,github_upload:file:logcat_2026-10-01_19-15-48_pid12514_2e0dfdba.log.gz } ]
10-01 19:21:24.552 23458 23458 D WM-Processor: Processor 3d8d3568-081b-49a3-bf92-c3bc4c54a7e6 executed; reschedule = false
10-01 19:21:24.553 23458 23458 D WM-GreedyScheduler: Stopping tracking for WorkGenerationalId(workSpecId=3d8d3568-081b-49a3-bf92-c3bc4c54a7e6, generation=0)
10-01 19:21:24.554 23458 23458 D WM-SystemJobService: 3d8d3568-081b-49a3-bf92-c3bc4c54a7e6 executed on JobScheduler
10-01 19:21:24.574 23458 23506 D WM-GreedyScheduler: Cancelling work ID 3d8d3568-081b-49a3-bf92-c3bc4c54a7e6
10-01 19:21:24.578 23458 23510 D WM-WorkProgressUpdater: Updating progress for 47ab36b0-01fb-4043-abcf-d30ba342cbec (Data {pct : 10, mode : file})
10-01 19:21:24.581 23458 23510 I WM-Processor: Moving WorkSpec (47ab36b0-01fb-4043-abcf-d30ba342cbec) to the foreground
10-01 19:21:24.584 23458 23506 D WM-WorkProgressUpdater: Updating progress for 47ab36b0-01fb-4043-abcf-d30ba342cbec (Data {pct : 11, mode : file})
10-01 19:21:24.585 23458 23506 I WM-Processor: Moving WorkSpec (47ab36b0-01fb-4043-abcf-d30ba342cbec) to the foreground
10-01 19:21:24.588 23458 23506 D WM-WorkProgressUpdater: Updating progress for 47ab36b0-01fb-4043-abcf-d30ba342cbec (Data {pct : 12, mode : file})
10-01 19:21:24.590 23458 23506 I WM-Processor: Moving WorkSpec (47ab36b0-01fb-4043-abcf-d30ba342cbec) to the foreground
10-01 19:21:24.592 23458 23504 D WM-WorkProgressUpdater: Updating progress for 47ab36b0-01fb-4043-abcf-d30ba342cbec (Data {pct : 13, mode : file})
10-01 19:21:24.594 23458 23504 I WM-Processor: Moving WorkSpec (47ab36b0-01fb-4043-abcf-d30ba342cbec) to the foreground
10-01 19:21:24.595 23458 23504 D WM-WorkProgressUpdater: Updating progress for 47ab36b0-01fb-4043-abcf-d30ba342cbec (Data {pct : 14, mode : file})
10-01 19:21:24.597 23458 23504 I WM-Processor: Moving WorkSpec (47ab36b0-01fb-4043-abcf-d30ba342cbec) to the foreground
10-01 19:21:24.598 23458 23504 D WM-WorkProgressUpdater: Updating progress for 47ab36b0-01fb-4043-abcf-d30ba342cbec (Data {pct : 15, mode : file})
10-01 19:21:24.600 23458 23504 I WM-Processor: Moving WorkSpec (47ab36b0-01fb-4043-abcf-d30ba342cbec) to the foreground
10-01 19:21:24.601 23458 23504 D WM-WorkProgressUpdater: Updating progress for 47ab36b0-01fb-4043-abcf-d30ba342cbec (Data {pct : 16, mode : file})
10-01 19:21:24.603 23458 23504 I WM-Processor: Moving WorkSpec (47ab36b0-01fb-4043-abcf-d30ba342cbec) to the foreground
10-01 19:21:24.604 23458 23504 D WM-WorkProgressUpdater: Updating progress for 47ab36b0-01fb-4043-abcf-d30ba342cbec (Data {pct : 17, mode : file})
10-01 19:21:24.606 23458 23504 I WM-Processor: Moving WorkSpec (47ab36b0-01fb-4043-abcf-d30ba342cbec) to the foreground
10-01 19:21:24.607 23458 23504 D WM-WorkProgressUpdater: Updating progress for 47ab36b0-01fb-4043-abcf-d30ba342cbec (Data {pct : 18, mode : file})
10-01 19:21:24.609 23458 23504 I WM-Processor: Moving WorkSpec (47ab36b0-01fb-4043-abcf-d30ba342cbec) to the foreground
10-01 19:21:24.610 23458 23504 D WM-WorkProgressUpdater: Updating progress for 47ab36b0-01fb-4043-abcf-d30ba342cbec (Data {pct : 19, mode : file})
10-01 19:21:24.611 23458 23504 I WM-Processor: Moving WorkSpec (47ab36b0-01fb-4043-abcf-d30ba342cbec) to the foreground
10-01 19:21:24.613 23458 23504 D WM-WorkProgressUpdater: Updating progress for 47ab36b0-01fb-4043-abcf-d30ba342cbec (Data {pct : 20, mode : file})
10-01 19:21:24.614 23458 23504 I WM-Processor: Moving WorkSpec (47ab36b0-01fb-4043-abcf-d30ba342cbec) to the foreground
10-01 19:21:24.615 23458 23504 D WM-WorkProgressUpdater: Updating progress for 47ab36b0-01fb-4043-abcf-d30ba342cbec (Data {pct : 21, mode : file})
10-01 19:21:24.617 23458 23504 I WM-Processor: Moving WorkSpec (47ab36b0-01fb-4043-abcf-d30ba342cbec) to the foreground
10-01 19:21:24.618 23458 23504 D WM-WorkProgressUpdater: Updating progress for 47ab36b0-01fb-4043-abcf-d30ba342cbec (Data {pct : 22, mode : file})
10-01 19:21:24.621 23458 23504 I WM-Processor: Moving WorkSpec (47ab36b0-01fb-4043-abcf-d30ba342cbec) to the foreground
10-01 19:21:24.622 23458 23504 D WM-WorkProgressUpdater: Updating progress for 47ab36b0-01fb-4043-abcf-d30ba342cbec (Data {pct : 23, mode : file})
10-01 19:21:24.624 23458 23504 I WM-Processor: Moving WorkSpec (47ab36b0-01fb-4043-abcf-d30ba342cbec) to the foreground
10-01 19:21:24.626 23458 23504 D WM-WorkProgressUpdater: Updating progress for 47ab36b0-01fb-4043-abcf-d30ba342cbec (Data {pct : 24, mode : file})
10-01 19:21:24.628 23458 23504 I WM-Processor: Moving WorkSpec (47ab36b0-01fb-4043-abcf-d30ba342cbec) to the foreground
10-01 19:21:24.629 23458 23504 D WM-WorkProgressUpdater: Updating progress for 47ab36b0-01fb-4043-abcf-d30ba342cbec (Data {pct : 25, mode : file})
10-01 19:21:24.631 23458 23504 I WM-Processor: Moving WorkSpec (47ab36b0-01fb-4043-abcf-d30ba342cbec) to the foreground
10-01 19:21:24.633 23458 23504 D WM-WorkProgressUpdater: Updating progress for 47ab36b0-01fb-4043-abcf-d30ba342cbec (Data {pct : 26, mode : file})
10-01 19:21:24.634 23458 23504 I WM-Processor: Moving WorkSpec (47ab36b0-01fb-4043-abcf-d30ba342cbec) to the foreground
10-01 19:21:24.636 23458 23504 D WM-WorkProgressUpdater: Updating progress for 47ab36b0-01fb-4043-abcf-d30ba342cbec (Data {pct : 27, mode : file})
10-01 19:21:24.637 23458 23504 I WM-Processor: Moving WorkSpec (47ab36b0-01fb-4043-abcf-d30ba342cbec) to the foreground
10-01 19:21:24.639 23458 23504 D WM-WorkProgressUpdater: Updating progress for 47ab36b0-01fb-4043-abcf-d30ba342cbec (Data {pct : 28, mode : file})
10-01 19:21:24.640 23458 23504 I WM-Processor: Moving WorkSpec (47ab36b0-01fb-4043-abcf-d30ba342cbec) to the foreground
10-01 19:21:24.642 23458 23504 D WM-WorkProgressUpdater: Updating progress for 47ab36b0-01fb-4043-abcf-d30ba342cbec (Data {pct : 29, mode : file})
10-01 19:21:24.643 23458 23504 I WM-Processor: Moving WorkSpec (47ab36b0-01fb-4043-abcf-d30ba342cbec) to the foreground
10-01 19:21:24.644 23458 23504 D WM-WorkProgressUpdater: Updating progress for 47ab36b0-01fb-4043-abcf-d30ba342cbec (Data {pct : 30, mode : file})
10-01 19:21:24.645 23458 23504 I WM-Processor: Moving WorkSpec (47ab36b0-01fb-4043-abcf-d30ba342cbec) to the foreground
10-01 19:21:24.647 23458 23504 D WM-WorkProgressUpdater: Updating progress for 47ab36b0-01fb-4043-abcf-d30ba342cbec (Data {pct : 31, mode : file})
10-01 19:21:24.648 23458 23504 I WM-Processor: Moving WorkSpec (47ab36b0-01fb-4043-abcf-d30ba342cbec) to the foreground
10-01 19:21:24.649 23458 23504 D WM-WorkProgressUpdater: Updating progress for 47ab36b0-01fb-4043-abcf-d30ba342cbec (Data {pct : 32, mode : file})
10-01 19:21:24.651 23458 23504 I WM-Processor: Moving WorkSpec (47ab36b0-01fb-4043-abcf-d30ba342cbec) to the foreground
10-01 19:21:24.653 23458 23504 D WM-WorkProgressUpdater: Updating progress for 47ab36b0-01fb-4043-abcf-d30ba342cbec (Data {pct : 33, mode : file})
10-01 19:21:24.654 23458 23506 I WM-Processor: Moving WorkSpec (47ab36b0-01fb-4043-abcf-d30ba342cbec) to the foreground
10-01 19:21:24.656 23458 23506 D WM-WorkProgressUpdater: Updating progress for 47ab36b0-01fb-4043-abcf-d30ba342cbec (Data {pct : 34, mode : file})
10-01 19:21:24.658 23458 23506 I WM-Processor: Moving WorkSpec (47ab36b0-01fb-4043-abcf-d30ba342cbec) to the foreground
10-01 19:21:24.660 23458 23506 D WM-WorkProgressUpdater: Updating progress for 47ab36b0-01fb-4043-abcf-d30ba342cbec (Data {pct : 35, mode : file})
10-01 19:21:24.663 23458 23506 I WM-Processor: Moving WorkSpec (47ab36b0-01fb-4043-abcf-d30ba342cbec) to the foreground
10-01 19:21:24.665 23458 23506 D WM-WorkProgressUpdater: Updating progress for 47ab36b0-01fb-4043-abcf-d30ba342cbec (Data {pct : 36, mode : file})
10-01 19:21:24.666 23458 23489 I WM-Processor: Moving WorkSpec (47ab36b0-01fb-4043-abcf-d30ba342cbec) to the foreground
10-01 19:21:24.668 23458 23489 D WM-WorkProgressUpdater: Updating progress for 47ab36b0-01fb-4043-abcf-d30ba342cbec (Data {pct : 37, mode : file})
10-01 19:21:24.669 23458 23489 I WM-Processor: Moving WorkSpec (47ab36b0-01fb-4043-abcf-d30ba342cbec) to the foreground
10-01 19:21:24.671 23458 23489 D WM-WorkProgressUpdater: Updating progress for 47ab36b0-01fb-4043-abcf-d30ba342cbec (Data {pct : 38, mode : file})
10-01 19:21:24.677 23458 23489 I WM-Processor: Moving WorkSpec (47ab36b0-01fb-4043-abcf-d30ba342cbec) to the foreground
10-01 19:21:24.678 23458 23489 D WM-WorkProgressUpdater: Updating progress for 47ab36b0-01fb-4043-abcf-d30ba342cbec (Data {pct : 39, mode : file})
10-01 19:21:24.680 23458 23489 I WM-Processor: Moving WorkSpec (47ab36b0-01fb-4043-abcf-d30ba342cbec) to the foreground
10-01 19:21:24.682 23458 23489 D WM-WorkProgressUpdater: Updating progress for 47ab36b0-01fb-4043-abcf-d30ba342cbec (Data {pct : 40, mode : file})
10-01 19:21:24.684 23458 23504 I WM-Processor: Moving WorkSpec (47ab36b0-01fb-4043-abcf-d30ba342cbec) to the foreground
10-01 19:21:24.685 23458 23504 D WM-WorkProgressUpdater: Updating progress for 47ab36b0-01fb-4043-abcf-d30ba342cbec (Data {pct : 41, mode : file})
10-01 19:21:24.687 23458 23504 I WM-Processor: Moving WorkSpec (47ab36b0-01fb-4043-abcf-d30ba342cbec) to the foreground
10-01 19:21:24.688 23458 23504 D WM-WorkProgressUpdater: Updating progress for 47ab36b0-01fb-4043-abcf-d30ba342cbec (Data {pct : 42, mode : file})
10-01 19:21:24.690 23458 23504 I WM-Processor: Moving WorkSpec (47ab36b0-01fb-4043-abcf-d30ba342cbec) to the foreground
10-01 19:21:24.692 23458 23504 D WM-WorkProgressUpdater: Updating progress for 47ab36b0-01fb-4043-abcf-d30ba342cbec (Data {pct : 43, mode : file})
10-01 19:21:24.693 23458 23504 I WM-Processor: Moving WorkSpec (47ab36b0-01fb-4043-abcf-d30ba342cbec) to the foreground
10-01 19:21:24.695 23458 23504 D WM-WorkProgressUpdater: Updating progress for 47ab36b0-01fb-4043-abcf-d30ba342cbec (Data {pct : 44, mode : file})
10-01 19:21:24.697 23458 23504 I WM-Processor: Moving WorkSpec (47ab36b0-01fb-4043-abcf-d30ba342cbec) to the foreground
10-01 19:21:24.699 23458 23504 D WM-WorkProgressUpdater: Updating progress for 47ab36b0-01fb-4043-abcf-d30ba342cbec (Data {pct : 45, mode : file})
10-01 19:21:24.701 23458 23504 I WM-Processor: Moving WorkSpec (47ab36b0-01fb-4043-abcf-d30ba342cbec) to the foreground
10-01 19:21:24.703 23458 23504 D WM-WorkProgressUpdater: Updating progress for 47ab36b0-01fb-4043-abcf-d30ba342cbec (Data {pct : 46, mode : file})
10-01 19:21:24.705 23458 23504 I WM-Processor: Moving WorkSpec (47ab36b0-01fb-4043-abcf-d30ba342cbec) to the foreground
10-01 19:21:24.706 23458 23504 D WM-WorkProgressUpdater: Updating progress for 47ab36b0-01fb-4043-abcf-d30ba342cbec (Data {pct : 47, mode : file})
10-01 19:21:24.708 23458 23504 I WM-Processor: Moving WorkSpec (47ab36b0-01fb-4043-abcf-d30ba342cbec) to the foreground
10-01 19:21:24.709 23458 23504 D WM-WorkProgressUpdater: Updating progress for 47ab36b0-01fb-4043-abcf-d30ba342cbec (Data {pct : 48, mode : file})
10-01 19:21:24.711 23458 23504 I WM-Processor: Moving WorkSpec (47ab36b0-01fb-4043-abcf-d30ba342cbec) to the foreground
10-01 19:21:24.713 23458 23504 D WM-WorkProgressUpdater: Updating progress for 47ab36b0-01fb-4043-abcf-d30ba342cbec (Data {pct : 49, mode : file})
10-01 19:21:24.715 23458 23504 I WM-Processor: Moving WorkSpec (47ab36b0-01fb-4043-abcf-d30ba342cbec) to the foreground
10-01 19:21:24.716 23458 23504 D WM-WorkProgressUpdater: Updating progress for 47ab36b0-01fb-4043-abcf-d30ba342cbec (Data {pct : 50, mode : file})
10-01 19:21:24.717 23458 23504 I WM-Processor: Moving WorkSpec (47ab36b0-01fb-4043-abcf-d30ba342cbec) to the foreground
10-01 19:21:24.718 23458 23504 D WM-WorkProgressUpdater: Updating progress for 47ab36b0-01fb-4043-abcf-d30ba342cbec (Data {pct : 51, mode : file})
10-01 19:21:24.720 23458 23504 I WM-Processor: Moving WorkSpec (47ab36b0-01fb-4043-abcf-d30ba342cbec) to the foreground
10-01 19:21:24.721 23458 23504 D WM-WorkProgressUpdater: Updating progress for 47ab36b0-01fb-4043-abcf-d30ba342cbec (Data {pct : 52, mode : file})
10-01 19:21:24.723 23458 23504 I WM-Processor: Moving WorkSpec (47ab36b0-01fb-4043-abcf-d30ba342cbec) to the foreground
10-01 19:21:24.724 23458 23504 D WM-WorkProgressUpdater: Updating progress for 47ab36b0-01fb-4043-abcf-d30ba342cbec (Data {pct : 53, mode : file})
10-01 19:21:24.725 23458 23504 I WM-Processor: Moving WorkSpec (47ab36b0-01fb-4043-abcf-d30ba342cbec) to the foreground
10-01 19:21:24.726 23458 23504 D WM-WorkProgressUpdater: Updating progress for 47ab36b0-01fb-4043-abcf-d30ba342cbec (Data {pct : 54, mode : file})
10-01 19:21:24.727 23458 23504 I WM-Processor: Moving WorkSpec (47ab36b0-01fb-4043-abcf-d30ba342cbec) to the foreground
10-01 19:21:24.729 23458 23504 D WM-WorkProgressUpdater: Updating progress for 47ab36b0-01fb-4043-abcf-d30ba342cbec (Data {pct : 55, mode : file})
10-01 19:21:24.730 23458 23504 I WM-Processor: Moving WorkSpec (47ab36b0-01fb-4043-abcf-d30ba342cbec) to the foreground
10-01 19:21:24.731 23458 23504 D WM-WorkProgressUpdater: Updating progress for 47ab36b0-01fb-4043-abcf-d30ba342cbec (Data {pct : 56, mode : file})
10-01 19:21:24.732 23458 23504 I WM-Processor: Moving WorkSpec (47ab36b0-01fb-4043-abcf-d30ba342cbec) to the foreground
10-01 19:21:24.734 23458 23504 D WM-WorkProgressUpdater: Updating progress for 47ab36b0-01fb-4043-abcf-d30ba342cbec (Data {pct : 57, mode : file})
10-01 19:21:24.736 23458 23504 I WM-Processor: Moving WorkSpec (47ab36b0-01fb-4043-abcf-d30ba342cbec) to the foreground
10-01 19:21:24.737 23458 23504 D WM-WorkProgressUpdater: Updating progress for 47ab36b0-01fb-4043-abcf-d30ba342cbec (Data {pct : 58, mode : file})
10-01 19:21:24.740 23458 23504 I WM-Processor: Moving WorkSpec (47ab36b0-01fb-4043-abcf-d30ba342cbec) to the foreground
10-01 19:21:24.741 23458 23504 D WM-WorkProgressUpdater: Updating progress for 47ab36b0-01fb-4043-abcf-d30ba342cbec (Data {pct : 59, mode : file})
10-01 19:21:24.743 23458 23504 I WM-Processor: Moving WorkSpec (47ab36b0-01fb-4043-abcf-d30ba342cbec) to the foreground
10-01 19:21:24.744 23458 23489 D WM-WorkProgressUpdater: Updating progress for 47ab36b0-01fb-4043-abcf-d30ba342cbec (Data {pct : 60, mode : file})
10-01 19:21:24.746 23458 23489 I WM-Processor: Moving WorkSpec (47ab36b0-01fb-4043-abcf-d30ba342cbec) to the foreground
10-01 19:21:24.747 23458 23489 D WM-WorkProgressUpdater: Updating progress for 47ab36b0-01fb-4043-abcf-d30ba342cbec (Data {pct : 61, mode : file})
10-01 19:21:24.748 23458 23489 I WM-Processor: Moving WorkSpec (47ab36b0-01fb-4043-abcf-d30ba342cbec) to the foreground
10-01 19:21:24.749 23458 23489 D WM-WorkProgressUpdater: Updating progress for 47ab36b0-01fb-4043-abcf-d30ba342cbec (Data {pct : 62, mode : file})
10-01 19:21:24.751 23458 23489 I WM-Processor: Moving WorkSpec (47ab36b0-01fb-4043-abcf-d30ba342cbec) to the foreground
10-01 19:21:24.752 23458 23489 D WM-WorkProgressUpdater: Updating progress for 47ab36b0-01fb-4043-abcf-d30ba342cbec (Data {pct : 63, mode : file})
10-01 19:21:24.753 23458 23489 I WM-Processor: Moving WorkSpec (47ab36b0-01fb-4043-abcf-d30ba342cbec) to the foreground
10-01 19:21:24.754 23458 23489 D WM-WorkProgressUpdater: Updating progress for 47ab36b0-01fb-4043-abcf-d30ba342cbec (Data {pct : 64, mode : file})
10-01 19:21:24.755 23458 23489 I WM-Processor: Moving WorkSpec (47ab36b0-01fb-4043-abcf-d30ba342cbec) to the foreground
10-01 19:21:24.756 23458 23489 D WM-WorkProgressUpdater: Updating progress for 47ab36b0-01fb-4043-abcf-d30ba342cbec (Data {pct : 65, mode : file})
10-01 19:21:24.757 23458 23489 I WM-Processor: Moving WorkSpec (47ab36b0-01fb-4043-abcf-d30ba342cbec) to the foreground
10-01 19:21:24.758 23458 23489 D WM-WorkProgressUpdater: Updating progress for 47ab36b0-01fb-4043-abcf-d30ba342cbec (Data {pct : 66, mode : file})
10-01 19:21:24.760 23458 23489 I WM-Processor: Moving WorkSpec (47ab36b0-01fb-4043-abcf-d30ba342cbec) to the foreground
10-01 19:21:24.761 23458 23489 D WM-WorkProgressUpdater: Updating progress for 47ab36b0-01fb-4043-abcf-d30ba342cbec (Data {pct : 67, mode : file})
10-01 19:21:24.762 23458 23504 I WM-Processor: Moving WorkSpec (47ab36b0-01fb-4043-abcf-d30ba342cbec) to the foreground
10-01 19:21:24.763 23458 23504 D WM-WorkProgressUpdater: Updating progress for 47ab36b0-01fb-4043-abcf-d30ba342cbec (Data {pct : 68, mode : file})
10-01 19:21:24.764 23458 23504 I WM-Processor: Moving WorkSpec (47ab36b0-01fb-4043-abcf-d30ba342cbec) to the foreground
10-01 19:21:24.765 23458 23504 D WM-WorkProgressUpdater: Updating progress for 47ab36b0-01fb-4043-abcf-d30ba342cbec (Data {pct : 69, mode : file})
10-01 19:21:24.766 23458 23504 I WM-Processor: Moving WorkSpec (47ab36b0-01fb-4043-abcf-d30ba342cbec) to the foreground
10-01 19:21:24.767 23458 23504 D WM-WorkProgressUpdater: Updating progress for 47ab36b0-01fb-4043-abcf-d30ba342cbec (Data {pct : 70, mode : file})
10-01 19:21:24.768 23458 23504 I WM-Processor: Moving WorkSpec (47ab36b0-01fb-4043-abcf-d30ba342cbec) to the foreground
10-01 19:21:24.769 23458 23504 D WM-WorkProgressUpdater: Updating progress for 47ab36b0-01fb-4043-abcf-d30ba342cbec (Data {pct : 71, mode : file})
10-01 19:21:24.770 23458 23504 I WM-Processor: Moving WorkSpec (47ab36b0-01fb-4043-abcf-d30ba342cbec) to the foreground
10-01 19:21:24.771 23458 23504 D WM-WorkProgressUpdater: Updating progress for 47ab36b0-01fb-4043-abcf-d30ba342cbec (Data {pct : 72, mode : file})
10-01 19:21:24.773 23458 23504 I WM-Processor: Moving WorkSpec (47ab36b0-01fb-4043-abcf-d30ba342cbec) to the foreground
10-01 19:21:24.774 23458 23504 D WM-WorkProgressUpdater: Updating progress for 47ab36b0-01fb-4043-abcf-d30ba342cbec (Data {pct : 73, mode : file})
10-01 19:21:24.775 23458 23504 I WM-Processor: Moving WorkSpec (47ab36b0-01fb-4043-abcf-d30ba342cbec) to the foreground
10-01 19:21:24.776 23458 23504 D WM-WorkProgressUpdater: Updating progress for 47ab36b0-01fb-4043-abcf-d30ba342cbec (Data {pct : 74, mode : file})
10-01 19:21:24.778 23458 23504 I WM-Processor: Moving WorkSpec (47ab36b0-01fb-4043-abcf-d30ba342cbec) to the foreground
10-01 19:21:24.780 23458 23504 D WM-WorkProgressUpdater: Updating progress for 47ab36b0-01fb-4043-abcf-d30ba342cbec (Data {pct : 75, mode : file})
10-01 19:21:24.782 23458 23504 I WM-Processor: Moving WorkSpec (47ab36b0-01fb-4043-abcf-d30ba342cbec) to the foreground
10-01 19:21:24.783 23458 23504 D WM-WorkProgressUpdater: Updating progress for 47ab36b0-01fb-4043-abcf-d30ba342cbec (Data {pct : 76, mode : file})
10-01 19:21:24.785 23458 23504 I WM-Processor: Moving WorkSpec (47ab36b0-01fb-4043-abcf-d30ba342cbec) to the foreground
10-01 19:21:24.786 23458 23504 D WM-WorkProgressUpdater: Updating progress for 47ab36b0-01fb-4043-abcf-d30ba342cbec (Data {pct : 77, mode : file})
10-01 19:21:24.787 23458 23510 I WM-Processor: Moving WorkSpec (47ab36b0-01fb-4043-abcf-d30ba342cbec) to the foreground
10-01 19:21:24.789 23458 23510 D WM-WorkProgressUpdater: Updating progress for 47ab36b0-01fb-4043-abcf-d30ba342cbec (Data {pct : 78, mode : file})
10-01 19:21:24.790 23458 23510 I WM-Processor: Moving WorkSpec (47ab36b0-01fb-4043-abcf-d30ba342cbec) to the foreground
10-01 19:21:24.791 23458 23510 D WM-WorkProgressUpdater: Updating progress for 47ab36b0-01fb-4043-abcf-d30ba342cbec (Data {pct : 79, mode : file})
10-01 19:21:24.792 23458 23510 I WM-Processor: Moving WorkSpec (47ab36b0-01fb-4043-abcf-d30ba342cbec) to the foreground
10-01 19:21:24.793 23458 23510 D WM-WorkProgressUpdater: Updating progress for 47ab36b0-01fb-4043-abcf-d30ba342cbec (Data {pct : 80, mode : file})
10-01 19:21:24.795 23458 23504 I WM-Processor: Moving WorkSpec (47ab36b0-01fb-4043-abcf-d30ba342cbec) to the foreground
10-01 19:21:24.797 23458 23504 D WM-WorkProgressUpdater: Updating progress for 47ab36b0-01fb-4043-abcf-d30ba342cbec (Data {pct : 81, mode : file})
10-01 19:21:24.799 23458 23504 I WM-Processor: Moving WorkSpec (47ab36b0-01fb-4043-abcf-d30ba342cbec) to the foreground
10-01 19:21:24.800 23458 23504 D WM-WorkProgressUpdater: Updating progress for 47ab36b0-01fb-4043-abcf-d30ba342cbec (Data {pct : 82, mode : file})
10-01 19:21:24.801 23458 23504 I WM-Processor: Moving WorkSpec (47ab36b0-01fb-4043-abcf-d30ba342cbec) to the foreground
10-01 19:21:24.802 23458 23504 D WM-WorkProgressUpdater: Updating progress for 47ab36b0-01fb-4043-abcf-d30ba342cbec (Data {pct : 83, mode : file})
10-01 19:21:24.804 23458 23504 I WM-Processor: Moving WorkSpec (47ab36b0-01fb-4043-abcf-d30ba342cbec) to the foreground
10-01 19:21:24.805 23458 23504 D WM-WorkProgressUpdater: Updating progress for 47ab36b0-01fb-4043-abcf-d30ba342cbec (Data {pct : 84, mode : file})
10-01 19:21:24.806 23458 23504 I WM-Processor: Moving WorkSpec (47ab36b0-01fb-4043-abcf-d30ba342cbec) to the foreground
10-01 19:21:24.807 23458 23504 D WM-WorkProgressUpdater: Updating progress for 47ab36b0-01fb-4043-abcf-d30ba342cbec (Data {pct : 85, mode : file})
10-01 19:21:24.808 23458 23489 I WM-Processor: Moving WorkSpec (47ab36b0-01fb-4043-abcf-d30ba342cbec) to the foreground
10-01 19:21:24.809 23458 23489 D WM-WorkProgressUpdater: Updating progress for 47ab36b0-01fb-4043-abcf-d30ba342cbec (Data {pct : 86, mode : file})
10-01 19:21:24.810 23458 23489 I WM-Processor: Moving WorkSpec (47ab36b0-01fb-4043-abcf-d30ba342cbec) to the foreground
10-01 19:21:24.811 23458 23489 D WM-WorkProgressUpdater: Updating progress for 47ab36b0-01fb-4043-abcf-d30ba342cbec (Data {pct : 87, mode : file})
10-01 19:21:24.813 23458 23489 I WM-Processor: Moving WorkSpec (47ab36b0-01fb-4043-abcf-d30ba342cbec) to the foreground
10-01 19:21:24.814 23458 23489 D WM-WorkProgressUpdater: Updating progress for 47ab36b0-01fb-4043-abcf-d30ba342cbec (Data {pct : 88, mode : file})
10-01 19:21:24.818 23458 23489 I WM-Processor: Moving WorkSpec (47ab36b0-01fb-4043-abcf-d30ba342cbec) to the foreground
10-01 19:21:24.820 23458 23489 D WM-WorkProgressUpdater: Updating progress for 47ab36b0-01fb-4043-abcf-d30ba342cbec (Data {pct : 89, mode : file})
10-01 19:21:24.822 23458 23489 I WM-Processor: Moving WorkSpec (47ab36b0-01fb-4043-abcf-d30ba342cbec) to the foreground
10-01 19:21:24.822 23458 23489 D WM-WorkProgressUpdater: Updating progress for 47ab36b0-01fb-4043-abcf-d30ba342cbec (Data {pct : 90, mode : file})
10-01 19:21:24.824 23458 23489 I WM-Processor: Moving WorkSpec (47ab36b0-01fb-4043-abcf-d30ba342cbec) to the foreground
10-01 19:21:24.825 23458 23489 D WM-WorkProgressUpdater: Updating progress for bc3fafa7-6986-4604-9dab-69e1176a7d4d (Data {pct : 11, mode : file})
10-01 19:21:24.826 23458 23489 D WM-WorkProgressUpdater: Updating progress for 2c10ae0f-b8bd-4282-b180-9d7a2345d2a3 (Data {pct : 11, mode : file})
10-01 19:21:24.827 23458 23489 I WM-Processor: Moving WorkSpec (2c10ae0f-b8bd-4282-b180-9d7a2345d2a3) to the foreground
10-01 19:21:24.829 23458 23489 I WM-Processor: Moving WorkSpec (bc3fafa7-6986-4604-9dab-69e1176a7d4d) to the foreground
10-01 19:21:24.830 23458 23489 D WM-WorkProgressUpdater: Updating progress for 2c10ae0f-b8bd-4282-b180-9d7a2345d2a3 (Data {pct : 13, mode : file})
10-01 19:21:24.831 23458 23489 I WM-Processor: Moving WorkSpec (2c10ae0f-b8bd-4282-b180-9d7a2345d2a3) to the foreground
10-01 19:21:24.832 23458 23504 D WM-WorkProgressUpdater: Updating progress for bc3fafa7-6986-4604-9dab-69e1176a7d4d (Data {pct : 12, mode : file})
10-01 19:21:24.833 23458 23504 D WM-WorkProgressUpdater: Updating progress for 2c10ae0f-b8bd-4282-b180-9d7a2345d2a3 (Data {pct : 15, mode : file})
10-01 19:21:24.834 23458 23504 I WM-Processor: Moving WorkSpec (bc3fafa7-6986-4604-9dab-69e1176a7d4d) to the foreground
10-01 19:21:24.835 23458 23504 I WM-Processor: Moving WorkSpec (2c10ae0f-b8bd-4282-b180-9d7a2345d2a3) to the foreground
10-01 19:21:24.836 23458 23504 D WM-WorkProgressUpdater: Updating progress for 2c10ae0f-b8bd-4282-b180-9d7a2345d2a3 (Data {pct : 16, mode : file})
10-01 19:21:24.837 23458 23504 I WM-Processor: Moving WorkSpec (2c10ae0f-b8bd-4282-b180-9d7a2345d2a3) to the foreground
10-01 19:21:24.838 23458 23504 D WM-WorkProgressUpdater: Updating progress for 2c10ae0f-b8bd-4282-b180-9d7a2345d2a3 (Data {pct : 18, mode : file})
10-01 19:21:24.840 23458 23504 I WM-Processor: Moving WorkSpec (2c10ae0f-b8bd-4282-b180-9d7a2345d2a3) to the foreground
10-01 19:21:24.841 23458 23504 D WM-WorkProgressUpdater: Updating progress for bc3fafa7-6986-4604-9dab-69e1176a7d4d (Data {pct : 13, mode : file})
10-01 19:21:24.842 23458 23504 D WM-WorkProgressUpdater: Updating progress for 2c10ae0f-b8bd-4282-b180-9d7a2345d2a3 (Data {pct : 20, mode : file})
10-01 19:21:24.843 23458 23504 I WM-Processor: Moving WorkSpec (2c10ae0f-b8bd-4282-b180-9d7a2345d2a3) to the foreground
10-01 19:21:24.845 23458 23504 I WM-Processor: Moving WorkSpec (bc3fafa7-6986-4604-9dab-69e1176a7d4d) to the foreground
10-01 19:21:24.846 23458 23504 D WM-WorkProgressUpdater: Updating progress for bc3fafa7-6986-4604-9dab-69e1176a7d4d (Data {pct : 15, mode : file})
10-01 19:21:24.849 23458 23504 D WM-WorkProgressUpdater: Updating progress for 2c10ae0f-b8bd-4282-b180-9d7a2345d2a3 (Data {pct : 21, mode : file})
10-01 19:21:24.850 23458 23504 I WM-Processor: Moving WorkSpec (2c10ae0f-b8bd-4282-b180-9d7a2345d2a3) to the foreground
10-01 19:21:24.852 23458 23504 I WM-Processor: Moving WorkSpec (bc3fafa7-6986-4604-9dab-69e1176a7d4d) to the foreground
10-01 19:21:24.853 23458 23504 D WM-WorkProgressUpdater: Updating progress for bc3fafa7-6986-4604-9dab-69e1176a7d4d (Data {pct : 16, mode : file})
10-01 19:21:24.854 23458 23504 D WM-WorkProgressUpdater: Updating progress for 2c10ae0f-b8bd-4282-b180-9d7a2345d2a3 (Data {pct : 23, mode : file})
10-01 19:21:24.855 23458 23504 I WM-Processor: Moving WorkSpec (bc3fafa7-6986-4604-9dab-69e1176a7d4d) to the foreground
10-01 19:21:24.856 23458 23504 I WM-Processor: Moving WorkSpec (2c10ae0f-b8bd-4282-b180-9d7a2345d2a3) to the foreground
10-01 19:21:24.857 23458 23504 D WM-WorkProgressUpdater: Updating progress for 2c10ae0f-b8bd-4282-b180-9d7a2345d2a3 (Data {pct : 25, mode : file})
10-01 19:21:24.859 23458 23504 D WM-WorkProgressUpdater: Updating progress for bc3fafa7-6986-4604-9dab-69e1176a7d4d (Data {pct : 17, mode : file})
10-01 19:21:24.860 23458 23504 I WM-Processor: Moving WorkSpec (2c10ae0f-b8bd-4282-b180-9d7a2345d2a3) to the foreground
10-01 19:21:24.861 23458 23504 I WM-Processor: Moving WorkSpec (bc3fafa7-6986-4604-9dab-69e1176a7d4d) to the foreground
10-01 19:21:24.862 23458 23504 D WM-WorkProgressUpdater: Updating progress for 2c10ae0f-b8bd-4282-b180-9d7a2345d2a3 (Data {pct : 26, mode : file})
10-01 19:21:24.863 23458 23504 D WM-WorkProgressUpdater: Updating progress for bc3fafa7-6986-4604-9dab-69e1176a7d4d (Data {pct : 18, mode : file})
10-01 19:21:24.865 23458 23504 I WM-Processor: Moving WorkSpec (2c10ae0f-b8bd-4282-b180-9d7a2345d2a3) to the foreground
10-01 19:21:24.867 23458 23504 I WM-Processor: Moving WorkSpec (bc3fafa7-6986-4604-9dab-69e1176a7d4d) to the foreground
10-01 19:21:24.869 23458 23504 D WM-WorkProgressUpdater: Updating progress for 2c10ae0f-b8bd-4282-b180-9d7a2345d2a3 (Data {pct : 28, mode : file})
10-01 19:21:24.870 23458 23504 I WM-Processor: Moving WorkSpec (2c10ae0f-b8bd-4282-b180-9d7a2345d2a3) to the foreground
10-01 19:21:24.871 23458 23489 D WM-WorkProgressUpdater: Updating progress for bc3fafa7-6986-4604-9dab-69e1176a7d4d (Data {pct : 20, mode : file})
10-01 19:21:24.873 23458 23489 I WM-Processor: Moving WorkSpec (bc3fafa7-6986-4604-9dab-69e1176a7d4d) to the foreground
10-01 19:21:24.875 23458 23489 D WM-WorkProgressUpdater: Updating progress for 2c10ae0f-b8bd-4282-b180-9d7a2345d2a3 (Data {pct : 30, mode : file})
10-01 19:21:24.878 23458 23489 D WM-WorkProgressUpdater: Updating progress for bc3fafa7-6986-4604-9dab-69e1176a7d4d (Data {pct : 21, mode : file})
10-01 19:21:24.879 23458 23489 I WM-Processor: Moving WorkSpec (2c10ae0f-b8bd-4282-b180-9d7a2345d2a3) to the foreground
10-01 19:21:24.881 23458 23489 I WM-Processor: Moving WorkSpec (bc3fafa7-6986-4604-9dab-69e1176a7d4d) to the foreground
10-01 19:21:24.882 23458 23489 D WM-WorkProgressUpdater: Updating progress for 2c10ae0f-b8bd-4282-b180-9d7a2345d2a3 (Data {pct : 31, mode : file})
10-01 19:21:24.883 23458 23489 I WM-Processor: Moving WorkSpec (2c10ae0f-b8bd-4282-b180-9d7a2345d2a3) to the foreground
10-01 19:21:24.884 23458 23489 D WM-WorkProgressUpdater: Updating progress for bc3fafa7-6986-4604-9dab-69e1176a7d4d (Data {pct : 22, mode : file})
10-01 19:21:24.885 23458 23489 I WM-Processor: Moving WorkSpec (bc3fafa7-6986-4604-9dab-69e1176a7d4d) to the foreground
10-01 19:21:24.886 23458 23489 D WM-WorkProgressUpdater: Updating progress for 2c10ae0f-b8bd-4282-b180-9d7a2345d2a3 (Data {pct : 33, mode : file})
10-01 19:21:24.887 23458 23489 I WM-Processor: Moving WorkSpec (2c10ae0f-b8bd-4282-b180-9d7a2345d2a3) to the foreground
10-01 19:21:24.888 23458 23489 D WM-WorkProgressUpdater: Updating progress for bc3fafa7-6986-4604-9dab-69e1176a7d4d (Data {pct : 24, mode : file})
10-01 19:21:24.891 23458 23506 I WM-Processor: Moving WorkSpec (bc3fafa7-6986-4604-9dab-69e1176a7d4d) to the foreground
10-01 19:21:24.893 23458 23506 D WM-WorkProgressUpdater: Updating progress for 2c10ae0f-b8bd-4282-b180-9d7a2345d2a3 (Data {pct : 35, mode : file})
10-01 19:21:24.894 23458 23506 I WM-Processor: Moving WorkSpec (2c10ae0f-b8bd-4282-b180-9d7a2345d2a3) to the foreground
10-01 19:21:24.895 23458 23506 D WM-WorkProgressUpdater: Updating progress for bc3fafa7-6986-4604-9dab-69e1176a7d4d (Data {pct : 25, mode : file})
10-01 19:21:24.896 23458 23506 D WM-WorkProgressUpdater: Updating progress for 2c10ae0f-b8bd-4282-b180-9d7a2345d2a3 (Data {pct : 36, mode : file})
10-01 19:21:24.898 23458 23506 I WM-Processor: Moving WorkSpec (bc3fafa7-6986-4604-9dab-69e1176a7d4d) to the foreground
10-01 19:21:24.899 23458 23506 I WM-Processor: Moving WorkSpec (2c10ae0f-b8bd-4282-b180-9d7a2345d2a3) to the foreground
10-01 19:21:24.900 23458 23506 D WM-WorkProgressUpdater: Updating progress for bc3fafa7-6986-4604-9dab-69e1176a7d4d (Data {pct : 26, mode : file})
10-01 19:21:24.901 23458 23506 D WM-WorkProgressUpdater: Updating progress for 2c10ae0f-b8bd-4282-b180-9d7a2345d2a3 (Data {pct : 38, mode : file})
10-01 19:21:24.902 23458 23506 I WM-Processor: Moving WorkSpec (bc3fafa7-6986-4604-9dab-69e1176a7d4d) to the foreground
10-01 19:21:24.903 23458 23506 I WM-Processor: Moving WorkSpec (2c10ae0f-b8bd-4282-b180-9d7a2345d2a3) to the foreground
10-01 19:21:24.905 23458 23506 D WM-WorkProgressUpdater: Updating progress for 2c10ae0f-b8bd-4282-b180-9d7a2345d2a3 (Data {pct : 40, mode : file})
10-01 19:21:24.905 23458 23506 D WM-WorkProgressUpdater: Updating progress for bc3fafa7-6986-4604-9dab-69e1176a7d4d (Data {pct : 27, mode : file})
10-01 19:21:24.906 23458 23506 I WM-Processor: Moving WorkSpec (2c10ae0f-b8bd-4282-b180-9d7a2345d2a3) to the foreground
10-01 19:21:24.908 23458 23506 I WM-Processor: Moving WorkSpec (bc3fafa7-6986-4604-9dab-69e1176a7d4d) to the foreground
10-01 19:21:24.910 23458 23506 D WM-WorkProgressUpdater: Updating progress for 2c10ae0f-b8bd-4282-b180-9d7a2345d2a3 (Data {pct : 41, mode : file})
10-01 19:21:24.912 23458 23510 I WM-Processor: Moving WorkSpec (2c10ae0f-b8bd-4282-b180-9d7a2345d2a3) to the foreground
10-01 19:21:24.914 23458 23510 D WM-WorkProgressUpdater: Updating progress for bc3fafa7-6986-4604-9dab-69e1176a7d4d (Data {pct : 29, mode : file})
10-01 19:21:24.915 23458 23510 I WM-Processor: Moving WorkSpec (bc3fafa7-6986-4604-9dab-69e1176a7d4d) to the foreground
10-01 19:21:24.917 23458 23510 D WM-WorkProgressUpdater: Updating progress for 2c10ae0f-b8bd-4282-b180-9d7a2345d2a3 (Data {pct : 43, mode : file})
10-01 19:21:24.918 23458 23510 D WM-WorkProgressUpdater: Updating progress for bc3fafa7-6986-4604-9dab-69e1176a7d4d (Data {pct : 30, mode : file})
10-01 19:21:24.920 23458 23510 I WM-Processor: Moving WorkSpec (2c10ae0f-b8bd-4282-b180-9d7a2345d2a3) to the foreground
10-01 19:21:24.922 23458 23510 I WM-Processor: Moving WorkSpec (bc3fafa7-6986-4604-9dab-69e1176a7d4d) to the foreground
10-01 19:21:24.923 23458 23510 D WM-WorkProgressUpdater: Updating progress for bc3fafa7-6986-4604-9dab-69e1176a7d4d (Data {pct : 31, mode : file})
10-01 19:21:24.925 23458 23510 I WM-Processor: Moving WorkSpec (bc3fafa7-6986-4604-9dab-69e1176a7d4d) to the foreground
10-01 19:21:24.926 23458 23510 D WM-WorkProgressUpdater: Updating progress for 2c10ae0f-b8bd-4282-b180-9d7a2345d2a3 (Data {pct : 45, mode : file})
10-01 19:21:24.927 23458 23504 I WM-Processor: Moving WorkSpec (2c10ae0f-b8bd-4282-b180-9d7a2345d2a3) to the foreground
10-01 19:21:24.928 23458 23504 D WM-WorkProgressUpdater: Updating progress for 2c10ae0f-b8bd-4282-b180-9d7a2345d2a3 (Data {pct : 46, mode : file})
10-01 19:21:24.931 23458 23504 D WM-WorkProgressUpdater: Updating progress for bc3fafa7-6986-4604-9dab-69e1176a7d4d (Data {pct : 33, mode : file})
10-01 19:21:24.933 23458 23504 I WM-Processor: Moving WorkSpec (2c10ae0f-b8bd-4282-b180-9d7a2345d2a3) to the foreground
10-01 19:21:24.936 23458 23504 I WM-Processor: Moving WorkSpec (bc3fafa7-6986-4604-9dab-69e1176a7d4d) to the foreground
10-01 19:21:24.937 23458 23504 D WM-WorkProgressUpdater: Updating progress for 2c10ae0f-b8bd-4282-b180-9d7a2345d2a3 (Data {pct : 48, mode : file})
10-01 19:21:24.938 23458 23504 I WM-Processor: Moving WorkSpec (2c10ae0f-b8bd-4282-b180-9d7a2345d2a3) to the foreground
10-01 19:21:24.939 23458 23504 D WM-WorkProgressUpdater: Updating progress for bc3fafa7-6986-4604-9dab-69e1176a7d4d (Data {pct : 34, mode : file})
10-01 19:21:24.941 23458 23504 I WM-Processor: Moving WorkSpec (bc3fafa7-6986-4604-9dab-69e1176a7d4d) to the foreground
10-01 19:21:24.942 23458 23504 D WM-WorkProgressUpdater: Updating progress for 2c10ae0f-b8bd-4282-b180-9d7a2345d2a3 (Data {pct : 50, mode : file})
10-01 19:21:24.944 23458 23504 I WM-Processor: Moving WorkSpec (2c10ae0f-b8bd-4282-b180-9d7a2345d2a3) to the foreground
10-01 19:21:24.945 23458 23504 D WM-WorkProgressUpdater: Updating progress for bc3fafa7-6986-4604-9dab-69e1176a7d4d (Data {pct : 35, mode : file})
10-01 19:21:24.950 23458 23504 I WM-Processor: Moving WorkSpec (bc3fafa7-6986-4604-9dab-69e1176a7d4d) to the foreground
10-01 19:21:24.951 23458 23504 D WM-WorkProgressUpdater: Updating progress for 2c10ae0f-b8bd-4282-b180-9d7a2345d2a3 (Data {pct : 51, mode : file})
10-01 19:21:24.952 23458 23504 I WM-Processor: Moving WorkSpec (2c10ae0f-b8bd-4282-b180-9d7a2345d2a3) to the foreground
10-01 19:21:24.953 23458 23504 D WM-WorkProgressUpdater: Updating progress for 2c10ae0f-b8bd-4282-b180-9d7a2345d2a3 (Data {pct : 53, mode : file})
10-01 19:21:24.954 23458 23504 D WM-WorkProgressUpdater: Updating progress for bc3fafa7-6986-4604-9dab-69e1176a7d4d (Data {pct : 36, mode : file})
10-01 19:21:24.955 23458 23504 I WM-Processor: Moving WorkSpec (2c10ae0f-b8bd-4282-b180-9d7a2345d2a3) to the foreground
10-01 19:21:24.956 23458 23504 I WM-Processor: Moving WorkSpec (bc3fafa7-6986-4604-9dab-69e1176a7d4d) to the foreground
10-01 19:21:24.957 23458 23504 D WM-WorkProgressUpdater: Updating progress for 2c10ae0f-b8bd-4282-b180-9d7a2345d2a3 (Data {pct : 55, mode : file})
10-01 19:21:24.964 23458 23504 I WM-Processor: Moving WorkSpec (2c10ae0f-b8bd-4282-b180-9d7a2345d2a3) to the foreground
10-01 19:21:24.965 23458 23504 D WM-WorkProgressUpdater: Updating progress for bc3fafa7-6986-4604-9dab-69e1176a7d4d (Data {pct : 38, mode : file})
10-01 19:21:24.966 23458 23504 I WM-Processor: Moving WorkSpec (bc3fafa7-6986-4604-9dab-69e1176a7d4d) to the foreground
10-01 19:21:24.968 23458 23504 D WM-WorkProgressUpdater: Updating progress for 2c10ae0f-b8bd-4282-b180-9d7a2345d2a3 (Data {pct : 56, mode : file})
10-01 19:21:24.969 23458 23504 I WM-Processor: Moving WorkSpec (2c10ae0f-b8bd-4282-b180-9d7a2345d2a3) to the foreground
10-01 19:21:24.971 23458 23504 D WM-WorkProgressUpdater: Updating progress for bc3fafa7-6986-4604-9dab-69e1176a7d4d (Data {pct : 39, mode : file})
10-01 19:21:24.972 23458 23504 I WM-Processor: Moving WorkSpec (bc3fafa7-6986-4604-9dab-69e1176a7d4d) to the foreground
10-01 19:21:24.973 23458 23504 D WM-WorkProgressUpdater: Updating progress for 2c10ae0f-b8bd-4282-b180-9d7a2345d2a3 (Data {pct : 58, mode : file})
10-01 19:21:24.974 23458 23504 I WM-Processor: Moving WorkSpec (2c10ae0f-b8bd-4282-b180-9d7a2345d2a3) to the foreground
10-01 19:21:24.975 23458 23504 D WM-WorkProgressUpdater: Updating progress for bc3fafa7-6986-4604-9dab-69e1176a7d4d (Data {pct : 40, mode : file})
10-01 19:21:24.976 23458 23504 D WM-WorkProgressUpdater: Updating progress for 2c10ae0f-b8bd-4282-b180-9d7a2345d2a3 (Data {pct : 60, mode : file})
10-01 19:21:24.977 23458 23504 I WM-Processor: Moving WorkSpec (bc3fafa7-6986-4604-9dab-69e1176a7d4d) to the foreground
10-01 19:21:24.979 23458 23504 I WM-Processor: Moving WorkSpec (2c10ae0f-b8bd-4282-b180-9d7a2345d2a3) to the foreground
10-01 19:21:24.980 23458 23504 D WM-WorkProgressUpdater: Updating progress for bc3fafa7-6986-4604-9dab-69e1176a7d4d (Data {pct : 42, mode : file})
10-01 19:21:24.981 23458 23504 D WM-WorkProgressUpdater: Updating progress for 2c10ae0f-b8bd-4282-b180-9d7a2345d2a3 (Data {pct : 61, mode : file})
10-01 19:21:24.983 23458 23504 I WM-Processor: Moving WorkSpec (bc3fafa7-6986-4604-9dab-69e1176a7d4d) to the foreground
10-01 19:21:24.984 23458 23504 I WM-Processor: Moving WorkSpec (2c10ae0f-b8bd-4282-b180-9d7a2345d2a3) to the foreground
10-01 19:21:24.985 23458 23504 D WM-WorkProgressUpdater: Updating progress for bc3fafa7-6986-4604-9dab-69e1176a7d4d (Data {pct : 43, mode : file})
10-01 19:21:24.986 23458 23504 I WM-Processor: Moving WorkSpec (bc3fafa7-6986-4604-9dab-69e1176a7d4d) to the foreground
10-01 19:21:24.987 23458 23504 D WM-WorkProgressUpdater: Updating progress for 2c10ae0f-b8bd-4282-b180-9d7a2345d2a3 (Data {pct : 63, mode : file})
10-01 19:21:24.988 23458 23504 I WM-Processor: Moving WorkSpec (2c10ae0f-b8bd-4282-b180-9d7a2345d2a3) to the foreground
10-01 19:21:24.989 23458 23504 D WM-WorkProgressUpdater: Updating progress for bc3fafa7-6986-4604-9dab-69e1176a7d4d (Data {pct : 44, mode : file})
10-01 19:21:24.991 23458 23504 I WM-Processor: Moving WorkSpec (bc3fafa7-6986-4604-9dab-69e1176a7d4d) to the foreground
10-01 19:21:24.992 23458 23504 D WM-WorkProgressUpdater: Updating progress for 2c10ae0f-b8bd-4282-b180-9d7a2345d2a3 (Data {pct : 65, mode : file})
10-01 19:21:24.993 23458 23504 I WM-Processor: Moving WorkSpec (2c10ae0f-b8bd-4282-b180-9d7a2345d2a3) to the foreground
10-01 19:21:24.995 23458 23504 D WM-WorkProgressUpdater: Updating progress for bc3fafa7-6986-4604-9dab-69e1176a7d4d (Data {pct : 45, mode : file})
10-01 19:21:24.996 23458 23504 I WM-Processor: Moving WorkSpec (bc3fafa7-6986-4604-9dab-69e1176a7d4d) to the foreground
10-01 19:21:25.003 23458 23504 D WM-WorkProgressUpdater: Updating progress for 2c10ae0f-b8bd-4282-b180-9d7a2345d2a3 (Data {pct : 66, mode : file})
10-01 19:21:25.005 23458 23504 I WM-Processor: Moving WorkSpec (2c10ae0f-b8bd-4282-b180-9d7a2345d2a3) to the foreground
10-01 19:21:25.006 23458 23504 D WM-WorkProgressUpdater: Updating progress for 2c10ae0f-b8bd-4282-b180-9d7a2345d2a3 (Data {pct : 68, mode : file})
10-01 19:21:25.007 23458 23510 I WM-Processor: Moving WorkSpec (2c10ae0f-b8bd-4282-b180-9d7a2345d2a3) to the foreground
10-01 19:21:25.009 23458 23510 D WM-WorkProgressUpdater: Updating progress for 2c10ae0f-b8bd-4282-b180-9d7a2345d2a3 (Data {pct : 70, mode : file})
10-01 19:21:25.011 23458 23510 I WM-Processor: Moving WorkSpec (2c10ae0f-b8bd-4282-b180-9d7a2345d2a3) to the foreground
10-01 19:21:25.011 23458 23510 D WM-WorkProgressUpdater: Updating progress for 2c10ae0f-b8bd-4282-b180-9d7a2345d2a3 (Data {pct : 71, mode : file})
10-01 19:21:25.013 23458 23510 I WM-Processor: Moving WorkSpec (2c10ae0f-b8bd-4282-b180-9d7a2345d2a3) to the foreground
10-01 19:21:25.014 23458 23510 D WM-WorkProgressUpdater: Updating progress for 2c10ae0f-b8bd-4282-b180-9d7a2345d2a3 (Data {pct : 73, mode : file})
10-01 19:21:25.015 23458 23510 I WM-Processor: Moving WorkSpec (2c10ae0f-b8bd-4282-b180-9d7a2345d2a3) to the foreground
10-01 19:21:25.015 23458 23510 D WM-WorkProgressUpdater: Updating progress for 2c10ae0f-b8bd-4282-b180-9d7a2345d2a3 (Data {pct : 75, mode : file})
10-01 19:21:25.017 23458 23510 I WM-Processor: Moving WorkSpec (2c10ae0f-b8bd-4282-b180-9d7a2345d2a3) to the foreground
10-01 19:21:25.018 23458 23510 D WM-WorkProgressUpdater: Updating progress for 2c10ae0f-b8bd-4282-b180-9d7a2345d2a3 (Data {pct : 76, mode : file})
10-01 19:21:25.019 23458 23510 I WM-Processor: Moving WorkSpec (2c10ae0f-b8bd-4282-b180-9d7a2345d2a3) to the foreground
10-01 19:21:25.020 23458 23510 D WM-WorkProgressUpdater: Updating progress for 2c10ae0f-b8bd-4282-b180-9d7a2345d2a3 (Data {pct : 78, mode : file})
10-01 19:21:25.021 23458 23510 I WM-Processor: Moving WorkSpec (2c10ae0f-b8bd-4282-b180-9d7a2345d2a3) to the foreground
10-01 19:21:25.022 23458 23506 D WM-WorkProgressUpdater: Updating progress for 2c10ae0f-b8bd-4282-b180-9d7a2345d2a3 (Data {pct : 80, mode : file})
10-01 19:21:25.024 23458 23506 I WM-Processor: Moving WorkSpec (2c10ae0f-b8bd-4282-b180-9d7a2345d2a3) to the foreground
10-01 19:21:25.025 23458 23506 D WM-WorkProgressUpdater: Updating progress for 2c10ae0f-b8bd-4282-b180-9d7a2345d2a3 (Data {pct : 81, mode : file})
10-01 19:21:25.026 23458 23506 D WM-WorkProgressUpdater: Updating progress for bc3fafa7-6986-4604-9dab-69e1176a7d4d (Data {pct : 47, mode : file})
10-01 19:21:25.027 23458 23506 I WM-Processor: Moving WorkSpec (2c10ae0f-b8bd-4282-b180-9d7a2345d2a3) to the foreground
10-01 19:21:25.028 23458 23506 I WM-Processor: Moving WorkSpec (bc3fafa7-6986-4604-9dab-69e1176a7d4d) to the foreground
10-01 19:21:25.029 23458 23506 D WM-WorkProgressUpdater: Updating progress for 2c10ae0f-b8bd-4282-b180-9d7a2345d2a3 (Data {pct : 83, mode : file})
10-01 19:21:25.031 23458 23506 I WM-Processor: Moving WorkSpec (2c10ae0f-b8bd-4282-b180-9d7a2345d2a3) to the foreground
10-01 19:21:25.031 23458 23506 D WM-WorkProgressUpdater: Updating progress for bc3fafa7-6986-4604-9dab-69e1176a7d4d (Data {pct : 48, mode : file})
10-01 19:21:25.036 23458 23510 I WM-Processor: Moving WorkSpec (bc3fafa7-6986-4604-9dab-69e1176a7d4d) to the foreground
10-01 19:21:25.038 23458 23510 D WM-WorkProgressUpdater: Updating progress for 2c10ae0f-b8bd-4282-b180-9d7a2345d2a3 (Data {pct : 85, mode : file})
10-01 19:21:25.039 23458 23510 D WM-WorkProgressUpdater: Updating progress for bc3fafa7-6986-4604-9dab-69e1176a7d4d (Data {pct : 49, mode : file})
10-01 19:21:25.041 23458 23510 I WM-Processor: Moving WorkSpec (2c10ae0f-b8bd-4282-b180-9d7a2345d2a3) to the foreground
10-01 19:21:25.042 23458 23510 I WM-Processor: Moving WorkSpec (bc3fafa7-6986-4604-9dab-69e1176a7d4d) to the foreground
10-01 19:21:25.048 23458 23510 D WM-WorkProgressUpdater: Updating progress for 2c10ae0f-b8bd-4282-b180-9d7a2345d2a3 (Data {pct : 86, mode : file})
10-01 19:21:25.051 23458 23510 D WM-WorkProgressUpdater: Updating progress for bc3fafa7-6986-4604-9dab-69e1176a7d4d (Data {pct : 51, mode : file})
10-01 19:21:25.053 23458 23510 I WM-Processor: Moving WorkSpec (2c10ae0f-b8bd-4282-b180-9d7a2345d2a3) to the foreground
10-01 19:21:25.055 23458 23504 I WM-Processor: Moving WorkSpec (bc3fafa7-6986-4604-9dab-69e1176a7d4d) to the foreground
10-01 19:21:25.057 23458 23504 D WM-WorkProgressUpdater: Updating progress for 2c10ae0f-b8bd-4282-b180-9d7a2345d2a3 (Data {pct : 88, mode : file})
10-01 19:21:25.059 23458 23506 I WM-Processor: Moving WorkSpec (2c10ae0f-b8bd-4282-b180-9d7a2345d2a3) to the foreground
10-01 19:21:25.060 23458 23506 D WM-WorkProgressUpdater: Updating progress for bc3fafa7-6986-4604-9dab-69e1176a7d4d (Data {pct : 52, mode : file})
10-01 19:21:25.061 23458 23506 I WM-Processor: Moving WorkSpec (bc3fafa7-6986-4604-9dab-69e1176a7d4d) to the foreground
10-01 19:21:25.062 23458 23506 D WM-WorkProgressUpdater: Updating progress for 2c10ae0f-b8bd-4282-b180-9d7a2345d2a3 (Data {pct : 90, mode : file})
10-01 19:21:25.063 23458 23506 D WM-WorkProgressUpdater: Updating progress for bc3fafa7-6986-4604-9dab-69e1176a7d4d (Data {pct : 53, mode : file})
10-01 19:21:25.064 23458 23506 I WM-Processor: Moving WorkSpec (2c10ae0f-b8bd-4282-b180-9d7a2345d2a3) to the foreground
10-01 19:21:25.065 23458 23506 I WM-Processor: Moving WorkSpec (bc3fafa7-6986-4604-9dab-69e1176a7d4d) to the foreground
10-01 19:21:25.066 23458 23506 D WM-WorkProgressUpdater: Updating progress for bc3fafa7-6986-4604-9dab-69e1176a7d4d (Data {pct : 54, mode : file})
10-01 19:21:25.067 23458 23506 I WM-Processor: Moving WorkSpec (bc3fafa7-6986-4604-9dab-69e1176a7d4d) to the foreground
10-01 19:21:25.068 23458 23506 D WM-WorkProgressUpdater: Updating progress for bc3fafa7-6986-4604-9dab-69e1176a7d4d (Data {pct : 56, mode : file})
10-01 19:21:25.069 23458 23506 I WM-Processor: Moving WorkSpec (bc3fafa7-6986-4604-9dab-69e1176a7d4d) to the foreground
10-01 19:21:25.070 23458 23506 D WM-WorkProgressUpdater: Updating progress for bc3fafa7-6986-4604-9dab-69e1176a7d4d (Data {pct : 57, mode : file})
10-01 19:21:25.071 23458 23506 I WM-Processor: Moving WorkSpec (bc3fafa7-6986-4604-9dab-69e1176a7d4d) to the foreground
10-01 19:21:25.072 23458 23506 D WM-WorkProgressUpdater: Updating progress for bc3fafa7-6986-4604-9dab-69e1176a7d4d (Data {pct : 58, mode : file})
10-01 19:21:25.073 23458 23506 I WM-Processor: Moving WorkSpec (bc3fafa7-6986-4604-9dab-69e1176a7d4d) to the foreground
10-01 19:21:25.075 23458 23506 D WM-WorkProgressUpdater: Updating progress for bc3fafa7-6986-4604-9dab-69e1176a7d4d (Data {pct : 60, mode : file})
10-01 19:21:25.076 23458 23506 I WM-Processor: Moving WorkSpec (bc3fafa7-6986-4604-9dab-69e1176a7d4d) to the foreground
10-01 19:21:25.077 23458 23506 D WM-WorkProgressUpdater: Updating progress for bc3fafa7-6986-4604-9dab-69e1176a7d4d (Data {pct : 61, mode : file})
10-01 19:21:25.079 23458 23506 I WM-Processor: Moving WorkSpec (bc3fafa7-6986-4604-9dab-69e1176a7d4d) to the foreground
10-01 19:21:25.079 23458 23506 D WM-WorkProgressUpdater: Updating progress for bc3fafa7-6986-4604-9dab-69e1176a7d4d (Data {pct : 62, mode : file})
10-01 19:21:25.081 23458 23506 I WM-Processor: Moving WorkSpec (bc3fafa7-6986-4604-9dab-69e1176a7d4d) to the foreground
10-01 19:21:25.082 23458 23506 D WM-WorkProgressUpdater: Updating progress for bc3fafa7-6986-4604-9dab-69e1176a7d4d (Data {pct : 63, mode : file})
10-01 19:21:25.083 23458 23506 I WM-Processor: Moving WorkSpec (bc3fafa7-6986-4604-9dab-69e1176a7d4d) to the foreground
10-01 19:21:25.084 23458 23506 D WM-WorkProgressUpdater: Updating progress for bc3fafa7-6986-4604-9dab-69e1176a7d4d (Data {pct : 65, mode : file})
10-01 19:21:25.085 23458 23506 I WM-Processor: Moving WorkSpec (bc3fafa7-6986-4604-9dab-69e1176a7d4d) to the foreground
10-01 19:21:25.086 23458 23506 D WM-WorkProgressUpdater: Updating progress for bc3fafa7-6986-4604-9dab-69e1176a7d4d (Data {pct : 66, mode : file})
10-01 19:21:25.087 23458 23506 I WM-Processor: Moving WorkSpec (bc3fafa7-6986-4604-9dab-69e1176a7d4d) to the foreground
10-01 19:21:25.088 23458 23506 D WM-WorkProgressUpdater: Updating progress for bc3fafa7-6986-4604-9dab-69e1176a7d4d (Data {pct : 67, mode : file})
10-01 19:21:25.089 23458 23506 I WM-Processor: Moving WorkSpec (bc3fafa7-6986-4604-9dab-69e1176a7d4d) to the foreground
10-01 19:21:25.090 23458 23506 D WM-WorkProgressUpdater: Updating progress for bc3fafa7-6986-4604-9dab-69e1176a7d4d (Data {pct : 68, mode : file})
10-01 19:21:25.091 23458 23506 I WM-Processor: Moving WorkSpec (bc3fafa7-6986-4604-9dab-69e1176a7d4d) to the foreground
10-01 19:21:25.092 23458 23506 D WM-WorkProgressUpdater: Updating progress for bc3fafa7-6986-4604-9dab-69e1176a7d4d (Data {pct : 70, mode : file})
10-01 19:21:25.093 23458 23506 I WM-Processor: Moving WorkSpec (bc3fafa7-6986-4604-9dab-69e1176a7d4d) to the foreground
10-01 19:21:25.094 23458 23506 D WM-WorkProgressUpdater: Updating progress for bc3fafa7-6986-4604-9dab-69e1176a7d4d (Data {pct : 71, mode : file})
10-01 19:21:25.095 23458 23506 I WM-Processor: Moving WorkSpec (bc3fafa7-6986-4604-9dab-69e1176a7d4d) to the foreground
10-01 19:21:25.096 23458 23506 D WM-WorkProgressUpdater: Updating progress for bc3fafa7-6986-4604-9dab-69e1176a7d4d (Data {pct : 72, mode : file})
10-01 19:21:25.098 23458 23506 I WM-Processor: Moving WorkSpec (bc3fafa7-6986-4604-9dab-69e1176a7d4d) to the foreground
10-01 19:21:25.098 23458 23506 D WM-WorkProgressUpdater: Updating progress for bc3fafa7-6986-4604-9dab-69e1176a7d4d (Data {pct : 74, mode : file})
10-01 19:21:25.103 23458 23506 I WM-Processor: Moving WorkSpec (bc3fafa7-6986-4604-9dab-69e1176a7d4d) to the foreground
10-01 19:21:25.104 23458 23506 D WM-WorkProgressUpdater: Updating progress for bc3fafa7-6986-4604-9dab-69e1176a7d4d (Data {pct : 75, mode : file})
10-01 19:21:25.106 23458 23506 I WM-Processor: Moving WorkSpec (bc3fafa7-6986-4604-9dab-69e1176a7d4d) to the foreground
10-01 19:21:25.106 23458 23506 D WM-WorkProgressUpdater: Updating progress for bc3fafa7-6986-4604-9dab-69e1176a7d4d (Data {pct : 76, mode : file})
10-01 19:21:25.108 23458 23504 I WM-Processor: Moving WorkSpec (bc3fafa7-6986-4604-9dab-69e1176a7d4d) to the foreground
10-01 19:21:25.109 23458 23504 D WM-WorkProgressUpdater: Updating progress for bc3fafa7-6986-4604-9dab-69e1176a7d4d (Data {pct : 77, mode : file})
10-01 19:21:25.111 23458 23504 I WM-Processor: Moving WorkSpec (bc3fafa7-6986-4604-9dab-69e1176a7d4d) to the foreground
10-01 19:21:25.111 23458 23504 D WM-WorkProgressUpdater: Updating progress for bc3fafa7-6986-4604-9dab-69e1176a7d4d (Data {pct : 79, mode : file})
10-01 19:21:25.113 23458 23504 I WM-Processor: Moving WorkSpec (bc3fafa7-6986-4604-9dab-69e1176a7d4d) to the foreground
10-01 19:21:25.114 23458 23504 D WM-WorkProgressUpdater: Updating progress for bc3fafa7-6986-4604-9dab-69e1176a7d4d (Data {pct : 80, mode : file})
10-01 19:21:25.115 23458 23504 I WM-Processor: Moving WorkSpec (bc3fafa7-6986-4604-9dab-69e1176a7d4d) to the foreground
10-01 19:21:25.116 23458 23504 D WM-WorkProgressUpdater: Updating progress for bc3fafa7-6986-4604-9dab-69e1176a7d4d (Data {pct : 81, mode : file})
10-01 19:21:25.119 23458 23504 I WM-Processor: Moving WorkSpec (bc3fafa7-6986-4604-9dab-69e1176a7d4d) to the foreground
10-01 19:21:25.120 23458 23504 D WM-WorkProgressUpdater: Updating progress for bc3fafa7-6986-4604-9dab-69e1176a7d4d (Data {pct : 83, mode : file})
10-01 19:21:25.122 23458 23510 I WM-Processor: Moving WorkSpec (bc3fafa7-6986-4604-9dab-69e1176a7d4d) to the foreground
10-01 19:21:25.123 23458 23510 D WM-WorkProgressUpdater: Updating progress for bc3fafa7-6986-4604-9dab-69e1176a7d4d (Data {pct : 84, mode : file})
10-01 19:21:25.124 23458 23510 I WM-Processor: Moving WorkSpec (bc3fafa7-6986-4604-9dab-69e1176a7d4d) to the foreground
10-01 19:21:25.125 23458 23510 D WM-WorkProgressUpdater: Updating progress for bc3fafa7-6986-4604-9dab-69e1176a7d4d (Data {pct : 85, mode : file})
10-01 19:21:25.126 23458 23510 I WM-Processor: Moving WorkSpec (bc3fafa7-6986-4604-9dab-69e1176a7d4d) to the foreground
10-01 19:21:25.127 23458 23510 D WM-WorkProgressUpdater: Updating progress for bc3fafa7-6986-4604-9dab-69e1176a7d4d (Data {pct : 86, mode : file})
10-01 19:21:25.128 23458 23510 I WM-Processor: Moving WorkSpec (bc3fafa7-6986-4604-9dab-69e1176a7d4d) to the foreground
10-01 19:21:25.129 23458 23510 D WM-WorkProgressUpdater: Updating progress for bc3fafa7-6986-4604-9dab-69e1176a7d4d (Data {pct : 88, mode : file})
10-01 19:21:25.130 23458 23510 I WM-Processor: Moving WorkSpec (bc3fafa7-6986-4604-9dab-69e1176a7d4d) to the foreground
10-01 19:21:25.131 23458 23510 D WM-WorkProgressUpdater: Updating progress for bc3fafa7-6986-4604-9dab-69e1176a7d4d (Data {pct : 89, mode : file})
10-01 19:21:25.132 23458 23510 I WM-Processor: Moving WorkSpec (bc3fafa7-6986-4604-9dab-69e1176a7d4d) to the foreground
10-01 19:21:25.133 23458 23510 D WM-WorkProgressUpdater: Updating progress for bc3fafa7-6986-4604-9dab-69e1176a7d4d (Data {pct : 90, mode : file})
10-01 19:21:25.134 23458 23510 I WM-Processor: Moving WorkSpec (bc3fafa7-6986-4604-9dab-69e1176a7d4d) to the foreground
10-01 19:21:25.409 23458 23506 D WM-WorkProgressUpdater: Updating progress for b27c5fae-c0ba-49e5-82de-b7ac2d0db139 (Data {pct : 95, mode : file})
10-01 19:21:25.409 23458 24529 D GitHubUploader: uploadStream: done url=https://github.com/ishizuki-tech/SurveyExports/blob/main/diagnostics/crash/2026-10-02/prevlog_20261001_234201_pid12170.log sha=195cb64dbb2b57e20ba33a343f22e9e7925f6607
10-01 19:21:25.411 23458 23506 I WM-Processor: Moving WorkSpec (b27c5fae-c0ba-49e5-82de-b7ac2d0db139) to the foreground
10-01 19:21:25.414 23458 23506 I WM-Processor: Moving WorkSpec (b27c5fae-c0ba-49e5-82de-b7ac2d0db139) to the foreground
10-01 19:21:25.417 23458 23510 I WM-WorkerWrapper: Worker result SUCCESS for Work [ id=b27c5fae-c0ba-49e5-82de-b7ac2d0db139, tags={ com.negi.survey.net.GitHubUploadWorker,github_upload,github_upload:crash:diagnostics_crash_prevlog_20261001_234201_pid12170.log_38afa6f } ]
10-01 19:21:25.418 23458 23458 D WM-Processor: Processor b27c5fae-c0ba-49e5-82de-b7ac2d0db139 executed; reschedule = false
10-01 19:21:25.418 23458 23458 D WM-GreedyScheduler: Stopping tracking for WorkGenerationalId(workSpecId=b27c5fae-c0ba-49e5-82de-b7ac2d0db139, generation=0)
10-01 19:21:25.418 23458 23458 D WM-SystemJobService: b27c5fae-c0ba-49e5-82de-b7ac2d0db139 executed on JobScheduler
10-01 19:21:25.420 23458 23510 D WM-GreedyScheduler: Cancelling work ID b27c5fae-c0ba-49e5-82de-b7ac2d0db139
10-01 19:21:26.073 23458 23504 D WM-WorkProgressUpdater: Updating progress for 2c10ae0f-b8bd-4282-b180-9d7a2345d2a3 (Data {pct : 95, mode : file})
10-01 19:21:26.073 23458 23487 D GitHubUploader: uploadStream: done url=https://github.com/ishizuki-tech/SurveyExports/blob/main/diagnostics/crash/2026-10-02/prevlog_20261002_002002_pid23458.log sha=fd9deff69cde5e6dc4e609f7b9f262644a743a3a
10-01 19:21:26.074 23458 23504 I WM-Processor: Moving WorkSpec (2c10ae0f-b8bd-4282-b180-9d7a2345d2a3) to the foreground
10-01 19:21:26.076 23458 23504 I WM-Processor: Moving WorkSpec (2c10ae0f-b8bd-4282-b180-9d7a2345d2a3) to the foreground
10-01 19:21:26.078 23458 23504 I WM-WorkerWrapper: Worker result SUCCESS for Work [ id=2c10ae0f-b8bd-4282-b180-9d7a2345d2a3, tags={ com.negi.survey.net.GitHubUploadWorker,github_upload,github_upload:crash:diagnostics_crash_prevlog_20261002_002002_pid23458.log_3c5f305d } ]
10-01 19:21:26.079 23458 23458 D WM-Processor: Processor 2c10ae0f-b8bd-4282-b180-9d7a2345d2a3 executed; reschedule = false
10-01 19:21:26.079 23458 23458 D WM-GreedyScheduler: Stopping tracking for WorkGenerationalId(workSpecId=2c10ae0f-b8bd-4282-b180-9d7a2345d2a3, generation=0)
10-01 19:21:26.079 23458 23458 D WM-SystemJobService: 2c10ae0f-b8bd-4282-b180-9d7a2345d2a3 executed on JobScheduler
10-01 19:21:26.081 23458 23504 D WM-GreedyScheduler: Cancelling work ID 2c10ae0f-b8bd-4282-b180-9d7a2345d2a3
10-01 19:21:26.509 23458 23458 W JobService: onNetworkChanged() not implemented in androidx.work.impl.background.systemjob.SystemJobService. Must override in a subclass.
10-01 19:21:26.528 23458 23511 D WM-WorkConstraintsTrack: NetworkRequestConstraintController onCapabilitiesChanged callback
10-01 19:21:26.643 23458 24529 W github_upload: doFileUpload: upload failed for /data/user/0/com.negi.survey/files/pending_uploads/logcat_2026-10-01_19-15-48_pid12514_2e0dfdba.log.gz
10-01 19:21:26.643 23458 24529 W github_upload: java.io.FileNotFoundException: /data/user/0/com.negi.survey/files/pending_uploads/logcat_2026-10-01_19-15-48_pid12514_2e0dfdba.log.gz: open failed: ENOENT (No such file or directory)
10-01 19:21:26.643 23458 24529 W github_upload: 	at libcore.io.IoBridge.open(IoBridge.java:574)
10-01 19:21:26.643 23458 24529 W github_upload: 	at java.io.FileInputStream.<init>(FileInputStream.java:179)
10-01 19:21:26.643 23458 24529 W github_upload: 	at com.negi.survey.net.GitHubUploader.uploadFile$lambda$5(GitHubUploader.kt:316)
10-01 19:21:26.643 23458 24529 W github_upload: 	at com.negi.survey.net.GitHubUploader$$ExternalSyntheticLambda1.invoke(D8$$SyntheticClass:0)
10-01 19:21:26.643 23458 24529 W github_upload: 	at com.negi.survey.net.GitHubUploader.putContents$lambda$3(GitHubUploader.kt:561)
10-01 19:21:26.643 23458 24529 W github_upload: 	at com.negi.survey.net.GitHubUploader$$ExternalSyntheticLambda0.invoke(D8$$SyntheticClass:0)
10-01 19:21:26.643 23458 24529 W github_upload: 	at com.negi.survey.net.GitHubUploader.executeWithRetry(GitHubUploader.kt:663)
10-01 19:21:26.643 23458 24529 W github_upload: 	at com.negi.survey.net.GitHubUploader.access$executeWithRetry(GitHubUploader.kt:51)
10-01 19:21:26.643 23458 24529 W github_upload: 	at com.negi.survey.net.GitHubUploader$executeWithRetry$1.invokeSuspend(Unknown Source:22)
10-01 19:21:26.643 23458 24529 W github_upload: 	at kotlin.coroutines.jvm.internal.BaseContinuationImpl.resumeWith(ContinuationImpl.kt:34)
10-01 19:21:26.643 23458 24529 W github_upload: 	at kotlinx.coroutines.DispatchedTask.run(DispatchedTask.kt:100)
10-01 19:21:26.643 23458 24529 W github_upload: 	at kotlinx.coroutines.internal.LimitedDispatcher$Worker.run(LimitedDispatcher.kt:124)
10-01 19:21:26.643 23458 24529 W github_upload: 	at kotlinx.coroutines.scheduling.TaskImpl.run(Tasks.kt:89)
10-01 19:21:26.643 23458 24529 W github_upload: 	at kotlinx.coroutines.scheduling.CoroutineScheduler.runSafely(CoroutineScheduler.kt:586)
10-01 19:21:26.643 23458 24529 W github_upload: 	at kotlinx.coroutines.scheduling.CoroutineScheduler$Worker.executeTask(CoroutineScheduler.kt:798)
10-01 19:21:26.643 23458 24529 W github_upload: 	at kotlinx.coroutines.scheduling.CoroutineScheduler$Worker.runWorker(CoroutineScheduler.kt:717)
10-01 19:21:26.643 23458 24529 W github_upload: 	at kotlinx.coroutines.scheduling.CoroutineScheduler$Worker.run(CoroutineScheduler.kt:704)
10-01 19:21:26.643 23458 24529 W github_upload: 	Suppressed: java.net.ProtocolException: unexpected end of stream
10-01 19:21:26.643 23458 24529 W github_upload: 		at com.android.okhttp.internal.http.Http1xStream$FixedLengthSink.close(Http1xStream.java:302)
10-01 19:21:26.643 23458 24529 W github_upload: 		at com.android.okhttp.okio.RealBufferedSink.close(RealBufferedSink.java:242)
10-01 19:21:26.643 23458 24529 W github_upload: 		at com.android.okhttp.okio.RealBufferedSink$1.close(RealBufferedSink.java:210)
10-01 19:21:26.643 23458 24529 W github_upload: 		at kotlin.io.CloseableKt.closeFinally(Closeable.kt:50)
10-01 19:21:26.643 23458 24529 W github_upload: 		at com.negi.survey.net.GitHubUploader.putContents$lambda$3(GitHubUploader.kt:553)
10-01 19:21:26.643 23458 24529 W github_upload: 		... 12 more
10-01 19:21:26.643 23458 24529 W github_upload: Caused by: android.system.ErrnoException: open failed: ENOENT (No such file or directory)
10-01 19:21:26.643 23458 24529 W github_upload: 	at libcore.io.Linux.open(Native Method)
10-01 19:21:26.643 23458 24529 W github_upload: 	at libcore.io.ForwardingOs.open(ForwardingOs.java:574)
10-01 19:21:26.643 23458 24529 W github_upload: 	at libcore.io.BlockGuardOs.open(BlockGuardOs.java:274)
10-01 19:21:26.643 23458 24529 W github_upload: 	at libcore.io.ForwardingOs.open(ForwardingOs.java:574)
10-01 19:21:26.643 23458 24529 W github_upload: 	at android.app.AndroidForwardingOs.open(AndroidForwardingOs.java:120)
10-01 19:21:26.643 23458 24529 W github_upload: 	at libcore.io.IoBridge.open(IoBridge.java:560)
10-01 19:21:26.643 23458 24529 W github_upload: 	... 16 more
10-01 19:21:26.646 23458 23489 I WM-Processor: Moving WorkSpec (a25fb0c1-58af-4c13-9b2b-1363736f33de) to the foreground
10-01 19:21:26.651 23458 23489 I WM-WorkerWrapper: Worker result RETRY for Work [ id=a25fb0c1-58af-4c13-9b2b-1363736f33de, tags={ com.negi.survey.net.GitHubUploadWorker,github_upload,github_upload:file:diagnostics_logcat_logcat_2026-10-01_19-15-48_pid12514_2e0dfdba.log.gz } ]
10-01 19:21:26.655 23458 23458 D WM-Processor: Processor a25fb0c1-58af-4c13-9b2b-1363736f33de executed; reschedule = true
10-01 19:21:26.655 23458 23458 D WM-GreedyScheduler: Stopping tracking for WorkGenerationalId(workSpecId=a25fb0c1-58af-4c13-9b2b-1363736f33de, generation=0)
10-01 19:21:26.656 23458 23458 D WM-SystemJobService: a25fb0c1-58af-4c13-9b2b-1363736f33de executed on JobScheduler
10-01 19:21:26.680 23458 23489 D WM-GreedyScheduler: Cancelling work ID a25fb0c1-58af-4c13-9b2b-1363736f33de
10-01 19:21:26.685 23458 23489 D WM-SystemJobScheduler: Scheduling work ID a25fb0c1-58af-4c13-9b2b-1363736f33deJob ID 78
10-01 19:21:26.694 23458 23458 D WM-SystemJobService: onStartJob for WorkGenerationalId(workSpecId=61987175-d848-4fee-a061-c0c4fdd52174, generation=0)
10-01 19:21:26.695 23458 23458 D WM-SystemJobService: onStartJob for WorkGenerationalId(workSpecId=6e664794-a0a2-456d-afb3-f82796dcea40, generation=0)
10-01 19:21:26.697 23458 23489 D WM-Processor: Work WorkGenerationalId(workSpecId=61987175-d848-4fee-a061-c0c4fdd52174, generation=0) is already enqueued for processing
10-01 19:21:26.698 23458 23489 D WM-Processor: Work WorkGenerationalId(workSpecId=6e664794-a0a2-456d-afb3-f82796dcea40, generation=0) is already enqueued for processing
10-01 19:21:27.033 23458 23510 D WM-WorkProgressUpdater: Updating progress for 2216fb38-0115-4954-a525-dbe51aa02df9 (Data {pct : 50, mode : file})
10-01 19:21:27.043 23458 23506 I WM-Processor: Moving WorkSpec (2216fb38-0115-4954-a525-dbe51aa02df9) to the foreground
10-01 19:21:27.045 23458 24532 D GitHubUploader: uploadStream: done url=https://github.com/ishizuki-tech/SurveyExports/blob/main/diagnostics/crash/2026-10-02/prevlog_20261001_234627_pid12514.log sha=8e42e43b8ac92e16c43cb9db8c81417c1d9f41d2
10-01 19:21:27.049 23458 23504 D WM-WorkProgressUpdater: Updating progress for 2216fb38-0115-4954-a525-dbe51aa02df9 (Data {pct : 90, mode : file})
10-01 19:21:27.053 23458 23504 I WM-Processor: Moving WorkSpec (2216fb38-0115-4954-a525-dbe51aa02df9) to the foreground
10-01 19:21:27.055 23458 23504 D WM-WorkProgressUpdater: Updating progress for ed300a10-cbd0-40c2-b06c-13380aae609c (Data {pct : 95, mode : file})
10-01 19:21:27.059 23458 23504 I WM-Processor: Moving WorkSpec (ed300a10-cbd0-40c2-b06c-13380aae609c) to the foreground
10-01 19:21:27.064 23458 23504 I WM-Processor: Moving WorkSpec (ed300a10-cbd0-40c2-b06c-13380aae609c) to the foreground
10-01 19:21:27.070 23458 23504 I WM-WorkerWrapper: Worker result SUCCESS for Work [ id=ed300a10-cbd0-40c2-b06c-13380aae609c, tags={ com.negi.survey.net.GitHubUploadWorker,github_upload,github_upload:crash:diagnostics_crash_prevlog_20261001_234627_pid12514.log_52503775 } ]
10-01 19:21:27.074 23458 23458 D WM-Processor: Processor ed300a10-cbd0-40c2-b06c-13380aae609c executed; reschedule = false
10-01 19:21:27.074 23458 23458 D WM-GreedyScheduler: Stopping tracking for WorkGenerationalId(workSpecId=ed300a10-cbd0-40c2-b06c-13380aae609c, generation=0)
10-01 19:21:27.075 23458 23458 D WM-SystemJobService: ed300a10-cbd0-40c2-b06c-13380aae609c executed on JobScheduler
10-01 19:21:27.081 23458 23504 D WM-GreedyScheduler: Cancelling work ID ed300a10-cbd0-40c2-b06c-13380aae609c
10-01 19:21:27.128 23458 24509 W GitHubUploader: uploadStream: 409 Conflict; refreshing SHA and retrying once.
10-01 19:21:27.218 23458 23485 W GitHubUploader: uploadStream: 409 Conflict; refreshing SHA and retrying once.
10-01 19:21:27.268 23458 23489 D WM-WorkProgressUpdater: Updating progress for e07d24f4-2fd0-48ca-b3af-8270c7bcdc2c (Data {pct : 85, mode : file})
10-01 19:21:27.271 23458 23489 I WM-Processor: Moving WorkSpec (e07d24f4-2fd0-48ca-b3af-8270c7bcdc2c) to the foreground
10-01 19:21:27.275 23458 23489 D WM-WorkProgressUpdater: Updating progress for e07d24f4-2fd0-48ca-b3af-8270c7bcdc2c (Data {pct : 90, mode : file})
10-01 19:21:27.277 23458 23489 I WM-Processor: Moving WorkSpec (e07d24f4-2fd0-48ca-b3af-8270c7bcdc2c) to the foreground
10-01 19:21:27.815 23458 23504 D WM-WorkProgressUpdater: Updating progress for 47ab36b0-01fb-4043-abcf-d30ba342cbec (Data {pct : 10, mode : file})
10-01 19:21:27.818 23458 23504 I WM-Processor: Moving WorkSpec (47ab36b0-01fb-4043-abcf-d30ba342cbec) to the foreground
10-01 19:21:27.820 23458 23504 D WM-WorkProgressUpdater: Updating progress for 47ab36b0-01fb-4043-abcf-d30ba342cbec (Data {pct : 11, mode : file})
10-01 19:21:27.822 23458 23504 I WM-Processor: Moving WorkSpec (47ab36b0-01fb-4043-abcf-d30ba342cbec) to the foreground
10-01 19:21:27.823 23458 23504 D WM-WorkProgressUpdater: Updating progress for 47ab36b0-01fb-4043-abcf-d30ba342cbec (Data {pct : 12, mode : file})
10-01 19:21:27.826 23458 23504 I WM-Processor: Moving WorkSpec (47ab36b0-01fb-4043-abcf-d30ba342cbec) to the foreground
10-01 19:21:27.827 23458 23504 D WM-WorkProgressUpdater: Updating progress for 47ab36b0-01fb-4043-abcf-d30ba342cbec (Data {pct : 13, mode : file})
10-01 19:21:27.829 23458 23504 I WM-Processor: Moving WorkSpec (47ab36b0-01fb-4043-abcf-d30ba342cbec) to the foreground
10-01 19:21:27.830 23458 23504 D WM-WorkProgressUpdater: Updating progress for 47ab36b0-01fb-4043-abcf-d30ba342cbec (Data {pct : 14, mode : file})
10-01 19:21:27.832 23458 23489 I WM-Processor: Moving WorkSpec (47ab36b0-01fb-4043-abcf-d30ba342cbec) to the foreground
10-01 19:21:27.833 23458 23489 D WM-WorkProgressUpdater: Updating progress for 47ab36b0-01fb-4043-abcf-d30ba342cbec (Data {pct : 15, mode : file})
10-01 19:21:27.835 23458 23489 I WM-Processor: Moving WorkSpec (47ab36b0-01fb-4043-abcf-d30ba342cbec) to the foreground
10-01 19:21:27.836 23458 23489 D WM-WorkProgressUpdater: Updating progress for 47ab36b0-01fb-4043-abcf-d30ba342cbec (Data {pct : 16, mode : file})
10-01 19:21:27.838 23458 23489 I WM-Processor: Moving WorkSpec (47ab36b0-01fb-4043-abcf-d30ba342cbec) to the foreground
10-01 19:21:27.840 23458 23489 D WM-WorkProgressUpdater: Updating progress for 47ab36b0-01fb-4043-abcf-d30ba342cbec (Data {pct : 17, mode : file})
10-01 19:21:27.842 23458 23489 I WM-Processor: Moving WorkSpec (47ab36b0-01fb-4043-abcf-d30ba342cbec) to the foreground
10-01 19:21:27.844 23458 23489 D WM-WorkProgressUpdater: Updating progress for 47ab36b0-01fb-4043-abcf-d30ba342cbec (Data {pct : 18, mode : file})
10-01 19:21:27.846 23458 23489 I WM-Processor: Moving WorkSpec (47ab36b0-01fb-4043-abcf-d30ba342cbec) to the foreground
10-01 19:21:27.847 23458 23489 D WM-WorkProgressUpdater: Updating progress for 47ab36b0-01fb-4043-abcf-d30ba342cbec (Data {pct : 19, mode : file})
10-01 19:21:27.849 23458 23489 I WM-Processor: Moving WorkSpec (47ab36b0-01fb-4043-abcf-d30ba342cbec) to the foreground
10-01 19:21:27.851 23458 23489 D WM-WorkProgressUpdater: Updating progress for 47ab36b0-01fb-4043-abcf-d30ba342cbec (Data {pct : 20, mode : file})
10-01 19:21:27.853 23458 23489 I WM-Processor: Moving WorkSpec (47ab36b0-01fb-4043-abcf-d30ba342cbec) to the foreground
10-01 19:21:27.854 23458 23489 D WM-WorkProgressUpdater: Updating progress for 47ab36b0-01fb-4043-abcf-d30ba342cbec (Data {pct : 21, mode : file})
10-01 19:21:27.856 23458 23489 I WM-Processor: Moving WorkSpec (47ab36b0-01fb-4043-abcf-d30ba342cbec) to the foreground
10-01 19:21:27.857 23458 23489 D WM-WorkProgressUpdater: Updating progress for 47ab36b0-01fb-4043-abcf-d30ba342cbec (Data {pct : 22, mode : file})
10-01 19:21:27.858 23458 23489 I WM-Processor: Moving WorkSpec (47ab36b0-01fb-4043-abcf-d30ba342cbec) to the foreground
10-01 19:21:27.862 23458 23489 D WM-WorkProgressUpdater: Updating progress for 47ab36b0-01fb-4043-abcf-d30ba342cbec (Data {pct : 23, mode : file})
10-01 19:21:27.864 23458 23489 I WM-Processor: Moving WorkSpec (47ab36b0-01fb-4043-abcf-d30ba342cbec) to the foreground
10-01 19:21:27.865 23458 23489 D WM-WorkProgressUpdater: Updating progress for 47ab36b0-01fb-4043-abcf-d30ba342cbec (Data {pct : 24, mode : file})
10-01 19:21:27.873 23458 23489 I WM-Processor: Moving WorkSpec (47ab36b0-01fb-4043-abcf-d30ba342cbec) to the foreground
10-01 19:21:27.877 23458 23489 D WM-WorkProgressUpdater: Updating progress for 47ab36b0-01fb-4043-abcf-d30ba342cbec (Data {pct : 25, mode : file})
10-01 19:21:27.880 23458 23489 I WM-Processor: Moving WorkSpec (47ab36b0-01fb-4043-abcf-d30ba342cbec) to the foreground
10-01 19:21:27.882 23458 23489 D WM-WorkProgressUpdater: Updating progress for 47ab36b0-01fb-4043-abcf-d30ba342cbec (Data {pct : 26, mode : file})
10-01 19:21:27.883 23458 23489 I WM-Processor: Moving WorkSpec (47ab36b0-01fb-4043-abcf-d30ba342cbec) to the foreground
10-01 19:21:27.884 23458 23489 D WM-WorkProgressUpdater: Updating progress for 47ab36b0-01fb-4043-abcf-d30ba342cbec (Data {pct : 27, mode : file})
10-01 19:21:27.886 23458 23489 I WM-Processor: Moving WorkSpec (47ab36b0-01fb-4043-abcf-d30ba342cbec) to the foreground
10-01 19:21:27.887 23458 23489 D WM-WorkProgressUpdater: Updating progress for 47ab36b0-01fb-4043-abcf-d30ba342cbec (Data {pct : 28, mode : file})
10-01 19:21:27.888 23458 23489 I WM-Processor: Moving WorkSpec (47ab36b0-01fb-4043-abcf-d30ba342cbec) to the foreground
10-01 19:21:27.889 23458 23504 D WM-WorkProgressUpdater: Updating progress for 47ab36b0-01fb-4043-abcf-d30ba342cbec (Data {pct : 29, mode : file})
10-01 19:21:27.891 23458 23504 I WM-Processor: Moving WorkSpec (47ab36b0-01fb-4043-abcf-d30ba342cbec) to the foreground
10-01 19:21:27.892 23458 23504 D WM-WorkProgressUpdater: Updating progress for 47ab36b0-01fb-4043-abcf-d30ba342cbec (Data {pct : 30, mode : file})
10-01 19:21:27.894 23458 23504 I WM-Processor: Moving WorkSpec (47ab36b0-01fb-4043-abcf-d30ba342cbec) to the foreground
10-01 19:21:27.895 23458 23504 D WM-WorkProgressUpdater: Updating progress for 47ab36b0-01fb-4043-abcf-d30ba342cbec (Data {pct : 31, mode : file})
10-01 19:21:27.896 23458 23504 I WM-Processor: Moving WorkSpec (47ab36b0-01fb-4043-abcf-d30ba342cbec) to the foreground
10-01 19:21:27.900 23458 23504 D WM-WorkProgressUpdater: Updating progress for 47ab36b0-01fb-4043-abcf-d30ba342cbec (Data {pct : 32, mode : file})
10-01 19:21:27.901 23458 23504 I WM-Processor: Moving WorkSpec (47ab36b0-01fb-4043-abcf-d30ba342cbec) to the foreground
10-01 19:21:27.906 23458 23504 D WM-WorkProgressUpdater: Updating progress for 47ab36b0-01fb-4043-abcf-d30ba342cbec (Data {pct : 33, mode : file})
10-01 19:21:27.907 23458 23504 I WM-Processor: Moving WorkSpec (47ab36b0-01fb-4043-abcf-d30ba342cbec) to the foreground
10-01 19:21:27.909 23458 23504 D WM-WorkProgressUpdater: Updating progress for 47ab36b0-01fb-4043-abcf-d30ba342cbec (Data {pct : 34, mode : file})
10-01 19:21:27.910 23458 23504 I WM-Processor: Moving WorkSpec (47ab36b0-01fb-4043-abcf-d30ba342cbec) to the foreground
10-01 19:21:27.913 23458 23504 D WM-WorkProgressUpdater: Updating progress for 47ab36b0-01fb-4043-abcf-d30ba342cbec (Data {pct : 35, mode : file})
10-01 19:21:27.914 23458 23504 I WM-Processor: Moving WorkSpec (47ab36b0-01fb-4043-abcf-d30ba342cbec) to the foreground
10-01 19:21:27.916 23458 23504 D WM-WorkProgressUpdater: Updating progress for 47ab36b0-01fb-4043-abcf-d30ba342cbec (Data {pct : 36, mode : file})
10-01 19:21:27.917 23458 23504 I WM-Processor: Moving WorkSpec (47ab36b0-01fb-4043-abcf-d30ba342cbec) to the foreground
10-01 19:21:27.919 23458 23504 D WM-WorkProgressUpdater: Updating progress for 47ab36b0-01fb-4043-abcf-d30ba342cbec (Data {pct : 37, mode : file})
10-01 19:21:27.921 23458 23504 I WM-Processor: Moving WorkSpec (47ab36b0-01fb-4043-abcf-d30ba342cbec) to the foreground
10-01 19:21:27.922 23458 23504 D WM-WorkProgressUpdater: Updating progress for 47ab36b0-01fb-4043-abcf-d30ba342cbec (Data {pct : 38, mode : file})
10-01 19:21:27.923 23458 23504 I WM-Processor: Moving WorkSpec (47ab36b0-01fb-4043-abcf-d30ba342cbec) to the foreground
10-01 19:21:27.924 23458 23504 D WM-WorkProgressUpdater: Updating progress for 47ab36b0-01fb-4043-abcf-d30ba342cbec (Data {pct : 39, mode : file})
10-01 19:21:27.926 23458 23504 I WM-Processor: Moving WorkSpec (47ab36b0-01fb-4043-abcf-d30ba342cbec) to the foreground
10-01 19:21:27.928 23458 23504 D WM-WorkProgressUpdater: Updating progress for 47ab36b0-01fb-4043-abcf-d30ba342cbec (Data {pct : 40, mode : file})
10-01 19:21:27.929 23458 23504 I WM-Processor: Moving WorkSpec (47ab36b0-01fb-4043-abcf-d30ba342cbec) to the foreground
10-01 19:21:27.932 23458 23504 D WM-WorkProgressUpdater: Updating progress for 47ab36b0-01fb-4043-abcf-d30ba342cbec (Data {pct : 41, mode : file})
10-01 19:21:27.933 23458 23504 I WM-Processor: Moving WorkSpec (47ab36b0-01fb-4043-abcf-d30ba342cbec) to the foreground
10-01 19:21:27.934 23458 23504 D WM-WorkProgressUpdater: Updating progress for 47ab36b0-01fb-4043-abcf-d30ba342cbec (Data {pct : 42, mode : file})
10-01 19:21:27.935 23458 23504 I WM-Processor: Moving WorkSpec (47ab36b0-01fb-4043-abcf-d30ba342cbec) to the foreground
10-01 19:21:27.936 23458 23504 D WM-WorkProgressUpdater: Updating progress for 47ab36b0-01fb-4043-abcf-d30ba342cbec (Data {pct : 43, mode : file})
10-01 19:21:27.937 23458 23504 I WM-Processor: Moving WorkSpec (47ab36b0-01fb-4043-abcf-d30ba342cbec) to the foreground
10-01 19:21:27.961 23458 23504 D WM-WorkProgressUpdater: Updating progress for 47ab36b0-01fb-4043-abcf-d30ba342cbec (Data {pct : 44, mode : file})
10-01 19:21:27.963 23458 23504 I WM-Processor: Moving WorkSpec (47ab36b0-01fb-4043-abcf-d30ba342cbec) to the foreground
10-01 19:21:27.966 23458 23504 D WM-WorkProgressUpdater: Updating progress for 47ab36b0-01fb-4043-abcf-d30ba342cbec (Data {pct : 45, mode : file})
10-01 19:21:27.968 23458 23504 I WM-Processor: Moving WorkSpec (47ab36b0-01fb-4043-abcf-d30ba342cbec) to the foreground
10-01 19:21:27.969 23458 23504 D WM-WorkProgressUpdater: Updating progress for 47ab36b0-01fb-4043-abcf-d30ba342cbec (Data {pct : 46, mode : file})
10-01 19:21:27.971 23458 23504 I WM-Processor: Moving WorkSpec (47ab36b0-01fb-4043-abcf-d30ba342cbec) to the foreground
10-01 19:21:27.972 23458 23504 D WM-WorkProgressUpdater: Updating progress for 47ab36b0-01fb-4043-abcf-d30ba342cbec (Data {pct : 47, mode : file})
10-01 19:21:27.973 23458 23504 I WM-Processor: Moving WorkSpec (47ab36b0-01fb-4043-abcf-d30ba342cbec) to the foreground
10-01 19:21:27.974 23458 23504 D WM-WorkProgressUpdater: Updating progress for 47ab36b0-01fb-4043-abcf-d30ba342cbec (Data {pct : 48, mode : file})
10-01 19:21:27.975 23458 23504 I WM-Processor: Moving WorkSpec (47ab36b0-01fb-4043-abcf-d30ba342cbec) to the foreground
10-01 19:21:27.977 23458 23504 D WM-WorkProgressUpdater: Updating progress for 47ab36b0-01fb-4043-abcf-d30ba342cbec (Data {pct : 49, mode : file})
10-01 19:21:27.978 23458 23504 I WM-Processor: Moving WorkSpec (47ab36b0-01fb-4043-abcf-d30ba342cbec) to the foreground
10-01 19:21:27.979 23458 23504 D WM-WorkProgressUpdater: Updating progress for 47ab36b0-01fb-4043-abcf-d30ba342cbec (Data {pct : 50, mode : file})
10-01 19:21:27.980 23458 23504 I WM-Processor: Moving WorkSpec (47ab36b0-01fb-4043-abcf-d30ba342cbec) to the foreground
10-01 19:21:27.988 23458 23504 D WM-WorkProgressUpdater: Updating progress for 47ab36b0-01fb-4043-abcf-d30ba342cbec (Data {pct : 51, mode : file})
10-01 19:21:27.989 23458 23504 I WM-Processor: Moving WorkSpec (47ab36b0-01fb-4043-abcf-d30ba342cbec) to the foreground
10-01 19:21:27.991 23458 23504 D WM-WorkProgressUpdater: Updating progress for 47ab36b0-01fb-4043-abcf-d30ba342cbec (Data {pct : 52, mode : file})
10-01 19:21:27.992 23458 23504 I WM-Processor: Moving WorkSpec (47ab36b0-01fb-4043-abcf-d30ba342cbec) to the foreground
10-01 19:21:27.993 23458 23504 D WM-WorkProgressUpdater: Updating progress for 47ab36b0-01fb-4043-abcf-d30ba342cbec (Data {pct : 53, mode : file})
10-01 19:21:27.994 23458 23504 I WM-Processor: Moving WorkSpec (47ab36b0-01fb-4043-abcf-d30ba342cbec) to the foreground
10-01 19:21:27.995 23458 23504 D WM-WorkProgressUpdater: Updating progress for 47ab36b0-01fb-4043-abcf-d30ba342cbec (Data {pct : 54, mode : file})
10-01 19:21:27.996 23458 23504 I WM-Processor: Moving WorkSpec (47ab36b0-01fb-4043-abcf-d30ba342cbec) to the foreground
10-01 19:21:27.997 23458 23504 D WM-WorkProgressUpdater: Updating progress for 47ab36b0-01fb-4043-abcf-d30ba342cbec (Data {pct : 55, mode : file})
10-01 19:21:27.998 23458 23504 I WM-Processor: Moving WorkSpec (47ab36b0-01fb-4043-abcf-d30ba342cbec) to the foreground
10-01 19:21:27.999 23458 23504 D WM-WorkProgressUpdater: Updating progress for 47ab36b0-01fb-4043-abcf-d30ba342cbec (Data {pct : 56, mode : file})
10-01 19:21:28.001 23458 23504 I WM-Processor: Moving WorkSpec (47ab36b0-01fb-4043-abcf-d30ba342cbec) to the foreground
10-01 19:21:28.003 23458 23510 D WM-WorkProgressUpdater: Updating progress for 47ab36b0-01fb-4043-abcf-d30ba342cbec (Data {pct : 57, mode : file})
10-01 19:21:28.005 23458 23510 I WM-Processor: Moving WorkSpec (47ab36b0-01fb-4043-abcf-d30ba342cbec) to the foreground
10-01 19:21:28.006 23458 23510 D WM-WorkProgressUpdater: Updating progress for 47ab36b0-01fb-4043-abcf-d30ba342cbec (Data {pct : 58, mode : file})
10-01 19:21:28.007 23458 23510 I WM-Processor: Moving WorkSpec (47ab36b0-01fb-4043-abcf-d30ba342cbec) to the foreground
10-01 19:21:28.008 23458 23510 D WM-WorkProgressUpdater: Updating progress for 47ab36b0-01fb-4043-abcf-d30ba342cbec (Data {pct : 59, mode : file})
10-01 19:21:28.009 23458 23510 I WM-Processor: Moving WorkSpec (47ab36b0-01fb-4043-abcf-d30ba342cbec) to the foreground
10-01 19:21:28.010 23458 23510 D WM-WorkProgressUpdater: Updating progress for 47ab36b0-01fb-4043-abcf-d30ba342cbec (Data {pct : 60, mode : file})
10-01 19:21:28.012 23458 23510 I WM-Processor: Moving WorkSpec (47ab36b0-01fb-4043-abcf-d30ba342cbec) to the foreground
10-01 19:21:28.013 23458 23510 D WM-WorkProgressUpdater: Updating progress for 47ab36b0-01fb-4043-abcf-d30ba342cbec (Data {pct : 61, mode : file})
10-01 19:21:28.014 23458 23510 I WM-Processor: Moving WorkSpec (47ab36b0-01fb-4043-abcf-d30ba342cbec) to the foreground
10-01 19:21:28.015 23458 23506 D WM-WorkProgressUpdater: Updating progress for 47ab36b0-01fb-4043-abcf-d30ba342cbec (Data {pct : 62, mode : file})
10-01 19:21:28.017 23458 23506 I WM-Processor: Moving WorkSpec (47ab36b0-01fb-4043-abcf-d30ba342cbec) to the foreground
10-01 19:21:28.019 23458 23506 D WM-WorkProgressUpdater: Updating progress for 47ab36b0-01fb-4043-abcf-d30ba342cbec (Data {pct : 63, mode : file})
10-01 19:21:28.020 23458 23506 I WM-Processor: Moving WorkSpec (47ab36b0-01fb-4043-abcf-d30ba342cbec) to the foreground
10-01 19:21:28.021 23458 23506 D WM-WorkProgressUpdater: Updating progress for 47ab36b0-01fb-4043-abcf-d30ba342cbec (Data {pct : 64, mode : file})
10-01 19:21:28.022 23458 23506 I WM-Processor: Moving WorkSpec (47ab36b0-01fb-4043-abcf-d30ba342cbec) to the foreground
10-01 19:21:28.023 23458 23506 D WM-WorkProgressUpdater: Updating progress for 47ab36b0-01fb-4043-abcf-d30ba342cbec (Data {pct : 65, mode : file})
10-01 19:21:28.024 23458 23506 I WM-Processor: Moving WorkSpec (47ab36b0-01fb-4043-abcf-d30ba342cbec) to the foreground
10-01 19:21:28.025 23458 23506 D WM-WorkProgressUpdater: Updating progress for 47ab36b0-01fb-4043-abcf-d30ba342cbec (Data {pct : 66, mode : file})
10-01 19:21:28.026 23458 23506 I WM-Processor: Moving WorkSpec (47ab36b0-01fb-4043-abcf-d30ba342cbec) to the foreground
10-01 19:21:28.027 23458 23506 D WM-WorkProgressUpdater: Updating progress for 47ab36b0-01fb-4043-abcf-d30ba342cbec (Data {pct : 67, mode : file})
10-01 19:21:28.029 23458 23504 I WM-Processor: Moving WorkSpec (47ab36b0-01fb-4043-abcf-d30ba342cbec) to the foreground
10-01 19:21:28.030 23458 23504 D WM-WorkProgressUpdater: Updating progress for 47ab36b0-01fb-4043-abcf-d30ba342cbec (Data {pct : 68, mode : file})
10-01 19:21:28.031 23458 23504 I WM-Processor: Moving WorkSpec (47ab36b0-01fb-4043-abcf-d30ba342cbec) to the foreground
10-01 19:21:28.032 23458 23504 D WM-WorkProgressUpdater: Updating progress for 47ab36b0-01fb-4043-abcf-d30ba342cbec (Data {pct : 69, mode : file})
10-01 19:21:28.033 23458 23504 I WM-Processor: Moving WorkSpec (47ab36b0-01fb-4043-abcf-d30ba342cbec) to the foreground
10-01 19:21:28.034 23458 23504 D WM-WorkProgressUpdater: Updating progress for 47ab36b0-01fb-4043-abcf-d30ba342cbec (Data {pct : 70, mode : file})
10-01 19:21:28.036 23458 23504 I WM-Processor: Moving WorkSpec (47ab36b0-01fb-4043-abcf-d30ba342cbec) to the foreground
10-01 19:21:28.037 23458 23504 D WM-WorkProgressUpdater: Updating progress for 47ab36b0-01fb-4043-abcf-d30ba342cbec (Data {pct : 71, mode : file})
10-01 19:21:28.038 23458 23504 I WM-Processor: Moving WorkSpec (47ab36b0-01fb-4043-abcf-d30ba342cbec) to the foreground
10-01 19:21:28.039 23458 23504 D WM-WorkProgressUpdater: Updating progress for 47ab36b0-01fb-4043-abcf-d30ba342cbec (Data {pct : 72, mode : file})
10-01 19:21:28.040 23458 23504 I WM-Processor: Moving WorkSpec (47ab36b0-01fb-4043-abcf-d30ba342cbec) to the foreground
10-01 19:21:28.041 23458 23504 D WM-WorkProgressUpdater: Updating progress for 47ab36b0-01fb-4043-abcf-d30ba342cbec (Data {pct : 73, mode : file})
10-01 19:21:28.042 23458 23504 I WM-Processor: Moving WorkSpec (47ab36b0-01fb-4043-abcf-d30ba342cbec) to the foreground
10-01 19:21:28.043 23458 23504 D WM-WorkProgressUpdater: Updating progress for 47ab36b0-01fb-4043-abcf-d30ba342cbec (Data {pct : 74, mode : file})
10-01 19:21:28.046 23458 23504 I WM-Processor: Moving WorkSpec (47ab36b0-01fb-4043-abcf-d30ba342cbec) to the foreground
10-01 19:21:28.047 23458 23504 D WM-WorkProgressUpdater: Updating progress for 47ab36b0-01fb-4043-abcf-d30ba342cbec (Data {pct : 75, mode : file})
10-01 19:21:28.048 23458 23504 I WM-Processor: Moving WorkSpec (47ab36b0-01fb-4043-abcf-d30ba342cbec) to the foreground
10-01 19:21:28.049 23458 23504 D WM-WorkProgressUpdater: Updating progress for 47ab36b0-01fb-4043-abcf-d30ba342cbec (Data {pct : 76, mode : file})
10-01 19:21:28.051 23458 23504 I WM-Processor: Moving WorkSpec (47ab36b0-01fb-4043-abcf-d30ba342cbec) to the foreground
10-01 19:21:28.052 23458 23504 D WM-WorkProgressUpdater: Updating progress for 47ab36b0-01fb-4043-abcf-d30ba342cbec (Data {pct : 77, mode : file})
10-01 19:21:28.053 23458 23504 I WM-Processor: Moving WorkSpec (47ab36b0-01fb-4043-abcf-d30ba342cbec) to the foreground
10-01 19:21:28.054 23458 23504 D WM-WorkProgressUpdater: Updating progress for 47ab36b0-01fb-4043-abcf-d30ba342cbec (Data {pct : 78, mode : file})
10-01 19:21:28.056 23458 23504 I WM-Processor: Moving WorkSpec (47ab36b0-01fb-4043-abcf-d30ba342cbec) to the foreground
10-01 19:21:28.060 23458 23504 D WM-WorkProgressUpdater: Updating progress for 47ab36b0-01fb-4043-abcf-d30ba342cbec (Data {pct : 79, mode : file})
10-01 19:21:28.062 23458 23504 I WM-Processor: Moving WorkSpec (47ab36b0-01fb-4043-abcf-d30ba342cbec) to the foreground
10-01 19:21:28.064 23458 23504 D WM-WorkProgressUpdater: Updating progress for 47ab36b0-01fb-4043-abcf-d30ba342cbec (Data {pct : 80, mode : file})
10-01 19:21:28.065 23458 23504 I WM-Processor: Moving WorkSpec (47ab36b0-01fb-4043-abcf-d30ba342cbec) to the foreground
10-01 19:21:28.067 23458 23504 D WM-WorkProgressUpdater: Updating progress for 47ab36b0-01fb-4043-abcf-d30ba342cbec (Data {pct : 81, mode : file})
10-01 19:21:28.068 23458 23504 I WM-Processor: Moving WorkSpec (47ab36b0-01fb-4043-abcf-d30ba342cbec) to the foreground
10-01 19:21:28.070 23458 23504 D WM-WorkProgressUpdater: Updating progress for 47ab36b0-01fb-4043-abcf-d30ba342cbec (Data {pct : 82, mode : file})
10-01 19:21:28.071 23458 23504 I WM-Processor: Moving WorkSpec (47ab36b0-01fb-4043-abcf-d30ba342cbec) to the foreground
10-01 19:21:28.072 23458 23504 D WM-WorkProgressUpdater: Updating progress for 47ab36b0-01fb-4043-abcf-d30ba342cbec (Data {pct : 83, mode : file})
10-01 19:21:28.074 23458 23504 I WM-Processor: Moving WorkSpec (47ab36b0-01fb-4043-abcf-d30ba342cbec) to the foreground
10-01 19:21:28.075 23458 23504 D WM-WorkProgressUpdater: Updating progress for 47ab36b0-01fb-4043-abcf-d30ba342cbec (Data {pct : 84, mode : file})
10-01 19:21:28.076 23458 23504 I WM-Processor: Moving WorkSpec (47ab36b0-01fb-4043-abcf-d30ba342cbec) to the foreground
10-01 19:21:28.077 23458 23504 D WM-WorkProgressUpdater: Updating progress for 47ab36b0-01fb-4043-abcf-d30ba342cbec (Data {pct : 85, mode : file})
10-01 19:21:28.078 23458 23504 I WM-Processor: Moving WorkSpec (47ab36b0-01fb-4043-abcf-d30ba342cbec) to the foreground
10-01 19:21:28.080 23458 23504 D WM-WorkProgressUpdater: Updating progress for 47ab36b0-01fb-4043-abcf-d30ba342cbec (Data {pct : 86, mode : file})
10-01 19:21:28.082 23458 23504 I WM-Processor: Moving WorkSpec (47ab36b0-01fb-4043-abcf-d30ba342cbec) to the foreground
10-01 19:21:28.083 23458 23504 D WM-WorkProgressUpdater: Updating progress for 47ab36b0-01fb-4043-abcf-d30ba342cbec (Data {pct : 87, mode : file})
10-01 19:21:28.084 23458 23504 I WM-Processor: Moving WorkSpec (47ab36b0-01fb-4043-abcf-d30ba342cbec) to the foreground
10-01 19:21:28.085 23458 23504 D WM-WorkProgressUpdater: Updating progress for 47ab36b0-01fb-4043-abcf-d30ba342cbec (Data {pct : 88, mode : file})
10-01 19:21:28.086 23458 23504 I WM-Processor: Moving WorkSpec (47ab36b0-01fb-4043-abcf-d30ba342cbec) to the foreground
10-01 19:21:28.086 23458 24529 D GitHubUploader: uploadStream: done url=https://github.com/ishizuki-tech/SurveyExports/blob/main/diagnostics/crash/2026-10-02/ring_store/20261002_002003_pid23458_u127742/seg_00.log sha=8a29810d02e0bb1283480cee6f84ebf5263a3678
10-01 19:21:28.092 23458 23504 D WM-WorkProgressUpdater: Updating progress for 47ab36b0-01fb-4043-abcf-d30ba342cbec (Data {pct : 89, mode : file})
10-01 19:21:28.093 23458 23504 I WM-Processor: Moving WorkSpec (47ab36b0-01fb-4043-abcf-d30ba342cbec) to the foreground
10-01 19:21:28.095 23458 23504 D WM-WorkProgressUpdater: Updating progress for 47ab36b0-01fb-4043-abcf-d30ba342cbec (Data {pct : 90, mode : file})
10-01 19:21:28.096 23458 23504 I WM-Processor: Moving WorkSpec (47ab36b0-01fb-4043-abcf-d30ba342cbec) to the foreground
10-01 19:21:28.098 23458 23504 D WM-WorkProgressUpdater: Updating progress for 2216fb38-0115-4954-a525-dbe51aa02df9 (Data {pct : 95, mode : file})
10-01 19:21:28.099 23458 23504 I WM-Processor: Moving WorkSpec (2216fb38-0115-4954-a525-dbe51aa02df9) to the foreground
10-01 19:21:28.101 23458 23504 I WM-Processor: Moving WorkSpec (2216fb38-0115-4954-a525-dbe51aa02df9) to the foreground
10-01 19:21:28.104 23458 23504 I WM-WorkerWrapper: Worker result SUCCESS for Work [ id=2216fb38-0115-4954-a525-dbe51aa02df9, tags={ com.negi.survey.net.GitHubUploadWorker,github_upload,github_upload:ring:diagnostics_crash_ring_store_20261002_002003_pid23458_u127742_seg_00.log_f297777b } ]
10-01 19:21:28.105 23458 23458 D WM-Processor: Processor 2216fb38-0115-4954-a525-dbe51aa02df9 executed; reschedule = false
10-01 19:21:28.105 23458 23458 D WM-GreedyScheduler: Stopping tracking for WorkGenerationalId(workSpecId=2216fb38-0115-4954-a525-dbe51aa02df9, generation=0)
10-01 19:21:28.105 23458 23458 D WM-SystemJobService: 2216fb38-0115-4954-a525-dbe51aa02df9 executed on JobScheduler
10-01 19:21:28.107 23458 23504 D WM-GreedyScheduler: Cancelling work ID 2216fb38-0115-4954-a525-dbe51aa02df9
10-01 19:21:28.229 23458 24533 W GitHubUploader: uploadStream: 409 Conflict; refreshing SHA and retrying once.
10-01 19:21:28.249 23458 23489 D WM-WorkProgressUpdater: Updating progress for bc3fafa7-6986-4604-9dab-69e1176a7d4d (Data {pct : 11, mode : file})
10-01 19:21:28.251 23458 23489 I WM-Processor: Moving WorkSpec (bc3fafa7-6986-4604-9dab-69e1176a7d4d) to the foreground
10-01 19:21:28.254 23458 23489 D WM-WorkProgressUpdater: Updating progress for bc3fafa7-6986-4604-9dab-69e1176a7d4d (Data {pct : 12, mode : file})
10-01 19:21:28.256 23458 23489 I WM-Processor: Moving WorkSpec (bc3fafa7-6986-4604-9dab-69e1176a7d4d) to the foreground
10-01 19:21:28.263 23458 23506 D WM-WorkProgressUpdater: Updating progress for bc3fafa7-6986-4604-9dab-69e1176a7d4d (Data {pct : 13, mode : file})
10-01 19:21:28.266 23458 23506 I WM-Processor: Moving WorkSpec (bc3fafa7-6986-4604-9dab-69e1176a7d4d) to the foreground
10-01 19:21:28.268 23458 23506 D WM-WorkProgressUpdater: Updating progress for bc3fafa7-6986-4604-9dab-69e1176a7d4d (Data {pct : 15, mode : file})
10-01 19:21:28.270 23458 23506 I WM-Processor: Moving WorkSpec (bc3fafa7-6986-4604-9dab-69e1176a7d4d) to the foreground
10-01 19:21:28.271 23458 23506 D WM-WorkProgressUpdater: Updating progress for bc3fafa7-6986-4604-9dab-69e1176a7d4d (Data {pct : 16, mode : file})
10-01 19:21:28.273 23458 23506 I WM-Processor: Moving WorkSpec (bc3fafa7-6986-4604-9dab-69e1176a7d4d) to the foreground
10-01 19:21:28.275 23458 23504 D WM-WorkProgressUpdater: Updating progress for bc3fafa7-6986-4604-9dab-69e1176a7d4d (Data {pct : 17, mode : file})
10-01 19:21:28.276 23458 23504 I WM-Processor: Moving WorkSpec (bc3fafa7-6986-4604-9dab-69e1176a7d4d) to the foreground
10-01 19:21:28.278 23458 23504 D WM-WorkProgressUpdater: Updating progress for bc3fafa7-6986-4604-9dab-69e1176a7d4d (Data {pct : 18, mode : file})
10-01 19:21:28.280 23458 23504 I WM-Processor: Moving WorkSpec (bc3fafa7-6986-4604-9dab-69e1176a7d4d) to the foreground
10-01 19:21:28.282 23458 23504 D WM-WorkProgressUpdater: Updating progress for bc3fafa7-6986-4604-9dab-69e1176a7d4d (Data {pct : 20, mode : file})
10-01 19:21:28.284 23458 23504 I WM-Processor: Moving WorkSpec (bc3fafa7-6986-4604-9dab-69e1176a7d4d) to the foreground
10-01 19:21:28.288 23458 23506 D WM-WorkProgressUpdater: Updating progress for bc3fafa7-6986-4604-9dab-69e1176a7d4d (Data {pct : 21, mode : file})
10-01 19:21:28.293 23458 23506 I WM-Processor: Moving WorkSpec (bc3fafa7-6986-4604-9dab-69e1176a7d4d) to the foreground
10-01 19:21:28.294 23458 23489 D WM-WorkProgressUpdater: Updating progress for bc3fafa7-6986-4604-9dab-69e1176a7d4d (Data {pct : 22, mode : file})
10-01 19:21:28.295 23458 23489 I WM-Processor: Moving WorkSpec (bc3fafa7-6986-4604-9dab-69e1176a7d4d) to the foreground
10-01 19:21:28.297 23458 23489 D WM-WorkProgressUpdater: Updating progress for bc3fafa7-6986-4604-9dab-69e1176a7d4d (Data {pct : 24, mode : file})
10-01 19:21:28.298 23458 23489 I WM-Processor: Moving WorkSpec (bc3fafa7-6986-4604-9dab-69e1176a7d4d) to the foreground
10-01 19:21:28.299 23458 23489 D WM-WorkProgressUpdater: Updating progress for bc3fafa7-6986-4604-9dab-69e1176a7d4d (Data {pct : 25, mode : file})
10-01 19:21:28.301 23458 23489 I WM-Processor: Moving WorkSpec (bc3fafa7-6986-4604-9dab-69e1176a7d4d) to the foreground
10-01 19:21:28.302 23458 23489 D WM-WorkProgressUpdater: Updating progress for bc3fafa7-6986-4604-9dab-69e1176a7d4d (Data {pct : 26, mode : file})
10-01 19:21:28.303 23458 23489 I WM-Processor: Moving WorkSpec (bc3fafa7-6986-4604-9dab-69e1176a7d4d) to the foreground
10-01 19:21:28.304 23458 23510 D WM-WorkProgressUpdater: Updating progress for bc3fafa7-6986-4604-9dab-69e1176a7d4d (Data {pct : 27, mode : file})
10-01 19:21:28.305 23458 23510 I WM-Processor: Moving WorkSpec (bc3fafa7-6986-4604-9dab-69e1176a7d4d) to the foreground
10-01 19:21:28.307 23458 23510 D WM-WorkProgressUpdater: Updating progress for bc3fafa7-6986-4604-9dab-69e1176a7d4d (Data {pct : 29, mode : file})
10-01 19:21:28.308 23458 23510 I WM-Processor: Moving WorkSpec (bc3fafa7-6986-4604-9dab-69e1176a7d4d) to the foreground
10-01 19:21:28.309 23458 23510 D WM-WorkProgressUpdater: Updating progress for bc3fafa7-6986-4604-9dab-69e1176a7d4d (Data {pct : 30, mode : file})
10-01 19:21:28.311 23458 23510 I WM-Processor: Moving WorkSpec (bc3fafa7-6986-4604-9dab-69e1176a7d4d) to the foreground
10-01 19:21:28.312 23458 23510 D WM-WorkProgressUpdater: Updating progress for bc3fafa7-6986-4604-9dab-69e1176a7d4d (Data {pct : 31, mode : file})
10-01 19:21:28.313 23458 23510 I WM-Processor: Moving WorkSpec (bc3fafa7-6986-4604-9dab-69e1176a7d4d) to the foreground
10-01 19:21:28.314 23458 23510 D WM-WorkProgressUpdater: Updating progress for bc3fafa7-6986-4604-9dab-69e1176a7d4d (Data {pct : 33, mode : file})
10-01 19:21:28.315 23458 23510 I WM-Processor: Moving WorkSpec (bc3fafa7-6986-4604-9dab-69e1176a7d4d) to the foreground
10-01 19:21:28.316 23458 23510 D WM-WorkProgressUpdater: Updating progress for bc3fafa7-6986-4604-9dab-69e1176a7d4d (Data {pct : 34, mode : file})
10-01 19:21:28.319 23458 23510 I WM-Processor: Moving WorkSpec (bc3fafa7-6986-4604-9dab-69e1176a7d4d) to the foreground
10-01 19:21:28.320 23458 23510 D WM-WorkProgressUpdater: Updating progress for bc3fafa7-6986-4604-9dab-69e1176a7d4d (Data {pct : 35, mode : file})
10-01 19:21:28.322 23458 23510 I WM-Processor: Moving WorkSpec (bc3fafa7-6986-4604-9dab-69e1176a7d4d) to the foreground
10-01 19:21:28.323 23458 23510 D WM-WorkProgressUpdater: Updating progress for bc3fafa7-6986-4604-9dab-69e1176a7d4d (Data {pct : 36, mode : file})
10-01 19:21:28.324 23458 23510 I WM-Processor: Moving WorkSpec (bc3fafa7-6986-4604-9dab-69e1176a7d4d) to the foreground
10-01 19:21:28.326 23458 23504 D WM-WorkProgressUpdater: Updating progress for bc3fafa7-6986-4604-9dab-69e1176a7d4d (Data {pct : 38, mode : file})
10-01 19:21:28.328 23458 23504 I WM-Processor: Moving WorkSpec (bc3fafa7-6986-4604-9dab-69e1176a7d4d) to the foreground
10-01 19:21:28.329 23458 23504 D WM-WorkProgressUpdater: Updating progress for bc3fafa7-6986-4604-9dab-69e1176a7d4d (Data {pct : 39, mode : file})
10-01 19:21:28.330 23458 23504 I WM-Processor: Moving WorkSpec (bc3fafa7-6986-4604-9dab-69e1176a7d4d) to the foreground
10-01 19:21:28.332 23458 23504 D WM-WorkProgressUpdater: Updating progress for bc3fafa7-6986-4604-9dab-69e1176a7d4d (Data {pct : 40, mode : file})
10-01 19:21:28.333 23458 23504 I WM-Processor: Moving WorkSpec (bc3fafa7-6986-4604-9dab-69e1176a7d4d) to the foreground
10-01 19:21:28.334 23458 23504 D WM-WorkProgressUpdater: Updating progress for bc3fafa7-6986-4604-9dab-69e1176a7d4d (Data {pct : 42, mode : file})
10-01 19:21:28.335 23458 23504 I WM-Processor: Moving WorkSpec (bc3fafa7-6986-4604-9dab-69e1176a7d4d) to the foreground
10-01 19:21:28.336 23458 23504 D WM-WorkProgressUpdater: Updating progress for bc3fafa7-6986-4604-9dab-69e1176a7d4d (Data {pct : 43, mode : file})
10-01 19:21:28.337 23458 23504 I WM-Processor: Moving WorkSpec (bc3fafa7-6986-4604-9dab-69e1176a7d4d) to the foreground
10-01 19:21:28.339 23458 23504 D WM-WorkProgressUpdater: Updating progress for bc3fafa7-6986-4604-9dab-69e1176a7d4d (Data {pct : 44, mode : file})
10-01 19:21:28.340 23458 23504 I WM-Processor: Moving WorkSpec (bc3fafa7-6986-4604-9dab-69e1176a7d4d) to the foreground
10-01 19:21:28.341 23458 23504 D WM-WorkProgressUpdater: Updating progress for bc3fafa7-6986-4604-9dab-69e1176a7d4d (Data {pct : 45, mode : file})
10-01 19:21:28.343 23458 23489 I WM-Processor: Moving WorkSpec (bc3fafa7-6986-4604-9dab-69e1176a7d4d) to the foreground
10-01 19:21:28.345 23458 23489 D WM-WorkProgressUpdater: Updating progress for bc3fafa7-6986-4604-9dab-69e1176a7d4d (Data {pct : 47, mode : file})
10-01 19:21:28.346 23458 23489 I WM-Processor: Moving WorkSpec (bc3fafa7-6986-4604-9dab-69e1176a7d4d) to the foreground
10-01 19:21:28.347 23458 23489 D WM-WorkProgressUpdater: Updating progress for bc3fafa7-6986-4604-9dab-69e1176a7d4d (Data {pct : 48, mode : file})
10-01 19:21:28.348 23458 23489 I WM-Processor: Moving WorkSpec (bc3fafa7-6986-4604-9dab-69e1176a7d4d) to the foreground
10-01 19:21:28.350 23458 23489 D WM-WorkProgressUpdater: Updating progress for bc3fafa7-6986-4604-9dab-69e1176a7d4d (Data {pct : 49, mode : file})
10-01 19:21:28.355 23458 23489 I WM-Processor: Moving WorkSpec (bc3fafa7-6986-4604-9dab-69e1176a7d4d) to the foreground
10-01 19:21:28.356 23458 23489 D WM-WorkProgressUpdater: Updating progress for bc3fafa7-6986-4604-9dab-69e1176a7d4d (Data {pct : 51, mode : file})
10-01 19:21:28.358 23458 23489 I WM-Processor: Moving WorkSpec (bc3fafa7-6986-4604-9dab-69e1176a7d4d) to the foreground
10-01 19:21:28.360 23458 23489 D WM-WorkProgressUpdater: Updating progress for bc3fafa7-6986-4604-9dab-69e1176a7d4d (Data {pct : 52, mode : file})
10-01 19:21:28.361 23458 23489 I WM-Processor: Moving WorkSpec (bc3fafa7-6986-4604-9dab-69e1176a7d4d) to the foreground
10-01 19:21:28.366 23458 23489 D WM-WorkProgressUpdater: Updating progress for bc3fafa7-6986-4604-9dab-69e1176a7d4d (Data {pct : 53, mode : file})
10-01 19:21:28.367 23458 23489 I WM-Processor: Moving WorkSpec (bc3fafa7-6986-4604-9dab-69e1176a7d4d) to the foreground
10-01 19:21:28.368 23458 23489 D WM-WorkProgressUpdater: Updating progress for bc3fafa7-6986-4604-9dab-69e1176a7d4d (Data {pct : 54, mode : file})
10-01 19:21:28.369 23458 23489 I WM-Processor: Moving WorkSpec (bc3fafa7-6986-4604-9dab-69e1176a7d4d) to the foreground
10-01 19:21:28.371 23458 23504 D WM-WorkProgressUpdater: Updating progress for bc3fafa7-6986-4604-9dab-69e1176a7d4d (Data {pct : 56, mode : file})
10-01 19:21:28.372 23458 23504 I WM-Processor: Moving WorkSpec (bc3fafa7-6986-4604-9dab-69e1176a7d4d) to the foreground
10-01 19:21:28.373 23458 23504 D WM-WorkProgressUpdater: Updating progress for bc3fafa7-6986-4604-9dab-69e1176a7d4d (Data {pct : 57, mode : file})
10-01 19:21:28.375 23458 23504 I WM-Processor: Moving WorkSpec (bc3fafa7-6986-4604-9dab-69e1176a7d4d) to the foreground
10-01 19:21:28.376 23458 23504 D WM-WorkProgressUpdater: Updating progress for bc3fafa7-6986-4604-9dab-69e1176a7d4d (Data {pct : 58, mode : file})
10-01 19:21:28.377 23458 23504 I WM-Processor: Moving WorkSpec (bc3fafa7-6986-4604-9dab-69e1176a7d4d) to the foreground
10-01 19:21:28.378 23458 23504 D WM-WorkProgressUpdater: Updating progress for bc3fafa7-6986-4604-9dab-69e1176a7d4d (Data {pct : 60, mode : file})
10-01 19:21:28.379 23458 23504 I WM-Processor: Moving WorkSpec (bc3fafa7-6986-4604-9dab-69e1176a7d4d) to the foreground
10-01 19:21:28.380 23458 23504 D WM-WorkProgressUpdater: Updating progress for bc3fafa7-6986-4604-9dab-69e1176a7d4d (Data {pct : 61, mode : file})
10-01 19:21:28.382 23458 23504 I WM-Processor: Moving WorkSpec (bc3fafa7-6986-4604-9dab-69e1176a7d4d) to the foreground
10-01 19:21:28.383 23458 23504 D WM-WorkProgressUpdater: Updating progress for bc3fafa7-6986-4604-9dab-69e1176a7d4d (Data {pct : 62, mode : file})
10-01 19:21:28.384 23458 23504 I WM-Processor: Moving WorkSpec (bc3fafa7-6986-4604-9dab-69e1176a7d4d) to the foreground
10-01 19:21:28.385 23458 23504 D WM-WorkProgressUpdater: Updating progress for bc3fafa7-6986-4604-9dab-69e1176a7d4d (Data {pct : 63, mode : file})
10-01 19:21:28.386 23458 23504 I WM-Processor: Moving WorkSpec (bc3fafa7-6986-4604-9dab-69e1176a7d4d) to the foreground
10-01 19:21:28.387 23458 23504 D WM-WorkProgressUpdater: Updating progress for bc3fafa7-6986-4604-9dab-69e1176a7d4d (Data {pct : 65, mode : file})
10-01 19:21:28.389 23458 23504 I WM-Processor: Moving WorkSpec (bc3fafa7-6986-4604-9dab-69e1176a7d4d) to the foreground
10-01 19:21:28.393 23458 23504 D WM-WorkProgressUpdater: Updating progress for bc3fafa7-6986-4604-9dab-69e1176a7d4d (Data {pct : 66, mode : file})
10-01 19:21:28.394 23458 23504 I WM-Processor: Moving WorkSpec (bc3fafa7-6986-4604-9dab-69e1176a7d4d) to the foreground
10-01 19:21:28.395 23458 23504 D WM-WorkProgressUpdater: Updating progress for bc3fafa7-6986-4604-9dab-69e1176a7d4d (Data {pct : 67, mode : file})
10-01 19:21:28.396 23458 23504 I WM-Processor: Moving WorkSpec (bc3fafa7-6986-4604-9dab-69e1176a7d4d) to the foreground
10-01 19:21:28.400 23458 23504 D WM-WorkProgressUpdater: Updating progress for bc3fafa7-6986-4604-9dab-69e1176a7d4d (Data {pct : 68, mode : file})
10-01 19:21:28.401 23458 23504 I WM-Processor: Moving WorkSpec (bc3fafa7-6986-4604-9dab-69e1176a7d4d) to the foreground
10-01 19:21:28.402 23458 23504 D WM-WorkProgressUpdater: Updating progress for bc3fafa7-6986-4604-9dab-69e1176a7d4d (Data {pct : 70, mode : file})
10-01 19:21:28.403 23458 23504 I WM-Processor: Moving WorkSpec (bc3fafa7-6986-4604-9dab-69e1176a7d4d) to the foreground
10-01 19:21:28.404 23458 23504 D WM-WorkProgressUpdater: Updating progress for bc3fafa7-6986-4604-9dab-69e1176a7d4d (Data {pct : 71, mode : file})
10-01 19:21:28.406 23458 23504 I WM-Processor: Moving WorkSpec (bc3fafa7-6986-4604-9dab-69e1176a7d4d) to the foreground
10-01 19:21:28.407 23458 23504 D WM-WorkProgressUpdater: Updating progress for bc3fafa7-6986-4604-9dab-69e1176a7d4d (Data {pct : 72, mode : file})
10-01 19:21:28.408 23458 23504 I WM-Processor: Moving WorkSpec (bc3fafa7-6986-4604-9dab-69e1176a7d4d) to the foreground
10-01 19:21:28.409 23458 23504 D WM-WorkProgressUpdater: Updating progress for bc3fafa7-6986-4604-9dab-69e1176a7d4d (Data {pct : 74, mode : file})
10-01 19:21:28.410 23458 23504 I WM-Processor: Moving WorkSpec (bc3fafa7-6986-4604-9dab-69e1176a7d4d) to the foreground
10-01 19:21:28.411 23458 23504 D WM-WorkProgressUpdater: Updating progress for bc3fafa7-6986-4604-9dab-69e1176a7d4d (Data {pct : 75, mode : file})
10-01 19:21:28.412 23458 23504 I WM-Processor: Moving WorkSpec (bc3fafa7-6986-4604-9dab-69e1176a7d4d) to the foreground
10-01 19:21:28.413 23458 23510 D WM-WorkProgressUpdater: Updating progress for bc3fafa7-6986-4604-9dab-69e1176a7d4d (Data {pct : 76, mode : file})
10-01 19:21:28.417 23458 23510 I WM-Processor: Moving WorkSpec (bc3fafa7-6986-4604-9dab-69e1176a7d4d) to the foreground
10-01 19:21:28.419 23458 23510 D WM-WorkProgressUpdater: Updating progress for bc3fafa7-6986-4604-9dab-69e1176a7d4d (Data {pct : 77, mode : file})
10-01 19:21:28.421 23458 23510 I WM-Processor: Moving WorkSpec (bc3fafa7-6986-4604-9dab-69e1176a7d4d) to the foreground
10-01 19:21:28.422 23458 23510 D WM-WorkProgressUpdater: Updating progress for bc3fafa7-6986-4604-9dab-69e1176a7d4d (Data {pct : 79, mode : file})
10-01 19:21:28.423 23458 23510 I WM-Processor: Moving WorkSpec (bc3fafa7-6986-4604-9dab-69e1176a7d4d) to the foreground
10-01 19:21:28.427 23458 23504 D WM-WorkProgressUpdater: Updating progress for bc3fafa7-6986-4604-9dab-69e1176a7d4d (Data {pct : 80, mode : file})
10-01 19:21:28.428 23458 23504 I WM-Processor: Moving WorkSpec (bc3fafa7-6986-4604-9dab-69e1176a7d4d) to the foreground
10-01 19:21:28.431 23458 23504 D WM-WorkProgressUpdater: Updating progress for bc3fafa7-6986-4604-9dab-69e1176a7d4d (Data {pct : 81, mode : file})
10-01 19:21:28.432 23458 24532 W GitHubUploader: uploadStream: 409 Conflict; refreshing SHA and retrying once.
10-01 19:21:28.433 23458 23504 I WM-Processor: Moving WorkSpec (bc3fafa7-6986-4604-9dab-69e1176a7d4d) to the foreground
10-01 19:21:28.435 23458 23510 D WM-WorkProgressUpdater: Updating progress for bc3fafa7-6986-4604-9dab-69e1176a7d4d (Data {pct : 83, mode : file})
10-01 19:21:28.436 23458 23510 I WM-Processor: Moving WorkSpec (bc3fafa7-6986-4604-9dab-69e1176a7d4d) to the foreground
10-01 19:21:28.438 23458 23510 D WM-WorkProgressUpdater: Updating progress for bc3fafa7-6986-4604-9dab-69e1176a7d4d (Data {pct : 84, mode : file})
10-01 19:21:28.439 23458 23510 I WM-Processor: Moving WorkSpec (bc3fafa7-6986-4604-9dab-69e1176a7d4d) to the foreground
10-01 19:21:28.440 23458 23510 D WM-WorkProgressUpdater: Updating progress for bc3fafa7-6986-4604-9dab-69e1176a7d4d (Data {pct : 85, mode : file})
10-01 19:21:28.441 23458 23510 I WM-Processor: Moving WorkSpec (bc3fafa7-6986-4604-9dab-69e1176a7d4d) to the foreground
10-01 19:21:28.442 23458 23510 D WM-WorkProgressUpdater: Updating progress for bc3fafa7-6986-4604-9dab-69e1176a7d4d (Data {pct : 86, mode : file})
10-01 19:21:28.444 23458 23510 I WM-Processor: Moving WorkSpec (bc3fafa7-6986-4604-9dab-69e1176a7d4d) to the foreground
10-01 19:21:28.451 23458 23510 D WM-WorkProgressUpdater: Updating progress for bc3fafa7-6986-4604-9dab-69e1176a7d4d (Data {pct : 88, mode : file})
10-01 19:21:28.452 23458 23510 I WM-Processor: Moving WorkSpec (bc3fafa7-6986-4604-9dab-69e1176a7d4d) to the foreground
10-01 19:21:28.454 23458 23510 D WM-WorkProgressUpdater: Updating progress for bc3fafa7-6986-4604-9dab-69e1176a7d4d (Data {pct : 89, mode : file})
10-01 19:21:28.455 23458 23510 I WM-Processor: Moving WorkSpec (bc3fafa7-6986-4604-9dab-69e1176a7d4d) to the foreground
10-01 19:21:28.456 23458 23510 D WM-WorkProgressUpdater: Updating progress for bc3fafa7-6986-4604-9dab-69e1176a7d4d (Data {pct : 90, mode : file})
10-01 19:21:28.457 23458 23510 I WM-Processor: Moving WorkSpec (bc3fafa7-6986-4604-9dab-69e1176a7d4d) to the foreground
10-01 19:21:28.459 23458 23510 D WM-WorkProgressUpdater: Updating progress for e07d24f4-2fd0-48ca-b3af-8270c7bcdc2c (Data {pct : 85, mode : file})
10-01 19:21:28.460 23458 23510 I WM-Processor: Moving WorkSpec (e07d24f4-2fd0-48ca-b3af-8270c7bcdc2c) to the foreground
10-01 19:21:28.464 23458 23489 D WM-WorkProgressUpdater: Updating progress for e07d24f4-2fd0-48ca-b3af-8270c7bcdc2c (Data {pct : 90, mode : file})
10-01 19:21:28.465 23458 23489 I WM-Processor: Moving WorkSpec (e07d24f4-2fd0-48ca-b3af-8270c7bcdc2c) to the foreground
10-01 19:21:28.595 23458 23458 D WM-SystemJobService: onStartJob for WorkGenerationalId(workSpecId=d2381219-e9af-41c4-96e8-8ca6e95bf7d4, generation=0)
10-01 19:21:28.596 23458 23504 D WM-Processor: Work WorkGenerationalId(workSpecId=d2381219-e9af-41c4-96e8-8ca6e95bf7d4, generation=0) is already enqueued for processing
10-01 19:21:28.597 23458 23458 D WM-SystemJobService: onStartJob for WorkGenerationalId(workSpecId=e07d24f4-2fd0-48ca-b3af-8270c7bcdc2c, generation=0)
10-01 19:21:28.598 23458 23458 D WM-SystemJobService: onStartJob for WorkGenerationalId(workSpecId=bc3fafa7-6986-4604-9dab-69e1176a7d4d, generation=0)
10-01 19:21:28.598 23458 23458 D WM-SystemJobService: onStartJob for WorkGenerationalId(workSpecId=47ab36b0-01fb-4043-abcf-d30ba342cbec, generation=0)
10-01 19:21:28.598 23458 23489 D WM-Processor: Work WorkGenerationalId(workSpecId=e07d24f4-2fd0-48ca-b3af-8270c7bcdc2c, generation=0) is already enqueued for processing
10-01 19:21:28.599 23458 23489 D WM-Processor: Work WorkGenerationalId(workSpecId=bc3fafa7-6986-4604-9dab-69e1176a7d4d, generation=0) is already enqueued for processing
10-01 19:21:28.601 23458 23489 D WM-Processor: Work WorkGenerationalId(workSpecId=47ab36b0-01fb-4043-abcf-d30ba342cbec, generation=0) is already enqueued for processing
10-01 19:21:29.506 23458 23487 D GitHubUploader: uploadStream: done url=https://github.com/ishizuki-tech/SurveyExports/blob/main/diagnostics/crash/2026-10-02/prevlog_20261001_233652_pid18876.log sha=2f0aec02166b6abd777248e30581b46a1d810c97
10-01 19:21:29.508 23458 23506 D WM-WorkProgressUpdater: Updating progress for 47ab36b0-01fb-4043-abcf-d30ba342cbec (Data {pct : 95, mode : file})
10-01 19:21:29.510 23458 23506 I WM-Processor: Moving WorkSpec (47ab36b0-01fb-4043-abcf-d30ba342cbec) to the foreground
10-01 19:21:29.511 23458 23458 W JobService: onNetworkChanged() not implemented in androidx.work.impl.background.systemjob.SystemJobService. Must override in a subclass.
10-01 19:21:29.513 23458 23458 W JobService: onNetworkChanged() not implemented in androidx.work.impl.background.systemjob.SystemJobService. Must override in a subclass.
10-01 19:21:29.514 23458 23506 I WM-Processor: Moving WorkSpec (47ab36b0-01fb-4043-abcf-d30ba342cbec) to the foreground
10-01 19:21:29.517 23458 23506 I WM-WorkerWrapper: Worker result SUCCESS for Work [ id=47ab36b0-01fb-4043-abcf-d30ba342cbec, tags={ com.negi.survey.net.GitHubUploadWorker,github_upload,github_upload:crash:diagnostics_crash_prevlog_20261001_233652_pid18876.log_be36a9d5 } ]
10-01 19:21:29.518 23458 23458 D WM-Processor: Processor 47ab36b0-01fb-4043-abcf-d30ba342cbec executed; reschedule = false
10-01 19:21:29.518 23458 23458 D WM-GreedyScheduler: Stopping tracking for WorkGenerationalId(workSpecId=47ab36b0-01fb-4043-abcf-d30ba342cbec, generation=0)
10-01 19:21:29.519 23458 23458 D WM-SystemJobService: 47ab36b0-01fb-4043-abcf-d30ba342cbec executed on JobScheduler
10-01 19:21:29.525 23458 23506 D WM-GreedyScheduler: Cancelling work ID 47ab36b0-01fb-4043-abcf-d30ba342cbec
10-01 19:21:29.528 23458 23511 D WM-WorkConstraintsTrack: NetworkRequestConstraintController onCapabilitiesChanged callback
10-01 19:21:29.750 23458 23485 W GitHubUploader: uploadStream: 409 Conflict; refreshing SHA and retrying once.
10-01 19:21:29.792 23458 24530 W GitHubUploader: uploadStream: 409 Conflict; refreshing SHA and retrying once.
10-01 19:21:29.959 23458 23489 D WM-WorkProgressUpdater: Updating progress for bc3fafa7-6986-4604-9dab-69e1176a7d4d (Data {pct : 11, mode : file})
10-01 19:21:29.964 23458 23489 I WM-Processor: Moving WorkSpec (bc3fafa7-6986-4604-9dab-69e1176a7d4d) to the foreground
10-01 19:21:29.968 23458 23489 D WM-WorkProgressUpdater: Updating progress for bc3fafa7-6986-4604-9dab-69e1176a7d4d (Data {pct : 12, mode : file})
10-01 19:21:29.971 23458 23489 I WM-Processor: Moving WorkSpec (bc3fafa7-6986-4604-9dab-69e1176a7d4d) to the foreground
10-01 19:21:29.972 23458 23489 D WM-WorkProgressUpdater: Updating progress for bc3fafa7-6986-4604-9dab-69e1176a7d4d (Data {pct : 13, mode : file})
10-01 19:21:29.974 23458 23489 I WM-Processor: Moving WorkSpec (bc3fafa7-6986-4604-9dab-69e1176a7d4d) to the foreground
10-01 19:21:29.976 23458 23489 D WM-WorkProgressUpdater: Updating progress for bc3fafa7-6986-4604-9dab-69e1176a7d4d (Data {pct : 15, mode : file})
10-01 19:21:29.979 23458 23489 I WM-Processor: Moving WorkSpec (bc3fafa7-6986-4604-9dab-69e1176a7d4d) to the foreground
10-01 19:21:29.981 23458 23489 D WM-WorkProgressUpdater: Updating progress for bc3fafa7-6986-4604-9dab-69e1176a7d4d (Data {pct : 16, mode : file})
10-01 19:21:29.984 23458 23489 I WM-Processor: Moving WorkSpec (bc3fafa7-6986-4604-9dab-69e1176a7d4d) to the foreground
10-01 19:21:29.986 23458 23489 D WM-WorkProgressUpdater: Updating progress for bc3fafa7-6986-4604-9dab-69e1176a7d4d (Data {pct : 17, mode : file})
10-01 19:21:29.988 23458 23489 I WM-Processor: Moving WorkSpec (bc3fafa7-6986-4604-9dab-69e1176a7d4d) to the foreground
10-01 19:21:29.992 23458 23489 D WM-WorkProgressUpdater: Updating progress for bc3fafa7-6986-4604-9dab-69e1176a7d4d (Data {pct : 18, mode : file})
10-01 19:21:29.996 23458 23489 I WM-Processor: Moving WorkSpec (bc3fafa7-6986-4604-9dab-69e1176a7d4d) to the foreground
10-01 19:21:29.999 23458 23489 D WM-WorkProgressUpdater: Updating progress for bc3fafa7-6986-4604-9dab-69e1176a7d4d (Data {pct : 20, mode : file})
10-01 19:21:30.003 23458 23489 I WM-Processor: Moving WorkSpec (bc3fafa7-6986-4604-9dab-69e1176a7d4d) to the foreground
10-01 19:21:30.005 23458 23489 D WM-WorkProgressUpdater: Updating progress for bc3fafa7-6986-4604-9dab-69e1176a7d4d (Data {pct : 21, mode : file})
10-01 19:21:30.009 23458 23489 I WM-Processor: Moving WorkSpec (bc3fafa7-6986-4604-9dab-69e1176a7d4d) to the foreground
10-01 19:21:30.011 23458 23489 D WM-WorkProgressUpdater: Updating progress for bc3fafa7-6986-4604-9dab-69e1176a7d4d (Data {pct : 22, mode : file})
10-01 19:21:30.014 23458 23489 I WM-Processor: Moving WorkSpec (bc3fafa7-6986-4604-9dab-69e1176a7d4d) to the foreground
10-01 19:21:30.016 23458 23489 D WM-WorkProgressUpdater: Updating progress for bc3fafa7-6986-4604-9dab-69e1176a7d4d (Data {pct : 24, mode : file})
10-01 19:21:30.019 23458 23489 I WM-Processor: Moving WorkSpec (bc3fafa7-6986-4604-9dab-69e1176a7d4d) to the foreground
10-01 19:21:30.021 23458 23489 D WM-WorkProgressUpdater: Updating progress for bc3fafa7-6986-4604-9dab-69e1176a7d4d (Data {pct : 25, mode : file})
10-01 19:21:30.025 23458 23504 I WM-Processor: Moving WorkSpec (bc3fafa7-6986-4604-9dab-69e1176a7d4d) to the foreground
10-01 19:21:30.028 23458 23504 D WM-WorkProgressUpdater: Updating progress for bc3fafa7-6986-4604-9dab-69e1176a7d4d (Data {pct : 26, mode : file})
10-01 19:21:30.028 23458 24509 D GitHubUploader: uploadStream: done url=https://github.com/ishizuki-tech/SurveyExports/blob/main/diagnostics/crash/2026-10-02/exit_20261002_001801_1790900281123_pid12514_r3.log sha=998263d07ab63891ef07f701694ba13ab570c59e
10-01 19:21:30.031 23458 23510 I WM-Processor: Moving WorkSpec (bc3fafa7-6986-4604-9dab-69e1176a7d4d) to the foreground
10-01 19:21:30.033 23458 23510 D WM-WorkProgressUpdater: Updating progress for bc3fafa7-6986-4604-9dab-69e1176a7d4d (Data {pct : 27, mode : file})
10-01 19:21:30.041 23458 23510 I WM-Processor: Moving WorkSpec (bc3fafa7-6986-4604-9dab-69e1176a7d4d) to the foreground
10-01 19:21:30.043 23458 23510 D WM-WorkProgressUpdater: Updating progress for bc3fafa7-6986-4604-9dab-69e1176a7d4d (Data {pct : 29, mode : file})
10-01 19:21:30.047 23458 23510 I WM-Processor: Moving WorkSpec (bc3fafa7-6986-4604-9dab-69e1176a7d4d) to the foreground
10-01 19:21:30.050 23458 23510 D WM-WorkProgressUpdater: Updating progress for bc3fafa7-6986-4604-9dab-69e1176a7d4d (Data {pct : 30, mode : file})
10-01 19:21:30.054 23458 23510 I WM-Processor: Moving WorkSpec (bc3fafa7-6986-4604-9dab-69e1176a7d4d) to the foreground
10-01 19:21:30.057 23458 23510 D WM-WorkProgressUpdater: Updating progress for bc3fafa7-6986-4604-9dab-69e1176a7d4d (Data {pct : 31, mode : file})
10-01 19:21:30.059 23458 23510 I WM-Processor: Moving WorkSpec (bc3fafa7-6986-4604-9dab-69e1176a7d4d) to the foreground
10-01 19:21:30.061 23458 23510 D WM-WorkProgressUpdater: Updating progress for bc3fafa7-6986-4604-9dab-69e1176a7d4d (Data {pct : 33, mode : file})
10-01 19:21:30.064 23458 23510 I WM-Processor: Moving WorkSpec (bc3fafa7-6986-4604-9dab-69e1176a7d4d) to the foreground
10-01 19:21:30.067 23458 23510 D WM-WorkProgressUpdater: Updating progress for bc3fafa7-6986-4604-9dab-69e1176a7d4d (Data {pct : 34, mode : file})
10-01 19:21:30.070 23458 23510 I WM-Processor: Moving WorkSpec (bc3fafa7-6986-4604-9dab-69e1176a7d4d) to the foreground
10-01 19:21:30.072 23458 23510 D WM-WorkProgressUpdater: Updating progress for bc3fafa7-6986-4604-9dab-69e1176a7d4d (Data {pct : 35, mode : file})
10-01 19:21:30.075 23458 23510 I WM-Processor: Moving WorkSpec (bc3fafa7-6986-4604-9dab-69e1176a7d4d) to the foreground
10-01 19:21:30.078 23458 23510 D WM-WorkProgressUpdater: Updating progress for bc3fafa7-6986-4604-9dab-69e1176a7d4d (Data {pct : 36, mode : file})
10-01 19:21:30.081 23458 23510 I WM-Processor: Moving WorkSpec (bc3fafa7-6986-4604-9dab-69e1176a7d4d) to the foreground
10-01 19:21:30.083 23458 23510 D WM-WorkProgressUpdater: Updating progress for bc3fafa7-6986-4604-9dab-69e1176a7d4d (Data {pct : 38, mode : file})
10-01 19:21:30.086 23458 23510 I WM-Processor: Moving WorkSpec (bc3fafa7-6986-4604-9dab-69e1176a7d4d) to the foreground
10-01 19:21:30.089 23458 23510 D WM-WorkProgressUpdater: Updating progress for bc3fafa7-6986-4604-9dab-69e1176a7d4d (Data {pct : 39, mode : file})
10-01 19:21:30.092 23458 23510 I WM-Processor: Moving WorkSpec (bc3fafa7-6986-4604-9dab-69e1176a7d4d) to the foreground
10-01 19:21:30.095 23458 23510 D WM-WorkProgressUpdater: Updating progress for bc3fafa7-6986-4604-9dab-69e1176a7d4d (Data {pct : 40, mode : file})
10-01 19:21:30.098 23458 23510 I WM-Processor: Moving WorkSpec (bc3fafa7-6986-4604-9dab-69e1176a7d4d) to the foreground
10-01 19:21:30.100 23458 23510 D WM-WorkProgressUpdater: Updating progress for bc3fafa7-6986-4604-9dab-69e1176a7d4d (Data {pct : 42, mode : file})
10-01 19:21:30.102 23458 23510 I WM-Processor: Moving WorkSpec (bc3fafa7-6986-4604-9dab-69e1176a7d4d) to the foreground
10-01 19:21:30.106 23458 23510 D WM-WorkProgressUpdater: Updating progress for bc3fafa7-6986-4604-9dab-69e1176a7d4d (Data {pct : 43, mode : file})
10-01 19:21:30.109 23458 23510 I WM-Processor: Moving WorkSpec (bc3fafa7-6986-4604-9dab-69e1176a7d4d) to the foreground
10-01 19:21:30.112 23458 23510 D WM-WorkProgressUpdater: Updating progress for bc3fafa7-6986-4604-9dab-69e1176a7d4d (Data {pct : 44, mode : file})
10-01 19:21:30.114 23458 23510 I WM-Processor: Moving WorkSpec (bc3fafa7-6986-4604-9dab-69e1176a7d4d) to the foreground
10-01 19:21:30.116 23458 23510 D WM-WorkProgressUpdater: Updating progress for bc3fafa7-6986-4604-9dab-69e1176a7d4d (Data {pct : 45, mode : file})
10-01 19:21:30.119 23458 23510 I WM-Processor: Moving WorkSpec (bc3fafa7-6986-4604-9dab-69e1176a7d4d) to the foreground
10-01 19:21:30.121 23458 23510 D WM-WorkProgressUpdater: Updating progress for bc3fafa7-6986-4604-9dab-69e1176a7d4d (Data {pct : 47, mode : file})
10-01 19:21:30.123 23458 23510 I WM-Processor: Moving WorkSpec (bc3fafa7-6986-4604-9dab-69e1176a7d4d) to the foreground
10-01 19:21:30.125 23458 23510 D WM-WorkProgressUpdater: Updating progress for bc3fafa7-6986-4604-9dab-69e1176a7d4d (Data {pct : 48, mode : file})
10-01 19:21:30.128 23458 23510 I WM-Processor: Moving WorkSpec (bc3fafa7-6986-4604-9dab-69e1176a7d4d) to the foreground
10-01 19:21:30.130 23458 23510 D WM-WorkProgressUpdater: Updating progress for bc3fafa7-6986-4604-9dab-69e1176a7d4d (Data {pct : 49, mode : file})
10-01 19:21:30.132 23458 23510 I WM-Processor: Moving WorkSpec (bc3fafa7-6986-4604-9dab-69e1176a7d4d) to the foreground
10-01 19:21:30.134 23458 23510 D WM-WorkProgressUpdater: Updating progress for bc3fafa7-6986-4604-9dab-69e1176a7d4d (Data {pct : 51, mode : file})
10-01 19:21:30.137 23458 23510 I WM-Processor: Moving WorkSpec (bc3fafa7-6986-4604-9dab-69e1176a7d4d) to the foreground
10-01 19:21:30.139 23458 23510 D WM-WorkProgressUpdater: Updating progress for bc3fafa7-6986-4604-9dab-69e1176a7d4d (Data {pct : 52, mode : file})
10-01 19:21:30.143 23458 23510 I WM-Processor: Moving WorkSpec (bc3fafa7-6986-4604-9dab-69e1176a7d4d) to the foreground
10-01 19:21:30.146 23458 23510 D WM-WorkProgressUpdater: Updating progress for bc3fafa7-6986-4604-9dab-69e1176a7d4d (Data {pct : 53, mode : file})
10-01 19:21:30.149 23458 23510 I WM-Processor: Moving WorkSpec (bc3fafa7-6986-4604-9dab-69e1176a7d4d) to the foreground
10-01 19:21:30.152 23458 23510 D WM-WorkProgressUpdater: Updating progress for bc3fafa7-6986-4604-9dab-69e1176a7d4d (Data {pct : 54, mode : file})
10-01 19:21:30.155 23458 23510 I WM-Processor: Moving WorkSpec (bc3fafa7-6986-4604-9dab-69e1176a7d4d) to the foreground
10-01 19:21:30.157 23458 23510 D WM-WorkProgressUpdater: Updating progress for bc3fafa7-6986-4604-9dab-69e1176a7d4d (Data {pct : 56, mode : file})
10-01 19:21:30.161 23458 23510 I WM-Processor: Moving WorkSpec (bc3fafa7-6986-4604-9dab-69e1176a7d4d) to the foreground
10-01 19:21:30.164 23458 23510 D WM-WorkProgressUpdater: Updating progress for bc3fafa7-6986-4604-9dab-69e1176a7d4d (Data {pct : 57, mode : file})
10-01 19:21:30.167 23458 23510 I WM-Processor: Moving WorkSpec (bc3fafa7-6986-4604-9dab-69e1176a7d4d) to the foreground
10-01 19:21:30.169 23458 23510 D WM-WorkProgressUpdater: Updating progress for bc3fafa7-6986-4604-9dab-69e1176a7d4d (Data {pct : 58, mode : file})
10-01 19:21:30.171 23458 23510 I WM-Processor: Moving WorkSpec (bc3fafa7-6986-4604-9dab-69e1176a7d4d) to the foreground
10-01 19:21:30.173 23458 23510 D WM-WorkProgressUpdater: Updating progress for bc3fafa7-6986-4604-9dab-69e1176a7d4d (Data {pct : 60, mode : file})
10-01 19:21:30.175 23458 23510 I WM-Processor: Moving WorkSpec (bc3fafa7-6986-4604-9dab-69e1176a7d4d) to the foreground
10-01 19:21:30.177 23458 23510 D WM-WorkProgressUpdater: Updating progress for bc3fafa7-6986-4604-9dab-69e1176a7d4d (Data {pct : 61, mode : file})
10-01 19:21:30.179 23458 23510 I WM-Processor: Moving WorkSpec (bc3fafa7-6986-4604-9dab-69e1176a7d4d) to the foreground
10-01 19:21:30.180 23458 23510 D WM-WorkProgressUpdater: Updating progress for bc3fafa7-6986-4604-9dab-69e1176a7d4d (Data {pct : 62, mode : file})
10-01 19:21:30.182 23458 23510 I WM-Processor: Moving WorkSpec (bc3fafa7-6986-4604-9dab-69e1176a7d4d) to the foreground
10-01 19:21:30.184 23458 23510 D WM-WorkProgressUpdater: Updating progress for bc3fafa7-6986-4604-9dab-69e1176a7d4d (Data {pct : 63, mode : file})
10-01 19:21:30.185 23458 23510 I WM-Processor: Moving WorkSpec (bc3fafa7-6986-4604-9dab-69e1176a7d4d) to the foreground
10-01 19:21:30.187 23458 23510 D WM-WorkProgressUpdater: Updating progress for bc3fafa7-6986-4604-9dab-69e1176a7d4d (Data {pct : 65, mode : file})
10-01 19:21:30.189 23458 23510 I WM-Processor: Moving WorkSpec (bc3fafa7-6986-4604-9dab-69e1176a7d4d) to the foreground
10-01 19:21:30.190 23458 23510 D WM-WorkProgressUpdater: Updating progress for bc3fafa7-6986-4604-9dab-69e1176a7d4d (Data {pct : 66, mode : file})
10-01 19:21:30.193 23458 23510 I WM-Processor: Moving WorkSpec (bc3fafa7-6986-4604-9dab-69e1176a7d4d) to the foreground
10-01 19:21:30.195 23458 23510 D WM-WorkProgressUpdater: Updating progress for bc3fafa7-6986-4604-9dab-69e1176a7d4d (Data {pct : 67, mode : file})
10-01 19:21:30.196 23458 23510 I WM-Processor: Moving WorkSpec (bc3fafa7-6986-4604-9dab-69e1176a7d4d) to the foreground
10-01 19:21:30.198 23458 23510 D WM-WorkProgressUpdater: Updating progress for bc3fafa7-6986-4604-9dab-69e1176a7d4d (Data {pct : 68, mode : file})
10-01 19:21:30.199 23458 23510 I WM-Processor: Moving WorkSpec (bc3fafa7-6986-4604-9dab-69e1176a7d4d) to the foreground
10-01 19:21:30.201 23458 23510 D WM-WorkProgressUpdater: Updating progress for bc3fafa7-6986-4604-9dab-69e1176a7d4d (Data {pct : 70, mode : file})
10-01 19:21:30.205 23458 23506 I WM-Processor: Moving WorkSpec (bc3fafa7-6986-4604-9dab-69e1176a7d4d) to the foreground
10-01 19:21:30.207 23458 23506 D WM-WorkProgressUpdater: Updating progress for bc3fafa7-6986-4604-9dab-69e1176a7d4d (Data {pct : 71, mode : file})
10-01 19:21:30.209 23458 23506 I WM-Processor: Moving WorkSpec (bc3fafa7-6986-4604-9dab-69e1176a7d4d) to the foreground
10-01 19:21:30.211 23458 23506 D WM-WorkProgressUpdater: Updating progress for bc3fafa7-6986-4604-9dab-69e1176a7d4d (Data {pct : 72, mode : file})
10-01 19:21:30.214 23458 23506 I WM-Processor: Moving WorkSpec (bc3fafa7-6986-4604-9dab-69e1176a7d4d) to the foreground
10-01 19:21:30.217 23458 23506 D WM-WorkProgressUpdater: Updating progress for bc3fafa7-6986-4604-9dab-69e1176a7d4d (Data {pct : 74, mode : file})
10-01 19:21:30.220 23458 23506 I WM-Processor: Moving WorkSpec (bc3fafa7-6986-4604-9dab-69e1176a7d4d) to the foreground
10-01 19:21:30.222 23458 23506 D WM-WorkProgressUpdater: Updating progress for bc3fafa7-6986-4604-9dab-69e1176a7d4d (Data {pct : 75, mode : file})
10-01 19:21:30.225 23458 23506 I WM-Processor: Moving WorkSpec (bc3fafa7-6986-4604-9dab-69e1176a7d4d) to the foreground
10-01 19:21:30.227 23458 23506 D WM-WorkProgressUpdater: Updating progress for bc3fafa7-6986-4604-9dab-69e1176a7d4d (Data {pct : 76, mode : file})
10-01 19:21:30.229 23458 23506 I WM-Processor: Moving WorkSpec (bc3fafa7-6986-4604-9dab-69e1176a7d4d) to the foreground
10-01 19:21:30.232 23458 23489 D WM-WorkProgressUpdater: Updating progress for bc3fafa7-6986-4604-9dab-69e1176a7d4d (Data {pct : 77, mode : file})
10-01 19:21:30.235 23458 23489 I WM-Processor: Moving WorkSpec (bc3fafa7-6986-4604-9dab-69e1176a7d4d) to the foreground
10-01 19:21:30.236 23458 23489 D WM-WorkProgressUpdater: Updating progress for bc3fafa7-6986-4604-9dab-69e1176a7d4d (Data {pct : 79, mode : file})
10-01 19:21:30.238 23458 23489 I WM-Processor: Moving WorkSpec (bc3fafa7-6986-4604-9dab-69e1176a7d4d) to the foreground
10-01 19:21:30.240 23458 23489 D WM-WorkProgressUpdater: Updating progress for bc3fafa7-6986-4604-9dab-69e1176a7d4d (Data {pct : 80, mode : file})
10-01 19:21:30.244 23458 23489 I WM-Processor: Moving WorkSpec (bc3fafa7-6986-4604-9dab-69e1176a7d4d) to the foreground
10-01 19:21:30.247 23458 23489 D WM-WorkProgressUpdater: Updating progress for bc3fafa7-6986-4604-9dab-69e1176a7d4d (Data {pct : 81, mode : file})
10-01 19:21:30.250 23458 23489 I WM-Processor: Moving WorkSpec (bc3fafa7-6986-4604-9dab-69e1176a7d4d) to the foreground
10-01 19:21:30.253 23458 23489 D WM-WorkProgressUpdater: Updating progress for bc3fafa7-6986-4604-9dab-69e1176a7d4d (Data {pct : 83, mode : file})
10-01 19:21:30.256 23458 23489 I WM-Processor: Moving WorkSpec (bc3fafa7-6986-4604-9dab-69e1176a7d4d) to the foreground
10-01 19:21:30.259 23458 23489 D WM-WorkProgressUpdater: Updating progress for bc3fafa7-6986-4604-9dab-69e1176a7d4d (Data {pct : 84, mode : file})
10-01 19:21:30.263 23458 23489 I WM-Processor: Moving WorkSpec (bc3fafa7-6986-4604-9dab-69e1176a7d4d) to the foreground
10-01 19:21:30.266 23458 23489 D WM-WorkProgressUpdater: Updating progress for bc3fafa7-6986-4604-9dab-69e1176a7d4d (Data {pct : 85, mode : file})
10-01 19:21:30.270 23458 23489 I WM-Processor: Moving WorkSpec (bc3fafa7-6986-4604-9dab-69e1176a7d4d) to the foreground
10-01 19:21:30.272 23458 23489 D WM-WorkProgressUpdater: Updating progress for bc3fafa7-6986-4604-9dab-69e1176a7d4d (Data {pct : 86, mode : file})
10-01 19:21:30.276 23458 23489 I WM-Processor: Moving WorkSpec (bc3fafa7-6986-4604-9dab-69e1176a7d4d) to the foreground
10-01 19:21:30.279 23458 23489 D WM-WorkProgressUpdater: Updating progress for bc3fafa7-6986-4604-9dab-69e1176a7d4d (Data {pct : 88, mode : file})
10-01 19:21:30.282 23458 23489 I WM-Processor: Moving WorkSpec (bc3fafa7-6986-4604-9dab-69e1176a7d4d) to the foreground
10-01 19:21:30.285 23458 23489 D WM-WorkProgressUpdater: Updating progress for bc3fafa7-6986-4604-9dab-69e1176a7d4d (Data {pct : 89, mode : file})
10-01 19:21:30.287 23458 23489 I WM-Processor: Moving WorkSpec (bc3fafa7-6986-4604-9dab-69e1176a7d4d) to the foreground
10-01 19:21:30.290 23458 23489 D WM-WorkProgressUpdater: Updating progress for bc3fafa7-6986-4604-9dab-69e1176a7d4d (Data {pct : 90, mode : file})
10-01 19:21:30.293 23458 23489 I WM-Processor: Moving WorkSpec (bc3fafa7-6986-4604-9dab-69e1176a7d4d) to the foreground
10-01 19:21:30.298 23458 23489 D WM-WorkProgressUpdater: Updating progress for d2381219-e9af-41c4-96e8-8ca6e95bf7d4 (Data {pct : 95, mode : file})
10-01 19:21:30.307 23458 23489 I WM-Processor: Moving WorkSpec (d2381219-e9af-41c4-96e8-8ca6e95bf7d4) to the foreground
10-01 19:21:30.311 23458 23489 I WM-Processor: Moving WorkSpec (d2381219-e9af-41c4-96e8-8ca6e95bf7d4) to the foreground
10-01 19:21:30.319 23458 23489 I WM-WorkerWrapper: Worker result SUCCESS for Work [ id=d2381219-e9af-41c4-96e8-8ca6e95bf7d4, tags={ com.negi.survey.net.GitHubUploadWorker,github_upload,github_upload:crash:diagnostics_crash_exit_20261002_001801_1790900281123_pid12514_r3.log_cf2de81d } ]
10-01 19:21:30.326 23458 23458 D WM-Processor: Processor d2381219-e9af-41c4-96e8-8ca6e95bf7d4 executed; reschedule = false
10-01 19:21:30.327 23458 23458 D WM-GreedyScheduler: Stopping tracking for WorkGenerationalId(workSpecId=d2381219-e9af-41c4-96e8-8ca6e95bf7d4, generation=0)
10-01 19:21:30.328 23458 23458 D WM-SystemJobService: d2381219-e9af-41c4-96e8-8ca6e95bf7d4 executed on JobScheduler
10-01 19:21:30.333 23458 23510 D WM-GreedyScheduler: Cancelling work ID d2381219-e9af-41c4-96e8-8ca6e95bf7d4
10-01 19:21:30.507 23458 23510 D WM-WorkProgressUpdater: Updating progress for e07d24f4-2fd0-48ca-b3af-8270c7bcdc2c (Data {pct : 85, mode : file})
10-01 19:21:30.510 23458 23510 I WM-Processor: Moving WorkSpec (e07d24f4-2fd0-48ca-b3af-8270c7bcdc2c) to the foreground
10-01 19:21:30.513 23458 23504 D WM-WorkProgressUpdater: Updating progress for e07d24f4-2fd0-48ca-b3af-8270c7bcdc2c (Data {pct : 90, mode : file})
10-01 19:21:30.516 23458 23504 I WM-Processor: Moving WorkSpec (e07d24f4-2fd0-48ca-b3af-8270c7bcdc2c) to the foreground
10-01 19:21:30.788 23458 23510 D WM-WorkProgressUpdater: Updating progress for 61987175-d848-4fee-a061-c0c4fdd52174 (Data {pct : 61, mode : startup_runtime_logs})
10-01 19:21:30.788 23458 23485 D GitHubUploader: uploadStream: done url=https://github.com/ishizuki-tech/SurveyExports/blob/main/diagnostics/runtime_logs/2026-10-02/runtime_logs_startup_runtime_20261002_002000_d8fc433c_receiver_my_package_repl/runtime_log_20261002_002122_208_pid23458_receiver_my_package_repl__rtlog_20261002_002000_275_pid23458_seq1.log sha=08d5a88041f3063a28c1530191cfb13149fca7f7
10-01 19:21:30.793 23458 23510 I WM-Processor: Moving WorkSpec (61987175-d848-4fee-a061-c0c4fdd52174) to the foreground
10-01 19:21:30.796 23458 23485 D RuntimeLogStore: deleteRolledLogFiles: deleted=1 excludeActive=true active=rtlog_20261002_002122_204_pid23458_seq2.log
10-01 19:21:30.796 23458 23485 D GitHubUploader: uploadStream: owner=ishizuki-tech repo=SurveyExports branch=main path=diagnostics/runtime_logs/2026-10-02/runtime_logs_startup_runtime_20261002_002000_d8fc433c_receiver_my_package_repl/runtime_log_20261002_002122_208_pid23458_receiver_my_package_repl__rtlog_20261001_234746_987_pid12514_seq3.log size=12019 maxRawBytesHint=1000000 maxRequestBytesHint=2800000
10-01 19:21:30.799 23458 23510 D WM-WorkProgressUpdater: Updating progress for 61987175-d848-4fee-a061-c0c4fdd52174 (Data {pct : 63, mode : startup_runtime_logs})
10-01 19:21:30.801 23458 23510 I WM-Processor: Moving WorkSpec (61987175-d848-4fee-a061-c0c4fdd52174) to the foreground
10-01 19:21:30.973 23458 23504 D WM-WorkProgressUpdater: Updating progress for 61987175-d848-4fee-a061-c0c4fdd52174 (Data {pct : 65, mode : startup_runtime_logs})
10-01 19:21:30.983 23458 23504 I WM-Processor: Moving WorkSpec (61987175-d848-4fee-a061-c0c4fdd52174) to the foreground
10-01 19:21:30.990 23458 23506 D WM-WorkProgressUpdater: Updating progress for 61987175-d848-4fee-a061-c0c4fdd52174 (Data {pct : 80, mode : startup_runtime_logs})
10-01 19:21:30.992 23458 23506 I WM-Processor: Moving WorkSpec (61987175-d848-4fee-a061-c0c4fdd52174) to the foreground
10-01 19:21:30.995 23458 23506 D WM-WorkProgressUpdater: Updating progress for 61987175-d848-4fee-a061-c0c4fdd52174 (Data {pct : 87, mode : startup_runtime_logs})
10-01 19:21:30.996 23458 23506 I WM-Processor: Moving WorkSpec (61987175-d848-4fee-a061-c0c4fdd52174) to the foreground
10-01 19:21:31.371 23458 23504 D WM-WorkProgressUpdater: Updating progress for e07d24f4-2fd0-48ca-b3af-8270c7bcdc2c (Data {pct : 95, mode : file})
10-01 19:21:31.371 23458 24534 D GitHubUploader: uploadStream: done url=https://github.com/ishizuki-tech/SurveyExports/blob/main/diagnostics/crash/2026-10-02/prevlog_20261001_234119_pid9359.log sha=e81a759f806dc0b602fc48e072ff1e3599af1458
10-01 19:21:31.373 23458 23504 I WM-Processor: Moving WorkSpec (e07d24f4-2fd0-48ca-b3af-8270c7bcdc2c) to the foreground
10-01 19:21:31.377 23458 23504 I WM-Processor: Moving WorkSpec (e07d24f4-2fd0-48ca-b3af-8270c7bcdc2c) to the foreground
10-01 19:21:31.379 23458 23504 I WM-WorkerWrapper: Worker result SUCCESS for Work [ id=e07d24f4-2fd0-48ca-b3af-8270c7bcdc2c, tags={ com.negi.survey.net.GitHubUploadWorker,github_upload,github_upload:crash:diagnostics_crash_prevlog_20261001_234119_pid9359.log_a8a36c6a } ]
10-01 19:21:31.380 23458 23458 D WM-Processor: Processor e07d24f4-2fd0-48ca-b3af-8270c7bcdc2c executed; reschedule = false
10-01 19:21:31.380 23458 23458 D WM-GreedyScheduler: Stopping tracking for WorkGenerationalId(workSpecId=e07d24f4-2fd0-48ca-b3af-8270c7bcdc2c, generation=0)
10-01 19:21:31.380 23458 23458 D WM-SystemJobService: e07d24f4-2fd0-48ca-b3af-8270c7bcdc2c executed on JobScheduler
10-01 19:21:31.384 23458 23504 D WM-GreedyScheduler: Cancelling work ID e07d24f4-2fd0-48ca-b3af-8270c7bcdc2c
10-01 19:21:32.342 23458 23510 D WM-WorkProgressUpdater: Updating progress for bc3fafa7-6986-4604-9dab-69e1176a7d4d (Data {pct : 11, mode : file})
10-01 19:21:32.352 23458 23510 I WM-Processor: Moving WorkSpec (bc3fafa7-6986-4604-9dab-69e1176a7d4d) to the foreground
10-01 19:21:32.357 23458 23506 D WM-WorkProgressUpdater: Updating progress for bc3fafa7-6986-4604-9dab-69e1176a7d4d (Data {pct : 12, mode : file})
10-01 19:21:32.360 23458 23506 I WM-Processor: Moving WorkSpec (bc3fafa7-6986-4604-9dab-69e1176a7d4d) to the foreground
10-01 19:21:32.364 23458 23506 D WM-WorkProgressUpdater: Updating progress for bc3fafa7-6986-4604-9dab-69e1176a7d4d (Data {pct : 13, mode : file})
10-01 19:21:32.367 23458 23506 I WM-Processor: Moving WorkSpec (bc3fafa7-6986-4604-9dab-69e1176a7d4d) to the foreground
10-01 19:21:32.371 23458 23506 D WM-WorkProgressUpdater: Updating progress for bc3fafa7-6986-4604-9dab-69e1176a7d4d (Data {pct : 15, mode : file})
10-01 19:21:32.374 23458 23506 I WM-Processor: Moving WorkSpec (bc3fafa7-6986-4604-9dab-69e1176a7d4d) to the foreground
10-01 19:21:32.377 23458 23506 D WM-WorkProgressUpdater: Updating progress for bc3fafa7-6986-4604-9dab-69e1176a7d4d (Data {pct : 16, mode : file})
10-01 19:21:32.380 23458 23506 I WM-Processor: Moving WorkSpec (bc3fafa7-6986-4604-9dab-69e1176a7d4d) to the foreground
10-01 19:21:32.382 23458 23506 D WM-WorkProgressUpdater: Updating progress for bc3fafa7-6986-4604-9dab-69e1176a7d4d (Data {pct : 17, mode : file})
10-01 19:21:32.386 23458 23506 I WM-Processor: Moving WorkSpec (bc3fafa7-6986-4604-9dab-69e1176a7d4d) to the foreground
10-01 19:21:32.389 23458 23506 D WM-WorkProgressUpdater: Updating progress for bc3fafa7-6986-4604-9dab-69e1176a7d4d (Data {pct : 18, mode : file})
10-01 19:21:32.394 23458 23506 I WM-Processor: Moving WorkSpec (bc3fafa7-6986-4604-9dab-69e1176a7d4d) to the foreground
10-01 19:21:32.398 23458 23506 D WM-WorkProgressUpdater: Updating progress for bc3fafa7-6986-4604-9dab-69e1176a7d4d (Data {pct : 20, mode : file})
10-01 19:21:32.401 23458 23506 I WM-Processor: Moving WorkSpec (bc3fafa7-6986-4604-9dab-69e1176a7d4d) to the foreground
10-01 19:21:32.404 23458 23506 D WM-WorkProgressUpdater: Updating progress for bc3fafa7-6986-4604-9dab-69e1176a7d4d (Data {pct : 21, mode : file})
10-01 19:21:32.406 23458 23506 I WM-Processor: Moving WorkSpec (bc3fafa7-6986-4604-9dab-69e1176a7d4d) to the foreground
10-01 19:21:32.409 23458 23506 D WM-WorkProgressUpdater: Updating progress for bc3fafa7-6986-4604-9dab-69e1176a7d4d (Data {pct : 22, mode : file})
10-01 19:21:32.412 23458 23506 I WM-Processor: Moving WorkSpec (bc3fafa7-6986-4604-9dab-69e1176a7d4d) to the foreground
10-01 19:21:32.416 23458 23504 D WM-WorkProgressUpdater: Updating progress for bc3fafa7-6986-4604-9dab-69e1176a7d4d (Data {pct : 24, mode : file})
10-01 19:21:32.421 23458 23504 I WM-Processor: Moving WorkSpec (bc3fafa7-6986-4604-9dab-69e1176a7d4d) to the foreground
10-01 19:21:32.425 23458 23504 D WM-WorkProgressUpdater: Updating progress for bc3fafa7-6986-4604-9dab-69e1176a7d4d (Data {pct : 25, mode : file})
10-01 19:21:32.429 23458 23506 I WM-Processor: Moving WorkSpec (bc3fafa7-6986-4604-9dab-69e1176a7d4d) to the foreground
10-01 19:21:32.433 23458 23506 D WM-WorkProgressUpdater: Updating progress for bc3fafa7-6986-4604-9dab-69e1176a7d4d (Data {pct : 26, mode : file})
10-01 19:21:32.437 23458 23506 I WM-Processor: Moving WorkSpec (bc3fafa7-6986-4604-9dab-69e1176a7d4d) to the foreground
10-01 19:21:32.441 23458 23506 D WM-WorkProgressUpdater: Updating progress for bc3fafa7-6986-4604-9dab-69e1176a7d4d (Data {pct : 27, mode : file})
10-01 19:21:32.446 23458 23506 I WM-Processor: Moving WorkSpec (bc3fafa7-6986-4604-9dab-69e1176a7d4d) to the foreground
10-01 19:21:32.450 23458 23506 D WM-WorkProgressUpdater: Updating progress for bc3fafa7-6986-4604-9dab-69e1176a7d4d (Data {pct : 29, mode : file})
10-01 19:21:32.454 23458 23506 I WM-Processor: Moving WorkSpec (bc3fafa7-6986-4604-9dab-69e1176a7d4d) to the foreground
10-01 19:21:32.457 23458 23506 D WM-WorkProgressUpdater: Updating progress for bc3fafa7-6986-4604-9dab-69e1176a7d4d (Data {pct : 30, mode : file})
10-01 19:21:32.461 23458 23506 I WM-Processor: Moving WorkSpec (bc3fafa7-6986-4604-9dab-69e1176a7d4d) to the foreground
10-01 19:21:32.463 23458 23506 D WM-WorkProgressUpdater: Updating progress for bc3fafa7-6986-4604-9dab-69e1176a7d4d (Data {pct : 31, mode : file})
10-01 19:21:32.468 23458 23506 I WM-Processor: Moving WorkSpec (bc3fafa7-6986-4604-9dab-69e1176a7d4d) to the foreground
10-01 19:21:32.472 23458 23506 D WM-WorkProgressUpdater: Updating progress for bc3fafa7-6986-4604-9dab-69e1176a7d4d (Data {pct : 33, mode : file})
10-01 19:21:32.477 23458 23504 I WM-Processor: Moving WorkSpec (bc3fafa7-6986-4604-9dab-69e1176a7d4d) to the foreground
10-01 19:21:32.481 23458 23504 D WM-WorkProgressUpdater: Updating progress for bc3fafa7-6986-4604-9dab-69e1176a7d4d (Data {pct : 34, mode : file})
10-01 19:21:32.485 23458 23504 I WM-Processor: Moving WorkSpec (bc3fafa7-6986-4604-9dab-69e1176a7d4d) to the foreground
10-01 19:21:32.489 23458 23504 D WM-WorkProgressUpdater: Updating progress for bc3fafa7-6986-4604-9dab-69e1176a7d4d (Data {pct : 35, mode : file})
10-01 19:21:32.493 23458 23504 I WM-Processor: Moving WorkSpec (bc3fafa7-6986-4604-9dab-69e1176a7d4d) to the foreground
10-01 19:21:32.497 23458 23504 D WM-WorkProgressUpdater: Updating progress for bc3fafa7-6986-4604-9dab-69e1176a7d4d (Data {pct : 36, mode : file})
10-01 19:21:32.504 23458 23504 I WM-Processor: Moving WorkSpec (bc3fafa7-6986-4604-9dab-69e1176a7d4d) to the foreground
10-01 19:21:32.507 23458 23504 D WM-WorkProgressUpdater: Updating progress for bc3fafa7-6986-4604-9dab-69e1176a7d4d (Data {pct : 38, mode : file})
10-01 19:21:32.510 23458 23504 I WM-Processor: Moving WorkSpec (bc3fafa7-6986-4604-9dab-69e1176a7d4d) to the foreground
10-01 19:21:32.513 23458 23504 D WM-WorkProgressUpdater: Updating progress for bc3fafa7-6986-4604-9dab-69e1176a7d4d (Data {pct : 39, mode : file})
10-01 19:21:32.517 23458 23504 I WM-Processor: Moving WorkSpec (bc3fafa7-6986-4604-9dab-69e1176a7d4d) to the foreground
10-01 19:21:32.519 23458 24509 D GitHubUploader: uploadStream: done url=https://github.com/ishizuki-tech/SurveyExports/blob/main/2026-10-02/exports/20261001-191507_SM-S731U_414A86B07D91_2e0dfdba_survey.ndjson.gz sha=eb4c9f77fa4a9790bec4b17e87f211e48b66267d
10-01 19:21:32.524 23458 23504 D WM-WorkProgressUpdater: Updating progress for bc3fafa7-6986-4604-9dab-69e1176a7d4d (Data {pct : 40, mode : file})
10-01 19:21:32.529 23458 23504 I WM-Processor: Moving WorkSpec (bc3fafa7-6986-4604-9dab-69e1176a7d4d) to the foreground
10-01 19:21:32.532 23458 23458 W JobService: onNetworkChanged() not implemented in androidx.work.impl.background.systemjob.SystemJobService. Must override in a subclass.
10-01 19:21:32.533 23458 23504 D WM-WorkProgressUpdater: Updating progress for bc3fafa7-6986-4604-9dab-69e1176a7d4d (Data {pct : 42, mode : file})
10-01 19:21:32.536 23458 23510 I WM-Processor: Moving WorkSpec (bc3fafa7-6986-4604-9dab-69e1176a7d4d) to the foreground
10-01 19:21:32.539 23458 23510 D WM-WorkProgressUpdater: Updating progress for bc3fafa7-6986-4604-9dab-69e1176a7d4d (Data {pct : 43, mode : file})
10-01 19:21:32.544 23458 23510 I WM-Processor: Moving WorkSpec (bc3fafa7-6986-4604-9dab-69e1176a7d4d) to the foreground
10-01 19:21:32.546 23458 23511 D WM-WorkConstraintsTrack: NetworkRequestConstraintController onCapabilitiesChanged callback
10-01 19:21:32.550 23458 23510 D WM-WorkProgressUpdater: Updating progress for bc3fafa7-6986-4604-9dab-69e1176a7d4d (Data {pct : 44, mode : file})
10-01 19:21:32.553 23458 23510 I WM-Processor: Moving WorkSpec (bc3fafa7-6986-4604-9dab-69e1176a7d4d) to the foreground
10-01 19:21:32.556 23458 23489 D WM-WorkProgressUpdater: Updating progress for bc3fafa7-6986-4604-9dab-69e1176a7d4d (Data {pct : 45, mode : file})
10-01 19:21:32.559 23458 23489 I WM-Processor: Moving WorkSpec (bc3fafa7-6986-4604-9dab-69e1176a7d4d) to the foreground
10-01 19:21:32.564 23458 23489 D WM-WorkProgressUpdater: Updating progress for bc3fafa7-6986-4604-9dab-69e1176a7d4d (Data {pct : 47, mode : file})
10-01 19:21:32.569 23458 23489 I WM-Processor: Moving WorkSpec (bc3fafa7-6986-4604-9dab-69e1176a7d4d) to the foreground
10-01 19:21:32.573 23458 23489 D WM-WorkProgressUpdater: Updating progress for bc3fafa7-6986-4604-9dab-69e1176a7d4d (Data {pct : 48, mode : file})
10-01 19:21:32.577 23458 23489 I WM-Processor: Moving WorkSpec (bc3fafa7-6986-4604-9dab-69e1176a7d4d) to the foreground
10-01 19:21:32.583 23458 23489 D WM-WorkProgressUpdater: Updating progress for bc3fafa7-6986-4604-9dab-69e1176a7d4d (Data {pct : 49, mode : file})
10-01 19:21:32.584 23458 23489 I WM-Processor: Moving WorkSpec (bc3fafa7-6986-4604-9dab-69e1176a7d4d) to the foreground
10-01 19:21:32.586 23458 23489 D WM-WorkProgressUpdater: Updating progress for bc3fafa7-6986-4604-9dab-69e1176a7d4d (Data {pct : 51, mode : file})
10-01 19:21:32.587 23458 23489 I WM-Processor: Moving WorkSpec (bc3fafa7-6986-4604-9dab-69e1176a7d4d) to the foreground
10-01 19:21:32.588 23458 23489 D WM-WorkProgressUpdater: Updating progress for bc3fafa7-6986-4604-9dab-69e1176a7d4d (Data {pct : 52, mode : file})
10-01 19:21:32.590 23458 23489 I WM-Processor: Moving WorkSpec (bc3fafa7-6986-4604-9dab-69e1176a7d4d) to the foreground
10-01 19:21:32.591 23458 23489 D WM-WorkProgressUpdater: Updating progress for bc3fafa7-6986-4604-9dab-69e1176a7d4d (Data {pct : 53, mode : file})
10-01 19:21:32.592 23458 23489 I WM-Processor: Moving WorkSpec (bc3fafa7-6986-4604-9dab-69e1176a7d4d) to the foreground
10-01 19:21:32.593 23458 23489 D WM-WorkProgressUpdater: Updating progress for bc3fafa7-6986-4604-9dab-69e1176a7d4d (Data {pct : 54, mode : file})
10-01 19:21:32.594 23458 23489 I WM-Processor: Moving WorkSpec (bc3fafa7-6986-4604-9dab-69e1176a7d4d) to the foreground
10-01 19:21:32.595 23458 23489 D WM-WorkProgressUpdater: Updating progress for bc3fafa7-6986-4604-9dab-69e1176a7d4d (Data {pct : 56, mode : file})
10-01 19:21:32.596 23458 23489 I WM-Processor: Moving WorkSpec (bc3fafa7-6986-4604-9dab-69e1176a7d4d) to the foreground
10-01 19:21:32.597 23458 23489 D WM-WorkProgressUpdater: Updating progress for bc3fafa7-6986-4604-9dab-69e1176a7d4d (Data {pct : 57, mode : file})
10-01 19:21:32.599 23458 23489 I WM-Processor: Moving WorkSpec (bc3fafa7-6986-4604-9dab-69e1176a7d4d) to the foreground
10-01 19:21:32.600 23458 23489 D WM-WorkProgressUpdater: Updating progress for bc3fafa7-6986-4604-9dab-69e1176a7d4d (Data {pct : 58, mode : file})
10-01 19:21:32.605 23458 23489 I WM-Processor: Moving WorkSpec (bc3fafa7-6986-4604-9dab-69e1176a7d4d) to the foreground
10-01 19:21:32.606 23458 23489 D WM-WorkProgressUpdater: Updating progress for bc3fafa7-6986-4604-9dab-69e1176a7d4d (Data {pct : 60, mode : file})
10-01 19:21:32.609 23458 23489 I WM-Processor: Moving WorkSpec (bc3fafa7-6986-4604-9dab-69e1176a7d4d) to the foreground
10-01 19:21:32.610 23458 23489 D WM-WorkProgressUpdater: Updating progress for bc3fafa7-6986-4604-9dab-69e1176a7d4d (Data {pct : 61, mode : file})
10-01 19:21:32.612 23458 23489 I WM-Processor: Moving WorkSpec (bc3fafa7-6986-4604-9dab-69e1176a7d4d) to the foreground
10-01 19:21:32.613 23458 23489 D WM-WorkProgressUpdater: Updating progress for bc3fafa7-6986-4604-9dab-69e1176a7d4d (Data {pct : 62, mode : file})
10-01 19:21:32.614 23458 23489 I WM-Processor: Moving WorkSpec (bc3fafa7-6986-4604-9dab-69e1176a7d4d) to the foreground
10-01 19:21:32.615 23458 23489 D WM-WorkProgressUpdater: Updating progress for bc3fafa7-6986-4604-9dab-69e1176a7d4d (Data {pct : 63, mode : file})
10-01 19:21:32.617 23458 23489 I WM-Processor: Moving WorkSpec (bc3fafa7-6986-4604-9dab-69e1176a7d4d) to the foreground
10-01 19:21:32.618 23458 23489 D WM-WorkProgressUpdater: Updating progress for bc3fafa7-6986-4604-9dab-69e1176a7d4d (Data {pct : 65, mode : file})
10-01 19:21:32.620 23458 23489 I WM-Processor: Moving WorkSpec (bc3fafa7-6986-4604-9dab-69e1176a7d4d) to the foreground
10-01 19:21:32.621 23458 23489 D WM-WorkProgressUpdater: Updating progress for bc3fafa7-6986-4604-9dab-69e1176a7d4d (Data {pct : 66, mode : file})
10-01 19:21:32.622 23458 23489 I WM-Processor: Moving WorkSpec (bc3fafa7-6986-4604-9dab-69e1176a7d4d) to the foreground
10-01 19:21:32.624 23458 23489 D WM-WorkProgressUpdater: Updating progress for bc3fafa7-6986-4604-9dab-69e1176a7d4d (Data {pct : 67, mode : file})
10-01 19:21:32.625 23458 23489 I WM-Processor: Moving WorkSpec (bc3fafa7-6986-4604-9dab-69e1176a7d4d) to the foreground
10-01 19:21:32.626 23458 23489 D WM-WorkProgressUpdater: Updating progress for bc3fafa7-6986-4604-9dab-69e1176a7d4d (Data {pct : 68, mode : file})
10-01 19:21:32.627 23458 23489 I WM-Processor: Moving WorkSpec (bc3fafa7-6986-4604-9dab-69e1176a7d4d) to the foreground
10-01 19:21:32.628 23458 23489 D WM-WorkProgressUpdater: Updating progress for bc3fafa7-6986-4604-9dab-69e1176a7d4d (Data {pct : 70, mode : file})
10-01 19:21:32.630 23458 23489 I WM-Processor: Moving WorkSpec (bc3fafa7-6986-4604-9dab-69e1176a7d4d) to the foreground
10-01 19:21:32.631 23458 23489 D WM-WorkProgressUpdater: Updating progress for bc3fafa7-6986-4604-9dab-69e1176a7d4d (Data {pct : 71, mode : file})
10-01 19:21:32.633 23458 23489 I WM-Processor: Moving WorkSpec (bc3fafa7-6986-4604-9dab-69e1176a7d4d) to the foreground
10-01 19:21:32.634 23458 23489 D WM-WorkProgressUpdater: Updating progress for bc3fafa7-6986-4604-9dab-69e1176a7d4d (Data {pct : 72, mode : file})
10-01 19:21:32.636 23458 23489 I WM-Processor: Moving WorkSpec (bc3fafa7-6986-4604-9dab-69e1176a7d4d) to the foreground
10-01 19:21:32.637 23458 23489 D WM-WorkProgressUpdater: Updating progress for bc3fafa7-6986-4604-9dab-69e1176a7d4d (Data {pct : 74, mode : file})
10-01 19:21:32.638 23458 23489 I WM-Processor: Moving WorkSpec (bc3fafa7-6986-4604-9dab-69e1176a7d4d) to the foreground
10-01 19:21:32.640 23458 23510 D WM-WorkProgressUpdater: Updating progress for bc3fafa7-6986-4604-9dab-69e1176a7d4d (Data {pct : 75, mode : file})
10-01 19:21:32.641 23458 23510 I WM-Processor: Moving WorkSpec (bc3fafa7-6986-4604-9dab-69e1176a7d4d) to the foreground
10-01 19:21:32.642 23458 23510 D WM-WorkProgressUpdater: Updating progress for bc3fafa7-6986-4604-9dab-69e1176a7d4d (Data {pct : 76, mode : file})
10-01 19:21:32.643 23458 23510 I WM-Processor: Moving WorkSpec (bc3fafa7-6986-4604-9dab-69e1176a7d4d) to the foreground
10-01 19:21:32.644 23458 23510 D WM-WorkProgressUpdater: Updating progress for bc3fafa7-6986-4604-9dab-69e1176a7d4d (Data {pct : 77, mode : file})
10-01 19:21:32.646 23458 23510 I WM-Processor: Moving WorkSpec (bc3fafa7-6986-4604-9dab-69e1176a7d4d) to the foreground
10-01 19:21:32.648 23458 23510 D WM-WorkProgressUpdater: Updating progress for bc3fafa7-6986-4604-9dab-69e1176a7d4d (Data {pct : 79, mode : file})
10-01 19:21:32.649 23458 23510 I WM-Processor: Moving WorkSpec (bc3fafa7-6986-4604-9dab-69e1176a7d4d) to the foreground
10-01 19:21:32.651 23458 23510 D WM-WorkProgressUpdater: Updating progress for bc3fafa7-6986-4604-9dab-69e1176a7d4d (Data {pct : 80, mode : file})
10-01 19:21:32.653 23458 23510 I WM-Processor: Moving WorkSpec (bc3fafa7-6986-4604-9dab-69e1176a7d4d) to the foreground
10-01 19:21:32.654 23458 23510 D WM-WorkProgressUpdater: Updating progress for bc3fafa7-6986-4604-9dab-69e1176a7d4d (Data {pct : 81, mode : file})
10-01 19:21:32.656 23458 23510 I WM-Processor: Moving WorkSpec (bc3fafa7-6986-4604-9dab-69e1176a7d4d) to the foreground
10-01 19:21:32.657 23458 23510 D WM-WorkProgressUpdater: Updating progress for bc3fafa7-6986-4604-9dab-69e1176a7d4d (Data {pct : 83, mode : file})
10-01 19:21:32.659 23458 23510 I WM-Processor: Moving WorkSpec (bc3fafa7-6986-4604-9dab-69e1176a7d4d) to the foreground
10-01 19:21:32.661 23458 23510 D WM-WorkProgressUpdater: Updating progress for bc3fafa7-6986-4604-9dab-69e1176a7d4d (Data {pct : 84, mode : file})
10-01 19:21:32.663 23458 23510 I WM-Processor: Moving WorkSpec (bc3fafa7-6986-4604-9dab-69e1176a7d4d) to the foreground
10-01 19:21:32.665 23458 23506 D WM-WorkProgressUpdater: Updating progress for bc3fafa7-6986-4604-9dab-69e1176a7d4d (Data {pct : 85, mode : file})
10-01 19:21:32.667 23458 23506 I WM-Processor: Moving WorkSpec (bc3fafa7-6986-4604-9dab-69e1176a7d4d) to the foreground
10-01 19:21:32.669 23458 23506 D WM-WorkProgressUpdater: Updating progress for bc3fafa7-6986-4604-9dab-69e1176a7d4d (Data {pct : 86, mode : file})
10-01 19:21:32.671 23458 23506 I WM-Processor: Moving WorkSpec (bc3fafa7-6986-4604-9dab-69e1176a7d4d) to the foreground
10-01 19:21:32.673 23458 23506 D WM-WorkProgressUpdater: Updating progress for bc3fafa7-6986-4604-9dab-69e1176a7d4d (Data {pct : 88, mode : file})
10-01 19:21:32.675 23458 23506 I WM-Processor: Moving WorkSpec (bc3fafa7-6986-4604-9dab-69e1176a7d4d) to the foreground
10-01 19:21:32.677 23458 23506 D WM-WorkProgressUpdater: Updating progress for bc3fafa7-6986-4604-9dab-69e1176a7d4d (Data {pct : 89, mode : file})
10-01 19:21:32.679 23458 23506 I WM-Processor: Moving WorkSpec (bc3fafa7-6986-4604-9dab-69e1176a7d4d) to the foreground
10-01 19:21:32.681 23458 23506 D WM-WorkProgressUpdater: Updating progress for bc3fafa7-6986-4604-9dab-69e1176a7d4d (Data {pct : 90, mode : file})
10-01 19:21:32.683 23458 23506 I WM-Processor: Moving WorkSpec (bc3fafa7-6986-4604-9dab-69e1176a7d4d) to the foreground
10-01 19:21:32.685 23458 23506 D WM-WorkProgressUpdater: Updating progress for 5dbbd0db-e360-4b52-ab8e-e035895f3ac2 (Data {pct : 95, mode : file})
10-01 19:21:32.687 23458 23506 I WM-Processor: Moving WorkSpec (5dbbd0db-e360-4b52-ab8e-e035895f3ac2) to the foreground
10-01 19:21:32.690 23458 23506 I WM-Processor: Moving WorkSpec (5dbbd0db-e360-4b52-ab8e-e035895f3ac2) to the foreground
10-01 19:21:32.692 23458 23506 I WM-WorkerWrapper: Worker result SUCCESS for Work [ id=5dbbd0db-e360-4b52-ab8e-e035895f3ac2, tags={ com.negi.survey.net.GitHubUploadWorker,github_upload,github_upload:file:exports_20261001-191507_SM-S731U_414A86B07D91_2e0dfdba_survey.ndjson.gz } ]
10-01 19:21:32.694 23458 23458 D WM-Processor: Processor 5dbbd0db-e360-4b52-ab8e-e035895f3ac2 executed; reschedule = false
10-01 19:21:32.694 23458 23458 D WM-GreedyScheduler: Stopping tracking for WorkGenerationalId(workSpecId=5dbbd0db-e360-4b52-ab8e-e035895f3ac2, generation=0)
10-01 19:21:32.694 23458 23458 D WM-SystemJobService: 5dbbd0db-e360-4b52-ab8e-e035895f3ac2 executed on JobScheduler
10-01 19:21:32.699 23458 23506 D WM-GreedyScheduler: Cancelling work ID 5dbbd0db-e360-4b52-ab8e-e035895f3ac2
10-01 19:21:34.026 23458 23510 D WM-WorkProgressUpdater: Updating progress for bc3fafa7-6986-4604-9dab-69e1176a7d4d (Data {pct : 95, mode : file})
10-01 19:21:34.027 23458 23485 D GitHubUploader: uploadStream: done url=https://github.com/ishizuki-tech/SurveyExports/blob/main/diagnostics/crash/2026-10-02/prevlog_20261001_233854_pid19617.log sha=7328b0ab4efa36eef5371ae3836b3f34c3d4623a
10-01 19:21:34.033 23458 23510 I WM-Processor: Moving WorkSpec (bc3fafa7-6986-4604-9dab-69e1176a7d4d) to the foreground
10-01 19:21:34.042 23458 23510 I WM-Processor: Moving WorkSpec (bc3fafa7-6986-4604-9dab-69e1176a7d4d) to the foreground
10-01 19:21:34.051 23458 23510 I WM-WorkerWrapper: Worker result SUCCESS for Work [ id=bc3fafa7-6986-4604-9dab-69e1176a7d4d, tags={ com.negi.survey.net.GitHubUploadWorker,github_upload,github_upload:crash:diagnostics_crash_prevlog_20261001_233854_pid19617.log_38fbb2f5 } ]
10-01 19:21:34.056 23458 23458 D WM-Processor: Processor bc3fafa7-6986-4604-9dab-69e1176a7d4d executed; reschedule = false
10-01 19:21:34.056 23458 23458 D WM-GreedyScheduler: Stopping tracking for WorkGenerationalId(workSpecId=bc3fafa7-6986-4604-9dab-69e1176a7d4d, generation=0)
10-01 19:21:34.058 23458 23458 D WM-SystemJobService: bc3fafa7-6986-4604-9dab-69e1176a7d4d executed on JobScheduler
10-01 19:21:34.067 23458 23510 D WM-GreedyScheduler: Cancelling work ID bc3fafa7-6986-4604-9dab-69e1176a7d4d
10-01 19:21:34.465 23458 24509 W github_upload: doRingLogsUpload: upload failed
10-01 19:21:34.465 23458 24509 W github_upload: com.negi.survey.net.GitHubUploader$HttpFailureException: GitHub request failed (409): {"message":"is at 7328b0ab4efa36eef5371ae3836b3f34c3d4623a but expected eb4c9f77fa4a9790bec4b17e87f211e48b66267d","documentation_url":"https://docs.github.com/rest/repos/contents#create-or-update-file-contents","status":"409"}
10-01 19:21:34.465 23458 24509 W github_upload: 	at com.negi.survey.net.GitHubUploader.executeWithRetry(GitHubUploader.kt:689)
10-01 19:21:34.465 23458 24509 W github_upload: 	at com.negi.survey.net.GitHubUploader.access$executeWithRetry(GitHubUploader.kt:51)
10-01 19:21:34.465 23458 24509 W github_upload: 	at com.negi.survey.net.GitHubUploader$executeWithRetry$1.invokeSuspend(Unknown Source:22)
10-01 19:21:34.465 23458 24509 W github_upload: 	at kotlin.coroutines.jvm.internal.BaseContinuationImpl.resumeWith(ContinuationImpl.kt:34)
10-01 19:21:34.465 23458 24509 W github_upload: 	at kotlinx.coroutines.DispatchedTask.run(DispatchedTask.kt:100)
10-01 19:21:34.465 23458 24509 W github_upload: 	at kotlinx.coroutines.internal.LimitedDispatcher$Worker.run(LimitedDispatcher.kt:124)
10-01 19:21:34.465 23458 24509 W github_upload: 	at kotlinx.coroutines.scheduling.TaskImpl.run(Tasks.kt:89)
10-01 19:21:34.465 23458 24509 W github_upload: 	at kotlinx.coroutines.scheduling.CoroutineScheduler.runSafely(CoroutineScheduler.kt:586)
10-01 19:21:34.465 23458 24509 W github_upload: 	at kotlinx.coroutines.scheduling.CoroutineScheduler$Worker.executeTask(CoroutineScheduler.kt:798)
10-01 19:21:34.465 23458 24509 W github_upload: 	at kotlinx.coroutines.scheduling.CoroutineScheduler$Worker.runWorker(CoroutineScheduler.kt:717)
10-01 19:21:34.465 23458 24509 W github_upload: 	at kotlinx.coroutines.scheduling.CoroutineScheduler$Worker.run(CoroutineScheduler.kt:704)
10-01 19:21:34.468 23458 23504 I WM-Processor: Moving WorkSpec (6e664794-a0a2-456d-afb3-f82796dcea40) to the foreground
10-01 19:21:34.478 23458 23504 I WM-WorkerWrapper: Worker result FAILURE for Work [ id=6e664794-a0a2-456d-afb3-f82796dcea40, tags={ com.negi.survey.net.GitHubUploadWorker,github_upload,github_upload:ring_logs } ]
10-01 19:21:34.486 23458 23458 D WM-Processor: Processor 6e664794-a0a2-456d-afb3-f82796dcea40 executed; reschedule = false
10-01 19:21:34.486 23458 23458 D WM-GreedyScheduler: Stopping tracking for WorkGenerationalId(workSpecId=6e664794-a0a2-456d-afb3-f82796dcea40, generation=0)
10-01 19:21:34.487 23458 23458 D WM-SystemJobService: 6e664794-a0a2-456d-afb3-f82796dcea40 executed on JobScheduler
10-01 19:21:34.496 23458 23504 D WM-GreedyScheduler: Cancelling work ID 6e664794-a0a2-456d-afb3-f82796dcea40
10-01 19:21:37.131 23458 24509 D GitHubUploader: uploadStream: done url=https://github.com/ishizuki-tech/SurveyExports/blob/main/diagnostics/runtime_logs/2026-10-02/runtime_logs_startup_runtime_20261002_002000_d8fc433c_receiver_my_package_repl/runtime_log_20261002_002122_208_pid23458_receiver_my_package_repl__rtlog_20261001_234746_987_pid12514_seq3.log sha=b2086f42d9c84d1dee6dd511ec81fafda2c11170
10-01 19:21:37.131 23458 23489 D WM-WorkProgressUpdater: Updating progress for 61987175-d848-4fee-a061-c0c4fdd52174 (Data {pct : 88, mode : startup_runtime_logs})
10-01 19:21:37.139 23458 23510 I WM-Processor: Moving WorkSpec (61987175-d848-4fee-a061-c0c4fdd52174) to the foreground
10-01 19:21:37.146 23458 24509 D RuntimeLogStore: deleteRolledLogFiles: deleted=1 excludeActive=true active=rtlog_20261002_002122_204_pid23458_seq2.log
10-01 19:21:37.547 23458 24509 D GitHubUploader: uploadStream: owner=ishizuki-tech repo=SurveyExports branch=main path=diagnostics/runtime_logs/2026-10-02/runtime_logs_startup_runtime_20261002_002000_d8fc433c_receiver_my_package_repl/logcat_startup_runtime_20261002_002000_d8fc433c.log.gz size=12963 maxRawBytesHint=1000000 maxRequestBytesHint=2800000
10-01 19:21:37.549 23458 23506 D WM-WorkProgressUpdater: Updating progress for 61987175-d848-4fee-a061-c0c4fdd52174 (Data {pct : 90, mode : startup_runtime_logs})
10-01 19:21:37.555 23458 23506 I WM-Processor: Moving WorkSpec (61987175-d848-4fee-a061-c0c4fdd52174) to the foreground
10-01 19:21:37.801 23458 23510 D WM-WorkProgressUpdater: Updating progress for 61987175-d848-4fee-a061-c0c4fdd52174 (Data {pct : 91, mode : startup_runtime_logs})
10-01 19:21:37.809 23458 23510 I WM-Processor: Moving WorkSpec (61987175-d848-4fee-a061-c0c4fdd52174) to the foreground
10-01 19:21:37.814 23458 23510 D WM-WorkProgressUpdater: Updating progress for 61987175-d848-4fee-a061-c0c4fdd52174 (Data {pct : 96, mode : startup_runtime_logs})
10-01 19:21:37.816 23458 23510 I WM-Processor: Moving WorkSpec (61987175-d848-4fee-a061-c0c4fdd52174) to the foreground
10-01 19:21:37.819 23458 23510 D WM-WorkProgressUpdater: Updating progress for 61987175-d848-4fee-a061-c0c4fdd52174 (Data {pct : 99, mode : startup_runtime_logs})
10-01 19:21:37.821 23458 23510 I WM-Processor: Moving WorkSpec (61987175-d848-4fee-a061-c0c4fdd52174) to the foreground
10-01 19:21:38.969 23458 24509 D GitHubUploader: uploadStream: done url=https://github.com/ishizuki-tech/SurveyExports/blob/main/diagnostics/runtime_logs/2026-10-02/runtime_logs_startup_runtime_20261002_002000_d8fc433c_receiver_my_package_repl/logcat_startup_runtime_20261002_002000_d8fc433c.log.gz sha=2827194d25ade8f60a4ff6b25175089b1039a52d
10-01 19:21:38.974 23458 23504 I WM-Processor: Moving WorkSpec (61987175-d848-4fee-a061-c0c4fdd52174) to the foreground
10-01 19:21:38.986 23458 23504 I WM-WorkerWrapper: Worker result SUCCESS for Work [ id=61987175-d848-4fee-a061-c0c4fdd52174, tags={ com.negi.survey.net.GitHubUploadWorker,github_upload,github_upload:startup_runtime_logs } ]
10-01 19:21:38.997 23458 23458 E WM-Processor: Unable to stop foreground service
10-01 19:21:38.997 23458 23458 E WM-Processor: android.app.BackgroundServiceStartNotAllowedException: Not allowed to start service Intent { act=ACTION_STOP_FOREGROUND xflg=0x4 cmp=com.negi.survey/androidx.work.impl.foreground.SystemForegroundService }: app is in background uid UidRecord{b73aeb0 u0a354 TRNB bg:+1m18s697ms idle change:procadj procs:0 seq(19596,19163)} caps=---N---TI
10-01 19:21:38.997 23458 23458 E WM-Processor: 	at android.app.ContextImpl.startServiceCommon(ContextImpl.java:2184)
10-01 19:21:38.997 23458 23458 E WM-Processor: 	at android.app.ContextImpl.startService(ContextImpl.java:2129)
10-01 19:21:38.997 23458 23458 E WM-Processor: 	at android.content.ContextWrapper.startService(ContextWrapper.java:898)
10-01 19:21:38.997 23458 23458 E WM-Processor: 	at androidx.work.impl.Processor.stopForegroundService(Processor.java:400)
10-01 19:21:38.997 23458 23458 E WM-Processor: 	at androidx.work.impl.Processor.cleanUpWorkerUnsafe(Processor.java:421)
10-01 19:21:38.997 23458 23458 E WM-Processor: 	at androidx.work.impl.Processor.onExecuted(Processor.java:344)
10-01 19:21:38.997 23458 23458 E WM-Processor: 	at androidx.work.impl.Processor.lambda$startWork$1$androidx-work-impl-Processor(Processor.java:179)
10-01 19:21:38.997 23458 23458 E WM-Processor: 	at androidx.work.impl.Processor$$ExternalSyntheticLambda2.run(D8$$SyntheticClass:0)
10-01 19:21:38.997 23458 23458 E WM-Processor: 	at android.os.Handler.handleCallback(Handler.java:1070)
10-01 19:21:38.997 23458 23458 E WM-Processor: 	at android.os.Handler.dispatchMessage(Handler.java:125)
10-01 19:21:38.997 23458 23458 E WM-Processor: 	at android.os.Looper.dispatchMessage(Looper.java:358)
10-01 19:21:38.997 23458 23458 E WM-Processor: 	at android.os.Looper.loopOnce(Looper.java:288)
10-01 19:21:38.997 23458 23458 E WM-Processor: 	at android.os.Looper.loop(Looper.java:392)
10-01 19:21:38.997 23458 23458 E WM-Processor: 	at android.app.ActivityThread.main(ActivityThread.java:10346)
10-01 19:21:38.997 23458 23458 E WM-Processor: 	at java.lang.reflect.Method.invoke(Native Method)
10-01 19:21:38.997 23458 23458 E WM-Processor: 	at com.android.internal.os.RuntimeInit$MethodAndArgsCaller.run(RuntimeInit.java:638)
10-01 19:21:38.997 23458 23458 E WM-Processor: 	at com.android.internal.os.ZygoteInit.main(ZygoteInit.java:972)
10-01 19:21:39.001 23458 23458 D WM-Processor: Processor 61987175-d848-4fee-a061-c0c4fdd52174 executed; reschedule = false
10-01 19:21:39.001 23458 23458 D WM-GreedyScheduler: Stopping tracking for WorkGenerationalId(workSpecId=61987175-d848-4fee-a061-c0c4fdd52174, generation=0)
10-01 19:21:39.003 23458 23458 D WM-SystemJobService: 61987175-d848-4fee-a061-c0c4fdd52174 executed on JobScheduler
10-01 19:21:39.022 23458 23510 D WM-GreedyScheduler: Cancelling work ID 61987175-d848-4fee-a061-c0c4fdd52174
10-01 19:21:39.031 23458 23510 D WM-WorkConstraintsTrack: NetworkRequestConstraintController unregister shared callback
10-01 19:21:39.032 23458 23510 D ConnectivityManager: StackLog: [android.net.ConnectivityManager.unregisterNetworkCallback(ConnectivityManager.java:5573)] [androidx.work.impl.constraints.SharedNetworkCallback.addCallback$lambda$9(WorkConstraintsTracker.kt:385)] [androidx.work.impl.constraints.SharedNetworkCallback$$ExternalSyntheticLambda0.invoke(D8$$SyntheticClass:0)] [androidx.work.impl.constraints.NetworkRequestConstraintController$track$1.invokeSuspend$lambda$1(WorkConstraintsTracker.kt:191)] [androidx.work.impl.constraints.NetworkRequestConstraintController$track$1$$ExternalSyntheticLambda1.invoke(D8$$SyntheticClass:0)] [kotlinx.coroutines.channels.ProduceKt.awaitClose(Produce.kt:69)] [kotlinx.coroutines.channels.ProduceKt$awaitClose$1.invokeSuspend(Unknown Source:12)] [kotlin.coroutines.jvm.internal.BaseContinuationImpl.resumeWith(ContinuationImpl.kt:34)] [kotlinx.coroutines.DispatchedTask.run(DispatchedTask.kt:98)] [androidx.work.impl.utils.SerialExecutorImpl$Task.run(SerialExecutorImpl.java:96)] [java.util.concurrent.ThreadPoolExecutor.runWorker(ThreadPoolExecutor.java:1154)] [java.util.concurrent.ThreadPoolExecutor$Worker.run(ThreadPoolExecutor.java:652)] [java.lang.Thread.run(Thread.java:1563)]
10-01 19:22:00.340 23458 23458 D WM-DelayedWorkTracker: Scheduling work a25fb0c1-58af-4c13-9b2b-1363736f33de
10-01 19:22:00.345 23458 23458 D WM-GreedyScheduler: Starting tracking for a25fb0c1-58af-4c13-9b2b-1363736f33de
10-01 19:22:00.355 23458 23458 D WM-SystemJobService: onStartJob for WorkGenerationalId(workSpecId=a25fb0c1-58af-4c13-9b2b-1363736f33de, generation=0)
10-01 19:22:00.385 23458 23489 D WM-Processor: Processor: processing WorkGenerationalId(workSpecId=a25fb0c1-58af-4c13-9b2b-1363736f33de, generation=0)
10-01 19:22:00.408 23458 23458 D WM-WorkerWrapper: Starting work for com.negi.survey.net.GitHubUploadWorker
10-01 19:22:00.408 23458 23489 D WM-WorkConstraintsTrack: NetworkRequestConstraintController register shared callback
10-01 19:22:00.410 23458 23489 D ConnectivityManager: StackLog: [android.net.ConnectivityManager.sendRequestForNetwork(ConnectivityManager.java:4738)] [android.net.ConnectivityManager.registerDefaultNetworkCallbackForUid(ConnectivityManager.java:5463)] [android.net.ConnectivityManager.registerDefaultNetworkCallback(ConnectivityManager.java:5430)] [android.net.ConnectivityManager.registerDefaultNetworkCallback(ConnectivityManager.java:5404)] [androidx.work.impl.constraints.SharedNetworkCallback.addCallback(WorkConstraintsTracker.kt:362)] [androidx.work.impl.constraints.NetworkRequestConstraintController$track$1.invokeSuspend(WorkConstraintsTracker.kt:179)] [androidx.work.impl.constraints.NetworkRequestConstraintController$track$1.invoke(Unknown Source:8)] [androidx.work.impl.constraints.NetworkRequestConstraintController$track$1.invoke(Unknown Source:4)] [kotlinx.coroutines.flow.ChannelFlowBuilder.collectTo$suspendImpl(Builders.kt:316)] [kotlinx.coroutines.flow.ChannelFlowBuilder.collectTo(Unknown Source:0)] [kotlinx.coroutines.flow.CallbackFlowBuilder.collectTo(Builders.kt:330)] [kotlinx.coroutines.flow.internal.ChannelFlow$collectToFun$1.invokeSuspend(ChannelFlow.kt:56)] [kotlin.coroutines.jvm.internal.BaseContinuationImpl.resumeWith(ContinuationImpl.kt:34)] [kotlinx.coroutines.DispatchedTask.run(DispatchedTask.kt:100)] [androidx.work.impl.utils.SerialExecutorImpl$Task.run(SerialExecutorImpl.java:96)] [java.util.concurrent.ThreadPoolExecutor.runWorker(ThreadPoolExecutor.java:1154)] [java.util.concurrent.ThreadPoolExecutor$Worker.run(ThreadPoolExecutor.java:652)] [java.lang.Thread.run(Thread.java:1563)]
10-01 19:22:00.415 23458 23511 D WM-WorkConstraintsTrack: NetworkRequestConstraintController onCapabilitiesChanged callback
10-01 19:22:00.415 23458 23511 D WM-WorkConstraintsTrack: Not dispatching constraint state yet: isBlocked=null, capabilitiesInitialized=true
10-01 19:22:00.416 23458 23511 D WM-WorkConstraintsTrack: NetworkRequestConstraintController onBlockedStatusChanged callback false
10-01 19:22:00.416 23458 23489 I WM-Processor: Moving WorkSpec (a25fb0c1-58af-4c13-9b2b-1363736f33de) to the foreground
10-01 19:22:00.426 23458 23489 D WM-GreedyScheduler: Constraints met: Scheduling work ID WorkGenerationalId(workSpecId=a25fb0c1-58af-4c13-9b2b-1363736f33de, generation=0)
10-01 19:22:00.426 23458 24509 W github_upload: doWork: setForeground failed; continuing best-effort. err=startForegroundService() not allowed due to mAllowStartForeground false: service com.negi.survey/androidx.work.impl.foreground.SystemForegroundService
10-01 19:22:00.426 23458 24509 W github_upload: android.app.ForegroundServiceStartNotAllowedException: startForegroundService() not allowed due to mAllowStartForeground false: service com.negi.survey/androidx.work.impl.foreground.SystemForegroundService
10-01 19:22:00.426 23458 24509 W github_upload: 	at android.app.ForegroundServiceStartNotAllowedException$1.createFromParcel(ForegroundServiceStartNotAllowedException.java:54)
10-01 19:22:00.426 23458 24509 W github_upload: 	at android.app.ForegroundServiceStartNotAllowedException$1.createFromParcel(ForegroundServiceStartNotAllowedException.java:50)
10-01 19:22:00.426 23458 24509 W github_upload: 	at android.os.Parcel.readParcelableInternal(Parcel.java:5277)
10-01 19:22:00.426 23458 24509 W github_upload: 	at android.os.Parcel.readParcelable(Parcel.java:5258)
10-01 19:22:00.426 23458 24509 W github_upload: 	at android.os.Parcel.createExceptionOrNull(Parcel.java:3383)
10-01 19:22:00.426 23458 24509 W github_upload: 	at android.os.Parcel.createException(Parcel.java:3372)
10-01 19:22:00.426 23458 24509 W github_upload: 	at android.os.Parcel.readException(Parcel.java:3355)
10-01 19:22:00.426 23458 24509 W github_upload: 	at android.os.Parcel.readException(Parcel.java:3297)
10-01 19:22:00.426 23458 24509 W github_upload: 	at android.app.IActivityManager$Stub$Proxy.startService(IActivityManager.java:6869)
10-01 19:22:00.426 23458 24509 W github_upload: 	at android.app.ContextImpl.startServiceCommon(ContextImpl.java:2170)
10-01 19:22:00.426 23458 24509 W github_upload: 	at android.app.ContextImpl.startForegroundService(ContextImpl.java:2135)
10-01 19:22:00.426 23458 24509 W github_upload: 	at android.content.ContextWrapper.startForegroundService(ContextWrapper.java:903)
10-01 19:22:00.426 23458 24509 W github_upload: 	at androidx.core.content.ContextCompat$Api26Impl.startForegroundService(ContextCompat.java:871)
10-01 19:22:00.426 23458 24509 W github_upload: 	at androidx.core.content.ContextCompat.startForegroundService(ContextCompat.java:563)
10-01 19:22:00.426 23458 24509 W github_upload: 	at androidx.work.impl.Processor.startForeground(Processor.java:205)
10-01 19:22:00.426 23458 24509 W github_upload: 	at androidx.work.impl.utils.WorkForegroundUpdater.lambda$setForegroundAsync$0$androidx-work-impl-utils-WorkForegroundUpdater(WorkForegroundUpdater.java:93)
10-01 19:22:00.426 23458 24509 W github_upload: 	at androidx.work.impl.utils.WorkForegroundUpdater$$ExternalSyntheticLambda0.invoke(D8$$SyntheticClass:0)
10-01 19:22:00.426 23458 24509 W github_upload: 	at androidx.work.ListenableFutureKt.executeAsync$lambda$4$lambda$3(ListenableFuture.kt:59)
10-01 19:22:00.426 23458 24509 W github_upload: 	at androidx.work.ListenableFutureKt$$ExternalSyntheticLambda3.run(D8$$SyntheticClass:0)
10-01 19:22:00.426 23458 24509 W github_upload: 	at androidx.work.impl.utils.SerialExecutorImpl$Task.run(SerialExecutorImpl.java:96)
10-01 19:22:00.426 23458 24509 W github_upload: 	at java.util.concurrent.ThreadPoolExecutor.runWorker(ThreadPoolExecutor.java:1154)
10-01 19:22:00.426 23458 24509 W github_upload: 	at java.util.concurrent.ThreadPoolExecutor$Worker.run(ThreadPoolExecutor.java:652)
10-01 19:22:00.426 23458 24509 W github_upload: 	at java.lang.Thread.run(Thread.java:1563)
10-01 19:22:00.427 23458 23489 D WM-Processor: Work WorkGenerationalId(workSpecId=a25fb0c1-58af-4c13-9b2b-1363736f33de, generation=0) is already enqueued for processing
10-01 19:22:00.428 23458 23504 I WM-WorkerWrapper: Worker result FAILURE for Work [ id=a25fb0c1-58af-4c13-9b2b-1363736f33de, tags={ com.negi.survey.net.GitHubUploadWorker,github_upload,github_upload:file:diagnostics_logcat_logcat_2026-10-01_19-15-48_pid12514_2e0dfdba.log.gz } ]
10-01 19:22:00.433 23458 23458 E WM-Processor: Unable to stop foreground service
10-01 19:22:00.433 23458 23458 E WM-Processor: android.app.BackgroundServiceStartNotAllowedException: Not allowed to start service Intent { act=ACTION_STOP_FOREGROUND xflg=0x4 cmp=com.negi.survey/androidx.work.impl.foreground.SystemForegroundService }: app is in background uid UidRecord{b73aeb0 u0a354 TRNB bg:+1m40s134ms idle change:procadj procs:0 seq(19784,19783)} caps=-------TI
10-01 19:22:00.433 23458 23458 E WM-Processor: 	at android.app.ContextImpl.startServiceCommon(ContextImpl.java:2184)
10-01 19:22:00.433 23458 23458 E WM-Processor: 	at android.app.ContextImpl.startService(ContextImpl.java:2129)
10-01 19:22:00.433 23458 23458 E WM-Processor: 	at android.content.ContextWrapper.startService(ContextWrapper.java:898)
10-01 19:22:00.433 23458 23458 E WM-Processor: 	at androidx.work.impl.Processor.stopForegroundService(Processor.java:400)
10-01 19:22:00.433 23458 23458 E WM-Processor: 	at androidx.work.impl.Processor.cleanUpWorkerUnsafe(Processor.java:421)
10-01 19:22:00.433 23458 23458 E WM-Processor: 	at androidx.work.impl.Processor.onExecuted(Processor.java:344)
10-01 19:22:00.433 23458 23458 E WM-Processor: 	at androidx.work.impl.Processor.lambda$startWork$1$androidx-work-impl-Processor(Processor.java:179)
10-01 19:22:00.433 23458 23458 E WM-Processor: 	at androidx.work.impl.Processor$$ExternalSyntheticLambda2.run(D8$$SyntheticClass:0)
10-01 19:22:00.433 23458 23458 E WM-Processor: 	at android.os.Handler.handleCallback(Handler.java:1070)
10-01 19:22:00.433 23458 23458 E WM-Processor: 	at android.os.Handler.dispatchMessage(Handler.java:125)
10-01 19:22:00.433 23458 23458 E WM-Processor: 	at android.os.Looper.dispatchMessage(Looper.java:358)
10-01 19:22:00.433 23458 23458 E WM-Processor: 	at android.os.Looper.loopOnce(Looper.java:288)
10-01 19:22:00.433 23458 23458 E WM-Processor: 	at android.os.Looper.loop(Looper.java:392)
10-01 19:22:00.433 23458 23458 E WM-Processor: 	at android.app.ActivityThread.main(ActivityThread.java:10346)
10-01 19:22:00.433 23458 23458 E WM-Processor: 	at java.lang.reflect.Method.invoke(Native Method)
10-01 19:22:00.433 23458 23458 E WM-Processor: 	at com.android.internal.os.RuntimeInit$MethodAndArgsCaller.run(RuntimeInit.java:638)
10-01 19:22:00.433 23458 23458 E WM-Processor: 	at com.android.internal.os.ZygoteInit.main(ZygoteInit.java:972)
10-01 19:22:00.434 23458 23458 D WM-Processor: Processor a25fb0c1-58af-4c13-9b2b-1363736f33de executed; reschedule = false
10-01 19:22:00.434 23458 23458 D WM-GreedyScheduler: Stopping tracking for WorkGenerationalId(workSpecId=a25fb0c1-58af-4c13-9b2b-1363736f33de, generation=0)
10-01 19:22:00.436 23458 23458 D WM-SystemJobService: a25fb0c1-58af-4c13-9b2b-1363736f33de executed on JobScheduler
10-01 19:22:00.436 23458 23504 D WM-PackageManagerHelper: androidx.work.impl.background.systemalarm.RescheduleReceiver disabled
10-01 19:22:00.441 23458 23504 D WM-GreedyScheduler: Cancelling work ID a25fb0c1-58af-4c13-9b2b-1363736f33de
10-01 19:22:00.444 23458 23504 D WM-WorkConstraintsTrack: NetworkRequestConstraintController unregister shared callback
10-01 19:22:00.445 23458 23504 D ConnectivityManager: StackLog: [android.net.ConnectivityManager.unregisterNetworkCallback(ConnectivityManager.java:5573)] [androidx.work.impl.constraints.SharedNetworkCallback.addCallback$lambda$9(WorkConstraintsTracker.kt:385)] [androidx.work.impl.constraints.SharedNetworkCallback$$ExternalSyntheticLambda0.invoke(D8$$SyntheticClass:0)] [androidx.work.impl.constraints.NetworkRequestConstraintController$track$1.invokeSuspend$lambda$1(WorkConstraintsTracker.kt:191)] [androidx.work.impl.constraints.NetworkRequestConstraintController$track$1$$ExternalSyntheticLambda1.invoke(D8$$SyntheticClass:0)] [kotlinx.coroutines.channels.ProduceKt.awaitClose(Produce.kt:69)] [kotlinx.coroutines.channels.ProduceKt$awaitClose$1.invokeSuspend(Unknown Source:12)] [kotlin.coroutines.jvm.internal.BaseContinuationImpl.resumeWith(ContinuationImpl.kt:34)] [kotlinx.coroutines.DispatchedTask.run(DispatchedTask.kt:98)] [androidx.work.impl.utils.SerialExecutorImpl$Task.run(SerialExecutorImpl.java:96)] [java.util.concurrent.ThreadPoolExecutor.runWorker(ThreadPoolExecutor.java:1154)] [java.util.concurrent.ThreadPoolExecutor$Worker.run(ThreadPoolExecutor.java:652)] [java.lang.Thread.run(Thread.java:1563)]
10-01 19:22:09.181 25348 25348 I Zygote  : Process 25348 created for com.negi.survey
10-01 19:22:09.181 25348 25348 I com.negi.survey: Using CollectorTypeCMC GC.
10-01 19:22:09.185 25348 25348 D nativeloader: Load libframework-connectivity-tiramisu-jni.so using APEX ns com_android_tethering for caller /apex/com.android.tethering/javalib/framework-connectivity-t.jar: ok
10-01 19:22:09.186 25348 25348 D ActivityThread: setConscryptValidator
10-01 19:22:09.186 25348 25348 D ActivityThread: setConscryptValidator - put
10-01 19:22:09.192 25348 25348 D ApplicationLoaders: Returning zygote-cached class loader: /system_ext/framework/androidx.window.extensions.jar
10-01 19:22:09.192 25348 25348 D ApplicationLoaders: Returning zygote-cached class loader: /system_ext/framework/androidx.window.sidecar.jar
10-01 19:22:09.200 25348 25348 D nativeloader: Configuring clns-9 for other apk /data/app/~~gFidtZyMRxj-dKRfDjTuLQ==/com.negi.survey-8sZgGZ2-l4wvuUfNowg44g==/base.apk. target_sdk_version=36, uses_libraries=libOpenCL.so, library_path=/data/app/~~gFidtZyMRxj-dKRfDjTuLQ==/com.negi.survey-8sZgGZ2-l4wvuUfNowg44g==/lib/arm64:/data/app/~~gFidtZyMRxj-dKRfDjTuLQ==/com.negi.survey-8sZgGZ2-l4wvuUfNowg44g==/base.apk!/lib/arm64-v8a, permitted_path=/data:/mnt/expand:/data/user/0/com.negi.survey
10-01 19:22:09.203 25348 25348 V GraphicsEnvironment: Currently set values for:
10-01 19:22:09.203 25348 25348 V GraphicsEnvironment:   angle_gl_driver_selection_pkgs=[]
10-01 19:22:09.203 25348 25348 V GraphicsEnvironment:   angle_gl_driver_selection_values=[]
10-01 19:22:09.203 25348 25348 V GraphicsEnvironment: com.negi.survey is not listed in per-application setting
10-01 19:22:09.203 25348 25348 V GraphicsEnvironment: ANGLE allowlist from config: com.dreamgames.royalmatch com.dts.freefiremax com.dxx.firenow com.gramgames.mergedragons com.ludo.king com.mojang.minecraftpe com.my.defense com.nintendo.zaka com.os.airforce com.playrix.fishdomdd.gplay io.teslatech.callbreak jp.konami.prospia net.peakgames.toonblast
10-01 19:22:09.203 25348 25348 V GraphicsEnvironment: No special selections for ANGLE, returning default driver choice
10-01 19:22:09.203 25348 25348 V GraphicsEnvironment: Neither updatable production driver nor prerelease driver is supported.
10-01 19:22:09.223 25348 25348 D nativeloader: Load /data/app/~~gFidtZyMRxj-dKRfDjTuLQ==/com.negi.survey-8sZgGZ2-l4wvuUfNowg44g==/base.apk!/lib/arm64-v8a/liblitertlm_jni.so using class loader ns clns-9 (caller=/data/app/~~gFidtZyMRxj-dKRfDjTuLQ==/com.negi.survey-8sZgGZ2-l4wvuUfNowg44g==/base.apk!classes4.dex): ok
10-01 19:22:09.223 25348 25348 D SurveyApp: Loaded LiteRTLM JNI: litertlm_jni where=attachBaseContext
10-01 19:22:09.224 25348 25348 D AppRingLogStore: installed: dir=/data/user/0/com.negi.survey/files/diagnostics/applog_ring idx=0
10-01 19:22:09.224 25348 25348 D CrashCapture: install: ensured default handler. where=SurveyApp:attachBaseContext pid=25348 default=com.negi.survey.CrashCapture$CrashHandler@364116c
10-01 19:22:09.225 25348 25362 D RuntimeLogStore: openWriter: start -> /data/user/0/com.negi.survey/files/diagnostics/runtime_logs/rtlog_20261002_002209_224_pid25348_seq1.log (bytes=0 format=LEGACY)
10-01 19:22:09.225 25348 25362 D RuntimeLogStore: retention: start files=2 kept=2 totalBytes=661
10-01 19:22:09.227 25348 25348 D SurveyApp: LiteRTLM JNI already loaded; skip. where=onCreate(retry)
10-01 19:22:09.228 25348 25348 D CrashCapture: install: ensured default handler. where=SurveyApp:onCreate(rewrap) pid=25348 default=com.negi.survey.CrashCapture$CrashHandler@364116c
10-01 19:22:09.228 25348 25348 D CrashCapture: registerSelfHealing: ActivityLifecycleCallbacks registered. mode=onResumedOnly
--------- beginning of system
10-01 19:22:09.231 25348 25348 D ActivityThread: com.negi.survey will use render engine as VK
10-01 19:22:09.231 25348 25348 D HWUI    : HWUI - treat SMPTE_170M as sRGB
10-01 19:22:09.231 25348 25368 I DisplayManager: Choreographer implicitly registered for the refresh rate.
10-01 19:22:09.232 25348 25368 D HWUI    : CacheManager constructor. deviceInfo=(1080, 1920)
10-01 19:22:09.232 25348 25368 D vulkan  : searching for layers in '/data/app/~~gFidtZyMRxj-dKRfDjTuLQ==/com.negi.survey-8sZgGZ2-l4wvuUfNowg44g==/lib/arm64'
10-01 19:22:09.232 25348 25368 D vulkan  : searching for layers in '/data/app/~~gFidtZyMRxj-dKRfDjTuLQ==/com.negi.survey-8sZgGZ2-l4wvuUfNowg44g==/base.apk!/lib/arm64-v8a'
10-01 19:22:09.232 25348 25368 V XGL     : ----------------------------------------------------------------------
10-01 19:22:09.232 25348 25368 V XGL     : SUMD version compiled date     = 2026-01-09 09:57 - KST
10-01 19:22:09.232 25348 25364 I UploadRescheduleRcvr: Survey recovery action=android.intent.action.BOOT_COMPLETED discovered=0 reconciled=0 duplicates=0 unclassified=0 operationalFailures=0 classifications={}
10-01 19:22:09.232 25348 25368 V XGL     : SUMD version revision number   = 1900168dcb
10-01 19:22:09.232 25348 25368 V XGL     : SUMD version info              = Driver version: 24.0.534, git hash: 1900168dcb
10-01 19:22:09.232 25348 25368 V XGL     : ----------------------------------------------------------------------
10-01 19:22:09.232 25348 25368 V XGL     : Entering: Create
10-01 19:22:09.233 25348 25364 D UploadRescheduleRcvr: No generic GitHub pending files for action=android.intent.action.BOOT_COMPLETED
10-01 19:22:09.235 25348 25348 D DesktopExperienceFlags: Toggle override initialized to: false
10-01 19:22:09.237 25348 25364 D github_upload: enqueueStartupRuntimeLogsUpload: uniqueName=upload_runtime_logs_startup policy=KEEP session=startup_runtime_20261002_002209_c9748f43
10-01 19:22:09.238 25348 25348 E ashmem  : Pinning is deprecated since Android Q. Please use trim or other methods.
10-01 19:22:09.239 25348 25368 V XGL     : Exiting: Create
10-01 19:22:09.239 25348 25364 D WM-PackageManagerHelper: Skipping component enablement for androidx.work.impl.background.systemjob.SystemJobService
10-01 19:22:09.239 25348 25364 D WM-Schedulers: Created SystemJobScheduler and enabled SystemJobService
10-01 19:22:09.239 25348 25374 D WM-ForceStopRunnable: Is default app process = true
10-01 19:22:09.240 25348 25374 D WM-ForceStopRunnable: Performing cleanup operations.
10-01 19:22:09.240 25348 25364 D UploadRescheduleRcvr: Enqueued runtime logs upload for action=android.intent.action.BOOT_COMPLETED reason=receiver_boot_completed
10-01 19:22:09.242 25348 25348 D CompatChangeReporter: Compat change id reported: 377864165; UID 10354; state: ENABLED
10-01 19:22:09.242 25348 25348 D DesktopModeFlags: Toggle override initialized to: OVERRIDE_UNSET
10-01 19:22:09.243 25348 25348 I DecorView: setWindowBackground: isPopOver=false color=fffafafa d=android.graphics.drawable.ColorDrawable@951e8e7
10-01 19:22:09.243 25348 25348 D PhoneWindow: forceLight changed to false [] from com.android.internal.policy.PhoneWindow.updateForceLightNavigationBar:663 com.android.internal.policy.PhoneWindow.setNavigationBarColor:4435 androidx.activity.EdgeToEdgeApi35.setUp:353 androidx.activity.EdgeToEdge.enableEdgeToEdge$lambda$1:101 androidx.activity.EdgeToEdge$$ExternalSyntheticLambda0.run:0 
10-01 19:22:09.246 25348 25374 D WM-SystemJobScheduler: Reconciling jobs
10-01 19:22:09.246 25348 25348 D CrashCapture: install: ensured default handler. where=selfHeal:onActivityResumed pid=25348 default=com.negi.survey.CrashCapture$CrashHandler@364116c
10-01 19:22:09.249 25348 25348 D ViewRootImpl: desktopMode is false
10-01 19:22:09.250 25348 25348 I ViewRootImpl: dVRR is disabled
10-01 19:22:09.250 25348 25348 D HardwareRenderer: onDisplayChanged. displayId=0 current wxh=1080x2340 mLargest wxh=0x0
10-01 19:22:09.250 25348 25348 D HardwareRenderer: Set largestWidth and largestHeight as logical resolution. (1080x2340)
10-01 19:22:09.250 25348 25368 D HWUI    : setMaxSurfaceArea requested wxh=(1080,2340) requestedSurfaceArea(2527200) mMaxSurfaceArea(2073600)
10-01 19:22:09.250 25348 25368 D NativeCustomFrequencyManager: [NativeCFMS] BpCustomFrequencyManager::BpCustomFrequencyManager()
10-01 19:22:09.253 25348 25378 I com.negi.survey: [HIDL_FETCH_IMapper] android.hardware.graphics.mapper@4.0: Loaded Mapper successfully.
10-01 19:22:09.253 25348 25348 D InputTransport: Input channel constructed: '26d7f c', fd=115
10-01 19:22:09.253 25348 25348 I InsetsController: onStateChanged: host=com.negi.survey/com.negi.survey.MainActivity, from=android.view.ViewRootImpl.onInsetsStateChanged:3038, state=InsetsState: {mDisplayFrame=Rect(0, 0 - 1080, 2340), mDisplayCutout=DisplayCutout{insets=Rect(0, 82 - 0, 0) waterfall=Insets{left=0, top=0, right=0, bottom=0} boundingRect={Bounds=[Rect(0, 0 - 0, 0), Rect(511, 24 - 569, 82), Rect(0, 0 - 0, 0), Rect(0, 0 - 0, 0)]} cutoutPathParserInfo={CutoutPathParserInfo{displayWidth=1080 displayHeight=2340 physicalDisplayWidth=1080 physicalDisplayHeight=2340 density={2.8125} cutoutSpec={M 0,0 M 0, 8.533333333333333 a 10.31111111111111,10.31111111111111 0 1,0 0,20.62222222222222 a 10.31111111111111,10.31111111111111 0 1,0 0,-20.62222222222222 Z @dp} rotation={0} scale={1.0} physicalPixelDisplaySizeRatio={1.0}}} sideOverrides={}}, mRoundedCorners=RoundedCorners{[RoundedCorner{position=TopLeft, radius=113, center=Point(113, 113)}, RoundedCorner{position=TopRight, radius=113, center=Point(967, 113)}, RoundedCorner{position=BottomRight, radius=113, center=Point(967, 2227)}, RoundedCorner{position=BottomLeft, radius=113, center=Point(113, 2227)}]}  mRoundedCornerFrame=Rect(0, 0 - 1080, 2340), mPrivacyIndicatorBounds=PrivacyIndicatorBounds {static bounds=Rect(956, 0 - 1080, 97) rotation=0}, mDisplayShape=DisplayShape{ spec=-311912193 displayWidth=1080 displayHeight=2340 physicalPixelDisplaySizeRatio=1.0 rotation=0 offsetX=0 offsetY=0 scale=1.0}, mSources= { InsetsSource: {d29a0000 mType=statusBars mFrame=[0,0][1080,97] mAttachedInsets=null mVisible=true mFlags= mSideHint=TOP mBoundingRects=null}, InsetsSource: {d29a0005 mType=mandatorySystemGestures mFrame=[0,0][1080,116] mAttachedInsets=null mVisible=true mFlags= mSideHint=TOP mBoundingRects=null}, InsetsSource: {d29a0006 mType=tappableElement mFrame=[0,0][1080,97] mAttachedInsets=null mVisible=true mFlags= mSideHint=TOP mBoundingRects=null}, InsetsSource: {3 mType=ime mFrame=[0,0][0,0] mAttachedInsets=null mVisible=false mFlags=INVALID mSideHint=NONE mBoundingRects=null}, InsetsSource: {27 mType=displayCutout mFrame=[0,0][1080,82] mAttachedInsets=null mVisible=true mFlags= mSideHint=TOP mBoundingRects=null}, InsetsSource: {4b5d0001 mType=navigationBars mFrame=[0,2205][1080,2340] mAttachedInsets=null mVisible=true mFlags= mSideHint=BOTTOM mBoundingRects=null}, InsetsSource: {4b5d0004 mType=systemGestures mFrame=[0,0][0,0] mAttachedInsets=null mVisible=true mFlags= mSideHint=NONE mBoundingRects=null}, InsetsSource: {4b5d0005 mType=mandatorySystemGestures mFrame=[0,2205][1080,2340] mAttachedInsets=null mVisible=true mFlags= mSideHint=BOTTOM mBoundingRects=null}, InsetsSource: {4b5d0006 mType=tappableElement mFrame=[0,2205][1080,2340] mAttachedInsets=null mVisible=true mFlags= mSideHint=BOTTOM mBoundingRects=null}, InsetsSource: {4b5d0024 mType=systemGestures mFrame=[0,0][0,0] mAttachedInsets=null mVisible=true mFlags= mSideHint=NONE mBoundingRects=null} }
10-01 19:22:09.254 25348 25348 I VRI[MainActivity]@4286e51: synced displayState. AttachInfo displayState=2
10-01 19:22:09.254 25348 25348 I VRI[MainActivity]@4286e51: setView = com.android.internal.policy.DecorView@100cd90 IsHRR=false mFlingFrameRateChange=0 TM=true
10-01 19:22:09.254 25348 25348 I IDS_TAG : Starting IDS observe window
10-01 19:22:09.254 25348 25348 I IDS_TAG : Getting Shared Preference for com.negi.survey.SurveyApp@b44ad9c uid = 10354
10-01 19:22:09.255 25348 25348 I IDS_TAG : App com.negi.survey.SurveyApp@b44ad9c has not finished training
10-01 19:22:09.255 25348 25348 I IDS_TAG : Closing IDS observe window
10-01 19:22:09.255 25348 25348 I IDS_TAG : Getting Shared Preference for com.negi.survey.SurveyApp@b44ad9c uid = 10354
10-01 19:22:09.256 25348 25348 I IDS_TAG : IDS count updated to 6 for com.negi.survey.SurveyApp@b44ad9c
10-01 19:22:09.256 25348 25348 D WindowOnBackDispatcher: setTopOnBackInvokedCallback (unwrapped): android.app.Activity$$ExternalSyntheticLambda0@df9068e
10-01 19:22:09.257 25348 25374 D WM-ForceStopRunnable: Application was force-stopped, rescheduling.
10-01 19:22:09.267 25348 25384 D WM-SystemJobScheduler: Scheduling work ID 892988dc-4b48-4122-9f97-fa23fdcdc9dfJob ID 79
10-01 19:22:09.270 25348 25384 D WM-GreedyScheduler: Starting tracking for 892988dc-4b48-4122-9f97-fa23fdcdc9df
10-01 19:22:09.273 25348 25385 D WM-WorkConstraintsTrack: NetworkRequestConstraintController register shared callback
10-01 19:22:09.274 25348 25385 D ConnectivityManager: StackLog: [android.net.ConnectivityManager.sendRequestForNetwork(ConnectivityManager.java:4738)] [android.net.ConnectivityManager.registerDefaultNetworkCallbackForUid(ConnectivityManager.java:5463)] [android.net.ConnectivityManager.registerDefaultNetworkCallback(ConnectivityManager.java:5430)] [android.net.ConnectivityManager.registerDefaultNetworkCallback(ConnectivityManager.java:5404)] [androidx.work.impl.constraints.SharedNetworkCallback.addCallback(WorkConstraintsTracker.kt:362)] [androidx.work.impl.constraints.NetworkRequestConstraintController$track$1.invokeSuspend(WorkConstraintsTracker.kt:179)] [androidx.work.impl.constraints.NetworkRequestConstraintController$track$1.invoke(Unknown Source:8)] [androidx.work.impl.constraints.NetworkRequestConstraintController$track$1.invoke(Unknown Source:4)] [kotlinx.coroutines.flow.ChannelFlowBuilder.collectTo$suspendImpl(Builders.kt:316)] [kotlinx.coroutines.flow.ChannelFlowBuilder.collectTo(Unknown Source:0)] [kotlinx.coroutines.flow.CallbackFlowBuilder.collectTo(Builders.kt:330)] [kotlinx.coroutines.flow.internal.ChannelFlow$collectToFun$1.invokeSuspend(ChannelFlow.kt:56)] [kotlin.coroutines.jvm.internal.BaseContinuationImpl.resumeWith(ContinuationImpl.kt:34)] [kotlinx.coroutines.DispatchedTask.run(DispatchedTask.kt:100)] [androidx.work.impl.utils.SerialExecutorImpl$Task.run(SerialExecutorImpl.java:96)] [java.util.concurrent.ThreadPoolExecutor.runWorker(ThreadPoolExecutor.java:1154)] [java.util.concurrent.ThreadPoolExecutor$Worker.run(ThreadPoolExecutor.java:652)] [java.lang.Thread.run(Thread.java:1563)]
10-01 19:22:09.276 25348 25385 D WM-PackageManagerHelper: androidx.work.impl.background.systemalarm.RescheduleReceiver enabled
10-01 19:22:09.277 25348 25386 D WM-WorkConstraintsTrack: NetworkRequestConstraintController onCapabilitiesChanged callback
10-01 19:22:09.277 25348 25386 D WM-WorkConstraintsTrack: Not dispatching constraint state yet: isBlocked=null, capabilitiesInitialized=true
10-01 19:22:09.277 25348 25386 D WM-WorkConstraintsTrack: NetworkRequestConstraintController onBlockedStatusChanged callback false
10-01 19:22:09.281 25348 25385 D WM-GreedyScheduler: Constraints met: Scheduling work ID WorkGenerationalId(workSpecId=892988dc-4b48-4122-9f97-fa23fdcdc9df, generation=0)
10-01 19:22:09.282 25348 25385 D WM-Processor: Processor: processing WorkGenerationalId(workSpecId=892988dc-4b48-4122-9f97-fa23fdcdc9df, generation=0)
10-01 19:22:09.293 25348 25348 D VRI[MainActivity]@4286e51: WindowInsets changed: 1080x2340 statusBars:[0,97,0,0] navigationBars:[0,0,0,135] mandatorySystemGestures:[0,116,0,135] 
10-01 19:22:09.296 25348 25348 I HWUI    : Using FreeType backend (prop=Auto)
10-01 19:22:09.307 25348 25348 W libc    : Access denied finding property "vendor.perf.ems.egg"
10-01 19:22:09.308 25348 25348 I BLASTBufferQueue_Java: new BLASTBufferQueue, mName= VRI[MainActivity]@4286e51 mNativeObject= 0xb400007c57f0a230 caller= android.view.ViewRootImpl.updateBlastSurfaceIfNeeded:3603 android.view.ViewRootImpl.relayoutWindow:11813 android.view.ViewRootImpl.performTraversals:4840 android.view.ViewRootImpl.doTraversal:3959 android.view.ViewRootImpl$TraversalRunnable.run:13034 android.view.Choreographer$CallbackRecord.run:1961 android.view.Choreographer$CallbackRecord.run:1970 android.view.Choreographer.doCallbacks:1423 android.view.Choreographer.doFrame:1348 android.view.Choreographer$FrameDisplayEventReceiver.run:1930 
10-01 19:22:09.308 25348 25348 I BLASTBufferQueue_Java: update, w= 1080 h= 2340 mName = VRI[MainActivity]@4286e51 mNativeObject= 0xb400007c57f0a230 sc.mNativeObject= 0xb400007ba7ee7dd0 format= -1 caller= android.view.ViewRootImpl.updateBlastSurfaceIfNeeded:3608 android.view.ViewRootImpl.relayoutWindow:11813 android.view.ViewRootImpl.performTraversals:4840 android.view.ViewRootImpl.doTraversal:3959 android.view.ViewRootImpl$TraversalRunnable.run:13034 android.view.Choreographer$CallbackRecord.run:1961 
10-01 19:22:09.308 25348 25348 W libc    : Access denied finding property "vendor.perf.ems.egg"
10-01 19:22:09.308 25348 25348 I VRI[MainActivity]@4286e51: Relayout returned: old=(0,0,1080,2340) new=(0,0,1080,2340) relayoutAsync=false req=(1080,2340)0 dur=2 res=0x3 s={true 0xb400007b97f056f0} ch=true seqId=0
10-01 19:22:09.308 25348 25348 I VRI[MainActivity]@4286e51: performConfigurationChange setNightDimText nightDimLevel=0
10-01 19:22:09.309 25348 25348 D VRI[MainActivity]@4286e51: mThreadedRenderer.initialize() mSurface={isValid=true 0xb400007b97f056f0} hwInitialized=true
10-01 19:22:09.314 25348 25348 D VRI[MainActivity]@4286e51: reportNextDraw android.view.ViewRootImpl.performTraversals:5507 android.view.ViewRootImpl.doTraversal:3959 android.view.ViewRootImpl$TraversalRunnable.run:13034 android.view.Choreographer$CallbackRecord.run:1961 android.view.Choreographer$CallbackRecord.run:1970 
10-01 19:22:09.314 25348 25348 D VRI[MainActivity]@4286e51: Setup new sync=wmsSync-VRI[MainActivity]@4286e51#0
10-01 19:22:09.314 25348 25348 I VRI[MainActivity]@4286e51: Creating new active sync group VRI[MainActivity]@4286e51#1
10-01 19:22:09.314 25348 25348 D VRI[MainActivity]@4286e51: registerCallbacksForSync syncBuffer=false
10-01 19:22:09.317 25348 25348 I View    : setRequestedFrameRate frameRate=-4.0, this=android.view.View{d4366c9 V.ED..... ......I. 0,0-0,0}, caller=androidx.compose.ui.platform.Api35Impl.setRequestedFrameRate:4047 androidx.compose.ui.platform.AndroidComposeView.dispatchDraw:2282 android.view.View.draw:26758 android.view.View.updateDisplayListIfDirty:25577 android.view.View.draw:26477 
10-01 19:22:09.318 25348 25379 D VRI[MainActivity]@4286e51: Received frameDrawingCallback syncResult=0 frameNum=1.
10-01 19:22:09.318 25348 25379 I VRI[MainActivity]@4286e51: mWNT: t=0xb400007b77f15b00 mBlastBufferQueue=0xb400007c57f0a230 fn= 1 HdrRenderState mRenderHdrSdrRatio=1.0 caller= android.view.ViewRootImpl$12.onFrameDraw:15561 android.view.ThreadedRenderer$1.onFrameDraw:751 <bottom of call stack> 
10-01 19:22:09.318 25348 25379 I VRI[MainActivity]@4286e51: Setting up sync and frameCommitCallback
10-01 19:22:09.326 25348 25368 I BLASTBufferQueue: [VRI[MainActivity]@4286e51#0](f:0,a:0,s:0) onFrameAvailable the first frame is available
10-01 19:22:09.326 25348 25368 I VRI[MainActivity]@4286e51: Received frameCommittedCallback lastAttemptedDrawFrameNum=1 didProduceBuffer=true
10-01 19:22:09.326 25348 25368 D HWUI    : CFMS:: SetUp Pid : 25348    Tid : 25368
10-01 19:22:09.326 25348 25348 D VRI[MainActivity]@4286e51: reportDrawFinished seqId=0
10-01 19:22:09.327 25348 25368 D HWUI    : HWUI - treat SMPTE_170M as sRGB
10-01 19:22:09.330 25348 25348 D WM-WorkerWrapper: Starting work for com.negi.survey.net.GitHubUploadWorker
10-01 19:22:09.330 25348 25348 I InsetsSourceConsumer: applyRequestedVisibilityToControl: visible=true, type=navigationBars, host=com.negi.survey/com.negi.survey.MainActivity
10-01 19:22:09.331 25348 25348 I InsetsSourceConsumer: applyRequestedVisibilityToControl: visible=true, type=statusBars, host=com.negi.survey/com.negi.survey.MainActivity
10-01 19:22:09.331 25348 25348 D WM-SystemJobService: onStartJob for WorkGenerationalId(workSpecId=892988dc-4b48-4122-9f97-fa23fdcdc9df, generation=0)
10-01 19:22:09.335 25348 25374 D WM-Processor: Work WorkGenerationalId(workSpecId=892988dc-4b48-4122-9f97-fa23fdcdc9df, generation=0) is already enqueued for processing
10-01 19:22:09.335 25348 25348 I View    : setRequestedFrameRate frameRate=NaN, this=android.view.View{d4366c9 V.ED..... ........ 0,0-0,0}, caller=androidx.compose.ui.platform.Api35Impl.setRequestedFrameRate:4047 androidx.compose.ui.platform.AndroidComposeView.dispatchDraw:2282 android.view.View.draw:26758 android.view.View.updateDisplayListIfDirty:25577 android.view.ViewGroup.recreateChildDisplayList:4881 
10-01 19:22:09.336 25348 25374 I WM-Processor: Moving WorkSpec (892988dc-4b48-4122-9f97-fa23fdcdc9df) to the foreground
10-01 19:22:09.340 25348 25348 I WM-SystemFgDispatcher: Started foreground service Intent { act=ACTION_START_FOREGROUND xflg=0x4 cmp=com.negi.survey/androidx.work.impl.foreground.SystemForegroundService (has extras) }
10-01 19:22:09.340 25348 25348 D WM-SystemFgDispatcher: Notifying with (id:3666, workSpecId: 892988dc-4b48-4122-9f97-fa23fdcdc9df, notificationType :1)
10-01 19:22:09.341 25348 25374 D WM-WorkConstraintsTrack: NetworkRequestConstraintController send initial capabilities
10-01 19:22:09.341 25348 25374 D WM-WorkProgressUpdater: Updating progress for 892988dc-4b48-4122-9f97-fa23fdcdc9df (Data {pct : 3, mode : startup_runtime_logs})
10-01 19:22:09.343 25348 25348 D WM-SystemFgDispatcher: Notifying with (id:3666, workSpecId: 892988dc-4b48-4122-9f97-fa23fdcdc9df, notificationType :1)
10-01 19:22:09.343 25348 25348 I NotificationManager: com.negi.survey: notify(3666, null, Notification(channel=uploads shortcut=null contentView=null vibrate=null sound=null defaults=0 flags=ONGOING_EVENT|ONLY_ALERT_ONCE color=0x00000000 category=progress vis=PRIVATE semFlags=0x0 semPriority=0 semMissedCount=0 semScenarioType=0)) as user
10-01 19:22:09.343 25348 25348 D NotificationManager: BOOTING pkg =com.negi.survey mBlockedChannelsForOverflowNoti=[]
10-01 19:22:09.346 25348 25348 D VRI[MainActivity]@4286e51: mThreadedRenderer.initializeIfNeeded()#2 mSurface={isValid=true 0xb400007b97f056f0}
10-01 19:22:09.346 25348 25348 D InputMethodManagerUtils: startInputInner - Id : 0
10-01 19:22:09.346 25348 25348 I InputMethodManager: startInputInner - IInputMethodManagerGlobalInvoker.startInputOrWindowGainedFocus
10-01 19:22:09.347 25348 25374 I WM-Processor: Moving WorkSpec (892988dc-4b48-4122-9f97-fa23fdcdc9df) to the foreground
10-01 19:22:09.348 25348 25348 D InsetsController: hide(ime())
10-01 19:22:09.348 25348 25348 I ImeTracker: com.negi.survey:5c9507ea: onCancelled at PHASE_CLIENT_ALREADY_HIDDEN
10-01 19:22:09.349 25348 25357 D InputTransport: Input channel constructed: 'ClientS', fd=138
10-01 19:22:09.350 25348 25348 D WM-SystemFgDispatcher: Notifying with (id:3666, workSpecId: 892988dc-4b48-4122-9f97-fa23fdcdc9df, notificationType :1)
10-01 19:22:09.350 25348 25348 I NotificationManager: com.negi.survey: notify(3666, null, Notification(channel=uploads shortcut=null contentView=null vibrate=null sound=null defaults=0 flags=ONGOING_EVENT|ONLY_ALERT_ONCE color=0x00000000 category=progress vis=PRIVATE semFlags=0x0 semPriority=0 semMissedCount=0 semScenarioType=0)) as user
10-01 19:22:09.386 25348 25348 D IntroScreen: Resolved config details: id=survey_config10.yaml in 58ms
10-01 19:22:09.410 25348 25348 I View    : setRequestedFrameRate frameRate=-4.0, this=android.view.View{d4366c9 V.ED..... ........ 0,0-0,0}, caller=androidx.compose.ui.platform.Api35Impl.setRequestedFrameRate:4047 androidx.compose.ui.platform.AndroidComposeView.dispatchDraw:2282 android.view.View.draw:26758 android.view.View.updateDisplayListIfDirty:25577 android.view.ViewGroup.recreateChildDisplayList:4881 
10-01 19:22:09.727 25348 25348 I View    : setRequestedFrameRate frameRate=NaN, this=android.view.View{d4366c9 V.ED..... ........ 0,0-0,0}, caller=androidx.compose.ui.platform.Api35Impl.setRequestedFrameRate:4047 androidx.compose.ui.platform.AndroidComposeView.dispatchDraw:2282 android.view.View.draw:26758 android.view.View.updateDisplayListIfDirty:25577 android.view.ViewGroup.recreateChildDisplayList:4881 
10-01 19:22:09.740 25348 25348 I View    : setRequestedFrameRate frameRate=-4.0, this=android.view.View{d4366c9 V.ED..... ........ 0,0-0,0}, caller=androidx.compose.ui.platform.Api35Impl.setRequestedFrameRate:4047 androidx.compose.ui.platform.AndroidComposeView.dispatchDraw:2282 android.view.View.draw:26758 android.view.View.updateDisplayListIfDirty:25577 android.view.ViewGroup.recreateChildDisplayList:4881 
10-01 19:22:09.743 25348 25348 I View    : setRequestedFrameRate frameRate=NaN, this=android.view.View{d4366c9 V.ED..... ........ 0,0-0,0}, caller=androidx.compose.ui.platform.Api35Impl.setRequestedFrameRate:4047 androidx.compose.ui.platform.AndroidComposeView.dispatchDraw:2282 android.view.View.draw:26758 android.view.View.updateDisplayListIfDirty:25577 android.view.ViewGroup.recreateChildDisplayList:4881 
10-01 19:22:09.757 25348 25348 I View    : setRequestedFrameRate frameRate=-4.0, this=android.view.View{d4366c9 V.ED..... ........ 0,0-0,0}, caller=androidx.compose.ui.platform.Api35Impl.setRequestedFrameRate:4047 androidx.compose.ui.platform.AndroidComposeView.dispatchDraw:2282 android.view.View.draw:26758 android.view.View.updateDisplayListIfDirty:25577 android.view.ViewGroup.recreateChildDisplayList:4881 
10-01 19:22:09.761 25348 25348 I View    : setRequestedFrameRate frameRate=NaN, this=android.view.View{d4366c9 V.ED..... ........ 0,0-0,0}, caller=androidx.compose.ui.platform.Api35Impl.setRequestedFrameRate:4047 androidx.compose.ui.platform.AndroidComposeView.dispatchDraw:2282 android.view.View.draw:26758 android.view.View.updateDisplayListIfDirty:25577 android.view.ViewGroup.recreateChildDisplayList:4881 
10-01 19:22:09.789 25348 25348 I View    : setRequestedFrameRate frameRate=-4.0, this=android.view.View{d4366c9 V.ED..... ........ 0,0-0,0}, caller=androidx.compose.ui.platform.Api35Impl.setRequestedFrameRate:4047 androidx.compose.ui.platform.AndroidComposeView.dispatchDraw:2282 android.view.View.draw:26758 android.view.View.updateDisplayListIfDirty:25577 android.view.ViewGroup.recreateChildDisplayList:4881 
10-01 19:22:09.814 25348 25348 I View    : setRequestedFrameRate frameRate=NaN, this=android.view.View{d4366c9 V.ED..... ........ 0,0-0,0}, caller=androidx.compose.ui.platform.Api35Impl.setRequestedFrameRate:4047 androidx.compose.ui.platform.AndroidComposeView.dispatchDraw:2282 android.view.View.draw:26758 android.view.View.updateDisplayListIfDirty:25577 android.view.ViewGroup.recreateChildDisplayList:4881 
10-01 19:22:09.817 25348 25348 I View    : setRequestedFrameRate frameRate=-4.0, this=android.view.View{d4366c9 V.ED..... ........ 0,0-0,0}, caller=androidx.compose.ui.platform.Api35Impl.setRequestedFrameRate:4047 androidx.compose.ui.platform.AndroidComposeView.dispatchDraw:2282 android.view.View.draw:26758 android.view.View.updateDisplayListIfDirty:25577 android.view.ViewGroup.recreateChildDisplayList:4881 
10-01 19:22:09.819 25348 25348 I View    : setRequestedFrameRate frameRate=NaN, this=android.view.View{d4366c9 V.ED..... ........ 0,0-0,0}, caller=androidx.compose.ui.platform.Api35Impl.setRequestedFrameRate:4047 androidx.compose.ui.platform.AndroidComposeView.dispatchDraw:2282 android.view.View.draw:26758 android.view.View.updateDisplayListIfDirty:25577 android.view.ViewGroup.recreateChildDisplayList:4881 
10-01 19:22:10.551 25348 25362 D RuntimeLogStore: openWriter: rotate:plain_snapshot:receiver_boot_completed -> /data/user/0/com.negi.survey/files/diagnostics/runtime_logs/rtlog_20261002_002210_549_pid25348_seq2.log (bytes=0 format=LEGACY)
10-01 19:22:10.551 25348 25362 D RuntimeLogStore: retention: rotate:plain_snapshot:receiver_boot_completed files=3 kept=3 totalBytes=2464
10-01 19:22:10.560 25348 25366 D github_upload: doRuntimeLogsUpload: remoteBaseDir=diagnostics/runtime_logs/2026-10-02/runtime_logs_startup_runtime_20261002_002209_c9748f43_receiver_boot_completed toUpload=3 bytes=3652 dedupe=true deleteSource=true deletedSourcePre=0 preview='plain_logs_manifest_20261002_002210_555_pid25348_receiver_boot_completed.json|runtime_log_20261002_002210_555_pid25348_receiver_boot_completed__rtlog_20261002_002209_224_pid25348_seq1.log|runtime_log_20261002_002210_555_pid25348_receiver_boot_completed__rtlog_20261002_002122_204_pid23458_seq2.log'
10-01 19:22:10.561 25348 25366 D GitHubUploader: uploadStream: owner=ishizuki-tech repo=SurveyExports branch=main path=diagnostics/runtime_logs/2026-10-02/runtime_logs_startup_runtime_20261002_002209_c9748f43_receiver_boot_completed/plain_logs_manifest_20261002_002210_555_pid25348_receiver_boot_completed.json size=1527 maxRawBytesHint=1000000 maxRequestBytesHint=2800000
10-01 19:22:10.561 25348 25383 D WM-WorkProgressUpdater: Updating progress for 892988dc-4b48-4122-9f97-fa23fdcdc9df (Data {pct : 10, mode : startup_runtime_logs})
10-01 19:22:10.564 25348 25383 I WM-Processor: Moving WorkSpec (892988dc-4b48-4122-9f97-fa23fdcdc9df) to the foreground
10-01 19:22:10.566 25348 25348 D WM-SystemFgDispatcher: Notifying with (id:3666, workSpecId: 892988dc-4b48-4122-9f97-fa23fdcdc9df, notificationType :1)
10-01 19:22:10.567 25348 25348 I NotificationManager: com.negi.survey: notify(3666, null, Notification(channel=uploads shortcut=null contentView=null vibrate=null sound=null defaults=0 flags=ONGOING_EVENT|ONLY_ALERT_ONCE color=0x00000000 category=progress vis=PRIVATE semFlags=0x0 semPriority=0 semMissedCount=0 semScenarioType=0)) as user
10-01 19:22:10.837 25348 25384 D WM-WorkProgressUpdater: Updating progress for 892988dc-4b48-4122-9f97-fa23fdcdc9df (Data {pct : 12, mode : startup_runtime_logs})
10-01 19:22:10.840 25348 25384 I WM-Processor: Moving WorkSpec (892988dc-4b48-4122-9f97-fa23fdcdc9df) to the foreground
10-01 19:22:10.843 25348 25384 D WM-WorkProgressUpdater: Updating progress for 892988dc-4b48-4122-9f97-fa23fdcdc9df (Data {pct : 33, mode : startup_runtime_logs})
10-01 19:22:10.844 25348 25348 D WM-SystemFgDispatcher: Notifying with (id:3666, workSpecId: 892988dc-4b48-4122-9f97-fa23fdcdc9df, notificationType :1)
10-01 19:22:10.844 25348 25348 I NotificationManager: com.negi.survey: notify(3666, null, Notification(channel=uploads shortcut=null contentView=null vibrate=null sound=null defaults=0 flags=ONGOING_EVENT|ONLY_ALERT_ONCE color=0x00000000 category=progress vis=PRIVATE semFlags=0x0 semPriority=0 semMissedCount=0 semScenarioType=0)) as user
10-01 19:22:10.847 25348 25384 I WM-Processor: Moving WorkSpec (892988dc-4b48-4122-9f97-fa23fdcdc9df) to the foreground
10-01 19:22:10.849 25348 25348 D WM-SystemFgDispatcher: Notifying with (id:3666, workSpecId: 892988dc-4b48-4122-9f97-fa23fdcdc9df, notificationType :1)
10-01 19:22:10.849 25348 25348 I NotificationManager: com.negi.survey: notify(3666, null, Notification(channel=uploads shortcut=null contentView=null vibrate=null sound=null defaults=0 flags=ONGOING_EVENT|ONLY_ALERT_ONCE color=0x00000000 category=progress vis=PRIVATE semFlags=0x0 semPriority=0 semMissedCount=0 semScenarioType=0)) as user
10-01 19:22:11.735 25348 25348 D github_upload: enqueueStartupRuntimeLogsUpload: uniqueName=upload_runtime_logs_startup policy=KEEP session=startup_runtime_20261002_002211_a766e936
10-01 19:22:11.737 25348 25348 D github_upload: enqueueStartupRingLogsUpload: uniqueName=upload_ring_logs_startup policy=KEEP session=startup_ring_20261002_002211_c2282024
10-01 19:22:11.738 25348 25430 D CrashCapture: enqueuePendingCrashUploadsIfPossible enter where=SurveyApp:enqueuePending(immediate):bg pid=25348 thread=CrashCapture-Enqueue
10-01 19:22:11.745 25348 25384 D WM-SystemJobScheduler: Scheduling work ID 5aefdbd0-a1a1-44dd-9ac6-23a277dba1bcJob ID 80
10-01 19:22:11.749 25348 25384 D WM-GreedyScheduler: Starting tracking for 5aefdbd0-a1a1-44dd-9ac6-23a277dba1bc
10-01 19:22:11.750 25348 25348 D WM-SystemJobService: onStartJob for WorkGenerationalId(workSpecId=5aefdbd0-a1a1-44dd-9ac6-23a277dba1bc, generation=0)
10-01 19:22:11.752 25348 25374 D WM-Processor: Processor: processing WorkGenerationalId(workSpecId=5aefdbd0-a1a1-44dd-9ac6-23a277dba1bc, generation=0)
10-01 19:22:11.759 25348 25385 D WM-WorkConstraintsTrack: NetworkRequestConstraintController send initial capabilities
10-01 19:22:11.760 25348 25385 D WM-GreedyScheduler: Constraints met: Scheduling work ID WorkGenerationalId(workSpecId=5aefdbd0-a1a1-44dd-9ac6-23a277dba1bc, generation=0)
10-01 19:22:11.761 25348 25348 D WM-WorkerWrapper: Starting work for com.negi.survey.net.GitHubUploadWorker
10-01 19:22:11.762 25348 25385 D WM-Processor: Work WorkGenerationalId(workSpecId=5aefdbd0-a1a1-44dd-9ac6-23a277dba1bc, generation=0) is already enqueued for processing
10-01 19:22:11.765 25348 25385 I WM-Processor: Moving WorkSpec (5aefdbd0-a1a1-44dd-9ac6-23a277dba1bc) to the foreground
10-01 19:22:11.767 25348 25384 D WM-WorkProgressUpdater: Updating progress for 5aefdbd0-a1a1-44dd-9ac6-23a277dba1bc (Data {pct : 3, mode : startup_ring_logs})
10-01 19:22:11.768 25348 25384 I WM-Processor: Moving WorkSpec (5aefdbd0-a1a1-44dd-9ac6-23a277dba1bc) to the foreground
10-01 19:22:11.769 25348 25348 I WM-SystemFgDispatcher: Started foreground service Intent { act=ACTION_START_FOREGROUND xflg=0x4 cmp=com.negi.survey/androidx.work.impl.foreground.SystemForegroundService (has extras) }
10-01 19:22:11.769 25348 25348 D WM-SystemFgDispatcher: Notifying with (id:10073, workSpecId: 5aefdbd0-a1a1-44dd-9ac6-23a277dba1bc, notificationType :1)
10-01 19:22:11.770 25348 25348 I NotificationManager: com.negi.survey: notify(10073, null, Notification(channel=uploads shortcut=null contentView=null vibrate=null sound=null defaults=0 flags=ONGOING_EVENT|ONLY_ALERT_ONCE color=0x00000000 category=progress vis=PRIVATE semFlags=0x0 semPriority=0 semMissedCount=0 semScenarioType=0)) as user
10-01 19:22:11.772 25348 25348 D WM-SystemFgDispatcher: Notifying with (id:10073, workSpecId: 5aefdbd0-a1a1-44dd-9ac6-23a277dba1bc, notificationType :1)
10-01 19:22:11.773 25348 25348 I NotificationManager: com.negi.survey: notify(10073, null, Notification(channel=uploads shortcut=null contentView=null vibrate=null sound=null defaults=0 flags=ONGOING_EVENT|ONLY_ALERT_ONCE color=0x00000000 category=progress vis=PRIVATE semFlags=0x0 semPriority=0 semMissedCount=0 semScenarioType=0)) as user
10-01 19:22:11.775 25348 25348 W JobService: onNetworkChanged() not implemented in androidx.work.impl.background.systemjob.SystemJobService. Must override in a subclass.
10-01 19:22:11.777 25348 25384 D WM-WorkConstraintsTrack: NetworkRequestConstraintController send initial capabilities
10-01 19:22:11.779 25348 25348 D WM-SystemFgDispatcher: Notifying with (id:10073, workSpecId: 5aefdbd0-a1a1-44dd-9ac6-23a277dba1bc, notificationType :1)
10-01 19:22:11.779 25348 25348 I NotificationManager: com.negi.survey: notify(10073, null, Notification(channel=uploads shortcut=null contentView=null vibrate=null sound=null defaults=0 flags=ONGOING_EVENT|ONLY_ALERT_ONCE color=0x00000000 category=progress vis=PRIVATE semFlags=0x0 semPriority=0 semMissedCount=0 semScenarioType=0)) as user
10-01 19:22:11.790 25348 25386 D WM-WorkConstraintsTrack: NetworkRequestConstraintController onCapabilitiesChanged callback
