=== Previous Session Logcat ===
captured_time_utc=20260909_161943
captured_time_local=20260909_091943
marker=2026-09-09 09:17:33.664
preferred_prev_pid=-1
note=best-effort; buffers may be overwritten before next start
sdk=36
device=Google Pixel 9a
appId=com.negi.survey
versionName=0.0.1
versionCode=1

=== Logcat (since marker) ===
--------- beginning of main
09-09 09:17:33.666 19866 19952 D WM-WorkProgressUpdater: Updating progress for c761f8a5-9c7c-472a-a5ef-26ebcbe615e6 (Data {pct : 10, mode : startup_runtime_logs})
09-09 09:17:33.671 19866 19959 D CrashCapture: Persisted logcat marker for next run: 2026-09-09 09:17:33.664
09-09 09:17:33.678 19866 19959 D CrashCapture: GitHub hints: owner=ishizuki-tech repo=SurveyExports branch=main pathPrefix=diagnostics/crash
09-09 09:17:33.680 19866 19959 D CrashCapture: Enqueuing GitHub crash uploads… (mirror-first) where=SurveyApp:enqueuePending(immediate):bg
09-09 09:17:33.681 19866 19959 D CrashCapture: GitHub enqueue(crash file): name=prevlog_20260909_161733_pid19866.log bytes=44075 remote=prevlog_20260909_161733_pid19866.log where=SurveyApp:enqueuePending(immediate):bg
09-09 09:17:33.686 19866 19959 D CrashCapture: GitHub enqueue(crash file): name=prevlog_20260909_015352_pid27656.log bytes=14966 remote=prevlog_20260909_015352_pid27656.log where=SurveyApp:enqueuePending(immediate):bg
09-09 09:17:33.687 19866 19952 I WM-Processor: Moving WorkSpec (c761f8a5-9c7c-472a-a5ef-26ebcbe615e6) to the foreground
09-09 09:17:33.690 19866 19959 D CrashCapture: GitHub enqueue(crash file): name=prevlog_20260909_015051_pid25991.log bytes=37638 remote=prevlog_20260909_015051_pid25991.log where=SurveyApp:enqueuePending(immediate):bg
09-09 09:17:33.692 19866 19866 D WM-SystemFgDispatcher: Notifying with (id:9882, workSpecId: c761f8a5-9c7c-472a-a5ef-26ebcbe615e6, notificationType :1)
09-09 09:17:33.695 19866 19959 D CrashCapture: GitHub enqueue(crash file): name=prevlog_20260909_012717_pid24642.log bytes=25635 remote=prevlog_20260909_012717_pid24642.log where=SurveyApp:enqueuePending(immediate):bg
09-09 09:17:33.700 19866 19959 D CrashCapture: GitHub enqueue(crash file): name=prevlog_20260909_011931_pid24082.log bytes=26132 remote=prevlog_20260909_011931_pid24082.log where=SurveyApp:enqueuePending(immediate):bg
09-09 09:17:33.703 19866 19959 D CrashCapture: GitHub enqueue(crash file): name=prevlog_20260909_011719_pid23839.log bytes=207684 remote=prevlog_20260909_011719_pid23839.log where=SurveyApp:enqueuePending(immediate):bg
09-09 09:17:33.704 19866 19952 D WM-Processor: Processor: processing WorkGenerationalId(workSpecId=7948a35e-014d-4ee0-868a-1e2a019f4c62, generation=0)
09-09 09:17:33.707 19866 19959 D CrashCapture: GitHub enqueue(crash file): name=prevlog_20260909_011549_pid23640.log bytes=19605 remote=prevlog_20260909_011549_pid23640.log where=SurveyApp:enqueuePending(immediate):bg
09-09 09:17:33.712 19866 19959 D CrashCapture: GitHub enqueue(crash file): name=prevlog_20260909_011507_pid23423.log bytes=19605 remote=prevlog_20260909_011507_pid23423.log where=SurveyApp:enqueuePending(immediate):bg
09-09 09:17:33.717 19866 19959 D CrashCapture: GitHub enqueue(crash file): name=prevlog_20260909_011441_pid23210.log bytes=19605 remote=prevlog_20260909_011441_pid23210.log where=SurveyApp:enqueuePending(immediate):bg
09-09 09:17:33.723 19866 19959 D CrashCapture: GitHub enqueue(crash file): name=prevlog_20260909_011352_pid23023.log bytes=19605 remote=prevlog_20260909_011352_pid23023.log where=SurveyApp:enqueuePending(immediate):bg
09-09 09:17:33.727 19866 19959 D CrashCapture: GitHub enqueue(crash file): name=prevlog_20260909_011256_pid22772.log bytes=19597 remote=prevlog_20260909_011256_pid22772.log where=SurveyApp:enqueuePending(immediate):bg
09-09 09:17:33.733 19866 19959 D CrashCapture: GitHub enqueue(crash file): name=prevlog_20260909_011104_pid22513.log bytes=14403 remote=prevlog_20260909_011104_pid22513.log where=SurveyApp:enqueuePending(immediate):bg
09-09 09:17:33.736 19866 19952 D WM-SystemJobScheduler: Scheduling work ID 2f1d2b8d-9876-4a59-844d-d71d6b8294a3Job ID 175
09-09 09:17:33.737 19866 19959 D CrashCapture: GitHub enqueue(crash file): name=prevlog_20260909_005416_pid21492.log bytes=112628 remote=prevlog_20260909_005416_pid21492.log where=SurveyApp:enqueuePending(immediate):bg
09-09 09:17:33.742 19866 19952 D WM-GreedyScheduler: Starting tracking for 7948a35e-014d-4ee0-868a-1e2a019f4c62,2f1d2b8d-9876-4a59-844d-d71d6b8294a3
09-09 09:17:33.742 19866 19959 D CrashCapture: GitHub enqueue(crash file): name=prevlog_20260909_005325_pid21247.log bytes=19604 remote=prevlog_20260909_005325_pid21247.log where=SurveyApp:enqueuePending(immediate):bg
09-09 09:17:33.742 19866 19866 D WM-SystemJobService: onStartJob for WorkGenerationalId(workSpecId=2f1d2b8d-9876-4a59-844d-d71d6b8294a3, generation=0)
09-09 09:17:33.747 19866 19959 D CrashCapture: GitHub enqueue(crash file): name=prevlog_20260909_005254_pid21078.log bytes=15721 remote=prevlog_20260909_005254_pid21078.log where=SurveyApp:enqueuePending(immediate):bg
09-09 09:17:33.751 19866 19959 D CrashCapture: GitHub enqueue(crash file): name=prevlog_20260909_003115_pid19343.log bytes=85739 remote=prevlog_20260909_003115_pid19343.log where=SurveyApp:enqueuePending(immediate):bg
09-09 09:17:33.762 19866 19959 D CrashCapture: GitHub enqueue(ring file): bytes=57507 remote=ring_store/20260909_161733_pid19866_u366237/seg_00.log src=seg_00.log where=SurveyApp:enqueuePending(immediate):bg
09-09 09:17:33.766 19866 19959 D CrashCapture: Ring store enqueue done. dir=/data/user/0/com.negi.survey/files/diagnostics/applog_ring files=1 bytes=57507 capFiles=300 capBytes=90000000 where=SurveyApp:enqueuePending(immediate):bg
09-09 09:17:33.766 19866 19952 D WM-SystemJobScheduler: Scheduling work ID b5b8f4c7-9da9-4636-bfc9-338ea83dac27Job ID 176
09-09 09:17:33.771 19866 19866 D WM-SystemJobService: onStartJob for WorkGenerationalId(workSpecId=b5b8f4c7-9da9-4636-bfc9-338ea83dac27, generation=0)
09-09 09:17:33.777 19866 19952 D WM-GreedyScheduler: Starting tracking for 7948a35e-014d-4ee0-868a-1e2a019f4c62,2f1d2b8d-9876-4a59-844d-d71d6b8294a3,b5b8f4c7-9da9-4636-bfc9-338ea83dac27
09-09 09:17:33.802 19866 19952 D WM-SystemJobScheduler: Scheduling work ID 3699a099-5b72-4c09-b6e9-be1ffb6547b0Job ID 177
09-09 09:17:33.806 19866 19952 D WM-GreedyScheduler: Starting tracking for 3699a099-5b72-4c09-b6e9-be1ffb6547b0,7948a35e-014d-4ee0-868a-1e2a019f4c62,2f1d2b8d-9876-4a59-844d-d71d6b8294a3,b5b8f4c7-9da9-4636-bfc9-338ea83dac27
09-09 09:17:33.807 19866 19866 D WM-SystemJobService: onStartJob for WorkGenerationalId(workSpecId=3699a099-5b72-4c09-b6e9-be1ffb6547b0, generation=0)
09-09 09:17:33.823 19866 19952 D WM-SystemJobScheduler: Scheduling work ID 28a29401-3af2-4aaf-a393-f8f423d84fb4Job ID 178
09-09 09:17:33.826 19866 19952 D WM-GreedyScheduler: Starting tracking for 3699a099-5b72-4c09-b6e9-be1ffb6547b0,28a29401-3af2-4aaf-a393-f8f423d84fb4,7948a35e-014d-4ee0-868a-1e2a019f4c62,2f1d2b8d-9876-4a59-844d-d71d6b8294a3,b5b8f4c7-9da9-4636-bfc9-338ea83dac27
09-09 09:17:33.827 19866 19866 D WM-SystemJobService: onStartJob for WorkGenerationalId(workSpecId=28a29401-3af2-4aaf-a393-f8f423d84fb4, generation=0)
09-09 09:17:33.841 19866 19952 D WM-SystemJobScheduler: Scheduling work ID a6284230-c59f-49c0-a8a2-0212031f7c98Job ID 179
09-09 09:17:33.844 19866 19952 D WM-GreedyScheduler: Starting tracking for 3699a099-5b72-4c09-b6e9-be1ffb6547b0,28a29401-3af2-4aaf-a393-f8f423d84fb4,7948a35e-014d-4ee0-868a-1e2a019f4c62,a6284230-c59f-49c0-a8a2-0212031f7c98,2f1d2b8d-9876-4a59-844d-d71d6b8294a3,b5b8f4c7-9da9-4636-bfc9-338ea83dac27
09-09 09:17:33.845 19866 19866 D WM-SystemJobService: onStartJob for WorkGenerationalId(workSpecId=a6284230-c59f-49c0-a8a2-0212031f7c98, generation=0)
09-09 09:17:33.849 19866 19866 D WM-WorkerWrapper: Starting work for com.negi.survey.net.GitHubUploadWorker
09-09 09:17:33.869 19866 19952 D WM-SystemJobScheduler: Scheduling work ID 352c9dac-1ab5-4c58-8204-fca2aee61690Job ID 180
09-09 09:17:33.874 19866 19952 D WM-GreedyScheduler: Starting tracking for 352c9dac-1ab5-4c58-8204-fca2aee61690,3699a099-5b72-4c09-b6e9-be1ffb6547b0,28a29401-3af2-4aaf-a393-f8f423d84fb4,a6284230-c59f-49c0-a8a2-0212031f7c98,2f1d2b8d-9876-4a59-844d-d71d6b8294a3,b5b8f4c7-9da9-4636-bfc9-338ea83dac27
09-09 09:17:33.875 19866 19866 D WM-SystemJobService: onStartJob for WorkGenerationalId(workSpecId=352c9dac-1ab5-4c58-8204-fca2aee61690, generation=0)
09-09 09:17:33.892 19866 19952 D WM-SystemJobScheduler: Scheduling work ID d083ffab-138a-4260-8ef0-dca6bc9df382Job ID 181
09-09 09:17:33.895 19866 19952 D WM-GreedyScheduler: Starting tracking for 352c9dac-1ab5-4c58-8204-fca2aee61690,3699a099-5b72-4c09-b6e9-be1ffb6547b0,28a29401-3af2-4aaf-a393-f8f423d84fb4,a6284230-c59f-49c0-a8a2-0212031f7c98,2f1d2b8d-9876-4a59-844d-d71d6b8294a3,b5b8f4c7-9da9-4636-bfc9-338ea83dac27,d083ffab-138a-4260-8ef0-dca6bc9df382
09-09 09:17:33.895 19866 19866 D WM-SystemJobService: onStartJob for WorkGenerationalId(workSpecId=d083ffab-138a-4260-8ef0-dca6bc9df382, generation=0)
09-09 09:17:33.907 19866 19952 D WM-SystemJobScheduler: Scheduling work ID 85427f44-6939-4877-a312-de0e9b036da6Job ID 182
09-09 09:17:33.909 19866 19952 D WM-GreedyScheduler: Starting tracking for 352c9dac-1ab5-4c58-8204-fca2aee61690,85427f44-6939-4877-a312-de0e9b036da6,3699a099-5b72-4c09-b6e9-be1ffb6547b0,28a29401-3af2-4aaf-a393-f8f423d84fb4,a6284230-c59f-49c0-a8a2-0212031f7c98,2f1d2b8d-9876-4a59-844d-d71d6b8294a3,b5b8f4c7-9da9-4636-bfc9-338ea83dac27,d083ffab-138a-4260-8ef0-dca6bc9df382
09-09 09:17:33.910 19866 19866 D WM-SystemJobService: onStartJob for WorkGenerationalId(workSpecId=85427f44-6939-4877-a312-de0e9b036da6, generation=0)
09-09 09:17:33.919 19866 19952 D WM-SystemJobScheduler: Scheduling work ID 4abc1c4f-fd78-438c-9d9f-7643b66c35a6Job ID 183
09-09 09:17:33.922 19866 19952 D WM-GreedyScheduler: Starting tracking for 352c9dac-1ab5-4c58-8204-fca2aee61690,85427f44-6939-4877-a312-de0e9b036da6,3699a099-5b72-4c09-b6e9-be1ffb6547b0,28a29401-3af2-4aaf-a393-f8f423d84fb4,a6284230-c59f-49c0-a8a2-0212031f7c98,4abc1c4f-fd78-438c-9d9f-7643b66c35a6,2f1d2b8d-9876-4a59-844d-d71d6b8294a3,b5b8f4c7-9da9-4636-bfc9-338ea83dac27,d083ffab-138a-4260-8ef0-dca6bc9df382
09-09 09:17:33.922 19866 19866 D WM-SystemJobService: onStartJob for WorkGenerationalId(workSpecId=4abc1c4f-fd78-438c-9d9f-7643b66c35a6, generation=0)
09-09 09:17:33.931 19866 19952 D WM-SystemJobScheduler: Scheduling work ID 947e2253-13a3-4e00-9d09-4dfcfa0e55b9Job ID 184
09-09 09:17:33.933 19866 19952 D WM-GreedyScheduler: Starting tracking for 352c9dac-1ab5-4c58-8204-fca2aee61690,85427f44-6939-4877-a312-de0e9b036da6,3699a099-5b72-4c09-b6e9-be1ffb6547b0,28a29401-3af2-4aaf-a393-f8f423d84fb4,947e2253-13a3-4e00-9d09-4dfcfa0e55b9,a6284230-c59f-49c0-a8a2-0212031f7c98,4abc1c4f-fd78-438c-9d9f-7643b66c35a6,2f1d2b8d-9876-4a59-844d-d71d6b8294a3,b5b8f4c7-9da9-4636-bfc9-338ea83dac27,d083ffab-138a-4260-8ef0-dca6bc9df382
09-09 09:17:33.943 19866 19952 D WM-SystemJobScheduler: Scheduling work ID 11239c36-3a75-4fb5-8bfc-4c2dc753cac6Job ID 185
09-09 09:17:33.945 19866 19952 D WM-GreedyScheduler: Starting tracking for 352c9dac-1ab5-4c58-8204-fca2aee61690,85427f44-6939-4877-a312-de0e9b036da6,3699a099-5b72-4c09-b6e9-be1ffb6547b0,28a29401-3af2-4aaf-a393-f8f423d84fb4,947e2253-13a3-4e00-9d09-4dfcfa0e55b9,a6284230-c59f-49c0-a8a2-0212031f7c98,4abc1c4f-fd78-438c-9d9f-7643b66c35a6,11239c36-3a75-4fb5-8bfc-4c2dc753cac6,2f1d2b8d-9876-4a59-844d-d71d6b8294a3,b5b8f4c7-9da9-4636-bfc9-338ea83dac27,d083ffab-138a-4260-8ef0-dca6bc9df382
09-09 09:17:33.958 19866 19952 D WM-SystemJobScheduler: Scheduling work ID 958c4f46-2d2f-490e-8073-bf2bba750bfeJob ID 186
09-09 09:17:33.959 19866 19952 D WM-GreedyScheduler: Starting tracking for 352c9dac-1ab5-4c58-8204-fca2aee61690,85427f44-6939-4877-a312-de0e9b036da6,958c4f46-2d2f-490e-8073-bf2bba750bfe,3699a099-5b72-4c09-b6e9-be1ffb6547b0,28a29401-3af2-4aaf-a393-f8f423d84fb4,947e2253-13a3-4e00-9d09-4dfcfa0e55b9,a6284230-c59f-49c0-a8a2-0212031f7c98,4abc1c4f-fd78-438c-9d9f-7643b66c35a6,11239c36-3a75-4fb5-8bfc-4c2dc753cac6,2f1d2b8d-9876-4a59-844d-d71d6b8294a3,b5b8f4c7-9da9-4636-bfc9-338ea83dac27,d083ffab-138a-4260-8ef0-dca6bc9df382
09-09 09:17:33.968 19866 19952 D WM-SystemJobScheduler: Scheduling work ID 86438b30-d0ff-415c-b707-a475aa6a34d7Job ID 187
09-09 09:17:33.970 19866 19952 D WM-GreedyScheduler: Starting tracking for 352c9dac-1ab5-4c58-8204-fca2aee61690,28a29401-3af2-4aaf-a393-f8f423d84fb4,2f1d2b8d-9876-4a59-844d-d71d6b8294a3,b5b8f4c7-9da9-4636-bfc9-338ea83dac27,85427f44-6939-4877-a312-de0e9b036da6,958c4f46-2d2f-490e-8073-bf2bba750bfe,3699a099-5b72-4c09-b6e9-be1ffb6547b0,947e2253-13a3-4e00-9d09-4dfcfa0e55b9,a6284230-c59f-49c0-a8a2-0212031f7c98,4abc1c4f-fd78-438c-9d9f-7643b66c35a6,11239c36-3a75-4fb5-8bfc-4c2dc753cac6,d083ffab-138a-4260-8ef0-dca6bc9df382,86438b30-d0ff-415c-b707-a475aa6a34d7
09-09 09:17:33.973 19866 19952 D WM-Processor: Processor: processing WorkGenerationalId(workSpecId=2f1d2b8d-9876-4a59-844d-d71d6b8294a3, generation=0)
09-09 09:17:33.982 19866 19952 D WM-SystemJobScheduler: Scheduling work ID e60185c7-78ba-467d-b122-5198591f8a44Job ID 188
09-09 09:17:33.985 19866 19952 D WM-GreedyScheduler: Starting tracking for 352c9dac-1ab5-4c58-8204-fca2aee61690,28a29401-3af2-4aaf-a393-f8f423d84fb4,2f1d2b8d-9876-4a59-844d-d71d6b8294a3,b5b8f4c7-9da9-4636-bfc9-338ea83dac27,85427f44-6939-4877-a312-de0e9b036da6,958c4f46-2d2f-490e-8073-bf2bba750bfe,3699a099-5b72-4c09-b6e9-be1ffb6547b0,947e2253-13a3-4e00-9d09-4dfcfa0e55b9,a6284230-c59f-49c0-a8a2-0212031f7c98,4abc1c4f-fd78-438c-9d9f-7643b66c35a6,11239c36-3a75-4fb5-8bfc-4c2dc753cac6,e60185c7-78ba-467d-b122-5198591f8a44,d083ffab-138a-4260-8ef0-dca6bc9df382,86438b30-d0ff-415c-b707-a475aa6a34d7
09-09 09:17:33.996 19866 19952 D WM-SystemJobScheduler: Scheduling work ID a7dfb8b1-8000-492a-91fb-03a08215db3eJob ID 189
09-09 09:17:33.998 19866 19952 D WM-GreedyScheduler: Starting tracking for 352c9dac-1ab5-4c58-8204-fca2aee61690,28a29401-3af2-4aaf-a393-f8f423d84fb4,2f1d2b8d-9876-4a59-844d-d71d6b8294a3,b5b8f4c7-9da9-4636-bfc9-338ea83dac27,85427f44-6939-4877-a312-de0e9b036da6,958c4f46-2d2f-490e-8073-bf2bba750bfe,3699a099-5b72-4c09-b6e9-be1ffb6547b0,a7dfb8b1-8000-492a-91fb-03a08215db3e,947e2253-13a3-4e00-9d09-4dfcfa0e55b9,a6284230-c59f-49c0-a8a2-0212031f7c98,4abc1c4f-fd78-438c-9d9f-7643b66c35a6,11239c36-3a75-4fb5-8bfc-4c2dc753cac6,e60185c7-78ba-467d-b122-5198591f8a44,d083ffab-138a-4260-8ef0-dca6bc9df382,86438b30-d0ff-415c-b707-a475aa6a34d7
09-09 09:17:34.007 19866 19952 D WM-SystemJobScheduler: Scheduling work ID 050ecc56-317f-4e8b-a187-ea9ff8f6f615Job ID 190
09-09 09:17:34.008 19866 19952 D WM-GreedyScheduler: Starting tracking for 352c9dac-1ab5-4c58-8204-fca2aee61690,28a29401-3af2-4aaf-a393-f8f423d84fb4,2f1d2b8d-9876-4a59-844d-d71d6b8294a3,b5b8f4c7-9da9-4636-bfc9-338ea83dac27,85427f44-6939-4877-a312-de0e9b036da6,958c4f46-2d2f-490e-8073-bf2bba750bfe,3699a099-5b72-4c09-b6e9-be1ffb6547b0,a7dfb8b1-8000-492a-91fb-03a08215db3e,947e2253-13a3-4e00-9d09-4dfcfa0e55b9,050ecc56-317f-4e8b-a187-ea9ff8f6f615,a6284230-c59f-49c0-a8a2-0212031f7c98,4abc1c4f-fd78-438c-9d9f-7643b66c35a6,11239c36-3a75-4fb5-8bfc-4c2dc753cac6,e60185c7-78ba-467d-b122-5198591f8a44,d083ffab-138a-4260-8ef0-dca6bc9df382,86438b30-d0ff-415c-b707-a475aa6a34d7
09-09 09:17:34.019 19866 19952 D WM-SystemJobScheduler: Scheduling work ID fa7228aa-4933-458a-b42e-330370e13f9dJob ID 191
09-09 09:17:34.020 19866 19952 D WM-GreedyScheduler: Starting tracking for 352c9dac-1ab5-4c58-8204-fca2aee61690,28a29401-3af2-4aaf-a393-f8f423d84fb4,2f1d2b8d-9876-4a59-844d-d71d6b8294a3,b5b8f4c7-9da9-4636-bfc9-338ea83dac27,85427f44-6939-4877-a312-de0e9b036da6,958c4f46-2d2f-490e-8073-bf2bba750bfe,3699a099-5b72-4c09-b6e9-be1ffb6547b0,a7dfb8b1-8000-492a-91fb-03a08215db3e,947e2253-13a3-4e00-9d09-4dfcfa0e55b9,050ecc56-317f-4e8b-a187-ea9ff8f6f615,a6284230-c59f-49c0-a8a2-0212031f7c98,4abc1c4f-fd78-438c-9d9f-7643b66c35a6,fa7228aa-4933-458a-b42e-330370e13f9d,11239c36-3a75-4fb5-8bfc-4c2dc753cac6,e60185c7-78ba-467d-b122-5198591f8a44,d083ffab-138a-4260-8ef0-dca6bc9df382,86438b30-d0ff-415c-b707-a475aa6a34d7
09-09 09:17:34.022 19866 19952 D WM-Processor: Processor: processing WorkGenerationalId(workSpecId=b5b8f4c7-9da9-4636-bfc9-338ea83dac27, generation=0)
09-09 09:17:34.023 19866 19952 D WM-WorkConstraintsTrack: NetworkRequestConstraintController send initial capabilities
09-09 09:17:34.025 19866 19952 D WM-Processor: Processor: processing WorkGenerationalId(workSpecId=3699a099-5b72-4c09-b6e9-be1ffb6547b0, generation=0)
09-09 09:17:34.026 19866 19952 D WM-Processor: Processor: processing WorkGenerationalId(workSpecId=28a29401-3af2-4aaf-a393-f8f423d84fb4, generation=0)
09-09 09:17:34.028 19866 19952 D WM-Processor: Processor: processing WorkGenerationalId(workSpecId=a6284230-c59f-49c0-a8a2-0212031f7c98, generation=0)
09-09 09:17:34.029 19866 19952 I WM-Processor: Moving WorkSpec (7948a35e-014d-4ee0-868a-1e2a019f4c62) to the foreground
09-09 09:17:34.031 19866 19866 I WM-SystemFgDispatcher: Started foreground service Intent { act=ACTION_START_FOREGROUND xflg=0x4 cmp=com.negi.survey/androidx.work.impl.foreground.SystemForegroundService (has extras) }
09-09 09:17:34.032 19866 19866 D WM-SystemFgDispatcher: Notifying with (id:9028, workSpecId: 7948a35e-014d-4ee0-868a-1e2a019f4c62, notificationType :1)
09-09 09:17:34.033 19866 19952 D WM-Processor: Processor: processing WorkGenerationalId(workSpecId=352c9dac-1ab5-4c58-8204-fca2aee61690, generation=0)
09-09 09:17:34.035 19866 19952 D WM-Processor: Processor: processing WorkGenerationalId(workSpecId=d083ffab-138a-4260-8ef0-dca6bc9df382, generation=0)
09-09 09:17:34.037 19866 19952 D WM-Processor: Processor: processing WorkGenerationalId(workSpecId=85427f44-6939-4877-a312-de0e9b036da6, generation=0)
09-09 09:17:34.039 19866 19952 D WM-Processor: Processor: processing WorkGenerationalId(workSpecId=4abc1c4f-fd78-438c-9d9f-7643b66c35a6, generation=0)
09-09 09:17:34.040 19866 19866 D WM-SystemFgDispatcher: Notifying with (id:9028, workSpecId: 7948a35e-014d-4ee0-868a-1e2a019f4c62, notificationType :1)
09-09 09:17:34.047 19866 19866 D WM-WorkerWrapper: Starting work for com.negi.survey.net.GitHubUploadWorker
09-09 09:17:34.048 19866 19866 D WM-WorkerWrapper: Starting work for com.negi.survey.net.GitHubUploadWorker
09-09 09:17:34.051 19866 19866 D WM-WorkerWrapper: Starting work for com.negi.survey.net.GitHubUploadWorker
09-09 09:17:34.055 19866 19866 D WM-WorkerWrapper: Starting work for com.negi.survey.net.GitHubUploadWorker
09-09 09:17:34.058 19866 19866 D WM-WorkerWrapper: Starting work for com.negi.survey.net.GitHubUploadWorker
09-09 09:17:34.061 19866 19866 D WM-WorkerWrapper: Starting work for com.negi.survey.net.GitHubUploadWorker
09-09 09:17:34.064 19866 19952 D WM-WorkProgressUpdater: Updating progress for 7948a35e-014d-4ee0-868a-1e2a019f4c62 (Data {pct : 3, mode : startup_ring_logs})
09-09 09:17:34.065 19866 19866 D WM-WorkerWrapper: Starting work for com.negi.survey.net.GitHubUploadWorker
09-09 09:17:34.067 19866 19952 I WM-Processor: Moving WorkSpec (7948a35e-014d-4ee0-868a-1e2a019f4c62) to the foreground
09-09 09:17:34.069 19866 19866 D WM-SystemFgDispatcher: Notifying with (id:9028, workSpecId: 7948a35e-014d-4ee0-868a-1e2a019f4c62, notificationType :1)
09-09 09:17:34.075 19866 19866 D WM-WorkerWrapper: Starting work for com.negi.survey.net.GitHubUploadWorker
09-09 09:17:34.078 19866 19866 D WM-WorkerWrapper: Starting work for com.negi.survey.net.GitHubUploadWorker
09-09 09:17:34.078 19866 19952 D WM-WorkConstraintsTrack: NetworkRequestConstraintController send initial capabilities
09-09 09:17:34.080 19866 19943 D WM-WorkProgressUpdater: Updating progress for c761f8a5-9c7c-472a-a5ef-26ebcbe615e6 (Data {pct : 18, mode : startup_runtime_logs})
09-09 09:17:34.091 19866 19943 I WM-Processor: Moving WorkSpec (c761f8a5-9c7c-472a-a5ef-26ebcbe615e6) to the foreground
09-09 09:17:34.097 19866 19866 D WM-SystemFgDispatcher: Notifying with (id:9882, workSpecId: c761f8a5-9c7c-472a-a5ef-26ebcbe615e6, notificationType :1)
09-09 09:17:34.097 19866 19943 D WM-WorkConstraintsTrack: NetworkRequestConstraintController send initial capabilities
09-09 09:17:34.099 19866 19943 D WM-GreedyScheduler: Constraints met: Scheduling work ID WorkGenerationalId(workSpecId=7948a35e-014d-4ee0-868a-1e2a019f4c62, generation=0)
09-09 09:17:34.101 19866 19943 D WM-WorkConstraintsTrack: NetworkRequestConstraintController send initial capabilities
09-09 09:17:34.102 19866 19943 D WM-WorkConstraintsTrack: NetworkRequestConstraintController send initial capabilities
09-09 09:17:34.104 19866 19943 D WM-WorkConstraintsTrack: NetworkRequestConstraintController send initial capabilities
09-09 09:17:34.110 19866 19943 I WM-Processor: Moving WorkSpec (b5b8f4c7-9da9-4636-bfc9-338ea83dac27) to the foreground
09-09 09:17:34.114 19866 19866 I WM-SystemFgDispatcher: Started foreground service Intent { act=ACTION_START_FOREGROUND xflg=0x4 cmp=com.negi.survey/androidx.work.impl.foreground.SystemForegroundService (has extras) }
09-09 09:17:34.115 19866 19866 D WM-SystemFgDispatcher: Notifying with (id:4139, workSpecId: b5b8f4c7-9da9-4636-bfc9-338ea83dac27, notificationType :1)
09-09 09:17:34.116 19866 19943 I WM-Processor: Moving WorkSpec (2f1d2b8d-9876-4a59-844d-d71d6b8294a3) to the foreground
09-09 09:17:34.119 19866 19943 D WM-WorkConstraintsTrack: NetworkRequestConstraintController send initial capabilities
09-09 09:17:34.124 19866 19866 D WM-SystemFgDispatcher: Notifying with (id:4139, workSpecId: b5b8f4c7-9da9-4636-bfc9-338ea83dac27, notificationType :1)
09-09 09:17:34.126 19866 19936 D GitHubUploader: uploadStream: owner=ishizuki-tech repo=SurveyExports branch=main path=diagnostics/crash/2026-09-09/prevlog_20260909_015352_pid27656.log size=14966 maxRawBytesHint=1000000 maxRequestBytesHint=2800000
09-09 09:17:34.128 19866 19971 D GitHubUploader: uploadStream: owner=ishizuki-tech repo=SurveyExports branch=main path=diagnostics/crash/2026-09-09/prevlog_20260909_161733_pid19866.log size=44075 maxRawBytesHint=1000000 maxRequestBytesHint=2800000
09-09 09:17:34.129 19866 19866 I WM-SystemFgDispatcher: Started foreground service Intent { act=ACTION_START_FOREGROUND xflg=0x4 cmp=com.negi.survey/androidx.work.impl.foreground.SystemForegroundService (has extras) }
09-09 09:17:34.129 19866 19866 D WM-SystemFgDispatcher: Notifying with (id:4255, workSpecId: 2f1d2b8d-9876-4a59-844d-d71d6b8294a3, notificationType :1)
09-09 09:17:34.130 19866 19943 I WM-Processor: Moving WorkSpec (28a29401-3af2-4aaf-a393-f8f423d84fb4) to the foreground
09-09 09:17:34.134 19866 19866 D WM-SystemFgDispatcher: Notifying with (id:4255, workSpecId: 2f1d2b8d-9876-4a59-844d-d71d6b8294a3, notificationType :1)
09-09 09:17:34.138 19866 19866 I WM-SystemFgDispatcher: Started foreground service Intent { act=ACTION_START_FOREGROUND xflg=0x4 cmp=com.negi.survey/androidx.work.impl.foreground.SystemForegroundService (has extras) }
09-09 09:17:34.138 19866 19866 D WM-SystemFgDispatcher: Notifying with (id:9460, workSpecId: 28a29401-3af2-4aaf-a393-f8f423d84fb4, notificationType :1)
09-09 09:17:34.139 19866 19943 I WM-Processor: Moving WorkSpec (a6284230-c59f-49c0-a8a2-0212031f7c98) to the foreground
09-09 09:17:34.140 19866 19938 D GitHubUploader: uploadStream: owner=ishizuki-tech repo=SurveyExports branch=main path=diagnostics/crash/2026-09-09/prevlog_20260909_012717_pid24642.log size=25635 maxRawBytesHint=1000000 maxRequestBytesHint=2800000
09-09 09:17:34.144 19866 19866 D WM-SystemFgDispatcher: Notifying with (id:9460, workSpecId: 28a29401-3af2-4aaf-a393-f8f423d84fb4, notificationType :1)
09-09 09:17:34.145 19866 19943 I WM-Processor: Moving WorkSpec (3699a099-5b72-4c09-b6e9-be1ffb6547b0) to the foreground
09-09 09:17:34.147 19866 19974 D GitHubUploader: uploadStream: owner=ishizuki-tech repo=SurveyExports branch=main path=diagnostics/crash/2026-09-09/prevlog_20260909_011931_pid24082.log size=26132 maxRawBytesHint=1000000 maxRequestBytesHint=2800000
09-09 09:17:34.148 19866 19866 I WM-SystemFgDispatcher: Started foreground service Intent { act=ACTION_START_FOREGROUND xflg=0x4 cmp=com.negi.survey/androidx.work.impl.foreground.SystemForegroundService (has extras) }
09-09 09:17:34.148 19866 19866 D WM-SystemFgDispatcher: Notifying with (id:10147, workSpecId: a6284230-c59f-49c0-a8a2-0212031f7c98, notificationType :1)
09-09 09:17:34.153 19866 19943 D WM-WorkConstraintsTrack: NetworkRequestConstraintController send initial capabilities
09-09 09:17:34.153 19866 19866 D WM-SystemFgDispatcher: Notifying with (id:10147, workSpecId: a6284230-c59f-49c0-a8a2-0212031f7c98, notificationType :1)
09-09 09:17:34.155 19866 19943 I WM-Processor: Moving WorkSpec (352c9dac-1ab5-4c58-8204-fca2aee61690) to the foreground
09-09 09:17:34.156 19866 19866 I WM-SystemFgDispatcher: Started foreground service Intent { act=ACTION_START_FOREGROUND xflg=0x4 cmp=com.negi.survey/androidx.work.impl.foreground.SystemForegroundService (has extras) }
09-09 09:17:34.156 19866 19866 D WM-SystemFgDispatcher: Notifying with (id:9658, workSpecId: 3699a099-5b72-4c09-b6e9-be1ffb6547b0, notificationType :1)
09-09 09:17:34.157 19866 19975 D GitHubUploader: uploadStream: owner=ishizuki-tech repo=SurveyExports branch=main path=diagnostics/crash/2026-09-09/prevlog_20260909_015051_pid25991.log size=37638 maxRawBytesHint=1000000 maxRequestBytesHint=2800000
09-09 09:17:34.160 19866 19866 D WM-SystemFgDispatcher: Notifying with (id:9658, workSpecId: 3699a099-5b72-4c09-b6e9-be1ffb6547b0, notificationType :1)
09-09 09:17:34.162 19866 19943 I WM-Processor: Moving WorkSpec (d083ffab-138a-4260-8ef0-dca6bc9df382) to the foreground
09-09 09:17:34.164 19866 19866 I WM-SystemFgDispatcher: Started foreground service Intent { act=ACTION_START_FOREGROUND xflg=0x4 cmp=com.negi.survey/androidx.work.impl.foreground.SystemForegroundService (has extras) }
09-09 09:17:34.164 19866 19866 D WM-SystemFgDispatcher: Notifying with (id:5900, workSpecId: 352c9dac-1ab5-4c58-8204-fca2aee61690, notificationType :1)
09-09 09:17:34.165 19866 19976 D GitHubUploader: uploadStream: owner=ishizuki-tech repo=SurveyExports branch=main path=diagnostics/crash/2026-09-09/prevlog_20260909_011719_pid23839.log size=207684 maxRawBytesHint=1000000 maxRequestBytesHint=2800000
09-09 09:17:34.169 19866 19866 D WM-SystemFgDispatcher: Notifying with (id:5900, workSpecId: 352c9dac-1ab5-4c58-8204-fca2aee61690, notificationType :1)
09-09 09:17:34.170 19866 19943 D WM-WorkConstraintsTrack: NetworkRequestConstraintController send initial capabilities
09-09 09:17:34.170 19866 19977 D GitHubUploader: uploadStream: owner=ishizuki-tech repo=SurveyExports branch=main path=diagnostics/crash/2026-09-09/prevlog_20260909_011549_pid23640.log size=19605 maxRawBytesHint=1000000 maxRequestBytesHint=2800000
09-09 09:17:34.174 19866 19943 D WM-WorkConstraintsTrack: NetworkRequestConstraintController send initial capabilities
09-09 09:17:34.174 19866 19866 I WM-SystemFgDispatcher: Started foreground service Intent { act=ACTION_START_FOREGROUND xflg=0x4 cmp=com.negi.survey/androidx.work.impl.foreground.SystemForegroundService (has extras) }
09-09 09:17:34.174 19866 19866 D WM-SystemFgDispatcher: Notifying with (id:6433, workSpecId: d083ffab-138a-4260-8ef0-dca6bc9df382, notificationType :1)
09-09 09:17:34.175 19866 19943 D WM-WorkConstraintsTrack: NetworkRequestConstraintController send initial capabilities
09-09 09:17:34.176 19866 19943 D WM-WorkConstraintsTrack: NetworkRequestConstraintController send initial capabilities
09-09 09:17:34.177 19866 19943 D WM-WorkConstraintsTrack: NetworkRequestConstraintController send initial capabilities
09-09 09:17:34.178 19866 19943 D WM-WorkConstraintsTrack: NetworkRequestConstraintController send initial capabilities
09-09 09:17:34.179 19866 19943 D WM-WorkConstraintsTrack: NetworkRequestConstraintController send initial capabilities
09-09 09:17:34.180 19866 19866 D WM-SystemFgDispatcher: Notifying with (id:6433, workSpecId: d083ffab-138a-4260-8ef0-dca6bc9df382, notificationType :1)
09-09 09:17:34.180 19866 19943 D WM-WorkConstraintsTrack: NetworkRequestConstraintController send initial capabilities
09-09 09:17:34.181 19866 19943 D WM-WorkConstraintsTrack: NetworkRequestConstraintController send initial capabilities
09-09 09:17:34.182 19866 19943 D WM-WorkConstraintsTrack: NetworkRequestConstraintController send initial capabilities
09-09 09:17:34.186 19866 19943 I WM-Processor: Moving WorkSpec (85427f44-6939-4877-a312-de0e9b036da6) to the foreground
09-09 09:17:34.188 19866 19866 I WM-SystemFgDispatcher: Started foreground service Intent { act=ACTION_START_FOREGROUND xflg=0x4 cmp=com.negi.survey/androidx.work.impl.foreground.SystemForegroundService (has extras) }
09-09 09:17:34.188 19866 19866 D WM-SystemFgDispatcher: Notifying with (id:6611, workSpecId: 85427f44-6939-4877-a312-de0e9b036da6, notificationType :1)
09-09 09:17:34.190 19866 19943 I WM-Processor: Moving WorkSpec (4abc1c4f-fd78-438c-9d9f-7643b66c35a6) to the foreground
09-09 09:17:34.195 19866 19866 D WM-SystemFgDispatcher: Notifying with (id:6611, workSpecId: 85427f44-6939-4877-a312-de0e9b036da6, notificationType :1)
09-09 09:17:34.195 19866 19970 D GitHubUploader: uploadStream: owner=ishizuki-tech repo=SurveyExports branch=main path=diagnostics/crash/2026-09-09/prevlog_20260909_011507_pid23423.log size=19605 maxRawBytesHint=1000000 maxRequestBytesHint=2800000
09-09 09:17:34.199 19866 19980 D GitHubUploader: uploadStream: owner=ishizuki-tech repo=SurveyExports branch=main path=diagnostics/crash/2026-09-09/prevlog_20260909_011441_pid23210.log size=19605 maxRawBytesHint=1000000 maxRequestBytesHint=2800000
09-09 09:17:34.202 19866 19866 I WM-SystemFgDispatcher: Started foreground service Intent { act=ACTION_START_FOREGROUND xflg=0x4 cmp=com.negi.survey/androidx.work.impl.foreground.SystemForegroundService (has extras) }
09-09 09:17:34.203 19866 19866 D WM-SystemFgDispatcher: Notifying with (id:6071, workSpecId: 4abc1c4f-fd78-438c-9d9f-7643b66c35a6, notificationType :1)
09-09 09:17:34.206 19866 19943 D WM-Processor: Work WorkGenerationalId(workSpecId=7948a35e-014d-4ee0-868a-1e2a019f4c62, generation=0) is already enqueued for processing
09-09 09:17:34.207 19866 19866 D WM-SystemFgDispatcher: Notifying with (id:6071, workSpecId: 4abc1c4f-fd78-438c-9d9f-7643b66c35a6, notificationType :1)
09-09 09:17:34.211 19866 19943 D WM-WorkProgressUpdater: Updating progress for b5b8f4c7-9da9-4636-bfc9-338ea83dac27 (Data {pct : 0, mode : file})
09-09 09:17:34.216 19866 19943 I WM-Processor: Moving WorkSpec (b5b8f4c7-9da9-4636-bfc9-338ea83dac27) to the foreground
09-09 09:17:34.218 19866 19866 D WM-SystemFgDispatcher: Notifying with (id:4139, workSpecId: b5b8f4c7-9da9-4636-bfc9-338ea83dac27, notificationType :1)
09-09 09:17:34.219 19866 19943 D WM-WorkProgressUpdater: Updating progress for 2f1d2b8d-9876-4a59-844d-d71d6b8294a3 (Data {pct : 0, mode : file})
09-09 09:17:34.223 19866 19943 I WM-Processor: Moving WorkSpec (2f1d2b8d-9876-4a59-844d-d71d6b8294a3) to the foreground
09-09 09:17:34.225 19866 19943 D WM-WorkProgressUpdater: Updating progress for 28a29401-3af2-4aaf-a393-f8f423d84fb4 (Data {pct : 0, mode : file})
09-09 09:17:34.225 19866 19866 D WM-SystemFgDispatcher: Notifying with (id:4255, workSpecId: 2f1d2b8d-9876-4a59-844d-d71d6b8294a3, notificationType :1)
09-09 09:17:34.230 19866 19943 I WM-Processor: Moving WorkSpec (28a29401-3af2-4aaf-a393-f8f423d84fb4) to the foreground
09-09 09:17:34.234 19866 19866 D WM-SystemFgDispatcher: Notifying with (id:9460, workSpecId: 28a29401-3af2-4aaf-a393-f8f423d84fb4, notificationType :1)
09-09 09:17:34.237 19866 19943 D WM-WorkProgressUpdater: Updating progress for a6284230-c59f-49c0-a8a2-0212031f7c98 (Data {pct : 0, mode : file})
09-09 09:17:34.242 19866 19943 I WM-Processor: Moving WorkSpec (a6284230-c59f-49c0-a8a2-0212031f7c98) to the foreground
09-09 09:17:34.245 19866 19943 D WM-WorkProgressUpdater: Updating progress for 3699a099-5b72-4c09-b6e9-be1ffb6547b0 (Data {pct : 0, mode : file})
09-09 09:17:34.246 19866 19866 D WM-SystemFgDispatcher: Notifying with (id:10147, workSpecId: a6284230-c59f-49c0-a8a2-0212031f7c98, notificationType :1)
09-09 09:17:34.248 19866 19943 I WM-Processor: Moving WorkSpec (3699a099-5b72-4c09-b6e9-be1ffb6547b0) to the foreground
09-09 09:17:34.252 19866 19943 D WM-WorkProgressUpdater: Updating progress for 352c9dac-1ab5-4c58-8204-fca2aee61690 (Data {pct : 0, mode : file})
09-09 09:17:34.253 19866 19866 D WM-SystemFgDispatcher: Notifying with (id:9658, workSpecId: 3699a099-5b72-4c09-b6e9-be1ffb6547b0, notificationType :1)
09-09 09:17:34.256 19866 19943 I WM-Processor: Moving WorkSpec (352c9dac-1ab5-4c58-8204-fca2aee61690) to the foreground
09-09 09:17:34.258 19866 19943 D WM-WorkProgressUpdater: Updating progress for d083ffab-138a-4260-8ef0-dca6bc9df382 (Data {pct : 0, mode : file})
09-09 09:17:34.261 19866 19866 D WM-SystemFgDispatcher: Notifying with (id:5900, workSpecId: 352c9dac-1ab5-4c58-8204-fca2aee61690, notificationType :1)
09-09 09:17:34.261 19866 19943 I WM-Processor: Moving WorkSpec (d083ffab-138a-4260-8ef0-dca6bc9df382) to the foreground
09-09 09:17:34.264 19866 19943 D WM-GreedyScheduler: Constraints met: Scheduling work ID WorkGenerationalId(workSpecId=2f1d2b8d-9876-4a59-844d-d71d6b8294a3, generation=0)
09-09 09:17:34.266 19866 19943 D WM-WorkProgressUpdater: Updating progress for 85427f44-6939-4877-a312-de0e9b036da6 (Data {pct : 0, mode : file})
09-09 09:17:34.269 19866 19943 I WM-Processor: Moving WorkSpec (85427f44-6939-4877-a312-de0e9b036da6) to the foreground
09-09 09:17:34.271 19866 19943 D WM-GreedyScheduler: Constraints met: Scheduling work ID WorkGenerationalId(workSpecId=b5b8f4c7-9da9-4636-bfc9-338ea83dac27, generation=0)
09-09 09:17:34.271 19866 19943 D WM-WorkProgressUpdater: Updating progress for 4abc1c4f-fd78-438c-9d9f-7643b66c35a6 (Data {pct : 0, mode : file})
09-09 09:17:34.273 19866 19866 D WM-SystemFgDispatcher: Notifying with (id:6433, workSpecId: d083ffab-138a-4260-8ef0-dca6bc9df382, notificationType :1)
09-09 09:17:34.274 19866 19943 I WM-Processor: Moving WorkSpec (4abc1c4f-fd78-438c-9d9f-7643b66c35a6) to the foreground
09-09 09:17:34.277 19866 19943 D WM-GreedyScheduler: Constraints met: Scheduling work ID WorkGenerationalId(workSpecId=3699a099-5b72-4c09-b6e9-be1ffb6547b0, generation=0)
09-09 09:17:34.277 19866 19943 D WM-GreedyScheduler: Constraints met: Scheduling work ID WorkGenerationalId(workSpecId=28a29401-3af2-4aaf-a393-f8f423d84fb4, generation=0)
09-09 09:17:34.278 19866 19953 D WM-GreedyScheduler: Constraints met: Scheduling work ID WorkGenerationalId(workSpecId=a6284230-c59f-49c0-a8a2-0212031f7c98, generation=0)
09-09 09:17:34.280 19866 19866 D WM-SystemFgDispatcher: Notifying with (id:6611, workSpecId: 85427f44-6939-4877-a312-de0e9b036da6, notificationType :1)
09-09 09:17:34.282 19866 19953 D WM-WorkConstraintsTrack: NetworkRequestConstraintController send initial capabilities
09-09 09:17:34.283 19866 19953 D WM-GreedyScheduler: Constraints met: Scheduling work ID WorkGenerationalId(workSpecId=352c9dac-1ab5-4c58-8204-fca2aee61690, generation=0)
09-09 09:17:34.287 19866 19866 D WM-SystemFgDispatcher: Notifying with (id:6071, workSpecId: 4abc1c4f-fd78-438c-9d9f-7643b66c35a6, notificationType :1)
09-09 09:17:34.288 19866 19952 D WM-GreedyScheduler: Constraints met: Scheduling work ID WorkGenerationalId(workSpecId=d083ffab-138a-4260-8ef0-dca6bc9df382, generation=0)
09-09 09:17:34.292 19866 19952 D WM-GreedyScheduler: Constraints met: Scheduling work ID WorkGenerationalId(workSpecId=85427f44-6939-4877-a312-de0e9b036da6, generation=0)
09-09 09:17:34.298 19866 19952 D WM-GreedyScheduler: Constraints met: Scheduling work ID WorkGenerationalId(workSpecId=4abc1c4f-fd78-438c-9d9f-7643b66c35a6, generation=0)
09-09 09:17:34.299 19866 19952 D WM-GreedyScheduler: Constraints met: Scheduling work ID WorkGenerationalId(workSpecId=947e2253-13a3-4e00-9d09-4dfcfa0e55b9, generation=0)
09-09 09:17:34.301 19866 19952 D WM-GreedyScheduler: Constraints met: Scheduling work ID WorkGenerationalId(workSpecId=11239c36-3a75-4fb5-8bfc-4c2dc753cac6, generation=0)
09-09 09:17:34.302 19866 19952 D WM-GreedyScheduler: Constraints met: Scheduling work ID WorkGenerationalId(workSpecId=958c4f46-2d2f-490e-8073-bf2bba750bfe, generation=0)
09-09 09:17:34.304 19866 19952 D WM-GreedyScheduler: Constraints met: Scheduling work ID WorkGenerationalId(workSpecId=86438b30-d0ff-415c-b707-a475aa6a34d7, generation=0)
09-09 09:17:34.315 19866 19952 D WM-Processor: Work WorkGenerationalId(workSpecId=2f1d2b8d-9876-4a59-844d-d71d6b8294a3, generation=0) is already enqueued for processing
09-09 09:17:34.315 19866 19952 D WM-GreedyScheduler: Constraints met: Scheduling work ID WorkGenerationalId(workSpecId=e60185c7-78ba-467d-b122-5198591f8a44, generation=0)
09-09 09:17:34.317 19866 19952 D WM-GreedyScheduler: Constraints met: Scheduling work ID WorkGenerationalId(workSpecId=a7dfb8b1-8000-492a-91fb-03a08215db3e, generation=0)
09-09 09:17:34.318 19866 19952 D WM-GreedyScheduler: Constraints met: Scheduling work ID WorkGenerationalId(workSpecId=050ecc56-317f-4e8b-a187-ea9ff8f6f615, generation=0)
09-09 09:17:34.319 19866 19952 D WM-GreedyScheduler: Constraints met: Scheduling work ID WorkGenerationalId(workSpecId=fa7228aa-4933-458a-b42e-330370e13f9d, generation=0)
09-09 09:17:34.328 19866 19952 D WM-Processor: Work WorkGenerationalId(workSpecId=b5b8f4c7-9da9-4636-bfc9-338ea83dac27, generation=0) is already enqueued for processing
09-09 09:17:34.331 19866 19943 D WM-Processor: Work WorkGenerationalId(workSpecId=3699a099-5b72-4c09-b6e9-be1ffb6547b0, generation=0) is already enqueued for processing
09-09 09:17:34.334 19866 19943 D WM-Processor: Work WorkGenerationalId(workSpecId=28a29401-3af2-4aaf-a393-f8f423d84fb4, generation=0) is already enqueued for processing
09-09 09:17:34.336 19866 19943 D WM-Processor: Work WorkGenerationalId(workSpecId=a6284230-c59f-49c0-a8a2-0212031f7c98, generation=0) is already enqueued for processing
09-09 09:17:34.339 19866 19943 D WM-Processor: Work WorkGenerationalId(workSpecId=352c9dac-1ab5-4c58-8204-fca2aee61690, generation=0) is already enqueued for processing
09-09 09:17:34.342 19866 19943 D WM-Processor: Work WorkGenerationalId(workSpecId=d083ffab-138a-4260-8ef0-dca6bc9df382, generation=0) is already enqueued for processing
09-09 09:17:34.346 19866 19943 D WM-Processor: Work WorkGenerationalId(workSpecId=85427f44-6939-4877-a312-de0e9b036da6, generation=0) is already enqueued for processing
09-09 09:17:34.349 19866 19943 D WM-Processor: Work WorkGenerationalId(workSpecId=4abc1c4f-fd78-438c-9d9f-7643b66c35a6, generation=0) is already enqueued for processing
09-09 09:17:34.352 19866 19943 D WM-Processor: Processor: processing WorkGenerationalId(workSpecId=947e2253-13a3-4e00-9d09-4dfcfa0e55b9, generation=0)
09-09 09:17:34.354 19866 19943 D WM-Processor: Processor: processing WorkGenerationalId(workSpecId=11239c36-3a75-4fb5-8bfc-4c2dc753cac6, generation=0)
09-09 09:17:34.357 19866 19943 D WM-Processor: Processor: processing WorkGenerationalId(workSpecId=958c4f46-2d2f-490e-8073-bf2bba750bfe, generation=0)
09-09 09:17:34.360 19866 19943 D WM-Processor: Processor: processing WorkGenerationalId(workSpecId=86438b30-d0ff-415c-b707-a475aa6a34d7, generation=0)
09-09 09:17:34.363 19866 19943 D WM-Processor: Processor: processing WorkGenerationalId(workSpecId=e60185c7-78ba-467d-b122-5198591f8a44, generation=0)
09-09 09:17:34.366 19866 19943 D WM-Processor: Processor: processing WorkGenerationalId(workSpecId=a7dfb8b1-8000-492a-91fb-03a08215db3e, generation=0)
09-09 09:17:34.368 19866 19943 D WM-Processor: Processor: processing WorkGenerationalId(workSpecId=050ecc56-317f-4e8b-a187-ea9ff8f6f615, generation=0)
09-09 09:17:34.371 19866 19943 D WM-Processor: Processor: processing WorkGenerationalId(workSpecId=fa7228aa-4933-458a-b42e-330370e13f9d, generation=0)
09-09 09:17:34.372 19866 19943 D WM-WorkConstraintsTrack: NetworkRequestConstraintController send initial capabilities
09-09 09:17:34.373 19866 19943 D WM-WorkConstraintsTrack: NetworkRequestConstraintController send initial capabilities
09-09 09:17:34.373 19866 19943 D WM-WorkConstraintsTrack: NetworkRequestConstraintController send initial capabilities
09-09 09:17:34.373 19866 19943 D WM-WorkConstraintsTrack: NetworkRequestConstraintController send initial capabilities
09-09 09:17:34.374 19866 19943 D WM-WorkConstraintsTrack: NetworkRequestConstraintController send initial capabilities
09-09 09:17:34.374 19866 19943 D WM-WorkConstraintsTrack: NetworkRequestConstraintController send initial capabilities
09-09 09:17:34.374 19866 19943 D WM-WorkConstraintsTrack: NetworkRequestConstraintController send initial capabilities
09-09 09:17:34.381 19866 19866 D WM-WorkerWrapper: Starting work for com.negi.survey.net.GitHubUploadWorker
09-09 09:17:34.385 19866 19866 D WM-WorkerWrapper: Starting work for com.negi.survey.net.GitHubUploadWorker
09-09 09:17:34.389 19866 19866 D WM-WorkerWrapper: Starting work for com.negi.survey.net.GitHubUploadWorker
09-09 09:17:34.394 19866 19866 D WM-WorkerWrapper: Starting work for com.negi.survey.net.GitHubUploadWorker
09-09 09:17:34.400 19866 19866 D WM-WorkerWrapper: Starting work for com.negi.survey.net.GitHubUploadWorker
09-09 09:17:34.403 19866 19866 D WM-WorkerWrapper: Starting work for com.negi.survey.net.GitHubUploadWorker
09-09 09:17:34.406 19866 19866 D WM-WorkerWrapper: Starting work for com.negi.survey.net.GitHubUploadWorker
09-09 09:17:34.410 19866 19866 D WM-WorkerWrapper: Starting work for com.negi.survey.net.GitHubUploadWorker
09-09 09:17:34.410 19866 19943 D WM-WorkConstraintsTrack: NetworkRequestConstraintController send initial capabilities
09-09 09:17:34.411 19866 19943 D WM-WorkConstraintsTrack: NetworkRequestConstraintController send initial capabilities
09-09 09:17:34.421 19866 19952 I WM-Processor: Moving WorkSpec (947e2253-13a3-4e00-9d09-4dfcfa0e55b9) to the foreground
09-09 09:17:34.428 19866 19866 I WM-SystemFgDispatcher: Started foreground service Intent { act=ACTION_START_FOREGROUND xflg=0x4 cmp=com.negi.survey/androidx.work.impl.foreground.SystemForegroundService (has extras) }
09-09 09:17:34.428 19866 19866 D WM-SystemFgDispatcher: Notifying with (id:7904, workSpecId: 947e2253-13a3-4e00-9d09-4dfcfa0e55b9, notificationType :1)
09-09 09:17:34.435 19866 19952 I WM-Processor: Moving WorkSpec (11239c36-3a75-4fb5-8bfc-4c2dc753cac6) to the foreground
09-09 09:17:34.436 19866 19979 D GitHubUploader: uploadStream: owner=ishizuki-tech repo=SurveyExports branch=main path=diagnostics/crash/2026-09-09/prevlog_20260909_011352_pid23023.log size=19605 maxRawBytesHint=1000000 maxRequestBytesHint=2800000
09-09 09:17:34.442 19866 19866 D WM-SystemFgDispatcher: Notifying with (id:7904, workSpecId: 947e2253-13a3-4e00-9d09-4dfcfa0e55b9, notificationType :1)
09-09 09:17:34.451 19866 19866 I WM-SystemFgDispatcher: Started foreground service Intent { act=ACTION_START_FOREGROUND xflg=0x4 cmp=com.negi.survey/androidx.work.impl.foreground.SystemForegroundService (has extras) }
09-09 09:17:34.451 19866 19952 I WM-Processor: Moving WorkSpec (958c4f46-2d2f-490e-8073-bf2bba750bfe) to the foreground
09-09 09:17:34.451 19866 19866 D WM-SystemFgDispatcher: Notifying with (id:10720, workSpecId: 11239c36-3a75-4fb5-8bfc-4c2dc753cac6, notificationType :1)
09-09 09:17:34.455 19866 19982 D GitHubUploader: uploadStream: owner=ishizuki-tech repo=SurveyExports branch=main path=diagnostics/crash/2026-09-09/prevlog_20260909_011256_pid22772.log size=19597 maxRawBytesHint=1000000 maxRequestBytesHint=2800000
09-09 09:17:34.460 19866 19866 D WM-SystemFgDispatcher: Notifying with (id:10720, workSpecId: 11239c36-3a75-4fb5-8bfc-4c2dc753cac6, notificationType :1)
09-09 09:17:34.463 19866 19952 I WM-Processor: Moving WorkSpec (86438b30-d0ff-415c-b707-a475aa6a34d7) to the foreground
09-09 09:17:34.464 19866 19866 I WM-SystemFgDispatcher: Started foreground service Intent { act=ACTION_START_FOREGROUND xflg=0x4 cmp=com.negi.survey/androidx.work.impl.foreground.SystemForegroundService (has extras) }
09-09 09:17:34.464 19866 19866 D WM-SystemFgDispatcher: Notifying with (id:6073, workSpecId: 958c4f46-2d2f-490e-8073-bf2bba750bfe, notificationType :1)
09-09 09:17:34.469 19866 19866 D WM-SystemFgDispatcher: Notifying with (id:6073, workSpecId: 958c4f46-2d2f-490e-8073-bf2bba750bfe, notificationType :1)
--------- beginning of system
09-09 09:17:34.470 19866 19866 W NotificationManager: Shedding notify (update) of NotificationKey[user=UserHandle{0}, pkg=com.negi.survey, tag=null, id=6073], rate limit (5.0) exceeded: input 8.568421, output would be 6.0056133
09-09 09:17:34.471 19866 19866 I WM-SystemFgDispatcher: Started foreground service Intent { act=ACTION_START_FOREGROUND xflg=0x4 cmp=com.negi.survey/androidx.work.impl.foreground.SystemForegroundService (has extras) }
09-09 09:17:34.471 19866 19866 D WM-SystemFgDispatcher: Notifying with (id:4083, workSpecId: 86438b30-d0ff-415c-b707-a475aa6a34d7, notificationType :1)
09-09 09:17:34.474 19866 19983 D GitHubUploader: uploadStream: owner=ishizuki-tech repo=SurveyExports branch=main path=diagnostics/crash/2026-09-09/prevlog_20260909_011104_pid22513.log size=14403 maxRawBytesHint=1000000 maxRequestBytesHint=2800000
09-09 09:17:34.476 19866 19866 D WM-SystemFgDispatcher: Notifying with (id:4083, workSpecId: 86438b30-d0ff-415c-b707-a475aa6a34d7, notificationType :1)
09-09 09:17:34.477 19866 19985 D GitHubUploader: uploadStream: owner=ishizuki-tech repo=SurveyExports branch=main path=diagnostics/crash/2026-09-09/prevlog_20260909_005416_pid21492.log size=112628 maxRawBytesHint=1000000 maxRequestBytesHint=2800000
09-09 09:17:34.477 19866 19952 I WM-Processor: Moving WorkSpec (e60185c7-78ba-467d-b122-5198591f8a44) to the foreground
09-09 09:17:34.480 19866 19866 I WM-SystemFgDispatcher: Started foreground service Intent { act=ACTION_START_FOREGROUND xflg=0x4 cmp=com.negi.survey/androidx.work.impl.foreground.SystemForegroundService (has extras) }
09-09 09:17:34.480 19866 19866 D WM-SystemFgDispatcher: Notifying with (id:10812, workSpecId: e60185c7-78ba-467d-b122-5198591f8a44, notificationType :1)
09-09 09:17:34.485 19866 19866 D WM-SystemFgDispatcher: Notifying with (id:10812, workSpecId: e60185c7-78ba-467d-b122-5198591f8a44, notificationType :1)
09-09 09:17:34.485 19866 19952 I WM-Processor: Moving WorkSpec (a7dfb8b1-8000-492a-91fb-03a08215db3e) to the foreground
09-09 09:17:34.487 19866 19987 D GitHubUploader: uploadStream: owner=ishizuki-tech repo=SurveyExports branch=main path=diagnostics/crash/2026-09-09/prevlog_20260909_005325_pid21247.log size=19604 maxRawBytesHint=1000000 maxRequestBytesHint=2800000
09-09 09:17:34.490 19866 19866 I WM-SystemFgDispatcher: Started foreground service Intent { act=ACTION_START_FOREGROUND xflg=0x4 cmp=com.negi.survey/androidx.work.impl.foreground.SystemForegroundService (has extras) }
09-09 09:17:34.490 19866 19866 D WM-SystemFgDispatcher: Notifying with (id:7905, workSpecId: a7dfb8b1-8000-492a-91fb-03a08215db3e, notificationType :1)
09-09 09:17:34.513 19866 19952 I WM-Processor: Moving WorkSpec (050ecc56-317f-4e8b-a187-ea9ff8f6f615) to the foreground
09-09 09:17:34.515 19866 19866 D WM-SystemFgDispatcher: Notifying with (id:7905, workSpecId: a7dfb8b1-8000-492a-91fb-03a08215db3e, notificationType :1)
09-09 09:17:34.515 19866 19984 D GitHubUploader: uploadStream: owner=ishizuki-tech repo=SurveyExports branch=main path=diagnostics/crash/2026-09-09/prevlog_20260909_005254_pid21078.log size=15721 maxRawBytesHint=1000000 maxRequestBytesHint=2800000
09-09 09:17:34.519 19866 19866 I WM-SystemFgDispatcher: Started foreground service Intent { act=ACTION_START_FOREGROUND xflg=0x4 cmp=com.negi.survey/androidx.work.impl.foreground.SystemForegroundService (has extras) }
09-09 09:17:34.519 19866 19866 D WM-SystemFgDispatcher: Notifying with (id:10357, workSpecId: 050ecc56-317f-4e8b-a187-ea9ff8f6f615, notificationType :1)
09-09 09:17:34.524 19866 19952 I WM-Processor: Moving WorkSpec (fa7228aa-4933-458a-b42e-330370e13f9d) to the foreground
09-09 09:17:34.530 19866 19989 D GitHubUploader: uploadStream: owner=ishizuki-tech repo=SurveyExports branch=main path=diagnostics/crash/2026-09-09/prevlog_20260909_003115_pid19343.log size=85739 maxRawBytesHint=1000000 maxRequestBytesHint=2800000
09-09 09:17:34.531 19866 19866 D WM-SystemFgDispatcher: Notifying with (id:10357, workSpecId: 050ecc56-317f-4e8b-a187-ea9ff8f6f615, notificationType :1)
09-09 09:17:34.533 19866 19952 D WM-WorkProgressUpdater: Updating progress for 947e2253-13a3-4e00-9d09-4dfcfa0e55b9 (Data {pct : 0, mode : file})
09-09 09:17:34.536 19866 19990 D GitHubUploader: uploadStream: owner=ishizuki-tech repo=SurveyExports branch=main path=diagnostics/crash/2026-09-09/ring_store/20260909_161733_pid19866_u366237/seg_00.log size=57507 maxRawBytesHint=1000000 maxRequestBytesHint=2800000
09-09 09:17:34.536 19866 19866 I WM-SystemFgDispatcher: Started foreground service Intent { act=ACTION_START_FOREGROUND xflg=0x4 cmp=com.negi.survey/androidx.work.impl.foreground.SystemForegroundService (has extras) }
09-09 09:17:34.536 19866 19866 D WM-SystemFgDispatcher: Notifying with (id:5438, workSpecId: fa7228aa-4933-458a-b42e-330370e13f9d, notificationType :1)
09-09 09:17:34.541 19866 19866 D WM-SystemFgDispatcher: Notifying with (id:5438, workSpecId: fa7228aa-4933-458a-b42e-330370e13f9d, notificationType :1)
09-09 09:17:34.543 19866 19952 I WM-Processor: Moving WorkSpec (947e2253-13a3-4e00-9d09-4dfcfa0e55b9) to the foreground
09-09 09:17:34.546 19866 19952 D WM-WorkProgressUpdater: Updating progress for 2f1d2b8d-9876-4a59-844d-d71d6b8294a3 (Data {pct : 10, mode : file})
09-09 09:17:34.547 19866 19866 D WM-SystemFgDispatcher: Notifying with (id:7904, workSpecId: 947e2253-13a3-4e00-9d09-4dfcfa0e55b9, notificationType :1)
09-09 09:17:34.550 19866 19952 I WM-Processor: Moving WorkSpec (2f1d2b8d-9876-4a59-844d-d71d6b8294a3) to the foreground
09-09 09:17:34.552 19866 19866 D WM-SystemFgDispatcher: Notifying with (id:4255, workSpecId: 2f1d2b8d-9876-4a59-844d-d71d6b8294a3, notificationType :1)
09-09 09:17:34.552 19866 19952 D WM-WorkProgressUpdater: Updating progress for b5b8f4c7-9da9-4636-bfc9-338ea83dac27 (Data {pct : 10, mode : file})
09-09 09:17:34.557 19866 19952 I WM-Processor: Moving WorkSpec (b5b8f4c7-9da9-4636-bfc9-338ea83dac27) to the foreground
09-09 09:17:34.559 19866 19952 D WM-WorkProgressUpdater: Updating progress for 2f1d2b8d-9876-4a59-844d-d71d6b8294a3 (Data {pct : 24, mode : file})
09-09 09:17:34.559 19866 19866 D WM-SystemFgDispatcher: Notifying with (id:4139, workSpecId: b5b8f4c7-9da9-4636-bfc9-338ea83dac27, notificationType :1)
09-09 09:17:34.562 19866 19952 I WM-Processor: Moving WorkSpec (2f1d2b8d-9876-4a59-844d-d71d6b8294a3) to the foreground
09-09 09:17:34.565 19866 19866 D WM-SystemFgDispatcher: Notifying with (id:4255, workSpecId: 2f1d2b8d-9876-4a59-844d-d71d6b8294a3, notificationType :1)
09-09 09:17:34.566 19866 19952 D WM-WorkProgressUpdater: Updating progress for 11239c36-3a75-4fb5-8bfc-4c2dc753cac6 (Data {pct : 0, mode : file})
09-09 09:17:34.569 19866 19952 I WM-Processor: Moving WorkSpec (11239c36-3a75-4fb5-8bfc-4c2dc753cac6) to the foreground
09-09 09:17:34.570 19866 19952 D WM-WorkProgressUpdater: Updating progress for b5b8f4c7-9da9-4636-bfc9-338ea83dac27 (Data {pct : 53, mode : file})
09-09 09:17:34.571 19866 19866 D WM-SystemFgDispatcher: Notifying with (id:10720, workSpecId: 11239c36-3a75-4fb5-8bfc-4c2dc753cac6, notificationType :1)
09-09 09:17:34.573 19866 19952 I WM-Processor: Moving WorkSpec (b5b8f4c7-9da9-4636-bfc9-338ea83dac27) to the foreground
09-09 09:17:34.575 19866 19952 D WM-WorkProgressUpdater: Updating progress for 2f1d2b8d-9876-4a59-844d-d71d6b8294a3 (Data {pct : 39, mode : file})
09-09 09:17:34.576 19866 19866 D WM-SystemFgDispatcher: Notifying with (id:4139, workSpecId: b5b8f4c7-9da9-4636-bfc9-338ea83dac27, notificationType :1)
09-09 09:17:34.581 19866 19952 I WM-Processor: Moving WorkSpec (2f1d2b8d-9876-4a59-844d-d71d6b8294a3) to the foreground
09-09 09:17:34.583 19866 19952 D WM-WorkProgressUpdater: Updating progress for b5b8f4c7-9da9-4636-bfc9-338ea83dac27 (Data {pct : 90, mode : file})
09-09 09:17:34.584 19866 19866 D WM-SystemFgDispatcher: Notifying with (id:4255, workSpecId: 2f1d2b8d-9876-4a59-844d-d71d6b8294a3, notificationType :1)
09-09 09:17:34.586 19866 19952 D WM-WorkProgressUpdater: Updating progress for 2f1d2b8d-9876-4a59-844d-d71d6b8294a3 (Data {pct : 54, mode : file})
09-09 09:17:34.590 19866 19952 I WM-Processor: Moving WorkSpec (b5b8f4c7-9da9-4636-bfc9-338ea83dac27) to the foreground
09-09 09:17:34.596 19866 19866 D WM-SystemFgDispatcher: Notifying with (id:4139, workSpecId: b5b8f4c7-9da9-4636-bfc9-338ea83dac27, notificationType :1)
09-09 09:17:34.597 19866 19952 I WM-Processor: Moving WorkSpec (2f1d2b8d-9876-4a59-844d-d71d6b8294a3) to the foreground
09-09 09:17:34.600 19866 19952 D WM-WorkProgressUpdater: Updating progress for 2f1d2b8d-9876-4a59-844d-d71d6b8294a3 (Data {pct : 69, mode : file})
09-09 09:17:34.600 19866 19866 D WM-SystemFgDispatcher: Notifying with (id:4255, workSpecId: 2f1d2b8d-9876-4a59-844d-d71d6b8294a3, notificationType :1)
09-09 09:17:34.603 19866 19952 I WM-Processor: Moving WorkSpec (2f1d2b8d-9876-4a59-844d-d71d6b8294a3) to the foreground
09-09 09:17:34.605 19866 19952 D WM-WorkProgressUpdater: Updating progress for 2f1d2b8d-9876-4a59-844d-d71d6b8294a3 (Data {pct : 84, mode : file})
09-09 09:17:34.605 19866 19866 D WM-SystemFgDispatcher: Notifying with (id:4255, workSpecId: 2f1d2b8d-9876-4a59-844d-d71d6b8294a3, notificationType :1)
09-09 09:17:34.608 19866 19952 I WM-Processor: Moving WorkSpec (2f1d2b8d-9876-4a59-844d-d71d6b8294a3) to the foreground
09-09 09:17:34.610 19866 19952 D WM-WorkProgressUpdater: Updating progress for 2f1d2b8d-9876-4a59-844d-d71d6b8294a3 (Data {pct : 90, mode : file})
09-09 09:17:34.611 19866 19866 D WM-SystemFgDispatcher: Notifying with (id:4255, workSpecId: 2f1d2b8d-9876-4a59-844d-d71d6b8294a3, notificationType :1)
09-09 09:17:34.613 19866 19952 D WM-WorkProgressUpdater: Updating progress for 958c4f46-2d2f-490e-8073-bf2bba750bfe (Data {pct : 0, mode : file})
09-09 09:17:34.616 19866 19952 I WM-Processor: Moving WorkSpec (958c4f46-2d2f-490e-8073-bf2bba750bfe) to the foreground
09-09 09:17:34.618 19866 19952 D WM-WorkProgressUpdater: Updating progress for 86438b30-d0ff-415c-b707-a475aa6a34d7 (Data {pct : 0, mode : file})
09-09 09:17:34.618 19866 19866 D WM-SystemFgDispatcher: Notifying with (id:6073, workSpecId: 958c4f46-2d2f-490e-8073-bf2bba750bfe, notificationType :1)
09-09 09:17:34.621 19866 19952 I WM-Processor: Moving WorkSpec (86438b30-d0ff-415c-b707-a475aa6a34d7) to the foreground
09-09 09:17:34.624 19866 19866 D WM-SystemFgDispatcher: Notifying with (id:4083, workSpecId: 86438b30-d0ff-415c-b707-a475aa6a34d7, notificationType :1)
09-09 09:17:34.624 19866 19952 I WM-Processor: Moving WorkSpec (2f1d2b8d-9876-4a59-844d-d71d6b8294a3) to the foreground
09-09 09:17:34.625 19866 19952 D WM-WorkProgressUpdater: Updating progress for e60185c7-78ba-467d-b122-5198591f8a44 (Data {pct : 0, mode : file})
09-09 09:17:34.628 19866 19866 D WM-SystemFgDispatcher: Notifying with (id:4255, workSpecId: 2f1d2b8d-9876-4a59-844d-d71d6b8294a3, notificationType :1)
09-09 09:17:34.629 19866 19952 I WM-Processor: Moving WorkSpec (e60185c7-78ba-467d-b122-5198591f8a44) to the foreground
09-09 09:17:34.634 19866 19952 D WM-WorkProgressUpdater: Updating progress for 3699a099-5b72-4c09-b6e9-be1ffb6547b0 (Data {pct : 10, mode : file})
09-09 09:17:34.635 19866 19866 D WM-SystemFgDispatcher: Notifying with (id:10812, workSpecId: e60185c7-78ba-467d-b122-5198591f8a44, notificationType :1)
09-09 09:17:34.639 19866 19952 I WM-Processor: Moving WorkSpec (3699a099-5b72-4c09-b6e9-be1ffb6547b0) to the foreground
09-09 09:17:34.641 19866 19952 D WM-WorkProgressUpdater: Updating progress for 3699a099-5b72-4c09-b6e9-be1ffb6547b0 (Data {pct : 27, mode : file})
09-09 09:17:34.642 19866 19866 D WM-SystemFgDispatcher: Notifying with (id:9658, workSpecId: 3699a099-5b72-4c09-b6e9-be1ffb6547b0, notificationType :1)
09-09 09:17:34.645 19866 19952 I WM-Processor: Moving WorkSpec (3699a099-5b72-4c09-b6e9-be1ffb6547b0) to the foreground
09-09 09:17:34.647 19866 19952 D WM-WorkProgressUpdater: Updating progress for 3699a099-5b72-4c09-b6e9-be1ffb6547b0 (Data {pct : 44, mode : file})
09-09 09:17:34.647 19866 19866 D WM-SystemFgDispatcher: Notifying with (id:9658, workSpecId: 3699a099-5b72-4c09-b6e9-be1ffb6547b0, notificationType :1)
09-09 09:17:34.650 19866 19952 I WM-Processor: Moving WorkSpec (3699a099-5b72-4c09-b6e9-be1ffb6547b0) to the foreground
09-09 09:17:34.652 19866 19952 D WM-WorkProgressUpdater: Updating progress for 3699a099-5b72-4c09-b6e9-be1ffb6547b0 (Data {pct : 62, mode : file})
09-09 09:17:34.653 19866 19866 D WM-SystemFgDispatcher: Notifying with (id:9658, workSpecId: 3699a099-5b72-4c09-b6e9-be1ffb6547b0, notificationType :1)
09-09 09:17:34.655 19866 19952 I WM-Processor: Moving WorkSpec (3699a099-5b72-4c09-b6e9-be1ffb6547b0) to the foreground
09-09 09:17:34.657 19866 19952 D WM-WorkProgressUpdater: Updating progress for 3699a099-5b72-4c09-b6e9-be1ffb6547b0 (Data {pct : 79, mode : file})
09-09 09:17:34.658 19866 19866 D WM-SystemFgDispatcher: Notifying with (id:9658, workSpecId: 3699a099-5b72-4c09-b6e9-be1ffb6547b0, notificationType :1)
09-09 09:17:34.661 19866 19952 I WM-Processor: Moving WorkSpec (3699a099-5b72-4c09-b6e9-be1ffb6547b0) to the foreground
09-09 09:17:34.663 19866 19952 D WM-WorkProgressUpdater: Updating progress for 3699a099-5b72-4c09-b6e9-be1ffb6547b0 (Data {pct : 90, mode : file})
09-09 09:17:34.664 19866 19866 D WM-SystemFgDispatcher: Notifying with (id:9658, workSpecId: 3699a099-5b72-4c09-b6e9-be1ffb6547b0, notificationType :1)
09-09 09:17:34.667 19866 19952 I WM-Processor: Moving WorkSpec (3699a099-5b72-4c09-b6e9-be1ffb6547b0) to the foreground
09-09 09:17:34.669 19866 19952 D WM-WorkProgressUpdater: Updating progress for a6284230-c59f-49c0-a8a2-0212031f7c98 (Data {pct : 10, mode : file})
09-09 09:17:34.669 19866 19866 D WM-SystemFgDispatcher: Notifying with (id:9658, workSpecId: 3699a099-5b72-4c09-b6e9-be1ffb6547b0, notificationType :1)
09-09 09:17:34.671 19866 19952 I WM-Processor: Moving WorkSpec (a6284230-c59f-49c0-a8a2-0212031f7c98) to the foreground
09-09 09:17:34.673 19866 19952 D WM-WorkProgressUpdater: Updating progress for d083ffab-138a-4260-8ef0-dca6bc9df382 (Data {pct : 10, mode : file})
09-09 09:17:34.673 19866 19866 D WM-SystemFgDispatcher: Notifying with (id:10147, workSpecId: a6284230-c59f-49c0-a8a2-0212031f7c98, notificationType :1)
09-09 09:17:34.675 19866 19952 I WM-Processor: Moving WorkSpec (d083ffab-138a-4260-8ef0-dca6bc9df382) to the foreground
09-09 09:17:34.677 19866 19952 D WM-WorkProgressUpdater: Updating progress for 28a29401-3af2-4aaf-a393-f8f423d84fb4 (Data {pct : 10, mode : file})
09-09 09:17:34.677 19866 19866 D WM-SystemFgDispatcher: Notifying with (id:6433, workSpecId: d083ffab-138a-4260-8ef0-dca6bc9df382, notificationType :1)
09-09 09:17:34.679 19866 19952 I WM-Processor: Moving WorkSpec (28a29401-3af2-4aaf-a393-f8f423d84fb4) to the foreground
09-09 09:17:34.681 19866 19952 D WM-WorkProgressUpdater: Updating progress for a7dfb8b1-8000-492a-91fb-03a08215db3e (Data {pct : 0, mode : file})
09-09 09:17:34.681 19866 19866 D WM-SystemFgDispatcher: Notifying with (id:9460, workSpecId: 28a29401-3af2-4aaf-a393-f8f423d84fb4, notificationType :1)
09-09 09:17:34.683 19866 19952 D WM-WorkProgressUpdater: Updating progress for 85427f44-6939-4877-a312-de0e9b036da6 (Data {pct : 10, mode : file})
09-09 09:17:34.686 19866 19952 I WM-Processor: Moving WorkSpec (85427f44-6939-4877-a312-de0e9b036da6) to the foreground
09-09 09:17:34.687 19866 19952 D WM-WorkProgressUpdater: Updating progress for d083ffab-138a-4260-8ef0-dca6bc9df382 (Data {pct : 43, mode : file})
09-09 09:17:34.688 19866 19866 D WM-SystemFgDispatcher: Notifying with (id:6611, workSpecId: 85427f44-6939-4877-a312-de0e9b036da6, notificationType :1)
09-09 09:17:34.690 19866 19952 I WM-Processor: Moving WorkSpec (d083ffab-138a-4260-8ef0-dca6bc9df382) to the foreground
09-09 09:17:34.691 19866 19952 D WM-WorkProgressUpdater: Updating progress for 28a29401-3af2-4aaf-a393-f8f423d84fb4 (Data {pct : 35, mode : file})
09-09 09:17:34.691 19866 19866 D WM-SystemFgDispatcher: Notifying with (id:6433, workSpecId: d083ffab-138a-4260-8ef0-dca6bc9df382, notificationType :1)
09-09 09:17:34.696 19866 19952 I WM-Processor: Moving WorkSpec (28a29401-3af2-4aaf-a393-f8f423d84fb4) to the foreground
09-09 09:17:34.698 19866 19952 I WM-Processor: Moving WorkSpec (a7dfb8b1-8000-492a-91fb-03a08215db3e) to the foreground
09-09 09:17:34.699 19866 19866 D WM-SystemFgDispatcher: Notifying with (id:9460, workSpecId: 28a29401-3af2-4aaf-a393-f8f423d84fb4, notificationType :1)
09-09 09:17:34.699 19866 19952 D WM-WorkProgressUpdater: Updating progress for 28a29401-3af2-4aaf-a393-f8f423d84fb4 (Data {pct : 61, mode : file})
09-09 09:17:34.702 19866 19866 D WM-SystemFgDispatcher: Notifying with (id:7905, workSpecId: a7dfb8b1-8000-492a-91fb-03a08215db3e, notificationType :1)
09-09 09:17:34.703 19866 19952 D WM-WorkProgressUpdater: Updating progress for d083ffab-138a-4260-8ef0-dca6bc9df382 (Data {pct : 76, mode : file})
09-09 09:17:34.706 19866 19952 I WM-Processor: Moving WorkSpec (28a29401-3af2-4aaf-a393-f8f423d84fb4) to the foreground
09-09 09:17:34.708 19866 19952 D WM-WorkProgressUpdater: Updating progress for 28a29401-3af2-4aaf-a393-f8f423d84fb4 (Data {pct : 86, mode : file})
09-09 09:17:34.708 19866 19866 D WM-SystemFgDispatcher: Notifying with (id:9460, workSpecId: 28a29401-3af2-4aaf-a393-f8f423d84fb4, notificationType :1)
09-09 09:17:34.710 19866 19952 I WM-Processor: Moving WorkSpec (28a29401-3af2-4aaf-a393-f8f423d84fb4) to the foreground
09-09 09:17:34.713 19866 19866 D WM-SystemFgDispatcher: Notifying with (id:9460, workSpecId: 28a29401-3af2-4aaf-a393-f8f423d84fb4, notificationType :1)
09-09 09:17:34.713 19866 19952 I WM-Processor: Moving WorkSpec (d083ffab-138a-4260-8ef0-dca6bc9df382) to the foreground
09-09 09:17:34.714 19866 19952 D WM-WorkProgressUpdater: Updating progress for d083ffab-138a-4260-8ef0-dca6bc9df382 (Data {pct : 90, mode : file})
09-09 09:17:34.716 19866 19866 D WM-SystemFgDispatcher: Notifying with (id:6433, workSpecId: d083ffab-138a-4260-8ef0-dca6bc9df382, notificationType :1)
09-09 09:17:34.717 19866 19952 I WM-Processor: Moving WorkSpec (d083ffab-138a-4260-8ef0-dca6bc9df382) to the foreground
09-09 09:17:34.719 19866 19952 D WM-WorkProgressUpdater: Updating progress for 050ecc56-317f-4e8b-a187-ea9ff8f6f615 (Data {pct : 0, mode : file})
09-09 09:17:34.721 19866 19866 D WM-SystemFgDispatcher: Notifying with (id:6433, workSpecId: d083ffab-138a-4260-8ef0-dca6bc9df382, notificationType :1)
09-09 09:17:34.722 19866 19952 I WM-Processor: Moving WorkSpec (050ecc56-317f-4e8b-a187-ea9ff8f6f615) to the foreground
09-09 09:17:34.724 19866 19952 D WM-WorkProgressUpdater: Updating progress for a6284230-c59f-49c0-a8a2-0212031f7c98 (Data {pct : 35, mode : file})
09-09 09:17:34.725 19866 19866 D WM-SystemFgDispatcher: Notifying with (id:10357, workSpecId: 050ecc56-317f-4e8b-a187-ea9ff8f6f615, notificationType :1)
09-09 09:17:34.728 19866 19952 I WM-Processor: Moving WorkSpec (a6284230-c59f-49c0-a8a2-0212031f7c98) to the foreground
09-09 09:17:34.730 19866 19866 D WM-SystemFgDispatcher: Notifying with (id:10147, workSpecId: a6284230-c59f-49c0-a8a2-0212031f7c98, notificationType :1)
09-09 09:17:34.730 19866 19952 D WM-WorkProgressUpdater: Updating progress for a6284230-c59f-49c0-a8a2-0212031f7c98 (Data {pct : 60, mode : file})
09-09 09:17:34.732 19866 19952 D WM-WorkProgressUpdater: Updating progress for 28a29401-3af2-4aaf-a393-f8f423d84fb4 (Data {pct : 90, mode : file})
09-09 09:17:34.735 19866 19952 I WM-Processor: Moving WorkSpec (28a29401-3af2-4aaf-a393-f8f423d84fb4) to the foreground
09-09 09:17:34.737 19866 19866 D WM-SystemFgDispatcher: Notifying with (id:9460, workSpecId: 28a29401-3af2-4aaf-a393-f8f423d84fb4, notificationType :1)
09-09 09:17:34.737 19866 19952 I WM-Processor: Moving WorkSpec (a6284230-c59f-49c0-a8a2-0212031f7c98) to the foreground
09-09 09:17:34.738 19866 19952 D WM-WorkProgressUpdater: Updating progress for 85427f44-6939-4877-a312-de0e9b036da6 (Data {pct : 43, mode : file})
09-09 09:17:34.740 19866 19866 D WM-SystemFgDispatcher: Notifying with (id:10147, workSpecId: a6284230-c59f-49c0-a8a2-0212031f7c98, notificationType :1)
09-09 09:17:34.741 19866 19952 I WM-Processor: Moving WorkSpec (85427f44-6939-4877-a312-de0e9b036da6) to the foreground
09-09 09:17:34.742 19866 19952 D WM-WorkProgressUpdater: Updating progress for a6284230-c59f-49c0-a8a2-0212031f7c98 (Data {pct : 85, mode : file})
09-09 09:17:34.743 19866 19866 D WM-SystemFgDispatcher: Notifying with (id:6611, workSpecId: 85427f44-6939-4877-a312-de0e9b036da6, notificationType :1)
09-09 09:17:34.744 19866 19952 I WM-Processor: Moving WorkSpec (a6284230-c59f-49c0-a8a2-0212031f7c98) to the foreground
09-09 09:17:34.745 19866 19952 D WM-WorkProgressUpdater: Updating progress for 85427f44-6939-4877-a312-de0e9b036da6 (Data {pct : 76, mode : file})
09-09 09:17:34.747 19866 19866 D WM-SystemFgDispatcher: Notifying with (id:10147, workSpecId: a6284230-c59f-49c0-a8a2-0212031f7c98, notificationType :1)
09-09 09:17:34.748 19866 19952 I WM-Processor: Moving WorkSpec (85427f44-6939-4877-a312-de0e9b036da6) to the foreground
09-09 09:17:34.749 19866 19952 D WM-WorkProgressUpdater: Updating progress for a6284230-c59f-49c0-a8a2-0212031f7c98 (Data {pct : 90, mode : file})
09-09 09:17:34.751 19866 19866 D WM-SystemFgDispatcher: Notifying with (id:6611, workSpecId: 85427f44-6939-4877-a312-de0e9b036da6, notificationType :1)
09-09 09:17:34.752 19866 19952 I WM-Processor: Moving WorkSpec (a6284230-c59f-49c0-a8a2-0212031f7c98) to the foreground
09-09 09:17:34.755 19866 19952 D WM-WorkProgressUpdater: Updating progress for 85427f44-6939-4877-a312-de0e9b036da6 (Data {pct : 90, mode : file})
09-09 09:17:34.755 19866 19866 D WM-SystemFgDispatcher: Notifying with (id:10147, workSpecId: a6284230-c59f-49c0-a8a2-0212031f7c98, notificationType :1)
09-09 09:17:34.758 19866 19952 I WM-Processor: Moving WorkSpec (85427f44-6939-4877-a312-de0e9b036da6) to the foreground
09-09 09:17:34.758 19866 19991 D github_upload: doRingLogsUpload: remoteBaseDir=diagnostics/applog_ring/2026-09-09/applog_ring_startup_ring_20260909_161733_6350a186_app_start segs=1 bytes=57507 source=/data/user/0/com.negi.survey/files/diagnostics/applog_ring snapshot=/data/user/0/com.negi.survey/cache/diagnostics_ring_upload/startup_ring_20260909_161733_6350a186
09-09 09:17:34.759 19866 19991 D GitHubUploader: uploadStream: owner=ishizuki-tech repo=SurveyExports branch=main path=diagnostics/applog_ring/2026-09-09/applog_ring_startup_ring_20260909_161733_6350a186_app_start/seg_00.log size=57507 maxRawBytesHint=1000000 maxRequestBytesHint=2800000
09-09 09:17:34.760 19866 19952 D WM-WorkProgressUpdater: Updating progress for fa7228aa-4933-458a-b42e-330370e13f9d (Data {pct : 0, mode : file})
09-09 09:17:34.760 19866 19866 D WM-SystemFgDispatcher: Notifying with (id:6611, workSpecId: 85427f44-6939-4877-a312-de0e9b036da6, notificationType :1)
09-09 09:17:34.763 19866 19952 I WM-Processor: Moving WorkSpec (fa7228aa-4933-458a-b42e-330370e13f9d) to the foreground
09-09 09:17:34.765 19866 19866 D WM-SystemFgDispatcher: Notifying with (id:5438, workSpecId: fa7228aa-4933-458a-b42e-330370e13f9d, notificationType :1)
09-09 09:17:34.766 19866 19952 D WM-WorkProgressUpdater: Updating progress for 4abc1c4f-fd78-438c-9d9f-7643b66c35a6 (Data {pct : 10, mode : file})
09-09 09:17:34.769 19866 19952 I WM-Processor: Moving WorkSpec (4abc1c4f-fd78-438c-9d9f-7643b66c35a6) to the foreground
09-09 09:17:34.771 19866 19952 D WM-WorkProgressUpdater: Updating progress for 4abc1c4f-fd78-438c-9d9f-7643b66c35a6 (Data {pct : 43, mode : file})
09-09 09:17:34.771 19866 19866 D WM-SystemFgDispatcher: Notifying with (id:6071, workSpecId: 4abc1c4f-fd78-438c-9d9f-7643b66c35a6, notificationType :1)
09-09 09:17:34.773 19866 19952 I WM-Processor: Moving WorkSpec (4abc1c4f-fd78-438c-9d9f-7643b66c35a6) to the foreground
09-09 09:17:34.775 19866 19952 D WM-WorkProgressUpdater: Updating progress for 4abc1c4f-fd78-438c-9d9f-7643b66c35a6 (Data {pct : 76, mode : file})
09-09 09:17:34.775 19866 19866 D WM-SystemFgDispatcher: Notifying with (id:6071, workSpecId: 4abc1c4f-fd78-438c-9d9f-7643b66c35a6, notificationType :1)
09-09 09:17:34.777 19866 19952 I WM-Processor: Moving WorkSpec (4abc1c4f-fd78-438c-9d9f-7643b66c35a6) to the foreground
09-09 09:17:34.779 19866 19952 D WM-WorkProgressUpdater: Updating progress for 4abc1c4f-fd78-438c-9d9f-7643b66c35a6 (Data {pct : 90, mode : file})
09-09 09:17:34.780 19866 19866 D WM-SystemFgDispatcher: Notifying with (id:6071, workSpecId: 4abc1c4f-fd78-438c-9d9f-7643b66c35a6, notificationType :1)
09-09 09:17:34.783 19866 19952 I WM-Processor: Moving WorkSpec (4abc1c4f-fd78-438c-9d9f-7643b66c35a6) to the foreground
09-09 09:17:34.786 19866 19866 D WM-SystemFgDispatcher: Notifying with (id:6071, workSpecId: 4abc1c4f-fd78-438c-9d9f-7643b66c35a6, notificationType :1)
09-09 09:17:34.787 19866 19952 D WM-WorkProgressUpdater: Updating progress for 7948a35e-014d-4ee0-868a-1e2a019f4c62 (Data {pct : 10, mode : startup_ring_logs})
09-09 09:17:34.790 19866 19952 I WM-Processor: Moving WorkSpec (7948a35e-014d-4ee0-868a-1e2a019f4c62) to the foreground
09-09 09:17:34.794 19866 19866 D WM-SystemFgDispatcher: Notifying with (id:9028, workSpecId: 7948a35e-014d-4ee0-868a-1e2a019f4c62, notificationType :1)
09-09 09:17:34.795 19866 19952 D WM-WorkConstraintsTrack: NetworkRequestConstraintController send initial capabilities
09-09 09:17:34.795 19866 19952 D WM-WorkConstraintsTrack: NetworkRequestConstraintController send initial capabilities
09-09 09:17:34.796 19866 19952 D WM-WorkConstraintsTrack: NetworkRequestConstraintController send initial capabilities
09-09 09:17:34.796 19866 19952 D WM-WorkConstraintsTrack: NetworkRequestConstraintController send initial capabilities
09-09 09:17:34.796 19866 19952 D WM-WorkConstraintsTrack: NetworkRequestConstraintController send initial capabilities
09-09 09:17:34.796 19866 19952 D WM-WorkConstraintsTrack: NetworkRequestConstraintController send initial capabilities
09-09 09:17:34.797 19866 19952 D WM-WorkConstraintsTrack: NetworkRequestConstraintController send initial capabilities
09-09 09:17:34.797 19866 19952 D WM-WorkConstraintsTrack: NetworkRequestConstraintController send initial capabilities
09-09 09:17:34.881 19866 19952 D WM-WorkProgressUpdater: Updating progress for fa7228aa-4933-458a-b42e-330370e13f9d (Data {pct : 10, mode : file})
09-09 09:17:34.894 19866 19952 I WM-Processor: Moving WorkSpec (fa7228aa-4933-458a-b42e-330370e13f9d) to the foreground
09-09 09:17:34.903 19866 19866 D WM-SystemFgDispatcher: Notifying with (id:5438, workSpecId: fa7228aa-4933-458a-b42e-330370e13f9d, notificationType :1)
09-09 09:17:34.904 19866 19952 D WM-WorkProgressUpdater: Updating progress for fa7228aa-4933-458a-b42e-330370e13f9d (Data {pct : 21, mode : file})
09-09 09:17:34.912 19866 19952 I WM-Processor: Moving WorkSpec (fa7228aa-4933-458a-b42e-330370e13f9d) to the foreground
09-09 09:17:34.915 19866 19866 D WM-SystemFgDispatcher: Notifying with (id:5438, workSpecId: fa7228aa-4933-458a-b42e-330370e13f9d, notificationType :1)
09-09 09:17:34.916 19866 19952 D WM-WorkProgressUpdater: Updating progress for fa7228aa-4933-458a-b42e-330370e13f9d (Data {pct : 32, mode : file})
09-09 09:17:34.920 19866 19952 I WM-Processor: Moving WorkSpec (fa7228aa-4933-458a-b42e-330370e13f9d) to the foreground
09-09 09:17:34.928 19866 19952 D WM-WorkProgressUpdater: Updating progress for fa7228aa-4933-458a-b42e-330370e13f9d (Data {pct : 44, mode : file})
09-09 09:17:34.928 19866 19866 D WM-SystemFgDispatcher: Notifying with (id:5438, workSpecId: fa7228aa-4933-458a-b42e-330370e13f9d, notificationType :1)
09-09 09:17:34.934 19866 19952 I WM-Processor: Moving WorkSpec (fa7228aa-4933-458a-b42e-330370e13f9d) to the foreground
09-09 09:17:34.937 19866 19952 D WM-WorkProgressUpdater: Updating progress for fa7228aa-4933-458a-b42e-330370e13f9d (Data {pct : 55, mode : file})
09-09 09:17:34.938 19866 19866 D WM-SystemFgDispatcher: Notifying with (id:5438, workSpecId: fa7228aa-4933-458a-b42e-330370e13f9d, notificationType :1)
09-09 09:17:34.941 19866 19952 I WM-Processor: Moving WorkSpec (fa7228aa-4933-458a-b42e-330370e13f9d) to the foreground
09-09 09:17:34.943 19866 19952 D WM-WorkProgressUpdater: Updating progress for fa7228aa-4933-458a-b42e-330370e13f9d (Data {pct : 66, mode : file})
09-09 09:17:34.944 19866 19866 D WM-SystemFgDispatcher: Notifying with (id:5438, workSpecId: fa7228aa-4933-458a-b42e-330370e13f9d, notificationType :1)
09-09 09:17:34.947 19866 19952 I WM-Processor: Moving WorkSpec (fa7228aa-4933-458a-b42e-330370e13f9d) to the foreground
09-09 09:17:34.949 19866 19952 D WM-WorkProgressUpdater: Updating progress for fa7228aa-4933-458a-b42e-330370e13f9d (Data {pct : 78, mode : file})
09-09 09:17:34.950 19866 19866 D WM-SystemFgDispatcher: Notifying with (id:5438, workSpecId: fa7228aa-4933-458a-b42e-330370e13f9d, notificationType :1)
09-09 09:17:34.955 19866 19952 I WM-Processor: Moving WorkSpec (fa7228aa-4933-458a-b42e-330370e13f9d) to the foreground
09-09 09:17:34.957 19866 19952 D WM-WorkProgressUpdater: Updating progress for fa7228aa-4933-458a-b42e-330370e13f9d (Data {pct : 89, mode : file})
09-09 09:17:34.958 19866 19866 D WM-SystemFgDispatcher: Notifying with (id:5438, workSpecId: fa7228aa-4933-458a-b42e-330370e13f9d, notificationType :1)
09-09 09:17:34.962 19866 19952 I WM-Processor: Moving WorkSpec (fa7228aa-4933-458a-b42e-330370e13f9d) to the foreground
09-09 09:17:34.965 19866 19952 D WM-WorkProgressUpdater: Updating progress for fa7228aa-4933-458a-b42e-330370e13f9d (Data {pct : 90, mode : file})
09-09 09:17:34.965 19866 19866 D WM-SystemFgDispatcher: Notifying with (id:5438, workSpecId: fa7228aa-4933-458a-b42e-330370e13f9d, notificationType :1)
09-09 09:17:34.972 19866 19952 I WM-Processor: Moving WorkSpec (fa7228aa-4933-458a-b42e-330370e13f9d) to the foreground
09-09 09:17:34.974 19866 19952 D WM-WorkProgressUpdater: Updating progress for e60185c7-78ba-467d-b122-5198591f8a44 (Data {pct : 10, mode : file})
09-09 09:17:34.975 19866 19866 D WM-SystemFgDispatcher: Notifying with (id:5438, workSpecId: fa7228aa-4933-458a-b42e-330370e13f9d, notificationType :1)
09-09 09:17:34.977 19866 19952 D WM-WorkProgressUpdater: Updating progress for 958c4f46-2d2f-490e-8073-bf2bba750bfe (Data {pct : 10, mode : file})
09-09 09:17:34.980 19866 19952 I WM-Processor: Moving WorkSpec (e60185c7-78ba-467d-b122-5198591f8a44) to the foreground
09-09 09:17:34.982 19866 19952 D WM-WorkProgressUpdater: Updating progress for 947e2253-13a3-4e00-9d09-4dfcfa0e55b9 (Data {pct : 10, mode : file})
09-09 09:17:34.982 19866 19866 D WM-SystemFgDispatcher: Notifying with (id:10812, workSpecId: e60185c7-78ba-467d-b122-5198591f8a44, notificationType :1)
09-09 09:17:34.986 19866 19952 I WM-Processor: Moving WorkSpec (947e2253-13a3-4e00-9d09-4dfcfa0e55b9) to the foreground
09-09 09:17:34.991 19866 19866 D WM-SystemFgDispatcher: Notifying with (id:7904, workSpecId: 947e2253-13a3-4e00-9d09-4dfcfa0e55b9, notificationType :1)
09-09 09:17:34.991 19866 19952 I WM-Processor: Moving WorkSpec (958c4f46-2d2f-490e-8073-bf2bba750bfe) to the foreground
09-09 09:17:34.996 19866 19952 D WM-WorkProgressUpdater: Updating progress for a7dfb8b1-8000-492a-91fb-03a08215db3e (Data {pct : 10, mode : file})
09-09 09:17:35.001 19866 19952 I WM-Processor: Moving WorkSpec (a7dfb8b1-8000-492a-91fb-03a08215db3e) to the foreground
09-09 09:17:35.003 19866 19866 D WM-SystemFgDispatcher: Notifying with (id:6073, workSpecId: 958c4f46-2d2f-490e-8073-bf2bba750bfe, notificationType :1)
09-09 09:17:35.003 19866 19952 D WM-WorkProgressUpdater: Updating progress for e60185c7-78ba-467d-b122-5198591f8a44 (Data {pct : 43, mode : file})
09-09 09:17:35.005 19866 19866 D WM-SystemFgDispatcher: Notifying with (id:7905, workSpecId: a7dfb8b1-8000-492a-91fb-03a08215db3e, notificationType :1)
09-09 09:17:35.007 19866 19952 I WM-Processor: Moving WorkSpec (e60185c7-78ba-467d-b122-5198591f8a44) to the foreground
09-09 09:17:35.011 19866 19866 D WM-SystemFgDispatcher: Notifying with (id:10812, workSpecId: e60185c7-78ba-467d-b122-5198591f8a44, notificationType :1)
09-09 09:17:35.011 19866 19952 D WM-WorkProgressUpdater: Updating progress for e60185c7-78ba-467d-b122-5198591f8a44 (Data {pct : 76, mode : file})
09-09 09:17:35.015 19866 19952 I WM-Processor: Moving WorkSpec (e60185c7-78ba-467d-b122-5198591f8a44) to the foreground
09-09 09:17:35.017 19866 19952 D WM-WorkProgressUpdater: Updating progress for e60185c7-78ba-467d-b122-5198591f8a44 (Data {pct : 90, mode : file})
09-09 09:17:35.018 19866 19866 D WM-SystemFgDispatcher: Notifying with (id:10812, workSpecId: e60185c7-78ba-467d-b122-5198591f8a44, notificationType :1)
09-09 09:17:35.020 19866 19952 D WM-WorkProgressUpdater: Updating progress for 958c4f46-2d2f-490e-8073-bf2bba750bfe (Data {pct : 55, mode : file})
09-09 09:17:35.023 19866 19952 I WM-Processor: Moving WorkSpec (e60185c7-78ba-467d-b122-5198591f8a44) to the foreground
09-09 09:17:35.025 19866 19866 D WM-SystemFgDispatcher: Notifying with (id:10812, workSpecId: e60185c7-78ba-467d-b122-5198591f8a44, notificationType :1)
09-09 09:17:35.026 19866 19952 I WM-Processor: Moving WorkSpec (958c4f46-2d2f-490e-8073-bf2bba750bfe) to the foreground
09-09 09:17:35.027 19866 19952 D WM-WorkProgressUpdater: Updating progress for 958c4f46-2d2f-490e-8073-bf2bba750bfe (Data {pct : 90, mode : file})
09-09 09:17:35.029 19866 19866 D WM-SystemFgDispatcher: Notifying with (id:6073, workSpecId: 958c4f46-2d2f-490e-8073-bf2bba750bfe, notificationType :1)
09-09 09:17:35.031 19866 19952 I WM-Processor: Moving WorkSpec (958c4f46-2d2f-490e-8073-bf2bba750bfe) to the foreground
09-09 09:17:35.034 19866 19952 D WM-WorkProgressUpdater: Updating progress for 947e2253-13a3-4e00-9d09-4dfcfa0e55b9 (Data {pct : 43, mode : file})
09-09 09:17:35.035 19866 19866 D WM-SystemFgDispatcher: Notifying with (id:6073, workSpecId: 958c4f46-2d2f-490e-8073-bf2bba750bfe, notificationType :1)
09-09 09:17:35.038 19866 19952 I WM-Processor: Moving WorkSpec (947e2253-13a3-4e00-9d09-4dfcfa0e55b9) to the foreground
09-09 09:17:35.040 19866 19952 D WM-WorkProgressUpdater: Updating progress for 352c9dac-1ab5-4c58-8204-fca2aee61690 (Data {pct : 10, mode : file})
09-09 09:17:35.041 19866 19866 D WM-SystemFgDispatcher: Notifying with (id:7904, workSpecId: 947e2253-13a3-4e00-9d09-4dfcfa0e55b9, notificationType :1)
09-09 09:17:35.043 19866 19952 I WM-Processor: Moving WorkSpec (352c9dac-1ab5-4c58-8204-fca2aee61690) to the foreground
09-09 09:17:35.046 19866 19952 D WM-WorkProgressUpdater: Updating progress for a7dfb8b1-8000-492a-91fb-03a08215db3e (Data {pct : 51, mode : file})
09-09 09:17:35.046 19866 19866 D WM-SystemFgDispatcher: Notifying with (id:5900, workSpecId: 352c9dac-1ab5-4c58-8204-fca2aee61690, notificationType :1)
09-09 09:17:35.050 19866 19952 I WM-Processor: Moving WorkSpec (a7dfb8b1-8000-492a-91fb-03a08215db3e) to the foreground
09-09 09:17:35.053 19866 19952 D WM-WorkProgressUpdater: Updating progress for a7dfb8b1-8000-492a-91fb-03a08215db3e (Data {pct : 90, mode : file})
09-09 09:17:35.054 19866 19866 D WM-SystemFgDispatcher: Notifying with (id:7905, workSpecId: a7dfb8b1-8000-492a-91fb-03a08215db3e, notificationType :1)
09-09 09:17:35.057 19866 19952 I WM-Processor: Moving WorkSpec (a7dfb8b1-8000-492a-91fb-03a08215db3e) to the foreground
09-09 09:17:35.059 19866 19952 D WM-WorkProgressUpdater: Updating progress for 947e2253-13a3-4e00-9d09-4dfcfa0e55b9 (Data {pct : 76, mode : file})
09-09 09:17:35.061 19866 19866 D WM-SystemFgDispatcher: Notifying with (id:7905, workSpecId: a7dfb8b1-8000-492a-91fb-03a08215db3e, notificationType :1)
09-09 09:17:35.062 19866 19952 I WM-Processor: Moving WorkSpec (947e2253-13a3-4e00-9d09-4dfcfa0e55b9) to the foreground
09-09 09:17:35.065 19866 19952 D WM-WorkProgressUpdater: Updating progress for 947e2253-13a3-4e00-9d09-4dfcfa0e55b9 (Data {pct : 90, mode : file})
09-09 09:17:35.065 19866 19866 D WM-SystemFgDispatcher: Notifying with (id:7904, workSpecId: 947e2253-13a3-4e00-9d09-4dfcfa0e55b9, notificationType :1)
09-09 09:17:35.069 19866 19952 I WM-Processor: Moving WorkSpec (947e2253-13a3-4e00-9d09-4dfcfa0e55b9) to the foreground
09-09 09:17:35.070 19866 19952 D WM-WorkProgressUpdater: Updating progress for 352c9dac-1ab5-4c58-8204-fca2aee61690 (Data {pct : 13, mode : file})
09-09 09:17:35.072 19866 19866 D WM-SystemFgDispatcher: Notifying with (id:7904, workSpecId: 947e2253-13a3-4e00-9d09-4dfcfa0e55b9, notificationType :1)
09-09 09:17:35.073 19866 19952 I WM-Processor: Moving WorkSpec (352c9dac-1ab5-4c58-8204-fca2aee61690) to the foreground
09-09 09:17:35.075 19866 19952 D WM-WorkProgressUpdater: Updating progress for 352c9dac-1ab5-4c58-8204-fca2aee61690 (Data {pct : 16, mode : file})
09-09 09:17:35.075 19866 19866 D WM-SystemFgDispatcher: Notifying with (id:5900, workSpecId: 352c9dac-1ab5-4c58-8204-fca2aee61690, notificationType :1)
09-09 09:17:35.078 19866 19952 I WM-Processor: Moving WorkSpec (352c9dac-1ab5-4c58-8204-fca2aee61690) to the foreground
09-09 09:17:35.080 19866 19952 D WM-WorkProgressUpdater: Updating progress for 352c9dac-1ab5-4c58-8204-fca2aee61690 (Data {pct : 19, mode : file})
09-09 09:17:35.080 19866 19866 D WM-SystemFgDispatcher: Notifying with (id:5900, workSpecId: 352c9dac-1ab5-4c58-8204-fca2aee61690, notificationType :1)
09-09 09:17:35.082 19866 19952 I WM-Processor: Moving WorkSpec (352c9dac-1ab5-4c58-8204-fca2aee61690) to the foreground
09-09 09:17:35.084 19866 19952 D WM-WorkProgressUpdater: Updating progress for 352c9dac-1ab5-4c58-8204-fca2aee61690 (Data {pct : 22, mode : file})
09-09 09:17:35.084 19866 19866 D WM-SystemFgDispatcher: Notifying with (id:5900, workSpecId: 352c9dac-1ab5-4c58-8204-fca2aee61690, notificationType :1)
09-09 09:17:35.086 19866 19952 I WM-Processor: Moving WorkSpec (352c9dac-1ab5-4c58-8204-fca2aee61690) to the foreground
09-09 09:17:35.088 19866 19952 D WM-WorkProgressUpdater: Updating progress for 352c9dac-1ab5-4c58-8204-fca2aee61690 (Data {pct : 25, mode : file})
09-09 09:17:35.088 19866 19866 D WM-SystemFgDispatcher: Notifying with (id:5900, workSpecId: 352c9dac-1ab5-4c58-8204-fca2aee61690, notificationType :1)
09-09 09:17:35.091 19866 19952 I WM-Processor: Moving WorkSpec (352c9dac-1ab5-4c58-8204-fca2aee61690) to the foreground
09-09 09:17:35.092 19866 19952 D WM-WorkProgressUpdater: Updating progress for 352c9dac-1ab5-4c58-8204-fca2aee61690 (Data {pct : 28, mode : file})
09-09 09:17:35.092 19866 19866 D WM-SystemFgDispatcher: Notifying with (id:5900, workSpecId: 352c9dac-1ab5-4c58-8204-fca2aee61690, notificationType :1)
09-09 09:17:35.096 19866 19952 I WM-Processor: Moving WorkSpec (352c9dac-1ab5-4c58-8204-fca2aee61690) to the foreground
09-09 09:17:35.098 19866 19952 D WM-WorkProgressUpdater: Updating progress for 352c9dac-1ab5-4c58-8204-fca2aee61690 (Data {pct : 32, mode : file})
09-09 09:17:35.098 19866 19866 D WM-SystemFgDispatcher: Notifying with (id:5900, workSpecId: 352c9dac-1ab5-4c58-8204-fca2aee61690, notificationType :1)
09-09 09:17:35.100 19866 19937 D GitHubUploader: uploadStream: done url=https://github.com/ishizuki-tech/SurveyExports/blob/main/diagnostics/runtime_logs/2026-09-09/runtime_logs_startup_runtime_20260909_161731_a68d1f31_receiver_my_package_repl/runtime_log_20260909_161733_544_pid19866_receiver_my_package_repl__rtlog_20260909_161730_995_pid19866_seq1.log sha=9983f5e12ff9592438dff7de80f010bbd00c14a1
09-09 09:17:35.104 19866 19952 I WM-Processor: Moving WorkSpec (352c9dac-1ab5-4c58-8204-fca2aee61690) to the foreground
09-09 09:17:35.106 19866 19952 D WM-WorkProgressUpdater: Updating progress for 352c9dac-1ab5-4c58-8204-fca2aee61690 (Data {pct : 35, mode : file})
09-09 09:17:35.107 19866 19866 D WM-SystemFgDispatcher: Notifying with (id:5900, workSpecId: 352c9dac-1ab5-4c58-8204-fca2aee61690, notificationType :1)
09-09 09:17:35.110 19866 19937 D RuntimeLogStore: deleteRolledLogFiles: deleted=1 excludeActive=true active=rtlog_20260909_161733_530_pid19866_seq2.log
09-09 09:17:35.111 19866 19952 I WM-Processor: Moving WorkSpec (352c9dac-1ab5-4c58-8204-fca2aee61690) to the foreground
09-09 09:17:35.111 19866 19937 D GitHubUploader: uploadStream: owner=ishizuki-tech repo=SurveyExports branch=main path=diagnostics/runtime_logs/2026-09-09/runtime_logs_startup_runtime_20260909_161731_a68d1f31_receiver_my_package_repl/runtime_log_20260909_161733_544_pid19866_receiver_my_package_repl__rtlog_20260909_160618_519_pid19447_seq1.log size=6700 maxRawBytesHint=1000000 maxRequestBytesHint=2800000
09-09 09:17:35.113 19866 19952 D WM-WorkProgressUpdater: Updating progress for 352c9dac-1ab5-4c58-8204-fca2aee61690 (Data {pct : 38, mode : file})
09-09 09:17:35.114 19866 19866 D WM-SystemFgDispatcher: Notifying with (id:5900, workSpecId: 352c9dac-1ab5-4c58-8204-fca2aee61690, notificationType :1)
09-09 09:17:35.117 19866 19952 I WM-Processor: Moving WorkSpec (352c9dac-1ab5-4c58-8204-fca2aee61690) to the foreground
09-09 09:17:35.119 19866 19952 D WM-WorkProgressUpdater: Updating progress for 352c9dac-1ab5-4c58-8204-fca2aee61690 (Data {pct : 41, mode : file})
09-09 09:17:35.120 19866 19866 D WM-SystemFgDispatcher: Notifying with (id:5900, workSpecId: 352c9dac-1ab5-4c58-8204-fca2aee61690, notificationType :1)
09-09 09:17:35.122 19866 19952 I WM-Processor: Moving WorkSpec (352c9dac-1ab5-4c58-8204-fca2aee61690) to the foreground
09-09 09:17:35.124 19866 19952 D WM-WorkProgressUpdater: Updating progress for 352c9dac-1ab5-4c58-8204-fca2aee61690 (Data {pct : 44, mode : file})
09-09 09:17:35.125 19866 19866 D WM-SystemFgDispatcher: Notifying with (id:5900, workSpecId: 352c9dac-1ab5-4c58-8204-fca2aee61690, notificationType :1)
09-09 09:17:35.126 19866 19952 I WM-Processor: Moving WorkSpec (352c9dac-1ab5-4c58-8204-fca2aee61690) to the foreground
09-09 09:17:35.128 19866 19952 D WM-WorkProgressUpdater: Updating progress for 352c9dac-1ab5-4c58-8204-fca2aee61690 (Data {pct : 47, mode : file})
09-09 09:17:35.128 19866 19866 D WM-SystemFgDispatcher: Notifying with (id:5900, workSpecId: 352c9dac-1ab5-4c58-8204-fca2aee61690, notificationType :1)
09-09 09:17:35.130 19866 19952 I WM-Processor: Moving WorkSpec (352c9dac-1ab5-4c58-8204-fca2aee61690) to the foreground
09-09 09:17:35.132 19866 19952 D WM-WorkProgressUpdater: Updating progress for 86438b30-d0ff-415c-b707-a475aa6a34d7 (Data {pct : 10, mode : file})
09-09 09:17:35.133 19866 19866 D WM-SystemFgDispatcher: Notifying with (id:5900, workSpecId: 352c9dac-1ab5-4c58-8204-fca2aee61690, notificationType :1)
09-09 09:17:35.135 19866 19952 I WM-Processor: Moving WorkSpec (86438b30-d0ff-415c-b707-a475aa6a34d7) to the foreground
09-09 09:17:35.136 19866 19952 D WM-WorkProgressUpdater: Updating progress for 352c9dac-1ab5-4c58-8204-fca2aee61690 (Data {pct : 51, mode : file})
09-09 09:17:35.137 19866 19866 D WM-SystemFgDispatcher: Notifying with (id:4083, workSpecId: 86438b30-d0ff-415c-b707-a475aa6a34d7, notificationType :1)
09-09 09:17:35.139 19866 19952 I WM-Processor: Moving WorkSpec (352c9dac-1ab5-4c58-8204-fca2aee61690) to the foreground
09-09 09:17:35.140 19866 19952 D WM-WorkProgressUpdater: Updating progress for 352c9dac-1ab5-4c58-8204-fca2aee61690 (Data {pct : 54, mode : file})
09-09 09:17:35.141 19866 19866 D WM-SystemFgDispatcher: Notifying with (id:5900, workSpecId: 352c9dac-1ab5-4c58-8204-fca2aee61690, notificationType :1)
09-09 09:17:35.143 19866 19952 I WM-Processor: Moving WorkSpec (352c9dac-1ab5-4c58-8204-fca2aee61690) to the foreground
09-09 09:17:35.146 19866 19952 D WM-WorkProgressUpdater: Updating progress for 352c9dac-1ab5-4c58-8204-fca2aee61690 (Data {pct : 57, mode : file})
09-09 09:17:35.147 19866 19866 D WM-SystemFgDispatcher: Notifying with (id:5900, workSpecId: 352c9dac-1ab5-4c58-8204-fca2aee61690, notificationType :1)
09-09 09:17:35.150 19866 19952 I WM-Processor: Moving WorkSpec (352c9dac-1ab5-4c58-8204-fca2aee61690) to the foreground
09-09 09:17:35.152 19866 19952 D WM-WorkProgressUpdater: Updating progress for 352c9dac-1ab5-4c58-8204-fca2aee61690 (Data {pct : 60, mode : file})
09-09 09:17:35.152 19866 19866 D WM-SystemFgDispatcher: Notifying with (id:5900, workSpecId: 352c9dac-1ab5-4c58-8204-fca2aee61690, notificationType :1)
09-09 09:17:35.156 19866 19952 I WM-Processor: Moving WorkSpec (352c9dac-1ab5-4c58-8204-fca2aee61690) to the foreground
09-09 09:17:35.158 19866 19952 D WM-WorkProgressUpdater: Updating progress for 352c9dac-1ab5-4c58-8204-fca2aee61690 (Data {pct : 63, mode : file})
09-09 09:17:35.159 19866 19866 D WM-SystemFgDispatcher: Notifying with (id:5900, workSpecId: 352c9dac-1ab5-4c58-8204-fca2aee61690, notificationType :1)
09-09 09:17:35.160 19866 19952 I WM-Processor: Moving WorkSpec (352c9dac-1ab5-4c58-8204-fca2aee61690) to the foreground
09-09 09:17:35.162 19866 19952 D WM-WorkProgressUpdater: Updating progress for 352c9dac-1ab5-4c58-8204-fca2aee61690 (Data {pct : 66, mode : file})
09-09 09:17:35.163 19866 19866 D WM-SystemFgDispatcher: Notifying with (id:5900, workSpecId: 352c9dac-1ab5-4c58-8204-fca2aee61690, notificationType :1)
09-09 09:17:35.165 19866 19952 I WM-Processor: Moving WorkSpec (352c9dac-1ab5-4c58-8204-fca2aee61690) to the foreground
09-09 09:17:35.167 19866 19952 D WM-WorkProgressUpdater: Updating progress for 352c9dac-1ab5-4c58-8204-fca2aee61690 (Data {pct : 69, mode : file})
09-09 09:17:35.168 19866 19866 D WM-SystemFgDispatcher: Notifying with (id:5900, workSpecId: 352c9dac-1ab5-4c58-8204-fca2aee61690, notificationType :1)
09-09 09:17:35.169 19866 19952 D WM-WorkProgressUpdater: Updating progress for 86438b30-d0ff-415c-b707-a475aa6a34d7 (Data {pct : 15, mode : file})
09-09 09:17:35.172 19866 19952 I WM-Processor: Moving WorkSpec (86438b30-d0ff-415c-b707-a475aa6a34d7) to the foreground
09-09 09:17:35.175 19866 19866 D WM-SystemFgDispatcher: Notifying with (id:4083, workSpecId: 86438b30-d0ff-415c-b707-a475aa6a34d7, notificationType :1)
09-09 09:17:35.175 19866 19952 I WM-Processor: Moving WorkSpec (352c9dac-1ab5-4c58-8204-fca2aee61690) to the foreground
09-09 09:17:35.177 19866 19952 D WM-WorkProgressUpdater: Updating progress for 352c9dac-1ab5-4c58-8204-fca2aee61690 (Data {pct : 73, mode : file})
09-09 09:17:35.179 19866 19866 D WM-SystemFgDispatcher: Notifying with (id:5900, workSpecId: 352c9dac-1ab5-4c58-8204-fca2aee61690, notificationType :1)
09-09 09:17:35.180 19866 19952 I WM-Processor: Moving WorkSpec (352c9dac-1ab5-4c58-8204-fca2aee61690) to the foreground
09-09 09:17:35.182 19866 19952 D WM-WorkProgressUpdater: Updating progress for 352c9dac-1ab5-4c58-8204-fca2aee61690 (Data {pct : 76, mode : file})
09-09 09:17:35.183 19866 19866 D WM-SystemFgDispatcher: Notifying with (id:5900, workSpecId: 352c9dac-1ab5-4c58-8204-fca2aee61690, notificationType :1)
09-09 09:17:35.186 19866 19952 I WM-Processor: Moving WorkSpec (352c9dac-1ab5-4c58-8204-fca2aee61690) to the foreground
09-09 09:17:35.188 19866 19952 D WM-WorkProgressUpdater: Updating progress for 352c9dac-1ab5-4c58-8204-fca2aee61690 (Data {pct : 79, mode : file})
09-09 09:17:35.189 19866 19866 D WM-SystemFgDispatcher: Notifying with (id:5900, workSpecId: 352c9dac-1ab5-4c58-8204-fca2aee61690, notificationType :1)
09-09 09:17:35.191 19866 19952 I WM-Processor: Moving WorkSpec (352c9dac-1ab5-4c58-8204-fca2aee61690) to the foreground
09-09 09:17:35.193 19866 19952 D WM-WorkProgressUpdater: Updating progress for 352c9dac-1ab5-4c58-8204-fca2aee61690 (Data {pct : 82, mode : file})
09-09 09:17:35.196 19866 19866 D WM-SystemFgDispatcher: Notifying with (id:5900, workSpecId: 352c9dac-1ab5-4c58-8204-fca2aee61690, notificationType :1)
09-09 09:17:35.196 19866 19952 I WM-Processor: Moving WorkSpec (352c9dac-1ab5-4c58-8204-fca2aee61690) to the foreground
09-09 09:17:35.198 19866 19952 D WM-WorkProgressUpdater: Updating progress for 352c9dac-1ab5-4c58-8204-fca2aee61690 (Data {pct : 85, mode : file})
09-09 09:17:35.199 19866 19866 D WM-SystemFgDispatcher: Notifying with (id:5900, workSpecId: 352c9dac-1ab5-4c58-8204-fca2aee61690, notificationType :1)
09-09 09:17:35.201 19866 19952 I WM-Processor: Moving WorkSpec (352c9dac-1ab5-4c58-8204-fca2aee61690) to the foreground
09-09 09:17:35.203 19866 19952 D WM-WorkProgressUpdater: Updating progress for 352c9dac-1ab5-4c58-8204-fca2aee61690 (Data {pct : 88, mode : file})
09-09 09:17:35.206 19866 19952 I WM-Processor: Moving WorkSpec (352c9dac-1ab5-4c58-8204-fca2aee61690) to the foreground
09-09 09:17:35.208 19866 19952 D WM-WorkProgressUpdater: Updating progress for 352c9dac-1ab5-4c58-8204-fca2aee61690 (Data {pct : 90, mode : file})
09-09 09:17:35.208 19866 19866 D WM-SystemFgDispatcher: Notifying with (id:5900, workSpecId: 352c9dac-1ab5-4c58-8204-fca2aee61690, notificationType :1)
09-09 09:17:35.210 19866 19952 I WM-Processor: Moving WorkSpec (352c9dac-1ab5-4c58-8204-fca2aee61690) to the foreground
09-09 09:17:35.212 19866 19866 D WM-SystemFgDispatcher: Notifying with (id:5900, workSpecId: 352c9dac-1ab5-4c58-8204-fca2aee61690, notificationType :1)
09-09 09:17:35.213 19866 19952 D WM-WorkProgressUpdater: Updating progress for 86438b30-d0ff-415c-b707-a475aa6a34d7 (Data {pct : 21, mode : file})
09-09 09:17:35.216 19866 19952 I WM-Processor: Moving WorkSpec (86438b30-d0ff-415c-b707-a475aa6a34d7) to the foreground
09-09 09:17:35.216 19866 19866 D WM-SystemFgDispatcher: Notifying with (id:5900, workSpecId: 352c9dac-1ab5-4c58-8204-fca2aee61690, notificationType :1)
09-09 09:17:35.218 19866 19952 D WM-WorkProgressUpdater: Updating progress for 86438b30-d0ff-415c-b707-a475aa6a34d7 (Data {pct : 27, mode : file})
09-09 09:17:35.220 19866 19866 D WM-SystemFgDispatcher: Notifying with (id:4083, workSpecId: 86438b30-d0ff-415c-b707-a475aa6a34d7, notificationType :1)
09-09 09:17:35.221 19866 19952 I WM-Processor: Moving WorkSpec (86438b30-d0ff-415c-b707-a475aa6a34d7) to the foreground
09-09 09:17:35.224 19866 19952 D WM-WorkProgressUpdater: Updating progress for 86438b30-d0ff-415c-b707-a475aa6a34d7 (Data {pct : 33, mode : file})
09-09 09:17:35.224 19866 19866 D WM-SystemFgDispatcher: Notifying with (id:4083, workSpecId: 86438b30-d0ff-415c-b707-a475aa6a34d7, notificationType :1)
09-09 09:17:35.226 19866 19952 I WM-Processor: Moving WorkSpec (86438b30-d0ff-415c-b707-a475aa6a34d7) to the foreground
09-09 09:17:35.228 19866 19952 D WM-WorkProgressUpdater: Updating progress for 86438b30-d0ff-415c-b707-a475aa6a34d7 (Data {pct : 39, mode : file})
09-09 09:17:35.229 19866 19866 D WM-SystemFgDispatcher: Notifying with (id:4083, workSpecId: 86438b30-d0ff-415c-b707-a475aa6a34d7, notificationType :1)
09-09 09:17:35.231 19866 19952 I WM-Processor: Moving WorkSpec (86438b30-d0ff-415c-b707-a475aa6a34d7) to the foreground
09-09 09:17:35.232 19866 19952 D WM-WorkProgressUpdater: Updating progress for 86438b30-d0ff-415c-b707-a475aa6a34d7 (Data {pct : 44, mode : file})
09-09 09:17:35.233 19866 19866 D WM-SystemFgDispatcher: Notifying with (id:4083, workSpecId: 86438b30-d0ff-415c-b707-a475aa6a34d7, notificationType :1)
09-09 09:17:35.235 19866 19952 I WM-Processor: Moving WorkSpec (86438b30-d0ff-415c-b707-a475aa6a34d7) to the foreground
09-09 09:17:35.237 19866 19952 D WM-WorkProgressUpdater: Updating progress for 86438b30-d0ff-415c-b707-a475aa6a34d7 (Data {pct : 50, mode : file})
09-09 09:17:35.238 19866 19866 D WM-SystemFgDispatcher: Notifying with (id:4083, workSpecId: 86438b30-d0ff-415c-b707-a475aa6a34d7, notificationType :1)
09-09 09:17:35.240 19866 19952 I WM-Processor: Moving WorkSpec (86438b30-d0ff-415c-b707-a475aa6a34d7) to the foreground
09-09 09:17:35.245 19866 19952 D WM-WorkProgressUpdater: Updating progress for 86438b30-d0ff-415c-b707-a475aa6a34d7 (Data {pct : 56, mode : file})
09-09 09:17:35.246 19866 19866 D WM-SystemFgDispatcher: Notifying with (id:4083, workSpecId: 86438b30-d0ff-415c-b707-a475aa6a34d7, notificationType :1)
09-09 09:17:35.248 19866 19952 I WM-Processor: Moving WorkSpec (86438b30-d0ff-415c-b707-a475aa6a34d7) to the foreground
09-09 09:17:35.250 19866 19952 D WM-WorkProgressUpdater: Updating progress for 86438b30-d0ff-415c-b707-a475aa6a34d7 (Data {pct : 62, mode : file})
09-09 09:17:35.251 19866 19866 D WM-SystemFgDispatcher: Notifying with (id:4083, workSpecId: 86438b30-d0ff-415c-b707-a475aa6a34d7, notificationType :1)
09-09 09:17:35.253 19866 19952 I WM-Processor: Moving WorkSpec (86438b30-d0ff-415c-b707-a475aa6a34d7) to the foreground
09-09 09:17:35.255 19866 19952 D WM-WorkProgressUpdater: Updating progress for 86438b30-d0ff-415c-b707-a475aa6a34d7 (Data {pct : 68, mode : file})
09-09 09:17:35.255 19866 19866 D WM-SystemFgDispatcher: Notifying with (id:4083, workSpecId: 86438b30-d0ff-415c-b707-a475aa6a34d7, notificationType :1)
09-09 09:17:35.257 19866 19952 I WM-Processor: Moving WorkSpec (86438b30-d0ff-415c-b707-a475aa6a34d7) to the foreground
09-09 09:17:35.258 19866 19952 D WM-WorkProgressUpdater: Updating progress for 86438b30-d0ff-415c-b707-a475aa6a34d7 (Data {pct : 74, mode : file})
09-09 09:17:35.259 19866 19866 D WM-SystemFgDispatcher: Notifying with (id:4083, workSpecId: 86438b30-d0ff-415c-b707-a475aa6a34d7, notificationType :1)
09-09 09:17:35.261 19866 19952 I WM-Processor: Moving WorkSpec (86438b30-d0ff-415c-b707-a475aa6a34d7) to the foreground
09-09 09:17:35.262 19866 19952 D WM-WorkProgressUpdater: Updating progress for 86438b30-d0ff-415c-b707-a475aa6a34d7 (Data {pct : 79, mode : file})
09-09 09:17:35.262 19866 19866 D WM-SystemFgDispatcher: Notifying with (id:4083, workSpecId: 86438b30-d0ff-415c-b707-a475aa6a34d7, notificationType :1)
09-09 09:17:35.264 19866 19952 I WM-Processor: Moving WorkSpec (86438b30-d0ff-415c-b707-a475aa6a34d7) to the foreground
09-09 09:17:35.266 19866 19952 D WM-WorkProgressUpdater: Updating progress for 86438b30-d0ff-415c-b707-a475aa6a34d7 (Data {pct : 85, mode : file})
09-09 09:17:35.266 19866 19866 D WM-SystemFgDispatcher: Notifying with (id:4083, workSpecId: 86438b30-d0ff-415c-b707-a475aa6a34d7, notificationType :1)
09-09 09:17:35.269 19866 19952 I WM-Processor: Moving WorkSpec (86438b30-d0ff-415c-b707-a475aa6a34d7) to the foreground
09-09 09:17:35.270 19866 19952 D WM-WorkProgressUpdater: Updating progress for 86438b30-d0ff-415c-b707-a475aa6a34d7 (Data {pct : 90, mode : file})
09-09 09:17:35.271 19866 19866 D WM-SystemFgDispatcher: Notifying with (id:4083, workSpecId: 86438b30-d0ff-415c-b707-a475aa6a34d7, notificationType :1)
09-09 09:17:35.273 19866 19952 I WM-Processor: Moving WorkSpec (86438b30-d0ff-415c-b707-a475aa6a34d7) to the foreground
09-09 09:17:35.274 19866 19952 D WM-WorkProgressUpdater: Updating progress for 11239c36-3a75-4fb5-8bfc-4c2dc753cac6 (Data {pct : 10, mode : file})
09-09 09:17:35.274 19866 19866 D WM-SystemFgDispatcher: Notifying with (id:4083, workSpecId: 86438b30-d0ff-415c-b707-a475aa6a34d7, notificationType :1)
09-09 09:17:35.277 19866 19952 I WM-Processor: Moving WorkSpec (11239c36-3a75-4fb5-8bfc-4c2dc753cac6) to the foreground
09-09 09:17:35.279 19866 19866 D WM-SystemFgDispatcher: Notifying with (id:10720, workSpecId: 11239c36-3a75-4fb5-8bfc-4c2dc753cac6, notificationType :1)
09-09 09:17:35.279 19866 19952 D WM-WorkProgressUpdater: Updating progress for 11239c36-3a75-4fb5-8bfc-4c2dc753cac6 (Data {pct : 43, mode : file})
09-09 09:17:35.282 19866 19952 I WM-Processor: Moving WorkSpec (11239c36-3a75-4fb5-8bfc-4c2dc753cac6) to the foreground
09-09 09:17:35.284 19866 19952 D WM-WorkProgressUpdater: Updating progress for 11239c36-3a75-4fb5-8bfc-4c2dc753cac6 (Data {pct : 76, mode : file})
09-09 09:17:35.284 19866 19866 D WM-SystemFgDispatcher: Notifying with (id:10720, workSpecId: 11239c36-3a75-4fb5-8bfc-4c2dc753cac6, notificationType :1)
09-09 09:17:35.286 19866 19952 I WM-Processor: Moving WorkSpec (11239c36-3a75-4fb5-8bfc-4c2dc753cac6) to the foreground
09-09 09:17:35.287 19866 19952 D WM-WorkProgressUpdater: Updating progress for 11239c36-3a75-4fb5-8bfc-4c2dc753cac6 (Data {pct : 90, mode : file})
09-09 09:17:35.287 19866 19866 D WM-SystemFgDispatcher: Notifying with (id:10720, workSpecId: 11239c36-3a75-4fb5-8bfc-4c2dc753cac6, notificationType :1)
09-09 09:17:35.289 19866 19952 I WM-Processor: Moving WorkSpec (11239c36-3a75-4fb5-8bfc-4c2dc753cac6) to the foreground
09-09 09:17:35.291 19866 19952 D WM-WorkProgressUpdater: Updating progress for 050ecc56-317f-4e8b-a187-ea9ff8f6f615 (Data {pct : 10, mode : file})
09-09 09:17:35.291 19866 19866 D WM-SystemFgDispatcher: Notifying with (id:10720, workSpecId: 11239c36-3a75-4fb5-8bfc-4c2dc753cac6, notificationType :1)
09-09 09:17:35.293 19866 19952 I WM-Processor: Moving WorkSpec (050ecc56-317f-4e8b-a187-ea9ff8f6f615) to the foreground
09-09 09:17:35.295 19866 19952 D WM-WorkProgressUpdater: Updating progress for 050ecc56-317f-4e8b-a187-ea9ff8f6f615 (Data {pct : 17, mode : file})
09-09 09:17:35.296 19866 19866 D WM-SystemFgDispatcher: Notifying with (id:10357, workSpecId: 050ecc56-317f-4e8b-a187-ea9ff8f6f615, notificationType :1)
09-09 09:17:35.298 19866 19952 I WM-Processor: Moving WorkSpec (050ecc56-317f-4e8b-a187-ea9ff8f6f615) to the foreground
09-09 09:17:35.301 19866 19952 D WM-WorkProgressUpdater: Updating progress for 050ecc56-317f-4e8b-a187-ea9ff8f6f615 (Data {pct : 25, mode : file})
09-09 09:17:35.302 19866 19866 D WM-SystemFgDispatcher: Notifying with (id:10357, workSpecId: 050ecc56-317f-4e8b-a187-ea9ff8f6f615, notificationType :1)
09-09 09:17:35.304 19866 19952 I WM-Processor: Moving WorkSpec (050ecc56-317f-4e8b-a187-ea9ff8f6f615) to the foreground
09-09 09:17:35.307 19866 19952 D WM-WorkProgressUpdater: Updating progress for 050ecc56-317f-4e8b-a187-ea9ff8f6f615 (Data {pct : 32, mode : file})
09-09 09:17:35.307 19866 19866 D WM-SystemFgDispatcher: Notifying with (id:10357, workSpecId: 050ecc56-317f-4e8b-a187-ea9ff8f6f615, notificationType :1)
09-09 09:17:35.310 19866 19952 I WM-Processor: Moving WorkSpec (050ecc56-317f-4e8b-a187-ea9ff8f6f615) to the foreground
09-09 09:17:35.311 19866 19952 D WM-WorkProgressUpdater: Updating progress for 050ecc56-317f-4e8b-a187-ea9ff8f6f615 (Data {pct : 40, mode : file})
09-09 09:17:35.312 19866 19866 D WM-SystemFgDispatcher: Notifying with (id:10357, workSpecId: 050ecc56-317f-4e8b-a187-ea9ff8f6f615, notificationType :1)
09-09 09:17:35.313 19866 19952 I WM-Processor: Moving WorkSpec (050ecc56-317f-4e8b-a187-ea9ff8f6f615) to the foreground
09-09 09:17:35.315 19866 19952 D WM-WorkProgressUpdater: Updating progress for 050ecc56-317f-4e8b-a187-ea9ff8f6f615 (Data {pct : 48, mode : file})
09-09 09:17:35.316 19866 19866 D WM-SystemFgDispatcher: Notifying with (id:10357, workSpecId: 050ecc56-317f-4e8b-a187-ea9ff8f6f615, notificationType :1)
09-09 09:17:35.317 19866 19952 I WM-Processor: Moving WorkSpec (050ecc56-317f-4e8b-a187-ea9ff8f6f615) to the foreground
09-09 09:17:35.319 19866 19952 D WM-WorkProgressUpdater: Updating progress for 050ecc56-317f-4e8b-a187-ea9ff8f6f615 (Data {pct : 55, mode : file})
09-09 09:17:35.319 19866 19866 D WM-SystemFgDispatcher: Notifying with (id:10357, workSpecId: 050ecc56-317f-4e8b-a187-ea9ff8f6f615, notificationType :1)
09-09 09:17:35.321 19866 19952 I WM-Processor: Moving WorkSpec (050ecc56-317f-4e8b-a187-ea9ff8f6f615) to the foreground
09-09 09:17:35.324 19866 19952 D WM-WorkProgressUpdater: Updating progress for 050ecc56-317f-4e8b-a187-ea9ff8f6f615 (Data {pct : 63, mode : file})
09-09 09:17:35.324 19866 19866 D WM-SystemFgDispatcher: Notifying with (id:10357, workSpecId: 050ecc56-317f-4e8b-a187-ea9ff8f6f615, notificationType :1)
09-09 09:17:35.326 19866 19952 I WM-Processor: Moving WorkSpec (050ecc56-317f-4e8b-a187-ea9ff8f6f615) to the foreground
09-09 09:17:35.328 19866 19952 D WM-WorkProgressUpdater: Updating progress for 050ecc56-317f-4e8b-a187-ea9ff8f6f615 (Data {pct : 71, mode : file})
09-09 09:17:35.329 19866 19866 D WM-SystemFgDispatcher: Notifying with (id:10357, workSpecId: 050ecc56-317f-4e8b-a187-ea9ff8f6f615, notificationType :1)
09-09 09:17:35.332 19866 19952 I WM-Processor: Moving WorkSpec (050ecc56-317f-4e8b-a187-ea9ff8f6f615) to the foreground
09-09 09:17:35.334 19866 19952 D WM-WorkProgressUpdater: Updating progress for 050ecc56-317f-4e8b-a187-ea9ff8f6f615 (Data {pct : 78, mode : file})
09-09 09:17:35.334 19866 19866 D WM-SystemFgDispatcher: Notifying with (id:10357, workSpecId: 050ecc56-317f-4e8b-a187-ea9ff8f6f615, notificationType :1)
09-09 09:17:35.337 19866 19952 I WM-Processor: Moving WorkSpec (050ecc56-317f-4e8b-a187-ea9ff8f6f615) to the foreground
09-09 09:17:35.339 19866 19952 D WM-WorkProgressUpdater: Updating progress for 050ecc56-317f-4e8b-a187-ea9ff8f6f615 (Data {pct : 86, mode : file})
09-09 09:17:35.340 19866 19866 D WM-SystemFgDispatcher: Notifying with (id:10357, workSpecId: 050ecc56-317f-4e8b-a187-ea9ff8f6f615, notificationType :1)
09-09 09:17:35.341 19866 19952 I WM-Processor: Moving WorkSpec (050ecc56-317f-4e8b-a187-ea9ff8f6f615) to the foreground
09-09 09:17:35.343 19866 19952 D WM-WorkProgressUpdater: Updating progress for 050ecc56-317f-4e8b-a187-ea9ff8f6f615 (Data {pct : 90, mode : file})
09-09 09:17:35.344 19866 19866 D WM-SystemFgDispatcher: Notifying with (id:10357, workSpecId: 050ecc56-317f-4e8b-a187-ea9ff8f6f615, notificationType :1)
09-09 09:17:35.349 19866 19952 I WM-Processor: Moving WorkSpec (050ecc56-317f-4e8b-a187-ea9ff8f6f615) to the foreground
09-09 09:17:35.351 19866 19952 D WM-WorkProgressUpdater: Updating progress for c761f8a5-9c7c-472a-a5ef-26ebcbe615e6 (Data {pct : 19, mode : startup_runtime_logs})
09-09 09:17:35.352 19866 19866 D WM-SystemFgDispatcher: Notifying with (id:10357, workSpecId: 050ecc56-317f-4e8b-a187-ea9ff8f6f615, notificationType :1)
09-09 09:17:35.354 19866 19952 I WM-Processor: Moving WorkSpec (c761f8a5-9c7c-472a-a5ef-26ebcbe615e6) to the foreground
09-09 09:17:35.356 19866 19866 D WM-SystemFgDispatcher: Notifying with (id:9882, workSpecId: c761f8a5-9c7c-472a-a5ef-26ebcbe615e6, notificationType :1)
09-09 09:17:35.357 19866 19952 D WM-WorkProgressUpdater: Updating progress for c761f8a5-9c7c-472a-a5ef-26ebcbe615e6 (Data {pct : 27, mode : startup_runtime_logs})
09-09 09:17:35.359 19866 19952 I WM-Processor: Moving WorkSpec (c761f8a5-9c7c-472a-a5ef-26ebcbe615e6) to the foreground
09-09 09:17:35.361 19866 19866 D WM-SystemFgDispatcher: Notifying with (id:9882, workSpecId: c761f8a5-9c7c-472a-a5ef-26ebcbe615e6, notificationType :1)
09-09 09:17:36.098 19866 19953 D WM-WorkProgressUpdater: Updating progress for 7948a35e-014d-4ee0-868a-1e2a019f4c62 (Data {pct : 19, mode : startup_ring_logs})
09-09 09:17:36.105 19866 19955 I WM-Processor: Moving WorkSpec (7948a35e-014d-4ee0-868a-1e2a019f4c62) to the foreground
09-09 09:17:36.110 19866 19955 D WM-WorkProgressUpdater: Updating progress for 7948a35e-014d-4ee0-868a-1e2a019f4c62 (Data {pct : 28, mode : startup_ring_logs})
09-09 09:17:36.110 19866 19866 D WM-SystemFgDispatcher: Notifying with (id:9028, workSpecId: 7948a35e-014d-4ee0-868a-1e2a019f4c62, notificationType :1)
09-09 09:17:36.117 19866 19955 I WM-Processor: Moving WorkSpec (7948a35e-014d-4ee0-868a-1e2a019f4c62) to the foreground
09-09 09:17:36.121 19866 19955 D WM-WorkProgressUpdater: Updating progress for 7948a35e-014d-4ee0-868a-1e2a019f4c62 (Data {pct : 38, mode : startup_ring_logs})
09-09 09:17:36.122 19866 19866 D WM-SystemFgDispatcher: Notifying with (id:9028, workSpecId: 7948a35e-014d-4ee0-868a-1e2a019f4c62, notificationType :1)
09-09 09:17:36.125 19866 19955 I WM-Processor: Moving WorkSpec (7948a35e-014d-4ee0-868a-1e2a019f4c62) to the foreground
09-09 09:17:36.128 19866 19952 D WM-WorkProgressUpdater: Updating progress for 7948a35e-014d-4ee0-868a-1e2a019f4c62 (Data {pct : 49, mode : startup_ring_logs})
09-09 09:17:36.134 19866 19866 D WM-SystemFgDispatcher: Notifying with (id:9028, workSpecId: 7948a35e-014d-4ee0-868a-1e2a019f4c62, notificationType :1)
09-09 09:17:36.139 19866 19952 I WM-Processor: Moving WorkSpec (7948a35e-014d-4ee0-868a-1e2a019f4c62) to the foreground
09-09 09:17:36.143 19866 19952 D WM-WorkProgressUpdater: Updating progress for 7948a35e-014d-4ee0-868a-1e2a019f4c62 (Data {pct : 59, mode : startup_ring_logs})
09-09 09:17:36.144 19866 19866 D WM-SystemFgDispatcher: Notifying with (id:9028, workSpecId: 7948a35e-014d-4ee0-868a-1e2a019f4c62, notificationType :1)
09-09 09:17:36.144 19866 19866 W NotificationManager: Shedding notify (update) of NotificationKey[user=UserHandle{0}, pkg=com.negi.survey, tag=null, id=9028], rate limit (5.0) exceeded: input 16.64686, output would be 6.651732
09-09 09:17:36.154 19866 19952 I WM-Processor: Moving WorkSpec (7948a35e-014d-4ee0-868a-1e2a019f4c62) to the foreground
09-09 09:17:36.156 19866 19952 D WM-WorkProgressUpdater: Updating progress for 7948a35e-014d-4ee0-868a-1e2a019f4c62 (Data {pct : 69, mode : startup_ring_logs})
09-09 09:17:36.157 19866 19866 D WM-SystemFgDispatcher: Notifying with (id:9028, workSpecId: 7948a35e-014d-4ee0-868a-1e2a019f4c62, notificationType :1)
09-09 09:17:36.160 19866 19952 I WM-Processor: Moving WorkSpec (7948a35e-014d-4ee0-868a-1e2a019f4c62) to the foreground
09-09 09:17:36.162 19866 19952 D WM-WorkProgressUpdater: Updating progress for 7948a35e-014d-4ee0-868a-1e2a019f4c62 (Data {pct : 80, mode : startup_ring_logs})
09-09 09:17:36.163 19866 19866 D WM-SystemFgDispatcher: Notifying with (id:9028, workSpecId: 7948a35e-014d-4ee0-868a-1e2a019f4c62, notificationType :1)
09-09 09:17:36.165 19866 19952 I WM-Processor: Moving WorkSpec (7948a35e-014d-4ee0-868a-1e2a019f4c62) to the foreground
09-09 09:17:36.168 19866 19952 D WM-WorkProgressUpdater: Updating progress for 7948a35e-014d-4ee0-868a-1e2a019f4c62 (Data {pct : 90, mode : startup_ring_logs})
09-09 09:17:36.168 19866 19866 D WM-SystemFgDispatcher: Notifying with (id:9028, workSpecId: 7948a35e-014d-4ee0-868a-1e2a019f4c62, notificationType :1)
09-09 09:17:36.171 19866 19952 I WM-Processor: Moving WorkSpec (7948a35e-014d-4ee0-868a-1e2a019f4c62) to the foreground
09-09 09:17:36.173 19866 19952 D WM-WorkProgressUpdater: Updating progress for 7948a35e-014d-4ee0-868a-1e2a019f4c62 (Data {pct : 91, mode : startup_ring_logs})
09-09 09:17:36.174 19866 19866 D WM-SystemFgDispatcher: Notifying with (id:9028, workSpecId: 7948a35e-014d-4ee0-868a-1e2a019f4c62, notificationType :1)
09-09 09:17:36.177 19866 19952 I WM-Processor: Moving WorkSpec (7948a35e-014d-4ee0-868a-1e2a019f4c62) to the foreground
09-09 09:17:36.179 19866 19952 D WM-WorkProgressUpdater: Updating progress for 28a29401-3af2-4aaf-a393-f8f423d84fb4 (Data {pct : 35, mode : file})
09-09 09:17:36.180 19866 19866 D WM-SystemFgDispatcher: Notifying with (id:9028, workSpecId: 7948a35e-014d-4ee0-868a-1e2a019f4c62, notificationType :1)
09-09 09:17:36.182 19866 19952 I WM-Processor: Moving WorkSpec (28a29401-3af2-4aaf-a393-f8f423d84fb4) to the foreground
09-09 09:17:36.184 19866 19952 D WM-WorkProgressUpdater: Updating progress for 28a29401-3af2-4aaf-a393-f8f423d84fb4 (Data {pct : 61, mode : file})
09-09 09:17:36.185 19866 19866 D WM-SystemFgDispatcher: Notifying with (id:9460, workSpecId: 28a29401-3af2-4aaf-a393-f8f423d84fb4, notificationType :1)
09-09 09:17:36.188 19866 19952 I WM-Processor: Moving WorkSpec (28a29401-3af2-4aaf-a393-f8f423d84fb4) to the foreground
09-09 09:17:36.190 19866 19952 D WM-WorkProgressUpdater: Updating progress for 28a29401-3af2-4aaf-a393-f8f423d84fb4 (Data {pct : 86, mode : file})
09-09 09:17:36.191 19866 19866 D WM-SystemFgDispatcher: Notifying with (id:9460, workSpecId: 28a29401-3af2-4aaf-a393-f8f423d84fb4, notificationType :1)
09-09 09:17:36.194 19866 19952 I WM-Processor: Moving WorkSpec (28a29401-3af2-4aaf-a393-f8f423d84fb4) to the foreground
09-09 09:17:36.196 19866 19952 D WM-WorkProgressUpdater: Updating progress for 28a29401-3af2-4aaf-a393-f8f423d84fb4 (Data {pct : 90, mode : file})
09-09 09:17:36.197 19866 19866 D WM-SystemFgDispatcher: Notifying with (id:9460, workSpecId: 28a29401-3af2-4aaf-a393-f8f423d84fb4, notificationType :1)
09-09 09:17:36.199 19866 19952 I WM-Processor: Moving WorkSpec (28a29401-3af2-4aaf-a393-f8f423d84fb4) to the foreground
09-09 09:17:36.203 19866 19866 D WM-SystemFgDispatcher: Notifying with (id:9460, workSpecId: 28a29401-3af2-4aaf-a393-f8f423d84fb4, notificationType :1)
09-09 09:17:36.291 19866 19953 D WM-WorkProgressUpdater: Updating progress for 85427f44-6939-4877-a312-de0e9b036da6 (Data {pct : 43, mode : file})
09-09 09:17:36.304 19866 19953 I WM-Processor: Moving WorkSpec (85427f44-6939-4877-a312-de0e9b036da6) to the foreground
09-09 09:17:36.311 19866 19953 D WM-WorkProgressUpdater: Updating progress for 85427f44-6939-4877-a312-de0e9b036da6 (Data {pct : 76, mode : file})
09-09 09:17:36.312 19866 19866 D WM-SystemFgDispatcher: Notifying with (id:6611, workSpecId: 85427f44-6939-4877-a312-de0e9b036da6, notificationType :1)
09-09 09:17:36.322 19866 19953 I WM-Processor: Moving WorkSpec (85427f44-6939-4877-a312-de0e9b036da6) to the foreground
09-09 09:17:36.326 19866 19953 D WM-WorkProgressUpdater: Updating progress for 85427f44-6939-4877-a312-de0e9b036da6 (Data {pct : 90, mode : file})
09-09 09:17:36.327 19866 19866 D WM-SystemFgDispatcher: Notifying with (id:6611, workSpecId: 85427f44-6939-4877-a312-de0e9b036da6, notificationType :1)
09-09 09:17:36.332 19866 19987 D GitHubUploader: uploadStream: done url=https://github.com/ishizuki-tech/SurveyExports/blob/main/diagnostics/crash/2026-09-09/prevlog_20260909_005325_pid21247.log sha=c76b10b3275d99fc89c995270834454fd244286e
09-09 09:17:36.340 19866 19953 I WM-Processor: Moving WorkSpec (85427f44-6939-4877-a312-de0e9b036da6) to the foreground
09-09 09:17:36.346 19866 19866 D WM-SystemFgDispatcher: Notifying with (id:6611, workSpecId: 85427f44-6939-4877-a312-de0e9b036da6, notificationType :1)
09-09 09:17:36.346 19866 19953 D WM-WorkProgressUpdater: Updating progress for d083ffab-138a-4260-8ef0-dca6bc9df382 (Data {pct : 43, mode : file})
09-09 09:17:36.350 19866 19953 I WM-Processor: Moving WorkSpec (d083ffab-138a-4260-8ef0-dca6bc9df382) to the foreground
09-09 09:17:36.353 19866 19953 D WM-WorkProgressUpdater: Updating progress for d083ffab-138a-4260-8ef0-dca6bc9df382 (Data {pct : 76, mode : file})
09-09 09:17:36.354 19866 19866 D WM-SystemFgDispatcher: Notifying with (id:6433, workSpecId: d083ffab-138a-4260-8ef0-dca6bc9df382, notificationType :1)
09-09 09:17:36.357 19866 19953 I WM-Processor: Moving WorkSpec (d083ffab-138a-4260-8ef0-dca6bc9df382) to the foreground
09-09 09:17:36.360 19866 19953 D WM-WorkProgressUpdater: Updating progress for d083ffab-138a-4260-8ef0-dca6bc9df382 (Data {pct : 90, mode : file})
09-09 09:17:36.361 19866 19866 D WM-SystemFgDispatcher: Notifying with (id:6433, workSpecId: d083ffab-138a-4260-8ef0-dca6bc9df382, notificationType :1)
09-09 09:17:36.364 19866 19953 I WM-Processor: Moving WorkSpec (d083ffab-138a-4260-8ef0-dca6bc9df382) to the foreground
09-09 09:17:36.368 19866 19953 D WM-WorkProgressUpdater: Updating progress for e60185c7-78ba-467d-b122-5198591f8a44 (Data {pct : 95, mode : file})
09-09 09:17:36.368 19866 19866 D WM-SystemFgDispatcher: Notifying with (id:6433, workSpecId: d083ffab-138a-4260-8ef0-dca6bc9df382, notificationType :1)
09-09 09:17:36.371 19866 19953 I WM-Processor: Moving WorkSpec (e60185c7-78ba-467d-b122-5198591f8a44) to the foreground
09-09 09:17:36.374 19866 19866 D WM-SystemFgDispatcher: Notifying with (id:10812, workSpecId: e60185c7-78ba-467d-b122-5198591f8a44, notificationType :1)
09-09 09:17:36.374 19866 19953 I WM-Processor: Moving WorkSpec (e60185c7-78ba-467d-b122-5198591f8a44) to the foreground
09-09 09:17:36.377 19866 19866 D WM-SystemFgDispatcher: Notifying with (id:10812, workSpecId: e60185c7-78ba-467d-b122-5198591f8a44, notificationType :1)
09-09 09:17:36.380 19866 19953 I WM-WorkerWrapper: Worker result SUCCESS for Work [ id=e60185c7-78ba-467d-b122-5198591f8a44, tags={ com.negi.survey.net.GitHubUploadWorker,github_upload,github_upload:crash:diagnostics_crash_prevlog_20260909_005325_pid21247.log_e8fc5fed } ]
09-09 09:17:36.383 19866 19866 D WM-Processor: Processor e60185c7-78ba-467d-b122-5198591f8a44 executed; reschedule = false
09-09 09:17:36.383 19866 19866 D WM-GreedyScheduler: Stopping tracking for WorkGenerationalId(workSpecId=e60185c7-78ba-467d-b122-5198591f8a44, generation=0)
09-09 09:17:36.385 19866 19866 D WM-SystemJobService: e60185c7-78ba-467d-b122-5198591f8a44 executed on JobScheduler
09-09 09:17:36.385 19866 19866 D WM-SystemFgDispatcher: Removing Notification (id: 10812, workSpecId: WorkGenerationalId(workSpecId=e60185c7-78ba-467d-b122-5198591f8a44, generation=0), notificationType: 1
09-09 09:17:36.389 19866 19953 D WM-GreedyScheduler: Cancelling work ID e60185c7-78ba-467d-b122-5198591f8a44
09-09 09:17:36.515 19866 19955 D WM-WorkProgressUpdater: Updating progress for b5b8f4c7-9da9-4636-bfc9-338ea83dac27 (Data {pct : 53, mode : file})
09-09 09:17:36.529 19866 19955 I WM-Processor: Moving WorkSpec (b5b8f4c7-9da9-4636-bfc9-338ea83dac27) to the foreground
09-09 09:17:36.538 19866 19955 D WM-WorkProgressUpdater: Updating progress for b5b8f4c7-9da9-4636-bfc9-338ea83dac27 (Data {pct : 90, mode : file})
09-09 09:17:36.539 19866 19866 D WM-SystemFgDispatcher: Notifying with (id:4139, workSpecId: b5b8f4c7-9da9-4636-bfc9-338ea83dac27, notificationType :1)
09-09 09:17:36.550 19866 19955 I WM-Processor: Moving WorkSpec (b5b8f4c7-9da9-4636-bfc9-338ea83dac27) to the foreground
09-09 09:17:36.555 19866 19866 D WM-SystemFgDispatcher: Notifying with (id:4139, workSpecId: b5b8f4c7-9da9-4636-bfc9-338ea83dac27, notificationType :1)
09-09 09:17:36.672 19866 19943 D WM-WorkProgressUpdater: Updating progress for 2f1d2b8d-9876-4a59-844d-d71d6b8294a3 (Data {pct : 24, mode : file})
09-09 09:17:36.686 19866 19953 I WM-Processor: Moving WorkSpec (2f1d2b8d-9876-4a59-844d-d71d6b8294a3) to the foreground
09-09 09:17:36.694 19866 19866 D WM-SystemFgDispatcher: Notifying with (id:4255, workSpecId: 2f1d2b8d-9876-4a59-844d-d71d6b8294a3, notificationType :1)
09-09 09:17:36.695 19866 19953 D WM-WorkProgressUpdater: Updating progress for 2f1d2b8d-9876-4a59-844d-d71d6b8294a3 (Data {pct : 39, mode : file})
09-09 09:17:36.705 19866 19953 I WM-Processor: Moving WorkSpec (2f1d2b8d-9876-4a59-844d-d71d6b8294a3) to the foreground
09-09 09:17:36.708 19866 19953 D WM-WorkProgressUpdater: Updating progress for 2f1d2b8d-9876-4a59-844d-d71d6b8294a3 (Data {pct : 54, mode : file})
09-09 09:17:36.708 19866 19866 D WM-SystemFgDispatcher: Notifying with (id:4255, workSpecId: 2f1d2b8d-9876-4a59-844d-d71d6b8294a3, notificationType :1)
09-09 09:17:36.715 19866 19953 I WM-Processor: Moving WorkSpec (2f1d2b8d-9876-4a59-844d-d71d6b8294a3) to the foreground
09-09 09:17:36.717 19866 19953 D WM-WorkProgressUpdater: Updating progress for 2f1d2b8d-9876-4a59-844d-d71d6b8294a3 (Data {pct : 69, mode : file})
09-09 09:17:36.718 19866 19866 D WM-SystemFgDispatcher: Notifying with (id:4255, workSpecId: 2f1d2b8d-9876-4a59-844d-d71d6b8294a3, notificationType :1)
09-09 09:17:36.723 19866 19953 I WM-Processor: Moving WorkSpec (2f1d2b8d-9876-4a59-844d-d71d6b8294a3) to the foreground
09-09 09:17:36.726 19866 19953 D WM-WorkProgressUpdater: Updating progress for 2f1d2b8d-9876-4a59-844d-d71d6b8294a3 (Data {pct : 84, mode : file})
09-09 09:17:36.726 19866 19866 D WM-SystemFgDispatcher: Notifying with (id:4255, workSpecId: 2f1d2b8d-9876-4a59-844d-d71d6b8294a3, notificationType :1)
09-09 09:17:36.731 19866 19953 I WM-Processor: Moving WorkSpec (2f1d2b8d-9876-4a59-844d-d71d6b8294a3) to the foreground
09-09 09:17:36.733 19866 19953 D WM-WorkProgressUpdater: Updating progress for 2f1d2b8d-9876-4a59-844d-d71d6b8294a3 (Data {pct : 90, mode : file})
09-09 09:17:36.733 19866 19866 D WM-SystemFgDispatcher: Notifying with (id:4255, workSpecId: 2f1d2b8d-9876-4a59-844d-d71d6b8294a3, notificationType :1)
09-09 09:17:36.738 19866 19953 I WM-Processor: Moving WorkSpec (2f1d2b8d-9876-4a59-844d-d71d6b8294a3) to the foreground
09-09 09:17:36.741 19866 19866 D WM-SystemFgDispatcher: Notifying with (id:4255, workSpecId: 2f1d2b8d-9876-4a59-844d-d71d6b8294a3, notificationType :1)
09-09 09:17:36.749 19866 19943 D WM-WorkProgressUpdater: Updating progress for 3699a099-5b72-4c09-b6e9-be1ffb6547b0 (Data {pct : 27, mode : file})
09-09 09:17:36.767 19866 19943 I WM-Processor: Moving WorkSpec (3699a099-5b72-4c09-b6e9-be1ffb6547b0) to the foreground
09-09 09:17:36.773 19866 19943 D WM-WorkProgressUpdater: Updating progress for 3699a099-5b72-4c09-b6e9-be1ffb6547b0 (Data {pct : 44, mode : file})
09-09 09:17:36.773 19866 19866 D WM-SystemFgDispatcher: Notifying with (id:9658, workSpecId: 3699a099-5b72-4c09-b6e9-be1ffb6547b0, notificationType :1)
09-09 09:17:36.783 19866 19943 I WM-Processor: Moving WorkSpec (3699a099-5b72-4c09-b6e9-be1ffb6547b0) to the foreground
09-09 09:17:36.787 19866 19943 D WM-WorkProgressUpdater: Updating progress for 3699a099-5b72-4c09-b6e9-be1ffb6547b0 (Data {pct : 62, mode : file})
09-09 09:17:36.788 19866 19866 D WM-SystemFgDispatcher: Notifying with (id:9658, workSpecId: 3699a099-5b72-4c09-b6e9-be1ffb6547b0, notificationType :1)
09-09 09:17:36.797 19866 19943 I WM-Processor: Moving WorkSpec (3699a099-5b72-4c09-b6e9-be1ffb6547b0) to the foreground
09-09 09:17:36.801 19866 19866 D WM-SystemFgDispatcher: Notifying with (id:9658, workSpecId: 3699a099-5b72-4c09-b6e9-be1ffb6547b0, notificationType :1)
09-09 09:17:36.804 19866 19943 D WM-WorkProgressUpdater: Updating progress for 3699a099-5b72-4c09-b6e9-be1ffb6547b0 (Data {pct : 79, mode : file})
09-09 09:17:36.814 19866 19943 I WM-Processor: Moving WorkSpec (3699a099-5b72-4c09-b6e9-be1ffb6547b0) to the foreground
09-09 09:17:36.818 19866 19943 D WM-WorkProgressUpdater: Updating progress for 3699a099-5b72-4c09-b6e9-be1ffb6547b0 (Data {pct : 90, mode : file})
09-09 09:17:36.818 19866 19866 D WM-SystemFgDispatcher: Notifying with (id:9658, workSpecId: 3699a099-5b72-4c09-b6e9-be1ffb6547b0, notificationType :1)
09-09 09:17:36.827 19866 19943 I WM-Processor: Moving WorkSpec (3699a099-5b72-4c09-b6e9-be1ffb6547b0) to the foreground
09-09 09:17:36.830 19866 19943 D WM-WorkProgressUpdater: Updating progress for 4abc1c4f-fd78-438c-9d9f-7643b66c35a6 (Data {pct : 43, mode : file})
09-09 09:17:36.830 19866 19866 D WM-SystemFgDispatcher: Notifying with (id:9658, workSpecId: 3699a099-5b72-4c09-b6e9-be1ffb6547b0, notificationType :1)
09-09 09:17:36.839 19866 19943 I WM-Processor: Moving WorkSpec (4abc1c4f-fd78-438c-9d9f-7643b66c35a6) to the foreground
09-09 09:17:36.842 19866 19943 D WM-WorkProgressUpdater: Updating progress for 4abc1c4f-fd78-438c-9d9f-7643b66c35a6 (Data {pct : 76, mode : file})
09-09 09:17:36.843 19866 19866 D WM-SystemFgDispatcher: Notifying with (id:6071, workSpecId: 4abc1c4f-fd78-438c-9d9f-7643b66c35a6, notificationType :1)
09-09 09:17:36.851 19866 19943 I WM-Processor: Moving WorkSpec (4abc1c4f-fd78-438c-9d9f-7643b66c35a6) to the foreground
09-09 09:17:36.854 19866 19943 D WM-WorkProgressUpdater: Updating progress for 4abc1c4f-fd78-438c-9d9f-7643b66c35a6 (Data {pct : 90, mode : file})
09-09 09:17:36.855 19866 19866 D WM-SystemFgDispatcher: Notifying with (id:6071, workSpecId: 4abc1c4f-fd78-438c-9d9f-7643b66c35a6, notificationType :1)
09-09 09:17:36.864 19866 19943 I WM-Processor: Moving WorkSpec (4abc1c4f-fd78-438c-9d9f-7643b66c35a6) to the foreground
09-09 09:17:36.868 19866 19866 D WM-SystemFgDispatcher: Notifying with (id:6071, workSpecId: 4abc1c4f-fd78-438c-9d9f-7643b66c35a6, notificationType :1)
09-09 09:17:36.888 19866 19953 D WM-WorkProgressUpdater: Updating progress for a6284230-c59f-49c0-a8a2-0212031f7c98 (Data {pct : 35, mode : file})
09-09 09:17:36.893 19866 19992 D ProfileInstaller: Installing profile for com.negi.survey
09-09 09:17:36.901 19866 19953 I WM-Processor: Moving WorkSpec (a6284230-c59f-49c0-a8a2-0212031f7c98) to the foreground
09-09 09:17:36.907 19866 19953 D WM-WorkProgressUpdater: Updating progress for a6284230-c59f-49c0-a8a2-0212031f7c98 (Data {pct : 60, mode : file})
09-09 09:17:36.908 19866 19866 D WM-SystemFgDispatcher: Notifying with (id:10147, workSpecId: a6284230-c59f-49c0-a8a2-0212031f7c98, notificationType :1)
09-09 09:17:36.917 19866 19953 I WM-Processor: Moving WorkSpec (a6284230-c59f-49c0-a8a2-0212031f7c98) to the foreground
09-09 09:17:36.923 19866 19953 D WM-WorkProgressUpdater: Updating progress for a6284230-c59f-49c0-a8a2-0212031f7c98 (Data {pct : 85, mode : file})
09-09 09:17:36.924 19866 19866 D WM-SystemFgDispatcher: Notifying with (id:10147, workSpecId: a6284230-c59f-49c0-a8a2-0212031f7c98, notificationType :1)
09-09 09:17:36.934 19866 19953 I WM-Processor: Moving WorkSpec (a6284230-c59f-49c0-a8a2-0212031f7c98) to the foreground
09-09 09:17:36.938 19866 19953 D WM-WorkProgressUpdater: Updating progress for a6284230-c59f-49c0-a8a2-0212031f7c98 (Data {pct : 90, mode : file})
09-09 09:17:36.938 19866 19866 D WM-SystemFgDispatcher: Notifying with (id:10147, workSpecId: a6284230-c59f-49c0-a8a2-0212031f7c98, notificationType :1)
09-09 09:17:36.949 19866 19953 I WM-Processor: Moving WorkSpec (a6284230-c59f-49c0-a8a2-0212031f7c98) to the foreground
09-09 09:17:36.953 19866 19866 D WM-SystemFgDispatcher: Notifying with (id:10147, workSpecId: a6284230-c59f-49c0-a8a2-0212031f7c98, notificationType :1)
09-09 09:17:37.150 19866 19943 D WM-WorkProgressUpdater: Updating progress for a7dfb8b1-8000-492a-91fb-03a08215db3e (Data {pct : 51, mode : file})
09-09 09:17:37.157 19866 19943 I WM-Processor: Moving WorkSpec (a7dfb8b1-8000-492a-91fb-03a08215db3e) to the foreground
09-09 09:17:37.162 19866 19943 D WM-WorkProgressUpdater: Updating progress for a7dfb8b1-8000-492a-91fb-03a08215db3e (Data {pct : 90, mode : file})
09-09 09:17:37.162 19866 19866 D WM-SystemFgDispatcher: Notifying with (id:7905, workSpecId: a7dfb8b1-8000-492a-91fb-03a08215db3e, notificationType :1)
09-09 09:17:37.165 19866 19943 I WM-Processor: Moving WorkSpec (a7dfb8b1-8000-492a-91fb-03a08215db3e) to the foreground
09-09 09:17:37.172 19866 19866 D WM-SystemFgDispatcher: Notifying with (id:7905, workSpecId: a7dfb8b1-8000-492a-91fb-03a08215db3e, notificationType :1)
09-09 09:17:37.173 19866 19866 W NotificationManager: Shedding notify (update) of NotificationKey[user=UserHandle{0}, pkg=com.negi.survey, tag=null, id=7905], rate limit (5.0) exceeded: input 25.715591, output would be 6.602358
09-09 09:17:37.262 19866 19953 D WM-WorkProgressUpdater: Updating progress for 958c4f46-2d2f-490e-8073-bf2bba750bfe (Data {pct : 55, mode : file})
09-09 09:17:37.274 19866 19974 D GitHubUploader: uploadStream: done url=https://github.com/ishizuki-tech/SurveyExports/blob/main/diagnostics/crash/2026-09-09/prevlog_20260909_012717_pid24642.log sha=490b2ef85e412ff9a45d6573a86eb9dd493f87c2
09-09 09:17:37.276 19866 19953 I WM-Processor: Moving WorkSpec (958c4f46-2d2f-490e-8073-bf2bba750bfe) to the foreground
09-09 09:17:37.286 19866 19953 D WM-WorkProgressUpdater: Updating progress for 958c4f46-2d2f-490e-8073-bf2bba750bfe (Data {pct : 90, mode : file})
09-09 09:17:37.286 19866 19866 D WM-SystemFgDispatcher: Notifying with (id:6073, workSpecId: 958c4f46-2d2f-490e-8073-bf2bba750bfe, notificationType :1)
09-09 09:17:37.302 19866 19953 I WM-Processor: Moving WorkSpec (958c4f46-2d2f-490e-8073-bf2bba750bfe) to the foreground
09-09 09:17:37.309 19866 19866 D WM-SystemFgDispatcher: Notifying with (id:6073, workSpecId: 958c4f46-2d2f-490e-8073-bf2bba750bfe, notificationType :1)
09-09 09:17:37.312 19866 19953 D WM-WorkProgressUpdater: Updating progress for 28a29401-3af2-4aaf-a393-f8f423d84fb4 (Data {pct : 95, mode : file})
09-09 09:17:37.325 19866 19953 I WM-Processor: Moving WorkSpec (28a29401-3af2-4aaf-a393-f8f423d84fb4) to the foreground
09-09 09:17:37.330 19866 19866 D WM-SystemFgDispatcher: Notifying with (id:9460, workSpecId: 28a29401-3af2-4aaf-a393-f8f423d84fb4, notificationType :1)
09-09 09:17:37.332 19866 19953 I WM-Processor: Moving WorkSpec (28a29401-3af2-4aaf-a393-f8f423d84fb4) to the foreground
09-09 09:17:37.337 19866 19866 D WM-SystemFgDispatcher: Notifying with (id:9460, workSpecId: 28a29401-3af2-4aaf-a393-f8f423d84fb4, notificationType :1)
09-09 09:17:37.343 19866 19953 I WM-WorkerWrapper: Worker result SUCCESS for Work [ id=28a29401-3af2-4aaf-a393-f8f423d84fb4, tags={ com.negi.survey.net.GitHubUploadWorker,github_upload,github_upload:crash:diagnostics_crash_prevlog_20260909_012717_pid24642.log_b6ae469e } ]
09-09 09:17:37.351 19866 19866 D WM-Processor: Processor 28a29401-3af2-4aaf-a393-f8f423d84fb4 executed; reschedule = false
09-09 09:17:37.352 19866 19866 D WM-GreedyScheduler: Stopping tracking for WorkGenerationalId(workSpecId=28a29401-3af2-4aaf-a393-f8f423d84fb4, generation=0)
09-09 09:17:37.354 19866 19866 D WM-SystemJobService: 28a29401-3af2-4aaf-a393-f8f423d84fb4 executed on JobScheduler
09-09 09:17:37.356 19866 19866 D WM-SystemFgDispatcher: Removing Notification (id: 9460, workSpecId: WorkGenerationalId(workSpecId=28a29401-3af2-4aaf-a393-f8f423d84fb4, generation=0), notificationType: 1
09-09 09:17:37.365 19866 19953 D WM-GreedyScheduler: Cancelling work ID 28a29401-3af2-4aaf-a393-f8f423d84fb4
09-09 09:17:37.507 19866 19943 D WM-WorkProgressUpdater: Updating progress for 11239c36-3a75-4fb5-8bfc-4c2dc753cac6 (Data {pct : 43, mode : file})
09-09 09:17:37.515 19866 19943 I WM-Processor: Moving WorkSpec (11239c36-3a75-4fb5-8bfc-4c2dc753cac6) to the foreground
09-09 09:17:37.522 19866 19866 D WM-SystemFgDispatcher: Notifying with (id:10720, workSpecId: 11239c36-3a75-4fb5-8bfc-4c2dc753cac6, notificationType :1)
09-09 09:17:37.523 19866 19943 D WM-WorkProgressUpdater: Updating progress for 11239c36-3a75-4fb5-8bfc-4c2dc753cac6 (Data {pct : 76, mode : file})
09-09 09:17:37.534 19866 19943 I WM-Processor: Moving WorkSpec (11239c36-3a75-4fb5-8bfc-4c2dc753cac6) to the foreground
09-09 09:17:37.538 19866 19943 D WM-WorkProgressUpdater: Updating progress for 11239c36-3a75-4fb5-8bfc-4c2dc753cac6 (Data {pct : 90, mode : file})
09-09 09:17:37.538 19866 19866 D WM-SystemFgDispatcher: Notifying with (id:10720, workSpecId: 11239c36-3a75-4fb5-8bfc-4c2dc753cac6, notificationType :1)
09-09 09:17:37.544 19866 19943 I WM-Processor: Moving WorkSpec (11239c36-3a75-4fb5-8bfc-4c2dc753cac6) to the foreground
09-09 09:17:37.548 19866 19866 D WM-SystemFgDispatcher: Notifying with (id:10720, workSpecId: 11239c36-3a75-4fb5-8bfc-4c2dc753cac6, notificationType :1)
09-09 09:17:37.569 19866 19955 D WM-WorkProgressUpdater: Updating progress for fa7228aa-4933-458a-b42e-330370e13f9d (Data {pct : 21, mode : file})
09-09 09:17:37.582 19866 19955 I WM-Processor: Moving WorkSpec (fa7228aa-4933-458a-b42e-330370e13f9d) to the foreground
09-09 09:17:37.589 19866 19955 D WM-WorkProgressUpdater: Updating progress for 947e2253-13a3-4e00-9d09-4dfcfa0e55b9 (Data {pct : 43, mode : file})
09-09 09:17:37.590 19866 19866 D WM-SystemFgDispatcher: Notifying with (id:5438, workSpecId: fa7228aa-4933-458a-b42e-330370e13f9d, notificationType :1)
09-09 09:17:37.595 19866 19955 I WM-Processor: Moving WorkSpec (947e2253-13a3-4e00-9d09-4dfcfa0e55b9) to the foreground
09-09 09:17:37.598 19866 19866 D WM-SystemFgDispatcher: Notifying with (id:7904, workSpecId: 947e2253-13a3-4e00-9d09-4dfcfa0e55b9, notificationType :1)
09-09 09:17:37.600 19866 19955 D WM-WorkProgressUpdater: Updating progress for 947e2253-13a3-4e00-9d09-4dfcfa0e55b9 (Data {pct : 76, mode : file})
09-09 09:17:37.604 19866 19955 I WM-Processor: Moving WorkSpec (947e2253-13a3-4e00-9d09-4dfcfa0e55b9) to the foreground
09-09 09:17:37.608 19866 19955 D WM-WorkProgressUpdater: Updating progress for 947e2253-13a3-4e00-9d09-4dfcfa0e55b9 (Data {pct : 90, mode : file})
09-09 09:17:37.609 19866 19866 D WM-SystemFgDispatcher: Notifying with (id:7904, workSpecId: 947e2253-13a3-4e00-9d09-4dfcfa0e55b9, notificationType :1)
09-09 09:17:37.612 19866 19955 I WM-Processor: Moving WorkSpec (947e2253-13a3-4e00-9d09-4dfcfa0e55b9) to the foreground
09-09 09:17:37.615 19866 19955 D WM-WorkProgressUpdater: Updating progress for fa7228aa-4933-458a-b42e-330370e13f9d (Data {pct : 32, mode : file})
09-09 09:17:37.616 19866 19866 D WM-SystemFgDispatcher: Notifying with (id:7904, workSpecId: 947e2253-13a3-4e00-9d09-4dfcfa0e55b9, notificationType :1)
09-09 09:17:37.620 19866 19955 I WM-Processor: Moving WorkSpec (fa7228aa-4933-458a-b42e-330370e13f9d) to the foreground
09-09 09:17:37.622 19866 19955 D WM-WorkProgressUpdater: Updating progress for fa7228aa-4933-458a-b42e-330370e13f9d (Data {pct : 44, mode : file})
09-09 09:17:37.622 19866 19866 D WM-SystemFgDispatcher: Notifying with (id:5438, workSpecId: fa7228aa-4933-458a-b42e-330370e13f9d, notificationType :1)
09-09 09:17:37.625 19866 19955 I WM-Processor: Moving WorkSpec (fa7228aa-4933-458a-b42e-330370e13f9d) to the foreground
09-09 09:17:37.629 19866 19955 D WM-WorkProgressUpdater: Updating progress for fa7228aa-4933-458a-b42e-330370e13f9d (Data {pct : 55, mode : file})
09-09 09:17:37.630 19866 19866 D WM-SystemFgDispatcher: Notifying with (id:5438, workSpecId: fa7228aa-4933-458a-b42e-330370e13f9d, notificationType :1)
09-09 09:17:37.632 19866 19955 I WM-Processor: Moving WorkSpec (fa7228aa-4933-458a-b42e-330370e13f9d) to the foreground
09-09 09:17:37.635 19866 19955 D WM-WorkProgressUpdater: Updating progress for fa7228aa-4933-458a-b42e-330370e13f9d (Data {pct : 66, mode : file})
09-09 09:17:37.636 19866 19866 D WM-SystemFgDispatcher: Notifying with (id:5438, workSpecId: fa7228aa-4933-458a-b42e-330370e13f9d, notificationType :1)
09-09 09:17:37.639 19866 19955 I WM-Processor: Moving WorkSpec (fa7228aa-4933-458a-b42e-330370e13f9d) to the foreground
09-09 09:17:37.641 19866 19955 D WM-WorkProgressUpdater: Updating progress for fa7228aa-4933-458a-b42e-330370e13f9d (Data {pct : 78, mode : file})
09-09 09:17:37.642 19866 19866 D WM-SystemFgDispatcher: Notifying with (id:5438, workSpecId: fa7228aa-4933-458a-b42e-330370e13f9d, notificationType :1)
09-09 09:17:37.645 19866 19955 I WM-Processor: Moving WorkSpec (fa7228aa-4933-458a-b42e-330370e13f9d) to the foreground
09-09 09:17:37.647 19866 19955 D WM-WorkProgressUpdater: Updating progress for fa7228aa-4933-458a-b42e-330370e13f9d (Data {pct : 89, mode : file})
09-09 09:17:37.648 19866 19866 D WM-SystemFgDispatcher: Notifying with (id:5438, workSpecId: fa7228aa-4933-458a-b42e-330370e13f9d, notificationType :1)
09-09 09:17:37.651 19866 19955 I WM-Processor: Moving WorkSpec (fa7228aa-4933-458a-b42e-330370e13f9d) to the foreground
09-09 09:17:37.653 19866 19955 D WM-WorkProgressUpdater: Updating progress for fa7228aa-4933-458a-b42e-330370e13f9d (Data {pct : 90, mode : file})
09-09 09:17:37.654 19866 19866 D WM-SystemFgDispatcher: Notifying with (id:5438, workSpecId: fa7228aa-4933-458a-b42e-330370e13f9d, notificationType :1)
09-09 09:17:37.657 19866 19955 I WM-Processor: Moving WorkSpec (fa7228aa-4933-458a-b42e-330370e13f9d) to the foreground
09-09 09:17:37.660 19866 19866 D WM-SystemFgDispatcher: Notifying with (id:5438, workSpecId: fa7228aa-4933-458a-b42e-330370e13f9d, notificationType :1)
09-09 09:17:37.786 19866 19952 D WM-WorkProgressUpdater: Updating progress for 86438b30-d0ff-415c-b707-a475aa6a34d7 (Data {pct : 15, mode : file})
09-09 09:17:37.792 19866 19952 I WM-Processor: Moving WorkSpec (86438b30-d0ff-415c-b707-a475aa6a34d7) to the foreground
09-09 09:17:37.797 19866 19952 D WM-WorkProgressUpdater: Updating progress for 86438b30-d0ff-415c-b707-a475aa6a34d7 (Data {pct : 21, mode : file})
09-09 09:17:37.804 19866 19952 I WM-Processor: Moving WorkSpec (86438b30-d0ff-415c-b707-a475aa6a34d7) to the foreground
09-09 09:17:37.814 19866 19866 D WM-SystemFgDispatcher: Notifying with (id:4083, workSpecId: 86438b30-d0ff-415c-b707-a475aa6a34d7, notificationType :1)
09-09 09:17:37.830 19866 19952 D WM-WorkProgressUpdater: Updating progress for 86438b30-d0ff-415c-b707-a475aa6a34d7 (Data {pct : 27, mode : file})
09-09 09:17:37.833 19866 19866 D WM-SystemFgDispatcher: Notifying with (id:4083, workSpecId: 86438b30-d0ff-415c-b707-a475aa6a34d7, notificationType :1)
09-09 09:17:37.843 19866 19952 I WM-Processor: Moving WorkSpec (86438b30-d0ff-415c-b707-a475aa6a34d7) to the foreground
09-09 09:17:37.847 19866 19866 D WM-SystemFgDispatcher: Notifying with (id:4083, workSpecId: 86438b30-d0ff-415c-b707-a475aa6a34d7, notificationType :1)
09-09 09:17:37.847 19866 19952 D WM-WorkProgressUpdater: Updating progress for 86438b30-d0ff-415c-b707-a475aa6a34d7 (Data {pct : 33, mode : file})
09-09 09:17:37.857 19866 19952 I WM-Processor: Moving WorkSpec (86438b30-d0ff-415c-b707-a475aa6a34d7) to the foreground
09-09 09:17:37.861 19866 19952 D WM-WorkProgressUpdater: Updating progress for 86438b30-d0ff-415c-b707-a475aa6a34d7 (Data {pct : 39, mode : file})
09-09 09:17:37.862 19866 19866 D WM-SystemFgDispatcher: Notifying with (id:4083, workSpecId: 86438b30-d0ff-415c-b707-a475aa6a34d7, notificationType :1)
09-09 09:17:37.870 19866 19952 I WM-Processor: Moving WorkSpec (86438b30-d0ff-415c-b707-a475aa6a34d7) to the foreground
09-09 09:17:37.873 19866 19866 D WM-SystemFgDispatcher: Notifying with (id:4083, workSpecId: 86438b30-d0ff-415c-b707-a475aa6a34d7, notificationType :1)
09-09 09:17:37.873 19866 19952 D WM-WorkProgressUpdater: Updating progress for 86438b30-d0ff-415c-b707-a475aa6a34d7 (Data {pct : 44, mode : file})
09-09 09:17:37.884 19866 19952 I WM-Processor: Moving WorkSpec (86438b30-d0ff-415c-b707-a475aa6a34d7) to the foreground
09-09 09:17:37.888 19866 19952 D WM-WorkProgressUpdater: Updating progress for 86438b30-d0ff-415c-b707-a475aa6a34d7 (Data {pct : 50, mode : file})
09-09 09:17:37.888 19866 19866 D WM-SystemFgDispatcher: Notifying with (id:4083, workSpecId: 86438b30-d0ff-415c-b707-a475aa6a34d7, notificationType :1)
09-09 09:17:37.895 19866 19952 I WM-Processor: Moving WorkSpec (86438b30-d0ff-415c-b707-a475aa6a34d7) to the foreground
09-09 09:17:37.899 19866 19952 D WM-WorkProgressUpdater: Updating progress for 86438b30-d0ff-415c-b707-a475aa6a34d7 (Data {pct : 56, mode : file})
09-09 09:17:37.899 19866 19866 D WM-SystemFgDispatcher: Notifying with (id:4083, workSpecId: 86438b30-d0ff-415c-b707-a475aa6a34d7, notificationType :1)
09-09 09:17:37.907 19866 19952 I WM-Processor: Moving WorkSpec (86438b30-d0ff-415c-b707-a475aa6a34d7) to the foreground
09-09 09:17:37.910 19866 19952 D WM-WorkProgressUpdater: Updating progress for 86438b30-d0ff-415c-b707-a475aa6a34d7 (Data {pct : 62, mode : file})
09-09 09:17:37.910 19866 19866 D WM-SystemFgDispatcher: Notifying with (id:4083, workSpecId: 86438b30-d0ff-415c-b707-a475aa6a34d7, notificationType :1)
09-09 09:17:37.919 19866 19952 I WM-Processor: Moving WorkSpec (86438b30-d0ff-415c-b707-a475aa6a34d7) to the foreground
09-09 09:17:37.924 19866 19952 D WM-WorkProgressUpdater: Updating progress for 86438b30-d0ff-415c-b707-a475aa6a34d7 (Data {pct : 68, mode : file})
09-09 09:17:37.924 19866 19866 D WM-SystemFgDispatcher: Notifying with (id:4083, workSpecId: 86438b30-d0ff-415c-b707-a475aa6a34d7, notificationType :1)
09-09 09:17:37.933 19866 19952 I WM-Processor: Moving WorkSpec (86438b30-d0ff-415c-b707-a475aa6a34d7) to the foreground
09-09 09:17:37.937 19866 19952 D WM-WorkProgressUpdater: Updating progress for 86438b30-d0ff-415c-b707-a475aa6a34d7 (Data {pct : 74, mode : file})
09-09 09:17:37.937 19866 19866 D WM-SystemFgDispatcher: Notifying with (id:4083, workSpecId: 86438b30-d0ff-415c-b707-a475aa6a34d7, notificationType :1)
09-09 09:17:37.948 19866 19952 I WM-Processor: Moving WorkSpec (86438b30-d0ff-415c-b707-a475aa6a34d7) to the foreground
09-09 09:17:37.952 19866 19952 D WM-WorkProgressUpdater: Updating progress for 86438b30-d0ff-415c-b707-a475aa6a34d7 (Data {pct : 79, mode : file})
09-09 09:17:37.953 19866 19866 D WM-SystemFgDispatcher: Notifying with (id:4083, workSpecId: 86438b30-d0ff-415c-b707-a475aa6a34d7, notificationType :1)
09-09 09:17:37.959 19866 19952 I WM-Processor: Moving WorkSpec (86438b30-d0ff-415c-b707-a475aa6a34d7) to the foreground
09-09 09:17:37.961 19866 19952 D WM-WorkProgressUpdater: Updating progress for 86438b30-d0ff-415c-b707-a475aa6a34d7 (Data {pct : 85, mode : file})
09-09 09:17:37.962 19866 19866 D WM-SystemFgDispatcher: Notifying with (id:4083, workSpecId: 86438b30-d0ff-415c-b707-a475aa6a34d7, notificationType :1)
09-09 09:17:37.967 19866 19952 I WM-Processor: Moving WorkSpec (86438b30-d0ff-415c-b707-a475aa6a34d7) to the foreground
09-09 09:17:37.969 19866 19952 D WM-WorkProgressUpdater: Updating progress for 86438b30-d0ff-415c-b707-a475aa6a34d7 (Data {pct : 90, mode : file})
09-09 09:17:37.970 19866 19866 D WM-SystemFgDispatcher: Notifying with (id:4083, workSpecId: 86438b30-d0ff-415c-b707-a475aa6a34d7, notificationType :1)
09-09 09:17:37.973 19866 19952 I WM-Processor: Moving WorkSpec (86438b30-d0ff-415c-b707-a475aa6a34d7) to the foreground
09-09 09:17:37.977 19866 19866 D WM-SystemFgDispatcher: Notifying with (id:4083, workSpecId: 86438b30-d0ff-415c-b707-a475aa6a34d7, notificationType :1)
09-09 09:17:38.008 19866 19955 D WM-WorkProgressUpdater: Updating progress for 050ecc56-317f-4e8b-a187-ea9ff8f6f615 (Data {pct : 17, mode : file})
09-09 09:17:38.020 19866 19955 I WM-Processor: Moving WorkSpec (050ecc56-317f-4e8b-a187-ea9ff8f6f615) to the foreground
09-09 09:17:38.028 19866 19955 D WM-WorkProgressUpdater: Updating progress for 050ecc56-317f-4e8b-a187-ea9ff8f6f615 (Data {pct : 25, mode : file})
09-09 09:17:38.028 19866 19866 D WM-SystemFgDispatcher: Notifying with (id:10357, workSpecId: 050ecc56-317f-4e8b-a187-ea9ff8f6f615, notificationType :1)
09-09 09:17:38.038 19866 19955 I WM-Processor: Moving WorkSpec (050ecc56-317f-4e8b-a187-ea9ff8f6f615) to the foreground
09-09 09:17:38.043 19866 19955 D WM-WorkProgressUpdater: Updating progress for 050ecc56-317f-4e8b-a187-ea9ff8f6f615 (Data {pct : 32, mode : file})
09-09 09:17:38.043 19866 19866 D WM-SystemFgDispatcher: Notifying with (id:10357, workSpecId: 050ecc56-317f-4e8b-a187-ea9ff8f6f615, notificationType :1)
09-09 09:17:38.054 19866 19955 I WM-Processor: Moving WorkSpec (050ecc56-317f-4e8b-a187-ea9ff8f6f615) to the foreground
09-09 09:17:38.058 19866 19955 D WM-WorkProgressUpdater: Updating progress for 050ecc56-317f-4e8b-a187-ea9ff8f6f615 (Data {pct : 40, mode : file})
09-09 09:17:38.059 19866 19866 D WM-SystemFgDispatcher: Notifying with (id:10357, workSpecId: 050ecc56-317f-4e8b-a187-ea9ff8f6f615, notificationType :1)
09-09 09:17:38.069 19866 19955 I WM-Processor: Moving WorkSpec (050ecc56-317f-4e8b-a187-ea9ff8f6f615) to the foreground
09-09 09:17:38.072 19866 19955 D WM-WorkProgressUpdater: Updating progress for 050ecc56-317f-4e8b-a187-ea9ff8f6f615 (Data {pct : 48, mode : file})
09-09 09:17:38.072 19866 19866 D WM-SystemFgDispatcher: Notifying with (id:10357, workSpecId: 050ecc56-317f-4e8b-a187-ea9ff8f6f615, notificationType :1)
09-09 09:17:38.076 19866 19955 I WM-Processor: Moving WorkSpec (050ecc56-317f-4e8b-a187-ea9ff8f6f615) to the foreground
09-09 09:17:38.078 19866 19955 D WM-WorkProgressUpdater: Updating progress for 050ecc56-317f-4e8b-a187-ea9ff8f6f615 (Data {pct : 55, mode : file})
09-09 09:17:38.079 19866 19866 D WM-SystemFgDispatcher: Notifying with (id:10357, workSpecId: 050ecc56-317f-4e8b-a187-ea9ff8f6f615, notificationType :1)
09-09 09:17:38.082 19866 19955 I WM-Processor: Moving WorkSpec (050ecc56-317f-4e8b-a187-ea9ff8f6f615) to the foreground
09-09 09:17:38.086 19866 19866 D WM-SystemFgDispatcher: Notifying with (id:10357, workSpecId: 050ecc56-317f-4e8b-a187-ea9ff8f6f615, notificationType :1)
09-09 09:17:38.087 19866 19955 D WM-WorkProgressUpdater: Updating progress for 050ecc56-317f-4e8b-a187-ea9ff8f6f615 (Data {pct : 63, mode : file})
09-09 09:17:38.091 19866 19955 I WM-Processor: Moving WorkSpec (050ecc56-317f-4e8b-a187-ea9ff8f6f615) to the foreground
09-09 09:17:38.096 19866 19955 D WM-WorkProgressUpdater: Updating progress for 050ecc56-317f-4e8b-a187-ea9ff8f6f615 (Data {pct : 71, mode : file})
09-09 09:17:38.097 19866 19866 D WM-SystemFgDispatcher: Notifying with (id:10357, workSpecId: 050ecc56-317f-4e8b-a187-ea9ff8f6f615, notificationType :1)
09-09 09:17:38.102 19866 19955 I WM-Processor: Moving WorkSpec (050ecc56-317f-4e8b-a187-ea9ff8f6f615) to the foreground
09-09 09:17:38.105 19866 19955 D WM-WorkProgressUpdater: Updating progress for 050ecc56-317f-4e8b-a187-ea9ff8f6f615 (Data {pct : 78, mode : file})
09-09 09:17:38.105 19866 19866 D WM-SystemFgDispatcher: Notifying with (id:10357, workSpecId: 050ecc56-317f-4e8b-a187-ea9ff8f6f615, notificationType :1)
09-09 09:17:38.109 19866 19955 I WM-Processor: Moving WorkSpec (050ecc56-317f-4e8b-a187-ea9ff8f6f615) to the foreground
09-09 09:17:38.111 19866 19955 D WM-WorkProgressUpdater: Updating progress for 050ecc56-317f-4e8b-a187-ea9ff8f6f615 (Data {pct : 86, mode : file})
09-09 09:17:38.111 19866 19866 D WM-SystemFgDispatcher: Notifying with (id:10357, workSpecId: 050ecc56-317f-4e8b-a187-ea9ff8f6f615, notificationType :1)
09-09 09:17:38.115 19866 19955 I WM-Processor: Moving WorkSpec (050ecc56-317f-4e8b-a187-ea9ff8f6f615) to the foreground
09-09 09:17:38.117 19866 19955 D WM-WorkProgressUpdater: Updating progress for 050ecc56-317f-4e8b-a187-ea9ff8f6f615 (Data {pct : 90, mode : file})
09-09 09:17:38.118 19866 19866 D WM-SystemFgDispatcher: Notifying with (id:10357, workSpecId: 050ecc56-317f-4e8b-a187-ea9ff8f6f615, notificationType :1)
09-09 09:17:38.120 19866 19955 I WM-Processor: Moving WorkSpec (050ecc56-317f-4e8b-a187-ea9ff8f6f615) to the foreground
09-09 09:17:38.123 19866 19955 D WM-WorkProgressUpdater: Updating progress for 352c9dac-1ab5-4c58-8204-fca2aee61690 (Data {pct : 13, mode : file})
09-09 09:17:38.124 19866 19866 D WM-SystemFgDispatcher: Notifying with (id:10357, workSpecId: 050ecc56-317f-4e8b-a187-ea9ff8f6f615, notificationType :1)
09-09 09:17:38.126 19866 19955 I WM-Processor: Moving WorkSpec (352c9dac-1ab5-4c58-8204-fca2aee61690) to the foreground
09-09 09:17:38.129 19866 19955 D WM-WorkProgressUpdater: Updating progress for 352c9dac-1ab5-4c58-8204-fca2aee61690 (Data {pct : 16, mode : file})
09-09 09:17:38.130 19866 19866 D WM-SystemFgDispatcher: Notifying with (id:5900, workSpecId: 352c9dac-1ab5-4c58-8204-fca2aee61690, notificationType :1)
09-09 09:17:38.134 19866 19955 I WM-Processor: Moving WorkSpec (352c9dac-1ab5-4c58-8204-fca2aee61690) to the foreground
09-09 09:17:38.136 19866 19955 D WM-WorkProgressUpdater: Updating progress for 352c9dac-1ab5-4c58-8204-fca2aee61690 (Data {pct : 19, mode : file})
09-09 09:17:38.137 19866 19866 D WM-SystemFgDispatcher: Notifying with (id:5900, workSpecId: 352c9dac-1ab5-4c58-8204-fca2aee61690, notificationType :1)
09-09 09:17:38.139 19866 19955 I WM-Processor: Moving WorkSpec (352c9dac-1ab5-4c58-8204-fca2aee61690) to the foreground
09-09 09:17:38.142 19866 19955 D WM-WorkProgressUpdater: Updating progress for 352c9dac-1ab5-4c58-8204-fca2aee61690 (Data {pct : 22, mode : file})
09-09 09:17:38.143 19866 19866 D WM-SystemFgDispatcher: Notifying with (id:5900, workSpecId: 352c9dac-1ab5-4c58-8204-fca2aee61690, notificationType :1)
09-09 09:17:38.146 19866 19955 I WM-Processor: Moving WorkSpec (352c9dac-1ab5-4c58-8204-fca2aee61690) to the foreground
09-09 09:17:38.148 19866 19955 D WM-WorkProgressUpdater: Updating progress for 352c9dac-1ab5-4c58-8204-fca2aee61690 (Data {pct : 25, mode : file})
09-09 09:17:38.149 19866 19866 D WM-SystemFgDispatcher: Notifying with (id:5900, workSpecId: 352c9dac-1ab5-4c58-8204-fca2aee61690, notificationType :1)
09-09 09:17:38.152 19866 19955 I WM-Processor: Moving WorkSpec (352c9dac-1ab5-4c58-8204-fca2aee61690) to the foreground
09-09 09:17:38.154 19866 19955 D WM-WorkProgressUpdater: Updating progress for 352c9dac-1ab5-4c58-8204-fca2aee61690 (Data {pct : 28, mode : file})
09-09 09:17:38.155 19866 19866 D WM-SystemFgDispatcher: Notifying with (id:5900, workSpecId: 352c9dac-1ab5-4c58-8204-fca2aee61690, notificationType :1)
09-09 09:17:38.161 19866 19955 I WM-Processor: Moving WorkSpec (352c9dac-1ab5-4c58-8204-fca2aee61690) to the foreground
09-09 09:17:38.163 19866 19955 D WM-WorkProgressUpdater: Updating progress for 352c9dac-1ab5-4c58-8204-fca2aee61690 (Data {pct : 32, mode : file})
09-09 09:17:38.164 19866 19866 D WM-SystemFgDispatcher: Notifying with (id:5900, workSpecId: 352c9dac-1ab5-4c58-8204-fca2aee61690, notificationType :1)
09-09 09:17:38.167 19866 19955 I WM-Processor: Moving WorkSpec (352c9dac-1ab5-4c58-8204-fca2aee61690) to the foreground
09-09 09:17:38.169 19866 19955 D WM-WorkProgressUpdater: Updating progress for 352c9dac-1ab5-4c58-8204-fca2aee61690 (Data {pct : 35, mode : file})
09-09 09:17:38.170 19866 19866 D WM-SystemFgDispatcher: Notifying with (id:5900, workSpecId: 352c9dac-1ab5-4c58-8204-fca2aee61690, notificationType :1)
09-09 09:17:38.172 19866 19955 I WM-Processor: Moving WorkSpec (352c9dac-1ab5-4c58-8204-fca2aee61690) to the foreground
09-09 09:17:38.175 19866 19955 D WM-WorkProgressUpdater: Updating progress for 352c9dac-1ab5-4c58-8204-fca2aee61690 (Data {pct : 38, mode : file})
09-09 09:17:38.176 19866 19866 D WM-SystemFgDispatcher: Notifying with (id:5900, workSpecId: 352c9dac-1ab5-4c58-8204-fca2aee61690, notificationType :1)
09-09 09:17:38.177 19866 19866 W NotificationManager: Shedding notify (update) of NotificationKey[user=UserHandle{0}, pkg=com.negi.survey, tag=null, id=5900], rate limit (5.0) exceeded: input 210.2871, output would be 5.2496552
09-09 09:17:38.178 19866 19955 I WM-Processor: Moving WorkSpec (352c9dac-1ab5-4c58-8204-fca2aee61690) to the foreground
09-09 09:17:38.180 19866 19955 D WM-WorkProgressUpdater: Updating progress for 352c9dac-1ab5-4c58-8204-fca2aee61690 (Data {pct : 41, mode : file})
09-09 09:17:38.181 19866 19866 D WM-SystemFgDispatcher: Notifying with (id:5900, workSpecId: 352c9dac-1ab5-4c58-8204-fca2aee61690, notificationType :1)
09-09 09:17:38.183 19866 19955 I WM-Processor: Moving WorkSpec (352c9dac-1ab5-4c58-8204-fca2aee61690) to the foreground
09-09 09:17:38.186 19866 19955 D WM-WorkProgressUpdater: Updating progress for 352c9dac-1ab5-4c58-8204-fca2aee61690 (Data {pct : 44, mode : file})
09-09 09:17:38.187 19866 19866 D WM-SystemFgDispatcher: Notifying with (id:5900, workSpecId: 352c9dac-1ab5-4c58-8204-fca2aee61690, notificationType :1)
09-09 09:17:38.189 19866 19955 I WM-Processor: Moving WorkSpec (352c9dac-1ab5-4c58-8204-fca2aee61690) to the foreground
09-09 09:17:38.191 19866 19955 D WM-WorkProgressUpdater: Updating progress for 352c9dac-1ab5-4c58-8204-fca2aee61690 (Data {pct : 47, mode : file})
09-09 09:17:38.192 19866 19866 D WM-SystemFgDispatcher: Notifying with (id:5900, workSpecId: 352c9dac-1ab5-4c58-8204-fca2aee61690, notificationType :1)
09-09 09:17:38.195 19866 19955 I WM-Processor: Moving WorkSpec (352c9dac-1ab5-4c58-8204-fca2aee61690) to the foreground
09-09 09:17:38.197 19866 19955 D WM-WorkProgressUpdater: Updating progress for 352c9dac-1ab5-4c58-8204-fca2aee61690 (Data {pct : 51, mode : file})
09-09 09:17:38.197 19866 19866 D WM-SystemFgDispatcher: Notifying with (id:5900, workSpecId: 352c9dac-1ab5-4c58-8204-fca2aee61690, notificationType :1)
09-09 09:17:38.200 19866 19955 I WM-Processor: Moving WorkSpec (352c9dac-1ab5-4c58-8204-fca2aee61690) to the foreground
09-09 09:17:38.203 19866 19955 D WM-WorkProgressUpdater: Updating progress for 352c9dac-1ab5-4c58-8204-fca2aee61690 (Data {pct : 54, mode : file})
09-09 09:17:38.204 19866 19866 D WM-SystemFgDispatcher: Notifying with (id:5900, workSpecId: 352c9dac-1ab5-4c58-8204-fca2aee61690, notificationType :1)
09-09 09:17:38.206 19866 19955 I WM-Processor: Moving WorkSpec (352c9dac-1ab5-4c58-8204-fca2aee61690) to the foreground
09-09 09:17:38.209 19866 19955 D WM-WorkProgressUpdater: Updating progress for 352c9dac-1ab5-4c58-8204-fca2aee61690 (Data {pct : 57, mode : file})
09-09 09:17:38.210 19866 19866 D WM-SystemFgDispatcher: Notifying with (id:5900, workSpecId: 352c9dac-1ab5-4c58-8204-fca2aee61690, notificationType :1)
09-09 09:17:38.212 19866 19955 I WM-Processor: Moving WorkSpec (352c9dac-1ab5-4c58-8204-fca2aee61690) to the foreground
09-09 09:17:38.214 19866 19955 D WM-WorkProgressUpdater: Updating progress for 352c9dac-1ab5-4c58-8204-fca2aee61690 (Data {pct : 60, mode : file})
09-09 09:17:38.218 19866 19955 I WM-Processor: Moving WorkSpec (352c9dac-1ab5-4c58-8204-fca2aee61690) to the foreground
09-09 09:17:38.219 19866 19866 D WM-SystemFgDispatcher: Notifying with (id:5900, workSpecId: 352c9dac-1ab5-4c58-8204-fca2aee61690, notificationType :1)
09-09 09:17:38.221 19866 19955 D WM-WorkProgressUpdater: Updating progress for 352c9dac-1ab5-4c58-8204-fca2aee61690 (Data {pct : 63, mode : file})
09-09 09:17:38.223 19866 19866 D WM-SystemFgDispatcher: Notifying with (id:5900, workSpecId: 352c9dac-1ab5-4c58-8204-fca2aee61690, notificationType :1)
09-09 09:17:38.224 19866 19955 I WM-Processor: Moving WorkSpec (352c9dac-1ab5-4c58-8204-fca2aee61690) to the foreground
09-09 09:17:38.228 19866 19955 D WM-WorkProgressUpdater: Updating progress for 352c9dac-1ab5-4c58-8204-fca2aee61690 (Data {pct : 66, mode : file})
09-09 09:17:38.228 19866 19866 D WM-SystemFgDispatcher: Notifying with (id:5900, workSpecId: 352c9dac-1ab5-4c58-8204-fca2aee61690, notificationType :1)
09-09 09:17:38.231 19866 19955 I WM-Processor: Moving WorkSpec (352c9dac-1ab5-4c58-8204-fca2aee61690) to the foreground
09-09 09:17:38.234 19866 19955 D WM-WorkProgressUpdater: Updating progress for 352c9dac-1ab5-4c58-8204-fca2aee61690 (Data {pct : 69, mode : file})
09-09 09:17:38.235 19866 19866 D WM-SystemFgDispatcher: Notifying with (id:5900, workSpecId: 352c9dac-1ab5-4c58-8204-fca2aee61690, notificationType :1)
09-09 09:17:38.237 19866 19955 I WM-Processor: Moving WorkSpec (352c9dac-1ab5-4c58-8204-fca2aee61690) to the foreground
09-09 09:17:38.241 19866 19866 D WM-SystemFgDispatcher: Notifying with (id:5900, workSpecId: 352c9dac-1ab5-4c58-8204-fca2aee61690, notificationType :1)
09-09 09:17:38.242 19866 19955 D WM-WorkProgressUpdater: Updating progress for 352c9dac-1ab5-4c58-8204-fca2aee61690 (Data {pct : 73, mode : file})
09-09 09:17:38.246 19866 19955 I WM-Processor: Moving WorkSpec (352c9dac-1ab5-4c58-8204-fca2aee61690) to the foreground
09-09 09:17:38.248 19866 19955 D WM-WorkProgressUpdater: Updating progress for 352c9dac-1ab5-4c58-8204-fca2aee61690 (Data {pct : 76, mode : file})
09-09 09:17:38.248 19866 19866 D WM-SystemFgDispatcher: Notifying with (id:5900, workSpecId: 352c9dac-1ab5-4c58-8204-fca2aee61690, notificationType :1)
09-09 09:17:38.252 19866 19955 I WM-Processor: Moving WorkSpec (352c9dac-1ab5-4c58-8204-fca2aee61690) to the foreground
09-09 09:17:38.253 19866 19955 D WM-WorkProgressUpdater: Updating progress for 352c9dac-1ab5-4c58-8204-fca2aee61690 (Data {pct : 79, mode : file})
09-09 09:17:38.254 19866 19866 D WM-SystemFgDispatcher: Notifying with (id:5900, workSpecId: 352c9dac-1ab5-4c58-8204-fca2aee61690, notificationType :1)
09-09 09:17:38.257 19866 19955 I WM-Processor: Moving WorkSpec (352c9dac-1ab5-4c58-8204-fca2aee61690) to the foreground
09-09 09:17:38.259 19866 19955 D WM-WorkProgressUpdater: Updating progress for 352c9dac-1ab5-4c58-8204-fca2aee61690 (Data {pct : 82, mode : file})
09-09 09:17:38.260 19866 19866 D WM-SystemFgDispatcher: Notifying with (id:5900, workSpecId: 352c9dac-1ab5-4c58-8204-fca2aee61690, notificationType :1)
09-09 09:17:38.263 19866 19955 I WM-Processor: Moving WorkSpec (352c9dac-1ab5-4c58-8204-fca2aee61690) to the foreground
09-09 09:17:38.264 19866 19955 D WM-WorkProgressUpdater: Updating progress for 352c9dac-1ab5-4c58-8204-fca2aee61690 (Data {pct : 85, mode : file})
09-09 09:17:38.265 19866 19866 D WM-SystemFgDispatcher: Notifying with (id:5900, workSpecId: 352c9dac-1ab5-4c58-8204-fca2aee61690, notificationType :1)
09-09 09:17:38.267 19866 19955 I WM-Processor: Moving WorkSpec (352c9dac-1ab5-4c58-8204-fca2aee61690) to the foreground
09-09 09:17:38.269 19866 19955 D WM-WorkProgressUpdater: Updating progress for 352c9dac-1ab5-4c58-8204-fca2aee61690 (Data {pct : 88, mode : file})
09-09 09:17:38.269 19866 19866 D WM-SystemFgDispatcher: Notifying with (id:5900, workSpecId: 352c9dac-1ab5-4c58-8204-fca2aee61690, notificationType :1)
09-09 09:17:38.271 19866 19955 I WM-Processor: Moving WorkSpec (352c9dac-1ab5-4c58-8204-fca2aee61690) to the foreground
09-09 09:17:38.273 19866 19955 D WM-WorkProgressUpdater: Updating progress for 352c9dac-1ab5-4c58-8204-fca2aee61690 (Data {pct : 90, mode : file})
09-09 09:17:38.274 19866 19866 D WM-SystemFgDispatcher: Notifying with (id:5900, workSpecId: 352c9dac-1ab5-4c58-8204-fca2aee61690, notificationType :1)
09-09 09:17:38.276 19866 19955 I WM-Processor: Moving WorkSpec (352c9dac-1ab5-4c58-8204-fca2aee61690) to the foreground
09-09 09:17:38.279 19866 19866 D WM-SystemFgDispatcher: Notifying with (id:5900, workSpecId: 352c9dac-1ab5-4c58-8204-fca2aee61690, notificationType :1)
09-09 09:17:38.335 19866 19937 D GitHubUploader: uploadStream: done url=https://github.com/ishizuki-tech/SurveyExports/blob/main/diagnostics/crash/2026-09-09/prevlog_20260909_005254_pid21078.log sha=216d7f510702219a7195780980e0b425b3d8fe46
09-09 09:17:38.335 19866 19943 D WM-WorkProgressUpdater: Updating progress for a7dfb8b1-8000-492a-91fb-03a08215db3e (Data {pct : 95, mode : file})
09-09 09:17:38.346 19866 19943 I WM-Processor: Moving WorkSpec (a7dfb8b1-8000-492a-91fb-03a08215db3e) to the foreground
09-09 09:17:38.355 19866 19866 D WM-SystemFgDispatcher: Notifying with (id:7905, workSpecId: a7dfb8b1-8000-492a-91fb-03a08215db3e, notificationType :1)
09-09 09:17:38.357 19866 19943 I WM-Processor: Moving WorkSpec (a7dfb8b1-8000-492a-91fb-03a08215db3e) to the foreground
09-09 09:17:38.362 19866 19866 D WM-SystemFgDispatcher: Notifying with (id:7905, workSpecId: a7dfb8b1-8000-492a-91fb-03a08215db3e, notificationType :1)
09-09 09:17:38.369 19866 19943 I WM-WorkerWrapper: Worker result SUCCESS for Work [ id=a7dfb8b1-8000-492a-91fb-03a08215db3e, tags={ com.negi.survey.net.GitHubUploadWorker,github_upload,github_upload:crash:diagnostics_crash_prevlog_20260909_005254_pid21078.log_ce7f220e } ]
09-09 09:17:38.376 19866 19866 D WM-Processor: Processor a7dfb8b1-8000-492a-91fb-03a08215db3e executed; reschedule = false
09-09 09:17:38.376 19866 19866 D WM-GreedyScheduler: Stopping tracking for WorkGenerationalId(workSpecId=a7dfb8b1-8000-492a-91fb-03a08215db3e, generation=0)
09-09 09:17:38.377 19866 19866 D WM-SystemJobService: a7dfb8b1-8000-492a-91fb-03a08215db3e executed on JobScheduler
09-09 09:17:38.377 19866 19866 D WM-SystemFgDispatcher: Removing Notification (id: 7905, workSpecId: WorkGenerationalId(workSpecId=a7dfb8b1-8000-492a-91fb-03a08215db3e, generation=0), notificationType: 1
09-09 09:17:38.389 19866 19943 D WM-GreedyScheduler: Cancelling work ID a7dfb8b1-8000-492a-91fb-03a08215db3e
09-09 09:17:38.992 19866 19952 D WM-WorkProgressUpdater: Updating progress for 050ecc56-317f-4e8b-a187-ea9ff8f6f615 (Data {pct : 95, mode : file})
09-09 09:17:38.993 19866 19979 D GitHubUploader: uploadStream: done url=https://github.com/ishizuki-tech/SurveyExports/blob/main/diagnostics/crash/2026-09-09/prevlog_20260909_003115_pid19343.log sha=d266c9de6a91b38d6c5060961801eac51b313097
09-09 09:17:39.007 19866 19952 I WM-Processor: Moving WorkSpec (050ecc56-317f-4e8b-a187-ea9ff8f6f615) to the foreground
09-09 09:17:39.016 19866 19866 D WM-SystemFgDispatcher: Notifying with (id:10357, workSpecId: 050ecc56-317f-4e8b-a187-ea9ff8f6f615, notificationType :1)
09-09 09:17:39.023 19866 19952 I WM-Processor: Moving WorkSpec (050ecc56-317f-4e8b-a187-ea9ff8f6f615) to the foreground
09-09 09:17:39.027 19866 19866 D WM-SystemFgDispatcher: Notifying with (id:10357, workSpecId: 050ecc56-317f-4e8b-a187-ea9ff8f6f615, notificationType :1)
09-09 09:17:39.033 19866 19952 I WM-WorkerWrapper: Worker result SUCCESS for Work [ id=050ecc56-317f-4e8b-a187-ea9ff8f6f615, tags={ com.negi.survey.net.GitHubUploadWorker,github_upload,github_upload:crash:diagnostics_crash_prevlog_20260909_003115_pid19343.log_a1c5320 } ]
09-09 09:17:39.040 19866 19866 D WM-Processor: Processor 050ecc56-317f-4e8b-a187-ea9ff8f6f615 executed; reschedule = false
09-09 09:17:39.040 19866 19866 D WM-GreedyScheduler: Stopping tracking for WorkGenerationalId(workSpecId=050ecc56-317f-4e8b-a187-ea9ff8f6f615, generation=0)
09-09 09:17:39.040 19866 19952 D WM-WorkProgressUpdater: Updating progress for 85427f44-6939-4877-a312-de0e9b036da6 (Data {pct : 43, mode : file})
09-09 09:17:39.041 19866 19866 D WM-SystemJobService: 050ecc56-317f-4e8b-a187-ea9ff8f6f615 executed on JobScheduler
09-09 09:17:39.041 19866 19866 D WM-SystemFgDispatcher: Removing Notification (id: 10357, workSpecId: WorkGenerationalId(workSpecId=050ecc56-317f-4e8b-a187-ea9ff8f6f615, generation=0), notificationType: 1
09-09 09:17:39.050 19866 19952 I WM-Processor: Moving WorkSpec (85427f44-6939-4877-a312-de0e9b036da6) to the foreground
09-09 09:17:39.055 19866 19952 D WM-WorkProgressUpdater: Updating progress for 85427f44-6939-4877-a312-de0e9b036da6 (Data {pct : 76, mode : file})
09-09 09:17:39.056 19866 19866 D WM-SystemFgDispatcher: Notifying with (id:6611, workSpecId: 85427f44-6939-4877-a312-de0e9b036da6, notificationType :1)
09-09 09:17:39.067 19866 19952 I WM-Processor: Moving WorkSpec (85427f44-6939-4877-a312-de0e9b036da6) to the foreground
09-09 09:17:39.070 19866 19866 D WM-SystemFgDispatcher: Notifying with (id:6611, workSpecId: 85427f44-6939-4877-a312-de0e9b036da6, notificationType :1)
09-09 09:17:39.070 19866 19952 D WM-WorkProgressUpdater: Updating progress for 85427f44-6939-4877-a312-de0e9b036da6 (Data {pct : 90, mode : file})
09-09 09:17:39.081 19866 19952 I WM-Processor: Moving WorkSpec (85427f44-6939-4877-a312-de0e9b036da6) to the foreground
09-09 09:17:39.085 19866 19866 D WM-SystemFgDispatcher: Notifying with (id:6611, workSpecId: 85427f44-6939-4877-a312-de0e9b036da6, notificationType :1)
09-09 09:17:39.095 19866 19952 D WM-GreedyScheduler: Cancelling work ID 050ecc56-317f-4e8b-a187-ea9ff8f6f615
09-09 09:17:39.314 19866 19953 D WM-WorkProgressUpdater: Updating progress for b5b8f4c7-9da9-4636-bfc9-338ea83dac27 (Data {pct : 53, mode : file})
09-09 09:17:39.323 19866 19953 I WM-Processor: Moving WorkSpec (b5b8f4c7-9da9-4636-bfc9-338ea83dac27) to the foreground
09-09 09:17:39.333 19866 19953 D WM-WorkProgressUpdater: Updating progress for b5b8f4c7-9da9-4636-bfc9-338ea83dac27 (Data {pct : 90, mode : file})
09-09 09:17:39.336 19866 19866 D WM-SystemFgDispatcher: Notifying with (id:4139, workSpecId: b5b8f4c7-9da9-4636-bfc9-338ea83dac27, notificationType :1)
09-09 09:17:39.360 19866 19953 I WM-Processor: Moving WorkSpec (b5b8f4c7-9da9-4636-bfc9-338ea83dac27) to the foreground
09-09 09:17:39.366 19866 19866 D WM-SystemFgDispatcher: Notifying with (id:4139, workSpecId: b5b8f4c7-9da9-4636-bfc9-338ea83dac27, notificationType :1)
09-09 09:17:39.367 19866 19866 W NotificationManager: Shedding notify (update) of NotificationKey[user=UserHandle{0}, pkg=com.negi.survey, tag=null, id=4139], rate limit (5.0) exceeded: input 13.595195, output would be 6.1367
09-09 09:17:39.370 19866 19953 D WM-WorkProgressUpdater: Updating progress for d083ffab-138a-4260-8ef0-dca6bc9df382 (Data {pct : 43, mode : file})
09-09 09:17:39.379 19866 19953 I WM-Processor: Moving WorkSpec (d083ffab-138a-4260-8ef0-dca6bc9df382) to the foreground
09-09 09:17:39.384 19866 19953 D WM-WorkProgressUpdater: Updating progress for d083ffab-138a-4260-8ef0-dca6bc9df382 (Data {pct : 76, mode : file})
09-09 09:17:39.384 19866 19866 D WM-SystemFgDispatcher: Notifying with (id:6433, workSpecId: d083ffab-138a-4260-8ef0-dca6bc9df382, notificationType :1)
09-09 09:17:39.393 19866 19953 I WM-Processor: Moving WorkSpec (d083ffab-138a-4260-8ef0-dca6bc9df382) to the foreground
09-09 09:17:39.398 19866 19953 D WM-WorkProgressUpdater: Updating progress for d083ffab-138a-4260-8ef0-dca6bc9df382 (Data {pct : 90, mode : file})
09-09 09:17:39.398 19866 19866 D WM-SystemFgDispatcher: Notifying with (id:6433, workSpecId: d083ffab-138a-4260-8ef0-dca6bc9df382, notificationType :1)
09-09 09:17:39.409 19866 19953 I WM-Processor: Moving WorkSpec (d083ffab-138a-4260-8ef0-dca6bc9df382) to the foreground
09-09 09:17:39.413 19866 19866 D WM-SystemFgDispatcher: Notifying with (id:6433, workSpecId: d083ffab-138a-4260-8ef0-dca6bc9df382, notificationType :1)
09-09 09:17:39.548 19866 19952 D WM-WorkProgressUpdater: Updating progress for 4abc1c4f-fd78-438c-9d9f-7643b66c35a6 (Data {pct : 43, mode : file})
09-09 09:17:39.555 19866 19952 I WM-Processor: Moving WorkSpec (4abc1c4f-fd78-438c-9d9f-7643b66c35a6) to the foreground
09-09 09:17:39.558 19866 19952 D WM-WorkProgressUpdater: Updating progress for 4abc1c4f-fd78-438c-9d9f-7643b66c35a6 (Data {pct : 76, mode : file})
09-09 09:17:39.560 19866 19866 D WM-SystemFgDispatcher: Notifying with (id:6071, workSpecId: 4abc1c4f-fd78-438c-9d9f-7643b66c35a6, notificationType :1)
09-09 09:17:39.562 19866 19952 I WM-Processor: Moving WorkSpec (4abc1c4f-fd78-438c-9d9f-7643b66c35a6) to the foreground
09-09 09:17:39.565 19866 19952 D WM-WorkProgressUpdater: Updating progress for 4abc1c4f-fd78-438c-9d9f-7643b66c35a6 (Data {pct : 90, mode : file})
09-09 09:17:39.569 19866 19952 I WM-Processor: Moving WorkSpec (4abc1c4f-fd78-438c-9d9f-7643b66c35a6) to the foreground
09-09 09:17:39.572 19866 19866 D WM-SystemFgDispatcher: Notifying with (id:6071, workSpecId: 4abc1c4f-fd78-438c-9d9f-7643b66c35a6, notificationType :1)
09-09 09:17:39.576 19866 19866 D WM-SystemFgDispatcher: Notifying with (id:6071, workSpecId: 4abc1c4f-fd78-438c-9d9f-7643b66c35a6, notificationType :1)
09-09 09:17:39.629 19866 19955 D WM-WorkProgressUpdater: Updating progress for 3699a099-5b72-4c09-b6e9-be1ffb6547b0 (Data {pct : 27, mode : file})
09-09 09:17:39.644 19866 19955 I WM-Processor: Moving WorkSpec (3699a099-5b72-4c09-b6e9-be1ffb6547b0) to the foreground
09-09 09:17:39.648 19866 19955 D WM-WorkProgressUpdater: Updating progress for 3699a099-5b72-4c09-b6e9-be1ffb6547b0 (Data {pct : 44, mode : file})
09-09 09:17:39.648 19866 19866 D WM-SystemFgDispatcher: Notifying with (id:9658, workSpecId: 3699a099-5b72-4c09-b6e9-be1ffb6547b0, notificationType :1)
09-09 09:17:39.654 19866 19955 I WM-Processor: Moving WorkSpec (3699a099-5b72-4c09-b6e9-be1ffb6547b0) to the foreground
09-09 09:17:39.658 19866 19866 D WM-SystemFgDispatcher: Notifying with (id:9658, workSpecId: 3699a099-5b72-4c09-b6e9-be1ffb6547b0, notificationType :1)
09-09 09:17:39.658 19866 19955 D WM-WorkProgressUpdater: Updating progress for 3699a099-5b72-4c09-b6e9-be1ffb6547b0 (Data {pct : 62, mode : file})
09-09 09:17:39.669 19866 19955 I WM-Processor: Moving WorkSpec (3699a099-5b72-4c09-b6e9-be1ffb6547b0) to the foreground
09-09 09:17:39.674 19866 19955 D WM-WorkProgressUpdater: Updating progress for 3699a099-5b72-4c09-b6e9-be1ffb6547b0 (Data {pct : 79, mode : file})
09-09 09:17:39.675 19866 19866 D WM-SystemFgDispatcher: Notifying with (id:9658, workSpecId: 3699a099-5b72-4c09-b6e9-be1ffb6547b0, notificationType :1)
09-09 09:17:39.679 19866 19980 D GitHubUploader: uploadStream: done url=https://github.com/ishizuki-tech/SurveyExports/blob/main/diagnostics/applog_ring/2026-09-09/applog_ring_startup_ring_20260909_161733_6350a186_app_start/seg_00.log sha=447b6b57e068603e262ea746b3304e8a20dc4506
09-09 09:17:39.685 19866 19955 I WM-Processor: Moving WorkSpec (3699a099-5b72-4c09-b6e9-be1ffb6547b0) to the foreground
09-09 09:17:39.690 19866 19955 D WM-WorkProgressUpdater: Updating progress for 3699a099-5b72-4c09-b6e9-be1ffb6547b0 (Data {pct : 90, mode : file})
09-09 09:17:39.690 19866 19866 D WM-SystemFgDispatcher: Notifying with (id:9658, workSpecId: 3699a099-5b72-4c09-b6e9-be1ffb6547b0, notificationType :1)
09-09 09:17:39.693 19866 19955 I WM-Processor: Moving WorkSpec (3699a099-5b72-4c09-b6e9-be1ffb6547b0) to the foreground
09-09 09:17:39.697 19866 19866 D WM-SystemFgDispatcher: Notifying with (id:9658, workSpecId: 3699a099-5b72-4c09-b6e9-be1ffb6547b0, notificationType :1)
09-09 09:17:39.698 19866 19955 D WM-WorkProgressUpdater: Updating progress for 7948a35e-014d-4ee0-868a-1e2a019f4c62 (Data {pct : 95, mode : startup_ring_logs})
09-09 09:17:39.702 19866 19955 I WM-Processor: Moving WorkSpec (7948a35e-014d-4ee0-868a-1e2a019f4c62) to the foreground
09-09 09:17:39.705 19866 19866 D WM-SystemFgDispatcher: Notifying with (id:9028, workSpecId: 7948a35e-014d-4ee0-868a-1e2a019f4c62, notificationType :1)
09-09 09:17:39.706 19866 19955 I WM-Processor: Moving WorkSpec (7948a35e-014d-4ee0-868a-1e2a019f4c62) to the foreground
09-09 09:17:39.710 19866 19955 I WM-WorkerWrapper: Worker result SUCCESS for Work [ id=7948a35e-014d-4ee0-868a-1e2a019f4c62, tags={ com.negi.survey.net.GitHubUploadWorker,github_upload,github_upload:ring_logs } ]
09-09 09:17:39.710 19866 19866 D WM-SystemFgDispatcher: Notifying with (id:9028, workSpecId: 7948a35e-014d-4ee0-868a-1e2a019f4c62, notificationType :1)
09-09 09:17:39.715 19866 19955 D WM-WorkProgressUpdater: Updating progress for 2f1d2b8d-9876-4a59-844d-d71d6b8294a3 (Data {pct : 24, mode : file})
09-09 09:17:39.719 19866 19866 D WM-Processor: Processor 7948a35e-014d-4ee0-868a-1e2a019f4c62 executed; reschedule = false
09-09 09:17:39.720 19866 19866 D WM-GreedyScheduler: Stopping tracking for WorkGenerationalId(workSpecId=7948a35e-014d-4ee0-868a-1e2a019f4c62, generation=0)
09-09 09:17:39.722 19866 19866 D WM-SystemJobService: 7948a35e-014d-4ee0-868a-1e2a019f4c62 executed on JobScheduler
09-09 09:17:39.728 19866 19866 D WM-SystemFgDispatcher: Removing Notification (id: 9028, workSpecId: WorkGenerationalId(workSpecId=7948a35e-014d-4ee0-868a-1e2a019f4c62, generation=0), notificationType: 1
09-09 09:17:39.729 19866 19955 I WM-Processor: Moving WorkSpec (2f1d2b8d-9876-4a59-844d-d71d6b8294a3) to the foreground
09-09 09:17:39.733 19866 19955 D WM-WorkProgressUpdater: Updating progress for 2f1d2b8d-9876-4a59-844d-d71d6b8294a3 (Data {pct : 39, mode : file})
09-09 09:17:39.735 19866 19866 D WM-SystemFgDispatcher: Notifying with (id:4255, workSpecId: 2f1d2b8d-9876-4a59-844d-d71d6b8294a3, notificationType :1)
09-09 09:17:39.737 19866 19955 I WM-Processor: Moving WorkSpec (2f1d2b8d-9876-4a59-844d-d71d6b8294a3) to the foreground
09-09 09:17:39.741 19866 19955 D WM-WorkProgressUpdater: Updating progress for 2f1d2b8d-9876-4a59-844d-d71d6b8294a3 (Data {pct : 54, mode : file})
09-09 09:17:39.745 19866 19955 I WM-Processor: Moving WorkSpec (2f1d2b8d-9876-4a59-844d-d71d6b8294a3) to the foreground
09-09 09:17:39.745 19866 19866 D WM-SystemFgDispatcher: Notifying with (id:4255, workSpecId: 2f1d2b8d-9876-4a59-844d-d71d6b8294a3, notificationType :1)
09-09 09:17:39.748 19866 19955 D WM-GreedyScheduler: Cancelling work ID 7948a35e-014d-4ee0-868a-1e2a019f4c62
09-09 09:17:39.749 19866 19866 D WM-SystemFgDispatcher: Notifying with (id:4255, workSpecId: 2f1d2b8d-9876-4a59-844d-d71d6b8294a3, notificationType :1)
09-09 09:17:39.755 19866 19955 D WM-WorkProgressUpdater: Updating progress for 2f1d2b8d-9876-4a59-844d-d71d6b8294a3 (Data {pct : 69, mode : file})
09-09 09:17:39.759 19866 19955 I WM-Processor: Moving WorkSpec (2f1d2b8d-9876-4a59-844d-d71d6b8294a3) to the foreground
09-09 09:17:39.761 19866 19955 D WM-WorkProgressUpdater: Updating progress for 2f1d2b8d-9876-4a59-844d-d71d6b8294a3 (Data {pct : 84, mode : file})
09-09 09:17:39.761 19866 19866 D WM-SystemFgDispatcher: Notifying with (id:4255, workSpecId: 2f1d2b8d-9876-4a59-844d-d71d6b8294a3, notificationType :1)
09-09 09:17:39.767 19866 19955 I WM-Processor: Moving WorkSpec (2f1d2b8d-9876-4a59-844d-d71d6b8294a3) to the foreground
09-09 09:17:39.770 19866 19955 D WM-WorkProgressUpdater: Updating progress for 2f1d2b8d-9876-4a59-844d-d71d6b8294a3 (Data {pct : 90, mode : file})
09-09 09:17:39.770 19866 19866 D WM-SystemFgDispatcher: Notifying with (id:4255, workSpecId: 2f1d2b8d-9876-4a59-844d-d71d6b8294a3, notificationType :1)
09-09 09:17:39.776 19866 19955 I WM-Processor: Moving WorkSpec (2f1d2b8d-9876-4a59-844d-d71d6b8294a3) to the foreground
09-09 09:17:39.778 19866 19866 D WM-SystemFgDispatcher: Notifying with (id:4255, workSpecId: 2f1d2b8d-9876-4a59-844d-d71d6b8294a3, notificationType :1)
09-09 09:17:39.791 19866 19953 D WM-WorkProgressUpdater: Updating progress for a6284230-c59f-49c0-a8a2-0212031f7c98 (Data {pct : 35, mode : file})
09-09 09:17:39.802 19866 19953 I WM-Processor: Moving WorkSpec (a6284230-c59f-49c0-a8a2-0212031f7c98) to the foreground
09-09 09:17:39.808 19866 19953 D WM-WorkProgressUpdater: Updating progress for a6284230-c59f-49c0-a8a2-0212031f7c98 (Data {pct : 60, mode : file})
09-09 09:17:39.809 19866 19866 D WM-SystemFgDispatcher: Notifying with (id:10147, workSpecId: a6284230-c59f-49c0-a8a2-0212031f7c98, notificationType :1)
09-09 09:17:39.818 19866 19953 I WM-Processor: Moving WorkSpec (a6284230-c59f-49c0-a8a2-0212031f7c98) to the foreground
09-09 09:17:39.822 19866 19953 D WM-WorkProgressUpdater: Updating progress for a6284230-c59f-49c0-a8a2-0212031f7c98 (Data {pct : 85, mode : file})
09-09 09:17:39.822 19866 19866 D WM-SystemFgDispatcher: Notifying with (id:10147, workSpecId: a6284230-c59f-49c0-a8a2-0212031f7c98, notificationType :1)
09-09 09:17:39.830 19866 19953 I WM-Processor: Moving WorkSpec (a6284230-c59f-49c0-a8a2-0212031f7c98) to the foreground
09-09 09:17:39.833 19866 19953 D WM-WorkProgressUpdater: Updating progress for a6284230-c59f-49c0-a8a2-0212031f7c98 (Data {pct : 90, mode : file})
09-09 09:17:39.834 19866 19866 D WM-SystemFgDispatcher: Notifying with (id:10147, workSpecId: a6284230-c59f-49c0-a8a2-0212031f7c98, notificationType :1)
09-09 09:17:39.837 19866 19953 I WM-Processor: Moving WorkSpec (a6284230-c59f-49c0-a8a2-0212031f7c98) to the foreground
09-09 09:17:39.839 19866 19866 D WM-SystemFgDispatcher: Notifying with (id:10147, workSpecId: a6284230-c59f-49c0-a8a2-0212031f7c98, notificationType :1)
09-09 09:17:40.095 19866 19979 W GitHubUploader: uploadStream: 409 Conflict; refreshing SHA and retrying once.
09-09 09:17:40.101 19866 19955 D WM-WorkProgressUpdater: Updating progress for 958c4f46-2d2f-490e-8073-bf2bba750bfe (Data {pct : 55, mode : file})
09-09 09:17:40.110 19866 19955 I WM-Processor: Moving WorkSpec (958c4f46-2d2f-490e-8073-bf2bba750bfe) to the foreground
09-09 09:17:40.115 19866 19955 D WM-WorkProgressUpdater: Updating progress for 958c4f46-2d2f-490e-8073-bf2bba750bfe (Data {pct : 90, mode : file})
09-09 09:17:40.115 19866 19866 D WM-SystemFgDispatcher: Notifying with (id:6073, workSpecId: 958c4f46-2d2f-490e-8073-bf2bba750bfe, notificationType :1)
09-09 09:17:40.118 19866 19955 I WM-Processor: Moving WorkSpec (958c4f46-2d2f-490e-8073-bf2bba750bfe) to the foreground
09-09 09:17:40.124 19866 19866 D WM-SystemFgDispatcher: Notifying with (id:6073, workSpecId: 958c4f46-2d2f-490e-8073-bf2bba750bfe, notificationType :1)
09-09 09:17:40.240 19866 19982 W GitHubUploader: uploadStream: 409 Conflict; refreshing SHA and retrying once.
09-09 09:17:40.289 19866 19943 D WM-WorkProgressUpdater: Updating progress for 11239c36-3a75-4fb5-8bfc-4c2dc753cac6 (Data {pct : 43, mode : file})
09-09 09:17:40.303 19866 19943 I WM-Processor: Moving WorkSpec (11239c36-3a75-4fb5-8bfc-4c2dc753cac6) to the foreground
09-09 09:17:40.309 19866 19943 D WM-WorkProgressUpdater: Updating progress for 11239c36-3a75-4fb5-8bfc-4c2dc753cac6 (Data {pct : 76, mode : file})
09-09 09:17:40.309 19866 19866 D WM-SystemFgDispatcher: Notifying with (id:10720, workSpecId: 11239c36-3a75-4fb5-8bfc-4c2dc753cac6, notificationType :1)
09-09 09:17:40.314 19866 19943 I WM-Processor: Moving WorkSpec (11239c36-3a75-4fb5-8bfc-4c2dc753cac6) to the foreground
09-09 09:17:40.317 19866 19943 D WM-WorkProgressUpdater: Updating progress for 11239c36-3a75-4fb5-8bfc-4c2dc753cac6 (Data {pct : 90, mode : file})
09-09 09:17:40.320 19866 19866 D WM-SystemFgDispatcher: Notifying with (id:10720, workSpecId: 11239c36-3a75-4fb5-8bfc-4c2dc753cac6, notificationType :1)
09-09 09:17:40.322 19866 19943 I WM-Processor: Moving WorkSpec (11239c36-3a75-4fb5-8bfc-4c2dc753cac6) to the foreground
09-09 09:17:40.326 19866 19884 W com.negi.survey: userfaultfd: MOVE ioctl seems unsupported: Connection timed out
09-09 09:17:40.334 19866 19866 D WM-SystemFgDispatcher: Notifying with (id:10720, workSpecId: 11239c36-3a75-4fb5-8bfc-4c2dc753cac6, notificationType :1)
09-09 09:17:40.353 19866 19953 D WM-WorkProgressUpdater: Updating progress for 85427f44-6939-4877-a312-de0e9b036da6 (Data {pct : 43, mode : file})
09-09 09:17:40.357 19866 19953 I WM-Processor: Moving WorkSpec (85427f44-6939-4877-a312-de0e9b036da6) to the foreground
09-09 09:17:40.360 19866 19953 D WM-WorkProgressUpdater: Updating progress for 85427f44-6939-4877-a312-de0e9b036da6 (Data {pct : 76, mode : file})
09-09 09:17:40.363 19866 19953 I WM-Processor: Moving WorkSpec (85427f44-6939-4877-a312-de0e9b036da6) to the foreground
09-09 09:17:40.363 19866 19866 D WM-SystemFgDispatcher: Notifying with (id:6611, workSpecId: 85427f44-6939-4877-a312-de0e9b036da6, notificationType :1)
09-09 09:17:40.369 19866 19953 D WM-WorkProgressUpdater: Updating progress for 85427f44-6939-4877-a312-de0e9b036da6 (Data {pct : 90, mode : file})
09-09 09:17:40.369 19866 19866 D WM-SystemFgDispatcher: Notifying with (id:6611, workSpecId: 85427f44-6939-4877-a312-de0e9b036da6, notificationType :1)
09-09 09:17:40.369 19866 19866 W NotificationManager: Shedding notify (update) of NotificationKey[user=UserHandle{0}, pkg=com.negi.survey, tag=null, id=6611], rate limit (5.0) exceeded: input 39.880035, output would be 5.3848386
09-09 09:17:40.372 19866 19953 I WM-Processor: Moving WorkSpec (85427f44-6939-4877-a312-de0e9b036da6) to the foreground
09-09 09:17:40.382 19866 19866 D WM-SystemFgDispatcher: Notifying with (id:6611, workSpecId: 85427f44-6939-4877-a312-de0e9b036da6, notificationType :1)
09-09 09:17:40.447 19866 19983 D GitHubUploader: uploadStream: done url=https://github.com/ishizuki-tech/SurveyExports/blob/main/diagnostics/crash/2026-09-09/prevlog_20260909_011549_pid23640.log sha=60632d6e82faf5819249a5f2fa82b31744b6475e
09-09 09:17:40.448 19866 19955 D WM-WorkProgressUpdater: Updating progress for d083ffab-138a-4260-8ef0-dca6bc9df382 (Data {pct : 95, mode : file})
09-09 09:17:40.456 19866 19955 I WM-Processor: Moving WorkSpec (d083ffab-138a-4260-8ef0-dca6bc9df382) to the foreground
09-09 09:17:40.465 19866 19866 D WM-SystemFgDispatcher: Notifying with (id:6433, workSpecId: d083ffab-138a-4260-8ef0-dca6bc9df382, notificationType :1)
09-09 09:17:40.467 19866 19955 I WM-Processor: Moving WorkSpec (d083ffab-138a-4260-8ef0-dca6bc9df382) to the foreground
09-09 09:17:40.472 19866 19955 D WM-WorkProgressUpdater: Updating progress for b5b8f4c7-9da9-4636-bfc9-338ea83dac27 (Data {pct : 53, mode : file})
09-09 09:17:40.476 19866 19955 I WM-Processor: Moving WorkSpec (b5b8f4c7-9da9-4636-bfc9-338ea83dac27) to the foreground
09-09 09:17:40.478 19866 19955 D WM-WorkProgressUpdater: Updating progress for b5b8f4c7-9da9-4636-bfc9-338ea83dac27 (Data {pct : 90, mode : file})
09-09 09:17:40.481 19866 19955 I WM-Processor: Moving WorkSpec (b5b8f4c7-9da9-4636-bfc9-338ea83dac27) to the foreground
09-09 09:17:40.482 19866 19866 D WM-SystemFgDispatcher: Notifying with (id:6433, workSpecId: d083ffab-138a-4260-8ef0-dca6bc9df382, notificationType :1)
09-09 09:17:40.482 19866 19955 D WM-WorkProgressUpdater: Updating progress for 947e2253-13a3-4e00-9d09-4dfcfa0e55b9 (Data {pct : 43, mode : file})
09-09 09:17:40.485 19866 19955 I WM-Processor: Moving WorkSpec (947e2253-13a3-4e00-9d09-4dfcfa0e55b9) to the foreground
09-09 09:17:40.487 19866 19955 D WM-WorkProgressUpdater: Updating progress for 947e2253-13a3-4e00-9d09-4dfcfa0e55b9 (Data {pct : 76, mode : file})
09-09 09:17:40.490 19866 19955 I WM-Processor: Moving WorkSpec (947e2253-13a3-4e00-9d09-4dfcfa0e55b9) to the foreground
09-09 09:17:40.491 19866 19866 D WM-SystemFgDispatcher: Notifying with (id:4139, workSpecId: b5b8f4c7-9da9-4636-bfc9-338ea83dac27, notificationType :1)
09-09 09:17:40.492 19866 19955 D WM-WorkProgressUpdater: Updating progress for 947e2253-13a3-4e00-9d09-4dfcfa0e55b9 (Data {pct : 90, mode : file})
09-09 09:17:40.494 19866 19955 I WM-Processor: Moving WorkSpec (947e2253-13a3-4e00-9d09-4dfcfa0e55b9) to the foreground
09-09 09:17:40.499 19866 19866 D WM-SystemFgDispatcher: Notifying with (id:4139, workSpecId: b5b8f4c7-9da9-4636-bfc9-338ea83dac27, notificationType :1)
09-09 09:17:40.499 19866 19955 I WM-WorkerWrapper: Worker result SUCCESS for Work [ id=d083ffab-138a-4260-8ef0-dca6bc9df382, tags={ com.negi.survey.net.GitHubUploadWorker,github_upload,github_upload:crash:diagnostics_crash_prevlog_20260909_011549_pid23640.log_c3122ff } ]
09-09 09:17:40.502 19866 19866 D WM-SystemFgDispatcher: Notifying with (id:7904, workSpecId: 947e2253-13a3-4e00-9d09-4dfcfa0e55b9, notificationType :1)
09-09 09:17:40.506 19866 19866 D WM-SystemFgDispatcher: Notifying with (id:7904, workSpecId: 947e2253-13a3-4e00-9d09-4dfcfa0e55b9, notificationType :1)
09-09 09:17:40.509 19866 19866 D WM-SystemFgDispatcher: Notifying with (id:7904, workSpecId: 947e2253-13a3-4e00-9d09-4dfcfa0e55b9, notificationType :1)
09-09 09:17:40.512 19866 19866 D WM-Processor: Processor d083ffab-138a-4260-8ef0-dca6bc9df382 executed; reschedule = false
09-09 09:17:40.513 19866 19866 D WM-GreedyScheduler: Stopping tracking for WorkGenerationalId(workSpecId=d083ffab-138a-4260-8ef0-dca6bc9df382, generation=0)
09-09 09:17:40.515 19866 19866 D WM-SystemJobService: d083ffab-138a-4260-8ef0-dca6bc9df382 executed on JobScheduler
09-09 09:17:40.516 19866 19866 D WM-SystemFgDispatcher: Removing Notification (id: 6433, workSpecId: WorkGenerationalId(workSpecId=d083ffab-138a-4260-8ef0-dca6bc9df382, generation=0), notificationType: 1
09-09 09:17:40.517 19866 19943 D WM-GreedyScheduler: Cancelling work ID d083ffab-138a-4260-8ef0-dca6bc9df382
09-09 09:17:40.519 19866 19866 D WM-SystemJobService: onStopJob for WorkGenerationalId(workSpecId=d083ffab-138a-4260-8ef0-dca6bc9df382, generation=0)
09-09 09:17:40.671 19866 19990 W GitHubUploader: uploadStream: 409 Conflict; refreshing SHA and retrying once.
09-09 09:17:40.775 19866 19980 W GitHubUploader: uploadStream: 409 Conflict; refreshing SHA and retrying once.
09-09 09:17:40.777 19866 19953 D WM-WorkProgressUpdater: Updating progress for fa7228aa-4933-458a-b42e-330370e13f9d (Data {pct : 21, mode : file})
09-09 09:17:40.784 19866 19953 I WM-Processor: Moving WorkSpec (fa7228aa-4933-458a-b42e-330370e13f9d) to the foreground
09-09 09:17:40.789 19866 19953 D WM-WorkProgressUpdater: Updating progress for fa7228aa-4933-458a-b42e-330370e13f9d (Data {pct : 32, mode : file})
09-09 09:17:40.789 19866 19866 D WM-SystemFgDispatcher: Notifying with (id:5438, workSpecId: fa7228aa-4933-458a-b42e-330370e13f9d, notificationType :1)
09-09 09:17:40.797 19866 19953 I WM-Processor: Moving WorkSpec (fa7228aa-4933-458a-b42e-330370e13f9d) to the foreground
09-09 09:17:40.800 19866 19953 D WM-WorkProgressUpdater: Updating progress for fa7228aa-4933-458a-b42e-330370e13f9d (Data {pct : 44, mode : file})
09-09 09:17:40.800 19866 19866 D WM-SystemFgDispatcher: Notifying with (id:5438, workSpecId: fa7228aa-4933-458a-b42e-330370e13f9d, notificationType :1)
09-09 09:17:40.804 19866 19953 I WM-Processor: Moving WorkSpec (fa7228aa-4933-458a-b42e-330370e13f9d) to the foreground
09-09 09:17:40.806 19866 19953 D WM-WorkProgressUpdater: Updating progress for fa7228aa-4933-458a-b42e-330370e13f9d (Data {pct : 55, mode : file})
09-09 09:17:40.807 19866 19866 D WM-SystemFgDispatcher: Notifying with (id:5438, workSpecId: fa7228aa-4933-458a-b42e-330370e13f9d, notificationType :1)
09-09 09:17:40.809 19866 19953 I WM-Processor: Moving WorkSpec (fa7228aa-4933-458a-b42e-330370e13f9d) to the foreground
09-09 09:17:40.812 19866 19953 D WM-WorkProgressUpdater: Updating progress for fa7228aa-4933-458a-b42e-330370e13f9d (Data {pct : 66, mode : file})
09-09 09:17:40.812 19866 19866 D WM-SystemFgDispatcher: Notifying with (id:5438, workSpecId: fa7228aa-4933-458a-b42e-330370e13f9d, notificationType :1)
09-09 09:17:40.815 19866 19953 I WM-Processor: Moving WorkSpec (fa7228aa-4933-458a-b42e-330370e13f9d) to the foreground
09-09 09:17:40.817 19866 19953 D WM-WorkProgressUpdater: Updating progress for fa7228aa-4933-458a-b42e-330370e13f9d (Data {pct : 78, mode : file})
09-09 09:17:40.820 19866 19953 I WM-Processor: Moving WorkSpec (fa7228aa-4933-458a-b42e-330370e13f9d) to the foreground
09-09 09:17:40.821 19866 19866 D WM-SystemFgDispatcher: Notifying with (id:5438, workSpecId: fa7228aa-4933-458a-b42e-330370e13f9d, notificationType :1)
09-09 09:17:40.823 19866 19953 D WM-WorkProgressUpdater: Updating progress for fa7228aa-4933-458a-b42e-330370e13f9d (Data {pct : 89, mode : file})
09-09 09:17:40.825 19866 19866 D WM-SystemFgDispatcher: Notifying with (id:5438, workSpecId: fa7228aa-4933-458a-b42e-330370e13f9d, notificationType :1)
09-09 09:17:40.827 19866 19953 I WM-Processor: Moving WorkSpec (fa7228aa-4933-458a-b42e-330370e13f9d) to the foreground
09-09 09:17:40.830 19866 19953 D WM-WorkProgressUpdater: Updating progress for fa7228aa-4933-458a-b42e-330370e13f9d (Data {pct : 90, mode : file})
09-09 09:17:40.830 19866 19866 D WM-SystemFgDispatcher: Notifying with (id:5438, workSpecId: fa7228aa-4933-458a-b42e-330370e13f9d, notificationType :1)
09-09 09:17:40.834 19866 19953 I WM-Processor: Moving WorkSpec (fa7228aa-4933-458a-b42e-330370e13f9d) to the foreground
09-09 09:17:40.837 19866 19866 D WM-SystemFgDispatcher: Notifying with (id:5438, workSpecId: fa7228aa-4933-458a-b42e-330370e13f9d, notificationType :1)
09-09 09:17:40.877 19866 19952 D WM-WorkProgressUpdater: Updating progress for 86438b30-d0ff-415c-b707-a475aa6a34d7 (Data {pct : 15, mode : file})
09-09 09:17:40.891 19866 19952 I WM-Processor: Moving WorkSpec (86438b30-d0ff-415c-b707-a475aa6a34d7) to the foreground
09-09 09:17:40.895 19866 19984 W GitHubUploader: uploadStream: 409 Conflict; refreshing SHA and retrying once.
09-09 09:17:40.899 19866 19952 D WM-WorkProgressUpdater: Updating progress for 86438b30-d0ff-415c-b707-a475aa6a34d7 (Data {pct : 21, mode : file})
09-09 09:17:40.899 19866 19866 D WM-SystemFgDispatcher: Notifying with (id:4083, workSpecId: 86438b30-d0ff-415c-b707-a475aa6a34d7, notificationType :1)
09-09 09:17:40.910 19866 19952 I WM-Processor: Moving WorkSpec (86438b30-d0ff-415c-b707-a475aa6a34d7) to the foreground
09-09 09:17:40.914 19866 19866 D WM-SystemFgDispatcher: Notifying with (id:4083, workSpecId: 86438b30-d0ff-415c-b707-a475aa6a34d7, notificationType :1)
09-09 09:17:40.914 19866 19952 D WM-WorkProgressUpdater: Updating progress for 86438b30-d0ff-415c-b707-a475aa6a34d7 (Data {pct : 27, mode : file})
09-09 09:17:40.924 19866 19952 I WM-Processor: Moving WorkSpec (86438b30-d0ff-415c-b707-a475aa6a34d7) to the foreground
09-09 09:17:40.927 19866 19952 D WM-WorkProgressUpdater: Updating progress for 86438b30-d0ff-415c-b707-a475aa6a34d7 (Data {pct : 33, mode : file})
09-09 09:17:40.928 19866 19866 D WM-SystemFgDispatcher: Notifying with (id:4083, workSpecId: 86438b30-d0ff-415c-b707-a475aa6a34d7, notificationType :1)
09-09 09:17:40.932 19866 19952 I WM-Processor: Moving WorkSpec (86438b30-d0ff-415c-b707-a475aa6a34d7) to the foreground
09-09 09:17:40.933 19866 19952 D WM-WorkProgressUpdater: Updating progress for 86438b30-d0ff-415c-b707-a475aa6a34d7 (Data {pct : 39, mode : file})
09-09 09:17:40.934 19866 19866 D WM-SystemFgDispatcher: Notifying with (id:4083, workSpecId: 86438b30-d0ff-415c-b707-a475aa6a34d7, notificationType :1)
09-09 09:17:40.937 19866 19952 I WM-Processor: Moving WorkSpec (86438b30-d0ff-415c-b707-a475aa6a34d7) to the foreground
09-09 09:17:40.939 19866 19952 D WM-WorkProgressUpdater: Updating progress for 86438b30-d0ff-415c-b707-a475aa6a34d7 (Data {pct : 44, mode : file})
09-09 09:17:40.940 19866 19866 D WM-SystemFgDispatcher: Notifying with (id:4083, workSpecId: 86438b30-d0ff-415c-b707-a475aa6a34d7, notificationType :1)
09-09 09:17:40.942 19866 19952 I WM-Processor: Moving WorkSpec (86438b30-d0ff-415c-b707-a475aa6a34d7) to the foreground
09-09 09:17:40.944 19866 19952 D WM-WorkProgressUpdater: Updating progress for 86438b30-d0ff-415c-b707-a475aa6a34d7 (Data {pct : 50, mode : file})
09-09 09:17:40.946 19866 19866 D WM-SystemFgDispatcher: Notifying with (id:4083, workSpecId: 86438b30-d0ff-415c-b707-a475aa6a34d7, notificationType :1)
09-09 09:17:40.948 19866 19952 I WM-Processor: Moving WorkSpec (86438b30-d0ff-415c-b707-a475aa6a34d7) to the foreground
09-09 09:17:40.950 19866 19952 D WM-WorkProgressUpdater: Updating progress for 86438b30-d0ff-415c-b707-a475aa6a34d7 (Data {pct : 56, mode : file})
09-09 09:17:40.950 19866 19866 D WM-SystemFgDispatcher: Notifying with (id:4083, workSpecId: 86438b30-d0ff-415c-b707-a475aa6a34d7, notificationType :1)
09-09 09:17:40.953 19866 19952 I WM-Processor: Moving WorkSpec (86438b30-d0ff-415c-b707-a475aa6a34d7) to the foreground
09-09 09:17:40.955 19866 19952 D WM-WorkProgressUpdater: Updating progress for 86438b30-d0ff-415c-b707-a475aa6a34d7 (Data {pct : 62, mode : file})
09-09 09:17:40.956 19866 19866 D WM-SystemFgDispatcher: Notifying with (id:4083, workSpecId: 86438b30-d0ff-415c-b707-a475aa6a34d7, notificationType :1)
09-09 09:17:40.959 19866 19952 I WM-Processor: Moving WorkSpec (86438b30-d0ff-415c-b707-a475aa6a34d7) to the foreground
09-09 09:17:40.962 19866 19952 D WM-WorkProgressUpdater: Updating progress for 86438b30-d0ff-415c-b707-a475aa6a34d7 (Data {pct : 68, mode : file})
09-09 09:17:40.962 19866 19866 D WM-SystemFgDispatcher: Notifying with (id:4083, workSpecId: 86438b30-d0ff-415c-b707-a475aa6a34d7, notificationType :1)
09-09 09:17:40.965 19866 19952 I WM-Processor: Moving WorkSpec (86438b30-d0ff-415c-b707-a475aa6a34d7) to the foreground
09-09 09:17:40.968 19866 19952 D WM-WorkProgressUpdater: Updating progress for 86438b30-d0ff-415c-b707-a475aa6a34d7 (Data {pct : 74, mode : file})
09-09 09:17:40.969 19866 19866 D WM-SystemFgDispatcher: Notifying with (id:4083, workSpecId: 86438b30-d0ff-415c-b707-a475aa6a34d7, notificationType :1)
09-09 09:17:40.971 19866 19952 I WM-Processor: Moving WorkSpec (86438b30-d0ff-415c-b707-a475aa6a34d7) to the foreground
09-09 09:17:40.975 19866 19952 D WM-WorkProgressUpdater: Updating progress for 86438b30-d0ff-415c-b707-a475aa6a34d7 (Data {pct : 79, mode : file})
09-09 09:17:40.976 19866 19866 D WM-SystemFgDispatcher: Notifying with (id:4083, workSpecId: 86438b30-d0ff-415c-b707-a475aa6a34d7, notificationType :1)
09-09 09:17:40.979 19866 19952 I WM-Processor: Moving WorkSpec (86438b30-d0ff-415c-b707-a475aa6a34d7) to the foreground
09-09 09:17:40.982 19866 19952 D WM-WorkProgressUpdater: Updating progress for 86438b30-d0ff-415c-b707-a475aa6a34d7 (Data {pct : 85, mode : file})
09-09 09:17:40.983 19866 19866 D WM-SystemFgDispatcher: Notifying with (id:4083, workSpecId: 86438b30-d0ff-415c-b707-a475aa6a34d7, notificationType :1)
09-09 09:17:40.986 19866 19952 I WM-Processor: Moving WorkSpec (86438b30-d0ff-415c-b707-a475aa6a34d7) to the foreground
09-09 09:17:40.989 19866 19952 D WM-WorkProgressUpdater: Updating progress for 86438b30-d0ff-415c-b707-a475aa6a34d7 (Data {pct : 90, mode : file})
09-09 09:17:40.990 19866 19866 D WM-SystemFgDispatcher: Notifying with (id:4083, workSpecId: 86438b30-d0ff-415c-b707-a475aa6a34d7, notificationType :1)
09-09 09:17:40.992 19866 19952 I WM-Processor: Moving WorkSpec (86438b30-d0ff-415c-b707-a475aa6a34d7) to the foreground
09-09 09:17:40.996 19866 19866 D WM-SystemFgDispatcher: Notifying with (id:4083, workSpecId: 86438b30-d0ff-415c-b707-a475aa6a34d7, notificationType :1)
09-09 09:17:40.997 19866 19952 D WM-WorkProgressUpdater: Updating progress for 4abc1c4f-fd78-438c-9d9f-7643b66c35a6 (Data {pct : 43, mode : file})
09-09 09:17:41.000 19866 19952 I WM-Processor: Moving WorkSpec (4abc1c4f-fd78-438c-9d9f-7643b66c35a6) to the foreground
09-09 09:17:41.001 19866 19989 W GitHubUploader: uploadStream: 409 Conflict; refreshing SHA and retrying once.
09-09 09:17:41.002 19866 19952 D WM-WorkProgressUpdater: Updating progress for 4abc1c4f-fd78-438c-9d9f-7643b66c35a6 (Data {pct : 76, mode : file})
09-09 09:17:41.003 19866 19866 D WM-SystemFgDispatcher: Notifying with (id:6071, workSpecId: 4abc1c4f-fd78-438c-9d9f-7643b66c35a6, notificationType :1)
09-09 09:17:41.005 19866 19952 I WM-Processor: Moving WorkSpec (4abc1c4f-fd78-438c-9d9f-7643b66c35a6) to the foreground
09-09 09:17:41.008 19866 19952 D WM-WorkProgressUpdater: Updating progress for 4abc1c4f-fd78-438c-9d9f-7643b66c35a6 (Data {pct : 90, mode : file})
09-09 09:17:41.009 19866 19866 D WM-SystemFgDispatcher: Notifying with (id:6071, workSpecId: 4abc1c4f-fd78-438c-9d9f-7643b66c35a6, notificationType :1)
09-09 09:17:41.011 19866 19952 I WM-Processor: Moving WorkSpec (4abc1c4f-fd78-438c-9d9f-7643b66c35a6) to the foreground
09-09 09:17:41.014 19866 19952 D WM-WorkProgressUpdater: Updating progress for a6284230-c59f-49c0-a8a2-0212031f7c98 (Data {pct : 35, mode : file})
09-09 09:17:41.015 19866 19866 D WM-SystemFgDispatcher: Notifying with (id:6071, workSpecId: 4abc1c4f-fd78-438c-9d9f-7643b66c35a6, notificationType :1)
09-09 09:17:41.017 19866 19952 I WM-Processor: Moving WorkSpec (a6284230-c59f-49c0-a8a2-0212031f7c98) to the foreground
09-09 09:17:41.019 19866 19952 D WM-WorkProgressUpdater: Updating progress for a6284230-c59f-49c0-a8a2-0212031f7c98 (Data {pct : 60, mode : file})
09-09 09:17:41.020 19866 19866 D WM-SystemFgDispatcher: Notifying with (id:10147, workSpecId: a6284230-c59f-49c0-a8a2-0212031f7c98, notificationType :1)
09-09 09:17:41.022 19866 19952 I WM-Processor: Moving WorkSpec (a6284230-c59f-49c0-a8a2-0212031f7c98) to the foreground
09-09 09:17:41.024 19866 19952 D WM-WorkProgressUpdater: Updating progress for a6284230-c59f-49c0-a8a2-0212031f7c98 (Data {pct : 85, mode : file})
09-09 09:17:41.025 19866 19866 D WM-SystemFgDispatcher: Notifying with (id:10147, workSpecId: a6284230-c59f-49c0-a8a2-0212031f7c98, notificationType :1)
09-09 09:17:41.027 19866 19952 I WM-Processor: Moving WorkSpec (a6284230-c59f-49c0-a8a2-0212031f7c98) to the foreground
09-09 09:17:41.029 19866 19952 D WM-WorkProgressUpdater: Updating progress for a6284230-c59f-49c0-a8a2-0212031f7c98 (Data {pct : 90, mode : file})
09-09 09:17:41.030 19866 19866 D WM-SystemFgDispatcher: Notifying with (id:10147, workSpecId: a6284230-c59f-49c0-a8a2-0212031f7c98, notificationType :1)
09-09 09:17:41.036 19866 19952 I WM-Processor: Moving WorkSpec (a6284230-c59f-49c0-a8a2-0212031f7c98) to the foreground
09-09 09:17:41.039 19866 19866 D WM-SystemFgDispatcher: Notifying with (id:10147, workSpecId: a6284230-c59f-49c0-a8a2-0212031f7c98, notificationType :1)
09-09 09:17:41.108 19866 19955 D WM-WorkProgressUpdater: Updating progress for 2f1d2b8d-9876-4a59-844d-d71d6b8294a3 (Data {pct : 24, mode : file})
09-09 09:17:41.122 19866 19955 I WM-Processor: Moving WorkSpec (2f1d2b8d-9876-4a59-844d-d71d6b8294a3) to the foreground
09-09 09:17:41.128 19866 19955 D WM-WorkProgressUpdater: Updating progress for 2f1d2b8d-9876-4a59-844d-d71d6b8294a3 (Data {pct : 39, mode : file})
09-09 09:17:41.129 19866 19866 D WM-SystemFgDispatcher: Notifying with (id:4255, workSpecId: 2f1d2b8d-9876-4a59-844d-d71d6b8294a3, notificationType :1)
09-09 09:17:41.138 19866 19955 I WM-Processor: Moving WorkSpec (2f1d2b8d-9876-4a59-844d-d71d6b8294a3) to the foreground
09-09 09:17:41.142 19866 19955 D WM-WorkProgressUpdater: Updating progress for 2f1d2b8d-9876-4a59-844d-d71d6b8294a3 (Data {pct : 54, mode : file})
09-09 09:17:41.142 19866 19866 D WM-SystemFgDispatcher: Notifying with (id:4255, workSpecId: 2f1d2b8d-9876-4a59-844d-d71d6b8294a3, notificationType :1)
09-09 09:17:41.151 19866 19955 I WM-Processor: Moving WorkSpec (2f1d2b8d-9876-4a59-844d-d71d6b8294a3) to the foreground
09-09 09:17:41.154 19866 19955 D WM-WorkProgressUpdater: Updating progress for 2f1d2b8d-9876-4a59-844d-d71d6b8294a3 (Data {pct : 69, mode : file})
09-09 09:17:41.155 19866 19866 D WM-SystemFgDispatcher: Notifying with (id:4255, workSpecId: 2f1d2b8d-9876-4a59-844d-d71d6b8294a3, notificationType :1)
09-09 09:17:41.159 19866 19955 I WM-Processor: Moving WorkSpec (2f1d2b8d-9876-4a59-844d-d71d6b8294a3) to the foreground
09-09 09:17:41.162 19866 19955 D WM-WorkProgressUpdater: Updating progress for 2f1d2b8d-9876-4a59-844d-d71d6b8294a3 (Data {pct : 84, mode : file})
09-09 09:17:41.162 19866 19866 D WM-SystemFgDispatcher: Notifying with (id:4255, workSpecId: 2f1d2b8d-9876-4a59-844d-d71d6b8294a3, notificationType :1)
09-09 09:17:41.167 19866 19955 I WM-Processor: Moving WorkSpec (2f1d2b8d-9876-4a59-844d-d71d6b8294a3) to the foreground
09-09 09:17:41.170 19866 19955 D WM-WorkProgressUpdater: Updating progress for 2f1d2b8d-9876-4a59-844d-d71d6b8294a3 (Data {pct : 90, mode : file})
09-09 09:17:41.170 19866 19866 D WM-SystemFgDispatcher: Notifying with (id:4255, workSpecId: 2f1d2b8d-9876-4a59-844d-d71d6b8294a3, notificationType :1)
09-09 09:17:41.173 19866 19955 I WM-Processor: Moving WorkSpec (2f1d2b8d-9876-4a59-844d-d71d6b8294a3) to the foreground
09-09 09:17:41.175 19866 19866 D WM-SystemFgDispatcher: Notifying with (id:4255, workSpecId: 2f1d2b8d-9876-4a59-844d-d71d6b8294a3, notificationType :1)
09-09 09:17:41.205 19866 19953 D WM-WorkProgressUpdater: Updating progress for 352c9dac-1ab5-4c58-8204-fca2aee61690 (Data {pct : 13, mode : file})
09-09 09:17:41.218 19866 19953 I WM-Processor: Moving WorkSpec (352c9dac-1ab5-4c58-8204-fca2aee61690) to the foreground
09-09 09:17:41.228 19866 19953 D WM-WorkProgressUpdater: Updating progress for 352c9dac-1ab5-4c58-8204-fca2aee61690 (Data {pct : 16, mode : file})
09-09 09:17:41.229 19866 19866 D WM-SystemFgDispatcher: Notifying with (id:5900, workSpecId: 352c9dac-1ab5-4c58-8204-fca2aee61690, notificationType :1)
09-09 09:17:41.238 19866 19953 I WM-Processor: Moving WorkSpec (352c9dac-1ab5-4c58-8204-fca2aee61690) to the foreground
09-09 09:17:41.243 19866 19953 D WM-WorkProgressUpdater: Updating progress for 352c9dac-1ab5-4c58-8204-fca2aee61690 (Data {pct : 19, mode : file})
09-09 09:17:41.244 19866 19866 D WM-SystemFgDispatcher: Notifying with (id:5900, workSpecId: 352c9dac-1ab5-4c58-8204-fca2aee61690, notificationType :1)
09-09 09:17:41.253 19866 19953 I WM-Processor: Moving WorkSpec (352c9dac-1ab5-4c58-8204-fca2aee61690) to the foreground
09-09 09:17:41.255 19866 19991 D GitHubUploader: uploadStream: done url=https://github.com/ishizuki-tech/SurveyExports/blob/main/diagnostics/crash/2026-09-09/prevlog_20260909_011104_pid22513.log sha=bc0dbd2c1f349e444db3b7b56f980ae747560f27
09-09 09:17:41.259 19866 19866 D WM-SystemFgDispatcher: Notifying with (id:5900, workSpecId: 352c9dac-1ab5-4c58-8204-fca2aee61690, notificationType :1)
09-09 09:17:41.261 19866 19953 D WM-WorkProgressUpdater: Updating progress for 352c9dac-1ab5-4c58-8204-fca2aee61690 (Data {pct : 22, mode : file})
09-09 09:17:41.272 19866 19953 I WM-Processor: Moving WorkSpec (352c9dac-1ab5-4c58-8204-fca2aee61690) to the foreground
09-09 09:17:41.275 19866 19953 D WM-WorkProgressUpdater: Updating progress for 352c9dac-1ab5-4c58-8204-fca2aee61690 (Data {pct : 25, mode : file})
09-09 09:17:41.276 19866 19866 D WM-SystemFgDispatcher: Notifying with (id:5900, workSpecId: 352c9dac-1ab5-4c58-8204-fca2aee61690, notificationType :1)
09-09 09:17:41.278 19866 19953 I WM-Processor: Moving WorkSpec (352c9dac-1ab5-4c58-8204-fca2aee61690) to the foreground
09-09 09:17:41.280 19866 19953 D WM-WorkProgressUpdater: Updating progress for 352c9dac-1ab5-4c58-8204-fca2aee61690 (Data {pct : 28, mode : file})
09-09 09:17:41.281 19866 19866 D WM-SystemFgDispatcher: Notifying with (id:5900, workSpecId: 352c9dac-1ab5-4c58-8204-fca2aee61690, notificationType :1)
09-09 09:17:41.283 19866 19953 I WM-Processor: Moving WorkSpec (352c9dac-1ab5-4c58-8204-fca2aee61690) to the foreground
09-09 09:17:41.285 19866 19953 D WM-WorkProgressUpdater: Updating progress for 352c9dac-1ab5-4c58-8204-fca2aee61690 (Data {pct : 32, mode : file})
09-09 09:17:41.286 19866 19866 D WM-SystemFgDispatcher: Notifying with (id:5900, workSpecId: 352c9dac-1ab5-4c58-8204-fca2aee61690, notificationType :1)
09-09 09:17:41.288 19866 19953 I WM-Processor: Moving WorkSpec (352c9dac-1ab5-4c58-8204-fca2aee61690) to the foreground
09-09 09:17:41.291 19866 19953 D WM-WorkProgressUpdater: Updating progress for 352c9dac-1ab5-4c58-8204-fca2aee61690 (Data {pct : 35, mode : file})
09-09 09:17:41.292 19866 19866 D WM-SystemFgDispatcher: Notifying with (id:5900, workSpecId: 352c9dac-1ab5-4c58-8204-fca2aee61690, notificationType :1)
09-09 09:17:41.293 19866 19953 I WM-Processor: Moving WorkSpec (352c9dac-1ab5-4c58-8204-fca2aee61690) to the foreground
09-09 09:17:41.296 19866 19953 D WM-WorkProgressUpdater: Updating progress for 352c9dac-1ab5-4c58-8204-fca2aee61690 (Data {pct : 38, mode : file})
09-09 09:17:41.296 19866 19866 D WM-SystemFgDispatcher: Notifying with (id:5900, workSpecId: 352c9dac-1ab5-4c58-8204-fca2aee61690, notificationType :1)
09-09 09:17:41.298 19866 19953 I WM-Processor: Moving WorkSpec (352c9dac-1ab5-4c58-8204-fca2aee61690) to the foreground
09-09 09:17:41.300 19866 19953 D WM-WorkProgressUpdater: Updating progress for 352c9dac-1ab5-4c58-8204-fca2aee61690 (Data {pct : 41, mode : file})
09-09 09:17:41.301 19866 19866 D WM-SystemFgDispatcher: Notifying with (id:5900, workSpecId: 352c9dac-1ab5-4c58-8204-fca2aee61690, notificationType :1)
09-09 09:17:41.304 19866 19953 I WM-Processor: Moving WorkSpec (352c9dac-1ab5-4c58-8204-fca2aee61690) to the foreground
09-09 09:17:41.305 19866 19937 W GitHubUploader: uploadStream: 409 Conflict; refreshing SHA and retrying once.
09-09 09:17:41.305 19866 19953 D WM-WorkProgressUpdater: Updating progress for 352c9dac-1ab5-4c58-8204-fca2aee61690 (Data {pct : 44, mode : file})
09-09 09:17:41.308 19866 19953 I WM-Processor: Moving WorkSpec (352c9dac-1ab5-4c58-8204-fca2aee61690) to the foreground
09-09 09:17:41.313 19866 19866 D WM-SystemFgDispatcher: Notifying with (id:5900, workSpecId: 352c9dac-1ab5-4c58-8204-fca2aee61690, notificationType :1)
09-09 09:17:41.313 19866 19953 D WM-WorkProgressUpdater: Updating progress for 352c9dac-1ab5-4c58-8204-fca2aee61690 (Data {pct : 47, mode : file})
09-09 09:17:41.316 19866 19866 D WM-SystemFgDispatcher: Notifying with (id:5900, workSpecId: 352c9dac-1ab5-4c58-8204-fca2aee61690, notificationType :1)
09-09 09:17:41.317 19866 19953 I WM-Processor: Moving WorkSpec (352c9dac-1ab5-4c58-8204-fca2aee61690) to the foreground
09-09 09:17:41.320 19866 19953 D WM-WorkProgressUpdater: Updating progress for 352c9dac-1ab5-4c58-8204-fca2aee61690 (Data {pct : 51, mode : file})
09-09 09:17:41.321 19866 19866 D WM-SystemFgDispatcher: Notifying with (id:5900, workSpecId: 352c9dac-1ab5-4c58-8204-fca2aee61690, notificationType :1)
09-09 09:17:41.323 19866 19953 I WM-Processor: Moving WorkSpec (352c9dac-1ab5-4c58-8204-fca2aee61690) to the foreground
09-09 09:17:41.324 19866 19953 D WM-WorkProgressUpdater: Updating progress for 352c9dac-1ab5-4c58-8204-fca2aee61690 (Data {pct : 54, mode : file})
09-09 09:17:41.325 19866 19866 D WM-SystemFgDispatcher: Notifying with (id:5900, workSpecId: 352c9dac-1ab5-4c58-8204-fca2aee61690, notificationType :1)
09-09 09:17:41.327 19866 19953 I WM-Processor: Moving WorkSpec (352c9dac-1ab5-4c58-8204-fca2aee61690) to the foreground
09-09 09:17:41.329 19866 19953 D WM-WorkProgressUpdater: Updating progress for 352c9dac-1ab5-4c58-8204-fca2aee61690 (Data {pct : 57, mode : file})
09-09 09:17:41.330 19866 19866 D WM-SystemFgDispatcher: Notifying with (id:5900, workSpecId: 352c9dac-1ab5-4c58-8204-fca2aee61690, notificationType :1)
09-09 09:17:41.332 19866 19953 I WM-Processor: Moving WorkSpec (352c9dac-1ab5-4c58-8204-fca2aee61690) to the foreground
09-09 09:17:41.333 19866 19953 D WM-WorkProgressUpdater: Updating progress for 352c9dac-1ab5-4c58-8204-fca2aee61690 (Data {pct : 60, mode : file})
09-09 09:17:41.334 19866 19866 D WM-SystemFgDispatcher: Notifying with (id:5900, workSpecId: 352c9dac-1ab5-4c58-8204-fca2aee61690, notificationType :1)
09-09 09:17:41.337 19866 19953 I WM-Processor: Moving WorkSpec (352c9dac-1ab5-4c58-8204-fca2aee61690) to the foreground
09-09 09:17:41.339 19866 19953 D WM-WorkProgressUpdater: Updating progress for 352c9dac-1ab5-4c58-8204-fca2aee61690 (Data {pct : 63, mode : file})
09-09 09:17:41.340 19866 19866 D WM-SystemFgDispatcher: Notifying with (id:5900, workSpecId: 352c9dac-1ab5-4c58-8204-fca2aee61690, notificationType :1)
09-09 09:17:41.342 19866 19953 I WM-Processor: Moving WorkSpec (352c9dac-1ab5-4c58-8204-fca2aee61690) to the foreground
09-09 09:17:41.344 19866 19953 D WM-WorkProgressUpdater: Updating progress for 352c9dac-1ab5-4c58-8204-fca2aee61690 (Data {pct : 66, mode : file})
09-09 09:17:41.345 19866 19866 D WM-SystemFgDispatcher: Notifying with (id:5900, workSpecId: 352c9dac-1ab5-4c58-8204-fca2aee61690, notificationType :1)
09-09 09:17:41.347 19866 19953 I WM-Processor: Moving WorkSpec (352c9dac-1ab5-4c58-8204-fca2aee61690) to the foreground
09-09 09:17:41.349 19866 19953 D WM-WorkProgressUpdater: Updating progress for 352c9dac-1ab5-4c58-8204-fca2aee61690 (Data {pct : 69, mode : file})
09-09 09:17:41.350 19866 19866 D WM-SystemFgDispatcher: Notifying with (id:5900, workSpecId: 352c9dac-1ab5-4c58-8204-fca2aee61690, notificationType :1)
09-09 09:17:41.352 19866 19953 I WM-Processor: Moving WorkSpec (352c9dac-1ab5-4c58-8204-fca2aee61690) to the foreground
09-09 09:17:41.354 19866 19953 D WM-WorkProgressUpdater: Updating progress for 352c9dac-1ab5-4c58-8204-fca2aee61690 (Data {pct : 73, mode : file})
09-09 09:17:41.355 19866 19866 D WM-SystemFgDispatcher: Notifying with (id:5900, workSpecId: 352c9dac-1ab5-4c58-8204-fca2aee61690, notificationType :1)
09-09 09:17:41.358 19866 19953 I WM-Processor: Moving WorkSpec (352c9dac-1ab5-4c58-8204-fca2aee61690) to the foreground
09-09 09:17:41.360 19866 19953 D WM-WorkProgressUpdater: Updating progress for 352c9dac-1ab5-4c58-8204-fca2aee61690 (Data {pct : 76, mode : file})
09-09 09:17:41.361 19866 19866 D WM-SystemFgDispatcher: Notifying with (id:5900, workSpecId: 352c9dac-1ab5-4c58-8204-fca2aee61690, notificationType :1)
09-09 09:17:41.363 19866 19953 I WM-Processor: Moving WorkSpec (352c9dac-1ab5-4c58-8204-fca2aee61690) to the foreground
09-09 09:17:41.365 19866 19953 D WM-WorkProgressUpdater: Updating progress for 352c9dac-1ab5-4c58-8204-fca2aee61690 (Data {pct : 79, mode : file})
09-09 09:17:41.366 19866 19866 D WM-SystemFgDispatcher: Notifying with (id:5900, workSpecId: 352c9dac-1ab5-4c58-8204-fca2aee61690, notificationType :1)
09-09 09:17:41.368 19866 19953 I WM-Processor: Moving WorkSpec (352c9dac-1ab5-4c58-8204-fca2aee61690) to the foreground
09-09 09:17:41.371 19866 19953 D WM-WorkProgressUpdater: Updating progress for 352c9dac-1ab5-4c58-8204-fca2aee61690 (Data {pct : 82, mode : file})
09-09 09:17:41.372 19866 19866 D WM-SystemFgDispatcher: Notifying with (id:5900, workSpecId: 352c9dac-1ab5-4c58-8204-fca2aee61690, notificationType :1)
09-09 09:17:41.372 19866 19866 W NotificationManager: Shedding notify (update) of NotificationKey[user=UserHandle{0}, pkg=com.negi.survey, tag=null, id=5900], rate limit (5.0) exceeded: input 264.60028, output would be 6.1866317
09-09 09:17:41.374 19866 19953 I WM-Processor: Moving WorkSpec (352c9dac-1ab5-4c58-8204-fca2aee61690) to the foreground
09-09 09:17:41.376 19866 19953 D WM-WorkProgressUpdater: Updating progress for 352c9dac-1ab5-4c58-8204-fca2aee61690 (Data {pct : 85, mode : file})
09-09 09:17:41.376 19866 19866 D WM-SystemFgDispatcher: Notifying with (id:5900, workSpecId: 352c9dac-1ab5-4c58-8204-fca2aee61690, notificationType :1)
09-09 09:17:41.379 19866 19953 I WM-Processor: Moving WorkSpec (352c9dac-1ab5-4c58-8204-fca2aee61690) to the foreground
09-09 09:17:41.382 19866 19953 D WM-WorkProgressUpdater: Updating progress for 352c9dac-1ab5-4c58-8204-fca2aee61690 (Data {pct : 88, mode : file})
09-09 09:17:41.382 19866 19866 D WM-SystemFgDispatcher: Notifying with (id:5900, workSpecId: 352c9dac-1ab5-4c58-8204-fca2aee61690, notificationType :1)
09-09 09:17:41.385 19866 19953 I WM-Processor: Moving WorkSpec (352c9dac-1ab5-4c58-8204-fca2aee61690) to the foreground
09-09 09:17:41.387 19866 19953 D WM-WorkProgressUpdater: Updating progress for 352c9dac-1ab5-4c58-8204-fca2aee61690 (Data {pct : 90, mode : file})
09-09 09:17:41.387 19866 19866 D WM-SystemFgDispatcher: Notifying with (id:5900, workSpecId: 352c9dac-1ab5-4c58-8204-fca2aee61690, notificationType :1)
09-09 09:17:41.392 19866 19953 I WM-Processor: Moving WorkSpec (352c9dac-1ab5-4c58-8204-fca2aee61690) to the foreground
09-09 09:17:41.395 19866 19866 D WM-SystemFgDispatcher: Notifying with (id:5900, workSpecId: 352c9dac-1ab5-4c58-8204-fca2aee61690, notificationType :1)
09-09 09:17:41.395 19866 19953 D WM-WorkProgressUpdater: Updating progress for 3699a099-5b72-4c09-b6e9-be1ffb6547b0 (Data {pct : 27, mode : file})
09-09 09:17:41.399 19866 19953 I WM-Processor: Moving WorkSpec (3699a099-5b72-4c09-b6e9-be1ffb6547b0) to the foreground
09-09 09:17:41.401 19866 19953 D WM-WorkProgressUpdater: Updating progress for 3699a099-5b72-4c09-b6e9-be1ffb6547b0 (Data {pct : 44, mode : file})
09-09 09:17:41.401 19866 19866 D WM-SystemFgDispatcher: Notifying with (id:9658, workSpecId: 3699a099-5b72-4c09-b6e9-be1ffb6547b0, notificationType :1)
09-09 09:17:41.404 19866 19953 I WM-Processor: Moving WorkSpec (3699a099-5b72-4c09-b6e9-be1ffb6547b0) to the foreground
09-09 09:17:41.405 19866 19953 D WM-WorkProgressUpdater: Updating progress for 3699a099-5b72-4c09-b6e9-be1ffb6547b0 (Data {pct : 62, mode : file})
09-09 09:17:41.406 19866 19866 D WM-SystemFgDispatcher: Notifying with (id:9658, workSpecId: 3699a099-5b72-4c09-b6e9-be1ffb6547b0, notificationType :1)
09-09 09:17:41.408 19866 19953 I WM-Processor: Moving WorkSpec (3699a099-5b72-4c09-b6e9-be1ffb6547b0) to the foreground
09-09 09:17:41.412 19866 19953 D WM-WorkProgressUpdater: Updating progress for 3699a099-5b72-4c09-b6e9-be1ffb6547b0 (Data {pct : 79, mode : file})
09-09 09:17:41.412 19866 19866 D WM-SystemFgDispatcher: Notifying with (id:9658, workSpecId: 3699a099-5b72-4c09-b6e9-be1ffb6547b0, notificationType :1)
09-09 09:17:41.415 19866 19953 I WM-Processor: Moving WorkSpec (3699a099-5b72-4c09-b6e9-be1ffb6547b0) to the foreground
09-09 09:17:41.416 19866 19953 D WM-WorkProgressUpdater: Updating progress for 3699a099-5b72-4c09-b6e9-be1ffb6547b0 (Data {pct : 90, mode : file})
09-09 09:17:41.417 19866 19866 D WM-SystemFgDispatcher: Notifying with (id:9658, workSpecId: 3699a099-5b72-4c09-b6e9-be1ffb6547b0, notificationType :1)
09-09 09:17:41.420 19866 19953 I WM-Processor: Moving WorkSpec (3699a099-5b72-4c09-b6e9-be1ffb6547b0) to the foreground
09-09 09:17:41.422 19866 19953 D WM-WorkProgressUpdater: Updating progress for 958c4f46-2d2f-490e-8073-bf2bba750bfe (Data {pct : 95, mode : file})
09-09 09:17:41.423 19866 19866 D WM-SystemFgDispatcher: Notifying with (id:9658, workSpecId: 3699a099-5b72-4c09-b6e9-be1ffb6547b0, notificationType :1)
09-09 09:17:41.425 19866 19953 I WM-Processor: Moving WorkSpec (958c4f46-2d2f-490e-8073-bf2bba750bfe) to the foreground
09-09 09:17:41.429 19866 19866 D WM-SystemFgDispatcher: Notifying with (id:6073, workSpecId: 958c4f46-2d2f-490e-8073-bf2bba750bfe, notificationType :1)
09-09 09:17:41.429 19866 19953 I WM-Processor: Moving WorkSpec (958c4f46-2d2f-490e-8073-bf2bba750bfe) to the foreground
09-09 09:17:41.433 19866 19953 I WM-WorkerWrapper: Worker result SUCCESS for Work [ id=958c4f46-2d2f-490e-8073-bf2bba750bfe, tags={ com.negi.survey.net.GitHubUploadWorker,github_upload,github_upload:crash:diagnostics_crash_prevlog_20260909_011104_pid22513.log_136b66ea } ]
09-09 09:17:41.434 19866 19866 D WM-SystemFgDispatcher: Notifying with (id:6073, workSpecId: 958c4f46-2d2f-490e-8073-bf2bba750bfe, notificationType :1)
09-09 09:17:41.443 19866 19866 D WM-Processor: Processor 958c4f46-2d2f-490e-8073-bf2bba750bfe executed; reschedule = false
09-09 09:17:41.443 19866 19866 D WM-GreedyScheduler: Stopping tracking for WorkGenerationalId(workSpecId=958c4f46-2d2f-490e-8073-bf2bba750bfe, generation=0)
09-09 09:17:41.446 19866 19866 D WM-SystemJobService: 958c4f46-2d2f-490e-8073-bf2bba750bfe executed on JobScheduler
09-09 09:17:41.447 19866 19866 D WM-SystemFgDispatcher: Removing Notification (id: 6073, workSpecId: WorkGenerationalId(workSpecId=958c4f46-2d2f-490e-8073-bf2bba750bfe, generation=0), notificationType: 1
09-09 09:17:41.447 19866 19952 D WM-GreedyScheduler: Cancelling work ID 958c4f46-2d2f-490e-8073-bf2bba750bfe
09-09 09:17:41.560 19866 19952 D WM-WorkProgressUpdater: Updating progress for 11239c36-3a75-4fb5-8bfc-4c2dc753cac6 (Data {pct : 43, mode : file})
09-09 09:17:41.574 19866 19952 I WM-Processor: Moving WorkSpec (11239c36-3a75-4fb5-8bfc-4c2dc753cac6) to the foreground
09-09 09:17:41.584 19866 19952 D WM-WorkProgressUpdater: Updating progress for 11239c36-3a75-4fb5-8bfc-4c2dc753cac6 (Data {pct : 76, mode : file})
09-09 09:17:41.585 19866 19866 D WM-SystemFgDispatcher: Notifying with (id:10720, workSpecId: 11239c36-3a75-4fb5-8bfc-4c2dc753cac6, notificationType :1)
09-09 09:17:41.593 19866 19952 I WM-Processor: Moving WorkSpec (11239c36-3a75-4fb5-8bfc-4c2dc753cac6) to the foreground
09-09 09:17:41.598 19866 19952 D WM-WorkProgressUpdater: Updating progress for 11239c36-3a75-4fb5-8bfc-4c2dc753cac6 (Data {pct : 90, mode : file})
09-09 09:17:41.601 19866 19866 D WM-SystemFgDispatcher: Notifying with (id:10720, workSpecId: 11239c36-3a75-4fb5-8bfc-4c2dc753cac6, notificationType :1)
09-09 09:17:41.608 19866 19985 W GitHubUploader: uploadStream: 409 Conflict; refreshing SHA and retrying once.
09-09 09:17:41.609 19866 19952 I WM-Processor: Moving WorkSpec (11239c36-3a75-4fb5-8bfc-4c2dc753cac6) to the foreground
09-09 09:17:41.614 19866 19866 D WM-SystemFgDispatcher: Notifying with (id:10720, workSpecId: 11239c36-3a75-4fb5-8bfc-4c2dc753cac6, notificationType :1)
09-09 09:17:41.836 19866 19953 D WM-WorkProgressUpdater: Updating progress for 947e2253-13a3-4e00-9d09-4dfcfa0e55b9 (Data {pct : 43, mode : file})
09-09 09:17:41.844 19866 19953 I WM-Processor: Moving WorkSpec (947e2253-13a3-4e00-9d09-4dfcfa0e55b9) to the foreground
09-09 09:17:41.848 19866 19953 D WM-WorkProgressUpdater: Updating progress for 947e2253-13a3-4e00-9d09-4dfcfa0e55b9 (Data {pct : 76, mode : file})
09-09 09:17:41.849 19866 19866 D WM-SystemFgDispatcher: Notifying with (id:7904, workSpecId: 947e2253-13a3-4e00-9d09-4dfcfa0e55b9, notificationType :1)
09-09 09:17:41.857 19866 19953 I WM-Processor: Moving WorkSpec (947e2253-13a3-4e00-9d09-4dfcfa0e55b9) to the foreground
09-09 09:17:41.861 19866 19866 D WM-SystemFgDispatcher: Notifying with (id:7904, workSpecId: 947e2253-13a3-4e00-9d09-4dfcfa0e55b9, notificationType :1)
09-09 09:17:41.861 19866 19953 D WM-WorkProgressUpdater: Updating progress for 947e2253-13a3-4e00-9d09-4dfcfa0e55b9 (Data {pct : 90, mode : file})
09-09 09:17:41.866 19866 19953 I WM-Processor: Moving WorkSpec (947e2253-13a3-4e00-9d09-4dfcfa0e55b9) to the foreground
09-09 09:17:41.869 19866 19866 D WM-SystemFgDispatcher: Notifying with (id:7904, workSpecId: 947e2253-13a3-4e00-9d09-4dfcfa0e55b9, notificationType :1)
09-09 09:17:41.894 19866 19976 W GitHubUploader: uploadStream: 409 Conflict; refreshing SHA and retrying once.
09-09 09:17:41.911 19866 19980 D GitHubUploader: uploadStream: done url=https://github.com/ishizuki-tech/SurveyExports/blob/main/diagnostics/crash/2026-09-09/prevlog_20260909_011931_pid24082.log sha=29809e91448a59fb975dc7fa01abf597d14a23e9
09-09 09:17:41.913 19866 19943 D WM-WorkProgressUpdater: Updating progress for a6284230-c59f-49c0-a8a2-0212031f7c98 (Data {pct : 95, mode : file})
09-09 09:17:41.916 19866 19943 I WM-Processor: Moving WorkSpec (a6284230-c59f-49c0-a8a2-0212031f7c98) to the foreground
09-09 09:17:41.921 19866 19866 D WM-SystemFgDispatcher: Notifying with (id:10147, workSpecId: a6284230-c59f-49c0-a8a2-0212031f7c98, notificationType :1)
09-09 09:17:41.922 19866 19943 I WM-Processor: Moving WorkSpec (a6284230-c59f-49c0-a8a2-0212031f7c98) to the foreground
09-09 09:17:41.925 19866 19866 D WM-SystemFgDispatcher: Notifying with (id:10147, workSpecId: a6284230-c59f-49c0-a8a2-0212031f7c98, notificationType :1)
09-09 09:17:41.927 19866 19943 I WM-WorkerWrapper: Worker result SUCCESS for Work [ id=a6284230-c59f-49c0-a8a2-0212031f7c98, tags={ com.negi.survey.net.GitHubUploadWorker,github_upload,github_upload:crash:diagnostics_crash_prevlog_20260909_011931_pid24082.log_5b1a3e19 } ]
09-09 09:17:41.931 19866 19866 D WM-Processor: Processor a6284230-c59f-49c0-a8a2-0212031f7c98 executed; reschedule = false
09-09 09:17:41.931 19866 19866 D WM-GreedyScheduler: Stopping tracking for WorkGenerationalId(workSpecId=a6284230-c59f-49c0-a8a2-0212031f7c98, generation=0)
09-09 09:17:41.932 19866 19866 D WM-SystemJobService: a6284230-c59f-49c0-a8a2-0212031f7c98 executed on JobScheduler
09-09 09:17:41.933 19866 19866 D WM-SystemFgDispatcher: Removing Notification (id: 10147, workSpecId: WorkGenerationalId(workSpecId=a6284230-c59f-49c0-a8a2-0212031f7c98, generation=0), notificationType: 1
09-09 09:17:41.939 19866 19866 D WM-SystemJobService: onStartJob for WorkGenerationalId(workSpecId=947e2253-13a3-4e00-9d09-4dfcfa0e55b9, generation=0)
09-09 09:17:41.942 19866 19943 D WM-GreedyScheduler: Cancelling work ID a6284230-c59f-49c0-a8a2-0212031f7c98
09-09 09:17:41.962 19866 19943 D WM-Processor: Work WorkGenerationalId(workSpecId=947e2253-13a3-4e00-9d09-4dfcfa0e55b9, generation=0) is already enqueued for processing
09-09 09:17:42.080 19866 19952 D WM-WorkProgressUpdater: Updating progress for fa7228aa-4933-458a-b42e-330370e13f9d (Data {pct : 21, mode : file})
09-09 09:17:42.089 19866 19952 I WM-Processor: Moving WorkSpec (fa7228aa-4933-458a-b42e-330370e13f9d) to the foreground
09-09 09:17:42.096 19866 19952 D WM-WorkProgressUpdater: Updating progress for fa7228aa-4933-458a-b42e-330370e13f9d (Data {pct : 32, mode : file})
09-09 09:17:42.098 19866 19866 D WM-SystemFgDispatcher: Notifying with (id:5438, workSpecId: fa7228aa-4933-458a-b42e-330370e13f9d, notificationType :1)
09-09 09:17:42.105 19866 19952 I WM-Processor: Moving WorkSpec (fa7228aa-4933-458a-b42e-330370e13f9d) to the foreground
09-09 09:17:42.111 19866 19952 D WM-WorkProgressUpdater: Updating progress for fa7228aa-4933-458a-b42e-330370e13f9d (Data {pct : 44, mode : file})
09-09 09:17:42.113 19866 19866 D WM-SystemFgDispatcher: Notifying with (id:5438, workSpecId: fa7228aa-4933-458a-b42e-330370e13f9d, notificationType :1)
09-09 09:17:42.120 19866 19952 I WM-Processor: Moving WorkSpec (fa7228aa-4933-458a-b42e-330370e13f9d) to the foreground
09-09 09:17:42.124 19866 19952 D WM-WorkProgressUpdater: Updating progress for fa7228aa-4933-458a-b42e-330370e13f9d (Data {pct : 55, mode : file})
09-09 09:17:42.124 19866 19866 D WM-SystemFgDispatcher: Notifying with (id:5438, workSpecId: fa7228aa-4933-458a-b42e-330370e13f9d, notificationType :1)
09-09 09:17:42.131 19866 19952 I WM-Processor: Moving WorkSpec (fa7228aa-4933-458a-b42e-330370e13f9d) to the foreground
09-09 09:17:42.134 19866 19866 D WM-SystemFgDispatcher: Notifying with (id:5438, workSpecId: fa7228aa-4933-458a-b42e-330370e13f9d, notificationType :1)
09-09 09:17:42.135 19866 19952 D WM-WorkProgressUpdater: Updating progress for fa7228aa-4933-458a-b42e-330370e13f9d (Data {pct : 66, mode : file})
09-09 09:17:42.140 19866 19952 I WM-Processor: Moving WorkSpec (fa7228aa-4933-458a-b42e-330370e13f9d) to the foreground
09-09 09:17:42.142 19866 19952 D WM-WorkProgressUpdater: Updating progress for fa7228aa-4933-458a-b42e-330370e13f9d (Data {pct : 78, mode : file})
09-09 09:17:42.143 19866 19866 D WM-SystemFgDispatcher: Notifying with (id:5438, workSpecId: fa7228aa-4933-458a-b42e-330370e13f9d, notificationType :1)
09-09 09:17:42.145 19866 19952 I WM-Processor: Moving WorkSpec (fa7228aa-4933-458a-b42e-330370e13f9d) to the foreground
09-09 09:17:42.147 19866 19952 D WM-WorkProgressUpdater: Updating progress for fa7228aa-4933-458a-b42e-330370e13f9d (Data {pct : 89, mode : file})
09-09 09:17:42.148 19866 19866 D WM-SystemFgDispatcher: Notifying with (id:5438, workSpecId: fa7228aa-4933-458a-b42e-330370e13f9d, notificationType :1)
09-09 09:17:42.150 19866 19952 I WM-Processor: Moving WorkSpec (fa7228aa-4933-458a-b42e-330370e13f9d) to the foreground
09-09 09:17:42.152 19866 19952 D WM-WorkProgressUpdater: Updating progress for fa7228aa-4933-458a-b42e-330370e13f9d (Data {pct : 90, mode : file})
09-09 09:17:42.155 19866 19866 D WM-SystemFgDispatcher: Notifying with (id:5438, workSpecId: fa7228aa-4933-458a-b42e-330370e13f9d, notificationType :1)
09-09 09:17:42.156 19866 19952 I WM-Processor: Moving WorkSpec (fa7228aa-4933-458a-b42e-330370e13f9d) to the foreground
09-09 09:17:42.156 19866 19983 W GitHubUploader: uploadStream: 409 Conflict; refreshing SHA and retrying once.
09-09 09:17:42.161 19866 19866 D WM-SystemFgDispatcher: Notifying with (id:5438, workSpecId: fa7228aa-4933-458a-b42e-330370e13f9d, notificationType :1)
09-09 09:17:42.253 19866 19974 W GitHubUploader: uploadStream: 409 Conflict; refreshing SHA and retrying once.
09-09 09:17:42.300 19866 19943 D WM-WorkProgressUpdater: Updating progress for 85427f44-6939-4877-a312-de0e9b036da6 (Data {pct : 43, mode : file})
09-09 09:17:42.314 19866 19943 I WM-Processor: Moving WorkSpec (85427f44-6939-4877-a312-de0e9b036da6) to the foreground
09-09 09:17:42.318 19866 19943 D WM-WorkProgressUpdater: Updating progress for 85427f44-6939-4877-a312-de0e9b036da6 (Data {pct : 76, mode : file})
09-09 09:17:42.319 19866 19866 D WM-SystemFgDispatcher: Notifying with (id:6611, workSpecId: 85427f44-6939-4877-a312-de0e9b036da6, notificationType :1)
09-09 09:17:42.323 19866 19943 I WM-Processor: Moving WorkSpec (85427f44-6939-4877-a312-de0e9b036da6) to the foreground
09-09 09:17:42.326 19866 19943 D WM-WorkProgressUpdater: Updating progress for 85427f44-6939-4877-a312-de0e9b036da6 (Data {pct : 90, mode : file})
09-09 09:17:42.330 19866 19866 D WM-SystemFgDispatcher: Notifying with (id:6611, workSpecId: 85427f44-6939-4877-a312-de0e9b036da6, notificationType :1)
09-09 09:17:42.331 19866 19943 I WM-Processor: Moving WorkSpec (85427f44-6939-4877-a312-de0e9b036da6) to the foreground
09-09 09:17:42.335 19866 19866 D WM-SystemFgDispatcher: Notifying with (id:6611, workSpecId: 85427f44-6939-4877-a312-de0e9b036da6, notificationType :1)
09-09 09:17:42.446 19866 19953 D WM-WorkProgressUpdater: Updating progress for b5b8f4c7-9da9-4636-bfc9-338ea83dac27 (Data {pct : 53, mode : file})
09-09 09:17:42.459 19866 19953 I WM-Processor: Moving WorkSpec (b5b8f4c7-9da9-4636-bfc9-338ea83dac27) to the foreground
09-09 09:17:42.468 19866 19953 D WM-WorkProgressUpdater: Updating progress for b5b8f4c7-9da9-4636-bfc9-338ea83dac27 (Data {pct : 90, mode : file})
09-09 09:17:42.469 19866 19866 D WM-SystemFgDispatcher: Notifying with (id:4139, workSpecId: b5b8f4c7-9da9-4636-bfc9-338ea83dac27, notificationType :1)
09-09 09:17:42.478 19866 19953 I WM-Processor: Moving WorkSpec (b5b8f4c7-9da9-4636-bfc9-338ea83dac27) to the foreground
09-09 09:17:42.484 19866 19866 D WM-SystemFgDispatcher: Notifying with (id:4139, workSpecId: b5b8f4c7-9da9-4636-bfc9-338ea83dac27, notificationType :1)
09-09 09:17:42.485 19866 19866 W NotificationManager: Shedding notify (update) of NotificationKey[user=UserHandle{0}, pkg=com.negi.survey, tag=null, id=4139], rate limit (5.0) exceeded: input 29.476522, output would be 6.6189327
09-09 09:17:42.581 19866 19987 W GitHubUploader: uploadStream: 409 Conflict; refreshing SHA and retrying once.
09-09 09:17:42.648 19866 19952 D WM-WorkProgressUpdater: Updating progress for 86438b30-d0ff-415c-b707-a475aa6a34d7 (Data {pct : 15, mode : file})
09-09 09:17:42.661 19866 19952 I WM-Processor: Moving WorkSpec (86438b30-d0ff-415c-b707-a475aa6a34d7) to the foreground
09-09 09:17:42.667 19866 19866 D WM-SystemFgDispatcher: Notifying with (id:4083, workSpecId: 86438b30-d0ff-415c-b707-a475aa6a34d7, notificationType :1)
09-09 09:17:42.669 19866 19952 D WM-WorkProgressUpdater: Updating progress for 86438b30-d0ff-415c-b707-a475aa6a34d7 (Data {pct : 21, mode : file})
09-09 09:17:42.688 19866 19952 I WM-Processor: Moving WorkSpec (86438b30-d0ff-415c-b707-a475aa6a34d7) to the foreground
09-09 09:17:42.691 19866 19952 D WM-WorkProgressUpdater: Updating progress for 86438b30-d0ff-415c-b707-a475aa6a34d7 (Data {pct : 27, mode : file})
09-09 09:17:42.692 19866 19866 D WM-SystemFgDispatcher: Notifying with (id:4083, workSpecId: 86438b30-d0ff-415c-b707-a475aa6a34d7, notificationType :1)
09-09 09:17:42.694 19866 19952 I WM-Processor: Moving WorkSpec (86438b30-d0ff-415c-b707-a475aa6a34d7) to the foreground
09-09 09:17:42.696 19866 19952 D WM-WorkProgressUpdater: Updating progress for 86438b30-d0ff-415c-b707-a475aa6a34d7 (Data {pct : 33, mode : file})
09-09 09:17:42.697 19866 19866 D WM-SystemFgDispatcher: Notifying with (id:4083, workSpecId: 86438b30-d0ff-415c-b707-a475aa6a34d7, notificationType :1)
09-09 09:17:42.700 19866 19952 I WM-Processor: Moving WorkSpec (86438b30-d0ff-415c-b707-a475aa6a34d7) to the foreground
09-09 09:17:42.703 19866 19952 D WM-WorkProgressUpdater: Updating progress for 86438b30-d0ff-415c-b707-a475aa6a34d7 (Data {pct : 39, mode : file})
09-09 09:17:42.703 19866 19866 D WM-SystemFgDispatcher: Notifying with (id:4083, workSpecId: 86438b30-d0ff-415c-b707-a475aa6a34d7, notificationType :1)
09-09 09:17:42.711 19866 19952 I WM-Processor: Moving WorkSpec (86438b30-d0ff-415c-b707-a475aa6a34d7) to the foreground
09-09 09:17:42.715 19866 19952 D WM-WorkProgressUpdater: Updating progress for 86438b30-d0ff-415c-b707-a475aa6a34d7 (Data {pct : 44, mode : file})
09-09 09:17:42.716 19866 19866 D WM-SystemFgDispatcher: Notifying with (id:4083, workSpecId: 86438b30-d0ff-415c-b707-a475aa6a34d7, notificationType :1)
09-09 09:17:42.722 19866 19952 I WM-Processor: Moving WorkSpec (86438b30-d0ff-415c-b707-a475aa6a34d7) to the foreground
09-09 09:17:42.726 19866 19952 D WM-WorkProgressUpdater: Updating progress for 86438b30-d0ff-415c-b707-a475aa6a34d7 (Data {pct : 50, mode : file})
09-09 09:17:42.726 19866 19866 D WM-SystemFgDispatcher: Notifying with (id:4083, workSpecId: 86438b30-d0ff-415c-b707-a475aa6a34d7, notificationType :1)
09-09 09:17:42.734 19866 19952 I WM-Processor: Moving WorkSpec (86438b30-d0ff-415c-b707-a475aa6a34d7) to the foreground
09-09 09:17:42.737 19866 19952 D WM-WorkProgressUpdater: Updating progress for 86438b30-d0ff-415c-b707-a475aa6a34d7 (Data {pct : 56, mode : file})
09-09 09:17:42.738 19866 19866 D WM-SystemFgDispatcher: Notifying with (id:4083, workSpecId: 86438b30-d0ff-415c-b707-a475aa6a34d7, notificationType :1)
09-09 09:17:42.745 19866 19952 I WM-Processor: Moving WorkSpec (86438b30-d0ff-415c-b707-a475aa6a34d7) to the foreground
09-09 09:17:42.749 19866 19952 D WM-WorkProgressUpdater: Updating progress for 86438b30-d0ff-415c-b707-a475aa6a34d7 (Data {pct : 62, mode : file})
09-09 09:17:42.749 19866 19866 D WM-SystemFgDispatcher: Notifying with (id:4083, workSpecId: 86438b30-d0ff-415c-b707-a475aa6a34d7, notificationType :1)
09-09 09:17:42.756 19866 19952 I WM-Processor: Moving WorkSpec (86438b30-d0ff-415c-b707-a475aa6a34d7) to the foreground
09-09 09:17:42.758 19866 19952 D WM-WorkProgressUpdater: Updating progress for 86438b30-d0ff-415c-b707-a475aa6a34d7 (Data {pct : 68, mode : file})
09-09 09:17:42.758 19866 19866 D WM-SystemFgDispatcher: Notifying with (id:4083, workSpecId: 86438b30-d0ff-415c-b707-a475aa6a34d7, notificationType :1)
09-09 09:17:42.761 19866 19952 I WM-Processor: Moving WorkSpec (86438b30-d0ff-415c-b707-a475aa6a34d7) to the foreground
09-09 09:17:42.763 19866 19952 D WM-WorkProgressUpdater: Updating progress for 86438b30-d0ff-415c-b707-a475aa6a34d7 (Data {pct : 74, mode : file})
09-09 09:17:42.765 19866 19866 D WM-SystemFgDispatcher: Notifying with (id:4083, workSpecId: 86438b30-d0ff-415c-b707-a475aa6a34d7, notificationType :1)
09-09 09:17:42.766 19866 19952 I WM-Processor: Moving WorkSpec (86438b30-d0ff-415c-b707-a475aa6a34d7) to the foreground
09-09 09:17:42.769 19866 19866 D WM-SystemFgDispatcher: Notifying with (id:4083, workSpecId: 86438b30-d0ff-415c-b707-a475aa6a34d7, notificationType :1)
09-09 09:17:42.770 19866 19952 D WM-WorkProgressUpdater: Updating progress for 86438b30-d0ff-415c-b707-a475aa6a34d7 (Data {pct : 79, mode : file})
09-09 09:17:42.774 19866 19952 I WM-Processor: Moving WorkSpec (86438b30-d0ff-415c-b707-a475aa6a34d7) to the foreground
09-09 09:17:42.776 19866 19952 D WM-WorkProgressUpdater: Updating progress for 86438b30-d0ff-415c-b707-a475aa6a34d7 (Data {pct : 85, mode : file})
09-09 09:17:42.777 19866 19866 D WM-SystemFgDispatcher: Notifying with (id:4083, workSpecId: 86438b30-d0ff-415c-b707-a475aa6a34d7, notificationType :1)
09-09 09:17:42.780 19866 19952 I WM-Processor: Moving WorkSpec (86438b30-d0ff-415c-b707-a475aa6a34d7) to the foreground
09-09 09:17:42.782 19866 19952 D WM-WorkProgressUpdater: Updating progress for 86438b30-d0ff-415c-b707-a475aa6a34d7 (Data {pct : 90, mode : file})
09-09 09:17:42.783 19866 19866 D WM-SystemFgDispatcher: Notifying with (id:4083, workSpecId: 86438b30-d0ff-415c-b707-a475aa6a34d7, notificationType :1)
09-09 09:17:42.786 19866 19952 I WM-Processor: Moving WorkSpec (86438b30-d0ff-415c-b707-a475aa6a34d7) to the foreground
09-09 09:17:42.789 19866 19866 D WM-SystemFgDispatcher: Notifying with (id:4083, workSpecId: 86438b30-d0ff-415c-b707-a475aa6a34d7, notificationType :1)
09-09 09:17:42.809 19866 19953 D WM-WorkProgressUpdater: Updating progress for 11239c36-3a75-4fb5-8bfc-4c2dc753cac6 (Data {pct : 95, mode : file})
09-09 09:17:42.810 19866 19937 D GitHubUploader: uploadStream: done url=https://github.com/ishizuki-tech/SurveyExports/blob/main/diagnostics/crash/2026-09-09/prevlog_20260909_011256_pid22772.log sha=e3eb0a583bd12dfd712816d549580b6117956ff5
09-09 09:17:42.813 19866 19953 I WM-Processor: Moving WorkSpec (11239c36-3a75-4fb5-8bfc-4c2dc753cac6) to the foreground
09-09 09:17:42.818 19866 19866 D WM-SystemFgDispatcher: Notifying with (id:10720, workSpecId: 11239c36-3a75-4fb5-8bfc-4c2dc753cac6, notificationType :1)
09-09 09:17:42.818 19866 19953 I WM-Processor: Moving WorkSpec (11239c36-3a75-4fb5-8bfc-4c2dc753cac6) to the foreground
09-09 09:17:42.822 19866 19866 D WM-SystemFgDispatcher: Notifying with (id:10720, workSpecId: 11239c36-3a75-4fb5-8bfc-4c2dc753cac6, notificationType :1)
09-09 09:17:42.822 19866 19953 I WM-WorkerWrapper: Worker result SUCCESS for Work [ id=11239c36-3a75-4fb5-8bfc-4c2dc753cac6, tags={ com.negi.survey.net.GitHubUploadWorker,github_upload,github_upload:crash:diagnostics_crash_prevlog_20260909_011256_pid22772.log_edfd5e07 } ]
09-09 09:17:42.831 19866 19866 D WM-Processor: Processor 11239c36-3a75-4fb5-8bfc-4c2dc753cac6 executed; reschedule = false
09-09 09:17:42.832 19866 19866 D WM-GreedyScheduler: Stopping tracking for WorkGenerationalId(workSpecId=11239c36-3a75-4fb5-8bfc-4c2dc753cac6, generation=0)
09-09 09:17:42.834 19866 19866 D WM-SystemJobService: 11239c36-3a75-4fb5-8bfc-4c2dc753cac6 executed on JobScheduler
09-09 09:17:42.836 19866 19866 D WM-SystemFgDispatcher: Removing Notification (id: 10720, workSpecId: WorkGenerationalId(workSpecId=11239c36-3a75-4fb5-8bfc-4c2dc753cac6, generation=0), notificationType: 1
09-09 09:17:42.840 19866 19952 D WM-GreedyScheduler: Cancelling work ID 11239c36-3a75-4fb5-8bfc-4c2dc753cac6
09-09 09:17:42.988 19866 19953 D WM-WorkProgressUpdater: Updating progress for 352c9dac-1ab5-4c58-8204-fca2aee61690 (Data {pct : 13, mode : file})
09-09 09:17:43.002 19866 19953 I WM-Processor: Moving WorkSpec (352c9dac-1ab5-4c58-8204-fca2aee61690) to the foreground
09-09 09:17:43.011 19866 19953 D WM-WorkProgressUpdater: Updating progress for 352c9dac-1ab5-4c58-8204-fca2aee61690 (Data {pct : 16, mode : file})
09-09 09:17:43.011 19866 19866 D WM-SystemFgDispatcher: Notifying with (id:5900, workSpecId: 352c9dac-1ab5-4c58-8204-fca2aee61690, notificationType :1)
09-09 09:17:43.020 19866 19953 I WM-Processor: Moving WorkSpec (352c9dac-1ab5-4c58-8204-fca2aee61690) to the foreground
09-09 09:17:43.028 19866 19953 D WM-WorkProgressUpdater: Updating progress for 352c9dac-1ab5-4c58-8204-fca2aee61690 (Data {pct : 19, mode : file})
09-09 09:17:43.030 19866 19866 D WM-SystemFgDispatcher: Notifying with (id:5900, workSpecId: 352c9dac-1ab5-4c58-8204-fca2aee61690, notificationType :1)
09-09 09:17:43.038 19866 19953 I WM-Processor: Moving WorkSpec (352c9dac-1ab5-4c58-8204-fca2aee61690) to the foreground
09-09 09:17:43.044 19866 19953 D WM-WorkProgressUpdater: Updating progress for 352c9dac-1ab5-4c58-8204-fca2aee61690 (Data {pct : 22, mode : file})
09-09 09:17:43.044 19866 19866 D WM-SystemFgDispatcher: Notifying with (id:5900, workSpecId: 352c9dac-1ab5-4c58-8204-fca2aee61690, notificationType :1)
09-09 09:17:43.048 19866 19953 I WM-Processor: Moving WorkSpec (352c9dac-1ab5-4c58-8204-fca2aee61690) to the foreground
09-09 09:17:43.051 19866 19953 D WM-WorkProgressUpdater: Updating progress for 352c9dac-1ab5-4c58-8204-fca2aee61690 (Data {pct : 25, mode : file})
09-09 09:17:43.051 19866 19866 D WM-SystemFgDispatcher: Notifying with (id:5900, workSpecId: 352c9dac-1ab5-4c58-8204-fca2aee61690, notificationType :1)
09-09 09:17:43.060 19866 19953 I WM-Processor: Moving WorkSpec (352c9dac-1ab5-4c58-8204-fca2aee61690) to the foreground
09-09 09:17:43.063 19866 19953 D WM-WorkProgressUpdater: Updating progress for 352c9dac-1ab5-4c58-8204-fca2aee61690 (Data {pct : 28, mode : file})
09-09 09:17:43.063 19866 19866 D WM-SystemFgDispatcher: Notifying with (id:5900, workSpecId: 352c9dac-1ab5-4c58-8204-fca2aee61690, notificationType :1)
09-09 09:17:43.066 19866 19953 I WM-Processor: Moving WorkSpec (352c9dac-1ab5-4c58-8204-fca2aee61690) to the foreground
09-09 09:17:43.068 19866 19953 D WM-WorkProgressUpdater: Updating progress for 352c9dac-1ab5-4c58-8204-fca2aee61690 (Data {pct : 32, mode : file})
09-09 09:17:43.068 19866 19866 D WM-SystemFgDispatcher: Notifying with (id:5900, workSpecId: 352c9dac-1ab5-4c58-8204-fca2aee61690, notificationType :1)
09-09 09:17:43.070 19866 19953 I WM-Processor: Moving WorkSpec (352c9dac-1ab5-4c58-8204-fca2aee61690) to the foreground
09-09 09:17:43.073 19866 19953 D WM-WorkProgressUpdater: Updating progress for 352c9dac-1ab5-4c58-8204-fca2aee61690 (Data {pct : 35, mode : file})
09-09 09:17:43.073 19866 19866 D WM-SystemFgDispatcher: Notifying with (id:5900, workSpecId: 352c9dac-1ab5-4c58-8204-fca2aee61690, notificationType :1)
09-09 09:17:43.076 19866 19953 I WM-Processor: Moving WorkSpec (352c9dac-1ab5-4c58-8204-fca2aee61690) to the foreground
09-09 09:17:43.078 19866 19953 D WM-WorkProgressUpdater: Updating progress for 352c9dac-1ab5-4c58-8204-fca2aee61690 (Data {pct : 38, mode : file})
09-09 09:17:43.079 19866 19866 D WM-SystemFgDispatcher: Notifying with (id:5900, workSpecId: 352c9dac-1ab5-4c58-8204-fca2aee61690, notificationType :1)
09-09 09:17:43.080 19866 19953 I WM-Processor: Moving WorkSpec (352c9dac-1ab5-4c58-8204-fca2aee61690) to the foreground
09-09 09:17:43.082 19866 19953 D WM-WorkProgressUpdater: Updating progress for 352c9dac-1ab5-4c58-8204-fca2aee61690 (Data {pct : 41, mode : file})
09-09 09:17:43.085 19866 19953 I WM-Processor: Moving WorkSpec (352c9dac-1ab5-4c58-8204-fca2aee61690) to the foreground
09-09 09:17:43.087 19866 19953 D WM-WorkProgressUpdater: Updating progress for 352c9dac-1ab5-4c58-8204-fca2aee61690 (Data {pct : 44, mode : file})
09-09 09:17:43.091 19866 19953 I WM-Processor: Moving WorkSpec (352c9dac-1ab5-4c58-8204-fca2aee61690) to the foreground
09-09 09:17:43.091 19866 19866 D WM-SystemFgDispatcher: Notifying with (id:5900, workSpecId: 352c9dac-1ab5-4c58-8204-fca2aee61690, notificationType :1)
09-09 09:17:43.093 19866 19953 D WM-WorkProgressUpdater: Updating progress for 352c9dac-1ab5-4c58-8204-fca2aee61690 (Data {pct : 47, mode : file})
09-09 09:17:43.096 19866 19866 D WM-SystemFgDispatcher: Notifying with (id:5900, workSpecId: 352c9dac-1ab5-4c58-8204-fca2aee61690, notificationType :1)
09-09 09:17:43.097 19866 19953 I WM-Processor: Moving WorkSpec (352c9dac-1ab5-4c58-8204-fca2aee61690) to the foreground
09-09 09:17:43.100 19866 19953 D WM-WorkProgressUpdater: Updating progress for 352c9dac-1ab5-4c58-8204-fca2aee61690 (Data {pct : 51, mode : file})
09-09 09:17:43.102 19866 19866 D WM-SystemFgDispatcher: Notifying with (id:5900, workSpecId: 352c9dac-1ab5-4c58-8204-fca2aee61690, notificationType :1)
09-09 09:17:43.104 19866 19953 I WM-Processor: Moving WorkSpec (352c9dac-1ab5-4c58-8204-fca2aee61690) to the foreground
09-09 09:17:43.106 19866 19953 D WM-WorkProgressUpdater: Updating progress for 352c9dac-1ab5-4c58-8204-fca2aee61690 (Data {pct : 54, mode : file})
09-09 09:17:43.110 19866 19953 I WM-Processor: Moving WorkSpec (352c9dac-1ab5-4c58-8204-fca2aee61690) to the foreground
09-09 09:17:43.114 19866 19866 D WM-SystemFgDispatcher: Notifying with (id:5900, workSpecId: 352c9dac-1ab5-4c58-8204-fca2aee61690, notificationType :1)
09-09 09:17:43.114 19866 19953 D WM-WorkProgressUpdater: Updating progress for 352c9dac-1ab5-4c58-8204-fca2aee61690 (Data {pct : 57, mode : file})
09-09 09:17:43.117 19866 19866 D WM-SystemFgDispatcher: Notifying with (id:5900, workSpecId: 352c9dac-1ab5-4c58-8204-fca2aee61690, notificationType :1)
09-09 09:17:43.118 19866 19953 I WM-Processor: Moving WorkSpec (352c9dac-1ab5-4c58-8204-fca2aee61690) to the foreground
09-09 09:17:43.121 19866 19866 D WM-SystemFgDispatcher: Notifying with (id:5900, workSpecId: 352c9dac-1ab5-4c58-8204-fca2aee61690, notificationType :1)
09-09 09:17:43.121 19866 19953 D WM-WorkProgressUpdater: Updating progress for 352c9dac-1ab5-4c58-8204-fca2aee61690 (Data {pct : 60, mode : file})
09-09 09:17:43.123 19866 19866 D WM-SystemFgDispatcher: Notifying with (id:5900, workSpecId: 352c9dac-1ab5-4c58-8204-fca2aee61690, notificationType :1)
09-09 09:17:43.125 19866 19953 I WM-Processor: Moving WorkSpec (352c9dac-1ab5-4c58-8204-fca2aee61690) to the foreground
09-09 09:17:43.127 19866 19953 D WM-WorkProgressUpdater: Updating progress for 352c9dac-1ab5-4c58-8204-fca2aee61690 (Data {pct : 63, mode : file})
09-09 09:17:43.127 19866 19866 D WM-SystemFgDispatcher: Notifying with (id:5900, workSpecId: 352c9dac-1ab5-4c58-8204-fca2aee61690, notificationType :1)
09-09 09:17:43.130 19866 19953 I WM-Processor: Moving WorkSpec (352c9dac-1ab5-4c58-8204-fca2aee61690) to the foreground
09-09 09:17:43.132 19866 19953 D WM-WorkProgressUpdater: Updating progress for 352c9dac-1ab5-4c58-8204-fca2aee61690 (Data {pct : 66, mode : file})
09-09 09:17:43.133 19866 19866 D WM-SystemFgDispatcher: Notifying with (id:5900, workSpecId: 352c9dac-1ab5-4c58-8204-fca2aee61690, notificationType :1)
09-09 09:17:43.134 19866 19953 I WM-Processor: Moving WorkSpec (352c9dac-1ab5-4c58-8204-fca2aee61690) to the foreground
09-09 09:17:43.138 19866 19953 D WM-WorkProgressUpdater: Updating progress for 352c9dac-1ab5-4c58-8204-fca2aee61690 (Data {pct : 69, mode : file})
09-09 09:17:43.139 19866 19866 D WM-SystemFgDispatcher: Notifying with (id:5900, workSpecId: 352c9dac-1ab5-4c58-8204-fca2aee61690, notificationType :1)
09-09 09:17:43.141 19866 19953 I WM-Processor: Moving WorkSpec (352c9dac-1ab5-4c58-8204-fca2aee61690) to the foreground
09-09 09:17:43.145 19866 19866 D WM-SystemFgDispatcher: Notifying with (id:5900, workSpecId: 352c9dac-1ab5-4c58-8204-fca2aee61690, notificationType :1)
09-09 09:17:43.145 19866 19953 D WM-WorkProgressUpdater: Updating progress for 352c9dac-1ab5-4c58-8204-fca2aee61690 (Data {pct : 73, mode : file})
09-09 09:17:43.154 19866 19953 I WM-Processor: Moving WorkSpec (352c9dac-1ab5-4c58-8204-fca2aee61690) to the foreground
09-09 09:17:43.156 19866 19953 D WM-WorkProgressUpdater: Updating progress for 352c9dac-1ab5-4c58-8204-fca2aee61690 (Data {pct : 76, mode : file})
09-09 09:17:43.157 19866 19866 D WM-SystemFgDispatcher: Notifying with (id:5900, workSpecId: 352c9dac-1ab5-4c58-8204-fca2aee61690, notificationType :1)
09-09 09:17:43.160 19866 19953 I WM-Processor: Moving WorkSpec (352c9dac-1ab5-4c58-8204-fca2aee61690) to the foreground
09-09 09:17:43.162 19866 19953 D WM-WorkProgressUpdater: Updating progress for 352c9dac-1ab5-4c58-8204-fca2aee61690 (Data {pct : 79, mode : file})
09-09 09:17:43.162 19866 19866 D WM-SystemFgDispatcher: Notifying with (id:5900, workSpecId: 352c9dac-1ab5-4c58-8204-fca2aee61690, notificationType :1)
09-09 09:17:43.164 19866 19953 I WM-Processor: Moving WorkSpec (352c9dac-1ab5-4c58-8204-fca2aee61690) to the foreground
09-09 09:17:43.166 19866 19953 D WM-WorkProgressUpdater: Updating progress for 352c9dac-1ab5-4c58-8204-fca2aee61690 (Data {pct : 82, mode : file})
09-09 09:17:43.166 19866 19866 D WM-SystemFgDispatcher: Notifying with (id:5900, workSpecId: 352c9dac-1ab5-4c58-8204-fca2aee61690, notificationType :1)
09-09 09:17:43.168 19866 19953 I WM-Processor: Moving WorkSpec (352c9dac-1ab5-4c58-8204-fca2aee61690) to the foreground
09-09 09:17:43.170 19866 19953 D WM-WorkProgressUpdater: Updating progress for 352c9dac-1ab5-4c58-8204-fca2aee61690 (Data {pct : 85, mode : file})
09-09 09:17:43.172 19866 19953 I WM-Processor: Moving WorkSpec (352c9dac-1ab5-4c58-8204-fca2aee61690) to the foreground
09-09 09:17:43.174 19866 19953 D WM-WorkProgressUpdater: Updating progress for 352c9dac-1ab5-4c58-8204-fca2aee61690 (Data {pct : 88, mode : file})
09-09 09:17:43.174 19866 19866 D WM-SystemFgDispatcher: Notifying with (id:5900, workSpecId: 352c9dac-1ab5-4c58-8204-fca2aee61690, notificationType :1)
09-09 09:17:43.177 19866 19953 I WM-Processor: Moving WorkSpec (352c9dac-1ab5-4c58-8204-fca2aee61690) to the foreground
09-09 09:17:43.177 19866 19866 D WM-SystemFgDispatcher: Notifying with (id:5900, workSpecId: 352c9dac-1ab5-4c58-8204-fca2aee61690, notificationType :1)
09-09 09:17:43.179 19866 19953 D WM-WorkProgressUpdater: Updating progress for 352c9dac-1ab5-4c58-8204-fca2aee61690 (Data {pct : 90, mode : file})
09-09 09:17:43.181 19866 19866 D WM-SystemFgDispatcher: Notifying with (id:5900, workSpecId: 352c9dac-1ab5-4c58-8204-fca2aee61690, notificationType :1)
09-09 09:17:43.182 19866 19953 I WM-Processor: Moving WorkSpec (352c9dac-1ab5-4c58-8204-fca2aee61690) to the foreground
09-09 09:17:43.185 19866 19953 D WM-WorkProgressUpdater: Updating progress for 4abc1c4f-fd78-438c-9d9f-7643b66c35a6 (Data {pct : 43, mode : file})
09-09 09:17:43.185 19866 19866 D WM-SystemFgDispatcher: Notifying with (id:5900, workSpecId: 352c9dac-1ab5-4c58-8204-fca2aee61690, notificationType :1)
09-09 09:17:43.187 19866 19953 I WM-Processor: Moving WorkSpec (4abc1c4f-fd78-438c-9d9f-7643b66c35a6) to the foreground
09-09 09:17:43.192 19866 19953 D WM-WorkProgressUpdater: Updating progress for 4abc1c4f-fd78-438c-9d9f-7643b66c35a6 (Data {pct : 76, mode : file})
09-09 09:17:43.193 19866 19866 D WM-SystemFgDispatcher: Notifying with (id:6071, workSpecId: 4abc1c4f-fd78-438c-9d9f-7643b66c35a6, notificationType :1)
09-09 09:17:43.195 19866 19953 I WM-Processor: Moving WorkSpec (4abc1c4f-fd78-438c-9d9f-7643b66c35a6) to the foreground
09-09 09:17:43.197 19866 19953 D WM-WorkProgressUpdater: Updating progress for 4abc1c4f-fd78-438c-9d9f-7643b66c35a6 (Data {pct : 90, mode : file})
09-09 09:17:43.198 19866 19866 D WM-SystemFgDispatcher: Notifying with (id:6071, workSpecId: 4abc1c4f-fd78-438c-9d9f-7643b66c35a6, notificationType :1)
09-09 09:17:43.200 19866 19953 I WM-Processor: Moving WorkSpec (4abc1c4f-fd78-438c-9d9f-7643b66c35a6) to the foreground
09-09 09:17:43.203 19866 19866 D WM-SystemFgDispatcher: Notifying with (id:6071, workSpecId: 4abc1c4f-fd78-438c-9d9f-7643b66c35a6, notificationType :1)
09-09 09:17:43.370 19866 19952 D WM-WorkProgressUpdater: Updating progress for 3699a099-5b72-4c09-b6e9-be1ffb6547b0 (Data {pct : 27, mode : file})
09-09 09:17:43.381 19866 19952 I WM-Processor: Moving WorkSpec (3699a099-5b72-4c09-b6e9-be1ffb6547b0) to the foreground
09-09 09:17:43.389 19866 19952 D WM-WorkProgressUpdater: Updating progress for 3699a099-5b72-4c09-b6e9-be1ffb6547b0 (Data {pct : 44, mode : file})
09-09 09:17:43.389 19866 19866 D WM-SystemFgDispatcher: Notifying with (id:9658, workSpecId: 3699a099-5b72-4c09-b6e9-be1ffb6547b0, notificationType :1)
09-09 09:17:43.395 19866 19952 I WM-Processor: Moving WorkSpec (3699a099-5b72-4c09-b6e9-be1ffb6547b0) to the foreground
09-09 09:17:43.399 19866 19952 D WM-WorkProgressUpdater: Updating progress for 3699a099-5b72-4c09-b6e9-be1ffb6547b0 (Data {pct : 62, mode : file})
09-09 09:17:43.400 19866 19866 D WM-SystemFgDispatcher: Notifying with (id:9658, workSpecId: 3699a099-5b72-4c09-b6e9-be1ffb6547b0, notificationType :1)
09-09 09:17:43.406 19866 19952 I WM-Processor: Moving WorkSpec (3699a099-5b72-4c09-b6e9-be1ffb6547b0) to the foreground
09-09 09:17:43.410 19866 19952 D WM-WorkProgressUpdater: Updating progress for 3699a099-5b72-4c09-b6e9-be1ffb6547b0 (Data {pct : 79, mode : file})
09-09 09:17:43.410 19866 19866 D WM-SystemFgDispatcher: Notifying with (id:9658, workSpecId: 3699a099-5b72-4c09-b6e9-be1ffb6547b0, notificationType :1)
09-09 09:17:43.417 19866 19952 I WM-Processor: Moving WorkSpec (3699a099-5b72-4c09-b6e9-be1ffb6547b0) to the foreground
09-09 09:17:43.420 19866 19952 D WM-WorkProgressUpdater: Updating progress for 3699a099-5b72-4c09-b6e9-be1ffb6547b0 (Data {pct : 90, mode : file})
09-09 09:17:43.421 19866 19866 D WM-SystemFgDispatcher: Notifying with (id:9658, workSpecId: 3699a099-5b72-4c09-b6e9-be1ffb6547b0, notificationType :1)
09-09 09:17:43.426 19866 19952 I WM-Processor: Moving WorkSpec (3699a099-5b72-4c09-b6e9-be1ffb6547b0) to the foreground
09-09 09:17:43.429 19866 19866 D WM-SystemFgDispatcher: Notifying with (id:9658, workSpecId: 3699a099-5b72-4c09-b6e9-be1ffb6547b0, notificationType :1)
09-09 09:17:43.462 19866 19943 D WM-WorkProgressUpdater: Updating progress for 2f1d2b8d-9876-4a59-844d-d71d6b8294a3 (Data {pct : 24, mode : file})
09-09 09:17:43.474 19866 19943 I WM-Processor: Moving WorkSpec (2f1d2b8d-9876-4a59-844d-d71d6b8294a3) to the foreground
09-09 09:17:43.481 19866 19943 D WM-WorkProgressUpdater: Updating progress for 2f1d2b8d-9876-4a59-844d-d71d6b8294a3 (Data {pct : 39, mode : file})
09-09 09:17:43.482 19866 19866 D WM-SystemFgDispatcher: Notifying with (id:4255, workSpecId: 2f1d2b8d-9876-4a59-844d-d71d6b8294a3, notificationType :1)
09-09 09:17:43.491 19866 19943 I WM-Processor: Moving WorkSpec (2f1d2b8d-9876-4a59-844d-d71d6b8294a3) to the foreground
09-09 09:17:43.495 19866 19943 D WM-WorkProgressUpdater: Updating progress for 2f1d2b8d-9876-4a59-844d-d71d6b8294a3 (Data {pct : 54, mode : file})
09-09 09:17:43.496 19866 19866 D WM-SystemFgDispatcher: Notifying with (id:4255, workSpecId: 2f1d2b8d-9876-4a59-844d-d71d6b8294a3, notificationType :1)
09-09 09:17:43.497 19866 19866 W NotificationManager: Shedding notify (update) of NotificationKey[user=UserHandle{0}, pkg=com.negi.survey, tag=null, id=4255], rate limit (5.0) exceeded: input 54.529568, output would be 5.2465672
09-09 09:17:43.504 19866 19943 I WM-Processor: Moving WorkSpec (2f1d2b8d-9876-4a59-844d-d71d6b8294a3) to the foreground
09-09 09:17:43.508 19866 19943 D WM-WorkProgressUpdater: Updating progress for 2f1d2b8d-9876-4a59-844d-d71d6b8294a3 (Data {pct : 69, mode : file})
09-09 09:17:43.508 19866 19866 D WM-SystemFgDispatcher: Notifying with (id:4255, workSpecId: 2f1d2b8d-9876-4a59-844d-d71d6b8294a3, notificationType :1)
09-09 09:17:43.511 19866 19943 I WM-Processor: Moving WorkSpec (2f1d2b8d-9876-4a59-844d-d71d6b8294a3) to the foreground
09-09 09:17:43.514 19866 19943 D WM-WorkProgressUpdater: Updating progress for 2f1d2b8d-9876-4a59-844d-d71d6b8294a3 (Data {pct : 84, mode : file})
09-09 09:17:43.514 19866 19866 D WM-SystemFgDispatcher: Notifying with (id:4255, workSpecId: 2f1d2b8d-9876-4a59-844d-d71d6b8294a3, notificationType :1)
09-09 09:17:43.517 19866 19943 I WM-Processor: Moving WorkSpec (2f1d2b8d-9876-4a59-844d-d71d6b8294a3) to the foreground
09-09 09:17:43.519 19866 19943 D WM-WorkProgressUpdater: Updating progress for 2f1d2b8d-9876-4a59-844d-d71d6b8294a3 (Data {pct : 90, mode : file})
09-09 09:17:43.519 19866 19866 D WM-SystemFgDispatcher: Notifying with (id:4255, workSpecId: 2f1d2b8d-9876-4a59-844d-d71d6b8294a3, notificationType :1)
09-09 09:17:43.523 19866 19943 I WM-Processor: Moving WorkSpec (2f1d2b8d-9876-4a59-844d-d71d6b8294a3) to the foreground
09-09 09:17:43.526 19866 19866 D WM-SystemFgDispatcher: Notifying with (id:4255, workSpecId: 2f1d2b8d-9876-4a59-844d-d71d6b8294a3, notificationType :1)
09-09 09:17:43.575 19866 19953 D WM-WorkProgressUpdater: Updating progress for b5b8f4c7-9da9-4636-bfc9-338ea83dac27 (Data {pct : 95, mode : file})
09-09 09:17:43.575 19866 19989 D GitHubUploader: uploadStream: done url=https://github.com/ishizuki-tech/SurveyExports/blob/main/diagnostics/crash/2026-09-09/prevlog_20260909_015352_pid27656.log sha=e94c180a4eff1390aed473b58237b520c615027c
09-09 09:17:43.590 19866 19953 I WM-Processor: Moving WorkSpec (b5b8f4c7-9da9-4636-bfc9-338ea83dac27) to the foreground
09-09 09:17:43.599 19866 19866 D WM-SystemFgDispatcher: Notifying with (id:4139, workSpecId: b5b8f4c7-9da9-4636-bfc9-338ea83dac27, notificationType :1)
09-09 09:17:43.600 19866 19953 I WM-Processor: Moving WorkSpec (b5b8f4c7-9da9-4636-bfc9-338ea83dac27) to the foreground
09-09 09:17:43.609 19866 19953 I WM-WorkerWrapper: Worker result SUCCESS for Work [ id=b5b8f4c7-9da9-4636-bfc9-338ea83dac27, tags={ com.negi.survey.net.GitHubUploadWorker,github_upload,github_upload:crash:diagnostics_crash_prevlog_20260909_015352_pid27656.log_5a0ddf4e } ]
09-09 09:17:43.609 19866 19866 D WM-SystemFgDispatcher: Notifying with (id:4139, workSpecId: b5b8f4c7-9da9-4636-bfc9-338ea83dac27, notificationType :1)
09-09 09:17:43.615 19866 19866 D WM-Processor: Processor b5b8f4c7-9da9-4636-bfc9-338ea83dac27 executed; reschedule = false
09-09 09:17:43.616 19866 19866 D WM-GreedyScheduler: Stopping tracking for WorkGenerationalId(workSpecId=b5b8f4c7-9da9-4636-bfc9-338ea83dac27, generation=0)
09-09 09:17:43.619 19866 19866 D WM-SystemJobService: b5b8f4c7-9da9-4636-bfc9-338ea83dac27 executed on JobScheduler
09-09 09:17:43.621 19866 19866 D WM-SystemFgDispatcher: Removing Notification (id: 4139, workSpecId: WorkGenerationalId(workSpecId=b5b8f4c7-9da9-4636-bfc9-338ea83dac27, generation=0), notificationType: 1
09-09 09:17:43.631 19866 19866 D WM-SystemJobService: onStartJob for WorkGenerationalId(workSpecId=86438b30-d0ff-415c-b707-a475aa6a34d7, generation=0)
09-09 09:17:43.632 19866 19953 D WM-GreedyScheduler: Cancelling work ID b5b8f4c7-9da9-4636-bfc9-338ea83dac27
09-09 09:17:43.656 19866 19953 D WM-Processor: Work WorkGenerationalId(workSpecId=86438b30-d0ff-415c-b707-a475aa6a34d7, generation=0) is already enqueued for processing
09-09 09:17:43.946 19866 19952 D WM-WorkProgressUpdater: Updating progress for 947e2253-13a3-4e00-9d09-4dfcfa0e55b9 (Data {pct : 43, mode : file})
09-09 09:17:43.953 19866 19952 I WM-Processor: Moving WorkSpec (947e2253-13a3-4e00-9d09-4dfcfa0e55b9) to the foreground
09-09 09:17:43.958 19866 19952 D WM-WorkProgressUpdater: Updating progress for 947e2253-13a3-4e00-9d09-4dfcfa0e55b9 (Data {pct : 76, mode : file})
09-09 09:17:43.959 19866 19866 D WM-SystemFgDispatcher: Notifying with (id:7904, workSpecId: 947e2253-13a3-4e00-9d09-4dfcfa0e55b9, notificationType :1)
09-09 09:17:43.961 19866 19952 I WM-Processor: Moving WorkSpec (947e2253-13a3-4e00-9d09-4dfcfa0e55b9) to the foreground
09-09 09:17:43.965 19866 19952 D WM-WorkProgressUpdater: Updating progress for 947e2253-13a3-4e00-9d09-4dfcfa0e55b9 (Data {pct : 90, mode : file})
09-09 09:17:43.968 19866 19952 I WM-Processor: Moving WorkSpec (947e2253-13a3-4e00-9d09-4dfcfa0e55b9) to the foreground
09-09 09:17:43.970 19866 19866 D WM-SystemFgDispatcher: Notifying with (id:7904, workSpecId: 947e2253-13a3-4e00-9d09-4dfcfa0e55b9, notificationType :1)
09-09 09:17:43.974 19866 19866 D WM-SystemFgDispatcher: Notifying with (id:7904, workSpecId: 947e2253-13a3-4e00-9d09-4dfcfa0e55b9, notificationType :1)
09-09 09:17:44.060 19866 19943 D WM-WorkProgressUpdater: Updating progress for fa7228aa-4933-458a-b42e-330370e13f9d (Data {pct : 21, mode : file})
09-09 09:17:44.072 19866 19943 I WM-Processor: Moving WorkSpec (fa7228aa-4933-458a-b42e-330370e13f9d) to the foreground
09-09 09:17:44.080 19866 19943 D WM-WorkProgressUpdater: Updating progress for fa7228aa-4933-458a-b42e-330370e13f9d (Data {pct : 32, mode : file})
09-09 09:17:44.081 19866 19866 D WM-SystemFgDispatcher: Notifying with (id:5438, workSpecId: fa7228aa-4933-458a-b42e-330370e13f9d, notificationType :1)
09-09 09:17:44.089 19866 19943 I WM-Processor: Moving WorkSpec (fa7228aa-4933-458a-b42e-330370e13f9d) to the foreground
09-09 09:17:44.092 19866 19943 D WM-WorkProgressUpdater: Updating progress for fa7228aa-4933-458a-b42e-330370e13f9d (Data {pct : 44, mode : file})
09-09 09:17:44.095 19866 19943 I WM-Processor: Moving WorkSpec (fa7228aa-4933-458a-b42e-330370e13f9d) to the foreground
09-09 09:17:44.095 19866 19866 D WM-SystemFgDispatcher: Notifying with (id:5438, workSpecId: fa7228aa-4933-458a-b42e-330370e13f9d, notificationType :1)
09-09 09:17:44.097 19866 19943 D WM-WorkProgressUpdater: Updating progress for fa7228aa-4933-458a-b42e-330370e13f9d (Data {pct : 55, mode : file})
09-09 09:17:44.101 19866 19866 D WM-SystemFgDispatcher: Notifying with (id:5438, workSpecId: fa7228aa-4933-458a-b42e-330370e13f9d, notificationType :1)
09-09 09:17:44.104 19866 19943 I WM-Processor: Moving WorkSpec (fa7228aa-4933-458a-b42e-330370e13f9d) to the foreground
09-09 09:17:44.106 19866 19943 D WM-WorkProgressUpdater: Updating progress for fa7228aa-4933-458a-b42e-330370e13f9d (Data {pct : 66, mode : file})
09-09 09:17:44.108 19866 19866 D WM-SystemFgDispatcher: Notifying with (id:5438, workSpecId: fa7228aa-4933-458a-b42e-330370e13f9d, notificationType :1)
09-09 09:17:44.113 19866 19943 I WM-Processor: Moving WorkSpec (fa7228aa-4933-458a-b42e-330370e13f9d) to the foreground
09-09 09:17:44.116 19866 19866 D WM-SystemFgDispatcher: Notifying with (id:5438, workSpecId: fa7228aa-4933-458a-b42e-330370e13f9d, notificationType :1)
09-09 09:17:44.117 19866 19943 D WM-WorkProgressUpdater: Updating progress for fa7228aa-4933-458a-b42e-330370e13f9d (Data {pct : 78, mode : file})
09-09 09:17:44.125 19866 19943 I WM-Processor: Moving WorkSpec (fa7228aa-4933-458a-b42e-330370e13f9d) to the foreground
09-09 09:17:44.129 19866 19866 D WM-SystemFgDispatcher: Notifying with (id:5438, workSpecId: fa7228aa-4933-458a-b42e-330370e13f9d, notificationType :1)
09-09 09:17:44.131 19866 19943 D WM-WorkProgressUpdater: Updating progress for fa7228aa-4933-458a-b42e-330370e13f9d (Data {pct : 89, mode : file})
09-09 09:17:44.139 19866 19943 I WM-Processor: Moving WorkSpec (fa7228aa-4933-458a-b42e-330370e13f9d) to the foreground
09-09 09:17:44.143 19866 19943 D WM-WorkProgressUpdater: Updating progress for fa7228aa-4933-458a-b42e-330370e13f9d (Data {pct : 90, mode : file})
09-09 09:17:44.143 19866 19866 D WM-SystemFgDispatcher: Notifying with (id:5438, workSpecId: fa7228aa-4933-458a-b42e-330370e13f9d, notificationType :1)
09-09 09:17:44.151 19866 19943 I WM-Processor: Moving WorkSpec (fa7228aa-4933-458a-b42e-330370e13f9d) to the foreground
09-09 09:17:44.154 19866 19866 D WM-SystemFgDispatcher: Notifying with (id:5438, workSpecId: fa7228aa-4933-458a-b42e-330370e13f9d, notificationType :1)
09-09 09:17:44.329 19866 19952 D WM-WorkProgressUpdater: Updating progress for 352c9dac-1ab5-4c58-8204-fca2aee61690 (Data {pct : 95, mode : file})
09-09 09:17:44.334 19866 19987 D GitHubUploader: uploadStream: done url=https://github.com/ishizuki-tech/SurveyExports/blob/main/diagnostics/crash/2026-09-09/prevlog_20260909_011719_pid23839.log sha=7bfdeab9c498c2f0eb81718864a1151b5595c240
09-09 09:17:44.337 19866 19952 I WM-Processor: Moving WorkSpec (352c9dac-1ab5-4c58-8204-fca2aee61690) to the foreground
09-09 09:17:44.344 19866 19952 I WM-Processor: Moving WorkSpec (352c9dac-1ab5-4c58-8204-fca2aee61690) to the foreground
09-09 09:17:44.344 19866 19866 D WM-SystemFgDispatcher: Notifying with (id:5900, workSpecId: 352c9dac-1ab5-4c58-8204-fca2aee61690, notificationType :1)
09-09 09:17:44.347 19866 19952 I WM-WorkerWrapper: Worker result SUCCESS for Work [ id=352c9dac-1ab5-4c58-8204-fca2aee61690, tags={ com.negi.survey.net.GitHubUploadWorker,github_upload,github_upload:crash:diagnostics_crash_prevlog_20260909_011719_pid23839.log_2a591166 } ]
09-09 09:17:44.354 19866 19866 D WM-SystemFgDispatcher: Notifying with (id:5900, workSpecId: 352c9dac-1ab5-4c58-8204-fca2aee61690, notificationType :1)
09-09 09:17:44.362 19866 19866 D WM-Processor: Processor 352c9dac-1ab5-4c58-8204-fca2aee61690 executed; reschedule = false
09-09 09:17:44.362 19866 19866 D WM-GreedyScheduler: Stopping tracking for WorkGenerationalId(workSpecId=352c9dac-1ab5-4c58-8204-fca2aee61690, generation=0)
09-09 09:17:44.364 19866 19866 D WM-SystemJobService: 352c9dac-1ab5-4c58-8204-fca2aee61690 executed on JobScheduler
09-09 09:17:44.367 19866 19866 D WM-SystemFgDispatcher: Removing Notification (id: 5900, workSpecId: WorkGenerationalId(workSpecId=352c9dac-1ab5-4c58-8204-fca2aee61690, generation=0), notificationType: 1
09-09 09:17:44.372 19866 19953 D WM-GreedyScheduler: Cancelling work ID 352c9dac-1ab5-4c58-8204-fca2aee61690
09-09 09:17:44.374 19866 19866 D WM-SystemJobService: onStopJob for WorkGenerationalId(workSpecId=352c9dac-1ab5-4c58-8204-fca2aee61690, generation=0)
09-09 09:17:44.376 19866 19866 D WM-SystemJobService: onStartJob for WorkGenerationalId(workSpecId=fa7228aa-4933-458a-b42e-330370e13f9d, generation=0)
09-09 09:17:44.400 19866 19953 D WM-Processor: Work WorkGenerationalId(workSpecId=fa7228aa-4933-458a-b42e-330370e13f9d, generation=0) is already enqueued for processing
09-09 09:17:44.728 19866 19943 D WM-WorkProgressUpdater: Updating progress for 86438b30-d0ff-415c-b707-a475aa6a34d7 (Data {pct : 15, mode : file})
09-09 09:17:44.732 19866 19943 I WM-Processor: Moving WorkSpec (86438b30-d0ff-415c-b707-a475aa6a34d7) to the foreground
09-09 09:17:44.737 19866 19866 D WM-SystemFgDispatcher: Notifying with (id:4083, workSpecId: 86438b30-d0ff-415c-b707-a475aa6a34d7, notificationType :1)
09-09 09:17:44.739 19866 19943 D WM-WorkProgressUpdater: Updating progress for 86438b30-d0ff-415c-b707-a475aa6a34d7 (Data {pct : 21, mode : file})
09-09 09:17:44.742 19866 19943 I WM-Processor: Moving WorkSpec (86438b30-d0ff-415c-b707-a475aa6a34d7) to the foreground
09-09 09:17:44.746 19866 19866 D WM-SystemFgDispatcher: Notifying with (id:4083, workSpecId: 86438b30-d0ff-415c-b707-a475aa6a34d7, notificationType :1)
09-09 09:17:44.747 19866 19866 W NotificationManager: Shedding notify (update) of NotificationKey[user=UserHandle{0}, pkg=com.negi.survey, tag=null, id=4083], rate limit (5.0) exceeded: input 11.998556, output would be 5.0115204
09-09 09:17:44.748 19866 19943 D WM-WorkProgressUpdater: Updating progress for 86438b30-d0ff-415c-b707-a475aa6a34d7 (Data {pct : 27, mode : file})
09-09 09:17:44.752 19866 19943 I WM-Processor: Moving WorkSpec (86438b30-d0ff-415c-b707-a475aa6a34d7) to the foreground
09-09 09:17:44.756 19866 19943 D WM-WorkProgressUpdater: Updating progress for 86438b30-d0ff-415c-b707-a475aa6a34d7 (Data {pct : 33, mode : file})
09-09 09:17:44.757 19866 19866 D WM-SystemFgDispatcher: Notifying with (id:4083, workSpecId: 86438b30-d0ff-415c-b707-a475aa6a34d7, notificationType :1)
09-09 09:17:44.759 19866 19943 I WM-Processor: Moving WorkSpec (86438b30-d0ff-415c-b707-a475aa6a34d7) to the foreground
09-09 09:17:44.761 19866 19943 D WM-WorkProgressUpdater: Updating progress for 86438b30-d0ff-415c-b707-a475aa6a34d7 (Data {pct : 39, mode : file})
09-09 09:17:44.765 19866 19943 I WM-Processor: Moving WorkSpec (86438b30-d0ff-415c-b707-a475aa6a34d7) to the foreground
09-09 09:17:44.765 19866 19866 D WM-SystemFgDispatcher: Notifying with (id:4083, workSpecId: 86438b30-d0ff-415c-b707-a475aa6a34d7, notificationType :1)
09-09 09:17:44.768 19866 19943 D WM-WorkProgressUpdater: Updating progress for 86438b30-d0ff-415c-b707-a475aa6a34d7 (Data {pct : 44, mode : file})
09-09 09:17:44.770 19866 19866 D WM-SystemFgDispatcher: Notifying with (id:4083, workSpecId: 86438b30-d0ff-415c-b707-a475aa6a34d7, notificationType :1)
09-09 09:17:44.771 19866 19943 I WM-Processor: Moving WorkSpec (86438b30-d0ff-415c-b707-a475aa6a34d7) to the foreground
09-09 09:17:44.774 19866 19943 D WM-WorkProgressUpdater: Updating progress for 86438b30-d0ff-415c-b707-a475aa6a34d7 (Data {pct : 50, mode : file})
09-09 09:17:44.774 19866 19866 D WM-SystemFgDispatcher: Notifying with (id:4083, workSpecId: 86438b30-d0ff-415c-b707-a475aa6a34d7, notificationType :1)
09-09 09:17:44.777 19866 19943 I WM-Processor: Moving WorkSpec (86438b30-d0ff-415c-b707-a475aa6a34d7) to the foreground
09-09 09:17:44.780 19866 19943 D WM-WorkProgressUpdater: Updating progress for 86438b30-d0ff-415c-b707-a475aa6a34d7 (Data {pct : 56, mode : file})
09-09 09:17:44.781 19866 19866 D WM-SystemFgDispatcher: Notifying with (id:4083, workSpecId: 86438b30-d0ff-415c-b707-a475aa6a34d7, notificationType :1)
09-09 09:17:44.783 19866 19943 I WM-Processor: Moving WorkSpec (86438b30-d0ff-415c-b707-a475aa6a34d7) to the foreground
09-09 09:17:44.786 19866 19943 D WM-WorkProgressUpdater: Updating progress for 86438b30-d0ff-415c-b707-a475aa6a34d7 (Data {pct : 62, mode : file})
09-09 09:17:44.787 19866 19866 D WM-SystemFgDispatcher: Notifying with (id:4083, workSpecId: 86438b30-d0ff-415c-b707-a475aa6a34d7, notificationType :1)
09-09 09:17:44.790 19866 19943 I WM-Processor: Moving WorkSpec (86438b30-d0ff-415c-b707-a475aa6a34d7) to the foreground
09-09 09:17:44.792 19866 19943 D WM-WorkProgressUpdater: Updating progress for 86438b30-d0ff-415c-b707-a475aa6a34d7 (Data {pct : 68, mode : file})
09-09 09:17:44.793 19866 19866 D WM-SystemFgDispatcher: Notifying with (id:4083, workSpecId: 86438b30-d0ff-415c-b707-a475aa6a34d7, notificationType :1)
09-09 09:17:44.796 19866 19943 I WM-Processor: Moving WorkSpec (86438b30-d0ff-415c-b707-a475aa6a34d7) to the foreground
09-09 09:17:44.798 19866 19943 D WM-WorkProgressUpdater: Updating progress for 86438b30-d0ff-415c-b707-a475aa6a34d7 (Data {pct : 74, mode : file})
09-09 09:17:44.799 19866 19866 D WM-SystemFgDispatcher: Notifying with (id:4083, workSpecId: 86438b30-d0ff-415c-b707-a475aa6a34d7, notificationType :1)
09-09 09:17:44.806 19866 19943 I WM-Processor: Moving WorkSpec (86438b30-d0ff-415c-b707-a475aa6a34d7) to the foreground
09-09 09:17:44.808 19866 19943 D WM-WorkProgressUpdater: Updating progress for 86438b30-d0ff-415c-b707-a475aa6a34d7 (Data {pct : 79, mode : file})
09-09 09:17:44.809 19866 19866 D WM-SystemFgDispatcher: Notifying with (id:4083, workSpecId: 86438b30-d0ff-415c-b707-a475aa6a34d7, notificationType :1)
09-09 09:17:44.811 19866 19943 I WM-Processor: Moving WorkSpec (86438b30-d0ff-415c-b707-a475aa6a34d7) to the foreground
09-09 09:17:44.814 19866 19943 D WM-WorkProgressUpdater: Updating progress for 86438b30-d0ff-415c-b707-a475aa6a34d7 (Data {pct : 85, mode : file})
09-09 09:17:44.815 19866 19866 D WM-SystemFgDispatcher: Notifying with (id:4083, workSpecId: 86438b30-d0ff-415c-b707-a475aa6a34d7, notificationType :1)
09-09 09:17:44.818 19866 19943 I WM-Processor: Moving WorkSpec (86438b30-d0ff-415c-b707-a475aa6a34d7) to the foreground
09-09 09:17:44.819 19866 19943 D WM-WorkProgressUpdater: Updating progress for 86438b30-d0ff-415c-b707-a475aa6a34d7 (Data {pct : 90, mode : file})
09-09 09:17:44.821 19866 19866 D WM-SystemFgDispatcher: Notifying with (id:4083, workSpecId: 86438b30-d0ff-415c-b707-a475aa6a34d7, notificationType :1)
09-09 09:17:44.822 19866 19943 I WM-Processor: Moving WorkSpec (86438b30-d0ff-415c-b707-a475aa6a34d7) to the foreground
09-09 09:17:44.826 19866 19866 D WM-SystemFgDispatcher: Notifying with (id:4083, workSpecId: 86438b30-d0ff-415c-b707-a475aa6a34d7, notificationType :1)
09-09 09:17:45.049 19866 19953 D WM-WorkProgressUpdater: Updating progress for 85427f44-6939-4877-a312-de0e9b036da6 (Data {pct : 43, mode : file})
09-09 09:17:45.056 19866 19952 I WM-Processor: Moving WorkSpec (85427f44-6939-4877-a312-de0e9b036da6) to the foreground
09-09 09:17:45.060 19866 19866 D WM-SystemFgDispatcher: Notifying with (id:6611, workSpecId: 85427f44-6939-4877-a312-de0e9b036da6, notificationType :1)
09-09 09:17:45.061 19866 19952 D WM-WorkProgressUpdater: Updating progress for 85427f44-6939-4877-a312-de0e9b036da6 (Data {pct : 76, mode : file})
09-09 09:17:45.068 19866 19952 I WM-Processor: Moving WorkSpec (85427f44-6939-4877-a312-de0e9b036da6) to the foreground
09-09 09:17:45.071 19866 19952 D WM-WorkProgressUpdater: Updating progress for 85427f44-6939-4877-a312-de0e9b036da6 (Data {pct : 90, mode : file})
09-09 09:17:45.071 19866 19866 D WM-SystemFgDispatcher: Notifying with (id:6611, workSpecId: 85427f44-6939-4877-a312-de0e9b036da6, notificationType :1)
09-09 09:17:45.074 19866 19952 I WM-Processor: Moving WorkSpec (85427f44-6939-4877-a312-de0e9b036da6) to the foreground
09-09 09:17:45.077 19866 19866 D WM-SystemFgDispatcher: Notifying with (id:6611, workSpecId: 85427f44-6939-4877-a312-de0e9b036da6, notificationType :1)
09-09 09:17:45.296 19866 19987 D GitHubUploader: uploadStream: done url=https://github.com/ishizuki-tech/SurveyExports/blob/main/diagnostics/runtime_logs/2026-09-09/runtime_logs_startup_runtime_20260909_161731_a68d1f31_receiver_my_package_repl/runtime_log_20260909_161733_544_pid19866_receiver_my_package_repl__rtlog_20260909_160618_519_pid19447_seq1.log sha=3049ebd6abafac82a1a54e03b38422f7c7bb71b9
09-09 09:17:45.304 19866 19987 D RuntimeLogStore: deleteRolledLogFiles: deleted=1 excludeActive=true active=rtlog_20260909_161733_530_pid19866_seq2.log
09-09 09:17:45.305 19866 19987 D GitHubUploader: uploadStream: owner=ishizuki-tech repo=SurveyExports branch=main path=diagnostics/runtime_logs/2026-09-09/runtime_logs_startup_runtime_20260909_161731_a68d1f31_receiver_my_package_repl/runtime_log_20260909_161733_544_pid19866_receiver_my_package_repl__rtlog_20260909_020006_448_pid29084_seq1.log size=27412 maxRawBytesHint=1000000 maxRequestBytesHint=2800000
09-09 09:17:45.306 19866 19955 D WM-WorkProgressUpdater: Updating progress for c761f8a5-9c7c-472a-a5ef-26ebcbe615e6 (Data {pct : 28, mode : startup_runtime_logs})
09-09 09:17:45.311 19866 19955 I WM-Processor: Moving WorkSpec (c761f8a5-9c7c-472a-a5ef-26ebcbe615e6) to the foreground
09-09 09:17:45.319 19866 19866 D WM-SystemFgDispatcher: Notifying with (id:9882, workSpecId: c761f8a5-9c7c-472a-a5ef-26ebcbe615e6, notificationType :1)
09-09 09:17:45.528 19866 19952 D WM-WorkProgressUpdater: Updating progress for c761f8a5-9c7c-472a-a5ef-26ebcbe615e6 (Data {pct : 30, mode : startup_runtime_logs})
09-09 09:17:45.542 19866 19952 I WM-Processor: Moving WorkSpec (c761f8a5-9c7c-472a-a5ef-26ebcbe615e6) to the foreground
09-09 09:17:45.551 19866 19952 D WM-WorkProgressUpdater: Updating progress for c761f8a5-9c7c-472a-a5ef-26ebcbe615e6 (Data {pct : 33, mode : startup_runtime_logs})
09-09 09:17:45.552 19866 19866 D WM-SystemFgDispatcher: Notifying with (id:9882, workSpecId: c761f8a5-9c7c-472a-a5ef-26ebcbe615e6, notificationType :1)
09-09 09:17:45.561 19866 19952 I WM-Processor: Moving WorkSpec (c761f8a5-9c7c-472a-a5ef-26ebcbe615e6) to the foreground
09-09 09:17:45.568 19866 19952 D WM-WorkProgressUpdater: Updating progress for c761f8a5-9c7c-472a-a5ef-26ebcbe615e6 (Data {pct : 35, mode : startup_runtime_logs})
09-09 09:17:45.571 19866 19866 D WM-SystemFgDispatcher: Notifying with (id:9882, workSpecId: c761f8a5-9c7c-472a-a5ef-26ebcbe615e6, notificationType :1)
09-09 09:17:45.578 19866 19952 I WM-Processor: Moving WorkSpec (c761f8a5-9c7c-472a-a5ef-26ebcbe615e6) to the foreground
09-09 09:17:45.581 19866 19952 D WM-WorkProgressUpdater: Updating progress for c761f8a5-9c7c-472a-a5ef-26ebcbe615e6 (Data {pct : 36, mode : startup_runtime_logs})
09-09 09:17:45.582 19866 19866 D WM-SystemFgDispatcher: Notifying with (id:9882, workSpecId: c761f8a5-9c7c-472a-a5ef-26ebcbe615e6, notificationType :1)
09-09 09:17:45.585 19866 19952 I WM-Processor: Moving WorkSpec (c761f8a5-9c7c-472a-a5ef-26ebcbe615e6) to the foreground
09-09 09:17:45.590 19866 19866 D WM-SystemFgDispatcher: Notifying with (id:9882, workSpecId: c761f8a5-9c7c-472a-a5ef-26ebcbe615e6, notificationType :1)
09-09 09:17:45.756 19866 19955 D WM-WorkProgressUpdater: Updating progress for 4abc1c4f-fd78-438c-9d9f-7643b66c35a6 (Data {pct : 43, mode : file})
09-09 09:17:45.762 19866 19955 I WM-Processor: Moving WorkSpec (4abc1c4f-fd78-438c-9d9f-7643b66c35a6) to the foreground
09-09 09:17:45.766 19866 19866 D WM-SystemFgDispatcher: Notifying with (id:6071, workSpecId: 4abc1c4f-fd78-438c-9d9f-7643b66c35a6, notificationType :1)
09-09 09:17:45.767 19866 19955 D WM-WorkProgressUpdater: Updating progress for 4abc1c4f-fd78-438c-9d9f-7643b66c35a6 (Data {pct : 76, mode : file})
09-09 09:17:45.770 19866 19955 I WM-Processor: Moving WorkSpec (4abc1c4f-fd78-438c-9d9f-7643b66c35a6) to the foreground
09-09 09:17:45.773 19866 19955 D WM-WorkProgressUpdater: Updating progress for 4abc1c4f-fd78-438c-9d9f-7643b66c35a6 (Data {pct : 90, mode : file})
09-09 09:17:45.775 19866 19955 I WM-Processor: Moving WorkSpec (4abc1c4f-fd78-438c-9d9f-7643b66c35a6) to the foreground
09-09 09:17:45.775 19866 19866 D WM-SystemFgDispatcher: Notifying with (id:6071, workSpecId: 4abc1c4f-fd78-438c-9d9f-7643b66c35a6, notificationType :1)
09-09 09:17:45.776 19866 19866 W NotificationManager: Shedding notify (update) of NotificationKey[user=UserHandle{0}, pkg=com.negi.survey, tag=null, id=6071], rate limit (5.0) exceeded: input 21.24875, output would be 6.0805597
09-09 09:17:45.780 19866 19866 D WM-SystemFgDispatcher: Notifying with (id:6071, workSpecId: 4abc1c4f-fd78-438c-9d9f-7643b66c35a6, notificationType :1)
09-09 09:17:46.027 19866 19990 D GitHubUploader: uploadStream: done url=https://github.com/ishizuki-tech/SurveyExports/blob/main/diagnostics/crash/2026-09-09/prevlog_20260909_011507_pid23423.log sha=52bcb0e0425bcb1768aa5b75813731cdf324a6d2
09-09 09:17:46.027 19866 19953 D WM-WorkProgressUpdater: Updating progress for 85427f44-6939-4877-a312-de0e9b036da6 (Data {pct : 95, mode : file})
09-09 09:17:46.035 19866 19952 I WM-Processor: Moving WorkSpec (85427f44-6939-4877-a312-de0e9b036da6) to the foreground
09-09 09:17:46.041 19866 19866 D WM-SystemFgDispatcher: Notifying with (id:6611, workSpecId: 85427f44-6939-4877-a312-de0e9b036da6, notificationType :1)
09-09 09:17:46.043 19866 19952 I WM-Processor: Moving WorkSpec (85427f44-6939-4877-a312-de0e9b036da6) to the foreground
09-09 09:17:46.050 19866 19952 I WM-WorkerWrapper: Worker result SUCCESS for Work [ id=85427f44-6939-4877-a312-de0e9b036da6, tags={ com.negi.survey.net.GitHubUploadWorker,github_upload,github_upload:crash:diagnostics_crash_prevlog_20260909_011507_pid23423.log_73fc0580 } ]
09-09 09:17:46.052 19866 19866 D WM-SystemFgDispatcher: Notifying with (id:6611, workSpecId: 85427f44-6939-4877-a312-de0e9b036da6, notificationType :1)
09-09 09:17:46.058 19866 19866 D WM-Processor: Processor 85427f44-6939-4877-a312-de0e9b036da6 executed; reschedule = false
09-09 09:17:46.059 19866 19866 D WM-GreedyScheduler: Stopping tracking for WorkGenerationalId(workSpecId=85427f44-6939-4877-a312-de0e9b036da6, generation=0)
09-09 09:17:46.061 19866 19866 D WM-SystemJobService: 85427f44-6939-4877-a312-de0e9b036da6 executed on JobScheduler
09-09 09:17:46.063 19866 19866 D WM-SystemFgDispatcher: Removing Notification (id: 6611, workSpecId: WorkGenerationalId(workSpecId=85427f44-6939-4877-a312-de0e9b036da6, generation=0), notificationType: 1
09-09 09:17:46.070 19866 19952 D WM-GreedyScheduler: Cancelling work ID 85427f44-6939-4877-a312-de0e9b036da6
09-09 09:17:46.201 19866 19953 D WM-WorkProgressUpdater: Updating progress for 3699a099-5b72-4c09-b6e9-be1ffb6547b0 (Data {pct : 27, mode : file})
09-09 09:17:46.214 19866 19953 I WM-Processor: Moving WorkSpec (3699a099-5b72-4c09-b6e9-be1ffb6547b0) to the foreground
09-09 09:17:46.223 19866 19953 D WM-WorkProgressUpdater: Updating progress for 3699a099-5b72-4c09-b6e9-be1ffb6547b0 (Data {pct : 44, mode : file})
09-09 09:17:46.225 19866 19866 D WM-SystemFgDispatcher: Notifying with (id:9658, workSpecId: 3699a099-5b72-4c09-b6e9-be1ffb6547b0, notificationType :1)
09-09 09:17:46.231 19866 19953 I WM-Processor: Moving WorkSpec (3699a099-5b72-4c09-b6e9-be1ffb6547b0) to the foreground
09-09 09:17:46.235 19866 19953 D WM-WorkProgressUpdater: Updating progress for 3699a099-5b72-4c09-b6e9-be1ffb6547b0 (Data {pct : 62, mode : file})
09-09 09:17:46.237 19866 19866 D WM-SystemFgDispatcher: Notifying with (id:9658, workSpecId: 3699a099-5b72-4c09-b6e9-be1ffb6547b0, notificationType :1)
09-09 09:17:46.238 19866 19953 I WM-Processor: Moving WorkSpec (3699a099-5b72-4c09-b6e9-be1ffb6547b0) to the foreground
09-09 09:17:46.241 19866 19953 D WM-WorkProgressUpdater: Updating progress for 3699a099-5b72-4c09-b6e9-be1ffb6547b0 (Data {pct : 79, mode : file})
09-09 09:17:46.241 19866 19866 D WM-SystemFgDispatcher: Notifying with (id:9658, workSpecId: 3699a099-5b72-4c09-b6e9-be1ffb6547b0, notificationType :1)
09-09 09:17:46.244 19866 19953 I WM-Processor: Moving WorkSpec (3699a099-5b72-4c09-b6e9-be1ffb6547b0) to the foreground
09-09 09:17:46.246 19866 19953 D WM-WorkProgressUpdater: Updating progress for 3699a099-5b72-4c09-b6e9-be1ffb6547b0 (Data {pct : 90, mode : file})
09-09 09:17:46.247 19866 19866 D WM-SystemFgDispatcher: Notifying with (id:9658, workSpecId: 3699a099-5b72-4c09-b6e9-be1ffb6547b0, notificationType :1)
09-09 09:17:46.248 19866 19953 I WM-Processor: Moving WorkSpec (3699a099-5b72-4c09-b6e9-be1ffb6547b0) to the foreground
09-09 09:17:46.251 19866 19866 D WM-SystemFgDispatcher: Notifying with (id:9658, workSpecId: 3699a099-5b72-4c09-b6e9-be1ffb6547b0, notificationType :1)
09-09 09:17:46.302 19866 19955 D WM-WorkProgressUpdater: Updating progress for 2f1d2b8d-9876-4a59-844d-d71d6b8294a3 (Data {pct : 24, mode : file})
09-09 09:17:46.311 19866 19955 I WM-Processor: Moving WorkSpec (2f1d2b8d-9876-4a59-844d-d71d6b8294a3) to the foreground
09-09 09:17:46.317 19866 19955 D WM-WorkProgressUpdater: Updating progress for 2f1d2b8d-9876-4a59-844d-d71d6b8294a3 (Data {pct : 39, mode : file})
09-09 09:17:46.318 19866 19866 D WM-SystemFgDispatcher: Notifying with (id:4255, workSpecId: 2f1d2b8d-9876-4a59-844d-d71d6b8294a3, notificationType :1)
09-09 09:17:46.327 19866 19955 I WM-Processor: Moving WorkSpec (2f1d2b8d-9876-4a59-844d-d71d6b8294a3) to the foreground
09-09 09:17:46.331 19866 19955 D WM-WorkProgressUpdater: Updating progress for 2f1d2b8d-9876-4a59-844d-d71d6b8294a3 (Data {pct : 54, mode : file})
09-09 09:17:46.332 19866 19866 D WM-SystemFgDispatcher: Notifying with (id:4255, workSpecId: 2f1d2b8d-9876-4a59-844d-d71d6b8294a3, notificationType :1)
09-09 09:17:46.340 19866 19955 I WM-Processor: Moving WorkSpec (2f1d2b8d-9876-4a59-844d-d71d6b8294a3) to the foreground
09-09 09:17:46.345 19866 19955 D WM-WorkProgressUpdater: Updating progress for 2f1d2b8d-9876-4a59-844d-d71d6b8294a3 (Data {pct : 69, mode : file})
09-09 09:17:46.346 19866 19866 D WM-SystemFgDispatcher: Notifying with (id:4255, workSpecId: 2f1d2b8d-9876-4a59-844d-d71d6b8294a3, notificationType :1)
09-09 09:17:46.353 19866 19955 I WM-Processor: Moving WorkSpec (2f1d2b8d-9876-4a59-844d-d71d6b8294a3) to the foreground
09-09 09:17:46.357 19866 19955 D WM-WorkProgressUpdater: Updating progress for 2f1d2b8d-9876-4a59-844d-d71d6b8294a3 (Data {pct : 84, mode : file})
09-09 09:17:46.358 19866 19866 D WM-SystemFgDispatcher: Notifying with (id:4255, workSpecId: 2f1d2b8d-9876-4a59-844d-d71d6b8294a3, notificationType :1)
09-09 09:17:46.366 19866 19955 I WM-Processor: Moving WorkSpec (2f1d2b8d-9876-4a59-844d-d71d6b8294a3) to the foreground
09-09 09:17:46.369 19866 19866 D WM-SystemFgDispatcher: Notifying with (id:4255, workSpecId: 2f1d2b8d-9876-4a59-844d-d71d6b8294a3, notificationType :1)
09-09 09:17:46.370 19866 19955 D WM-WorkProgressUpdater: Updating progress for 2f1d2b8d-9876-4a59-844d-d71d6b8294a3 (Data {pct : 90, mode : file})
09-09 09:17:46.373 19866 19955 I WM-Processor: Moving WorkSpec (2f1d2b8d-9876-4a59-844d-d71d6b8294a3) to the foreground
09-09 09:17:46.379 19866 19866 D WM-SystemFgDispatcher: Notifying with (id:4255, workSpecId: 2f1d2b8d-9876-4a59-844d-d71d6b8294a3, notificationType :1)
09-09 09:17:46.422 19866 19943 D WM-WorkProgressUpdater: Updating progress for 947e2253-13a3-4e00-9d09-4dfcfa0e55b9 (Data {pct : 43, mode : file})
09-09 09:17:46.439 19866 19943 I WM-Processor: Moving WorkSpec (947e2253-13a3-4e00-9d09-4dfcfa0e55b9) to the foreground
09-09 09:17:46.446 19866 19943 D WM-WorkProgressUpdater: Updating progress for 947e2253-13a3-4e00-9d09-4dfcfa0e55b9 (Data {pct : 76, mode : file})
09-09 09:17:46.447 19866 19866 D WM-SystemFgDispatcher: Notifying with (id:7904, workSpecId: 947e2253-13a3-4e00-9d09-4dfcfa0e55b9, notificationType :1)
09-09 09:17:46.455 19866 19943 I WM-Processor: Moving WorkSpec (947e2253-13a3-4e00-9d09-4dfcfa0e55b9) to the foreground
09-09 09:17:46.459 19866 19943 D WM-WorkProgressUpdater: Updating progress for 947e2253-13a3-4e00-9d09-4dfcfa0e55b9 (Data {pct : 90, mode : file})
09-09 09:17:46.459 19866 19866 D WM-SystemFgDispatcher: Notifying with (id:7904, workSpecId: 947e2253-13a3-4e00-9d09-4dfcfa0e55b9, notificationType :1)
09-09 09:17:46.468 19866 19943 I WM-Processor: Moving WorkSpec (947e2253-13a3-4e00-9d09-4dfcfa0e55b9) to the foreground
09-09 09:17:46.473 19866 19866 D WM-SystemFgDispatcher: Notifying with (id:7904, workSpecId: 947e2253-13a3-4e00-9d09-4dfcfa0e55b9, notificationType :1)
09-09 09:17:46.755 19866 19953 D WM-WorkProgressUpdater: Updating progress for 4abc1c4f-fd78-438c-9d9f-7643b66c35a6 (Data {pct : 95, mode : file})
09-09 09:17:46.755 19866 19983 D GitHubUploader: uploadStream: done url=https://github.com/ishizuki-tech/SurveyExports/blob/main/diagnostics/crash/2026-09-09/prevlog_20260909_011441_pid23210.log sha=ba50c2e350d267623dccf4154e0748d3905744f4
09-09 09:17:46.768 19866 19953 I WM-Processor: Moving WorkSpec (4abc1c4f-fd78-438c-9d9f-7643b66c35a6) to the foreground
09-09 09:17:46.777 19866 19866 D WM-SystemFgDispatcher: Notifying with (id:6071, workSpecId: 4abc1c4f-fd78-438c-9d9f-7643b66c35a6, notificationType :1)
09-09 09:17:46.779 19866 19953 I WM-Processor: Moving WorkSpec (4abc1c4f-fd78-438c-9d9f-7643b66c35a6) to the foreground
09-09 09:17:46.788 19866 19953 I WM-WorkerWrapper: Worker result SUCCESS for Work [ id=4abc1c4f-fd78-438c-9d9f-7643b66c35a6, tags={ com.negi.survey.net.GitHubUploadWorker,github_upload,github_upload:crash:diagnostics_crash_prevlog_20260909_011441_pid23210.log_42f98147 } ]
09-09 09:17:46.795 19866 19866 D WM-SystemFgDispatcher: Notifying with (id:6071, workSpecId: 4abc1c4f-fd78-438c-9d9f-7643b66c35a6, notificationType :1)
09-09 09:17:46.802 19866 19866 D WM-Processor: Processor 4abc1c4f-fd78-438c-9d9f-7643b66c35a6 executed; reschedule = false
09-09 09:17:46.803 19866 19866 D WM-GreedyScheduler: Stopping tracking for WorkGenerationalId(workSpecId=4abc1c4f-fd78-438c-9d9f-7643b66c35a6, generation=0)
09-09 09:17:46.805 19866 19866 D WM-SystemJobService: 4abc1c4f-fd78-438c-9d9f-7643b66c35a6 executed on JobScheduler
09-09 09:17:46.807 19866 19866 D WM-SystemFgDispatcher: Removing Notification (id: 6071, workSpecId: WorkGenerationalId(workSpecId=4abc1c4f-fd78-438c-9d9f-7643b66c35a6, generation=0), notificationType: 1
09-09 09:17:46.810 19866 19866 D WM-SystemJobService: onStopJob for WorkGenerationalId(workSpecId=4abc1c4f-fd78-438c-9d9f-7643b66c35a6, generation=0)
09-09 09:17:46.811 19866 19955 D WM-GreedyScheduler: Cancelling work ID 4abc1c4f-fd78-438c-9d9f-7643b66c35a6
09-09 09:17:47.203 19866 19952 D WM-WorkProgressUpdater: Updating progress for fa7228aa-4933-458a-b42e-330370e13f9d (Data {pct : 21, mode : file})
09-09 09:17:47.215 19866 19952 I WM-Processor: Moving WorkSpec (fa7228aa-4933-458a-b42e-330370e13f9d) to the foreground
09-09 09:17:47.225 19866 19866 D WM-SystemFgDispatcher: Notifying with (id:5438, workSpecId: fa7228aa-4933-458a-b42e-330370e13f9d, notificationType :1)
09-09 09:17:47.225 19866 19952 D WM-WorkProgressUpdater: Updating progress for fa7228aa-4933-458a-b42e-330370e13f9d (Data {pct : 32, mode : file})
09-09 09:17:47.234 19866 19952 I WM-Processor: Moving WorkSpec (fa7228aa-4933-458a-b42e-330370e13f9d) to the foreground
09-09 09:17:47.238 19866 19866 D WM-SystemFgDispatcher: Notifying with (id:5438, workSpecId: fa7228aa-4933-458a-b42e-330370e13f9d, notificationType :1)
09-09 09:17:47.238 19866 19952 D WM-WorkProgressUpdater: Updating progress for fa7228aa-4933-458a-b42e-330370e13f9d (Data {pct : 44, mode : file})
09-09 09:17:47.248 19866 19952 I WM-Processor: Moving WorkSpec (fa7228aa-4933-458a-b42e-330370e13f9d) to the foreground
09-09 09:17:47.252 19866 19866 D WM-SystemFgDispatcher: Notifying with (id:5438, workSpecId: fa7228aa-4933-458a-b42e-330370e13f9d, notificationType :1)
09-09 09:17:47.252 19866 19952 D WM-WorkProgressUpdater: Updating progress for fa7228aa-4933-458a-b42e-330370e13f9d (Data {pct : 55, mode : file})
09-09 09:17:47.253 19866 19866 W NotificationManager: Shedding notify (update) of NotificationKey[user=UserHandle{0}, pkg=com.negi.survey, tag=null, id=5438], rate limit (5.0) exceeded: input 13.021183, output would be 6.1291127
09-09 09:17:47.262 19866 19952 I WM-Processor: Moving WorkSpec (fa7228aa-4933-458a-b42e-330370e13f9d) to the foreground
09-09 09:17:47.267 19866 19866 D WM-SystemFgDispatcher: Notifying with (id:5438, workSpecId: fa7228aa-4933-458a-b42e-330370e13f9d, notificationType :1)
09-09 09:17:47.267 19866 19952 D WM-WorkProgressUpdater: Updating progress for fa7228aa-4933-458a-b42e-330370e13f9d (Data {pct : 66, mode : file})
09-09 09:17:47.275 19866 19952 I WM-Processor: Moving WorkSpec (fa7228aa-4933-458a-b42e-330370e13f9d) to the foreground
09-09 09:17:47.280 19866 19952 D WM-WorkProgressUpdater: Updating progress for fa7228aa-4933-458a-b42e-330370e13f9d (Data {pct : 78, mode : file})
09-09 09:17:47.280 19866 19866 D WM-SystemFgDispatcher: Notifying with (id:5438, workSpecId: fa7228aa-4933-458a-b42e-330370e13f9d, notificationType :1)
09-09 09:17:47.288 19866 19952 I WM-Processor: Moving WorkSpec (fa7228aa-4933-458a-b42e-330370e13f9d) to the foreground
09-09 09:17:47.291 19866 19952 D WM-WorkProgressUpdater: Updating progress for fa7228aa-4933-458a-b42e-330370e13f9d (Data {pct : 89, mode : file})
09-09 09:17:47.292 19866 19866 D WM-SystemFgDispatcher: Notifying with (id:5438, workSpecId: fa7228aa-4933-458a-b42e-330370e13f9d, notificationType :1)
09-09 09:17:47.294 19866 19952 I WM-Processor: Moving WorkSpec (fa7228aa-4933-458a-b42e-330370e13f9d) to the foreground
09-09 09:17:47.298 19866 19866 D WM-SystemFgDispatcher: Notifying with (id:5438, workSpecId: fa7228aa-4933-458a-b42e-330370e13f9d, notificationType :1)
09-09 09:17:47.298 19866 19952 D WM-WorkProgressUpdater: Updating progress for fa7228aa-4933-458a-b42e-330370e13f9d (Data {pct : 90, mode : file})
09-09 09:17:47.302 19866 19952 I WM-Processor: Moving WorkSpec (fa7228aa-4933-458a-b42e-330370e13f9d) to the foreground
09-09 09:17:47.305 19866 19866 D WM-SystemFgDispatcher: Notifying with (id:5438, workSpecId: fa7228aa-4933-458a-b42e-330370e13f9d, notificationType :1)
09-09 09:17:47.358 19866 19955 D WM-WorkProgressUpdater: Updating progress for 86438b30-d0ff-415c-b707-a475aa6a34d7 (Data {pct : 15, mode : file})
09-09 09:17:47.371 19866 19955 I WM-Processor: Moving WorkSpec (86438b30-d0ff-415c-b707-a475aa6a34d7) to the foreground
09-09 09:17:47.381 19866 19955 D WM-WorkProgressUpdater: Updating progress for 86438b30-d0ff-415c-b707-a475aa6a34d7 (Data {pct : 21, mode : file})
09-09 09:17:47.383 19866 19866 D WM-SystemFgDispatcher: Notifying with (id:4083, workSpecId: 86438b30-d0ff-415c-b707-a475aa6a34d7, notificationType :1)
09-09 09:17:47.390 19866 19955 I WM-Processor: Moving WorkSpec (86438b30-d0ff-415c-b707-a475aa6a34d7) to the foreground
09-09 09:17:47.397 19866 19955 D WM-WorkProgressUpdater: Updating progress for 86438b30-d0ff-415c-b707-a475aa6a34d7 (Data {pct : 27, mode : file})
09-09 09:17:47.399 19866 19866 D WM-SystemFgDispatcher: Notifying with (id:4083, workSpecId: 86438b30-d0ff-415c-b707-a475aa6a34d7, notificationType :1)
09-09 09:17:47.409 19866 19955 I WM-Processor: Moving WorkSpec (86438b30-d0ff-415c-b707-a475aa6a34d7) to the foreground
09-09 09:17:47.416 19866 19955 D WM-WorkProgressUpdater: Updating progress for 86438b30-d0ff-415c-b707-a475aa6a34d7 (Data {pct : 33, mode : file})
09-09 09:17:47.416 19866 19866 D WM-SystemFgDispatcher: Notifying with (id:4083, workSpecId: 86438b30-d0ff-415c-b707-a475aa6a34d7, notificationType :1)
09-09 09:17:47.428 19866 19955 I WM-Processor: Moving WorkSpec (86438b30-d0ff-415c-b707-a475aa6a34d7) to the foreground
09-09 09:17:47.433 19866 19866 D WM-SystemFgDispatcher: Notifying with (id:4083, workSpecId: 86438b30-d0ff-415c-b707-a475aa6a34d7, notificationType :1)
09-09 09:17:47.433 19866 19955 D WM-WorkProgressUpdater: Updating progress for 86438b30-d0ff-415c-b707-a475aa6a34d7 (Data {pct : 39, mode : file})
09-09 09:17:47.441 19866 19955 I WM-Processor: Moving WorkSpec (86438b30-d0ff-415c-b707-a475aa6a34d7) to the foreground
09-09 09:17:47.444 19866 19955 D WM-WorkProgressUpdater: Updating progress for 86438b30-d0ff-415c-b707-a475aa6a34d7 (Data {pct : 44, mode : file})
09-09 09:17:47.445 19866 19866 D WM-SystemFgDispatcher: Notifying with (id:4083, workSpecId: 86438b30-d0ff-415c-b707-a475aa6a34d7, notificationType :1)
09-09 09:17:47.450 19866 19955 I WM-Processor: Moving WorkSpec (86438b30-d0ff-415c-b707-a475aa6a34d7) to the foreground
09-09 09:17:47.453 19866 19955 D WM-WorkProgressUpdater: Updating progress for 86438b30-d0ff-415c-b707-a475aa6a34d7 (Data {pct : 50, mode : file})
09-09 09:17:47.453 19866 19866 D WM-SystemFgDispatcher: Notifying with (id:4083, workSpecId: 86438b30-d0ff-415c-b707-a475aa6a34d7, notificationType :1)
09-09 09:17:47.458 19866 19955 I WM-Processor: Moving WorkSpec (86438b30-d0ff-415c-b707-a475aa6a34d7) to the foreground
09-09 09:17:47.458 19866 19974 D GitHubUploader: uploadStream: done url=https://github.com/ishizuki-tech/SurveyExports/blob/main/diagnostics/crash/2026-09-09/prevlog_20260909_011352_pid23023.log sha=f4fbcc45f06cd350ddbe1e0f71891972e7ea06a5
09-09 09:17:47.461 19866 19866 D WM-SystemFgDispatcher: Notifying with (id:4083, workSpecId: 86438b30-d0ff-415c-b707-a475aa6a34d7, notificationType :1)
09-09 09:17:47.463 19866 19955 D WM-WorkProgressUpdater: Updating progress for 86438b30-d0ff-415c-b707-a475aa6a34d7 (Data {pct : 56, mode : file})
09-09 09:17:47.470 19866 19955 I WM-Processor: Moving WorkSpec (86438b30-d0ff-415c-b707-a475aa6a34d7) to the foreground
09-09 09:17:47.474 19866 19955 D WM-WorkProgressUpdater: Updating progress for 86438b30-d0ff-415c-b707-a475aa6a34d7 (Data {pct : 62, mode : file})
09-09 09:17:47.474 19866 19866 D WM-SystemFgDispatcher: Notifying with (id:4083, workSpecId: 86438b30-d0ff-415c-b707-a475aa6a34d7, notificationType :1)
09-09 09:17:47.481 19866 19955 I WM-Processor: Moving WorkSpec (86438b30-d0ff-415c-b707-a475aa6a34d7) to the foreground
09-09 09:17:47.485 19866 19955 D WM-WorkProgressUpdater: Updating progress for 86438b30-d0ff-415c-b707-a475aa6a34d7 (Data {pct : 68, mode : file})
09-09 09:17:47.485 19866 19866 D WM-SystemFgDispatcher: Notifying with (id:4083, workSpecId: 86438b30-d0ff-415c-b707-a475aa6a34d7, notificationType :1)
09-09 09:17:47.491 19866 19955 I WM-Processor: Moving WorkSpec (86438b30-d0ff-415c-b707-a475aa6a34d7) to the foreground
09-09 09:17:47.495 19866 19955 D WM-WorkProgressUpdater: Updating progress for 86438b30-d0ff-415c-b707-a475aa6a34d7 (Data {pct : 74, mode : file})
09-09 09:17:47.496 19866 19866 D WM-SystemFgDispatcher: Notifying with (id:4083, workSpecId: 86438b30-d0ff-415c-b707-a475aa6a34d7, notificationType :1)
09-09 09:17:47.501 19866 19985 W github_upload: doFileUpload: upload failed for /data/user/0/com.negi.survey/files/diagnostics/crash_github_mirror/prevlog_20260909_161733_pid19866.log
09-09 09:17:47.501 19866 19985 W github_upload: com.negi.survey.net.GitHubUploader$HttpFailureException: GitHub request failed (409): {"message":"is at f4fbcc45f06cd350ddbe1e0f71891972e7ea06a5 but expected ba50c2e350d267623dccf4154e0748d3905744f4","documentation_url":"https://docs.github.com/rest/repos/contents#create-or-update-file-contents","status":"409"}
09-09 09:17:47.501 19866 19985 W github_upload: 	at com.negi.survey.net.GitHubUploader.executeWithRetry(GitHubUploader.kt:689)
09-09 09:17:47.501 19866 19985 W github_upload: 	at com.negi.survey.net.GitHubUploader.access$executeWithRetry(GitHubUploader.kt:51)
09-09 09:17:47.501 19866 19985 W github_upload: 	at com.negi.survey.net.GitHubUploader$executeWithRetry$1.invokeSuspend(Unknown Source:22)
09-09 09:17:47.501 19866 19985 W github_upload: 	at kotlin.coroutines.jvm.internal.BaseContinuationImpl.resumeWith(ContinuationImpl.kt:34)
09-09 09:17:47.501 19866 19985 W github_upload: 	at kotlinx.coroutines.DispatchedTask.run(DispatchedTask.kt:100)
09-09 09:17:47.501 19866 19985 W github_upload: 	at kotlinx.coroutines.internal.LimitedDispatcher$Worker.run(LimitedDispatcher.kt:124)
09-09 09:17:47.501 19866 19985 W github_upload: 	at kotlinx.coroutines.scheduling.TaskImpl.run(Tasks.kt:89)
09-09 09:17:47.501 19866 19985 W github_upload: 	at kotlinx.coroutines.scheduling.CoroutineScheduler.runSafely(CoroutineScheduler.kt:586)
09-09 09:17:47.501 19866 19985 W github_upload: 	at kotlinx.coroutines.scheduling.CoroutineScheduler$Worker.executeTask(CoroutineScheduler.kt:798)
09-09 09:17:47.501 19866 19985 W github_upload: 	at kotlinx.coroutines.scheduling.CoroutineScheduler$Worker.runWorker(CoroutineScheduler.kt:717)
09-09 09:17:47.501 19866 19985 W github_upload: 	at kotlinx.coroutines.scheduling.CoroutineScheduler$Worker.run(CoroutineScheduler.kt:704)
09-09 09:17:47.504 19866 19955 I WM-Processor: Moving WorkSpec (86438b30-d0ff-415c-b707-a475aa6a34d7) to the foreground
09-09 09:17:47.508 19866 19955 D WM-WorkProgressUpdater: Updating progress for 86438b30-d0ff-415c-b707-a475aa6a34d7 (Data {pct : 79, mode : file})
09-09 09:17:47.509 19866 19866 D WM-SystemFgDispatcher: Notifying with (id:4083, workSpecId: 86438b30-d0ff-415c-b707-a475aa6a34d7, notificationType :1)
09-09 09:17:47.516 19866 19955 I WM-Processor: Moving WorkSpec (86438b30-d0ff-415c-b707-a475aa6a34d7) to the foreground
09-09 09:17:47.520 19866 19955 D WM-WorkProgressUpdater: Updating progress for 86438b30-d0ff-415c-b707-a475aa6a34d7 (Data {pct : 85, mode : file})
09-09 09:17:47.521 19866 19866 D WM-SystemFgDispatcher: Notifying with (id:4083, workSpecId: 86438b30-d0ff-415c-b707-a475aa6a34d7, notificationType :1)
09-09 09:17:47.528 19866 19955 I WM-Processor: Moving WorkSpec (86438b30-d0ff-415c-b707-a475aa6a34d7) to the foreground
09-09 09:17:47.532 19866 19955 D WM-WorkProgressUpdater: Updating progress for 86438b30-d0ff-415c-b707-a475aa6a34d7 (Data {pct : 90, mode : file})
09-09 09:17:47.532 19866 19866 D WM-SystemFgDispatcher: Notifying with (id:4083, workSpecId: 86438b30-d0ff-415c-b707-a475aa6a34d7, notificationType :1)
09-09 09:17:47.538 19866 19955 I WM-Processor: Moving WorkSpec (86438b30-d0ff-415c-b707-a475aa6a34d7) to the foreground
09-09 09:17:47.543 19866 19955 D WM-WorkProgressUpdater: Updating progress for 947e2253-13a3-4e00-9d09-4dfcfa0e55b9 (Data {pct : 95, mode : file})
09-09 09:17:47.544 19866 19866 D WM-SystemFgDispatcher: Notifying with (id:4083, workSpecId: 86438b30-d0ff-415c-b707-a475aa6a34d7, notificationType :1)
09-09 09:17:47.551 19866 19955 I WM-Processor: Moving WorkSpec (947e2253-13a3-4e00-9d09-4dfcfa0e55b9) to the foreground
09-09 09:17:47.556 19866 19866 D WM-SystemFgDispatcher: Notifying with (id:7904, workSpecId: 947e2253-13a3-4e00-9d09-4dfcfa0e55b9, notificationType :1)
09-09 09:17:47.557 19866 19955 I WM-Processor: Moving WorkSpec (947e2253-13a3-4e00-9d09-4dfcfa0e55b9) to the foreground
09-09 09:17:47.561 19866 19866 D WM-SystemFgDispatcher: Notifying with (id:7904, workSpecId: 947e2253-13a3-4e00-9d09-4dfcfa0e55b9, notificationType :1)
09-09 09:17:47.564 19866 19955 I WM-WorkerWrapper: Worker result SUCCESS for Work [ id=947e2253-13a3-4e00-9d09-4dfcfa0e55b9, tags={ com.negi.survey.net.GitHubUploadWorker,github_upload,github_upload:crash:diagnostics_crash_prevlog_20260909_011352_pid23023.log_35337fe8 } ]
09-09 09:17:47.569 19866 19866 D WM-Processor: Processor 947e2253-13a3-4e00-9d09-4dfcfa0e55b9 executed; reschedule = false
09-09 09:17:47.569 19866 19866 D WM-GreedyScheduler: Stopping tracking for WorkGenerationalId(workSpecId=947e2253-13a3-4e00-9d09-4dfcfa0e55b9, generation=0)
09-09 09:17:47.570 19866 19866 D WM-SystemJobService: 947e2253-13a3-4e00-9d09-4dfcfa0e55b9 executed on JobScheduler
09-09 09:17:47.571 19866 19866 D WM-SystemFgDispatcher: Removing Notification (id: 7904, workSpecId: WorkGenerationalId(workSpecId=947e2253-13a3-4e00-9d09-4dfcfa0e55b9, generation=0), notificationType: 1
09-09 09:17:47.574 19866 19955 I WM-Processor: Moving WorkSpec (2f1d2b8d-9876-4a59-844d-d71d6b8294a3) to the foreground
09-09 09:17:47.577 19866 19866 D WM-SystemFgDispatcher: Notifying with (id:4255, workSpecId: 2f1d2b8d-9876-4a59-844d-d71d6b8294a3, notificationType :1)
09-09 09:17:47.579 19866 19955 I WM-WorkerWrapper: Worker result FAILURE for Work [ id=2f1d2b8d-9876-4a59-844d-d71d6b8294a3, tags={ com.negi.survey.net.GitHubUploadWorker,github_upload,github_upload:crash:diagnostics_crash_prevlog_20260909_161733_pid19866.log_1757da1d } ]
09-09 09:17:47.585 19866 19866 D WM-Processor: Processor 2f1d2b8d-9876-4a59-844d-d71d6b8294a3 executed; reschedule = false
09-09 09:17:47.585 19866 19866 D WM-GreedyScheduler: Stopping tracking for WorkGenerationalId(workSpecId=2f1d2b8d-9876-4a59-844d-d71d6b8294a3, generation=0)
09-09 09:17:47.586 19866 19866 D WM-SystemJobService: 2f1d2b8d-9876-4a59-844d-d71d6b8294a3 executed on JobScheduler
09-09 09:17:47.586 19866 19866 D WM-SystemFgDispatcher: Removing Notification (id: 4255, workSpecId: WorkGenerationalId(workSpecId=2f1d2b8d-9876-4a59-844d-d71d6b8294a3, generation=0), notificationType: 1
09-09 09:17:47.587 19866 19955 D WM-GreedyScheduler: Cancelling work ID 947e2253-13a3-4e00-9d09-4dfcfa0e55b9
09-09 09:17:47.598 19866 19955 D WM-GreedyScheduler: Cancelling work ID 2f1d2b8d-9876-4a59-844d-d71d6b8294a3
09-09 09:17:47.625 19866 19990 W github_upload: doFileUpload: upload failed for /data/user/0/com.negi.survey/files/diagnostics/crash_github_mirror/prevlog_20260909_015051_pid25991.log
09-09 09:17:47.625 19866 19990 W github_upload: com.negi.survey.net.GitHubUploader$HttpFailureException: GitHub request failed (409): {"message":"is at f4fbcc45f06cd350ddbe1e0f71891972e7ea06a5 but expected 52bcb0e0425bcb1768aa5b75813731cdf324a6d2","documentation_url":"https://docs.github.com/rest/repos/contents#create-or-update-file-contents","status":"409"}
09-09 09:17:47.625 19866 19990 W github_upload: 	at com.negi.survey.net.GitHubUploader.executeWithRetry(GitHubUploader.kt:689)
09-09 09:17:47.625 19866 19990 W github_upload: 	at com.negi.survey.net.GitHubUploader.access$executeWithRetry(GitHubUploader.kt:51)
09-09 09:17:47.625 19866 19990 W github_upload: 	at com.negi.survey.net.GitHubUploader$executeWithRetry$1.invokeSuspend(Unknown Source:22)
09-09 09:17:47.625 19866 19990 W github_upload: 	at kotlin.coroutines.jvm.internal.BaseContinuationImpl.resumeWith(ContinuationImpl.kt:34)
09-09 09:17:47.625 19866 19990 W github_upload: 	at kotlinx.coroutines.DispatchedTask.run(DispatchedTask.kt:100)
09-09 09:17:47.625 19866 19990 W github_upload: 	at kotlinx.coroutines.internal.LimitedDispatcher$Worker.run(LimitedDispatcher.kt:124)
09-09 09:17:47.625 19866 19990 W github_upload: 	at kotlinx.coroutines.scheduling.TaskImpl.run(Tasks.kt:89)
09-09 09:17:47.625 19866 19990 W github_upload: 	at kotlinx.coroutines.scheduling.CoroutineScheduler.runSafely(CoroutineScheduler.kt:586)
09-09 09:17:47.625 19866 19990 W github_upload: 	at kotlinx.coroutines.scheduling.CoroutineScheduler$Worker.executeTask(CoroutineScheduler.kt:798)
09-09 09:17:47.625 19866 19990 W github_upload: 	at kotlinx.coroutines.scheduling.CoroutineScheduler$Worker.runWorker(CoroutineScheduler.kt:717)
09-09 09:17:47.625 19866 19990 W github_upload: 	at kotlinx.coroutines.scheduling.CoroutineScheduler$Worker.run(CoroutineScheduler.kt:704)
09-09 09:17:47.630 19866 19953 I WM-Processor: Moving WorkSpec (3699a099-5b72-4c09-b6e9-be1ffb6547b0) to the foreground
09-09 09:17:47.638 19866 19866 D WM-SystemFgDispatcher: Notifying with (id:9658, workSpecId: 3699a099-5b72-4c09-b6e9-be1ffb6547b0, notificationType :1)
09-09 09:17:47.641 19866 19953 I WM-WorkerWrapper: Worker result FAILURE for Work [ id=3699a099-5b72-4c09-b6e9-be1ffb6547b0, tags={ com.negi.survey.net.GitHubUploadWorker,github_upload,github_upload:crash:diagnostics_crash_prevlog_20260909_015051_pid25991.log_a8f7c10e } ]
09-09 09:17:47.652 19866 19866 D WM-Processor: Processor 3699a099-5b72-4c09-b6e9-be1ffb6547b0 executed; reschedule = false
09-09 09:17:47.652 19866 19866 D WM-GreedyScheduler: Stopping tracking for WorkGenerationalId(workSpecId=3699a099-5b72-4c09-b6e9-be1ffb6547b0, generation=0)
09-09 09:17:47.655 19866 19866 D WM-SystemJobService: 3699a099-5b72-4c09-b6e9-be1ffb6547b0 executed on JobScheduler
09-09 09:17:47.656 19866 19866 D WM-SystemFgDispatcher: Removing Notification (id: 9658, workSpecId: WorkGenerationalId(workSpecId=3699a099-5b72-4c09-b6e9-be1ffb6547b0, generation=0), notificationType: 1
09-09 09:17:47.660 19866 19953 D WM-GreedyScheduler: Cancelling work ID 3699a099-5b72-4c09-b6e9-be1ffb6547b0
09-09 09:17:47.661 19866 19866 D WM-SystemJobService: onStopJob for WorkGenerationalId(workSpecId=3699a099-5b72-4c09-b6e9-be1ffb6547b0, generation=0)
09-09 09:17:48.369 19866 19952 D WM-WorkProgressUpdater: Updating progress for fa7228aa-4933-458a-b42e-330370e13f9d (Data {pct : 95, mode : file})
09-09 09:17:48.375 19866 19983 D GitHubUploader: uploadStream: done url=https://github.com/ishizuki-tech/SurveyExports/blob/main/diagnostics/crash/2026-09-09/ring_store/20260909_161733_pid19866_u366237/seg_00.log sha=10d93729e888803adc81308abfbbfbf881e7b411
09-09 09:17:48.375 19866 19943 I WM-Processor: Moving WorkSpec (fa7228aa-4933-458a-b42e-330370e13f9d) to the foreground
09-09 09:17:48.381 19866 19943 I WM-Processor: Moving WorkSpec (fa7228aa-4933-458a-b42e-330370e13f9d) to the foreground
09-09 09:17:48.381 19866 19866 D WM-SystemFgDispatcher: Notifying with (id:5438, workSpecId: fa7228aa-4933-458a-b42e-330370e13f9d, notificationType :1)
09-09 09:17:48.384 19866 19943 I WM-WorkerWrapper: Worker result SUCCESS for Work [ id=fa7228aa-4933-458a-b42e-330370e13f9d, tags={ com.negi.survey.net.GitHubUploadWorker,github_upload,github_upload:ring:diagnostics_crash_ring_store_20260909_161733_pid19866_u366237_seg_00.log_b48e3eb6 } ]
09-09 09:17:48.391 19866 19866 D WM-SystemFgDispatcher: Notifying with (id:5438, workSpecId: fa7228aa-4933-458a-b42e-330370e13f9d, notificationType :1)
09-09 09:17:48.394 19866 19866 D WM-Processor: Processor fa7228aa-4933-458a-b42e-330370e13f9d executed; reschedule = false
09-09 09:17:48.395 19866 19866 D WM-GreedyScheduler: Stopping tracking for WorkGenerationalId(workSpecId=fa7228aa-4933-458a-b42e-330370e13f9d, generation=0)
09-09 09:17:48.395 19866 19866 D WM-SystemJobService: fa7228aa-4933-458a-b42e-330370e13f9d executed on JobScheduler
09-09 09:17:48.396 19866 19866 D WM-SystemFgDispatcher: Removing Notification (id: 5438, workSpecId: WorkGenerationalId(workSpecId=fa7228aa-4933-458a-b42e-330370e13f9d, generation=0), notificationType: 1
09-09 09:17:48.401 19866 19953 D WM-GreedyScheduler: Cancelling work ID fa7228aa-4933-458a-b42e-330370e13f9d
09-09 09:17:48.433 19866 19987 W github_upload: doFileUpload: upload failed for /data/user/0/com.negi.survey/files/diagnostics/crash_github_mirror/prevlog_20260909_005416_pid21492.log
09-09 09:17:48.433 19866 19987 W github_upload: com.negi.survey.net.GitHubUploader$HttpFailureException: GitHub request failed (409): {"message":"is at 10d93729e888803adc81308abfbbfbf881e7b411 but expected f4fbcc45f06cd350ddbe1e0f71891972e7ea06a5","documentation_url":"https://docs.github.com/rest/repos/contents#create-or-update-file-contents","status":"409"}
09-09 09:17:48.433 19866 19987 W github_upload: 	at com.negi.survey.net.GitHubUploader.executeWithRetry(GitHubUploader.kt:689)
09-09 09:17:48.433 19866 19987 W github_upload: 	at com.negi.survey.net.GitHubUploader.access$executeWithRetry(GitHubUploader.kt:51)
09-09 09:17:48.433 19866 19987 W github_upload: 	at com.negi.survey.net.GitHubUploader$executeWithRetry$1.invokeSuspend(Unknown Source:22)
09-09 09:17:48.433 19866 19987 W github_upload: 	at kotlin.coroutines.jvm.internal.BaseContinuationImpl.resumeWith(ContinuationImpl.kt:34)
09-09 09:17:48.433 19866 19987 W github_upload: 	at kotlinx.coroutines.DispatchedTask.run(DispatchedTask.kt:100)
09-09 09:17:48.433 19866 19987 W github_upload: 	at kotlinx.coroutines.internal.LimitedDispatcher$Worker.run(LimitedDispatcher.kt:124)
09-09 09:17:48.433 19866 19987 W github_upload: 	at kotlinx.coroutines.scheduling.TaskImpl.run(Tasks.kt:89)
09-09 09:17:48.433 19866 19987 W github_upload: 	at kotlinx.coroutines.scheduling.CoroutineScheduler.runSafely(CoroutineScheduler.kt:586)
09-09 09:17:48.433 19866 19987 W github_upload: 	at kotlinx.coroutines.scheduling.CoroutineScheduler$Worker.executeTask(CoroutineScheduler.kt:798)
09-09 09:17:48.433 19866 19987 W github_upload: 	at kotlinx.coroutines.scheduling.CoroutineScheduler$Worker.runWorker(CoroutineScheduler.kt:717)
09-09 09:17:48.433 19866 19987 W github_upload: 	at kotlinx.coroutines.scheduling.CoroutineScheduler$Worker.run(CoroutineScheduler.kt:704)
09-09 09:17:48.435 19866 19952 I WM-Processor: Moving WorkSpec (86438b30-d0ff-415c-b707-a475aa6a34d7) to the foreground
09-09 09:17:48.440 19866 19866 D WM-SystemFgDispatcher: Notifying with (id:4083, workSpecId: 86438b30-d0ff-415c-b707-a475aa6a34d7, notificationType :1)
09-09 09:17:48.444 19866 19952 I WM-WorkerWrapper: Worker result FAILURE for Work [ id=86438b30-d0ff-415c-b707-a475aa6a34d7, tags={ com.negi.survey.net.GitHubUploadWorker,github_upload,github_upload:crash:diagnostics_crash_prevlog_20260909_005416_pid21492.log_c49ed942 } ]
09-09 09:17:48.451 19866 19866 D WM-Processor: Processor 86438b30-d0ff-415c-b707-a475aa6a34d7 executed; reschedule = false
09-09 09:17:48.452 19866 19866 D WM-GreedyScheduler: Stopping tracking for WorkGenerationalId(workSpecId=86438b30-d0ff-415c-b707-a475aa6a34d7, generation=0)
09-09 09:17:48.452 19866 19866 D WM-SystemJobService: 86438b30-d0ff-415c-b707-a475aa6a34d7 executed on JobScheduler
09-09 09:17:48.453 19866 19866 D WM-SystemFgDispatcher: Removing Notification (id: 4083, workSpecId: WorkGenerationalId(workSpecId=86438b30-d0ff-415c-b707-a475aa6a34d7, generation=0), notificationType: 1
09-09 09:17:48.458 19866 19952 D WM-GreedyScheduler: Cancelling work ID 86438b30-d0ff-415c-b707-a475aa6a34d7
09-09 09:17:51.462 19866 19989 D GitHubUploader: uploadStream: done url=https://github.com/ishizuki-tech/SurveyExports/blob/main/diagnostics/runtime_logs/2026-09-09/runtime_logs_startup_runtime_20260909_161731_a68d1f31_receiver_my_package_repl/runtime_log_20260909_161733_544_pid19866_receiver_my_package_repl__rtlog_20260909_020006_448_pid29084_seq1.log sha=d7d8e15a483e8ee07617bcb90d50959c50998b01
09-09 09:17:51.473 19866 19989 D RuntimeLogStore: deleteRolledLogFiles: deleted=1 excludeActive=true active=rtlog_20260909_161733_530_pid19866_seq2.log
09-09 09:17:51.475 19866 19989 D GitHubUploader: uploadStream: owner=ishizuki-tech repo=SurveyExports branch=main path=diagnostics/runtime_logs/2026-09-09/runtime_logs_startup_runtime_20260909_161731_a68d1f31_receiver_my_package_repl/runtime_log_20260909_161733_544_pid19866_receiver_my_package_repl__rtlog_20260909_015917_833_pid28839_seq1.log size=30300 maxRawBytesHint=1000000 maxRequestBytesHint=2800000
09-09 09:17:51.478 19866 19955 D WM-WorkProgressUpdater: Updating progress for c761f8a5-9c7c-472a-a5ef-26ebcbe615e6 (Data {pct : 37, mode : startup_runtime_logs})
09-09 09:17:51.490 19866 19955 I WM-Processor: Moving WorkSpec (c761f8a5-9c7c-472a-a5ef-26ebcbe615e6) to the foreground
09-09 09:17:51.501 19866 19866 D WM-SystemFgDispatcher: Notifying with (id:9882, workSpecId: c761f8a5-9c7c-472a-a5ef-26ebcbe615e6, notificationType :1)
09-09 09:17:51.830 19866 19943 D WM-WorkProgressUpdater: Updating progress for c761f8a5-9c7c-472a-a5ef-26ebcbe615e6 (Data {pct : 39, mode : startup_runtime_logs})
09-09 09:17:51.843 19866 19943 I WM-Processor: Moving WorkSpec (c761f8a5-9c7c-472a-a5ef-26ebcbe615e6) to the foreground
09-09 09:17:51.852 19866 19943 D WM-WorkProgressUpdater: Updating progress for c761f8a5-9c7c-472a-a5ef-26ebcbe615e6 (Data {pct : 41, mode : startup_runtime_logs})
09-09 09:17:51.853 19866 19866 D WM-SystemFgDispatcher: Notifying with (id:9882, workSpecId: c761f8a5-9c7c-472a-a5ef-26ebcbe615e6, notificationType :1)
09-09 09:17:51.863 19866 19943 I WM-Processor: Moving WorkSpec (c761f8a5-9c7c-472a-a5ef-26ebcbe615e6) to the foreground
09-09 09:17:51.873 19866 19866 D WM-SystemFgDispatcher: Notifying with (id:9882, workSpecId: c761f8a5-9c7c-472a-a5ef-26ebcbe615e6, notificationType :1)
09-09 09:17:51.877 19866 19943 D WM-WorkProgressUpdater: Updating progress for c761f8a5-9c7c-472a-a5ef-26ebcbe615e6 (Data {pct : 43, mode : startup_runtime_logs})
09-09 09:17:51.889 19866 19943 I WM-Processor: Moving WorkSpec (c761f8a5-9c7c-472a-a5ef-26ebcbe615e6) to the foreground
09-09 09:17:51.894 19866 19943 D WM-WorkProgressUpdater: Updating progress for c761f8a5-9c7c-472a-a5ef-26ebcbe615e6 (Data {pct : 45, mode : startup_runtime_logs})
09-09 09:17:51.895 19866 19866 D WM-SystemFgDispatcher: Notifying with (id:9882, workSpecId: c761f8a5-9c7c-472a-a5ef-26ebcbe615e6, notificationType :1)
09-09 09:17:51.902 19866 19943 I WM-Processor: Moving WorkSpec (c761f8a5-9c7c-472a-a5ef-26ebcbe615e6) to the foreground
09-09 09:17:51.907 19866 19866 D WM-SystemFgDispatcher: Notifying with (id:9882, workSpecId: c761f8a5-9c7c-472a-a5ef-26ebcbe615e6, notificationType :1)
09-09 09:17:52.808 19866 19989 D GitHubUploader: uploadStream: done url=https://github.com/ishizuki-tech/SurveyExports/blob/main/diagnostics/runtime_logs/2026-09-09/runtime_logs_startup_runtime_20260909_161731_a68d1f31_receiver_my_package_repl/runtime_log_20260909_161733_544_pid19866_receiver_my_package_repl__rtlog_20260909_015917_833_pid28839_seq1.log sha=b6a655fad08b33349092f6ea71160dde9c2aa3d1
09-09 09:17:52.816 19866 19989 D RuntimeLogStore: deleteRolledLogFiles: deleted=1 excludeActive=true active=rtlog_20260909_161733_530_pid19866_seq2.log
09-09 09:17:52.817 19866 19989 D GitHubUploader: uploadStream: owner=ishizuki-tech repo=SurveyExports branch=main path=diagnostics/runtime_logs/2026-09-09/runtime_logs_startup_runtime_20260909_161731_a68d1f31_receiver_my_package_repl/runtime_log_20260909_161733_544_pid19866_receiver_my_package_repl__rtlog_20260909_015814_318_pid28662_seq1.log size=27414 maxRawBytesHint=1000000 maxRequestBytesHint=2800000
09-09 09:17:52.818 19866 19955 D WM-WorkProgressUpdater: Updating progress for c761f8a5-9c7c-472a-a5ef-26ebcbe615e6 (Data {pct : 46, mode : startup_runtime_logs})
09-09 09:17:52.824 19866 19955 I WM-Processor: Moving WorkSpec (c761f8a5-9c7c-472a-a5ef-26ebcbe615e6) to the foreground
09-09 09:17:52.830 19866 19866 D WM-SystemFgDispatcher: Notifying with (id:9882, workSpecId: c761f8a5-9c7c-472a-a5ef-26ebcbe615e6, notificationType :1)
09-09 09:17:52.979 19866 19943 D WM-WorkProgressUpdater: Updating progress for c761f8a5-9c7c-472a-a5ef-26ebcbe615e6 (Data {pct : 48, mode : startup_runtime_logs})
09-09 09:17:52.985 19866 19943 I WM-Processor: Moving WorkSpec (c761f8a5-9c7c-472a-a5ef-26ebcbe615e6) to the foreground
09-09 09:17:52.989 19866 19943 D WM-WorkProgressUpdater: Updating progress for c761f8a5-9c7c-472a-a5ef-26ebcbe615e6 (Data {pct : 51, mode : startup_runtime_logs})
09-09 09:17:52.989 19866 19866 D WM-SystemFgDispatcher: Notifying with (id:9882, workSpecId: c761f8a5-9c7c-472a-a5ef-26ebcbe615e6, notificationType :1)
09-09 09:17:52.992 19866 19943 I WM-Processor: Moving WorkSpec (c761f8a5-9c7c-472a-a5ef-26ebcbe615e6) to the foreground
09-09 09:17:52.995 19866 19943 D WM-WorkProgressUpdater: Updating progress for c761f8a5-9c7c-472a-a5ef-26ebcbe615e6 (Data {pct : 53, mode : startup_runtime_logs})
09-09 09:17:52.998 19866 19943 I WM-Processor: Moving WorkSpec (c761f8a5-9c7c-472a-a5ef-26ebcbe615e6) to the foreground
09-09 09:17:53.000 19866 19866 D WM-SystemFgDispatcher: Notifying with (id:9882, workSpecId: c761f8a5-9c7c-472a-a5ef-26ebcbe615e6, notificationType :1)
09-09 09:17:53.000 19866 19943 D WM-WorkProgressUpdater: Updating progress for c761f8a5-9c7c-472a-a5ef-26ebcbe615e6 (Data {pct : 54, mode : startup_runtime_logs})
09-09 09:17:53.003 19866 19943 I WM-Processor: Moving WorkSpec (c761f8a5-9c7c-472a-a5ef-26ebcbe615e6) to the foreground
09-09 09:17:53.008 19866 19866 D WM-SystemFgDispatcher: Notifying with (id:9882, workSpecId: c761f8a5-9c7c-472a-a5ef-26ebcbe615e6, notificationType :1)
09-09 09:17:53.016 19866 19866 D WM-SystemFgDispatcher: Notifying with (id:9882, workSpecId: c761f8a5-9c7c-472a-a5ef-26ebcbe615e6, notificationType :1)
09-09 09:17:53.017 19866 19866 W NotificationManager: Shedding notify (update) of NotificationKey[user=UserHandle{0}, pkg=com.negi.survey, tag=null, id=9882], rate limit (5.0) exceeded: input 10.080226, output would be 6.8149333
09-09 09:17:54.072 19866 19989 D GitHubUploader: uploadStream: done url=https://github.com/ishizuki-tech/SurveyExports/blob/main/diagnostics/runtime_logs/2026-09-09/runtime_logs_startup_runtime_20260909_161731_a68d1f31_receiver_my_package_repl/runtime_log_20260909_161733_544_pid19866_receiver_my_package_repl__rtlog_20260909_015814_318_pid28662_seq1.log sha=ace8ef46bcbd1f6ed13c72e5f161bc92781e3185
09-09 09:17:54.083 19866 19989 D RuntimeLogStore: deleteRolledLogFiles: deleted=1 excludeActive=true active=rtlog_20260909_161733_530_pid19866_seq2.log
09-09 09:17:54.085 19866 19989 D GitHubUploader: uploadStream: owner=ishizuki-tech repo=SurveyExports branch=main path=diagnostics/runtime_logs/2026-09-09/runtime_logs_startup_runtime_20260909_161731_a68d1f31_receiver_my_package_repl/runtime_log_20260909_161733_544_pid19866_receiver_my_package_repl__rtlog_20260909_015434_616_pid28124_seq1.log size=30305 maxRawBytesHint=1000000 maxRequestBytesHint=2800000
09-09 09:17:54.087 19866 19955 D WM-WorkProgressUpdater: Updating progress for c761f8a5-9c7c-472a-a5ef-26ebcbe615e6 (Data {pct : 55, mode : startup_runtime_logs})
09-09 09:17:54.093 19866 19955 I WM-Processor: Moving WorkSpec (c761f8a5-9c7c-472a-a5ef-26ebcbe615e6) to the foreground
09-09 09:17:54.098 19866 19866 D WM-SystemFgDispatcher: Notifying with (id:9882, workSpecId: c761f8a5-9c7c-472a-a5ef-26ebcbe615e6, notificationType :1)
09-09 09:17:54.383 19866 19943 D WM-WorkProgressUpdater: Updating progress for c761f8a5-9c7c-472a-a5ef-26ebcbe615e6 (Data {pct : 57, mode : startup_runtime_logs})
09-09 09:17:54.396 19866 19943 I WM-Processor: Moving WorkSpec (c761f8a5-9c7c-472a-a5ef-26ebcbe615e6) to the foreground
09-09 09:17:54.407 19866 19943 D WM-WorkProgressUpdater: Updating progress for c761f8a5-9c7c-472a-a5ef-26ebcbe615e6 (Data {pct : 59, mode : startup_runtime_logs})
09-09 09:17:54.407 19866 19866 D WM-SystemFgDispatcher: Notifying with (id:9882, workSpecId: c761f8a5-9c7c-472a-a5ef-26ebcbe615e6, notificationType :1)
09-09 09:17:54.418 19866 19943 I WM-Processor: Moving WorkSpec (c761f8a5-9c7c-472a-a5ef-26ebcbe615e6) to the foreground
09-09 09:17:54.423 19866 19943 D WM-WorkProgressUpdater: Updating progress for c761f8a5-9c7c-472a-a5ef-26ebcbe615e6 (Data {pct : 61, mode : startup_runtime_logs})
09-09 09:17:54.423 19866 19866 D WM-SystemFgDispatcher: Notifying with (id:9882, workSpecId: c761f8a5-9c7c-472a-a5ef-26ebcbe615e6, notificationType :1)
09-09 09:17:54.428 19866 19943 I WM-Processor: Moving WorkSpec (c761f8a5-9c7c-472a-a5ef-26ebcbe615e6) to the foreground
09-09 09:17:54.431 19866 19943 D WM-WorkProgressUpdater: Updating progress for c761f8a5-9c7c-472a-a5ef-26ebcbe615e6 (Data {pct : 63, mode : startup_runtime_logs})
09-09 09:17:54.433 19866 19866 D WM-SystemFgDispatcher: Notifying with (id:9882, workSpecId: c761f8a5-9c7c-472a-a5ef-26ebcbe615e6, notificationType :1)
09-09 09:17:54.436 19866 19943 I WM-Processor: Moving WorkSpec (c761f8a5-9c7c-472a-a5ef-26ebcbe615e6) to the foreground
09-09 09:17:54.440 19866 19866 D WM-SystemFgDispatcher: Notifying with (id:9882, workSpecId: c761f8a5-9c7c-472a-a5ef-26ebcbe615e6, notificationType :1)
09-09 09:17:54.440 19866 19866 W NotificationManager: Shedding notify (update) of NotificationKey[user=UserHandle{0}, pkg=com.negi.survey, tag=null, id=9882], rate limit (5.0) exceeded: input 10.198855, output would be 6.6091228
09-09 09:17:55.477 19866 19866 W JobService: onNetworkChanged() not implemented in androidx.work.impl.background.systemjob.SystemJobService. Must override in a subclass.
09-09 09:17:55.480 19866 19989 D GitHubUploader: uploadStream: done url=https://github.com/ishizuki-tech/SurveyExports/blob/main/diagnostics/runtime_logs/2026-09-09/runtime_logs_startup_runtime_20260909_161731_a68d1f31_receiver_my_package_repl/runtime_log_20260909_161733_544_pid19866_receiver_my_package_repl__rtlog_20260909_015434_616_pid28124_seq1.log sha=a08a279743f783d5c45b854d796e3c50bacf33e4
09-09 09:17:55.501 19866 19989 D RuntimeLogStore: deleteRolledLogFiles: deleted=1 excludeActive=true active=rtlog_20260909_161733_530_pid19866_seq2.log
09-09 09:17:55.502 19866 19989 D GitHubUploader: uploadStream: owner=ishizuki-tech repo=SurveyExports branch=main path=diagnostics/runtime_logs/2026-09-09/runtime_logs_startup_runtime_20260909_161731_a68d1f31_receiver_my_package_repl/runtime_log_20260909_161733_544_pid19866_receiver_my_package_repl__rtlog_20260909_015406_693_pid27875_seq1.log size=1701 maxRawBytesHint=1000000 maxRequestBytesHint=2800000
09-09 09:17:55.508 19866 19955 D WM-WorkProgressUpdater: Updating progress for c761f8a5-9c7c-472a-a5ef-26ebcbe615e6 (Data {pct : 64, mode : startup_runtime_logs})
09-09 09:17:55.512 19866 19956 D WM-WorkConstraintsTrack: NetworkRequestConstraintController onCapabilitiesChanged callback
09-09 09:17:55.542 19866 19955 I WM-Processor: Moving WorkSpec (c761f8a5-9c7c-472a-a5ef-26ebcbe615e6) to the foreground
09-09 09:17:55.546 19866 19866 D WM-SystemFgDispatcher: Notifying with (id:9882, workSpecId: c761f8a5-9c7c-472a-a5ef-26ebcbe615e6, notificationType :1)
09-09 09:17:55.701 19866 19943 D WM-WorkProgressUpdater: Updating progress for c761f8a5-9c7c-472a-a5ef-26ebcbe615e6 (Data {pct : 72, mode : startup_runtime_logs})
09-09 09:17:55.713 19866 19943 I WM-Processor: Moving WorkSpec (c761f8a5-9c7c-472a-a5ef-26ebcbe615e6) to the foreground
09-09 09:17:55.724 19866 19866 D WM-SystemFgDispatcher: Notifying with (id:9882, workSpecId: c761f8a5-9c7c-472a-a5ef-26ebcbe615e6, notificationType :1)
09-09 09:17:56.634 19866 19989 D GitHubUploader: uploadStream: done url=https://github.com/ishizuki-tech/SurveyExports/blob/main/diagnostics/runtime_logs/2026-09-09/runtime_logs_startup_runtime_20260909_161731_a68d1f31_receiver_my_package_repl/runtime_log_20260909_161733_544_pid19866_receiver_my_package_repl__rtlog_20260909_015406_693_pid27875_seq1.log sha=215fde8aa12a6c8ff5113a089aeb50a549ef02d4
09-09 09:17:56.642 19866 19989 D RuntimeLogStore: deleteRolledLogFiles: deleted=1 excludeActive=true active=rtlog_20260909_161733_530_pid19866_seq2.log
09-09 09:17:56.643 19866 19989 D GitHubUploader: uploadStream: owner=ishizuki-tech repo=SurveyExports branch=main path=diagnostics/runtime_logs/2026-09-09/runtime_logs_startup_runtime_20260909_161731_a68d1f31_receiver_my_package_repl/runtime_log_20260909_161733_544_pid19866_receiver_my_package_repl__rtlog_20260909_015352_180_pid27656_seq2.log size=1426 maxRawBytesHint=1000000 maxRequestBytesHint=2800000
09-09 09:17:56.644 19866 19952 D WM-WorkProgressUpdater: Updating progress for c761f8a5-9c7c-472a-a5ef-26ebcbe615e6 (Data {pct : 73, mode : startup_runtime_logs})
09-09 09:17:56.651 19866 19952 I WM-Processor: Moving WorkSpec (c761f8a5-9c7c-472a-a5ef-26ebcbe615e6) to the foreground
09-09 09:17:56.656 19866 19866 D WM-SystemFgDispatcher: Notifying with (id:9882, workSpecId: c761f8a5-9c7c-472a-a5ef-26ebcbe615e6, notificationType :1)
09-09 09:17:56.844 19866 19943 D WM-WorkProgressUpdater: Updating progress for c761f8a5-9c7c-472a-a5ef-26ebcbe615e6 (Data {pct : 81, mode : startup_runtime_logs})
09-09 09:17:56.853 19866 19943 I WM-Processor: Moving WorkSpec (c761f8a5-9c7c-472a-a5ef-26ebcbe615e6) to the foreground
09-09 09:17:56.858 19866 19866 D WM-SystemFgDispatcher: Notifying with (id:9882, workSpecId: c761f8a5-9c7c-472a-a5ef-26ebcbe615e6, notificationType :1)
09-09 09:17:58.182 19866 19989 D GitHubUploader: uploadStream: done url=https://github.com/ishizuki-tech/SurveyExports/blob/main/diagnostics/runtime_logs/2026-09-09/runtime_logs_startup_runtime_20260909_161731_a68d1f31_receiver_my_package_repl/runtime_log_20260909_161733_544_pid19866_receiver_my_package_repl__rtlog_20260909_015352_180_pid27656_seq2.log sha=bd9a3f73475bb5f22f7d2e004c744f573f74757a
09-09 09:17:58.193 19866 19989 D RuntimeLogStore: deleteRolledLogFiles: deleted=1 excludeActive=true active=rtlog_20260909_161733_530_pid19866_seq2.log
09-09 09:17:58.194 19866 19989 D GitHubUploader: uploadStream: owner=ishizuki-tech repo=SurveyExports branch=main path=diagnostics/runtime_logs/2026-09-09/runtime_logs_startup_runtime_20260909_161731_a68d1f31_receiver_my_package_repl/runtime_log_20260909_161733_544_pid19866_receiver_my_package_repl__rtlog_20260909_015103_908_pid26189_seq1.log size=30200 maxRawBytesHint=1000000 maxRequestBytesHint=2800000
09-09 09:17:58.197 19866 19952 D WM-WorkProgressUpdater: Updating progress for c761f8a5-9c7c-472a-a5ef-26ebcbe615e6 (Data {pct : 82, mode : startup_runtime_logs})
09-09 09:17:58.213 19866 19952 I WM-Processor: Moving WorkSpec (c761f8a5-9c7c-472a-a5ef-26ebcbe615e6) to the foreground
09-09 09:17:58.219 19866 19866 D WM-SystemFgDispatcher: Notifying with (id:9882, workSpecId: c761f8a5-9c7c-472a-a5ef-26ebcbe615e6, notificationType :1)
09-09 09:17:58.405 19866 19943 D WM-WorkProgressUpdater: Updating progress for c761f8a5-9c7c-472a-a5ef-26ebcbe615e6 (Data {pct : 84, mode : startup_runtime_logs})
09-09 09:17:58.418 19866 19943 I WM-Processor: Moving WorkSpec (c761f8a5-9c7c-472a-a5ef-26ebcbe615e6) to the foreground
09-09 09:17:58.427 19866 19943 D WM-WorkProgressUpdater: Updating progress for c761f8a5-9c7c-472a-a5ef-26ebcbe615e6 (Data {pct : 86, mode : startup_runtime_logs})
09-09 09:17:58.428 19866 19866 D WM-SystemFgDispatcher: Notifying with (id:9882, workSpecId: c761f8a5-9c7c-472a-a5ef-26ebcbe615e6, notificationType :1)
09-09 09:17:58.436 19866 19943 I WM-Processor: Moving WorkSpec (c761f8a5-9c7c-472a-a5ef-26ebcbe615e6) to the foreground
09-09 09:17:58.442 19866 19943 D WM-WorkProgressUpdater: Updating progress for c761f8a5-9c7c-472a-a5ef-26ebcbe615e6 (Data {pct : 88, mode : startup_runtime_logs})
09-09 09:17:58.445 19866 19866 D WM-SystemFgDispatcher: Notifying with (id:9882, workSpecId: c761f8a5-9c7c-472a-a5ef-26ebcbe615e6, notificationType :1)
09-09 09:17:58.458 19866 19943 I WM-Processor: Moving WorkSpec (c761f8a5-9c7c-472a-a5ef-26ebcbe615e6) to the foreground
09-09 09:17:58.463 19866 19943 D WM-WorkProgressUpdater: Updating progress for c761f8a5-9c7c-472a-a5ef-26ebcbe615e6 (Data {pct : 90, mode : startup_runtime_logs})
09-09 09:17:58.463 19866 19866 D WM-SystemFgDispatcher: Notifying with (id:9882, workSpecId: c761f8a5-9c7c-472a-a5ef-26ebcbe615e6, notificationType :1)
09-09 09:17:58.473 19866 19943 I WM-Processor: Moving WorkSpec (c761f8a5-9c7c-472a-a5ef-26ebcbe615e6) to the foreground
09-09 09:17:58.478 19866 19866 D WM-SystemFgDispatcher: Notifying with (id:9882, workSpecId: c761f8a5-9c7c-472a-a5ef-26ebcbe615e6, notificationType :1)
09-09 09:17:59.465 19866 19989 D GitHubUploader: uploadStream: done url=https://github.com/ishizuki-tech/SurveyExports/blob/main/diagnostics/runtime_logs/2026-09-09/runtime_logs_startup_runtime_20260909_161731_a68d1f31_receiver_my_package_repl/runtime_log_20260909_161733_544_pid19866_receiver_my_package_repl__rtlog_20260909_015103_908_pid26189_seq1.log sha=c509a65500289a5b26a2d92f5ff26ff9e4e02635
09-09 09:17:59.477 19866 19989 D RuntimeLogStore: deleteRolledLogFiles: deleted=1 excludeActive=true active=rtlog_20260909_161733_530_pid19866_seq2.log
09-09 09:17:59.479 19866 19989 D GitHubUploader: uploadStream: owner=ishizuki-tech repo=SurveyExports branch=main path=diagnostics/runtime_logs/2026-09-09/runtime_logs_startup_runtime_20260909_161731_a68d1f31_receiver_my_package_repl/runtime_log_20260909_161733_544_pid19866_receiver_my_package_repl__rtlog_20260909_015050_909_pid25991_seq2.log size=1426 maxRawBytesHint=1000000 maxRequestBytesHint=2800000
09-09 09:17:59.482 19866 19952 D WM-WorkProgressUpdater: Updating progress for c761f8a5-9c7c-472a-a5ef-26ebcbe615e6 (Data {pct : 91, mode : startup_runtime_logs})
09-09 09:17:59.493 19866 19952 I WM-Processor: Moving WorkSpec (c761f8a5-9c7c-472a-a5ef-26ebcbe615e6) to the foreground
09-09 09:17:59.506 19866 19866 D WM-SystemFgDispatcher: Notifying with (id:9882, workSpecId: c761f8a5-9c7c-472a-a5ef-26ebcbe615e6, notificationType :1)
09-09 09:17:59.718 19866 19943 D WM-WorkProgressUpdater: Updating progress for c761f8a5-9c7c-472a-a5ef-26ebcbe615e6 (Data {pct : 99, mode : startup_runtime_logs})
09-09 09:17:59.729 19866 19943 I WM-Processor: Moving WorkSpec (c761f8a5-9c7c-472a-a5ef-26ebcbe615e6) to the foreground
09-09 09:17:59.737 19866 19866 D WM-SystemFgDispatcher: Notifying with (id:9882, workSpecId: c761f8a5-9c7c-472a-a5ef-26ebcbe615e6, notificationType :1)
09-09 09:18:00.849 19866 19989 D GitHubUploader: uploadStream: done url=https://github.com/ishizuki-tech/SurveyExports/blob/main/diagnostics/runtime_logs/2026-09-09/runtime_logs_startup_runtime_20260909_161731_a68d1f31_receiver_my_package_repl/runtime_log_20260909_161733_544_pid19866_receiver_my_package_repl__rtlog_20260909_015050_909_pid25991_seq2.log sha=3fb7b1f768a4f384ddd27d508b4e9431470a9443
09-09 09:18:00.861 19866 19989 D RuntimeLogStore: deleteRolledLogFiles: deleted=1 excludeActive=true active=rtlog_20260909_161733_530_pid19866_seq2.log
09-09 09:18:00.867 19866 19952 I WM-Processor: Moving WorkSpec (c761f8a5-9c7c-472a-a5ef-26ebcbe615e6) to the foreground
09-09 09:18:00.875 19866 19866 D WM-SystemFgDispatcher: Notifying with (id:9882, workSpecId: c761f8a5-9c7c-472a-a5ef-26ebcbe615e6, notificationType :1)
09-09 09:18:00.879 19866 19952 I WM-WorkerWrapper: Worker result SUCCESS for Work [ id=c761f8a5-9c7c-472a-a5ef-26ebcbe615e6, tags={ com.negi.survey.net.GitHubUploadWorker,github_upload,github_upload:startup_runtime_logs } ]
09-09 09:18:00.887 19866 19866 D WM-Processor: Processor c761f8a5-9c7c-472a-a5ef-26ebcbe615e6 executed; reschedule = false
09-09 09:18:00.887 19866 19866 D WM-GreedyScheduler: Stopping tracking for WorkGenerationalId(workSpecId=c761f8a5-9c7c-472a-a5ef-26ebcbe615e6, generation=0)
09-09 09:18:00.889 19866 19866 D WM-SystemJobService: c761f8a5-9c7c-472a-a5ef-26ebcbe615e6 executed on JobScheduler
09-09 09:18:00.892 19866 19866 D WM-SystemFgDispatcher: Removing Notification (id: 9882, workSpecId: WorkGenerationalId(workSpecId=c761f8a5-9c7c-472a-a5ef-26ebcbe615e6, generation=0), notificationType: 1
09-09 09:18:00.893 19866 19866 I WM-SystemFgDispatcher: Stopping foreground service
09-09 09:18:00.893 19866 19866 D WM-SystemFgService: Shutting down.
09-09 09:18:00.894 19866 19943 D WM-GreedyScheduler: Cancelling work ID c761f8a5-9c7c-472a-a5ef-26ebcbe615e6
09-09 09:18:00.907 19866 19866 D WM-SystemJobService: onStopJob for WorkGenerationalId(workSpecId=c761f8a5-9c7c-472a-a5ef-26ebcbe615e6, generation=0)
09-09 09:18:00.913 19866 19952 D WM-PackageManagerHelper: androidx.work.impl.background.systemalarm.RescheduleReceiver disabled
09-09 09:18:00.918 19866 19952 D WM-WorkConstraintsTrack: NetworkRequestConstraintController unregister shared callback
09-09 09:19:39.837 20084 20084 I Zygote  : Process 20084 created for com.negi.survey
09-09 09:19:39.837 20084 20084 I com.negi.survey: Late-enabling -Xcheck:jni
09-09 09:19:39.900 20084 20084 I com.negi.survey: Using CollectorTypeCMC GC.
09-09 09:19:39.925 20084 20084 D nativeloader: Load libframework-connectivity-tiramisu-jni.so using APEX ns com_android_tethering for caller /apex/com.android.tethering/javalib/framework-connectivity-t.jar: ok
09-09 09:19:39.986 20084 20084 D ApplicationLoaders: Returning zygote-cached class loader: /system_ext/framework/androidx.window.extensions.jar
09-09 09:19:39.986 20084 20084 D ApplicationLoaders: Returning zygote-cached class loader: /system_ext/framework/androidx.window.sidecar.jar
09-09 09:19:40.708 20084 20084 D nativeloader: Configuring clns-9 for other apk /data/app/~~NOIyXNyVVsu8KZgtXbrE7w==/com.negi.survey-AP_yffEC43S78OHQAfat3A==/base.apk. target_sdk_version=36, uses_libraries=libOpenCL.so:libOpenCL-pixel.so, library_path=/data/app/~~NOIyXNyVVsu8KZgtXbrE7w==/com.negi.survey-AP_yffEC43S78OHQAfat3A==/lib/arm64:/data/app/~~NOIyXNyVVsu8KZgtXbrE7w==/com.negi.survey-AP_yffEC43S78OHQAfat3A==/base.apk!/lib/arm64-v8a, permitted_path=/data:/mnt/expand:/data/user/0/com.negi.survey
09-09 09:19:40.716 20084 20084 V GraphicsEnvironment: Currently set values for:
09-09 09:19:40.716 20084 20084 V GraphicsEnvironment:   angle_gl_driver_selection_pkgs=[com.android.angle]
09-09 09:19:40.716 20084 20084 V GraphicsEnvironment:   angle_gl_driver_selection_values=[angle]
09-09 09:19:40.716 20084 20084 V GraphicsEnvironment: com.negi.survey is not listed in per-application setting
09-09 09:19:40.716 20084 20084 V GraphicsEnvironment: No special selections for ANGLE, returning default driver choice
09-09 09:19:40.716 20084 20084 V GraphicsEnvironment: Neither updatable production driver nor prerelease driver is supported.
09-09 09:19:40.780 20084 20084 D nativeloader: Load /data/app/~~NOIyXNyVVsu8KZgtXbrE7w==/com.negi.survey-AP_yffEC43S78OHQAfat3A==/base.apk!/lib/arm64-v8a/liblitertlm_jni.so using class loader ns clns-9 (caller=/data/app/~~NOIyXNyVVsu8KZgtXbrE7w==/com.negi.survey-AP_yffEC43S78OHQAfat3A==/base.apk!classes10.dex): ok
09-09 09:19:40.780 20084 20084 D SurveyApp: Loaded LiteRTLM JNI: litertlm_jni where=attachBaseContext
09-09 09:19:40.824 20084 20161 D RuntimeLogStore: openWriter: start -> /data/user/0/com.negi.survey/files/diagnostics/runtime_logs/rtlog_20260909_161940_806_pid20084_seq1.log (bytes=0 format=LEGACY)
09-09 09:19:40.825 20084 20084 D AppRingLogStore: installed: dir=/data/user/0/com.negi.survey/files/diagnostics/applog_ring idx=0
09-09 09:19:40.825 20084 20084 D SurveyApp: attachBaseContext: pid=20084 process=com.negi.survey isMain=true sdk=36
09-09 09:19:40.826 20084 20084 D SurveyApp: bootTiming: attachBaseContext total=99ms
09-09 09:19:40.826 20084 20161 D RuntimeLogStore: retention: start files=2 kept=2 totalBytes=1743
09-09 09:19:40.826 20084 20084 D SurveyApp: Skipping WorkManager init in attachBaseContext; will init lazily on first enqueue.
09-09 09:19:40.829 20084 20084 D CrashCapture: install: ensured default handler. where=SurveyApp:attachBaseContext pid=20084 default=com.negi.survey.CrashCapture$CrashHandler@40755f6
09-09 09:19:40.829 20084 20084 D SurveyApp: CrashCapture installed: where=SurveyApp:attachBaseContext
09-09 09:19:40.836 20084 20084 E com.negi.survey: hiddenapi: Accessing hidden method Landroid/net/ssl/EchConfigMismatchException;->getRetryConfigList()Landroid/net/ssl/EchConfigList; (runtime_flags=0, domain=core-platform, api=blocked) from /data/app/~~NOIyXNyVVsu8KZgtXbrE7w==/com.negi.survey-AP_yffEC43S78OHQAfat3A==/base.apk!classes17.dex (domain=app, TargetSdkVersion=36) using linking: denied
09-09 09:19:40.836 20084 20084 E com.negi.survey: hiddenapi: Accessing hidden method Landroid/net/ssl/EchConfigList;->toBytes()[B (runtime_flags=0, domain=core-platform, api=blocked) from /data/app/~~NOIyXNyVVsu8KZgtXbrE7w==/com.negi.survey-AP_yffEC43S78OHQAfat3A==/base.apk!classes17.dex (domain=app, TargetSdkVersion=36) using linking: denied
09-09 09:19:40.836 20084 20084 E com.negi.survey: hiddenapi: Accessing hidden method Landroid/net/ssl/EchConfigList;->fromBytes([B)Landroid/net/ssl/EchConfigList; (runtime_flags=0, domain=core-platform, api=blocked) from /data/app/~~NOIyXNyVVsu8KZgtXbrE7w==/com.negi.survey-AP_yffEC43S78OHQAfat3A==/base.apk!classes17.dex (domain=app, TargetSdkVersion=36) using linking: denied
09-09 09:19:40.836 20084 20084 E com.negi.survey: hiddenapi: Accessing hidden method Landroid/net/ssl/SSLSockets;->setEchConfigList(Ljavax/net/ssl/SSLSocket;Landroid/net/ssl/EchConfigList;)V (runtime_flags=0, domain=core-platform, api=blocked) from /data/app/~~NOIyXNyVVsu8KZgtXbrE7w==/com.negi.survey-AP_yffEC43S78OHQAfat3A==/base.apk!classes17.dex (domain=app, TargetSdkVersion=36) using linking: denied
09-09 09:19:40.851 20084 20084 D SurveyApp: LiteRTLM JNI already loaded; skip. where=onCreate(retry)
09-09 09:19:40.852 20084 20084 D SurveyApp: bootTiming: RuntimeLogStore.start took=1ms
09-09 09:19:40.852 20084 20084 D SurveyApp: bootTiming: AppRingLogStore.install took=0ms
09-09 09:19:40.852 20084 20084 D SurveyApp: onCreate: pid=20084 process=com.negi.survey isMain=true sdk=36
09-09 09:19:40.864 20084 20084 D CrashCapture: install: ensured default handler. where=SurveyApp:onCreate(rewrap) pid=20084 default=com.negi.survey.CrashCapture$CrashHandler@40755f6
09-09 09:19:40.864 20084 20084 D SurveyApp: CrashCapture installed: where=SurveyApp:onCreate(rewrap)
09-09 09:19:40.864 20084 20084 D CrashCapture: registerSelfHealing: ActivityLifecycleCallbacks registered. mode=onResumedOnly
09-09 09:19:40.864 20084 20084 D SurveyApp: CrashCapture self-healing registered.
09-09 09:19:40.865 20084 20084 W SurveyApp: Startup enqueues deferred: delay=2500ms (to reduce init contention)
09-09 09:19:40.865 20084 20084 D SurveyApp: bootTiming: onCreate total=14ms
09-09 09:19:40.873 20084 20084 D ActivityThread: Package [com.negi.survey.test] reported as REPLACED, but missing application info. Assuming REMOVED.
09-09 09:19:40.874 20084 20084 D ActivityThread: Package [com.negi.survey.test] reported as REPLACED, but missing application info. Assuming REMOVED.
09-09 09:19:40.907 20084 20164 D UploadRescheduleRcvr: No GitHub pending files for action=android.intent.action.MY_PACKAGE_REPLACED
09-09 09:19:40.964 20084 20164 D github_upload: enqueueStartupRuntimeLogsUpload: uniqueName=upload_runtime_logs_startup policy=KEEP session=startup_runtime_20260909_161940_23c84c4c
09-09 09:19:41.044 20084 20164 D WM-PackageManagerHelper: Skipping component enablement for androidx.work.impl.background.systemjob.SystemJobService
09-09 09:19:41.044 20084 20164 D WM-Schedulers: Created SystemJobScheduler and enabled SystemJobService
09-09 09:19:41.054 20084 20169 D WM-ForceStopRunnable: Is default app process = true
09-09 09:19:41.055 20084 20169 D WM-ForceStopRunnable: Performing cleanup operations.
09-09 09:19:41.082 20084 20164 D UploadRescheduleRcvr: Enqueued runtime logs upload for action=android.intent.action.MY_PACKAGE_REPLACED reason=receiver_my_package_replaced
09-09 09:19:41.117 20084 20169 D WM-SystemJobScheduler: Reconciling jobs
09-09 09:19:41.151 20084 20169 D WM-ForceStopRunnable: Found unfinished work, scheduling it.
09-09 09:19:41.328 20084 20171 D WM-SystemJobScheduler: Scheduling work ID 98a80eea-6a45-47c0-991c-4004c39a23d5Job ID 192
09-09 09:19:41.337 20084 20171 D WM-GreedyScheduler: Starting tracking for 98a80eea-6a45-47c0-991c-4004c39a23d5
09-09 09:19:41.341 20084 20084 D WM-SystemJobService: onStartJob for WorkGenerationalId(workSpecId=98a80eea-6a45-47c0-991c-4004c39a23d5, generation=0)
09-09 09:19:41.395 20084 20171 D WM-Processor: Processor: processing WorkGenerationalId(workSpecId=98a80eea-6a45-47c0-991c-4004c39a23d5, generation=0)
09-09 09:19:41.460 20084 20084 D WM-WorkerWrapper: Starting work for com.negi.survey.net.GitHubUploadWorker
09-09 09:19:41.464 20084 20171 D WM-WorkConstraintsTrack: NetworkRequestConstraintController register shared callback
09-09 09:19:41.489 20084 20171 D WM-PackageManagerHelper: androidx.work.impl.background.systemalarm.RescheduleReceiver enabled
09-09 09:19:41.492 20084 20173 D WM-WorkConstraintsTrack: NetworkRequestConstraintController onCapabilitiesChanged callback
09-09 09:19:41.492 20084 20173 D WM-WorkConstraintsTrack: Not dispatching constraint state yet: isBlocked=null, capabilitiesInitialized=true
09-09 09:19:41.492 20084 20173 D WM-WorkConstraintsTrack: NetworkRequestConstraintController onBlockedStatusChanged callback false
09-09 09:19:41.508 20084 20171 I WM-Processor: Moving WorkSpec (98a80eea-6a45-47c0-991c-4004c39a23d5) to the foreground
09-09 09:19:41.539 20084 20084 I WM-SystemFgDispatcher: Started foreground service Intent { act=ACTION_START_FOREGROUND xflg=0x4 cmp=com.negi.survey/androidx.work.impl.foreground.SystemForegroundService (has extras) }
09-09 09:19:41.540 20084 20084 D WM-SystemFgDispatcher: Notifying with (id:6267, workSpecId: 98a80eea-6a45-47c0-991c-4004c39a23d5, notificationType :1)
09-09 09:19:41.543 20084 20171 D WM-WorkProgressUpdater: Updating progress for 98a80eea-6a45-47c0-991c-4004c39a23d5 (Data {pct : 3, mode : startup_runtime_logs})
09-09 09:19:41.543 20084 20084 D WM-SystemFgDispatcher: Notifying with (id:6267, workSpecId: 98a80eea-6a45-47c0-991c-4004c39a23d5, notificationType :1)
09-09 09:19:41.559 20084 20171 D WM-GreedyScheduler: Constraints met: Scheduling work ID WorkGenerationalId(workSpecId=98a80eea-6a45-47c0-991c-4004c39a23d5, generation=0)
09-09 09:19:41.571 20084 20171 I WM-Processor: Moving WorkSpec (98a80eea-6a45-47c0-991c-4004c39a23d5) to the foreground
09-09 09:19:41.577 20084 20084 D WM-SystemFgDispatcher: Notifying with (id:6267, workSpecId: 98a80eea-6a45-47c0-991c-4004c39a23d5, notificationType :1)
09-09 09:19:41.583 20084 20171 D WM-Processor: Work WorkGenerationalId(workSpecId=98a80eea-6a45-47c0-991c-4004c39a23d5, generation=0) is already enqueued for processing
09-09 09:19:41.586 20084 20171 D WM-WorkConstraintsTrack: NetworkRequestConstraintController send initial capabilities
09-09 09:19:42.754 20084 20161 D RuntimeLogStore: openWriter: rotate:plain_snapshot:receiver_my_package_repl -> /data/user/0/com.negi.survey/files/diagnostics/runtime_logs/rtlog_20260909_161942_752_pid20084_seq2.log (bytes=0 format=LEGACY)
09-09 09:19:42.755 20084 20161 D RuntimeLogStore: retention: rotate:plain_snapshot:receiver_my_package_repl files=3 kept=3 totalBytes=3453
09-09 09:19:42.776 20084 20164 D github_upload: doRuntimeLogsUpload: remoteBaseDir=diagnostics/runtime_logs/2026-09-09/runtime_logs_startup_runtime_20260909_161940_23c84c4c_receiver_my_package_repl toUpload=2 bytes=3117 dedupe=true deleteSource=true deletedSourcePre=0 preview='runtime_log_20260909_161942_760_pid20084_receiver_my_package_repl__rtlog_20260909_161940_806_pid20084_seq1.log|runtime_log_20260909_161942_760_pid20084_receiver_my_package_repl__rtlog_20260909_161733_530_pid19866_seq2.log'
09-09 09:19:42.779 20084 20164 D GitHubUploader: uploadStream: owner=ishizuki-tech repo=SurveyExports branch=main path=diagnostics/runtime_logs/2026-09-09/runtime_logs_startup_runtime_20260909_161940_23c84c4c_receiver_my_package_repl/runtime_log_20260909_161942_760_pid20084_receiver_my_package_repl__rtlog_20260909_161940_806_pid20084_seq1.log size=1691 maxRawBytesHint=1000000 maxRequestBytesHint=2800000
09-09 09:19:42.781 20084 20169 D WM-WorkProgressUpdater: Updating progress for 98a80eea-6a45-47c0-991c-4004c39a23d5 (Data {pct : 10, mode : startup_runtime_logs})
09-09 09:19:42.810 20084 20169 I WM-Processor: Moving WorkSpec (98a80eea-6a45-47c0-991c-4004c39a23d5) to the foreground
09-09 09:19:42.819 20084 20084 D WM-SystemFgDispatcher: Notifying with (id:6267, workSpecId: 98a80eea-6a45-47c0-991c-4004c39a23d5, notificationType :1)
09-09 09:19:43.309 20084 20171 D WM-WorkProgressUpdater: Updating progress for 98a80eea-6a45-47c0-991c-4004c39a23d5 (Data {pct : 14, mode : startup_runtime_logs})
09-09 09:19:43.341 20084 20171 I WM-Processor: Moving WorkSpec (98a80eea-6a45-47c0-991c-4004c39a23d5) to the foreground
09-09 09:19:43.353 20084 20171 D WM-WorkProgressUpdater: Updating progress for 98a80eea-6a45-47c0-991c-4004c39a23d5 (Data {pct : 50, mode : startup_runtime_logs})
09-09 09:19:43.354 20084 20084 D WM-SystemFgDispatcher: Notifying with (id:6267, workSpecId: 98a80eea-6a45-47c0-991c-4004c39a23d5, notificationType :1)
09-09 09:19:43.365 20084 20084 W SurveyApp: Deferred startup enqueues begin...
09-09 09:19:43.367 20084 20084 D SurveyApp: WorkManager available. where=startupRtLogs(immediate) took=0ms
09-09 09:19:43.373 20084 20171 I WM-Processor: Moving WorkSpec (98a80eea-6a45-47c0-991c-4004c39a23d5) to the foreground
09-09 09:19:43.374 20084 20084 D SurveyApp: Startup runtime logs target -> owner=ishizuki-tech repo=SurveyExports branch=main base='/diagnostics/runtime_logs'
09-09 09:19:43.378 20084 20084 D github_upload: enqueueStartupRuntimeLogsUpload: uniqueName=upload_runtime_logs_startup policy=KEEP session=startup_runtime_20260909_161943_cad5edd0
09-09 09:19:43.379 20084 20084 D SurveyApp: Startup runtime logs: enqueue requested (immediate).
09-09 09:19:43.379 20084 20084 D SurveyApp: WorkManager available. where=startupRingLogs(immediate) took=0ms
09-09 09:19:43.388 20084 20084 D SurveyApp: Startup ring logs target -> owner=ishizuki-tech repo=SurveyExports branch=main base='/diagnostics/applog_ring'
09-09 09:19:43.392 20084 20084 D github_upload: enqueueStartupRingLogsUpload: uniqueName=upload_ring_logs_startup policy=KEEP session=startup_ring_20260909_161943_e5b3dbd4
09-09 09:19:43.392 20084 20084 D SurveyApp: Startup ring logs: enqueue requested (immediate).
09-09 09:19:43.392 20084 20084 D SurveyApp: WorkManager available. where=enqueuePending(immediate) took=0ms
09-09 09:19:43.393 20084 20084 D SurveyApp: CrashCapture pending uploads requested (immediate).
09-09 09:19:43.394 20084 20084 W SurveyApp: Deferred startup enqueues done: took=28ms
09-09 09:19:43.394 20084 20179 D CrashCapture: enqueuePendingCrashUploadsIfPossible enter where=SurveyApp:enqueuePending(immediate):bg pid=20084 thread=CrashCapture-Enqueue
09-09 09:19:43.395 20084 20084 D WM-SystemFgDispatcher: Notifying with (id:6267, workSpecId: 98a80eea-6a45-47c0-991c-4004c39a23d5, notificationType :1)
09-09 09:19:43.471 20084 20170 D WM-SystemJobScheduler: Scheduling work ID 65557024-0b19-4c6a-aa41-6864db240092Job ID 193
09-09 09:19:43.477 20084 20170 D WM-GreedyScheduler: Starting tracking for 65557024-0b19-4c6a-aa41-6864db240092
09-09 09:19:43.477 20084 20084 D WM-SystemJobService: onStartJob for WorkGenerationalId(workSpecId=65557024-0b19-4c6a-aa41-6864db240092, generation=0)
09-09 09:19:43.485 20084 20170 D WM-Processor: Processor: processing WorkGenerationalId(workSpecId=65557024-0b19-4c6a-aa41-6864db240092, generation=0)
