=== Previous Session Logcat ===
captured_time_utc=20260922_192356
captured_time_local=20260922_122356
marker=2026-09-22 12:20:40.033
preferred_prev_pid=-1
note=best-effort; buffers may be overwritten before next start
sdk=36
device=Google Pixel 9a
appId=com.negi.survey
versionName=0.0.1
versionCode=1

=== Logcat (since marker) ===
--------- beginning of main
09-22 12:20:40.033  8302  8398 D CrashCapture: Staged prev session logcat: /data/user/0/com.negi.survey/files/diagnostics/crash/prevlog_20260922_192039_pid8302.log bytes=34183 marker=2026-09-22 11:34:02.539 pid=-1
09-22 12:20:40.035  8302  8302 D WM-SystemFgDispatcher: Notifying with (id:6117, workSpecId: 5aaf3b43-9747-40b9-a943-ec61724acf9d, notificationType :1)
09-22 12:20:40.035  8302  8376 D WM-Processor: Work WorkGenerationalId(workSpecId=5aaf3b43-9747-40b9-a943-ec61724acf9d, generation=0) is already enqueued for processing
09-22 12:20:40.040  8302  8376 D WM-WorkConstraintsTrack: NetworkRequestConstraintController send initial capabilities
09-22 12:20:40.046  8302  8398 D CrashCapture: Persisted logcat marker for next run: 2026-09-22 12:20:40.033
09-22 12:20:40.054  8302  8398 D CrashCapture: GitHub hints: owner=ishizuki-tech repo=SurveyExports branch=main pathPrefix=diagnostics/crash
09-22 12:20:40.055  8302  8398 D CrashCapture: Enqueuing GitHub crash uploads… (mirror-first) where=SurveyApp:enqueuePending(immediate):bg
09-22 12:20:40.059  8302  8398 D CrashCapture: GitHub enqueue(crash file): name=prevlog_20260922_192039_pid8302.log bytes=34183 remote=prevlog_20260922_192039_pid8302.log where=SurveyApp:enqueuePending(immediate):bg
09-22 12:20:40.069  8302  8398 D CrashCapture: GitHub enqueue(crash file): name=prevlog_20260922_183402_pid6675.log bytes=15765 remote=prevlog_20260922_183402_pid6675.log where=SurveyApp:enqueuePending(immediate):bg
09-22 12:20:40.074  8302  8398 D CrashCapture: GitHub enqueue(crash file): name=prevlog_20260922_003409_pid30537.log bytes=17365 remote=prevlog_20260922_003409_pid30537.log where=SurveyApp:enqueuePending(immediate):bg
09-22 12:20:40.079  8302  8398 D CrashCapture: GitHub enqueue(crash file): name=prevlog_20260921_234701_pid28865.log bytes=18217 remote=prevlog_20260921_234701_pid28865.log where=SurveyApp:enqueuePending(immediate):bg
09-22 12:20:40.083  8302  8398 D CrashCapture: GitHub enqueue(crash file): name=prevlog_20260921_231414_pid27009.log bytes=16547 remote=prevlog_20260921_231414_pid27009.log where=SurveyApp:enqueuePending(immediate):bg
09-22 12:20:40.087  8302  8398 D CrashCapture: GitHub enqueue(crash file): name=prevlog_20260921_225012_pid24515.log bytes=14134 remote=prevlog_20260921_225012_pid24515.log where=SurveyApp:enqueuePending(immediate):bg
09-22 12:20:40.091  8302  8398 D CrashCapture: GitHub enqueue(crash file): name=exit_20260916_221420_1789596860056_pid20773_r3.log bytes=377 remote=exit_20260916_221420_1789596860056_pid20773_r3.log where=SurveyApp:enqueuePending(immediate):bg
09-22 12:20:40.101  8302  8398 D CrashCapture: GitHub enqueue(ring file): bytes=43364 remote=ring_store/20260922_192040_pid8302_u530701/seg_00.log src=seg_00.log where=SurveyApp:enqueuePending(immediate):bg
09-22 12:20:40.103  8302  8373 D GitHubUploader: uploadStream: done url=https://github.com/ishizuki-tech/SurveyExports/blob/main/2026-09-22/exports/survey_1ab2b0d7-1005-4f13-a236-a9f361c72158_2026-09-22_11-37-48.json sha=0b651cea5140b995281761ebac221db3261c5ef9
09-22 12:20:40.103  8302  8398 D CrashCapture: Ring store enqueue done. dir=/data/user/0/com.negi.survey/files/diagnostics/applog_ring files=1 bytes=43364 capFiles=300 capBytes=90000000 where=SurveyApp:enqueuePending(immediate):bg
09-22 12:20:40.118  8302  8376 D WM-SystemJobScheduler: Scheduling work ID d08e0b0c-fcaa-4847-bff9-41d6acf45af3Job ID 71
09-22 12:20:40.129  8302  8376 D WM-GreedyScheduler: Starting tracking for d08e0b0c-fcaa-4847-bff9-41d6acf45af3
09-22 12:20:40.129  8302  8302 D WM-SystemJobService: onStartJob for WorkGenerationalId(workSpecId=d08e0b0c-fcaa-4847-bff9-41d6acf45af3, generation=0)
09-22 12:20:40.159  8302  8376 D WM-SystemJobScheduler: Scheduling work ID 02f5f969-610c-4699-84fe-d2ed84f33a99Job ID 72
09-22 12:20:40.164  8302  8376 D WM-GreedyScheduler: Starting tracking for d08e0b0c-fcaa-4847-bff9-41d6acf45af3,02f5f969-610c-4699-84fe-d2ed84f33a99
09-22 12:20:40.164  8302  8302 D WM-SystemJobService: onStartJob for WorkGenerationalId(workSpecId=02f5f969-610c-4699-84fe-d2ed84f33a99, generation=0)
09-22 12:20:40.185  8302  8376 D WM-SystemJobScheduler: Scheduling work ID 6a4c4565-bb81-4b21-9503-8f41d1db9bd9Job ID 73
09-22 12:20:40.190  8302  8376 D WM-GreedyScheduler: Starting tracking for d08e0b0c-fcaa-4847-bff9-41d6acf45af3,02f5f969-610c-4699-84fe-d2ed84f33a99,6a4c4565-bb81-4b21-9503-8f41d1db9bd9
09-22 12:20:40.195  8302  8302 D WM-SystemJobService: onStartJob for WorkGenerationalId(workSpecId=6a4c4565-bb81-4b21-9503-8f41d1db9bd9, generation=0)
09-22 12:20:40.203  8302  8376 D WM-SystemJobScheduler: Scheduling work ID 94c2f032-5bdc-467d-8532-f7f72cb2a367Job ID 74
09-22 12:20:40.206  8302  8376 D WM-GreedyScheduler: Starting tracking for d08e0b0c-fcaa-4847-bff9-41d6acf45af3,02f5f969-610c-4699-84fe-d2ed84f33a99,94c2f032-5bdc-467d-8532-f7f72cb2a367,6a4c4565-bb81-4b21-9503-8f41d1db9bd9
09-22 12:20:40.207  8302  8302 D WM-SystemJobService: onStartJob for WorkGenerationalId(workSpecId=94c2f032-5bdc-467d-8532-f7f72cb2a367, generation=0)
09-22 12:20:40.217  8302  8376 D WM-SystemJobScheduler: Scheduling work ID f1c5e4d1-507f-40bd-a9b5-8864655f4375Job ID 75
09-22 12:20:40.220  8302  8376 D WM-GreedyScheduler: Starting tracking for f1c5e4d1-507f-40bd-a9b5-8864655f4375,d08e0b0c-fcaa-4847-bff9-41d6acf45af3,02f5f969-610c-4699-84fe-d2ed84f33a99,94c2f032-5bdc-467d-8532-f7f72cb2a367,6a4c4565-bb81-4b21-9503-8f41d1db9bd9
09-22 12:20:40.220  8302  8302 D WM-SystemJobService: onStartJob for WorkGenerationalId(workSpecId=f1c5e4d1-507f-40bd-a9b5-8864655f4375, generation=0)
09-22 12:20:40.247  8302  8376 D WM-SystemJobScheduler: Scheduling work ID 31e8aa02-9d91-4dc5-8cd8-f4a723fb66d0Job ID 76
09-22 12:20:40.253  8302  8376 D WM-GreedyScheduler: Starting tracking for f1c5e4d1-507f-40bd-a9b5-8864655f4375,31e8aa02-9d91-4dc5-8cd8-f4a723fb66d0,d08e0b0c-fcaa-4847-bff9-41d6acf45af3,02f5f969-610c-4699-84fe-d2ed84f33a99,94c2f032-5bdc-467d-8532-f7f72cb2a367,6a4c4565-bb81-4b21-9503-8f41d1db9bd9
09-22 12:20:40.253  8302  8302 D WM-SystemJobService: onStartJob for WorkGenerationalId(workSpecId=31e8aa02-9d91-4dc5-8cd8-f4a723fb66d0, generation=0)
09-22 12:20:40.271  8302  8376 D WM-SystemJobScheduler: Scheduling work ID 6d977f2d-9c81-455c-8519-b35d0b123c16Job ID 77
09-22 12:20:40.275  8302  8376 D WM-GreedyScheduler: Starting tracking for f1c5e4d1-507f-40bd-a9b5-8864655f4375,31e8aa02-9d91-4dc5-8cd8-f4a723fb66d0,d08e0b0c-fcaa-4847-bff9-41d6acf45af3,02f5f969-610c-4699-84fe-d2ed84f33a99,6d977f2d-9c81-455c-8519-b35d0b123c16,94c2f032-5bdc-467d-8532-f7f72cb2a367,6a4c4565-bb81-4b21-9503-8f41d1db9bd9
09-22 12:20:40.276  8302  8302 D WM-SystemJobService: onStartJob for WorkGenerationalId(workSpecId=6d977f2d-9c81-455c-8519-b35d0b123c16, generation=0)
09-22 12:20:40.276  8302  8376 D WM-WorkProgressUpdater: Updating progress for 0efdd9d9-a7b3-4ca8-91e9-5ea134b3512a (Data {pct : 95, mode : file})
09-22 12:20:40.280  8302  8376 I WM-Processor: Moving WorkSpec (0efdd9d9-a7b3-4ca8-91e9-5ea134b3512a) to the foreground
09-22 12:20:40.283  8302  8302 D WM-SystemFgDispatcher: Notifying with (id:9353, workSpecId: 0efdd9d9-a7b3-4ca8-91e9-5ea134b3512a, notificationType :1)
09-22 12:20:40.295  8302  8376 D WM-SystemJobScheduler: Scheduling work ID 14d7f47d-c1a6-484e-9481-796112db70d8Job ID 78
09-22 12:20:40.297  8302  8376 D WM-GreedyScheduler: Starting tracking for f1c5e4d1-507f-40bd-a9b5-8864655f4375,31e8aa02-9d91-4dc5-8cd8-f4a723fb66d0,14d7f47d-c1a6-484e-9481-796112db70d8,d08e0b0c-fcaa-4847-bff9-41d6acf45af3,02f5f969-610c-4699-84fe-d2ed84f33a99,6d977f2d-9c81-455c-8519-b35d0b123c16,94c2f032-5bdc-467d-8532-f7f72cb2a367,6a4c4565-bb81-4b21-9503-8f41d1db9bd9
09-22 12:20:40.299  8302  8376 I WM-Processor: Moving WorkSpec (0efdd9d9-a7b3-4ca8-91e9-5ea134b3512a) to the foreground
09-22 12:20:40.301  8302  8302 D WM-SystemFgDispatcher: Notifying with (id:9353, workSpecId: 0efdd9d9-a7b3-4ca8-91e9-5ea134b3512a, notificationType :1)
09-22 12:20:40.302  8302  8376 I WM-WorkerWrapper: Worker result SUCCESS for Work [ id=0efdd9d9-a7b3-4ca8-91e9-5ea134b3512a, tags={ com.negi.survey.net.GitHubUploadWorker,github_upload,github_upload:file:exports_survey_1ab2b0d7-1005-4f13-a236-a9f361c72158_2026-09-22_11-37-48.json } ]
09-22 12:20:40.306  8302  8376 D WM-Processor: Processor: processing WorkGenerationalId(workSpecId=d08e0b0c-fcaa-4847-bff9-41d6acf45af3, generation=0)
09-22 12:20:40.308  8302  8302 D WM-Processor: Processor 0efdd9d9-a7b3-4ca8-91e9-5ea134b3512a executed; reschedule = false
09-22 12:20:40.309  8302  8302 D WM-GreedyScheduler: Stopping tracking for WorkGenerationalId(workSpecId=0efdd9d9-a7b3-4ca8-91e9-5ea134b3512a, generation=0)
09-22 12:20:40.312  8302  8302 D WM-SystemJobService: 0efdd9d9-a7b3-4ca8-91e9-5ea134b3512a executed on JobScheduler
09-22 12:20:40.320  8302  8302 D WM-SystemFgDispatcher: Removing Notification (id: 9353, workSpecId: WorkGenerationalId(workSpecId=0efdd9d9-a7b3-4ca8-91e9-5ea134b3512a, generation=0), notificationType: 1
09-22 12:20:40.321  8302  8376 D WM-Processor: Processor: processing WorkGenerationalId(workSpecId=02f5f969-610c-4699-84fe-d2ed84f33a99, generation=0)
09-22 12:20:40.324  8302  8376 D WM-Processor: Processor: processing WorkGenerationalId(workSpecId=6a4c4565-bb81-4b21-9503-8f41d1db9bd9, generation=0)
09-22 12:20:40.326  8302  8302 D WM-SystemJobService: onStartJob for WorkGenerationalId(workSpecId=14d7f47d-c1a6-484e-9481-796112db70d8, generation=0)
09-22 12:20:40.328  8302  8376 D WM-Processor: Processor: processing WorkGenerationalId(workSpecId=94c2f032-5bdc-467d-8532-f7f72cb2a367, generation=0)
09-22 12:20:40.331  8302  8376 D WM-Processor: Processor: processing WorkGenerationalId(workSpecId=f1c5e4d1-507f-40bd-a9b5-8864655f4375, generation=0)
09-22 12:20:40.335  8302  8376 D WM-Processor: Processor: processing WorkGenerationalId(workSpecId=31e8aa02-9d91-4dc5-8cd8-f4a723fb66d0, generation=0)
09-22 12:20:40.339  8302  8376 D WM-Processor: Processor: processing WorkGenerationalId(workSpecId=6d977f2d-9c81-455c-8519-b35d0b123c16, generation=0)
09-22 12:20:40.345  8302  8302 D WM-WorkerWrapper: Starting work for com.negi.survey.net.GitHubUploadWorker
09-22 12:20:40.348  8302  8376 D WM-GreedyScheduler: Cancelling work ID 0efdd9d9-a7b3-4ca8-91e9-5ea134b3512a
09-22 12:20:40.352  8302  8376 D WM-GreedyScheduler: Starting tracking for f1c5e4d1-507f-40bd-a9b5-8864655f4375,31e8aa02-9d91-4dc5-8cd8-f4a723fb66d0,14d7f47d-c1a6-484e-9481-796112db70d8,02f5f969-610c-4699-84fe-d2ed84f33a99,6d977f2d-9c81-455c-8519-b35d0b123c16,94c2f032-5bdc-467d-8532-f7f72cb2a367,6a4c4565-bb81-4b21-9503-8f41d1db9bd9
09-22 12:20:40.359  8302  8302 D WM-WorkerWrapper: Starting work for com.negi.survey.net.GitHubUploadWorker
09-22 12:20:40.363  8302  8302 D WM-WorkerWrapper: Starting work for com.negi.survey.net.GitHubUploadWorker
09-22 12:20:40.365  8302  8376 D WM-Processor: Processor: processing WorkGenerationalId(workSpecId=14d7f47d-c1a6-484e-9481-796112db70d8, generation=0)
09-22 12:20:40.369  8302  8302 D WM-WorkerWrapper: Starting work for com.negi.survey.net.GitHubUploadWorker
09-22 12:20:40.373  8302  8302 D WM-WorkerWrapper: Starting work for com.negi.survey.net.GitHubUploadWorker
09-22 12:20:40.378  8302  8302 D WM-WorkerWrapper: Starting work for com.negi.survey.net.GitHubUploadWorker
09-22 12:20:40.382  8302  8302 D WM-WorkerWrapper: Starting work for com.negi.survey.net.GitHubUploadWorker
09-22 12:20:40.382  8302  8376 D WM-WorkConstraintsTrack: NetworkRequestConstraintController send initial capabilities
09-22 12:20:40.382  8302  8376 D WM-WorkConstraintsTrack: NetworkRequestConstraintController send initial capabilities
09-22 12:20:40.384  8302  8376 I WM-Processor: Moving WorkSpec (d08e0b0c-fcaa-4847-bff9-41d6acf45af3) to the foreground
09-22 12:20:40.387  8302  8302 I WM-SystemFgDispatcher: Started foreground service Intent { act=ACTION_START_FOREGROUND xflg=0x4 cmp=com.negi.survey/androidx.work.impl.foreground.SystemForegroundService (has extras) }
09-22 12:20:40.388  8302  8376 D WM-WorkConstraintsTrack: NetworkRequestConstraintController send initial capabilities
09-22 12:20:40.389  8302  8302 D WM-SystemFgDispatcher: Notifying with (id:5189, workSpecId: d08e0b0c-fcaa-4847-bff9-41d6acf45af3, notificationType :1)
09-22 12:20:40.389  8302  8376 D WM-WorkConstraintsTrack: NetworkRequestConstraintController send initial capabilities
09-22 12:20:40.390  8302  8376 I WM-Processor: Moving WorkSpec (02f5f969-610c-4699-84fe-d2ed84f33a99) to the foreground
09-22 12:20:40.394  8302  8372 D GitHubUploader: uploadStream: owner=ishizuki-tech repo=SurveyExports branch=main path=diagnostics/crash/2026-09-22/prevlog_20260922_192039_pid8302.log size=34183 maxRawBytesHint=1000000 maxRequestBytesHint=2800000
09-22 12:20:40.400  8302  8373 D GitHubUploader: uploadStream: owner=ishizuki-tech repo=SurveyExports branch=main path=diagnostics/crash/2026-09-22/prevlog_20260922_183402_pid6675.log size=15765 maxRawBytesHint=1000000 maxRequestBytesHint=2800000
09-22 12:20:40.400  8302  8302 D WM-SystemFgDispatcher: Notifying with (id:5189, workSpecId: d08e0b0c-fcaa-4847-bff9-41d6acf45af3, notificationType :1)
09-22 12:20:40.402  8302  8376 I WM-Processor: Moving WorkSpec (6a4c4565-bb81-4b21-9503-8f41d1db9bd9) to the foreground
09-22 12:20:40.405  8302  8302 I WM-SystemFgDispatcher: Started foreground service Intent { act=ACTION_START_FOREGROUND xflg=0x4 cmp=com.negi.survey/androidx.work.impl.foreground.SystemForegroundService (has extras) }
09-22 12:20:40.405  8302  8302 D WM-SystemFgDispatcher: Notifying with (id:6240, workSpecId: 02f5f969-610c-4699-84fe-d2ed84f33a99, notificationType :1)
09-22 12:20:40.406  8302  8376 D WM-WorkConstraintsTrack: NetworkRequestConstraintController send initial capabilities
09-22 12:20:40.413  8302  8379 I WM-Processor: Moving WorkSpec (94c2f032-5bdc-467d-8532-f7f72cb2a367) to the foreground
09-22 12:20:40.417  8302  8390 D GitHubUploader: uploadStream: owner=ishizuki-tech repo=SurveyExports branch=main path=diagnostics/crash/2026-09-22/prevlog_20260922_003409_pid30537.log size=17365 maxRawBytesHint=1000000 maxRequestBytesHint=2800000
09-22 12:20:40.419  8302  8302 D WM-SystemFgDispatcher: Notifying with (id:6240, workSpecId: 02f5f969-610c-4699-84fe-d2ed84f33a99, notificationType :1)
09-22 12:20:40.424  8302  8302 D WM-WorkerWrapper: Starting work for com.negi.survey.net.GitHubUploadWorker
09-22 12:20:40.425  8302  8302 I WM-SystemFgDispatcher: Started foreground service Intent { act=ACTION_START_FOREGROUND xflg=0x4 cmp=com.negi.survey/androidx.work.impl.foreground.SystemForegroundService (has extras) }
09-22 12:20:40.425  8302  8302 D WM-SystemFgDispatcher: Notifying with (id:3775, workSpecId: 6a4c4565-bb81-4b21-9503-8f41d1db9bd9, notificationType :1)
09-22 12:20:40.429  8302  8374 D GitHubUploader: uploadStream: owner=ishizuki-tech repo=SurveyExports branch=main path=diagnostics/crash/2026-09-22/prevlog_20260921_234701_pid28865.log size=18217 maxRawBytesHint=1000000 maxRequestBytesHint=2800000
09-22 12:20:40.429  8302  8302 D WM-SystemFgDispatcher: Notifying with (id:3775, workSpecId: 6a4c4565-bb81-4b21-9503-8f41d1db9bd9, notificationType :1)
09-22 12:20:40.433  8302  8302 I WM-SystemFgDispatcher: Started foreground service Intent { act=ACTION_START_FOREGROUND xflg=0x4 cmp=com.negi.survey/androidx.work.impl.foreground.SystemForegroundService (has extras) }
09-22 12:20:40.433  8302  8302 D WM-SystemFgDispatcher: Notifying with (id:10156, workSpecId: 94c2f032-5bdc-467d-8532-f7f72cb2a367, notificationType :1)
09-22 12:20:40.434  8302  8379 I WM-Processor: Moving WorkSpec (f1c5e4d1-507f-40bd-a9b5-8864655f4375) to the foreground
09-22 12:20:40.440  8302  8379 D WM-WorkConstraintsTrack: NetworkRequestConstraintController send initial capabilities
09-22 12:20:40.441  8302  8302 D WM-SystemFgDispatcher: Notifying with (id:10156, workSpecId: 94c2f032-5bdc-467d-8532-f7f72cb2a367, notificationType :1)
09-22 12:20:40.441  8302  8379 D WM-WorkConstraintsTrack: NetworkRequestConstraintController send initial capabilities
09-22 12:20:40.442  8302  8379 D WM-WorkConstraintsTrack: NetworkRequestConstraintController send initial capabilities
09-22 12:20:40.442  8302  8388 D GitHubUploader: uploadStream: owner=ishizuki-tech repo=SurveyExports branch=main path=diagnostics/crash/2026-09-22/prevlog_20260921_231414_pid27009.log size=16547 maxRawBytesHint=1000000 maxRequestBytesHint=2800000
09-22 12:20:40.445  8302  8302 I WM-SystemFgDispatcher: Started foreground service Intent { act=ACTION_START_FOREGROUND xflg=0x4 cmp=com.negi.survey/androidx.work.impl.foreground.SystemForegroundService (has extras) }
09-22 12:20:40.445  8302  8302 D WM-SystemFgDispatcher: Notifying with (id:5385, workSpecId: f1c5e4d1-507f-40bd-a9b5-8864655f4375, notificationType :1)
09-22 12:20:40.445  8302  8379 I WM-Processor: Moving WorkSpec (31e8aa02-9d91-4dc5-8cd8-f4a723fb66d0) to the foreground
09-22 12:20:40.452  8302  8302 D WM-SystemFgDispatcher: Notifying with (id:5385, workSpecId: f1c5e4d1-507f-40bd-a9b5-8864655f4375, notificationType :1)
09-22 12:20:40.454  8302  8379 I WM-Processor: Moving WorkSpec (6d977f2d-9c81-455c-8519-b35d0b123c16) to the foreground
09-22 12:20:40.461  8302  8379 D WM-WorkProgressUpdater: Updating progress for 02f5f969-610c-4699-84fe-d2ed84f33a99 (Data {pct : 0, mode : file})
09-22 12:20:40.464  8302  8302 I WM-SystemFgDispatcher: Started foreground service Intent { act=ACTION_START_FOREGROUND xflg=0x4 cmp=com.negi.survey/androidx.work.impl.foreground.SystemForegroundService (has extras) }
09-22 12:20:40.464  8302  8302 D WM-SystemFgDispatcher: Notifying with (id:4668, workSpecId: 31e8aa02-9d91-4dc5-8cd8-f4a723fb66d0, notificationType :1)
09-22 12:20:40.465  8302  8404 D GitHubUploader: uploadStream: owner=ishizuki-tech repo=SurveyExports branch=main path=diagnostics/crash/2026-09-22/prevlog_20260921_225012_pid24515.log size=14134 maxRawBytesHint=1000000 maxRequestBytesHint=2800000
09-22 12:20:40.467  8302  8403 D GitHubUploader: uploadStream: owner=ishizuki-tech repo=SurveyExports branch=main path=diagnostics/crash/2026-09-22/exit_20260916_221420_1789596860056_pid20773_r3.log size=377 maxRawBytesHint=1000000 maxRequestBytesHint=2800000
09-22 12:20:40.469  8302  8379 I WM-Processor: Moving WorkSpec (02f5f969-610c-4699-84fe-d2ed84f33a99) to the foreground
09-22 12:20:40.472  8302  8379 D WM-WorkProgressUpdater: Updating progress for d08e0b0c-fcaa-4847-bff9-41d6acf45af3 (Data {pct : 0, mode : file})
09-22 12:20:40.475  8302  8302 D WM-SystemFgDispatcher: Notifying with (id:4668, workSpecId: 31e8aa02-9d91-4dc5-8cd8-f4a723fb66d0, notificationType :1)
09-22 12:20:40.479  8302  8379 I WM-Processor: Moving WorkSpec (d08e0b0c-fcaa-4847-bff9-41d6acf45af3) to the foreground
09-22 12:20:40.481  8302  8379 D WM-WorkProgressUpdater: Updating progress for 23ee05b2-51c6-4041-afe9-28ae67ff8caf (Data {pct : 14, mode : startup_runtime_logs})
09-22 12:20:40.482  8302  8302 I WM-SystemFgDispatcher: Started foreground service Intent { act=ACTION_START_FOREGROUND xflg=0x4 cmp=com.negi.survey/androidx.work.impl.foreground.SystemForegroundService (has extras) }
09-22 12:20:40.482  8302  8302 D WM-SystemFgDispatcher: Notifying with (id:10072, workSpecId: 6d977f2d-9c81-455c-8519-b35d0b123c16, notificationType :1)
09-22 12:20:40.486  8302  8302 D WM-SystemFgDispatcher: Notifying with (id:10072, workSpecId: 6d977f2d-9c81-455c-8519-b35d0b123c16, notificationType :1)
09-22 12:20:40.487  8302  8379 I WM-Processor: Moving WorkSpec (23ee05b2-51c6-4041-afe9-28ae67ff8caf) to the foreground
09-22 12:20:40.489  8302  8379 D WM-WorkProgressUpdater: Updating progress for 6a4c4565-bb81-4b21-9503-8f41d1db9bd9 (Data {pct : 0, mode : file})
09-22 12:20:40.492  8302  8302 D WM-SystemFgDispatcher: Notifying with (id:6240, workSpecId: 02f5f969-610c-4699-84fe-d2ed84f33a99, notificationType :1)
09-22 12:20:40.494  8302  8379 I WM-Processor: Moving WorkSpec (6a4c4565-bb81-4b21-9503-8f41d1db9bd9) to the foreground
09-22 12:20:40.496  8302  8302 D WM-SystemFgDispatcher: Notifying with (id:5189, workSpecId: d08e0b0c-fcaa-4847-bff9-41d6acf45af3, notificationType :1)
09-22 12:20:40.497  8302  8379 D WM-WorkProgressUpdater: Updating progress for 23ee05b2-51c6-4041-afe9-28ae67ff8caf (Data {pct : 50, mode : startup_runtime_logs})
09-22 12:20:40.500  8302  8302 D WM-SystemFgDispatcher: Notifying with (id:10234, workSpecId: 23ee05b2-51c6-4041-afe9-28ae67ff8caf, notificationType :1)
09-22 12:20:40.503  8302  8379 I WM-Processor: Moving WorkSpec (23ee05b2-51c6-4041-afe9-28ae67ff8caf) to the foreground
09-22 12:20:40.505  8302  8302 D WM-SystemFgDispatcher: Notifying with (id:3775, workSpecId: 6a4c4565-bb81-4b21-9503-8f41d1db9bd9, notificationType :1)
09-22 12:20:40.509  8302  8379 I WM-Processor: Moving WorkSpec (14d7f47d-c1a6-484e-9481-796112db70d8) to the foreground
09-22 12:20:40.510  8302  8302 D WM-SystemFgDispatcher: Notifying with (id:10234, workSpecId: 23ee05b2-51c6-4041-afe9-28ae67ff8caf, notificationType :1)
09-22 12:20:40.513  8302  8379 D WM-WorkProgressUpdater: Updating progress for 94c2f032-5bdc-467d-8532-f7f72cb2a367 (Data {pct : 0, mode : file})
09-22 12:20:40.514  8302  8302 I WM-SystemFgDispatcher: Started foreground service Intent { act=ACTION_START_FOREGROUND xflg=0x4 cmp=com.negi.survey/androidx.work.impl.foreground.SystemForegroundService (has extras) }
09-22 12:20:40.514  8302  8302 D WM-SystemFgDispatcher: Notifying with (id:9684, workSpecId: 14d7f47d-c1a6-484e-9481-796112db70d8, notificationType :1)
09-22 12:20:40.518  8302  8379 I WM-Processor: Moving WorkSpec (94c2f032-5bdc-467d-8532-f7f72cb2a367) to the foreground
09-22 12:20:40.518  8302  8302 D WM-SystemFgDispatcher: Notifying with (id:9684, workSpecId: 14d7f47d-c1a6-484e-9481-796112db70d8, notificationType :1)
--------- beginning of system
09-22 12:20:40.519  8302  8302 W NotificationManager: Shedding notify (update) of NotificationKey[user=UserHandle{0}, pkg=com.negi.survey, tag=null, id=9684], rate limit (5.0) exceeded: input 9.980395, output would be 6.9967513
09-22 12:20:40.521  8302  8302 D WM-SystemFgDispatcher: Notifying with (id:10156, workSpecId: 94c2f032-5bdc-467d-8532-f7f72cb2a367, notificationType :1)
09-22 12:20:40.522  8302  8376 D WM-GreedyScheduler: Constraints met: Scheduling work ID WorkGenerationalId(workSpecId=d08e0b0c-fcaa-4847-bff9-41d6acf45af3, generation=0)
09-22 12:20:40.523  8302  8405 D GitHubUploader: uploadStream: owner=ishizuki-tech repo=SurveyExports branch=main path=diagnostics/crash/2026-09-22/ring_store/20260922_192040_pid8302_u530701/seg_00.log size=43364 maxRawBytesHint=1000000 maxRequestBytesHint=2800000
09-22 12:20:40.523  8302  8376 D WM-WorkProgressUpdater: Updating progress for f1c5e4d1-507f-40bd-a9b5-8864655f4375 (Data {pct : 0, mode : file})
09-22 12:20:40.534  8302  8376 D WM-GreedyScheduler: Constraints met: Scheduling work ID WorkGenerationalId(workSpecId=02f5f969-610c-4699-84fe-d2ed84f33a99, generation=0)
09-22 12:20:40.537  8302  8376 I WM-Processor: Moving WorkSpec (f1c5e4d1-507f-40bd-a9b5-8864655f4375) to the foreground
09-22 12:20:40.541  8302  8302 D WM-SystemFgDispatcher: Notifying with (id:5385, workSpecId: f1c5e4d1-507f-40bd-a9b5-8864655f4375, notificationType :1)
09-22 12:20:40.542  8302  8379 D WM-GreedyScheduler: Constraints met: Scheduling work ID WorkGenerationalId(workSpecId=6a4c4565-bb81-4b21-9503-8f41d1db9bd9, generation=0)
09-22 12:20:40.543  8302  8379 D WM-GreedyScheduler: Constraints met: Scheduling work ID WorkGenerationalId(workSpecId=94c2f032-5bdc-467d-8532-f7f72cb2a367, generation=0)
09-22 12:20:40.547  8302  8379 D WM-WorkProgressUpdater: Updating progress for 6d977f2d-9c81-455c-8519-b35d0b123c16 (Data {pct : 0, mode : file})
09-22 12:20:40.555  8302  8379 D WM-WorkProgressUpdater: Updating progress for 31e8aa02-9d91-4dc5-8cd8-f4a723fb66d0 (Data {pct : 0, mode : file})
09-22 12:20:40.563  8302  8379 I WM-Processor: Moving WorkSpec (6d977f2d-9c81-455c-8519-b35d0b123c16) to the foreground
09-22 12:20:40.568  8302  8302 D WM-SystemFgDispatcher: Notifying with (id:10072, workSpecId: 6d977f2d-9c81-455c-8519-b35d0b123c16, notificationType :1)
09-22 12:20:40.569  8302  8379 I WM-Processor: Moving WorkSpec (31e8aa02-9d91-4dc5-8cd8-f4a723fb66d0) to the foreground
09-22 12:20:40.574  8302  8379 D WM-GreedyScheduler: Constraints met: Scheduling work ID WorkGenerationalId(workSpecId=f1c5e4d1-507f-40bd-a9b5-8864655f4375, generation=0)
09-22 12:20:40.575  8302  8302 D WM-SystemFgDispatcher: Notifying with (id:4668, workSpecId: 31e8aa02-9d91-4dc5-8cd8-f4a723fb66d0, notificationType :1)
09-22 12:20:40.578  8302  8379 D WM-GreedyScheduler: Constraints met: Scheduling work ID WorkGenerationalId(workSpecId=31e8aa02-9d91-4dc5-8cd8-f4a723fb66d0, generation=0)
09-22 12:20:40.579  8302  8379 D WM-GreedyScheduler: Constraints met: Scheduling work ID WorkGenerationalId(workSpecId=6d977f2d-9c81-455c-8519-b35d0b123c16, generation=0)
09-22 12:20:40.579  8302  8379 D WM-GreedyScheduler: Constraints met: Scheduling work ID WorkGenerationalId(workSpecId=14d7f47d-c1a6-484e-9481-796112db70d8, generation=0)
09-22 12:20:40.584  8302  8379 D WM-Processor: Work WorkGenerationalId(workSpecId=d08e0b0c-fcaa-4847-bff9-41d6acf45af3, generation=0) is already enqueued for processing
09-22 12:20:40.585  8302  8379 D WM-WorkProgressUpdater: Updating progress for 14d7f47d-c1a6-484e-9481-796112db70d8 (Data {pct : 0, mode : file})
09-22 12:20:40.590  8302  8379 I WM-Processor: Moving WorkSpec (14d7f47d-c1a6-484e-9481-796112db70d8) to the foreground
09-22 12:20:40.594  8302  8302 D WM-SystemFgDispatcher: Notifying with (id:9684, workSpecId: 14d7f47d-c1a6-484e-9481-796112db70d8, notificationType :1)
09-22 12:20:40.604  8302  8381 D WM-Processor: Work WorkGenerationalId(workSpecId=02f5f969-610c-4699-84fe-d2ed84f33a99, generation=0) is already enqueued for processing
09-22 12:20:40.613  8302  8379 D WM-Processor: Work WorkGenerationalId(workSpecId=6a4c4565-bb81-4b21-9503-8f41d1db9bd9, generation=0) is already enqueued for processing
09-22 12:20:40.618  8302  8379 D WM-Processor: Work WorkGenerationalId(workSpecId=94c2f032-5bdc-467d-8532-f7f72cb2a367, generation=0) is already enqueued for processing
09-22 12:20:40.625  8302  8379 D WM-Processor: Work WorkGenerationalId(workSpecId=f1c5e4d1-507f-40bd-a9b5-8864655f4375, generation=0) is already enqueued for processing
09-22 12:20:40.630  8302  8379 D WM-Processor: Work WorkGenerationalId(workSpecId=31e8aa02-9d91-4dc5-8cd8-f4a723fb66d0, generation=0) is already enqueued for processing
09-22 12:20:40.634  8302  8379 D WM-Processor: Work WorkGenerationalId(workSpecId=6d977f2d-9c81-455c-8519-b35d0b123c16, generation=0) is already enqueued for processing
09-22 12:20:40.637  8302  8379 D WM-Processor: Work WorkGenerationalId(workSpecId=14d7f47d-c1a6-484e-9481-796112db70d8, generation=0) is already enqueued for processing
09-22 12:20:40.637  8302  8379 D WM-WorkProgressUpdater: Updating progress for d08e0b0c-fcaa-4847-bff9-41d6acf45af3 (Data {pct : 10, mode : file})
09-22 12:20:40.643  8302  8379 I WM-Processor: Moving WorkSpec (d08e0b0c-fcaa-4847-bff9-41d6acf45af3) to the foreground
09-22 12:20:40.647  8302  8379 D WM-WorkProgressUpdater: Updating progress for d08e0b0c-fcaa-4847-bff9-41d6acf45af3 (Data {pct : 29, mode : file})
09-22 12:20:40.649  8302  8302 D WM-SystemFgDispatcher: Notifying with (id:5189, workSpecId: d08e0b0c-fcaa-4847-bff9-41d6acf45af3, notificationType :1)
09-22 12:20:40.651  8302  8379 I WM-Processor: Moving WorkSpec (d08e0b0c-fcaa-4847-bff9-41d6acf45af3) to the foreground
09-22 12:20:40.654  8302  8379 D WM-WorkProgressUpdater: Updating progress for d08e0b0c-fcaa-4847-bff9-41d6acf45af3 (Data {pct : 48, mode : file})
09-22 12:20:40.655  8302  8302 D WM-SystemFgDispatcher: Notifying with (id:5189, workSpecId: d08e0b0c-fcaa-4847-bff9-41d6acf45af3, notificationType :1)
09-22 12:20:40.662  8302  8379 I WM-Processor: Moving WorkSpec (d08e0b0c-fcaa-4847-bff9-41d6acf45af3) to the foreground
09-22 12:20:40.665  8302  8379 D WM-WorkProgressUpdater: Updating progress for d08e0b0c-fcaa-4847-bff9-41d6acf45af3 (Data {pct : 67, mode : file})
09-22 12:20:40.665  8302  8302 D WM-SystemFgDispatcher: Notifying with (id:5189, workSpecId: d08e0b0c-fcaa-4847-bff9-41d6acf45af3, notificationType :1)
09-22 12:20:40.672  8302  8379 I WM-Processor: Moving WorkSpec (d08e0b0c-fcaa-4847-bff9-41d6acf45af3) to the foreground
09-22 12:20:40.675  8302  8379 D WM-WorkProgressUpdater: Updating progress for d08e0b0c-fcaa-4847-bff9-41d6acf45af3 (Data {pct : 86, mode : file})
09-22 12:20:40.676  8302  8302 D WM-SystemFgDispatcher: Notifying with (id:5189, workSpecId: d08e0b0c-fcaa-4847-bff9-41d6acf45af3, notificationType :1)
09-22 12:20:40.681  8302  8379 I WM-Processor: Moving WorkSpec (d08e0b0c-fcaa-4847-bff9-41d6acf45af3) to the foreground
09-22 12:20:40.684  8302  8379 D WM-WorkProgressUpdater: Updating progress for d08e0b0c-fcaa-4847-bff9-41d6acf45af3 (Data {pct : 90, mode : file})
09-22 12:20:40.685  8302  8302 D WM-SystemFgDispatcher: Notifying with (id:5189, workSpecId: d08e0b0c-fcaa-4847-bff9-41d6acf45af3, notificationType :1)
09-22 12:20:40.690  8302  8379 I WM-Processor: Moving WorkSpec (d08e0b0c-fcaa-4847-bff9-41d6acf45af3) to the foreground
09-22 12:20:40.694  8302  8302 D WM-SystemFgDispatcher: Notifying with (id:5189, workSpecId: d08e0b0c-fcaa-4847-bff9-41d6acf45af3, notificationType :1)
09-22 12:20:40.694  8302  8379 D WM-WorkConstraintsTrack: NetworkRequestConstraintController send initial capabilities
09-22 12:20:40.695  8302  8379 D WM-WorkConstraintsTrack: NetworkRequestConstraintController send initial capabilities
09-22 12:20:40.697  8302  8379 D WM-WorkConstraintsTrack: NetworkRequestConstraintController send initial capabilities
09-22 12:20:40.698  8302  8379 D WM-WorkConstraintsTrack: NetworkRequestConstraintController send initial capabilities
09-22 12:20:40.699  8302  8379 D WM-WorkProgressUpdater: Updating progress for 02f5f969-610c-4699-84fe-d2ed84f33a99 (Data {pct : 10, mode : file})
09-22 12:20:40.704  8302  8379 I WM-Processor: Moving WorkSpec (02f5f969-610c-4699-84fe-d2ed84f33a99) to the foreground
09-22 12:20:40.707  8302  8379 D WM-WorkProgressUpdater: Updating progress for 02f5f969-610c-4699-84fe-d2ed84f33a99 (Data {pct : 51, mode : file})
09-22 12:20:40.709  8302  8302 D WM-SystemFgDispatcher: Notifying with (id:6240, workSpecId: 02f5f969-610c-4699-84fe-d2ed84f33a99, notificationType :1)
09-22 12:20:40.713  8302  8379 I WM-Processor: Moving WorkSpec (02f5f969-610c-4699-84fe-d2ed84f33a99) to the foreground
09-22 12:20:40.716  8302  8379 D WM-WorkProgressUpdater: Updating progress for 02f5f969-610c-4699-84fe-d2ed84f33a99 (Data {pct : 90, mode : file})
09-22 12:20:40.722  8302  8379 I WM-Processor: Moving WorkSpec (02f5f969-610c-4699-84fe-d2ed84f33a99) to the foreground
09-22 12:20:40.725  8302  8302 D WM-SystemFgDispatcher: Notifying with (id:6240, workSpecId: 02f5f969-610c-4699-84fe-d2ed84f33a99, notificationType :1)
09-22 12:20:40.726  8302  8379 D WM-WorkConstraintsTrack: NetworkRequestConstraintController send initial capabilities
09-22 12:20:40.728  8302  8379 D WM-WorkConstraintsTrack: NetworkRequestConstraintController send initial capabilities
09-22 12:20:40.729  8302  8379 D WM-WorkConstraintsTrack: NetworkRequestConstraintController send initial capabilities
09-22 12:20:40.730  8302  8302 D WM-SystemFgDispatcher: Notifying with (id:6240, workSpecId: 02f5f969-610c-4699-84fe-d2ed84f33a99, notificationType :1)
09-22 12:20:40.731  8302  8379 D WM-WorkConstraintsTrack: NetworkRequestConstraintController send initial capabilities
09-22 12:20:40.747  8302  8407 D github_upload: doRingLogsUpload: remoteBaseDir=diagnostics/applog_ring/2026-09-22/applog_ring_startup_ring_20260922_192039_0584f90a_app_start segs=1 bytes=43364 source=/data/user/0/com.negi.survey/files/diagnostics/applog_ring snapshot=/data/user/0/com.negi.survey/cache/diagnostics_ring_upload/startup_ring_20260922_192039_0584f90a
09-22 12:20:40.749  8302  8407 D GitHubUploader: uploadStream: owner=ishizuki-tech repo=SurveyExports branch=main path=diagnostics/applog_ring/2026-09-22/applog_ring_startup_ring_20260922_192039_0584f90a_app_start/seg_00.log size=43364 maxRawBytesHint=1000000 maxRequestBytesHint=2800000
09-22 12:20:40.751  8302  8376 D WM-WorkProgressUpdater: Updating progress for 5aaf3b43-9747-40b9-a943-ec61724acf9d (Data {pct : 10, mode : startup_ring_logs})
09-22 12:20:40.774  8302  8376 I WM-Processor: Moving WorkSpec (5aaf3b43-9747-40b9-a943-ec61724acf9d) to the foreground
09-22 12:20:40.782  8302  8302 D WM-SystemFgDispatcher: Notifying with (id:6117, workSpecId: 5aaf3b43-9747-40b9-a943-ec61724acf9d, notificationType :1)
09-22 12:20:40.861  8302  8379 D WM-WorkProgressUpdater: Updating progress for 94c2f032-5bdc-467d-8532-f7f72cb2a367 (Data {pct : 10, mode : file})
09-22 12:20:40.881  8302  8379 I WM-Processor: Moving WorkSpec (94c2f032-5bdc-467d-8532-f7f72cb2a367) to the foreground
09-22 12:20:40.890  8302  8379 D WM-WorkProgressUpdater: Updating progress for 94c2f032-5bdc-467d-8532-f7f72cb2a367 (Data {pct : 45, mode : file})
09-22 12:20:40.892  8302  8302 D WM-SystemFgDispatcher: Notifying with (id:10156, workSpecId: 94c2f032-5bdc-467d-8532-f7f72cb2a367, notificationType :1)
09-22 12:20:40.906  8302  8379 I WM-Processor: Moving WorkSpec (94c2f032-5bdc-467d-8532-f7f72cb2a367) to the foreground
09-22 12:20:40.910  8302  8379 D WM-WorkProgressUpdater: Updating progress for 94c2f032-5bdc-467d-8532-f7f72cb2a367 (Data {pct : 81, mode : file})
09-22 12:20:40.913  8302  8302 D WM-SystemFgDispatcher: Notifying with (id:10156, workSpecId: 94c2f032-5bdc-467d-8532-f7f72cb2a367, notificationType :1)
09-22 12:20:40.927  8302  8379 I WM-Processor: Moving WorkSpec (94c2f032-5bdc-467d-8532-f7f72cb2a367) to the foreground
09-22 12:20:40.933  8302  8379 D WM-WorkProgressUpdater: Updating progress for 94c2f032-5bdc-467d-8532-f7f72cb2a367 (Data {pct : 90, mode : file})
09-22 12:20:40.933  8302  8302 D WM-SystemFgDispatcher: Notifying with (id:10156, workSpecId: 94c2f032-5bdc-467d-8532-f7f72cb2a367, notificationType :1)
09-22 12:20:40.948  8302  8379 I WM-Processor: Moving WorkSpec (94c2f032-5bdc-467d-8532-f7f72cb2a367) to the foreground
09-22 12:20:40.952  8302  8302 D WM-SystemFgDispatcher: Notifying with (id:10156, workSpecId: 94c2f032-5bdc-467d-8532-f7f72cb2a367, notificationType :1)
09-22 12:20:41.041  8302  8409 I DisplayManager: Choreographer implicitly registered for the refresh rate.
09-22 12:20:41.046  8302  8409 D vulkan  : searching for layers in '/data/app/~~VRlvxf_sP3YvpEU11ziqXA==/com.negi.survey-IIpqc54im9gDJfAeH6Mhcg==/lib/arm64'
09-22 12:20:41.046  8302  8409 D vulkan  : searching for layers in '/data/app/~~VRlvxf_sP3YvpEU11ziqXA==/com.negi.survey-IIpqc54im9gDJfAeH6Mhcg==/base.apk!/lib/arm64-v8a'
09-22 12:20:41.055  8302  8302 D DesktopExperienceFlags: Toggle override initialized to: false
09-22 12:20:41.066  8302  8302 D CompatChangeReporter: Compat change id reported: 377864165; UID 14902; state: ENABLED
09-22 12:20:41.066  8302  8302 D DesktopModeFlags: Toggle override initialized to: OVERRIDE_UNSET
09-22 12:20:41.078  8302  8302 I ContentCaptureHelper: Setting logging level to OFF
09-22 12:20:41.080  8302  8302 D CrashCapture: install: ensured default handler. where=selfHeal:onActivityResumed pid=8302 default=com.negi.survey.CrashCapture$CrashHandler@b90b46c
09-22 12:20:41.109  8302  8302 D WindowOnBackDispatcher: setTopOnBackInvokedCallback (unwrapped): android.app.Activity$$ExternalSyntheticLambda0@61eea1
09-22 12:20:41.122  8302  8376 D WM-WorkProgressUpdater: Updating progress for 5aaf3b43-9747-40b9-a943-ec61724acf9d (Data {pct : 19, mode : startup_ring_logs})
09-22 12:20:41.128  8302  8376 I WM-Processor: Moving WorkSpec (5aaf3b43-9747-40b9-a943-ec61724acf9d) to the foreground
09-22 12:20:41.129  8302  8376 D WM-WorkProgressUpdater: Updating progress for 5aaf3b43-9747-40b9-a943-ec61724acf9d (Data {pct : 32, mode : startup_ring_logs})
09-22 12:20:41.131  8302  8376 I WM-Processor: Moving WorkSpec (5aaf3b43-9747-40b9-a943-ec61724acf9d) to the foreground
09-22 12:20:41.132  8302  8376 D WM-WorkProgressUpdater: Updating progress for 5aaf3b43-9747-40b9-a943-ec61724acf9d (Data {pct : 46, mode : startup_ring_logs})
09-22 12:20:41.134  8302  8376 I WM-Processor: Moving WorkSpec (5aaf3b43-9747-40b9-a943-ec61724acf9d) to the foreground
09-22 12:20:41.134  8302  8376 D WM-WorkProgressUpdater: Updating progress for 5aaf3b43-9747-40b9-a943-ec61724acf9d (Data {pct : 59, mode : startup_ring_logs})
09-22 12:20:41.136  8302  8376 I WM-Processor: Moving WorkSpec (5aaf3b43-9747-40b9-a943-ec61724acf9d) to the foreground
09-22 12:20:41.136  8302  8376 D WM-WorkProgressUpdater: Updating progress for 5aaf3b43-9747-40b9-a943-ec61724acf9d (Data {pct : 72, mode : startup_ring_logs})
09-22 12:20:41.138  8302  8376 I WM-Processor: Moving WorkSpec (5aaf3b43-9747-40b9-a943-ec61724acf9d) to the foreground
09-22 12:20:41.139  8302  8376 D WM-WorkProgressUpdater: Updating progress for 5aaf3b43-9747-40b9-a943-ec61724acf9d (Data {pct : 86, mode : startup_ring_logs})
09-22 12:20:41.141  8302  8376 I WM-Processor: Moving WorkSpec (5aaf3b43-9747-40b9-a943-ec61724acf9d) to the foreground
09-22 12:20:41.142  8302  8376 D WM-WorkProgressUpdater: Updating progress for 5aaf3b43-9747-40b9-a943-ec61724acf9d (Data {pct : 91, mode : startup_ring_logs})
09-22 12:20:41.143  8302  8376 I WM-Processor: Moving WorkSpec (5aaf3b43-9747-40b9-a943-ec61724acf9d) to the foreground
09-22 12:20:41.145  8302  8376 D WM-WorkProgressUpdater: Updating progress for 6a4c4565-bb81-4b21-9503-8f41d1db9bd9 (Data {pct : 10, mode : file})
09-22 12:20:41.147  8302  8376 I WM-Processor: Moving WorkSpec (6a4c4565-bb81-4b21-9503-8f41d1db9bd9) to the foreground
09-22 12:20:41.148  8302  8376 D WM-WorkProgressUpdater: Updating progress for 6a4c4565-bb81-4b21-9503-8f41d1db9bd9 (Data {pct : 47, mode : file})
09-22 12:20:41.150  8302  8376 I WM-Processor: Moving WorkSpec (6a4c4565-bb81-4b21-9503-8f41d1db9bd9) to the foreground
09-22 12:20:41.153  8302  8376 D WM-WorkProgressUpdater: Updating progress for 6a4c4565-bb81-4b21-9503-8f41d1db9bd9 (Data {pct : 85, mode : file})
09-22 12:20:41.154  8302  8376 I WM-Processor: Moving WorkSpec (6a4c4565-bb81-4b21-9503-8f41d1db9bd9) to the foreground
09-22 12:20:41.155  8302  8376 D WM-WorkProgressUpdater: Updating progress for 6a4c4565-bb81-4b21-9503-8f41d1db9bd9 (Data {pct : 90, mode : file})
09-22 12:20:41.157  8302  8376 I WM-Processor: Moving WorkSpec (6a4c4565-bb81-4b21-9503-8f41d1db9bd9) to the foreground
09-22 12:20:41.256  8302  8302 D VRI[MainActivity]: WindowInsets changed: 1080x2424 statusBars:[0,152,0,0] navigationBars:[0,0,0,69] mandatorySystemGestures:[0,187,0,92] 
09-22 12:20:41.257  8302  8325 I com.negi.survey: Compiler allocated 5049KB to compile void android.view.ViewRootImpl.performTraversals()
09-22 12:20:41.270  8302  8302 I HWUI    : Using FreeType backend (prop=Auto)
09-22 12:20:41.358  8302  8302 I com.negi.survey: hiddenapi: Accessing hidden method Landroid/os/SystemProperties;->addChangeCallback(Ljava/lang/Runnable;)V (runtime_flags=0, domain=platform, api=unsupported) from Landroidx/compose/ui/platform/AndroidComposeView$Companion; (domain=app, TargetSdkVersion=36) using reflection: allowed
09-22 12:20:41.358  8302  8302 D WM-SystemFgDispatcher: Notifying with (id:6117, workSpecId: 5aaf3b43-9747-40b9-a943-ec61724acf9d, notificationType :1)
09-22 12:20:41.364  8302  8302 D WM-SystemFgDispatcher: Notifying with (id:6117, workSpecId: 5aaf3b43-9747-40b9-a943-ec61724acf9d, notificationType :1)
09-22 12:20:41.365  8302  8302 D WM-SystemFgDispatcher: Notifying with (id:6117, workSpecId: 5aaf3b43-9747-40b9-a943-ec61724acf9d, notificationType :1)
09-22 12:20:41.366  8302  8302 D WM-SystemFgDispatcher: Notifying with (id:6117, workSpecId: 5aaf3b43-9747-40b9-a943-ec61724acf9d, notificationType :1)
09-22 12:20:41.367  8302  8302 D WM-SystemFgDispatcher: Notifying with (id:6117, workSpecId: 5aaf3b43-9747-40b9-a943-ec61724acf9d, notificationType :1)
09-22 12:20:41.367  8302  8302 D WM-SystemFgDispatcher: Notifying with (id:6117, workSpecId: 5aaf3b43-9747-40b9-a943-ec61724acf9d, notificationType :1)
09-22 12:20:41.379  8302  8302 D WM-SystemFgDispatcher: Notifying with (id:6117, workSpecId: 5aaf3b43-9747-40b9-a943-ec61724acf9d, notificationType :1)
09-22 12:20:41.380  8302  8302 D WM-SystemFgDispatcher: Notifying with (id:3775, workSpecId: 6a4c4565-bb81-4b21-9503-8f41d1db9bd9, notificationType :1)
09-22 12:20:41.380  8302  8302 D WM-SystemFgDispatcher: Notifying with (id:3775, workSpecId: 6a4c4565-bb81-4b21-9503-8f41d1db9bd9, notificationType :1)
09-22 12:20:41.381  8302  8302 D WM-SystemFgDispatcher: Notifying with (id:3775, workSpecId: 6a4c4565-bb81-4b21-9503-8f41d1db9bd9, notificationType :1)
09-22 12:20:41.381  8302  8302 D WM-SystemFgDispatcher: Notifying with (id:3775, workSpecId: 6a4c4565-bb81-4b21-9503-8f41d1db9bd9, notificationType :1)
09-22 12:20:41.408  8302  8302 D InsetsController: hide(ime())
09-22 12:20:41.408  8302  8302 I ImeTracker: com.negi.survey:e001555b: onCancelled at PHASE_CLIENT_ALREADY_HIDDEN
09-22 12:20:41.522  8302  8302 D IntroScreen: Resolved config details: id=survey_config10.yaml in 160ms
09-22 12:20:41.607  8302  8389 D GitHubUploader: uploadStream: done url=https://github.com/ishizuki-tech/SurveyExports/blob/main/diagnostics/runtime_logs/2026-09-22/runtime_logs_startup_runtime_20260922_192038_885e8d17_receiver_my_package_repl/runtime_log_20260922_192039_961_pid8302_receiver_my_package_repl__rtlog_20260922_192037_301_pid8302_seq1.log sha=3307280d95779842d10489adf10f96bfe884710e
09-22 12:20:41.607  8302  8379 D WM-WorkProgressUpdater: Updating progress for 23ee05b2-51c6-4041-afe9-28ae67ff8caf (Data {pct : 52, mode : startup_runtime_logs})
09-22 12:20:41.610  8302  8389 D RuntimeLogStore: deleteRolledLogFiles: deleted=1 excludeActive=true active=rtlog_20260922_192039_947_pid8302_seq2.log
09-22 12:20:41.610  8302  8389 D GitHubUploader: uploadStream: owner=ishizuki-tech repo=SurveyExports branch=main path=diagnostics/runtime_logs/2026-09-22/runtime_logs_startup_runtime_20260922_192038_885e8d17_receiver_my_package_repl/runtime_log_20260922_192039_961_pid8302_receiver_my_package_repl__rtlog_20260922_183402_299_pid6675_seq2.log size=32350 maxRawBytesHint=1000000 maxRequestBytesHint=2800000
09-22 12:20:41.614  8302  8379 I WM-Processor: Moving WorkSpec (23ee05b2-51c6-4041-afe9-28ae67ff8caf) to the foreground
09-22 12:20:41.615  8302  8379 D WM-WorkProgressUpdater: Updating progress for 23ee05b2-51c6-4041-afe9-28ae67ff8caf (Data {pct : 55, mode : startup_runtime_logs})
09-22 12:20:41.618  8302  8379 I WM-Processor: Moving WorkSpec (23ee05b2-51c6-4041-afe9-28ae67ff8caf) to the foreground
09-22 12:20:41.635  8302  8302 D WM-SystemFgDispatcher: Notifying with (id:10234, workSpecId: 23ee05b2-51c6-4041-afe9-28ae67ff8caf, notificationType :1)
09-22 12:20:41.637  8302  8302 D WM-SystemFgDispatcher: Notifying with (id:10234, workSpecId: 23ee05b2-51c6-4041-afe9-28ae67ff8caf, notificationType :1)
09-22 12:20:41.638  8302  8302 W NotificationManager: Shedding notify (update) of NotificationKey[user=UserHandle{0}, pkg=com.negi.survey, tag=null, id=10234], rate limit (5.0) exceeded: input 25.078781, output would be 5.169845
09-22 12:20:41.739  8302  8381 D WM-WorkProgressUpdater: Updating progress for 6d977f2d-9c81-455c-8519-b35d0b123c16 (Data {pct : 10, mode : file})
09-22 12:20:41.743  8302  8381 I WM-Processor: Moving WorkSpec (6d977f2d-9c81-455c-8519-b35d0b123c16) to the foreground
09-22 12:20:41.745  8302  8381 D WM-WorkProgressUpdater: Updating progress for 6d977f2d-9c81-455c-8519-b35d0b123c16 (Data {pct : 90, mode : file})
09-22 12:20:41.750  8302  8381 I WM-Processor: Moving WorkSpec (6d977f2d-9c81-455c-8519-b35d0b123c16) to the foreground
09-22 12:20:41.751  8302  8381 D WM-WorkProgressUpdater: Updating progress for 31e8aa02-9d91-4dc5-8cd8-f4a723fb66d0 (Data {pct : 10, mode : file})
09-22 12:20:41.755  8302  8381 I WM-Processor: Moving WorkSpec (31e8aa02-9d91-4dc5-8cd8-f4a723fb66d0) to the foreground
09-22 12:20:41.756  8302  8381 D WM-WorkProgressUpdater: Updating progress for 31e8aa02-9d91-4dc5-8cd8-f4a723fb66d0 (Data {pct : 56, mode : file})
09-22 12:20:41.759  8302  8381 I WM-Processor: Moving WorkSpec (31e8aa02-9d91-4dc5-8cd8-f4a723fb66d0) to the foreground
09-22 12:20:41.759  8302  8381 D WM-WorkProgressUpdater: Updating progress for 31e8aa02-9d91-4dc5-8cd8-f4a723fb66d0 (Data {pct : 90, mode : file})
09-22 12:20:41.762  8302  8381 I WM-Processor: Moving WorkSpec (31e8aa02-9d91-4dc5-8cd8-f4a723fb66d0) to the foreground
09-22 12:20:41.771  8302  8380 D WM-WorkProgressUpdater: Updating progress for f1c5e4d1-507f-40bd-a9b5-8864655f4375 (Data {pct : 10, mode : file})
09-22 12:20:41.774  8302  8302 D WM-SystemFgDispatcher: Notifying with (id:10072, workSpecId: 6d977f2d-9c81-455c-8519-b35d0b123c16, notificationType :1)
09-22 12:20:41.778  8302  8380 I WM-Processor: Moving WorkSpec (f1c5e4d1-507f-40bd-a9b5-8864655f4375) to the foreground
09-22 12:20:41.779  8302  8380 D WM-WorkProgressUpdater: Updating progress for f1c5e4d1-507f-40bd-a9b5-8864655f4375 (Data {pct : 49, mode : file})
09-22 12:20:41.782  8302  8380 I WM-Processor: Moving WorkSpec (f1c5e4d1-507f-40bd-a9b5-8864655f4375) to the foreground
09-22 12:20:41.782  8302  8380 D WM-WorkProgressUpdater: Updating progress for f1c5e4d1-507f-40bd-a9b5-8864655f4375 (Data {pct : 89, mode : file})
09-22 12:20:41.783  8302  8302 D WM-SystemFgDispatcher: Notifying with (id:10072, workSpecId: 6d977f2d-9c81-455c-8519-b35d0b123c16, notificationType :1)
09-22 12:20:41.783  8302  8302 D WM-SystemFgDispatcher: Notifying with (id:4668, workSpecId: 31e8aa02-9d91-4dc5-8cd8-f4a723fb66d0, notificationType :1)
09-22 12:20:41.784  8302  8302 D WM-SystemFgDispatcher: Notifying with (id:4668, workSpecId: 31e8aa02-9d91-4dc5-8cd8-f4a723fb66d0, notificationType :1)
09-22 12:20:41.784  8302  8380 I WM-Processor: Moving WorkSpec (f1c5e4d1-507f-40bd-a9b5-8864655f4375) to the foreground
09-22 12:20:41.785  8302  8302 D WM-SystemFgDispatcher: Notifying with (id:4668, workSpecId: 31e8aa02-9d91-4dc5-8cd8-f4a723fb66d0, notificationType :1)
09-22 12:20:41.786  8302  8380 D WM-WorkProgressUpdater: Updating progress for f1c5e4d1-507f-40bd-a9b5-8864655f4375 (Data {pct : 90, mode : file})
09-22 12:20:41.794  8302  8380 I WM-Processor: Moving WorkSpec (f1c5e4d1-507f-40bd-a9b5-8864655f4375) to the foreground
09-22 12:20:41.796  8302  8380 D WM-WorkProgressUpdater: Updating progress for 23ee05b2-51c6-4041-afe9-28ae67ff8caf (Data {pct : 59, mode : startup_runtime_logs})
09-22 12:20:41.798  8302  8380 I WM-Processor: Moving WorkSpec (23ee05b2-51c6-4041-afe9-28ae67ff8caf) to the foreground
09-22 12:20:41.799  8302  8380 D WM-WorkProgressUpdater: Updating progress for 23ee05b2-51c6-4041-afe9-28ae67ff8caf (Data {pct : 68, mode : startup_runtime_logs})
09-22 12:20:41.801  8302  8380 I WM-Processor: Moving WorkSpec (23ee05b2-51c6-4041-afe9-28ae67ff8caf) to the foreground
09-22 12:20:41.802  8302  8380 D WM-WorkProgressUpdater: Updating progress for 23ee05b2-51c6-4041-afe9-28ae67ff8caf (Data {pct : 77, mode : startup_runtime_logs})
09-22 12:20:41.803  8302  8380 I WM-Processor: Moving WorkSpec (23ee05b2-51c6-4041-afe9-28ae67ff8caf) to the foreground
09-22 12:20:41.804  8302  8380 D WM-WorkProgressUpdater: Updating progress for 23ee05b2-51c6-4041-afe9-28ae67ff8caf (Data {pct : 86, mode : startup_runtime_logs})
09-22 12:20:41.805  8302  8380 I WM-Processor: Moving WorkSpec (23ee05b2-51c6-4041-afe9-28ae67ff8caf) to the foreground
09-22 12:20:41.806  8302  8380 D WM-WorkProgressUpdater: Updating progress for 23ee05b2-51c6-4041-afe9-28ae67ff8caf (Data {pct : 95, mode : startup_runtime_logs})
09-22 12:20:41.807  8302  8380 I WM-Processor: Moving WorkSpec (23ee05b2-51c6-4041-afe9-28ae67ff8caf) to the foreground
09-22 12:20:41.814  8302  8302 D WM-SystemFgDispatcher: Notifying with (id:5385, workSpecId: f1c5e4d1-507f-40bd-a9b5-8864655f4375, notificationType :1)
09-22 12:20:41.815  8302  8302 D WM-SystemFgDispatcher: Notifying with (id:5385, workSpecId: f1c5e4d1-507f-40bd-a9b5-8864655f4375, notificationType :1)
09-22 12:20:41.816  8302  8302 D WM-SystemFgDispatcher: Notifying with (id:5385, workSpecId: f1c5e4d1-507f-40bd-a9b5-8864655f4375, notificationType :1)
09-22 12:20:41.817  8302  8302 D WM-SystemFgDispatcher: Notifying with (id:5385, workSpecId: f1c5e4d1-507f-40bd-a9b5-8864655f4375, notificationType :1)
09-22 12:20:41.824  8302  8302 D WM-SystemFgDispatcher: Notifying with (id:10234, workSpecId: 23ee05b2-51c6-4041-afe9-28ae67ff8caf, notificationType :1)
09-22 12:20:41.824  8302  8302 D WM-SystemFgDispatcher: Notifying with (id:10234, workSpecId: 23ee05b2-51c6-4041-afe9-28ae67ff8caf, notificationType :1)
09-22 12:20:41.825  8302  8302 D WM-SystemFgDispatcher: Notifying with (id:10234, workSpecId: 23ee05b2-51c6-4041-afe9-28ae67ff8caf, notificationType :1)
09-22 12:20:41.826  8302  8302 D WM-SystemFgDispatcher: Notifying with (id:10234, workSpecId: 23ee05b2-51c6-4041-afe9-28ae67ff8caf, notificationType :1)
09-22 12:20:41.826  8302  8302 D WM-SystemFgDispatcher: Notifying with (id:10234, workSpecId: 23ee05b2-51c6-4041-afe9-28ae67ff8caf, notificationType :1)
09-22 12:20:41.915  8302  8380 D WM-WorkProgressUpdater: Updating progress for 14d7f47d-c1a6-484e-9481-796112db70d8 (Data {pct : 10, mode : file})
09-22 12:20:41.917  8302  8380 I WM-Processor: Moving WorkSpec (14d7f47d-c1a6-484e-9481-796112db70d8) to the foreground
09-22 12:20:41.919  8302  8380 D WM-WorkProgressUpdater: Updating progress for 14d7f47d-c1a6-484e-9481-796112db70d8 (Data {pct : 25, mode : file})
09-22 12:20:41.926  8302  8380 I WM-Processor: Moving WorkSpec (14d7f47d-c1a6-484e-9481-796112db70d8) to the foreground
09-22 12:20:41.929  8302  8380 D WM-WorkProgressUpdater: Updating progress for 14d7f47d-c1a6-484e-9481-796112db70d8 (Data {pct : 40, mode : file})
09-22 12:20:41.931  8302  8380 I WM-Processor: Moving WorkSpec (14d7f47d-c1a6-484e-9481-796112db70d8) to the foreground
09-22 12:20:41.932  8302  8380 D WM-WorkProgressUpdater: Updating progress for 14d7f47d-c1a6-484e-9481-796112db70d8 (Data {pct : 55, mode : file})
09-22 12:20:41.933  8302  8302 D WM-SystemFgDispatcher: Notifying with (id:9684, workSpecId: 14d7f47d-c1a6-484e-9481-796112db70d8, notificationType :1)
09-22 12:20:41.934  8302  8380 I WM-Processor: Moving WorkSpec (14d7f47d-c1a6-484e-9481-796112db70d8) to the foreground
09-22 12:20:41.935  8302  8380 D WM-WorkProgressUpdater: Updating progress for 14d7f47d-c1a6-484e-9481-796112db70d8 (Data {pct : 70, mode : file})
09-22 12:20:41.935  8302  8302 D WM-SystemFgDispatcher: Notifying with (id:9684, workSpecId: 14d7f47d-c1a6-484e-9481-796112db70d8, notificationType :1)
09-22 12:20:41.936  8302  8380 I WM-Processor: Moving WorkSpec (14d7f47d-c1a6-484e-9481-796112db70d8) to the foreground
09-22 12:20:41.937  8302  8380 D WM-WorkProgressUpdater: Updating progress for 14d7f47d-c1a6-484e-9481-796112db70d8 (Data {pct : 85, mode : file})
09-22 12:20:41.939  8302  8380 I WM-Processor: Moving WorkSpec (14d7f47d-c1a6-484e-9481-796112db70d8) to the foreground
09-22 12:20:41.940  8302  8380 D WM-WorkProgressUpdater: Updating progress for 14d7f47d-c1a6-484e-9481-796112db70d8 (Data {pct : 90, mode : file})
09-22 12:20:41.942  8302  8380 I WM-Processor: Moving WorkSpec (14d7f47d-c1a6-484e-9481-796112db70d8) to the foreground
09-22 12:20:41.950  8302  8302 D WM-SystemFgDispatcher: Notifying with (id:9684, workSpecId: 14d7f47d-c1a6-484e-9481-796112db70d8, notificationType :1)
09-22 12:20:41.951  8302  8302 D WM-SystemFgDispatcher: Notifying with (id:9684, workSpecId: 14d7f47d-c1a6-484e-9481-796112db70d8, notificationType :1)
09-22 12:20:41.952  8302  8302 D WM-SystemFgDispatcher: Notifying with (id:9684, workSpecId: 14d7f47d-c1a6-484e-9481-796112db70d8, notificationType :1)
09-22 12:20:41.953  8302  8302 D WM-SystemFgDispatcher: Notifying with (id:9684, workSpecId: 14d7f47d-c1a6-484e-9481-796112db70d8, notificationType :1)
09-22 12:20:41.955  8302  8302 D WM-SystemFgDispatcher: Notifying with (id:9684, workSpecId: 14d7f47d-c1a6-484e-9481-796112db70d8, notificationType :1)
09-22 12:20:42.460  8302  8380 D WM-WorkProgressUpdater: Updating progress for 63ee711a-9678-4597-ae59-88feae391b44 (Data {pct : 95, mode : file})
09-22 12:20:42.461  8302  8406 D GitHubUploader: uploadStream: done url=https://github.com/ishizuki-tech/SurveyExports/blob/main/2026-09-22/exports/survey_1ab2b0d7-1005-4f13-a236-a9f361c72158_2026-09-22_11-37-48_1.json sha=0aa4b4f394535870668927895d4f1f5260232a44
09-22 12:20:42.463  8302  8380 I WM-Processor: Moving WorkSpec (63ee711a-9678-4597-ae59-88feae391b44) to the foreground
09-22 12:20:42.469  8302  8302 D WM-SystemFgDispatcher: Notifying with (id:6582, workSpecId: 63ee711a-9678-4597-ae59-88feae391b44, notificationType :1)
09-22 12:20:42.470  8302  8380 I WM-Processor: Moving WorkSpec (63ee711a-9678-4597-ae59-88feae391b44) to the foreground
09-22 12:20:42.474  8302  8302 D WM-SystemFgDispatcher: Notifying with (id:6582, workSpecId: 63ee711a-9678-4597-ae59-88feae391b44, notificationType :1)
09-22 12:20:42.475  8302  8380 I WM-WorkerWrapper: Worker result SUCCESS for Work [ id=63ee711a-9678-4597-ae59-88feae391b44, tags={ com.negi.survey.net.GitHubUploadWorker,github_upload,github_upload:file:exports_survey_1ab2b0d7-1005-4f13-a236-a9f361c72158_2026-09-22_11-37-48_1.json } ]
09-22 12:20:42.481  8302  8302 D WM-Processor: Processor 63ee711a-9678-4597-ae59-88feae391b44 executed; reschedule = false
09-22 12:20:42.481  8302  8302 D WM-GreedyScheduler: Stopping tracking for WorkGenerationalId(workSpecId=63ee711a-9678-4597-ae59-88feae391b44, generation=0)
09-22 12:20:42.482  8302  8302 D WM-SystemJobService: 63ee711a-9678-4597-ae59-88feae391b44 executed on JobScheduler
09-22 12:20:42.482  8302  8302 D WM-SystemFgDispatcher: Removing Notification (id: 6582, workSpecId: WorkGenerationalId(workSpecId=63ee711a-9678-4597-ae59-88feae391b44, generation=0), notificationType: 1
09-22 12:20:42.489  8302  8380 D WM-GreedyScheduler: Cancelling work ID 63ee711a-9678-4597-ae59-88feae391b44
09-22 12:20:42.560  8302  8376 D WM-WorkProgressUpdater: Updating progress for 02f5f969-610c-4699-84fe-d2ed84f33a99 (Data {pct : 51, mode : file})
09-22 12:20:42.568  8302  8376 I WM-Processor: Moving WorkSpec (02f5f969-610c-4699-84fe-d2ed84f33a99) to the foreground
09-22 12:20:42.573  8302  8376 D WM-WorkProgressUpdater: Updating progress for 02f5f969-610c-4699-84fe-d2ed84f33a99 (Data {pct : 90, mode : file})
09-22 12:20:42.573  8302  8302 D WM-SystemFgDispatcher: Notifying with (id:6240, workSpecId: 02f5f969-610c-4699-84fe-d2ed84f33a99, notificationType :1)
09-22 12:20:42.576  8302  8376 I WM-Processor: Moving WorkSpec (02f5f969-610c-4699-84fe-d2ed84f33a99) to the foreground
09-22 12:20:42.582  8302  8380 D WM-WorkProgressUpdater: Updating progress for 94c2f032-5bdc-467d-8532-f7f72cb2a367 (Data {pct : 45, mode : file})
09-22 12:20:42.585  8302  8302 D WM-SystemFgDispatcher: Notifying with (id:6240, workSpecId: 02f5f969-610c-4699-84fe-d2ed84f33a99, notificationType :1)
09-22 12:20:42.588  8302  8380 I WM-Processor: Moving WorkSpec (94c2f032-5bdc-467d-8532-f7f72cb2a367) to the foreground
09-22 12:20:42.589  8302  8380 D WM-WorkProgressUpdater: Updating progress for 94c2f032-5bdc-467d-8532-f7f72cb2a367 (Data {pct : 81, mode : file})
09-22 12:20:42.590  8302  8302 D WM-SystemFgDispatcher: Notifying with (id:10156, workSpecId: 94c2f032-5bdc-467d-8532-f7f72cb2a367, notificationType :1)
09-22 12:20:42.591  8302  8380 I WM-Processor: Moving WorkSpec (94c2f032-5bdc-467d-8532-f7f72cb2a367) to the foreground
09-22 12:20:42.592  8302  8380 D WM-WorkProgressUpdater: Updating progress for 94c2f032-5bdc-467d-8532-f7f72cb2a367 (Data {pct : 90, mode : file})
09-22 12:20:42.593  8302  8302 D WM-SystemFgDispatcher: Notifying with (id:10156, workSpecId: 94c2f032-5bdc-467d-8532-f7f72cb2a367, notificationType :1)
09-22 12:20:42.594  8302  8380 I WM-Processor: Moving WorkSpec (94c2f032-5bdc-467d-8532-f7f72cb2a367) to the foreground
09-22 12:20:42.600  8302  8302 D WM-SystemFgDispatcher: Notifying with (id:10156, workSpecId: 94c2f032-5bdc-467d-8532-f7f72cb2a367, notificationType :1)
09-22 12:20:42.910  8302  8380 D WM-WorkProgressUpdater: Updating progress for d08e0b0c-fcaa-4847-bff9-41d6acf45af3 (Data {pct : 29, mode : file})
09-22 12:20:42.914  8302  8380 I WM-Processor: Moving WorkSpec (d08e0b0c-fcaa-4847-bff9-41d6acf45af3) to the foreground
09-22 12:20:42.916  8302  8380 D WM-WorkProgressUpdater: Updating progress for d08e0b0c-fcaa-4847-bff9-41d6acf45af3 (Data {pct : 48, mode : file})
09-22 12:20:42.917  8302  8302 D WM-SystemFgDispatcher: Notifying with (id:5189, workSpecId: d08e0b0c-fcaa-4847-bff9-41d6acf45af3, notificationType :1)
09-22 12:20:42.920  8302  8380 I WM-Processor: Moving WorkSpec (d08e0b0c-fcaa-4847-bff9-41d6acf45af3) to the foreground
09-22 12:20:42.922  8302  8380 D WM-WorkProgressUpdater: Updating progress for d08e0b0c-fcaa-4847-bff9-41d6acf45af3 (Data {pct : 67, mode : file})
09-22 12:20:42.922  8302  8302 D WM-SystemFgDispatcher: Notifying with (id:5189, workSpecId: d08e0b0c-fcaa-4847-bff9-41d6acf45af3, notificationType :1)
09-22 12:20:42.922  8302  8302 W NotificationManager: Shedding notify (update) of NotificationKey[user=UserHandle{0}, pkg=com.negi.survey, tag=null, id=5189], rate limit (5.0) exceeded: input 16.323866, output would be 5.123649
09-22 12:20:42.925  8302  8380 I WM-Processor: Moving WorkSpec (d08e0b0c-fcaa-4847-bff9-41d6acf45af3) to the foreground
09-22 12:20:42.925  8302  8380 D WM-WorkProgressUpdater: Updating progress for d08e0b0c-fcaa-4847-bff9-41d6acf45af3 (Data {pct : 86, mode : file})
09-22 12:20:42.926  8302  8302 D WM-SystemFgDispatcher: Notifying with (id:5189, workSpecId: d08e0b0c-fcaa-4847-bff9-41d6acf45af3, notificationType :1)
09-22 12:20:42.928  8302  8380 I WM-Processor: Moving WorkSpec (d08e0b0c-fcaa-4847-bff9-41d6acf45af3) to the foreground
09-22 12:20:42.929  8302  8380 D WM-WorkProgressUpdater: Updating progress for d08e0b0c-fcaa-4847-bff9-41d6acf45af3 (Data {pct : 90, mode : file})
09-22 12:20:42.930  8302  8380 I WM-Processor: Moving WorkSpec (d08e0b0c-fcaa-4847-bff9-41d6acf45af3) to the foreground
09-22 12:20:42.931  8302  8302 D WM-SystemFgDispatcher: Notifying with (id:5189, workSpecId: d08e0b0c-fcaa-4847-bff9-41d6acf45af3, notificationType :1)
09-22 12:20:42.932  8302  8302 D WM-SystemFgDispatcher: Notifying with (id:5189, workSpecId: d08e0b0c-fcaa-4847-bff9-41d6acf45af3, notificationType :1)
09-22 12:20:43.089  8302  8381 D WM-WorkProgressUpdater: Updating progress for 23ee05b2-51c6-4041-afe9-28ae67ff8caf (Data {pct : 97, mode : startup_runtime_logs})
09-22 12:20:43.089  8302  8389 D GitHubUploader: uploadStream: done url=https://github.com/ishizuki-tech/SurveyExports/blob/main/diagnostics/runtime_logs/2026-09-22/runtime_logs_startup_runtime_20260922_192038_885e8d17_receiver_my_package_repl/runtime_log_20260922_192039_961_pid8302_receiver_my_package_repl__rtlog_20260922_183402_299_pid6675_seq2.log sha=8440e7aab447d8384e2d843fd8924a695627df3d
09-22 12:20:43.097  8302  8389 D RuntimeLogStore: deleteRolledLogFiles: deleted=1 excludeActive=true active=rtlog_20260922_192039_947_pid8302_seq2.log
09-22 12:20:43.102  8302  8381 I WM-Processor: Moving WorkSpec (23ee05b2-51c6-4041-afe9-28ae67ff8caf) to the foreground
09-22 12:20:43.105  8302  8302 D WM-SystemFgDispatcher: Notifying with (id:10234, workSpecId: 23ee05b2-51c6-4041-afe9-28ae67ff8caf, notificationType :1)
09-22 12:20:43.106  8302  8381 I WM-Processor: Moving WorkSpec (23ee05b2-51c6-4041-afe9-28ae67ff8caf) to the foreground
09-22 12:20:43.109  8302  8302 D WM-SystemFgDispatcher: Notifying with (id:10234, workSpecId: 23ee05b2-51c6-4041-afe9-28ae67ff8caf, notificationType :1)
09-22 12:20:43.111  8302  8381 I WM-WorkerWrapper: Worker result SUCCESS for Work [ id=23ee05b2-51c6-4041-afe9-28ae67ff8caf, tags={ com.negi.survey.net.GitHubUploadWorker,github_upload,github_upload:startup_runtime_logs } ]
09-22 12:20:43.118  8302  8302 D WM-Processor: Processor 23ee05b2-51c6-4041-afe9-28ae67ff8caf executed; reschedule = false
09-22 12:20:43.118  8302  8302 D WM-GreedyScheduler: Stopping tracking for WorkGenerationalId(workSpecId=23ee05b2-51c6-4041-afe9-28ae67ff8caf, generation=0)
09-22 12:20:43.118  8302  8302 D WM-SystemJobService: 23ee05b2-51c6-4041-afe9-28ae67ff8caf executed on JobScheduler
09-22 12:20:43.119  8302  8302 D WM-SystemFgDispatcher: Removing Notification (id: 10234, workSpecId: WorkGenerationalId(workSpecId=23ee05b2-51c6-4041-afe9-28ae67ff8caf, generation=0), notificationType: 1
09-22 12:20:43.121  8302  8381 D WM-GreedyScheduler: Cancelling work ID 23ee05b2-51c6-4041-afe9-28ae67ff8caf
09-22 12:20:43.133  8302  8381 D WM-WorkProgressUpdater: Updating progress for 6a4c4565-bb81-4b21-9503-8f41d1db9bd9 (Data {pct : 47, mode : file})
09-22 12:20:43.136  8302  8381 I WM-Processor: Moving WorkSpec (6a4c4565-bb81-4b21-9503-8f41d1db9bd9) to the foreground
09-22 12:20:43.139  8302  8381 D WM-WorkProgressUpdater: Updating progress for 6a4c4565-bb81-4b21-9503-8f41d1db9bd9 (Data {pct : 85, mode : file})
09-22 12:20:43.140  8302  8302 D WM-SystemFgDispatcher: Notifying with (id:3775, workSpecId: 6a4c4565-bb81-4b21-9503-8f41d1db9bd9, notificationType :1)
09-22 12:20:43.143  8302  8381 I WM-Processor: Moving WorkSpec (6a4c4565-bb81-4b21-9503-8f41d1db9bd9) to the foreground
09-22 12:20:43.144  8302  8381 D WM-WorkProgressUpdater: Updating progress for 6a4c4565-bb81-4b21-9503-8f41d1db9bd9 (Data {pct : 90, mode : file})
09-22 12:20:43.146  8302  8381 I WM-Processor: Moving WorkSpec (6a4c4565-bb81-4b21-9503-8f41d1db9bd9) to the foreground
09-22 12:20:43.149  8302  8302 D WM-SystemFgDispatcher: Notifying with (id:3775, workSpecId: 6a4c4565-bb81-4b21-9503-8f41d1db9bd9, notificationType :1)
09-22 12:20:43.150  8302  8302 D WM-SystemFgDispatcher: Notifying with (id:3775, workSpecId: 6a4c4565-bb81-4b21-9503-8f41d1db9bd9, notificationType :1)
09-22 12:20:43.188  8302  8446 D ProfileInstaller: Installing profile for com.negi.survey
09-22 12:20:43.741  8302  8379 D WM-WorkProgressUpdater: Updating progress for f1c5e4d1-507f-40bd-a9b5-8864655f4375 (Data {pct : 49, mode : file})
09-22 12:20:43.748  8302  8379 I WM-Processor: Moving WorkSpec (f1c5e4d1-507f-40bd-a9b5-8864655f4375) to the foreground
09-22 12:20:43.752  8302  8379 D WM-WorkProgressUpdater: Updating progress for f1c5e4d1-507f-40bd-a9b5-8864655f4375 (Data {pct : 89, mode : file})
09-22 12:20:43.753  8302  8302 D WM-SystemFgDispatcher: Notifying with (id:5385, workSpecId: f1c5e4d1-507f-40bd-a9b5-8864655f4375, notificationType :1)
09-22 12:20:43.756  8302  8379 I WM-Processor: Moving WorkSpec (f1c5e4d1-507f-40bd-a9b5-8864655f4375) to the foreground
09-22 12:20:43.759  8302  8379 D WM-WorkProgressUpdater: Updating progress for f1c5e4d1-507f-40bd-a9b5-8864655f4375 (Data {pct : 90, mode : file})
09-22 12:20:43.759  8302  8302 D WM-SystemFgDispatcher: Notifying with (id:5385, workSpecId: f1c5e4d1-507f-40bd-a9b5-8864655f4375, notificationType :1)
09-22 12:20:43.761  8302  8379 I WM-Processor: Moving WorkSpec (f1c5e4d1-507f-40bd-a9b5-8864655f4375) to the foreground
09-22 12:20:43.768  8302  8302 D WM-SystemFgDispatcher: Notifying with (id:5385, workSpecId: f1c5e4d1-507f-40bd-a9b5-8864655f4375, notificationType :1)
09-22 12:20:43.838  8302  8381 D WM-WorkProgressUpdater: Updating progress for 31e8aa02-9d91-4dc5-8cd8-f4a723fb66d0 (Data {pct : 56, mode : file})
09-22 12:20:43.850  8302  8381 I WM-Processor: Moving WorkSpec (31e8aa02-9d91-4dc5-8cd8-f4a723fb66d0) to the foreground
09-22 12:20:43.854  8302  8381 D WM-WorkProgressUpdater: Updating progress for 31e8aa02-9d91-4dc5-8cd8-f4a723fb66d0 (Data {pct : 90, mode : file})
09-22 12:20:43.854  8302  8302 D WM-SystemFgDispatcher: Notifying with (id:4668, workSpecId: 31e8aa02-9d91-4dc5-8cd8-f4a723fb66d0, notificationType :1)
09-22 12:20:43.858  8302  8381 I WM-Processor: Moving WorkSpec (31e8aa02-9d91-4dc5-8cd8-f4a723fb66d0) to the foreground
09-22 12:20:43.860  8302  8302 D WM-SystemFgDispatcher: Notifying with (id:4668, workSpecId: 31e8aa02-9d91-4dc5-8cd8-f4a723fb66d0, notificationType :1)
09-22 12:20:44.196  8302  8388 D GitHubUploader: uploadStream: done url=https://github.com/ishizuki-tech/SurveyExports/blob/main/diagnostics/crash/2026-09-22/prevlog_20260922_192039_pid8302.log sha=090a6a239235bbf7a30291d50f340a388bf1faaa
09-22 12:20:44.196  8302  8376 D WM-WorkProgressUpdater: Updating progress for d08e0b0c-fcaa-4847-bff9-41d6acf45af3 (Data {pct : 95, mode : file})
09-22 12:20:44.209  8302  8376 I WM-Processor: Moving WorkSpec (d08e0b0c-fcaa-4847-bff9-41d6acf45af3) to the foreground
09-22 12:20:44.214  8302  8376 I WM-Processor: Moving WorkSpec (d08e0b0c-fcaa-4847-bff9-41d6acf45af3) to the foreground
09-22 12:20:44.216  8302  8302 D WM-SystemFgDispatcher: Notifying with (id:5189, workSpecId: d08e0b0c-fcaa-4847-bff9-41d6acf45af3, notificationType :1)
09-22 12:20:44.217  8302  8376 I WM-WorkerWrapper: Worker result SUCCESS for Work [ id=d08e0b0c-fcaa-4847-bff9-41d6acf45af3, tags={ com.negi.survey.net.GitHubUploadWorker,github_upload,github_upload:crash:diagnostics_crash_prevlog_20260922_192039_pid8302.log_6f52d6c6 } ]
09-22 12:20:44.221  8302  8302 D WM-SystemFgDispatcher: Notifying with (id:5189, workSpecId: d08e0b0c-fcaa-4847-bff9-41d6acf45af3, notificationType :1)
09-22 12:20:44.225  8302  8302 D WM-Processor: Processor d08e0b0c-fcaa-4847-bff9-41d6acf45af3 executed; reschedule = false
09-22 12:20:44.226  8302  8302 D WM-GreedyScheduler: Stopping tracking for WorkGenerationalId(workSpecId=d08e0b0c-fcaa-4847-bff9-41d6acf45af3, generation=0)
09-22 12:20:44.226  8302  8302 D WM-SystemJobService: d08e0b0c-fcaa-4847-bff9-41d6acf45af3 executed on JobScheduler
09-22 12:20:44.226  8302  8302 D WM-SystemFgDispatcher: Removing Notification (id: 5189, workSpecId: WorkGenerationalId(workSpecId=d08e0b0c-fcaa-4847-bff9-41d6acf45af3, generation=0), notificationType: 1
09-22 12:20:44.229  8302  8380 D WM-GreedyScheduler: Cancelling work ID d08e0b0c-fcaa-4847-bff9-41d6acf45af3
09-22 12:20:44.233  8302  8302 D WM-SystemJobService: onStopJob for WorkGenerationalId(workSpecId=d08e0b0c-fcaa-4847-bff9-41d6acf45af3, generation=0)
09-22 12:20:44.292  8302  8379 D WM-WorkProgressUpdater: Updating progress for 14d7f47d-c1a6-484e-9481-796112db70d8 (Data {pct : 25, mode : file})
09-22 12:20:44.297  8302  8379 I WM-Processor: Moving WorkSpec (14d7f47d-c1a6-484e-9481-796112db70d8) to the foreground
09-22 12:20:44.300  8302  8379 D WM-WorkProgressUpdater: Updating progress for 14d7f47d-c1a6-484e-9481-796112db70d8 (Data {pct : 40, mode : file})
09-22 12:20:44.302  8302  8302 D WM-SystemFgDispatcher: Notifying with (id:9684, workSpecId: 14d7f47d-c1a6-484e-9481-796112db70d8, notificationType :1)
09-22 12:20:44.304  8302  8379 I WM-Processor: Moving WorkSpec (14d7f47d-c1a6-484e-9481-796112db70d8) to the foreground
09-22 12:20:44.306  8302  8379 D WM-WorkProgressUpdater: Updating progress for 14d7f47d-c1a6-484e-9481-796112db70d8 (Data {pct : 55, mode : file})
09-22 12:20:44.306  8302  8302 D WM-SystemFgDispatcher: Notifying with (id:9684, workSpecId: 14d7f47d-c1a6-484e-9481-796112db70d8, notificationType :1)
09-22 12:20:44.307  8302  8302 W NotificationManager: Shedding notify (update) of NotificationKey[user=UserHandle{0}, pkg=com.negi.survey, tag=null, id=9684], rate limit (5.0) exceeded: input 14.849543, output would be 6.8997407
09-22 12:20:44.308  8302  8379 I WM-Processor: Moving WorkSpec (14d7f47d-c1a6-484e-9481-796112db70d8) to the foreground
09-22 12:20:44.310  8302  8302 D WM-SystemFgDispatcher: Notifying with (id:9684, workSpecId: 14d7f47d-c1a6-484e-9481-796112db70d8, notificationType :1)
09-22 12:20:44.311  8302  8379 D WM-WorkProgressUpdater: Updating progress for 14d7f47d-c1a6-484e-9481-796112db70d8 (Data {pct : 70, mode : file})
09-22 12:20:44.313  8302  8379 I WM-Processor: Moving WorkSpec (14d7f47d-c1a6-484e-9481-796112db70d8) to the foreground
09-22 12:20:44.315  8302  8379 D WM-WorkProgressUpdater: Updating progress for 14d7f47d-c1a6-484e-9481-796112db70d8 (Data {pct : 85, mode : file})
09-22 12:20:44.317  8302  8302 D WM-SystemFgDispatcher: Notifying with (id:9684, workSpecId: 14d7f47d-c1a6-484e-9481-796112db70d8, notificationType :1)
09-22 12:20:44.318  8302  8379 I WM-Processor: Moving WorkSpec (14d7f47d-c1a6-484e-9481-796112db70d8) to the foreground
09-22 12:20:44.319  8302  8379 D WM-WorkProgressUpdater: Updating progress for 14d7f47d-c1a6-484e-9481-796112db70d8 (Data {pct : 90, mode : file})
09-22 12:20:44.320  8302  8302 D WM-SystemFgDispatcher: Notifying with (id:9684, workSpecId: 14d7f47d-c1a6-484e-9481-796112db70d8, notificationType :1)
09-22 12:20:44.321  8302  8379 I WM-Processor: Moving WorkSpec (14d7f47d-c1a6-484e-9481-796112db70d8) to the foreground
09-22 12:20:44.324  8302  8302 D WM-SystemFgDispatcher: Notifying with (id:9684, workSpecId: 14d7f47d-c1a6-484e-9481-796112db70d8, notificationType :1)
09-22 12:20:44.711  8302  8379 D WM-WorkProgressUpdater: Updating progress for 31e8aa02-9d91-4dc5-8cd8-f4a723fb66d0 (Data {pct : 95, mode : file})
09-22 12:20:44.713  8302  8403 D GitHubUploader: uploadStream: done url=https://github.com/ishizuki-tech/SurveyExports/blob/main/diagnostics/crash/2026-09-22/prevlog_20260921_225012_pid24515.log sha=3d07645ef0b58cdbdb23f742fd9c2471be760b10
09-22 12:20:44.716  8302  8379 I WM-Processor: Moving WorkSpec (31e8aa02-9d91-4dc5-8cd8-f4a723fb66d0) to the foreground
09-22 12:20:44.720  8302  8379 I WM-Processor: Moving WorkSpec (31e8aa02-9d91-4dc5-8cd8-f4a723fb66d0) to the foreground
09-22 12:20:44.722  8302  8302 D WM-SystemFgDispatcher: Notifying with (id:4668, workSpecId: 31e8aa02-9d91-4dc5-8cd8-f4a723fb66d0, notificationType :1)
09-22 12:20:44.724  8302  8379 I WM-WorkerWrapper: Worker result SUCCESS for Work [ id=31e8aa02-9d91-4dc5-8cd8-f4a723fb66d0, tags={ com.negi.survey.net.GitHubUploadWorker,github_upload,github_upload:crash:diagnostics_crash_prevlog_20260921_225012_pid24515.log_e2a9cfa9 } ]
09-22 12:20:44.726  8302  8302 D WM-SystemFgDispatcher: Notifying with (id:4668, workSpecId: 31e8aa02-9d91-4dc5-8cd8-f4a723fb66d0, notificationType :1)
09-22 12:20:44.728  8302  8302 D WM-Processor: Processor 31e8aa02-9d91-4dc5-8cd8-f4a723fb66d0 executed; reschedule = false
09-22 12:20:44.728  8302  8302 D WM-GreedyScheduler: Stopping tracking for WorkGenerationalId(workSpecId=31e8aa02-9d91-4dc5-8cd8-f4a723fb66d0, generation=0)
09-22 12:20:44.729  8302  8302 D WM-SystemJobService: 31e8aa02-9d91-4dc5-8cd8-f4a723fb66d0 executed on JobScheduler
09-22 12:20:44.729  8302  8302 D WM-SystemFgDispatcher: Removing Notification (id: 4668, workSpecId: WorkGenerationalId(workSpecId=31e8aa02-9d91-4dc5-8cd8-f4a723fb66d0, generation=0), notificationType: 1
09-22 12:20:44.754  8302  8380 D WM-GreedyScheduler: Cancelling work ID 31e8aa02-9d91-4dc5-8cd8-f4a723fb66d0
09-22 12:20:45.426  8302  8381 D WM-WorkProgressUpdater: Updating progress for 14d7f47d-c1a6-484e-9481-796112db70d8 (Data {pct : 95, mode : file})
09-22 12:20:45.427  8302  8404 D GitHubUploader: uploadStream: done url=https://github.com/ishizuki-tech/SurveyExports/blob/main/diagnostics/crash/2026-09-22/ring_store/20260922_192040_pid8302_u530701/seg_00.log sha=ebc66f404a038324f3eb0d48d08d364ae124af99
09-22 12:20:45.432  8302  8381 I WM-Processor: Moving WorkSpec (14d7f47d-c1a6-484e-9481-796112db70d8) to the foreground
09-22 12:20:45.437  8302  8381 I WM-Processor: Moving WorkSpec (14d7f47d-c1a6-484e-9481-796112db70d8) to the foreground
09-22 12:20:45.439  8302  8302 D WM-SystemFgDispatcher: Notifying with (id:9684, workSpecId: 14d7f47d-c1a6-484e-9481-796112db70d8, notificationType :1)
09-22 12:20:45.445  8302  8381 I WM-WorkerWrapper: Worker result SUCCESS for Work [ id=14d7f47d-c1a6-484e-9481-796112db70d8, tags={ com.negi.survey.net.GitHubUploadWorker,github_upload,github_upload:ring:diagnostics_crash_ring_store_20260922_192040_pid8302_u530701_seg_00.log_91588866 } ]
09-22 12:20:45.447  8302  8302 D WM-SystemFgDispatcher: Notifying with (id:9684, workSpecId: 14d7f47d-c1a6-484e-9481-796112db70d8, notificationType :1)
09-22 12:20:45.455  8302  8302 D WM-Processor: Processor 14d7f47d-c1a6-484e-9481-796112db70d8 executed; reschedule = false
09-22 12:20:45.456  8302  8302 D WM-GreedyScheduler: Stopping tracking for WorkGenerationalId(workSpecId=14d7f47d-c1a6-484e-9481-796112db70d8, generation=0)
09-22 12:20:45.456  8302  8302 D WM-SystemJobService: 14d7f47d-c1a6-484e-9481-796112db70d8 executed on JobScheduler
09-22 12:20:45.456  8302  8302 D WM-SystemFgDispatcher: Removing Notification (id: 9684, workSpecId: WorkGenerationalId(workSpecId=14d7f47d-c1a6-484e-9481-796112db70d8, generation=0), notificationType: 1
09-22 12:20:45.470  8302  8379 D WM-GreedyScheduler: Cancelling work ID 14d7f47d-c1a6-484e-9481-796112db70d8
09-22 12:20:45.475  8302  8380 D WM-WorkProgressUpdater: Updating progress for 94c2f032-5bdc-467d-8532-f7f72cb2a367 (Data {pct : 45, mode : file})
09-22 12:20:45.479  8302  8380 I WM-Processor: Moving WorkSpec (94c2f032-5bdc-467d-8532-f7f72cb2a367) to the foreground
09-22 12:20:45.481  8302  8380 D WM-WorkProgressUpdater: Updating progress for 94c2f032-5bdc-467d-8532-f7f72cb2a367 (Data {pct : 81, mode : file})
09-22 12:20:45.484  8302  8302 D WM-SystemFgDispatcher: Notifying with (id:10156, workSpecId: 94c2f032-5bdc-467d-8532-f7f72cb2a367, notificationType :1)
09-22 12:20:45.484  8302  8380 I WM-Processor: Moving WorkSpec (94c2f032-5bdc-467d-8532-f7f72cb2a367) to the foreground
09-22 12:20:45.486  8302  8380 D WM-WorkProgressUpdater: Updating progress for 94c2f032-5bdc-467d-8532-f7f72cb2a367 (Data {pct : 90, mode : file})
09-22 12:20:45.489  8302  8380 I WM-Processor: Moving WorkSpec (94c2f032-5bdc-467d-8532-f7f72cb2a367) to the foreground
09-22 12:20:45.489  8302  8302 D WM-SystemFgDispatcher: Notifying with (id:10156, workSpecId: 94c2f032-5bdc-467d-8532-f7f72cb2a367, notificationType :1)
09-22 12:20:45.492  8302  8302 D WM-SystemFgDispatcher: Notifying with (id:10156, workSpecId: 94c2f032-5bdc-467d-8532-f7f72cb2a367, notificationType :1)
09-22 12:20:45.493  8302  8302 W NotificationManager: Shedding notify (update) of NotificationKey[user=UserHandle{0}, pkg=com.negi.survey, tag=null, id=10156], rate limit (5.0) exceeded: input 12.33234, output would be 6.790702
09-22 12:20:45.523  8302  8380 D WM-WorkProgressUpdater: Updating progress for 02f5f969-610c-4699-84fe-d2ed84f33a99 (Data {pct : 51, mode : file})
09-22 12:20:45.528  8302  8380 I WM-Processor: Moving WorkSpec (02f5f969-610c-4699-84fe-d2ed84f33a99) to the foreground
09-22 12:20:45.530  8302  8380 D WM-WorkProgressUpdater: Updating progress for 02f5f969-610c-4699-84fe-d2ed84f33a99 (Data {pct : 90, mode : file})
09-22 12:20:45.533  8302  8380 I WM-Processor: Moving WorkSpec (02f5f969-610c-4699-84fe-d2ed84f33a99) to the foreground
09-22 12:20:45.535  8302  8302 D WM-SystemFgDispatcher: Notifying with (id:6240, workSpecId: 02f5f969-610c-4699-84fe-d2ed84f33a99, notificationType :1)
09-22 12:20:45.537  8302  8302 D WM-SystemFgDispatcher: Notifying with (id:6240, workSpecId: 02f5f969-610c-4699-84fe-d2ed84f33a99, notificationType :1)
09-22 12:20:45.981  8302  8379 D WM-WorkProgressUpdater: Updating progress for 6a4c4565-bb81-4b21-9503-8f41d1db9bd9 (Data {pct : 47, mode : file})
09-22 12:20:45.993  8302  8379 I WM-Processor: Moving WorkSpec (6a4c4565-bb81-4b21-9503-8f41d1db9bd9) to the foreground
09-22 12:20:45.997  8302  8379 D WM-WorkProgressUpdater: Updating progress for 6a4c4565-bb81-4b21-9503-8f41d1db9bd9 (Data {pct : 85, mode : file})
09-22 12:20:46.002  8302  8379 I WM-Processor: Moving WorkSpec (6a4c4565-bb81-4b21-9503-8f41d1db9bd9) to the foreground
09-22 12:20:46.004  8302  8379 D WM-WorkProgressUpdater: Updating progress for 6a4c4565-bb81-4b21-9503-8f41d1db9bd9 (Data {pct : 90, mode : file})
09-22 12:20:46.004  8302  8302 D WM-SystemFgDispatcher: Notifying with (id:3775, workSpecId: 6a4c4565-bb81-4b21-9503-8f41d1db9bd9, notificationType :1)
09-22 12:20:46.008  8302  8379 I WM-Processor: Moving WorkSpec (6a4c4565-bb81-4b21-9503-8f41d1db9bd9) to the foreground
09-22 12:20:46.010  8302  8302 D WM-SystemFgDispatcher: Notifying with (id:3775, workSpecId: 6a4c4565-bb81-4b21-9503-8f41d1db9bd9, notificationType :1)
09-22 12:20:46.012  8302  8302 D WM-SystemFgDispatcher: Notifying with (id:3775, workSpecId: 6a4c4565-bb81-4b21-9503-8f41d1db9bd9, notificationType :1)
09-22 12:20:46.367  8302  8404 D GitHubUploader: uploadStream: done url=https://github.com/ishizuki-tech/SurveyExports/blob/main/diagnostics/crash/2026-09-22/prevlog_20260921_234701_pid28865.log sha=c70f76b086d2d4b511f8ed32345c5c5337b53591
09-22 12:20:46.368  8302  8380 D WM-WorkProgressUpdater: Updating progress for 94c2f032-5bdc-467d-8532-f7f72cb2a367 (Data {pct : 95, mode : file})
09-22 12:20:46.372  8302  8380 I WM-Processor: Moving WorkSpec (94c2f032-5bdc-467d-8532-f7f72cb2a367) to the foreground
09-22 12:20:46.379  8302  8302 D WM-SystemFgDispatcher: Notifying with (id:10156, workSpecId: 94c2f032-5bdc-467d-8532-f7f72cb2a367, notificationType :1)
09-22 12:20:46.380  8302  8380 I WM-Processor: Moving WorkSpec (94c2f032-5bdc-467d-8532-f7f72cb2a367) to the foreground
09-22 12:20:46.383  8302  8380 I WM-WorkerWrapper: Worker result SUCCESS for Work [ id=94c2f032-5bdc-467d-8532-f7f72cb2a367, tags={ com.negi.survey.net.GitHubUploadWorker,github_upload,github_upload:crash:diagnostics_crash_prevlog_20260921_234701_pid28865.log_8c95515a } ]
09-22 12:20:46.389  8302  8302 D WM-SystemFgDispatcher: Notifying with (id:10156, workSpecId: 94c2f032-5bdc-467d-8532-f7f72cb2a367, notificationType :1)
09-22 12:20:46.393  8302  8302 D WM-Processor: Processor 94c2f032-5bdc-467d-8532-f7f72cb2a367 executed; reschedule = false
09-22 12:20:46.393  8302  8302 D WM-GreedyScheduler: Stopping tracking for WorkGenerationalId(workSpecId=94c2f032-5bdc-467d-8532-f7f72cb2a367, generation=0)
09-22 12:20:46.393  8302  8302 D WM-SystemJobService: 94c2f032-5bdc-467d-8532-f7f72cb2a367 executed on JobScheduler
09-22 12:20:46.394  8302  8302 D WM-SystemFgDispatcher: Removing Notification (id: 10156, workSpecId: WorkGenerationalId(workSpecId=94c2f032-5bdc-467d-8532-f7f72cb2a367, generation=0), notificationType: 1
09-22 12:20:46.395  8302  8302 D WM-SystemJobService: onStopJob for WorkGenerationalId(workSpecId=94c2f032-5bdc-467d-8532-f7f72cb2a367, generation=0)
09-22 12:20:46.395  8302  8381 D WM-GreedyScheduler: Cancelling work ID 94c2f032-5bdc-467d-8532-f7f72cb2a367
09-22 12:20:46.448  8302  8403 W GitHubUploader: uploadStream: 409 Conflict; refreshing SHA and retrying once.
09-22 12:20:46.602  8302  8326 W com.negi.survey: userfaultfd: MOVE ioctl seems unsupported: Connection timed out
09-22 12:20:46.616  8302  8376 D WM-WorkProgressUpdater: Updating progress for 02f5f969-610c-4699-84fe-d2ed84f33a99 (Data {pct : 51, mode : file})
09-22 12:20:46.628  8302  8376 D WM-WorkProgressUpdater: Updating progress for f1c5e4d1-507f-40bd-a9b5-8864655f4375 (Data {pct : 49, mode : file})
09-22 12:20:46.634  8302  8376 I WM-Processor: Moving WorkSpec (02f5f969-610c-4699-84fe-d2ed84f33a99) to the foreground
09-22 12:20:46.638  8302  8302 D WM-SystemFgDispatcher: Notifying with (id:6240, workSpecId: 02f5f969-610c-4699-84fe-d2ed84f33a99, notificationType :1)
09-22 12:20:46.640  8302  8376 I WM-Processor: Moving WorkSpec (f1c5e4d1-507f-40bd-a9b5-8864655f4375) to the foreground
09-22 12:20:46.644  8302  8376 D WM-WorkProgressUpdater: Updating progress for f1c5e4d1-507f-40bd-a9b5-8864655f4375 (Data {pct : 89, mode : file})
09-22 12:20:46.644  8302  8302 D WM-SystemFgDispatcher: Notifying with (id:5385, workSpecId: f1c5e4d1-507f-40bd-a9b5-8864655f4375, notificationType :1)
09-22 12:20:46.644  8302  8302 W NotificationManager: Shedding notify (update) of NotificationKey[user=UserHandle{0}, pkg=com.negi.survey, tag=null, id=5385], rate limit (5.0) exceeded: input 10.0492325, output would be 5.4608693
09-22 12:20:46.648  8302  8380 I WM-Processor: Moving WorkSpec (f1c5e4d1-507f-40bd-a9b5-8864655f4375) to the foreground
09-22 12:20:46.649  8302  8380 D WM-WorkProgressUpdater: Updating progress for f1c5e4d1-507f-40bd-a9b5-8864655f4375 (Data {pct : 90, mode : file})
09-22 12:20:46.652  8302  8302 D WM-SystemFgDispatcher: Notifying with (id:5385, workSpecId: f1c5e4d1-507f-40bd-a9b5-8864655f4375, notificationType :1)
09-22 12:20:46.652  8302  8380 I WM-Processor: Moving WorkSpec (f1c5e4d1-507f-40bd-a9b5-8864655f4375) to the foreground
09-22 12:20:46.653  8302  8380 D WM-WorkProgressUpdater: Updating progress for 02f5f969-610c-4699-84fe-d2ed84f33a99 (Data {pct : 90, mode : file})
09-22 12:20:46.654  8302  8302 D WM-SystemFgDispatcher: Notifying with (id:5385, workSpecId: f1c5e4d1-507f-40bd-a9b5-8864655f4375, notificationType :1)
09-22 12:20:46.657  8302  8380 I WM-Processor: Moving WorkSpec (02f5f969-610c-4699-84fe-d2ed84f33a99) to the foreground
09-22 12:20:46.659  8302  8302 D WM-SystemFgDispatcher: Notifying with (id:6240, workSpecId: 02f5f969-610c-4699-84fe-d2ed84f33a99, notificationType :1)
09-22 12:20:46.860  8302  8405 W GitHubUploader: uploadStream: 409 Conflict; refreshing SHA and retrying once.
09-22 12:20:47.269  8302  8389 D GitHubUploader: uploadStream: done url=https://github.com/ishizuki-tech/SurveyExports/blob/main/diagnostics/crash/2026-09-22/prevlog_20260922_003409_pid30537.log sha=b444252794eb69bfe79b15ea7dcf57f368604933
09-22 12:20:47.269  8302  8376 D WM-WorkProgressUpdater: Updating progress for 6a4c4565-bb81-4b21-9503-8f41d1db9bd9 (Data {pct : 95, mode : file})
09-22 12:20:47.278  8302  8380 I WM-Processor: Moving WorkSpec (6a4c4565-bb81-4b21-9503-8f41d1db9bd9) to the foreground
09-22 12:20:47.284  8302  8380 I WM-Processor: Moving WorkSpec (6a4c4565-bb81-4b21-9503-8f41d1db9bd9) to the foreground
09-22 12:20:47.288  8302  8380 I WM-WorkerWrapper: Worker result SUCCESS for Work [ id=6a4c4565-bb81-4b21-9503-8f41d1db9bd9, tags={ com.negi.survey.net.GitHubUploadWorker,github_upload,github_upload:crash:diagnostics_crash_prevlog_20260922_003409_pid30537.log_7b38adc1 } ]
09-22 12:20:47.289  8302  8302 D WM-SystemFgDispatcher: Notifying with (id:3775, workSpecId: 6a4c4565-bb81-4b21-9503-8f41d1db9bd9, notificationType :1)
09-22 12:20:47.293  8302  8302 D WM-SystemFgDispatcher: Notifying with (id:3775, workSpecId: 6a4c4565-bb81-4b21-9503-8f41d1db9bd9, notificationType :1)
09-22 12:20:47.296  8302  8302 D WM-Processor: Processor 6a4c4565-bb81-4b21-9503-8f41d1db9bd9 executed; reschedule = false
09-22 12:20:47.296  8302  8302 D WM-GreedyScheduler: Stopping tracking for WorkGenerationalId(workSpecId=6a4c4565-bb81-4b21-9503-8f41d1db9bd9, generation=0)
09-22 12:20:47.297  8302  8302 D WM-SystemJobService: 6a4c4565-bb81-4b21-9503-8f41d1db9bd9 executed on JobScheduler
09-22 12:20:47.297  8302  8302 D WM-SystemFgDispatcher: Removing Notification (id: 3775, workSpecId: WorkGenerationalId(workSpecId=6a4c4565-bb81-4b21-9503-8f41d1db9bd9, generation=0), notificationType: 1
09-22 12:20:47.300  8302  8381 D WM-GreedyScheduler: Cancelling work ID 6a4c4565-bb81-4b21-9503-8f41d1db9bd9
09-22 12:20:47.304  8302  8302 D WM-SystemJobService: onStopJob for WorkGenerationalId(workSpecId=6a4c4565-bb81-4b21-9503-8f41d1db9bd9, generation=0)
09-22 12:20:47.473  8302  8406 W GitHubUploader: uploadStream: 409 Conflict; refreshing SHA and retrying once.
09-22 12:20:47.651  8302  8407 W GitHubUploader: uploadStream: 409 Conflict; refreshing SHA and retrying once.
09-22 12:20:47.822  8302  8379 D WM-WorkProgressUpdater: Updating progress for f1c5e4d1-507f-40bd-a9b5-8864655f4375 (Data {pct : 49, mode : file})
09-22 12:20:47.830  8302  8379 I WM-Processor: Moving WorkSpec (f1c5e4d1-507f-40bd-a9b5-8864655f4375) to the foreground
09-22 12:20:47.834  8302  8379 D WM-WorkProgressUpdater: Updating progress for f1c5e4d1-507f-40bd-a9b5-8864655f4375 (Data {pct : 89, mode : file})
09-22 12:20:47.837  8302  8379 I WM-Processor: Moving WorkSpec (f1c5e4d1-507f-40bd-a9b5-8864655f4375) to the foreground
09-22 12:20:47.838  8302  8302 D WM-SystemFgDispatcher: Notifying with (id:5385, workSpecId: f1c5e4d1-507f-40bd-a9b5-8864655f4375, notificationType :1)
09-22 12:20:47.839  8302  8379 D WM-WorkProgressUpdater: Updating progress for f1c5e4d1-507f-40bd-a9b5-8864655f4375 (Data {pct : 90, mode : file})
09-22 12:20:47.841  8302  8302 D WM-SystemFgDispatcher: Notifying with (id:5385, workSpecId: f1c5e4d1-507f-40bd-a9b5-8864655f4375, notificationType :1)
09-22 12:20:47.842  8302  8379 I WM-Processor: Moving WorkSpec (f1c5e4d1-507f-40bd-a9b5-8864655f4375) to the foreground
09-22 12:20:47.845  8302  8302 D WM-SystemFgDispatcher: Notifying with (id:5385, workSpecId: f1c5e4d1-507f-40bd-a9b5-8864655f4375, notificationType :1)
09-22 12:20:48.192  8302  8376 D WM-WorkProgressUpdater: Updating progress for 6d977f2d-9c81-455c-8519-b35d0b123c16 (Data {pct : 95, mode : file})
09-22 12:20:48.192  8302  8405 D GitHubUploader: uploadStream: done url=https://github.com/ishizuki-tech/SurveyExports/blob/main/diagnostics/crash/2026-09-22/exit_20260916_221420_1789596860056_pid20773_r3.log sha=a86e4e0da6486f8e7f82466e323f1a457e8ebb00
09-22 12:20:48.205  8302  8376 I WM-Processor: Moving WorkSpec (6d977f2d-9c81-455c-8519-b35d0b123c16) to the foreground
09-22 12:20:48.209  8302  8302 D WM-SystemFgDispatcher: Notifying with (id:10072, workSpecId: 6d977f2d-9c81-455c-8519-b35d0b123c16, notificationType :1)
09-22 12:20:48.210  8302  8376 I WM-Processor: Moving WorkSpec (6d977f2d-9c81-455c-8519-b35d0b123c16) to the foreground
09-22 12:20:48.213  8302  8376 I WM-WorkerWrapper: Worker result SUCCESS for Work [ id=6d977f2d-9c81-455c-8519-b35d0b123c16, tags={ com.negi.survey.net.GitHubUploadWorker,github_upload,github_upload:crash:diagnostics_crash_exit_20260916_221420_1789596860056_pid20773_r3.log_2b84a752 } ]
09-22 12:20:48.213  8302  8302 D WM-SystemFgDispatcher: Notifying with (id:10072, workSpecId: 6d977f2d-9c81-455c-8519-b35d0b123c16, notificationType :1)
09-22 12:20:48.215  8302  8302 D WM-Processor: Processor 6d977f2d-9c81-455c-8519-b35d0b123c16 executed; reschedule = false
09-22 12:20:48.216  8302  8302 D WM-GreedyScheduler: Stopping tracking for WorkGenerationalId(workSpecId=6d977f2d-9c81-455c-8519-b35d0b123c16, generation=0)
09-22 12:20:48.216  8302  8302 D WM-SystemJobService: 6d977f2d-9c81-455c-8519-b35d0b123c16 executed on JobScheduler
09-22 12:20:48.217  8302  8302 D WM-SystemFgDispatcher: Removing Notification (id: 10072, workSpecId: WorkGenerationalId(workSpecId=6d977f2d-9c81-455c-8519-b35d0b123c16, generation=0), notificationType: 1
09-22 12:20:48.218  8302  8376 D WM-GreedyScheduler: Cancelling work ID 6d977f2d-9c81-455c-8519-b35d0b123c16
09-22 12:20:48.225  8302  8302 D WM-SystemJobService: onStopJob for WorkGenerationalId(workSpecId=6d977f2d-9c81-455c-8519-b35d0b123c16, generation=0)
09-22 12:20:48.569  8302  8380 D WM-WorkProgressUpdater: Updating progress for 02f5f969-610c-4699-84fe-d2ed84f33a99 (Data {pct : 51, mode : file})
09-22 12:20:48.577  8302  8380 I WM-Processor: Moving WorkSpec (02f5f969-610c-4699-84fe-d2ed84f33a99) to the foreground
09-22 12:20:48.582  8302  8380 D WM-WorkProgressUpdater: Updating progress for 02f5f969-610c-4699-84fe-d2ed84f33a99 (Data {pct : 90, mode : file})
09-22 12:20:48.586  8302  8380 I WM-Processor: Moving WorkSpec (02f5f969-610c-4699-84fe-d2ed84f33a99) to the foreground
09-22 12:20:48.589  8302  8302 D WM-SystemFgDispatcher: Notifying with (id:6240, workSpecId: 02f5f969-610c-4699-84fe-d2ed84f33a99, notificationType :1)
09-22 12:20:48.594  8302  8302 D WM-SystemFgDispatcher: Notifying with (id:6240, workSpecId: 02f5f969-610c-4699-84fe-d2ed84f33a99, notificationType :1)
09-22 12:20:48.781  8302  8380 D WM-WorkProgressUpdater: Updating progress for f1c5e4d1-507f-40bd-a9b5-8864655f4375 (Data {pct : 95, mode : file})
09-22 12:20:48.782  8302  8407 D GitHubUploader: uploadStream: done url=https://github.com/ishizuki-tech/SurveyExports/blob/main/diagnostics/crash/2026-09-22/prevlog_20260921_231414_pid27009.log sha=e2d7640b7bfca011fea7d5c144629f0bcf3a488e
09-22 12:20:48.787  8302  8380 I WM-Processor: Moving WorkSpec (f1c5e4d1-507f-40bd-a9b5-8864655f4375) to the foreground
09-22 12:20:48.791  8302  8380 I WM-Processor: Moving WorkSpec (f1c5e4d1-507f-40bd-a9b5-8864655f4375) to the foreground
09-22 12:20:48.792  8302  8302 D WM-SystemFgDispatcher: Notifying with (id:5385, workSpecId: f1c5e4d1-507f-40bd-a9b5-8864655f4375, notificationType :1)
09-22 12:20:48.798  8302  8380 I WM-WorkerWrapper: Worker result SUCCESS for Work [ id=f1c5e4d1-507f-40bd-a9b5-8864655f4375, tags={ com.negi.survey.net.GitHubUploadWorker,github_upload,github_upload:crash:diagnostics_crash_prevlog_20260921_231414_pid27009.log_dc3f283b } ]
09-22 12:20:48.798  8302  8302 D WM-SystemFgDispatcher: Notifying with (id:5385, workSpecId: f1c5e4d1-507f-40bd-a9b5-8864655f4375, notificationType :1)
09-22 12:20:48.809  8302  8302 D WM-Processor: Processor f1c5e4d1-507f-40bd-a9b5-8864655f4375 executed; reschedule = false
09-22 12:20:48.809  8302  8302 D WM-GreedyScheduler: Stopping tracking for WorkGenerationalId(workSpecId=f1c5e4d1-507f-40bd-a9b5-8864655f4375, generation=0)
09-22 12:20:48.809  8302  8302 D WM-SystemJobService: f1c5e4d1-507f-40bd-a9b5-8864655f4375 executed on JobScheduler
09-22 12:20:48.810  8302  8302 D WM-SystemFgDispatcher: Removing Notification (id: 5385, workSpecId: WorkGenerationalId(workSpecId=f1c5e4d1-507f-40bd-a9b5-8864655f4375, generation=0), notificationType: 1
09-22 12:20:48.813  8302  8380 D WM-GreedyScheduler: Cancelling work ID f1c5e4d1-507f-40bd-a9b5-8864655f4375
09-22 12:20:48.871  8302  8383 D WM-WorkConstraintsTrack: NetworkRequestConstraintController onCapabilitiesChanged callback
09-22 12:20:48.886  8302  8302 W JobService: onNetworkChanged() not implemented in androidx.work.impl.background.systemjob.SystemJobService. Must override in a subclass.
09-22 12:20:49.523  8302  8380 D WM-WorkProgressUpdater: Updating progress for 02f5f969-610c-4699-84fe-d2ed84f33a99 (Data {pct : 95, mode : file})
09-22 12:20:49.524  8302  8405 D GitHubUploader: uploadStream: done url=https://github.com/ishizuki-tech/SurveyExports/blob/main/diagnostics/crash/2026-09-22/prevlog_20260922_183402_pid6675.log sha=d61cb3b95ee6716872841fc31cab1042458e32aa
09-22 12:20:49.530  8302  8380 I WM-Processor: Moving WorkSpec (02f5f969-610c-4699-84fe-d2ed84f33a99) to the foreground
09-22 12:20:49.535  8302  8380 I WM-Processor: Moving WorkSpec (02f5f969-610c-4699-84fe-d2ed84f33a99) to the foreground
09-22 12:20:49.538  8302  8302 D WM-SystemFgDispatcher: Notifying with (id:6240, workSpecId: 02f5f969-610c-4699-84fe-d2ed84f33a99, notificationType :1)
09-22 12:20:49.538  8302  8380 I WM-WorkerWrapper: Worker result SUCCESS for Work [ id=02f5f969-610c-4699-84fe-d2ed84f33a99, tags={ com.negi.survey.net.GitHubUploadWorker,github_upload,github_upload:crash:diagnostics_crash_prevlog_20260922_183402_pid6675.log_17868025 } ]
09-22 12:20:49.543  8302  8302 D WM-SystemFgDispatcher: Notifying with (id:6240, workSpecId: 02f5f969-610c-4699-84fe-d2ed84f33a99, notificationType :1)
09-22 12:20:49.546  8302  8302 D WM-Processor: Processor 02f5f969-610c-4699-84fe-d2ed84f33a99 executed; reschedule = false
09-22 12:20:49.546  8302  8302 D WM-GreedyScheduler: Stopping tracking for WorkGenerationalId(workSpecId=02f5f969-610c-4699-84fe-d2ed84f33a99, generation=0)
09-22 12:20:49.547  8302  8302 D WM-SystemJobService: 02f5f969-610c-4699-84fe-d2ed84f33a99 executed on JobScheduler
09-22 12:20:49.548  8302  8302 D WM-SystemFgDispatcher: Removing Notification (id: 6240, workSpecId: WorkGenerationalId(workSpecId=02f5f969-610c-4699-84fe-d2ed84f33a99, generation=0), notificationType: 1
09-22 12:20:49.552  8302  8381 D WM-GreedyScheduler: Cancelling work ID 02f5f969-610c-4699-84fe-d2ed84f33a99
09-22 12:20:51.209  8302  8403 D GitHubUploader: uploadStream: done url=https://github.com/ishizuki-tech/SurveyExports/blob/main/diagnostics/applog_ring/2026-09-22/applog_ring_startup_ring_20260922_192039_0584f90a_app_start/seg_00.log sha=4174e14cdcb1130259834535994014709f8674e3
09-22 12:20:51.210  8302  8376 D WM-WorkProgressUpdater: Updating progress for 5aaf3b43-9747-40b9-a943-ec61724acf9d (Data {pct : 95, mode : startup_ring_logs})
09-22 12:20:51.220  8302  8376 I WM-Processor: Moving WorkSpec (5aaf3b43-9747-40b9-a943-ec61724acf9d) to the foreground
09-22 12:20:51.225  8302  8302 D WM-SystemFgDispatcher: Notifying with (id:6117, workSpecId: 5aaf3b43-9747-40b9-a943-ec61724acf9d, notificationType :1)
09-22 12:20:51.227  8302  8376 I WM-Processor: Moving WorkSpec (5aaf3b43-9747-40b9-a943-ec61724acf9d) to the foreground
09-22 12:20:51.231  8302  8302 D WM-SystemFgDispatcher: Notifying with (id:6117, workSpecId: 5aaf3b43-9747-40b9-a943-ec61724acf9d, notificationType :1)
09-22 12:20:51.231  8302  8376 I WM-WorkerWrapper: Worker result SUCCESS for Work [ id=5aaf3b43-9747-40b9-a943-ec61724acf9d, tags={ com.negi.survey.net.GitHubUploadWorker,github_upload,github_upload:ring_logs } ]
09-22 12:20:51.240  8302  8376 D WM-PackageManagerHelper: androidx.work.impl.background.systemalarm.RescheduleReceiver disabled
09-22 12:20:51.241  8302  8302 D WM-Processor: Processor 5aaf3b43-9747-40b9-a943-ec61724acf9d executed; reschedule = false
09-22 12:20:51.241  8302  8302 D WM-GreedyScheduler: Stopping tracking for WorkGenerationalId(workSpecId=5aaf3b43-9747-40b9-a943-ec61724acf9d, generation=0)
09-22 12:20:51.242  8302  8302 D WM-SystemJobService: 5aaf3b43-9747-40b9-a943-ec61724acf9d executed on JobScheduler
09-22 12:20:51.242  8302  8302 D WM-SystemFgDispatcher: Removing Notification (id: 6117, workSpecId: WorkGenerationalId(workSpecId=5aaf3b43-9747-40b9-a943-ec61724acf9d, generation=0), notificationType: 1
09-22 12:20:51.243  8302  8302 I WM-SystemFgDispatcher: Stopping foreground service
09-22 12:20:51.243  8302  8302 D WM-SystemFgService: Shutting down.
09-22 12:20:51.249  8302  8302 D WM-SystemJobService: onStopJob for WorkGenerationalId(workSpecId=5aaf3b43-9747-40b9-a943-ec61724acf9d, generation=0)
09-22 12:20:51.250  8302  8381 D WM-GreedyScheduler: Cancelling work ID 5aaf3b43-9747-40b9-a943-ec61724acf9d
09-22 12:20:51.266  8302  8381 D WM-WorkConstraintsTrack: NetworkRequestConstraintController unregister shared callback
09-22 12:23:53.383  8571  8571 I Zygote  : Process 8571 created for com.negi.survey
09-22 12:23:53.383  8571  8571 I com.negi.survey: Late-enabling -Xcheck:jni
09-22 12:23:53.445  8571  8571 I com.negi.survey: Using CollectorTypeCMC GC.
09-22 12:23:53.460  8571  8571 D nativeloader: Load libframework-connectivity-tiramisu-jni.so using APEX ns com_android_tethering for caller /apex/com.android.tethering/javalib/framework-connectivity-t.jar: ok
09-22 12:23:53.512  8571  8571 D ApplicationLoaders: Returning zygote-cached class loader: /system_ext/framework/androidx.window.extensions.jar
09-22 12:23:53.512  8571  8571 D ApplicationLoaders: Returning zygote-cached class loader: /system_ext/framework/androidx.window.sidecar.jar
09-22 12:23:54.154  8571  8571 D nativeloader: Configuring clns-9 for other apk /data/app/~~ys01wEK1GDWMvMtT0ZtlwQ==/com.negi.survey-mctWCRZegFfHls2P8kVPqA==/base.apk. target_sdk_version=36, uses_libraries=libOpenCL.so:libOpenCL-pixel.so, library_path=/data/app/~~ys01wEK1GDWMvMtT0ZtlwQ==/com.negi.survey-mctWCRZegFfHls2P8kVPqA==/lib/arm64:/data/app/~~ys01wEK1GDWMvMtT0ZtlwQ==/com.negi.survey-mctWCRZegFfHls2P8kVPqA==/base.apk!/lib/arm64-v8a, permitted_path=/data:/mnt/expand:/data/user/0/com.negi.survey
09-22 12:23:54.161  8571  8571 V GraphicsEnvironment: Currently set values for:
09-22 12:23:54.161  8571  8571 V GraphicsEnvironment:   angle_gl_driver_selection_pkgs=[com.android.angle]
09-22 12:23:54.161  8571  8571 V GraphicsEnvironment:   angle_gl_driver_selection_values=[angle]
09-22 12:23:54.161  8571  8571 V GraphicsEnvironment: com.negi.survey is not listed in per-application setting
09-22 12:23:54.161  8571  8571 V GraphicsEnvironment: No special selections for ANGLE, returning default driver choice
09-22 12:23:54.161  8571  8571 V GraphicsEnvironment: Neither updatable production driver nor prerelease driver is supported.
09-22 12:23:54.195  8571  8571 D nativeloader: Load /data/app/~~ys01wEK1GDWMvMtT0ZtlwQ==/com.negi.survey-mctWCRZegFfHls2P8kVPqA==/base.apk!/lib/arm64-v8a/liblitertlm_jni.so using class loader ns clns-9 (caller=/data/app/~~ys01wEK1GDWMvMtT0ZtlwQ==/com.negi.survey-mctWCRZegFfHls2P8kVPqA==/base.apk!classes10.dex): ok
09-22 12:23:54.196  8571  8571 D SurveyApp: Loaded LiteRTLM JNI: litertlm_jni where=attachBaseContext
09-22 12:23:54.216  8571  8571 D AppRingLogStore: installed: dir=/data/user/0/com.negi.survey/files/diagnostics/applog_ring idx=0
09-22 12:23:54.217  8571  8571 D SurveyApp: attachBaseContext: pid=8571 process=com.negi.survey isMain=true sdk=36
09-22 12:23:54.217  8571  8571 D SurveyApp: bootTiming: attachBaseContext total=48ms
09-22 12:23:54.217  8571  8571 D SurveyApp: Skipping WorkManager init in attachBaseContext; will init lazily on first enqueue.
09-22 12:23:54.220  8571  8571 D CrashCapture: install: ensured default handler. where=SurveyApp:attachBaseContext pid=8571 default=com.negi.survey.CrashCapture$CrashHandler@468cf79
09-22 12:23:54.220  8571  8571 D SurveyApp: CrashCapture installed: where=SurveyApp:attachBaseContext
09-22 12:23:54.236  8571  8646 D RuntimeLogStore: openWriter: start -> /data/user/0/com.negi.survey/files/diagnostics/runtime_logs/rtlog_20260922_192354_213_pid8571_seq1.log (bytes=0 format=LEGACY)
09-22 12:23:54.239  8571  8571 E com.negi.survey: hiddenapi: Accessing hidden method Landroid/net/ssl/EchConfigMismatchException;->getRetryConfigList()Landroid/net/ssl/EchConfigList; (runtime_flags=0, domain=core-platform, api=blocked) from /data/app/~~ys01wEK1GDWMvMtT0ZtlwQ==/com.negi.survey-mctWCRZegFfHls2P8kVPqA==/base.apk!classes17.dex (domain=app, TargetSdkVersion=36) using linking: denied
09-22 12:23:54.239  8571  8571 E com.negi.survey: hiddenapi: Accessing hidden method Landroid/net/ssl/EchConfigList;->toBytes()[B (runtime_flags=0, domain=core-platform, api=blocked) from /data/app/~~ys01wEK1GDWMvMtT0ZtlwQ==/com.negi.survey-mctWCRZegFfHls2P8kVPqA==/base.apk!classes17.dex (domain=app, TargetSdkVersion=36) using linking: denied
09-22 12:23:54.239  8571  8571 E com.negi.survey: hiddenapi: Accessing hidden method Landroid/net/ssl/EchConfigList;->fromBytes([B)Landroid/net/ssl/EchConfigList; (runtime_flags=0, domain=core-platform, api=blocked) from /data/app/~~ys01wEK1GDWMvMtT0ZtlwQ==/com.negi.survey-mctWCRZegFfHls2P8kVPqA==/base.apk!classes17.dex (domain=app, TargetSdkVersion=36) using linking: denied
09-22 12:23:54.239  8571  8571 E com.negi.survey: hiddenapi: Accessing hidden method Landroid/net/ssl/SSLSockets;->setEchConfigList(Ljavax/net/ssl/SSLSocket;Landroid/net/ssl/EchConfigList;)V (runtime_flags=0, domain=core-platform, api=blocked) from /data/app/~~ys01wEK1GDWMvMtT0ZtlwQ==/com.negi.survey-mctWCRZegFfHls2P8kVPqA==/base.apk!classes17.dex (domain=app, TargetSdkVersion=36) using linking: denied
09-22 12:23:54.241  8571  8646 D RuntimeLogStore: retention: start files=2 kept=2 totalBytes=651
09-22 12:23:54.245  8571  8571 D SurveyApp: LiteRTLM JNI already loaded; skip. where=onCreate(retry)
09-22 12:23:54.246  8571  8571 D SurveyApp: bootTiming: RuntimeLogStore.start took=0ms
09-22 12:23:54.246  8571  8571 D SurveyApp: bootTiming: AppRingLogStore.install took=0ms
09-22 12:23:54.246  8571  8571 D SurveyApp: onCreate: pid=8571 process=com.negi.survey isMain=true sdk=36
09-22 12:23:54.254  8571  8571 D CrashCapture: install: ensured default handler. where=SurveyApp:onCreate(rewrap) pid=8571 default=com.negi.survey.CrashCapture$CrashHandler@468cf79
09-22 12:23:54.254  8571  8571 D SurveyApp: CrashCapture installed: where=SurveyApp:onCreate(rewrap)
09-22 12:23:54.254  8571  8571 D CrashCapture: registerSelfHealing: ActivityLifecycleCallbacks registered. mode=onResumedOnly
09-22 12:23:54.254  8571  8571 D SurveyApp: CrashCapture self-healing registered.
09-22 12:23:54.254  8571  8571 W SurveyApp: Startup enqueues deferred: delay=2500ms (to reduce init contention)
09-22 12:23:54.255  8571  8571 D SurveyApp: bootTiming: onCreate total=10ms
09-22 12:23:54.297  8571  8648 D UploadRescheduleRcvr: No GitHub pending files for action=android.intent.action.MY_PACKAGE_REPLACED
09-22 12:23:54.347  8571  8648 D github_upload: enqueueStartupRuntimeLogsUpload: uniqueName=upload_runtime_logs_startup policy=KEEP session=startup_runtime_20260922_192354_edb49f7b
09-22 12:23:54.441  8571  8648 D WM-PackageManagerHelper: Skipping component enablement for androidx.work.impl.background.systemjob.SystemJobService
09-22 12:23:54.441  8571  8648 D WM-Schedulers: Created SystemJobScheduler and enabled SystemJobService
09-22 12:23:54.450  8571  8653 D WM-ForceStopRunnable: Is default app process = true
09-22 12:23:54.451  8571  8653 D WM-ForceStopRunnable: Performing cleanup operations.
09-22 12:23:54.476  8571  8648 D UploadRescheduleRcvr: Enqueued runtime logs upload for action=android.intent.action.MY_PACKAGE_REPLACED reason=receiver_my_package_replaced
09-22 12:23:54.516  8571  8653 D WM-SystemJobScheduler: Reconciling jobs
09-22 12:23:54.592  8571  8653 D WM-ForceStopRunnable: Found unfinished work, scheduling it.
09-22 12:23:54.759  8571  8655 D WM-SystemJobScheduler: Scheduling work ID c4b36c8f-f879-4c14-a840-e5eb6fd81060Job ID 79
09-22 12:23:54.779  8571  8655 D WM-GreedyScheduler: Starting tracking for c4b36c8f-f879-4c14-a840-e5eb6fd81060
09-22 12:23:54.785  8571  8571 D WM-SystemJobService: onStartJob for WorkGenerationalId(workSpecId=c4b36c8f-f879-4c14-a840-e5eb6fd81060, generation=0)
09-22 12:23:54.836  8571  8655 D WM-Processor: Processor: processing WorkGenerationalId(workSpecId=c4b36c8f-f879-4c14-a840-e5eb6fd81060, generation=0)
09-22 12:23:54.895  8571  8571 D WM-WorkerWrapper: Starting work for com.negi.survey.net.GitHubUploadWorker
09-22 12:23:54.901  8571  8655 D WM-WorkConstraintsTrack: NetworkRequestConstraintController register shared callback
09-22 12:23:54.929  8571  8657 D WM-WorkConstraintsTrack: NetworkRequestConstraintController onCapabilitiesChanged callback
09-22 12:23:54.929  8571  8657 D WM-WorkConstraintsTrack: Not dispatching constraint state yet: isBlocked=null, capabilitiesInitialized=true
09-22 12:23:54.929  8571  8657 D WM-WorkConstraintsTrack: NetworkRequestConstraintController onBlockedStatusChanged callback false
09-22 12:23:54.932  8571  8655 D WM-PackageManagerHelper: androidx.work.impl.background.systemalarm.RescheduleReceiver enabled
09-22 12:23:54.949  8571  8655 I WM-Processor: Moving WorkSpec (c4b36c8f-f879-4c14-a840-e5eb6fd81060) to the foreground
09-22 12:23:54.972  8571  8655 D WM-GreedyScheduler: Constraints met: Scheduling work ID WorkGenerationalId(workSpecId=c4b36c8f-f879-4c14-a840-e5eb6fd81060, generation=0)
09-22 12:23:54.980  8571  8655 D WM-Processor: Work WorkGenerationalId(workSpecId=c4b36c8f-f879-4c14-a840-e5eb6fd81060, generation=0) is already enqueued for processing
09-22 12:23:54.980  8571  8571 I WM-SystemFgDispatcher: Started foreground service Intent { act=ACTION_START_FOREGROUND xflg=0x4 cmp=com.negi.survey/androidx.work.impl.foreground.SystemForegroundService (has extras) }
09-22 12:23:54.980  8571  8655 D WM-WorkProgressUpdater: Updating progress for c4b36c8f-f879-4c14-a840-e5eb6fd81060 (Data {pct : 3, mode : startup_runtime_logs})
09-22 12:23:54.982  8571  8571 D WM-SystemFgDispatcher: Notifying with (id:4106, workSpecId: c4b36c8f-f879-4c14-a840-e5eb6fd81060, notificationType :1)
09-22 12:23:54.992  8571  8655 I WM-Processor: Moving WorkSpec (c4b36c8f-f879-4c14-a840-e5eb6fd81060) to the foreground
09-22 12:23:54.998  8571  8571 D WM-SystemFgDispatcher: Notifying with (id:4106, workSpecId: c4b36c8f-f879-4c14-a840-e5eb6fd81060, notificationType :1)
09-22 12:23:54.999  8571  8655 D WM-WorkConstraintsTrack: NetworkRequestConstraintController send initial capabilities
09-22 12:23:55.012  8571  8571 D WM-SystemFgDispatcher: Notifying with (id:4106, workSpecId: c4b36c8f-f879-4c14-a840-e5eb6fd81060, notificationType :1)
09-22 12:23:56.203  8571  8646 D RuntimeLogStore: openWriter: rotate:plain_snapshot:receiver_my_package_repl -> /data/user/0/com.negi.survey/files/diagnostics/runtime_logs/rtlog_20260922_192356_198_pid8571_seq2.log (bytes=0 format=LEGACY)
09-22 12:23:56.207  8571  8646 D RuntimeLogStore: retention: rotate:plain_snapshot:receiver_my_package_repl files=3 kept=3 totalBytes=2358
09-22 12:23:56.251  8571  8648 D github_upload: doRuntimeLogsUpload: remoteBaseDir=diagnostics/runtime_logs/2026-09-22/runtime_logs_startup_runtime_20260922_192354_edb49f7b_receiver_my_package_repl toUpload=2 bytes=2023 dedupe=true deleteSource=true deletedSourcePre=0 preview='runtime_log_20260922_192356_215_pid8571_receiver_my_package_repl__rtlog_20260922_192354_213_pid8571_seq1.log|runtime_log_20260922_192356_215_pid8571_receiver_my_package_repl__rtlog_20260922_192039_947_pid8302_seq2.log'
09-22 12:23:56.263  8571  8648 D GitHubUploader: uploadStream: owner=ishizuki-tech repo=SurveyExports branch=main path=diagnostics/runtime_logs/2026-09-22/runtime_logs_startup_runtime_20260922_192354_edb49f7b_receiver_my_package_repl/runtime_log_20260922_192356_215_pid8571_receiver_my_package_repl__rtlog_20260922_192354_213_pid8571_seq1.log size=1688 maxRawBytesHint=1000000 maxRequestBytesHint=2800000
09-22 12:23:56.266  8571  8654 D WM-WorkProgressUpdater: Updating progress for c4b36c8f-f879-4c14-a840-e5eb6fd81060 (Data {pct : 10, mode : startup_runtime_logs})
09-22 12:23:56.290  8571  8654 I WM-Processor: Moving WorkSpec (c4b36c8f-f879-4c14-a840-e5eb6fd81060) to the foreground
09-22 12:23:56.297  8571  8571 D WM-SystemFgDispatcher: Notifying with (id:4106, workSpecId: c4b36c8f-f879-4c14-a840-e5eb6fd81060, notificationType :1)
09-22 12:23:56.722  8571  8655 D WM-WorkProgressUpdater: Updating progress for c4b36c8f-f879-4c14-a840-e5eb6fd81060 (Data {pct : 14, mode : startup_runtime_logs})
09-22 12:23:56.755  8571  8655 I WM-Processor: Moving WorkSpec (c4b36c8f-f879-4c14-a840-e5eb6fd81060) to the foreground
09-22 12:23:56.755  8571  8571 W SurveyApp: Deferred startup enqueues begin...
09-22 12:23:56.759  8571  8571 D SurveyApp: WorkManager available. where=startupRtLogs(immediate) took=0ms
09-22 12:23:56.762  8571  8655 D WM-WorkProgressUpdater: Updating progress for c4b36c8f-f879-4c14-a840-e5eb6fd81060 (Data {pct : 50, mode : startup_runtime_logs})
09-22 12:23:56.770  8571  8571 D SurveyApp: Startup runtime logs target -> owner=ishizuki-tech repo=SurveyExports branch=main base='/diagnostics/runtime_logs'
09-22 12:23:56.776  8571  8571 D github_upload: enqueueStartupRuntimeLogsUpload: uniqueName=upload_runtime_logs_startup policy=KEEP session=startup_runtime_20260922_192356_4262f2bd
09-22 12:23:56.777  8571  8571 D SurveyApp: Startup runtime logs: enqueue requested (immediate).
09-22 12:23:56.778  8571  8571 D SurveyApp: WorkManager available. where=startupRingLogs(immediate) took=0ms
09-22 12:23:56.781  8571  8655 I WM-Processor: Moving WorkSpec (c4b36c8f-f879-4c14-a840-e5eb6fd81060) to the foreground
09-22 12:23:56.786  8571  8571 D SurveyApp: Startup ring logs target -> owner=ishizuki-tech repo=SurveyExports branch=main base='/diagnostics/applog_ring'
09-22 12:23:56.789  8571  8571 D github_upload: enqueueStartupRingLogsUpload: uniqueName=upload_ring_logs_startup policy=KEEP session=startup_ring_20260922_192356_bd0a04a7
09-22 12:23:56.789  8571  8571 D SurveyApp: Startup ring logs: enqueue requested (immediate).
09-22 12:23:56.790  8571  8571 D SurveyApp: WorkManager available. where=enqueuePending(immediate) took=0ms
09-22 12:23:56.791  8571  8571 D SurveyApp: CrashCapture pending uploads requested (immediate).
09-22 12:23:56.792  8571  8571 W SurveyApp: Deferred startup enqueues done: took=36ms
09-22 12:23:56.793  8571  8571 D WM-SystemFgDispatcher: Notifying with (id:4106, workSpecId: c4b36c8f-f879-4c14-a840-e5eb6fd81060, notificationType :1)
09-22 12:23:56.795  8571  8665 D CrashCapture: enqueuePendingCrashUploadsIfPossible enter where=SurveyApp:enqueuePending(immediate):bg pid=8571 thread=CrashCapture-Enqueue
09-22 12:23:56.800  8571  8571 D WM-SystemFgDispatcher: Notifying with (id:4106, workSpecId: c4b36c8f-f879-4c14-a840-e5eb6fd81060, notificationType :1)
09-22 12:23:56.827  8571  8655 D WM-SystemJobScheduler: Scheduling work ID 0aa664d9-5ebb-45df-ab8e-e61c91cf1464Job ID 80
09-22 12:23:56.832  8571  8655 D WM-GreedyScheduler: Starting tracking for 0aa664d9-5ebb-45df-ab8e-e61c91cf1464
09-22 12:23:56.833  8571  8571 D WM-SystemJobService: onStartJob for WorkGenerationalId(workSpecId=0aa664d9-5ebb-45df-ab8e-e61c91cf1464, generation=0)
09-22 12:23:56.839  8571  8655 D WM-Processor: Processor: processing WorkGenerationalId(workSpecId=0aa664d9-5ebb-45df-ab8e-e61c91cf1464, generation=0)
09-22 12:23:56.848  8571  8571 D WM-WorkerWrapper: Starting work for com.negi.survey.net.GitHubUploadWorker
09-22 12:23:56.849  8571  8655 D WM-WorkConstraintsTrack: NetworkRequestConstraintController send initial capabilities
09-22 12:23:56.851  8571  8655 D WM-GreedyScheduler: Constraints met: Scheduling work ID WorkGenerationalId(workSpecId=0aa664d9-5ebb-45df-ab8e-e61c91cf1464, generation=0)
09-22 12:23:56.856  8571  8655 D WM-Processor: Work WorkGenerationalId(workSpecId=0aa664d9-5ebb-45df-ab8e-e61c91cf1464, generation=0) is already enqueued for processing
09-22 12:23:56.859  8571  8655 I WM-Processor: Moving WorkSpec (0aa664d9-5ebb-45df-ab8e-e61c91cf1464) to the foreground
09-22 12:23:56.863  8571  8571 I WM-SystemFgDispatcher: Started foreground service Intent { act=ACTION_START_FOREGROUND xflg=0x4 cmp=com.negi.survey/androidx.work.impl.foreground.SystemForegroundService (has extras) }
09-22 12:23:56.863  8571  8571 D WM-SystemFgDispatcher: Notifying with (id:7769, workSpecId: 0aa664d9-5ebb-45df-ab8e-e61c91cf1464, notificationType :1)
09-22 12:23:56.868  8571  8656 D WM-WorkConstraintsTrack: NetworkRequestConstraintController send initial capabilities
09-22 12:23:56.871  8571  8571 D WM-SystemFgDispatcher: Notifying with (id:7769, workSpecId: 0aa664d9-5ebb-45df-ab8e-e61c91cf1464, notificationType :1)
09-22 12:23:56.874  8571  8656 D WM-WorkProgressUpdater: Updating progress for 0aa664d9-5ebb-45df-ab8e-e61c91cf1464 (Data {pct : 3, mode : startup_ring_logs})
09-22 12:23:56.894  8571  8656 I WM-Processor: Moving WorkSpec (0aa664d9-5ebb-45df-ab8e-e61c91cf1464) to the foreground
