=== Previous Session Logcat ===
captured_time_utc=20260924_001315
captured_time_local=20260923_171315
marker=2026-09-23 17:05:29.092
preferred_prev_pid=-1
note=best-effort; buffers may be overwritten before next start
sdk=36
device=samsung SM-S931U1
appId=com.negi.survey
versionName=0.0.1
versionCode=1

=== Logcat (since marker) ===
--------- beginning of main
09-23 17:05:29.092  9717  9856 D CrashCapture: prevSessionLogcat: no marker yet; skipping.
09-23 17:05:29.094  9717  9856 D CrashCapture: Persisted logcat marker for next run: 2026-09-23 17:05:29.092
09-23 17:05:29.094  9717  9856 D CrashCapture: No crash artifacts found; skipping enqueue. where=SurveyApp:enqueuePending(immediate):bg
09-23 17:05:29.095  9717  9798 D WM-SystemJobScheduler: Scheduling work ID 1777d372-bdac-4c6c-95b8-9a90780c482bJob ID 0
09-23 17:05:29.098  9717  9798 D WM-GreedyScheduler: Starting tracking for 1777d372-bdac-4c6c-95b8-9a90780c482b
09-23 17:05:29.101  9717  9717 D WM-SystemJobService: onStartJob for WorkGenerationalId(workSpecId=1777d372-bdac-4c6c-95b8-9a90780c482b, generation=0)
09-23 17:05:29.106  9717  9798 D WM-SystemJobScheduler: Scheduling work ID 7dfcc1be-2e9f-494a-80df-cde3006076dfJob ID 1
09-23 17:05:29.108  9717  9798 D WM-GreedyScheduler: Starting tracking for 7dfcc1be-2e9f-494a-80df-cde3006076df,1777d372-bdac-4c6c-95b8-9a90780c482b
09-23 17:05:29.108  9717  9717 D WM-SystemJobService: onStartJob for WorkGenerationalId(workSpecId=7dfcc1be-2e9f-494a-80df-cde3006076df, generation=0)
09-23 17:05:29.111  9717  9784 D WM-Processor: Processor: processing WorkGenerationalId(workSpecId=1777d372-bdac-4c6c-95b8-9a90780c482b, generation=0)
09-23 17:05:29.114  9717  9784 D WM-Processor: Processor: processing WorkGenerationalId(workSpecId=7dfcc1be-2e9f-494a-80df-cde3006076df, generation=0)
09-23 17:05:29.118  9717  9717 D WM-WorkerWrapper: Starting work for com.negi.survey.net.GitHubUploadWorker
09-23 17:05:29.122  9717  9717 D WM-WorkerWrapper: Starting work for com.negi.survey.net.GitHubUploadWorker
09-23 17:05:29.122  9717  9784 D WM-WorkConstraintsTrack: NetworkRequestConstraintController register shared callback
09-23 17:05:29.123  9717  9784 D ConnectivityManager: StackLog: [android.net.ConnectivityManager.sendRequestForNetwork(ConnectivityManager.java:4744)] [android.net.ConnectivityManager.registerDefaultNetworkCallbackForUid(ConnectivityManager.java:5469)] [android.net.ConnectivityManager.registerDefaultNetworkCallback(ConnectivityManager.java:5436)] [android.net.ConnectivityManager.registerDefaultNetworkCallback(ConnectivityManager.java:5410)] [androidx.work.impl.constraints.SharedNetworkCallback.addCallback(WorkConstraintsTracker.kt:362)] [androidx.work.impl.constraints.NetworkRequestConstraintController$track$1.invokeSuspend(WorkConstraintsTracker.kt:179)] [androidx.work.impl.constraints.NetworkRequestConstraintController$track$1.invoke(WorkConstraintsTracker.kt:8)] [androidx.work.impl.constraints.NetworkRequestConstraintController$track$1.invoke(WorkConstraintsTracker.kt:4)] [kotlinx.coroutines.flow.ChannelFlowBuilder.collectTo$suspendImpl(Builders.kt:316)] [kotlinx.coroutines.flow.ChannelFlowBuilder.collectTo(Builders.kt:0)] [kotlinx.coroutines.flow.CallbackFlowBuilder.collectTo(Builders.kt:330)] [kotlinx.coroutines.flow.internal.ChannelFlow$collectToFun$1.invokeSuspend(ChannelFlow.kt:56)] [kotlin.coroutines.jvm.internal.BaseContinuationImpl.resumeWith(ContinuationImpl.kt:34)] [kotlinx.coroutines.DispatchedTask.run(DispatchedTask.kt:100)] [androidx.work.impl.utils.SerialExecutorImpl$Task.run(SerialExecutorImpl.java:96)] [java.util.concurrent.ThreadPoolExecutor.runWorker(ThreadPoolExecutor.java:1100)] [java.util.concurrent.ThreadPoolExecutor$Worker.run(ThreadPoolExecutor.java:624)] [java.lang.Thread.run(Thread.java:1572)]
09-23 17:05:29.126  9717  9857 D WM-WorkConstraintsTrack: NetworkRequestConstraintController onCapabilitiesChanged callback
09-23 17:05:29.126  9717  9857 D WM-WorkConstraintsTrack: Not dispatching constraint state yet: isBlocked=null, capabilitiesInitialized=true
09-23 17:05:29.126  9717  9857 D WM-WorkConstraintsTrack: NetworkRequestConstraintController onBlockedStatusChanged callback false
09-23 17:05:29.127  9717  9784 D WM-PackageManagerHelper: androidx.work.impl.background.systemalarm.RescheduleReceiver enabled
09-23 17:05:29.128  9717  9784 I WM-Processor: Moving WorkSpec (1777d372-bdac-4c6c-95b8-9a90780c482b) to the foreground
09-23 17:05:29.133  9717  9717 I WM-SystemFgDispatcher: Started foreground service Intent { act=ACTION_START_FOREGROUND xflg=0x4 cmp=com.negi.survey/androidx.work.impl.foreground.SystemForegroundService (has extras) }
09-23 17:05:29.133  9717  9717 D WM-SystemFgDispatcher: Notifying with (id:9237, workSpecId: 1777d372-bdac-4c6c-95b8-9a90780c482b, notificationType :1)
09-23 17:05:29.134  9717  9784 I WM-Processor: Moving WorkSpec (7dfcc1be-2e9f-494a-80df-cde3006076df) to the foreground
09-23 17:05:29.135  9717  9717 D WM-SystemFgDispatcher: Notifying with (id:9237, workSpecId: 1777d372-bdac-4c6c-95b8-9a90780c482b, notificationType :1)
--------- beginning of system
09-23 17:05:29.135  9717  9717 I NotificationManager: com.negi.survey: notify(9237, null, Notification(channel=uploads shortcut=null contentView=null vibrate=null sound=null defaults=0 flags=ONGOING_EVENT|ONLY_ALERT_ONCE color=0x00000000 category=progress vis=PRIVATE semFlags=0x0 semPriority=0 semMissedCount=0 semScenarioType=0)) as user
09-23 17:05:29.135  9717  9717 D NotificationManager: BOOTING pkg =com.negi.survey mBlockedChannelsForOverflowNoti=[]
09-23 17:05:29.137  9717  9717 I WM-SystemFgDispatcher: Started foreground service Intent { act=ACTION_START_FOREGROUND xflg=0x4 cmp=com.negi.survey/androidx.work.impl.foreground.SystemForegroundService (has extras) }
09-23 17:05:29.137  9717  9717 D WM-SystemFgDispatcher: Notifying with (id:5049, workSpecId: 7dfcc1be-2e9f-494a-80df-cde3006076df, notificationType :1)
09-23 17:05:29.137  9717  9784 D WM-WorkProgressUpdater: Updating progress for 1777d372-bdac-4c6c-95b8-9a90780c482b (Data {pct : 3, mode : startup_runtime_logs})
09-23 17:05:29.138  9717  9717 I NotificationManager: com.negi.survey: notify(5049, null, Notification(channel=uploads shortcut=null contentView=null vibrate=null sound=null defaults=0 flags=ONGOING_EVENT|ONLY_ALERT_ONCE color=0x00000000 category=progress vis=PRIVATE semFlags=0x0 semPriority=0 semMissedCount=0 semScenarioType=0)) as user
09-23 17:05:29.140  9717  9784 I WM-Processor: Moving WorkSpec (1777d372-bdac-4c6c-95b8-9a90780c482b) to the foreground
09-23 17:05:29.141  9717  9784 D WM-GreedyScheduler: Constraints met: Scheduling work ID WorkGenerationalId(workSpecId=1777d372-bdac-4c6c-95b8-9a90780c482b, generation=0)
09-23 17:05:29.142  9717  9784 D WM-GreedyScheduler: Constraints met: Scheduling work ID WorkGenerationalId(workSpecId=7dfcc1be-2e9f-494a-80df-cde3006076df, generation=0)
09-23 17:05:29.142  9717  9717 D WM-SystemFgDispatcher: Notifying with (id:5049, workSpecId: 7dfcc1be-2e9f-494a-80df-cde3006076df, notificationType :1)
09-23 17:05:29.142  9717  9717 I NotificationManager: com.negi.survey: notify(5049, null, Notification(channel=uploads shortcut=null contentView=null vibrate=null sound=null defaults=0 flags=ONGOING_EVENT|ONLY_ALERT_ONCE color=0x00000000 category=progress vis=PRIVATE semFlags=0x0 semPriority=0 semMissedCount=0 semScenarioType=0)) as user
09-23 17:05:29.143  9717  9784 D WM-WorkProgressUpdater: Updating progress for 7dfcc1be-2e9f-494a-80df-cde3006076df (Data {pct : 3, mode : startup_ring_logs})
09-23 17:05:29.145  9717  9717 D WM-SystemFgDispatcher: Notifying with (id:9237, workSpecId: 1777d372-bdac-4c6c-95b8-9a90780c482b, notificationType :1)
09-23 17:05:29.145  9717  9717 I NotificationManager: com.negi.survey: notify(9237, null, Notification(channel=uploads shortcut=null contentView=null vibrate=null sound=null defaults=0 flags=ONGOING_EVENT|ONLY_ALERT_ONCE color=0x00000000 category=progress vis=PRIVATE semFlags=0x0 semPriority=0 semMissedCount=0 semScenarioType=0)) as user
09-23 17:05:29.146  9717  9784 I WM-Processor: Moving WorkSpec (7dfcc1be-2e9f-494a-80df-cde3006076df) to the foreground
09-23 17:05:29.148  9717  9717 D WM-SystemFgDispatcher: Notifying with (id:5049, workSpecId: 7dfcc1be-2e9f-494a-80df-cde3006076df, notificationType :1)
09-23 17:05:29.148  9717  9717 I NotificationManager: com.negi.survey: notify(5049, null, Notification(channel=uploads shortcut=null contentView=null vibrate=null sound=null defaults=0 flags=ONGOING_EVENT|ONLY_ALERT_ONCE color=0x00000000 category=progress vis=PRIVATE semFlags=0x0 semPriority=0 semMissedCount=0 semScenarioType=0)) as user
09-23 17:05:29.149  9717  9784 D WM-Processor: Work WorkGenerationalId(workSpecId=1777d372-bdac-4c6c-95b8-9a90780c482b, generation=0) is already enqueued for processing
09-23 17:05:29.150  9717  9784 D WM-Processor: Work WorkGenerationalId(workSpecId=7dfcc1be-2e9f-494a-80df-cde3006076df, generation=0) is already enqueued for processing
09-23 17:05:29.152  9717  9784 D WM-WorkConstraintsTrack: NetworkRequestConstraintController send initial capabilities
09-23 17:05:29.152  9717  9784 D WM-WorkConstraintsTrack: NetworkRequestConstraintController send initial capabilities
09-23 17:05:29.309  9717  9717 I VRI[MainActivity]@efa4415: handleAppVisibility mAppVisible = true visible = false
09-23 17:05:29.309  9717  9717 D VRI[MainActivity]@efa4415: visibilityChanged oldVisibility=true newVisibility=false
09-23 17:05:29.313  9717  9765 D HWUI    : CacheManager::trimMemory(20)
09-23 17:05:29.317  9717  9717 I VRI[MainActivity]@efa4415: Relayout returned: old=(0,0,1080,2340) new=(0,0,1080,2340) relayoutAsync=false req=(1080,2340)8 dur=2 res=0x2 s={false 0x0} ch=true seqId=0
09-23 17:05:29.317  9717  9717 D VRI[MainActivity]@efa4415: Not drawing due to not visible. Reason=!mAppVisible && !mForceDecorViewVisibility
09-23 17:05:29.318  9717  9717 I VRI[MainActivity]@efa4415: stopped(true) old = false
09-23 17:05:29.318  9717  9717 D VRI[MainActivity]@efa4415: WindowStopped on com.negi.survey/com.negi.survey.MainActivity set to true
09-23 17:05:29.318  9717  9765 D HWUI    : CacheManager::trimMemory(20)
09-23 17:05:29.323  9717  9717 D BBA2    : setIsFg isFg = false; delayValue 3999ms
09-23 17:05:29.848  9717  9859 D github_upload: doRingLogsUpload: remoteBaseDir=diagnostics/applog_ring/2026-09-24/applog_ring_startup_ring_20260924_000529_0158c1fa_app_start segs=1 bytes=407 source=/data/user/0/com.negi.survey/files/diagnostics/applog_ring snapshot=/data/user/0/com.negi.survey/cache/diagnostics_ring_upload/startup_ring_20260924_000529_0158c1fa
09-23 17:05:29.850  9717  9859 D GitHubUploader: uploadStream: owner=ishizuki-tech repo=SurveyExports branch=main path=diagnostics/applog_ring/2026-09-24/applog_ring_startup_ring_20260924_000529_0158c1fa_app_start/seg_00.log size=407 maxRawBytesHint=1000000 maxRequestBytesHint=2800000
09-23 17:05:29.851  9717  9797 D WM-WorkProgressUpdater: Updating progress for 7dfcc1be-2e9f-494a-80df-cde3006076df (Data {pct : 10, mode : startup_ring_logs})
09-23 17:05:29.855  9717  9797 I WM-Processor: Moving WorkSpec (7dfcc1be-2e9f-494a-80df-cde3006076df) to the foreground
09-23 17:05:29.857  9717  9717 D WM-SystemFgDispatcher: Notifying with (id:5049, workSpecId: 7dfcc1be-2e9f-494a-80df-cde3006076df, notificationType :1)
09-23 17:05:29.857  9717  9717 I NotificationManager: com.negi.survey: notify(5049, null, Notification(channel=uploads shortcut=null contentView=null vibrate=null sound=null defaults=0 flags=ONGOING_EVENT|ONLY_ALERT_ONCE color=0x00000000 category=progress vis=PRIVATE semFlags=0x0 semPriority=0 semMissedCount=0 semScenarioType=0)) as user
09-23 17:05:30.072  9717  9799 D WM-WorkProgressUpdater: Updating progress for 7dfcc1be-2e9f-494a-80df-cde3006076df (Data {pct : 19, mode : startup_ring_logs})
09-23 17:05:30.075  9717  9799 I WM-Processor: Moving WorkSpec (7dfcc1be-2e9f-494a-80df-cde3006076df) to the foreground
09-23 17:05:30.077  9717  9717 D WM-SystemFgDispatcher: Notifying with (id:5049, workSpecId: 7dfcc1be-2e9f-494a-80df-cde3006076df, notificationType :1)
09-23 17:05:30.077  9717  9717 I NotificationManager: com.negi.survey: notify(5049, null, Notification(channel=uploads shortcut=null contentView=null vibrate=null sound=null defaults=0 flags=ONGOING_EVENT|ONLY_ALERT_ONCE color=0x00000000 category=progress vis=PRIVATE semFlags=0x0 semPriority=0 semMissedCount=0 semScenarioType=0)) as user
09-23 17:05:30.078  9717  9799 D WM-WorkProgressUpdater: Updating progress for 7dfcc1be-2e9f-494a-80df-cde3006076df (Data {pct : 91, mode : startup_ring_logs})
09-23 17:05:30.080  9717  9799 I WM-Processor: Moving WorkSpec (7dfcc1be-2e9f-494a-80df-cde3006076df) to the foreground
09-23 17:05:30.082  9717  9717 D WM-SystemFgDispatcher: Notifying with (id:5049, workSpecId: 7dfcc1be-2e9f-494a-80df-cde3006076df, notificationType :1)
09-23 17:05:30.082  9717  9717 I NotificationManager: com.negi.survey: notify(5049, null, Notification(channel=uploads shortcut=null contentView=null vibrate=null sound=null defaults=0 flags=ONGOING_EVENT|ONLY_ALERT_ONCE color=0x00000000 category=progress vis=PRIVATE semFlags=0x0 semPriority=0 semMissedCount=0 semScenarioType=0)) as user
09-23 17:05:30.338  9717  9762 D RuntimeLogStore: openWriter: rotate:plain_snapshot:app_start -> /data/user/0/com.negi.survey/files/diagnostics/runtime_logs/rtlog_20260924_000530_338_pid9717_seq2.log (bytes=0 format=LEGACY)
09-23 17:05:30.338  9717  9762 D RuntimeLogStore: retention: rotate:plain_snapshot:app_start files=2 kept=2 totalBytes=2997
09-23 17:05:30.344  9717  9783 D github_upload: doRuntimeLogsUpload: remoteBaseDir=diagnostics/runtime_logs/2026-09-24/runtime_logs_startup_runtime_20260924_000529_4e2e02dd_app_start toUpload=1 bytes=2675 dedupe=true deleteSource=true deletedSourcePre=0 preview='runtime_log_20260924_000530_339_pid9717_app_start__rtlog_20260924_000526_558_pid9717_seq1.log'
09-23 17:05:30.344  9717  9783 D GitHubUploader: uploadStream: owner=ishizuki-tech repo=SurveyExports branch=main path=diagnostics/runtime_logs/2026-09-24/runtime_logs_startup_runtime_20260924_000529_4e2e02dd_app_start/runtime_log_20260924_000530_339_pid9717_app_start__rtlog_20260924_000526_558_pid9717_seq1.log size=2675 maxRawBytesHint=1000000 maxRequestBytesHint=2800000
09-23 17:05:30.344  9717  9799 D WM-WorkProgressUpdater: Updating progress for 1777d372-bdac-4c6c-95b8-9a90780c482b (Data {pct : 10, mode : startup_runtime_logs})
09-23 17:05:30.346  9717  9799 I WM-Processor: Moving WorkSpec (1777d372-bdac-4c6c-95b8-9a90780c482b) to the foreground
09-23 17:05:30.348  9717  9717 D WM-SystemFgDispatcher: Notifying with (id:9237, workSpecId: 1777d372-bdac-4c6c-95b8-9a90780c482b, notificationType :1)
09-23 17:05:30.348  9717  9717 I NotificationManager: com.negi.survey: notify(9237, null, Notification(channel=uploads shortcut=null contentView=null vibrate=null sound=null defaults=0 flags=ONGOING_EVENT|ONLY_ALERT_ONCE color=0x00000000 category=progress vis=PRIVATE semFlags=0x0 semPriority=0 semMissedCount=0 semScenarioType=0)) as user
09-23 17:05:30.517  9717  9797 D WM-WorkProgressUpdater: Updating progress for 1777d372-bdac-4c6c-95b8-9a90780c482b (Data {pct : 19, mode : startup_runtime_logs})
09-23 17:05:30.523  9717  9797 I WM-Processor: Moving WorkSpec (1777d372-bdac-4c6c-95b8-9a90780c482b) to the foreground
09-23 17:05:30.525  9717  9797 D WM-WorkProgressUpdater: Updating progress for 1777d372-bdac-4c6c-95b8-9a90780c482b (Data {pct : 91, mode : startup_runtime_logs})
09-23 17:05:30.525  9717  9717 D WM-SystemFgDispatcher: Notifying with (id:9237, workSpecId: 1777d372-bdac-4c6c-95b8-9a90780c482b, notificationType :1)
09-23 17:05:30.526  9717  9717 I NotificationManager: com.negi.survey: notify(9237, null, Notification(channel=uploads shortcut=null contentView=null vibrate=null sound=null defaults=0 flags=ONGOING_EVENT|ONLY_ALERT_ONCE color=0x00000000 category=progress vis=PRIVATE semFlags=0x0 semPriority=0 semMissedCount=0 semScenarioType=0)) as user
09-23 17:05:30.530  9717  9797 I WM-Processor: Moving WorkSpec (1777d372-bdac-4c6c-95b8-9a90780c482b) to the foreground
09-23 17:05:30.531  9717  9717 D WM-SystemFgDispatcher: Notifying with (id:9237, workSpecId: 1777d372-bdac-4c6c-95b8-9a90780c482b, notificationType :1)
09-23 17:05:30.531  9717  9717 I NotificationManager: com.negi.survey: notify(9237, null, Notification(channel=uploads shortcut=null contentView=null vibrate=null sound=null defaults=0 flags=ONGOING_EVENT|ONLY_ALERT_ONCE color=0x00000000 category=progress vis=PRIVATE semFlags=0x0 semPriority=0 semMissedCount=0 semScenarioType=0)) as user
09-23 17:05:30.884  9717  9798 D WM-WorkProgressUpdater: Updating progress for 7dfcc1be-2e9f-494a-80df-cde3006076df (Data {pct : 95, mode : startup_ring_logs})
09-23 17:05:30.884  9717  9859 D GitHubUploader: uploadStream: done url=https://github.com/ishizuki-tech/SurveyExports/blob/main/diagnostics/applog_ring/2026-09-24/applog_ring_startup_ring_20260924_000529_0158c1fa_app_start/seg_00.log sha=8b3d94f1301144661ed8fd1f707496ea796f5224
09-23 17:05:30.889  9717  9798 I WM-Processor: Moving WorkSpec (7dfcc1be-2e9f-494a-80df-cde3006076df) to the foreground
09-23 17:05:30.891  9717  9717 D WM-SystemFgDispatcher: Notifying with (id:5049, workSpecId: 7dfcc1be-2e9f-494a-80df-cde3006076df, notificationType :1)
09-23 17:05:30.891  9717  9717 I NotificationManager: com.negi.survey: notify(5049, null, Notification(channel=uploads shortcut=null contentView=null vibrate=null sound=null defaults=0 flags=ONGOING_EVENT|ONLY_ALERT_ONCE color=0x00000000 category=progress vis=PRIVATE semFlags=0x0 semPriority=0 semMissedCount=0 semScenarioType=0)) as user
09-23 17:05:30.891  9717  9798 I WM-Processor: Moving WorkSpec (7dfcc1be-2e9f-494a-80df-cde3006076df) to the foreground
09-23 17:05:30.892  9717  9717 D WM-SystemFgDispatcher: Notifying with (id:5049, workSpecId: 7dfcc1be-2e9f-494a-80df-cde3006076df, notificationType :1)
09-23 17:05:30.892  9717  9717 I NotificationManager: com.negi.survey: notify(5049, null, Notification(channel=uploads shortcut=null contentView=null vibrate=null sound=null defaults=0 flags=ONLY_ALERT_ONCE color=0x00000000 category=progress vis=PRIVATE semFlags=0x0 semPriority=0 semMissedCount=0 semScenarioType=0)) as user
09-23 17:05:30.892  9717  9798 I WM-WorkerWrapper: Worker result SUCCESS for Work [ id=7dfcc1be-2e9f-494a-80df-cde3006076df, tags={ com.negi.survey.net.GitHubUploadWorker,github_upload,github_upload:ring_logs } ]
09-23 17:05:30.895  9717  9717 D WM-Processor: Processor 7dfcc1be-2e9f-494a-80df-cde3006076df executed; reschedule = false
09-23 17:05:30.895  9717  9717 D WM-GreedyScheduler: Stopping tracking for WorkGenerationalId(workSpecId=7dfcc1be-2e9f-494a-80df-cde3006076df, generation=0)
09-23 17:05:30.895  9717  9717 D WM-SystemJobService: 7dfcc1be-2e9f-494a-80df-cde3006076df executed on JobScheduler
09-23 17:05:30.895  9717  9717 D WM-SystemFgDispatcher: Removing Notification (id: 5049, workSpecId: WorkGenerationalId(workSpecId=7dfcc1be-2e9f-494a-80df-cde3006076df, generation=0), notificationType: 1
09-23 17:05:30.896  9717  9798 D WM-GreedyScheduler: Cancelling work ID 7dfcc1be-2e9f-494a-80df-cde3006076df
09-23 17:05:32.018  9717  9982 D ProfileInstaller: Installing profile for com.negi.survey
09-23 17:05:32.425  9717  9717 I VRI[MainActivity]@efa4415: handleAppVisibility mAppVisible = false visible = true
09-23 17:05:32.427  9717  9717 I VRI[MainActivity]@efa4415: stopped(false) old = true
09-23 17:05:32.427  9717  9717 D VRI[MainActivity]@efa4415: WindowStopped on com.negi.survey/com.negi.survey.MainActivity set to false
09-23 17:05:32.428  9717  9717 D ViewRootImpl: Skipping stats log for color mode
09-23 17:05:32.429  9717  9717 D CrashCapture: install: ensured default handler. where=selfHeal:onActivityResumed pid=9717 default=com.negi.survey.CrashCapture$CrashHandler@34c60ba
09-23 17:05:32.438  9717  9717 I BufferQueueProducer: [](id:25f500000001,api:0,p:-1299805840,c:9717) setDequeueTimeout:2077252342
09-23 17:05:32.439  9717  9717 I BLASTBufferQueue_Java: new BLASTBufferQueue, mName= VRI[MainActivity]@efa4415 mNativeObject= 0xb400007c32891e60 caller= android.view.ViewRootImpl.updateBlastSurfaceIfNeeded:3603 android.view.ViewRootImpl.relayoutWindow:11813 android.view.ViewRootImpl.performTraversals:4840 android.view.ViewRootImpl.doTraversal:3959 android.view.ViewRootImpl$TraversalRunnable.run:13034 android.view.Choreographer$CallbackRecord.run:1961 android.view.Choreographer$CallbackRecord.run:1970 android.view.Choreographer.doCallbacks:1423 android.view.Choreographer.doFrame:1348 android.view.Choreographer$FrameDisplayEventReceiver.run:1930 
09-23 17:05:32.439  9717  9717 I BLASTBufferQueue_Java: update, w= 1080 h= 2340 mName = VRI[MainActivity]@efa4415 mNativeObject= 0xb400007c32891e60 sc.mNativeObject= 0xb400007bc284f610 format= -1 caller= android.view.ViewRootImpl.updateBlastSurfaceIfNeeded:3608 android.view.ViewRootImpl.relayoutWindow:11813 android.view.ViewRootImpl.performTraversals:4840 android.view.ViewRootImpl.doTraversal:3959 android.view.ViewRootImpl$TraversalRunnable.run:13034 android.view.Choreographer$CallbackRecord.run:1961 
09-23 17:05:32.439  9717  9717 I VRI[MainActivity]@efa4415: Relayout returned: old=(0,0,1080,2340) new=(0,0,1080,2340) relayoutAsync=false req=(1080,2340)0 dur=2 res=0x3 s={true 0xb400007c72868a10} ch=true seqId=0
09-23 17:05:32.439  9717  9717 D VRI[MainActivity]@efa4415: mThreadedRenderer.initialize() mSurface={isValid=true 0xb400007c72868a10} hwInitialized=true
09-23 17:05:32.440  9717  9717 D VRI[MainActivity]@efa4415: reportNextDraw android.view.ViewRootImpl.performTraversals:5507 android.view.ViewRootImpl.doTraversal:3959 android.view.ViewRootImpl$TraversalRunnable.run:13034 android.view.Choreographer$CallbackRecord.run:1961 android.view.Choreographer$CallbackRecord.run:1970 
09-23 17:05:32.440  9717  9717 D VRI[MainActivity]@efa4415: Setup new sync=wmsSync-VRI[MainActivity]@efa4415#2
09-23 17:05:32.440  9717  9717 I VRI[MainActivity]@efa4415: Creating new active sync group VRI[MainActivity]@efa4415#3
09-23 17:05:32.440  9717  9717 D VRI[MainActivity]@efa4415: Start draw after previous draw not visible
09-23 17:05:32.440  9717  9717 D VRI[MainActivity]@efa4415: registerCallbacksForSync syncBuffer=false
09-23 17:05:32.444  9717  9773 D VRI[MainActivity]@efa4415: Received frameDrawingCallback syncResult=0 frameNum=1.
09-23 17:05:32.444  9717  9773 I VRI[MainActivity]@efa4415: mWNT: t=0xb400007b92874cc0 mBlastBufferQueue=0xb400007c32891e60 fn= 1 HdrRenderState mRenderHdrSdrRatio=1.0 caller= android.view.ViewRootImpl$12.onFrameDraw:15561 android.view.ThreadedRenderer$1.onFrameDraw:751 <bottom of call stack> 
09-23 17:05:32.444  9717  9773 I VRI[MainActivity]@efa4415: Setting up sync and frameCommitCallback
09-23 17:05:32.445  9717  9765 I BLASTBufferQueue: [VRI[MainActivity]@efa4415#1](f:0,a:0,s:0) onFrameAvailable the first frame is available
09-23 17:05:32.445  9717  9765 I SurfaceComposerClient: apply transaction with the first frame. layerId: 6384, bufferData(ID: 41734197215239, frameNumber: 1)
09-23 17:05:32.445  9717  9765 I VRI[MainActivity]@efa4415: Received frameCommittedCallback lastAttemptedDrawFrameNum=1 didProduceBuffer=true
09-23 17:05:32.445  9717  9717 D VRI[MainActivity]@efa4415: reportDrawFinished seqId=0
09-23 17:05:32.455  9717  9717 I InsetsSourceConsumer: applyRequestedVisibilityToControl: visible=true, type=navigationBars, host=com.negi.survey/com.negi.survey.MainActivity
09-23 17:05:32.455  9717  9717 I InsetsSourceConsumer: applyRequestedVisibilityToControl: visible=true, type=statusBars, host=com.negi.survey/com.negi.survey.MainActivity
09-23 17:05:32.472  9717  9717 D VRI[MainActivity]@efa4415: mThreadedRenderer.initializeIfNeeded()#2 mSurface={isValid=true 0xb400007c72868a10}
09-23 17:05:32.472  9717  9717 D InputMethodManagerUtils: startInputInner - Id : 0
09-23 17:05:32.472  9717  9717 I InputMethodManager: startInputInner - IInputMethodManagerGlobalInvoker.startInputOrWindowGainedFocus
09-23 17:05:32.473  9717  9717 D InsetsController: hide(ime())
09-23 17:05:32.473  9717  9717 I ImeTracker: com.negi.survey:63ac08b4: onCancelled at PHASE_CLIENT_ALREADY_HIDDEN
09-23 17:05:32.474  9717  9736 D InputTransport: Input channel constructed: 'ClientS', fd=165
09-23 17:05:33.243  9717  9783 D GitHubUploader: uploadStream: done url=https://github.com/ishizuki-tech/SurveyExports/blob/main/diagnostics/runtime_logs/2026-09-24/runtime_logs_startup_runtime_20260924_000529_4e2e02dd_app_start/runtime_log_20260924_000530_339_pid9717_app_start__rtlog_20260924_000526_558_pid9717_seq1.log sha=19307e710cbf0927e2d6752c50017c798684d3bd
09-23 17:05:33.244  9717  9799 D WM-WorkProgressUpdater: Updating progress for 1777d372-bdac-4c6c-95b8-9a90780c482b (Data {pct : 95, mode : startup_runtime_logs})
09-23 17:05:33.247  9717  9799 I WM-Processor: Moving WorkSpec (1777d372-bdac-4c6c-95b8-9a90780c482b) to the foreground
09-23 17:05:33.247  9717  9783 D RuntimeLogStore: deleteRolledLogFiles: deleted=1 excludeActive=true active=rtlog_20260924_000530_338_pid9717_seq2.log
09-23 17:05:33.248  9717  9717 D WM-SystemFgDispatcher: Notifying with (id:9237, workSpecId: 1777d372-bdac-4c6c-95b8-9a90780c482b, notificationType :1)
09-23 17:05:33.248  9717  9717 I NotificationManager: com.negi.survey: notify(9237, null, Notification(channel=uploads shortcut=null contentView=null vibrate=null sound=null defaults=0 flags=ONGOING_EVENT|ONLY_ALERT_ONCE color=0x00000000 category=progress vis=PRIVATE semFlags=0x0 semPriority=0 semMissedCount=0 semScenarioType=0)) as user
09-23 17:05:33.250  9717  9799 I WM-Processor: Moving WorkSpec (1777d372-bdac-4c6c-95b8-9a90780c482b) to the foreground
09-23 17:05:33.250  9717  9717 D WM-SystemFgDispatcher: Notifying with (id:9237, workSpecId: 1777d372-bdac-4c6c-95b8-9a90780c482b, notificationType :1)
09-23 17:05:33.251  9717  9717 I NotificationManager: com.negi.survey: notify(9237, null, Notification(channel=uploads shortcut=null contentView=null vibrate=null sound=null defaults=0 flags=ONLY_ALERT_ONCE color=0x00000000 category=progress vis=PRIVATE semFlags=0x0 semPriority=0 semMissedCount=0 semScenarioType=0)) as user
09-23 17:05:33.252  9717  9799 I WM-WorkerWrapper: Worker result SUCCESS for Work [ id=1777d372-bdac-4c6c-95b8-9a90780c482b, tags={ com.negi.survey.net.GitHubUploadWorker,github_upload,github_upload:startup_runtime_logs } ]
09-23 17:05:33.254  9717  9717 D WM-Processor: Processor 1777d372-bdac-4c6c-95b8-9a90780c482b executed; reschedule = false
09-23 17:05:33.254  9717  9717 D WM-GreedyScheduler: Stopping tracking for WorkGenerationalId(workSpecId=1777d372-bdac-4c6c-95b8-9a90780c482b, generation=0)
09-23 17:05:33.254  9717  9717 D WM-SystemJobService: 1777d372-bdac-4c6c-95b8-9a90780c482b executed on JobScheduler
09-23 17:05:33.255  9717  9717 D WM-SystemFgDispatcher: Removing Notification (id: 9237, workSpecId: WorkGenerationalId(workSpecId=1777d372-bdac-4c6c-95b8-9a90780c482b, generation=0), notificationType: 1
09-23 17:05:33.255  9717  9717 I WM-SystemFgDispatcher: Stopping foreground service
09-23 17:05:33.255  9717  9717 D WM-SystemFgService: Shutting down.
09-23 17:05:33.256  9717  9799 D WM-GreedyScheduler: Cancelling work ID 1777d372-bdac-4c6c-95b8-9a90780c482b
09-23 17:05:33.256  9717  9717 D WM-SystemJobService: onStopJob for WorkGenerationalId(workSpecId=1777d372-bdac-4c6c-95b8-9a90780c482b, generation=0)
09-23 17:05:33.258  9717  9799 D WM-WorkConstraintsTrack: NetworkRequestConstraintController unregister shared callback
09-23 17:05:33.259  9717  9799 D ConnectivityManager: StackLog: [android.net.ConnectivityManager.unregisterNetworkCallback(ConnectivityManager.java:5579)] [androidx.work.impl.constraints.SharedNetworkCallback.addCallback$lambda$9(WorkConstraintsTracker.kt:385)] [androidx.work.impl.constraints.SharedNetworkCallback$$ExternalSyntheticLambda0.invoke(D8$$SyntheticClass:0)] [androidx.work.impl.constraints.NetworkRequestConstraintController$track$1.invokeSuspend$lambda$1(WorkConstraintsTracker.kt:191)] [androidx.work.impl.constraints.NetworkRequestConstraintController$track$1$$ExternalSyntheticLambda1.invoke(D8$$SyntheticClass:0)] [kotlinx.coroutines.channels.ProduceKt.awaitClose(Produce.kt:69)] [kotlinx.coroutines.channels.ProduceKt$awaitClose$1.invokeSuspend(Produce.kt:13)] [kotlin.coroutines.jvm.internal.BaseContinuationImpl.resumeWith(ContinuationImpl.kt:34)] [kotlinx.coroutines.DispatchedTask.run(DispatchedTask.kt:98)] [androidx.work.impl.utils.SerialExecutorImpl$Task.run(SerialExecutorImpl.java:96)] [java.util.concurrent.ThreadPoolExecutor.runWorker(ThreadPoolExecutor.java:1100)] [java.util.concurrent.ThreadPoolExecutor$Worker.run(ThreadPoolExecutor.java:624)] [java.lang.Thread.run(Thread.java:1572)]
09-23 17:05:33.264  9717  9799 D WM-PackageManagerHelper: androidx.work.impl.background.systemalarm.RescheduleReceiver disabled
09-23 17:05:34.104  9717  9717 I VRI[MainActivity]@efa4415: ViewPostIme pointer 0
09-23 17:05:34.108  9717  9717 I VRI[MainActivity]@efa4415: call setFrameRateCategory for touch hint category=high hint, reason=touch, vri=VRI[MainActivity]@efa4415
09-23 17:05:34.109  9717  9717 D Choreographer: BBA2 receive callback when in bg : 0
09-23 17:05:34.203  9717  9717 I VRI[MainActivity]@efa4415: ViewPostIme pointer 1
09-23 17:05:34.206  9717  9717 D MainActivity: Intro -> Start session. epoch=1, file=survey_config10.yaml
09-23 17:05:34.228  9717  9717 I View    : setRequestedFrameRate frameRate=-4.0, this=android.view.View{fff0fb1 V.ED..... ........ 0,0-0,0}, caller=androidx.compose.ui.platform.Api35Impl.setRequestedFrameRate:4047 androidx.compose.ui.platform.AndroidComposeView.dispatchDraw:2282 android.view.View.draw:26758 android.view.View.updateDisplayListIfDirty:25577 android.view.View.draw:26477 
09-23 17:05:34.230  9717  9765 I AdrenoVK-0: Shader compilation failed for shaderType: 0
09-23 17:05:34.230  9717  9765 I AdrenoVK-0: Pipeline create failed
09-23 17:05:34.230  9717  9783 D SurveyConfigLoader: fromStringStrictValidated -> format=YAML, reason=file extension .yml/.yaml, firstLine='ai_interaction:', leading='ai_interaction:\n  max_followups...' file='survey_config10.yaml'
09-23 17:05:34.235  9717  9717 I View    : setRequestedFrameRate frameRate=NaN, this=android.view.View{fff0fb1 V.ED..... ........ 0,0-0,0}, caller=androidx.compose.ui.platform.Api35Impl.setRequestedFrameRate:4047 androidx.compose.ui.platform.AndroidComposeView.dispatchDraw:2282 android.view.View.draw:26758 android.view.View.updateDisplayListIfDirty:25577 android.view.ViewGroup.recreateChildDisplayList:4881 
09-23 17:05:34.240  9717  9765 I AdrenoVK-0: Shader compilation failed for shaderType: 0
09-23 17:05:34.240  9717  9765 I AdrenoVK-0: Pipeline create failed
09-23 17:05:34.247  9717  9765 I AdrenoVK-0: Shader compilation failed for shaderType: 0
09-23 17:05:34.247  9717  9765 I AdrenoVK-0: Pipeline create failed
09-23 17:05:34.253  9717  9765 I AdrenoVK-0: Shader compilation failed for shaderType: 4
09-23 17:05:34.253  9717  9765 I AdrenoVK-0: Pipeline create failed
09-23 17:05:34.258  9717  9765 I AdrenoVK-0: Shader compilation failed for shaderType: 0
09-23 17:05:34.258  9717  9765 I AdrenoVK-0: Pipeline create failed
09-23 17:05:34.298  9717  9783 D SurveyConfigLoader: strict config loaded (survey_config10.yaml): legacy=10(one=0,inline2=10) splitEval=0 splitFollow=0 followMode=TEXT legacyIds=[Q8,Q9,Q10,Q11,Q12,Q13,Q14,Q15] evalIds=[-] followIds=[-]
09-23 17:05:34.301  9717  9783 D SurveyConfigLoader: fromStringStrictValidated -> issues=0 (legacy=10(one=0,inline2=10) splitEval=0 splitFollow=0 followMode=TEXT legacyIds=[Q8,Q9,Q10,Q11,Q12,Q13,Q14,Q15] evalIds=[-] followIds=[-])
09-23 17:05:34.301  9717  9717 D MainActivity: Config loaded. session=survey_config10.yaml@1
09-23 17:05:34.316  9717  9717 D MainActivity: DownloadGate idle -> start download. session=survey_config10.yaml@1
09-23 17:05:34.327  9717  9783 I HeavyInitializer: phase=download-start file=gemma-3n-E4B-it-int4.litertlm forceFresh=false
09-23 17:05:34.339  9717  9717 I View    : setRequestedFrameRate frameRate=-4.0, this=android.view.View{fff0fb1 V.ED..... ........ 0,0-0,0}, caller=androidx.compose.ui.platform.Api35Impl.setRequestedFrameRate:4047 androidx.compose.ui.platform.AndroidComposeView.dispatchDraw:2282 android.view.View.draw:26758 android.view.View.updateDisplayListIfDirty:25577 android.view.View.draw:26477 
09-23 17:05:34.343  9717  9717 I View    : setRequestedFrameRate frameRate=NaN, this=android.view.View{fff0fb1 V.ED..... ........ 0,0-0,0}, caller=androidx.compose.ui.platform.Api35Impl.setRequestedFrameRate:4047 androidx.compose.ui.platform.AndroidComposeView.dispatchDraw:2282 android.view.View.draw:26758 android.view.View.updateDisplayListIfDirty:25577 android.view.ViewGroup.recreateChildDisplayList:4881 
09-23 17:05:35.033  9717  9783 D HttpUrlFileDl: Starting parallel download: 4 chunks, 4691 MiB total
09-23 17:05:35.049  9717  9717 I View    : setRequestedFrameRate frameRate=-4.0, this=android.view.View{fff0fb1 V.ED..... ........ 0,0-0,0}, caller=androidx.compose.ui.platform.Api35Impl.setRequestedFrameRate:4047 androidx.compose.ui.platform.AndroidComposeView.dispatchDraw:2282 android.view.View.draw:26758 android.view.View.updateDisplayListIfDirty:25577 android.view.ViewGroup.recreateChildDisplayList:4881 
09-23 17:05:35.809  9717  9717 I View    : setRequestedFrameRate frameRate=NaN, this=android.view.View{fff0fb1 V.ED..... ........ 0,0-0,0}, caller=androidx.compose.ui.platform.Api35Impl.setRequestedFrameRate:4047 androidx.compose.ui.platform.AndroidComposeView.dispatchDraw:2282 android.view.View.draw:26758 android.view.View.updateDisplayListIfDirty:25577 android.view.ViewGroup.recreateChildDisplayList:4881 
09-23 17:05:36.379  9717  9717 I VRI[MainActivity]@efa4415: ViewPostIme pointer 0
09-23 17:05:36.394  9717  9765 I AdrenoVK-0: Shader compilation failed for shaderType: 4
09-23 17:05:36.395  9717  9765 I AdrenoVK-0: Pipeline create failed
09-23 17:05:36.510  9717  9717 I VRI[MainActivity]@efa4415: ViewPostIme pointer 1
09-23 17:05:36.511  9717  9717 D MainActivity: DownloadGate select-file requested. session=survey_config10.yaml@1
09-23 17:05:36.531  9717  9717 I ImeFocusController: onPreWindowFocus: skipped hasWindowFocus=false mHasImeFocus=true
09-23 17:05:36.531  9717  9717 I ImeFocusController: onPostWindowFocus: skipped hasWindowFocus=false mHasImeFocus=true
09-23 17:05:36.681  9717  9717 D InputTransport: Input channel destroyed: 'ClientS', fd=165
09-23 17:05:37.051  9717  9859 D HttpUrlFileDl: Parallel progress: 0.7%, 17.1 MiB/s, 34/4691 MiB
09-23 17:05:37.135  9717  9717 I VRI[MainActivity]@efa4415: handleAppVisibility mAppVisible = true visible = false
09-23 17:05:37.135  9717  9717 D VRI[MainActivity]@efa4415: visibilityChanged oldVisibility=true newVisibility=false
09-23 17:05:37.142  9717  9765 D HWUI    : CacheManager::trimMemory(20)
09-23 17:05:37.145  9717  9717 I VRI[MainActivity]@efa4415: Relayout returned: old=(0,0,1080,2340) new=(0,0,1080,2340) relayoutAsync=false req=(1080,2340)8 dur=1 res=0x2 s={false 0x0} ch=true seqId=0
09-23 17:05:37.145  9717  9717 D VRI[MainActivity]@efa4415: Not drawing due to not visible. Reason=!mAppVisible && !mForceDecorViewVisibility
09-23 17:05:37.145  9717  9765 D HWUI    : CacheManager::trimMemory(20)
09-23 17:05:37.146  9717  9717 I VRI[MainActivity]@efa4415: stopped(true) old = false
09-23 17:05:37.146  9717  9717 D VRI[MainActivity]@efa4415: WindowStopped on com.negi.survey/com.negi.survey.MainActivity set to true
09-23 17:05:37.146  9717  9765 D HWUI    : CacheManager::trimMemory(20)
09-23 17:05:37.151  9717  9717 D BBA2    : setIsFg isFg = false; delayValue 3999ms
09-23 17:05:39.051  9717  9859 D HttpUrlFileDl: Parallel progress: 1.9%, 28.4 MiB/s, 91/4691 MiB
09-23 17:05:41.051  9717  9781 D HttpUrlFileDl: Parallel progress: 3.4%, 33.2 MiB/s, 157/4691 MiB
09-23 17:05:42.146  9717 10095 W HttpUrlFileDl: Chunk 3 failed: Software caused connection abort; retrying in 759ms
09-23 17:05:42.147  9717  9859 W HttpUrlFileDl: Chunk 0 failed: Software caused connection abort; retrying in 778ms
09-23 17:05:42.148  9717  9782 W HttpUrlFileDl: Chunk 2 failed: Software caused connection abort; retrying in 720ms
09-23 17:05:42.149  9717  9781 W HttpUrlFileDl: Chunk 1 failed: Software caused connection abort; retrying in 629ms
09-23 17:05:42.791  9717  9859 W HttpUrlFileDl: Attempt 1 failed: UnknownHostException: Unable to resolve host "us.aws.cdn.hf.co": No address associated with hostname
09-23 17:05:42.791  9717  9859 W HttpUrlFileDl: Retrying in 664ms...
09-23 17:05:43.464  9717  9859 W HttpUrlFileDl: Attempt 2 failed: UnknownHostException: Unable to resolve host "huggingface.co": No address associated with hostname
09-23 17:05:43.465  9717  9859 W HttpUrlFileDl: Retrying in 1254ms...
09-23 17:05:44.723  9717  9859 W HttpUrlFileDl: Attempt 3 failed: UnknownHostException: Unable to resolve host "huggingface.co": No address associated with hostname
09-23 17:05:44.725  9717  9859 W HeavyInitializer: phase=failed file=gemma-3n-E4B-it-int4.litertlm message=Download failed after 3 attempts: Unable to resolve host "huggingface.co": No address associated with hostname totalMs=10399
09-23 17:05:54.529  9717  9717 I VRI[MainActivity]@efa4415: handleAppVisibility mAppVisible = false visible = true
09-23 17:05:54.532  9717  9717 I VRI[MainActivity]@efa4415: stopped(false) old = true
09-23 17:05:54.532  9717  9717 D VRI[MainActivity]@efa4415: WindowStopped on com.negi.survey/com.negi.survey.MainActivity set to false
09-23 17:05:54.532  9717  9717 D ViewRootImpl: Skipping stats log for color mode
09-23 17:05:54.532  9717  9717 D BBA2    : setIsFg isFg = true
09-23 17:05:54.534  9717  9717 D CrashCapture: install: ensured default handler. where=selfHeal:onActivityResumed pid=9717 default=com.negi.survey.CrashCapture$CrashHandler@34c60ba
09-23 17:05:54.550  9717  9717 I BufferQueueProducer: [](id:25f500000002,api:0,p:0,c:9717) setDequeueTimeout:2077252342
09-23 17:05:54.551  9717  9717 I BLASTBufferQueue_Java: new BLASTBufferQueue, mName= VRI[MainActivity]@efa4415 mNativeObject= 0xb400007c32891e60 caller= android.view.ViewRootImpl.updateBlastSurfaceIfNeeded:3603 android.view.ViewRootImpl.relayoutWindow:11813 android.view.ViewRootImpl.performTraversals:4840 android.view.ViewRootImpl.doTraversal:3959 android.view.ViewRootImpl$TraversalRunnable.run:13034 android.view.Choreographer$CallbackRecord.run:1961 android.view.Choreographer$CallbackRecord.run:1970 android.view.Choreographer.doCallbacks:1423 android.view.Choreographer.doFrame:1348 android.view.Choreographer$FrameDisplayEventReceiver.run:1930 
09-23 17:05:54.551  9717  9717 I BLASTBufferQueue_Java: update, w= 1080 h= 2340 mName = VRI[MainActivity]@efa4415 mNativeObject= 0xb400007c32891e60 sc.mNativeObject= 0xb400007bc286f650 format= -1 caller= android.view.ViewRootImpl.updateBlastSurfaceIfNeeded:3608 android.view.ViewRootImpl.relayoutWindow:11813 android.view.ViewRootImpl.performTraversals:4840 android.view.ViewRootImpl.doTraversal:3959 android.view.ViewRootImpl$TraversalRunnable.run:13034 android.view.Choreographer$CallbackRecord.run:1961 
09-23 17:05:54.551  9717  9717 I VRI[MainActivity]@efa4415: Relayout returned: old=(0,0,1080,2340) new=(0,0,1080,2340) relayoutAsync=false req=(1080,2340)0 dur=2 res=0x3 s={true 0xb400007c7286ca70} ch=true seqId=0
09-23 17:05:54.551  9717  9717 D VRI[MainActivity]@efa4415: mThreadedRenderer.initialize() mSurface={isValid=true 0xb400007c7286ca70} hwInitialized=true
09-23 17:05:54.553  9717  9717 D VRI[MainActivity]@efa4415: reportNextDraw android.view.ViewRootImpl.performTraversals:5507 android.view.ViewRootImpl.doTraversal:3959 android.view.ViewRootImpl$TraversalRunnable.run:13034 android.view.Choreographer$CallbackRecord.run:1961 android.view.Choreographer$CallbackRecord.run:1970 
09-23 17:05:54.553  9717  9717 D VRI[MainActivity]@efa4415: Setup new sync=wmsSync-VRI[MainActivity]@efa4415#4
09-23 17:05:54.553  9717  9717 I VRI[MainActivity]@efa4415: Creating new active sync group VRI[MainActivity]@efa4415#5
09-23 17:05:54.553  9717  9717 D VRI[MainActivity]@efa4415: Start draw after previous draw not visible
09-23 17:05:54.553  9717  9717 D VRI[MainActivity]@efa4415: registerCallbacksForSync syncBuffer=false
09-23 17:05:54.554  9717  9717 I View    : setRequestedFrameRate frameRate=-4.0, this=android.view.View{fff0fb1 V.ED..... ........ 0,0-0,0}, caller=androidx.compose.ui.platform.Api35Impl.setRequestedFrameRate:4047 androidx.compose.ui.platform.AndroidComposeView.dispatchDraw:2282 android.view.View.draw:26758 android.view.View.updateDisplayListIfDirty:25577 android.view.View.draw:26477 
09-23 17:05:54.554  9717  9772 D VRI[MainActivity]@efa4415: Received frameDrawingCallback syncResult=0 frameNum=1.
09-23 17:05:54.554  9717  9772 I VRI[MainActivity]@efa4415: mWNT: t=0xb400007b928a0e10 mBlastBufferQueue=0xb400007c32891e60 fn= 1 HdrRenderState mRenderHdrSdrRatio=1.0 caller= android.view.ViewRootImpl$12.onFrameDraw:15561 android.view.ThreadedRenderer$1.onFrameDraw:751 <bottom of call stack> 
09-23 17:05:54.554  9717  9772 I VRI[MainActivity]@efa4415: Setting up sync and frameCommitCallback
09-23 17:05:54.555  9717  9765 I BLASTBufferQueue: [VRI[MainActivity]@efa4415#2](f:0,a:0,s:0) onFrameAvailable the first frame is available
09-23 17:05:54.555  9717  9765 I SurfaceComposerClient: apply transaction with the first frame. layerId: 6412, bufferData(ID: 41734197215243, frameNumber: 1)
09-23 17:05:54.555  9717  9765 I VRI[MainActivity]@efa4415: Received frameCommittedCallback lastAttemptedDrawFrameNum=1 didProduceBuffer=true
09-23 17:05:54.556  9717  9717 D VRI[MainActivity]@efa4415: reportDrawFinished seqId=0
09-23 17:05:54.563  9717  9717 I InsetsSourceConsumer: applyRequestedVisibilityToControl: visible=true, type=navigationBars, host=com.negi.survey/com.negi.survey.MainActivity
09-23 17:05:54.563  9717  9717 I InsetsSourceConsumer: applyRequestedVisibilityToControl: visible=true, type=statusBars, host=com.negi.survey/com.negi.survey.MainActivity
09-23 17:05:54.579  9717  9717 D VRI[MainActivity]@efa4415: mThreadedRenderer.initializeIfNeeded()#2 mSurface={isValid=true 0xb400007c7286ca70}
09-23 17:05:54.579  9717  9717 D InputMethodManagerUtils: startInputInner - Id : 0
09-23 17:05:54.579  9717  9717 I InputMethodManager: startInputInner - IInputMethodManagerGlobalInvoker.startInputOrWindowGainedFocus
09-23 17:05:54.581  9717  9717 D InsetsController: hide(ime())
09-23 17:05:54.581  9717  9717 I ImeTracker: com.negi.survey:cc91e947: onCancelled at PHASE_CLIENT_ALREADY_HIDDEN
09-23 17:05:54.582  9717  9734 D InputTransport: Input channel constructed: 'ClientS', fd=155
09-23 17:06:07.373  9717  9717 I VRI[MainActivity]@efa4415: updatePointerIcon : PointerIcon{type=NOT_SPECIFIED, hotspotX=0.0, hotspotY=0.0}
09-23 17:06:07.374  9717  9717 I VRI[MainActivity]@efa4415: call setFrameRateCategory for touch hint category=high hint, reason=touch, vri=VRI[MainActivity]@efa4415
09-23 17:07:50.743  9717  9717 I VRI[MainActivity]@efa4415: ViewPostIme pointer 0
09-23 17:07:50.761  9717  9717 I View    : setRequestedFrameRate frameRate=NaN, this=android.view.View{fff0fb1 V.ED..... ........ 0,0-0,0}, caller=androidx.compose.ui.platform.Api35Impl.setRequestedFrameRate:4047 androidx.compose.ui.platform.AndroidComposeView.dispatchDraw:2282 android.view.View.draw:26758 android.view.View.updateDisplayListIfDirty:25577 android.view.ViewGroup.recreateChildDisplayList:4881 
09-23 17:07:50.818  9717  9717 I VRI[MainActivity]@efa4415: ViewPostIme pointer 1
09-23 17:07:50.818  9717  9717 D MainActivity: DownloadGate retry. session=survey_config10.yaml@1
09-23 17:07:50.823  9717  9859 I HeavyInitializer: phase=download-start file=gemma-3n-E4B-it-int4.litertlm forceFresh=false
09-23 17:07:50.840  9717  9717 I View    : setRequestedFrameRate frameRate=-4.0, this=android.view.View{fff0fb1 V.ED..... ........ 0,0-0,0}, caller=androidx.compose.ui.platform.Api35Impl.setRequestedFrameRate:4047 androidx.compose.ui.platform.AndroidComposeView.dispatchDraw:2282 android.view.View.draw:26758 android.view.View.updateDisplayListIfDirty:25577 android.view.View.draw:26477 
09-23 17:07:50.850  9717  9717 I View    : setRequestedFrameRate frameRate=NaN, this=android.view.View{fff0fb1 V.ED..... ........ 0,0-0,0}, caller=androidx.compose.ui.platform.Api35Impl.setRequestedFrameRate:4047 androidx.compose.ui.platform.AndroidComposeView.dispatchDraw:2282 android.view.View.draw:26758 android.view.View.updateDisplayListIfDirty:25577 android.view.ViewGroup.recreateChildDisplayList:4881 
09-23 17:07:51.596  9717  9859 D HttpUrlFileDl: Starting parallel download: 4 chunks, 4691 MiB total
09-23 17:07:51.607  9717  9717 I View    : setRequestedFrameRate frameRate=-4.0, this=android.view.View{fff0fb1 V.ED..... ........ 0,0-0,0}, caller=androidx.compose.ui.platform.Api35Impl.setRequestedFrameRate:4047 androidx.compose.ui.platform.AndroidComposeView.dispatchDraw:2282 android.view.View.draw:26758 android.view.View.updateDisplayListIfDirty:25577 android.view.ViewGroup.recreateChildDisplayList:4881 
09-23 17:07:52.316  9717  9717 I View    : setRequestedFrameRate frameRate=NaN, this=android.view.View{fff0fb1 V.ED..... ........ 0,0-0,0}, caller=androidx.compose.ui.platform.Api35Impl.setRequestedFrameRate:4047 androidx.compose.ui.platform.AndroidComposeView.dispatchDraw:2282 android.view.View.draw:26758 android.view.View.updateDisplayListIfDirty:25577 android.view.ViewGroup.recreateChildDisplayList:4881 
09-23 17:07:53.605  9717 10165 D HttpUrlFileDl: Parallel progress: 4.8%, 14.4 MiB/s, 223/4691 MiB
09-23 17:07:53.819  9717  9717 I VRI[MainActivity]@efa4415: call setFrameRateCategory for touch hint category=no preference, reason=boost timeout, vri=VRI[MainActivity]@efa4415
09-23 17:07:54.408  9717  9717 I VRI[MainActivity]@efa4415: ViewPostIme pointer 0
09-23 17:07:54.410  9717  9717 I VRI[MainActivity]@efa4415: call setFrameRateCategory for touch hint category=high hint, reason=touch, vri=VRI[MainActivity]@efa4415
09-23 17:07:54.426  9717  9765 I AdrenoVK-0: Shader compilation failed for shaderType: 0
09-23 17:07:54.426  9717  9765 I AdrenoVK-0: Pipeline create failed
09-23 17:07:54.483  9717  9717 I VRI[MainActivity]@efa4415: ViewPostIme pointer 1
09-23 17:07:54.484  9717  9717 D MainActivity: DownloadGate select-file requested. session=survey_config10.yaml@1
09-23 17:07:54.509  9717  9717 I ImeFocusController: onPreWindowFocus: skipped hasWindowFocus=false mHasImeFocus=true
09-23 17:07:54.509  9717  9717 I ImeFocusController: onPostWindowFocus: skipped hasWindowFocus=false mHasImeFocus=true
09-23 17:07:54.563  9717  9717 D InputTransport: Input channel destroyed: 'ClientS', fd=155
09-23 17:07:55.019  9717  9717 I VRI[MainActivity]@efa4415: handleAppVisibility mAppVisible = true visible = false
09-23 17:07:55.020  9717  9717 D VRI[MainActivity]@efa4415: visibilityChanged oldVisibility=true newVisibility=false
09-23 17:07:55.023  9717  9765 D HWUI    : CacheManager::trimMemory(20)
09-23 17:07:55.027  9717  9717 I VRI[MainActivity]@efa4415: Relayout returned: old=(0,0,1080,2340) new=(0,0,1080,2340) relayoutAsync=false req=(1080,2340)8 dur=2 res=0x2 s={false 0x0} ch=true seqId=0
09-23 17:07:55.027  9717  9717 D VRI[MainActivity]@efa4415: Not drawing due to not visible. Reason=!mAppVisible && !mForceDecorViewVisibility
09-23 17:07:55.028  9717  9717 I VRI[MainActivity]@efa4415: stopped(true) old = false
09-23 17:07:55.028  9717  9717 D VRI[MainActivity]@efa4415: WindowStopped on com.negi.survey/com.negi.survey.MainActivity set to true
09-23 17:07:55.028  9717  9765 D HWUI    : CacheManager::trimMemory(20)
09-23 17:07:55.031  9717  9765 D HWUI    : CacheManager::trimMemory(20)
09-23 17:07:55.033  9717  9717 D BBA2    : setIsFg isFg = false; delayValue 3999ms
09-23 17:07:55.614  9717  9859 D HttpUrlFileDl: Parallel progress: 5.9%, 25.7 MiB/s, 275/4691 MiB
09-23 17:07:57.204  9717  9717 I VRI[MainActivity]@efa4415: handleAppVisibility mAppVisible = false visible = true
09-23 17:07:57.207  9717  9717 I VRI[MainActivity]@efa4415: stopped(false) old = true
09-23 17:07:57.207  9717  9717 D VRI[MainActivity]@efa4415: WindowStopped on com.negi.survey/com.negi.survey.MainActivity set to false
09-23 17:07:57.207  9717  9717 D ViewRootImpl: Skipping stats log for color mode
09-23 17:07:57.208  9717  9717 D MainActivity: Model file picked: session=survey_config10.yaml@1 uri=content://com.android.providers.downloads.documents/document/msf%3A160
09-23 17:07:57.210  9717  9717 W HeavyInitializer: Initialization cancel requested for 1 flight(s).
09-23 17:07:57.211  9717  9717 D CrashCapture: install: ensured default handler. where=selfHeal:onActivityResumed pid=9717 default=com.negi.survey.CrashCapture$CrashHandler@34c60ba
09-23 17:07:57.225  9717  9717 I BufferQueueProducer: [](id:25f500000003,api:0,p:0,c:9717) setDequeueTimeout:2077252342
09-23 17:07:57.225  9717  9717 I BLASTBufferQueue_Java: new BLASTBufferQueue, mName= VRI[MainActivity]@efa4415 mNativeObject= 0xb400007c32891e60 caller= android.view.ViewRootImpl.updateBlastSurfaceIfNeeded:3603 android.view.ViewRootImpl.relayoutWindow:11813 android.view.ViewRootImpl.performTraversals:4840 android.view.ViewRootImpl.doTraversal:3959 android.view.ViewRootImpl$TraversalRunnable.run:13034 android.view.Choreographer$CallbackRecord.run:1961 android.view.Choreographer$CallbackRecord.run:1970 android.view.Choreographer.doCallbacks:1423 android.view.Choreographer.doFrame:1348 android.view.Choreographer$FrameDisplayEventReceiver.run:1930 
09-23 17:07:57.225  9717  9717 I BLASTBufferQueue_Java: update, w= 1080 h= 2340 mName = VRI[MainActivity]@efa4415 mNativeObject= 0xb400007c32891e60 sc.mNativeObject= 0xb400007bc287ec50 format= -1 caller= android.view.ViewRootImpl.updateBlastSurfaceIfNeeded:3608 android.view.ViewRootImpl.relayoutWindow:11813 android.view.ViewRootImpl.performTraversals:4840 android.view.ViewRootImpl.doTraversal:3959 android.view.ViewRootImpl$TraversalRunnable.run:13034 android.view.Choreographer$CallbackRecord.run:1961 
09-23 17:07:57.226  9717  9717 I VRI[MainActivity]@efa4415: Relayout returned: old=(0,0,1080,2340) new=(0,0,1080,2340) relayoutAsync=false req=(1080,2340)0 dur=2 res=0x3 s={true 0xb400007c7285c280} ch=true seqId=0
09-23 17:07:57.226  9717  9717 D VRI[MainActivity]@efa4415: mThreadedRenderer.initialize() mSurface={isValid=true 0xb400007c7285c280} hwInitialized=true
09-23 17:07:57.227  9717  9717 D VRI[MainActivity]@efa4415: reportNextDraw android.view.ViewRootImpl.performTraversals:5507 android.view.ViewRootImpl.doTraversal:3959 android.view.ViewRootImpl$TraversalRunnable.run:13034 android.view.Choreographer$CallbackRecord.run:1961 android.view.Choreographer$CallbackRecord.run:1970 
09-23 17:07:57.227  9717  9717 D VRI[MainActivity]@efa4415: Setup new sync=wmsSync-VRI[MainActivity]@efa4415#6
09-23 17:07:57.227  9717  9717 I VRI[MainActivity]@efa4415: Creating new active sync group VRI[MainActivity]@efa4415#7
09-23 17:07:57.227  9717  9717 D VRI[MainActivity]@efa4415: Start draw after previous draw not visible
09-23 17:07:57.227  9717  9717 D VRI[MainActivity]@efa4415: registerCallbacksForSync syncBuffer=false
09-23 17:07:57.228  9717  9717 I View    : setRequestedFrameRate frameRate=-4.0, this=android.view.View{fff0fb1 V.ED..... ........ 0,0-0,0}, caller=androidx.compose.ui.platform.Api35Impl.setRequestedFrameRate:4047 androidx.compose.ui.platform.AndroidComposeView.dispatchDraw:2282 android.view.View.draw:26758 android.view.View.updateDisplayListIfDirty:25577 android.view.View.draw:26477 
09-23 17:07:57.228  9717  9773 D VRI[MainActivity]@efa4415: Received frameDrawingCallback syncResult=0 frameNum=1.
09-23 17:07:57.228  9717  9773 I VRI[MainActivity]@efa4415: mWNT: t=0xb400007b928918f0 mBlastBufferQueue=0xb400007c32891e60 fn= 1 HdrRenderState mRenderHdrSdrRatio=1.0 caller= android.view.ViewRootImpl$12.onFrameDraw:15561 android.view.ThreadedRenderer$1.onFrameDraw:751 <bottom of call stack> 
09-23 17:07:57.228  9717  9773 I VRI[MainActivity]@efa4415: Setting up sync and frameCommitCallback
09-23 17:07:57.229  9717  9765 I BLASTBufferQueue: [VRI[MainActivity]@efa4415#3](f:0,a:0,s:0) onFrameAvailable the first frame is available
09-23 17:07:57.229  9717  9765 I SurfaceComposerClient: apply transaction with the first frame. layerId: 6427, bufferData(ID: 41734197215247, frameNumber: 1)
09-23 17:07:57.229  9717  9765 I VRI[MainActivity]@efa4415: Received frameCommittedCallback lastAttemptedDrawFrameNum=1 didProduceBuffer=true
09-23 17:07:57.229  9717  9717 D VRI[MainActivity]@efa4415: reportDrawFinished seqId=0
09-23 17:07:57.231  9717  9717 I View    : setRequestedFrameRate frameRate=NaN, this=android.view.View{fff0fb1 V.ED..... ........ 0,0-0,0}, caller=androidx.compose.ui.platform.Api35Impl.setRequestedFrameRate:4047 androidx.compose.ui.platform.AndroidComposeView.dispatchDraw:2282 android.view.View.draw:26758 android.view.View.updateDisplayListIfDirty:25577 android.view.ViewGroup.recreateChildDisplayList:4881 
09-23 17:07:57.241  9717  9717 I InsetsSourceConsumer: applyRequestedVisibilityToControl: visible=true, type=navigationBars, host=com.negi.survey/com.negi.survey.MainActivity
09-23 17:07:57.241  9717  9717 I InsetsSourceConsumer: applyRequestedVisibilityToControl: visible=true, type=statusBars, host=com.negi.survey/com.negi.survey.MainActivity
09-23 17:07:57.243  9717  9717 D VRI[MainActivity]@efa4415: mThreadedRenderer.initializeIfNeeded()#2 mSurface={isValid=true 0xb400007c7285c280}
09-23 17:07:57.243  9717  9717 D InputMethodManagerUtils: startInputInner - Id : 0
09-23 17:07:57.243  9717  9717 I InputMethodManager: startInputInner - IInputMethodManagerGlobalInvoker.startInputOrWindowGainedFocus
09-23 17:07:57.244  9717  9717 D InsetsController: hide(ime())
09-23 17:07:57.244  9717  9717 I ImeTracker: com.negi.survey:e54a6da1: onCancelled at PHASE_CLIENT_ALREADY_HIDDEN
09-23 17:07:57.245  9717  9736 D InputTransport: Input channel constructed: 'ClientS', fd=172
09-23 17:07:57.319  9717 10165 W HeavyInitializer: phase=cancelled file=gemma-3n-E4B-it-int4.litertlm totalMs=6496
09-23 17:07:57.319  9717 10165 W HeavyInitializer: java.util.concurrent.CancellationException: importPickedFile requested
09-23 17:07:57.319  9717 10165 W HeavyInitializer: 	at com.negi.survey.vm.AppViewModel.importPickedFile(AppViewModel.kt:274)
09-23 17:07:57.319  9717 10165 W HeavyInitializer: 	at com.negi.survey.MainActivityKt.AppNav$lambda$34$0(MainActivity.kt:869)
09-23 17:07:57.319  9717 10165 W HeavyInitializer: 	at com.negi.survey.MainActivityKt.$r8$lambda$WJ2yxuI2gslvzxiXvBCpCc2g3aw(MainActivity.kt:0)
09-23 17:07:57.319  9717 10165 W HeavyInitializer: 	at com.negi.survey.MainActivityKt$$ExternalSyntheticLambda69.invoke(D8$$SyntheticClass:0)
09-23 17:07:57.319  9717 10165 W HeavyInitializer: 	at androidx.activity.compose.ActivityResultRegistryKt.rememberLauncherForActivityResult$lambda$4$0$0(ActivityResultRegistry.kt:104)
09-23 17:07:57.319  9717 10165 W HeavyInitializer: 	at androidx.activity.compose.ActivityResultRegistryKt.$r8$lambda$3CvmGOvkwZLY6ksF4ULs20ma2UE(ActivityResultRegistry.kt:0)
09-23 17:07:57.319  9717 10165 W HeavyInitializer: 	at androidx.activity.compose.ActivityResultRegistryKt$$ExternalSyntheticLambda2.onActivityResult(D8$$SyntheticClass:0)
09-23 17:07:57.319  9717 10165 W HeavyInitializer: 	at androidx.activity.result.ActivityResultRegistry.doDispatch(ActivityResultRegistry.kt:350)
09-23 17:07:57.319  9717 10165 W HeavyInitializer: 	at androidx.activity.result.ActivityResultRegistry.dispatchResult(ActivityResultRegistry.kt:311)
09-23 17:07:57.319  9717 10165 W HeavyInitializer: 	at androidx.activity.ComponentActivity.onActivityResult(ComponentActivity.kt:788)
09-23 17:07:57.319  9717 10165 W HeavyInitializer: 	at android.app.Activity.onActivityResult(Activity.java:8064)
09-23 17:07:57.319  9717 10165 W HeavyInitializer: 	at android.app.Activity.internalDispatchActivityResult(Activity.java:10217)
09-23 17:07:57.319  9717 10165 W HeavyInitializer: 	at android.app.Activity.dispatchActivityResult(Activity.java:10194)
09-23 17:07:57.319  9717 10165 W HeavyInitializer: 	at android.app.ActivityThread.deliverResults(ActivityThread.java:7273)
09-23 17:07:57.319  9717 10165 W HeavyInitializer: 	at android.app.ActivityThread.handleSendResult(ActivityThread.java:7321)
09-23 17:07:57.319  9717 10165 W HeavyInitializer: 	at android.app.servertransaction.ActivityResultItem.execute(ActivityResultItem.java:78)
09-23 17:07:57.319  9717 10165 W HeavyInitializer: 	at android.app.servertransaction.ActivityTransactionItem.execute(ActivityTransactionItem.java:63)
09-23 17:07:57.319  9717 10165 W HeavyInitializer: 	at android.app.servertransaction.TransactionExecutor.executeNonLifecycleItem(TransactionExecutor.java:133)
09-23 17:07:57.319  9717 10165 W HeavyInitializer: 	at android.app.servertransaction.TransactionExecutor.executeTransactionItems(TransactionExecutor.java:103)
09-23 17:07:57.319  9717 10165 W HeavyInitializer: 	at android.app.servertransaction.TransactionExecutor.execute(TransactionExecutor.java:80)
09-23 17:07:57.319  9717 10165 W HeavyInitializer: 	at android.app.ActivityThread$H.handleMessage(ActivityThread.java:3287)
09-23 17:07:57.319  9717 10165 W HeavyInitializer: 	at android.os.Handler.dispatchMessage(Handler.java:132)
09-23 17:07:57.319  9717 10165 W HeavyInitializer: 	at android.os.Looper.dispatchMessage(Looper.java:358)
09-23 17:07:57.319  9717 10165 W HeavyInitializer: 	at android.os.Looper.loopOnce(Looper.java:288)
09-23 17:07:57.319  9717 10165 W HeavyInitializer: 	at android.os.Looper.loop(Looper.java:392)
09-23 17:07:57.319  9717 10165 W HeavyInitializer: 	at android.app.ActivityThread.main(ActivityThread.java:10346)
09-23 17:07:57.319  9717 10165 W HeavyInitializer: 	at java.lang.reflect.Method.invoke(Native Method)
09-23 17:07:57.319  9717 10165 W HeavyInitializer: 	at com.android.internal.os.RuntimeInit$MethodAndArgsCaller.run(RuntimeInit.java:638)
09-23 17:07:57.319  9717 10165 W HeavyInitializer: 	at com.android.internal.os.ZygoteInit.main(ZygoteInit.java:972)
09-23 17:07:57.335  9717  9717 I View    : setRequestedFrameRate frameRate=-4.0, this=android.view.View{fff0fb1 V.ED..... ........ 0,0-0,0}, caller=androidx.compose.ui.platform.Api35Impl.setRequestedFrameRate:4047 androidx.compose.ui.platform.AndroidComposeView.dispatchDraw:2282 android.view.View.draw:26758 android.view.View.updateDisplayListIfDirty:25577 android.view.View.draw:26477 
09-23 17:07:57.489  9717  9717 I VRI[MainActivity]@efa4415: call setFrameRateCategory for touch hint category=no preference, reason=boost timeout, vri=VRI[MainActivity]@efa4415
09-23 17:08:00.794  9717 10093 I AppViewModel: Imported picked model: name=gemma-3n-E4B-it-int4.litertlm bytes=4919541760
09-23 17:08:03.387  9717  9717 I VRI[MainActivity]@efa4415: ViewPostIme pointer 0
09-23 17:08:03.388  9717  9717 I VRI[MainActivity]@efa4415: call setFrameRateCategory for touch hint category=high hint, reason=touch, vri=VRI[MainActivity]@efa4415
09-23 17:08:03.391  9717  9717 D Choreographer: BBA2 receive callback when in bg : 0
09-23 17:08:03.396  9717  9717 I View    : setRequestedFrameRate frameRate=NaN, this=android.view.View{fff0fb1 V.ED..... ........ 0,0-0,0}, caller=androidx.compose.ui.platform.Api35Impl.setRequestedFrameRate:4047 androidx.compose.ui.platform.AndroidComposeView.dispatchDraw:2282 android.view.View.draw:26758 android.view.View.updateDisplayListIfDirty:25577 android.view.ViewGroup.recreateChildDisplayList:4881 
09-23 17:08:03.479  9717  9717 I VRI[MainActivity]@efa4415: ViewPostIme pointer 1
09-23 17:08:03.480  9717  9717 D MainActivity: DownloadGate select-file requested. session=survey_config10.yaml@1
09-23 17:08:03.506  9717  9717 I ImeFocusController: onPreWindowFocus: skipped hasWindowFocus=false mHasImeFocus=true
09-23 17:08:03.506  9717  9717 I ImeFocusController: onPostWindowFocus: skipped hasWindowFocus=false mHasImeFocus=true
09-23 17:08:03.567  9717  9717 D InputTransport: Input channel destroyed: 'ClientS', fd=172
09-23 17:08:04.023  9717  9717 I VRI[MainActivity]@efa4415: handleAppVisibility mAppVisible = true visible = false
09-23 17:08:04.023  9717  9717 D VRI[MainActivity]@efa4415: visibilityChanged oldVisibility=true newVisibility=false
09-23 17:08:04.028  9717  9765 D HWUI    : CacheManager::trimMemory(20)
09-23 17:08:04.033  9717  9717 I VRI[MainActivity]@efa4415: Relayout returned: old=(0,0,1080,2340) new=(0,0,1080,2340) relayoutAsync=false req=(1080,2340)8 dur=1 res=0x2 s={false 0x0} ch=true seqId=0
09-23 17:08:04.033  9717  9717 D VRI[MainActivity]@efa4415: Not drawing due to not visible. Reason=!mAppVisible && !mForceDecorViewVisibility
09-23 17:08:04.033  9717  9765 D HWUI    : CacheManager::trimMemory(20)
09-23 17:08:04.033  9717  9717 I VRI[MainActivity]@efa4415: stopped(true) old = false
09-23 17:08:04.033  9717  9717 D VRI[MainActivity]@efa4415: WindowStopped on com.negi.survey/com.negi.survey.MainActivity set to true
09-23 17:08:04.034  9717  9765 D HWUI    : CacheManager::trimMemory(20)
09-23 17:08:04.038  9717  9717 D BBA2    : setIsFg isFg = false; delayValue 3999ms
09-23 17:08:04.409  9717 10093 I PersistentModelStore: persistFromPrivate: persisted gemma-3n-E4B-it-int4.litertlm (4919541760 bytes)
09-23 17:08:04.798  9717  9717 I VRI[MainActivity]@efa4415: handleAppVisibility mAppVisible = false visible = true
09-23 17:08:04.799  9717  9717 I VRI[MainActivity]@efa4415: stopped(false) old = true
09-23 17:08:04.799  9717  9717 D VRI[MainActivity]@efa4415: WindowStopped on com.negi.survey/com.negi.survey.MainActivity set to false
09-23 17:08:04.799  9717  9717 D ViewRootImpl: Skipping stats log for color mode
09-23 17:08:04.800  9717  9717 D MainActivity: Model file picked: session=survey_config10.yaml@1 uri=content://com.android.providers.downloads.documents/document/msf%3A161
09-23 17:08:04.801  9717  9717 D CrashCapture: install: ensured default handler. where=selfHeal:onActivityResumed pid=9717 default=com.negi.survey.CrashCapture$CrashHandler@34c60ba
09-23 17:08:04.818  9717  9717 I BufferQueueProducer: [](id:25f500000004,api:0,p:-1,c:9717) setDequeueTimeout:2077252342
09-23 17:08:04.818  9717  9717 I BLASTBufferQueue_Java: new BLASTBufferQueue, mName= VRI[MainActivity]@efa4415 mNativeObject= 0xb400007c32891e60 caller= android.view.ViewRootImpl.updateBlastSurfaceIfNeeded:3603 android.view.ViewRootImpl.relayoutWindow:11813 android.view.ViewRootImpl.performTraversals:4840 android.view.ViewRootImpl.doTraversal:3959 android.view.ViewRootImpl$TraversalRunnable.run:13034 android.view.Choreographer$CallbackRecord.run:1961 android.view.Choreographer$CallbackRecord.run:1970 android.view.Choreographer.doCallbacks:1423 android.view.Choreographer.doFrame:1348 android.view.Choreographer$FrameDisplayEventReceiver.run:1930 
09-23 17:08:04.818  9717  9717 I BLASTBufferQueue_Java: update, w= 1080 h= 2340 mName = VRI[MainActivity]@efa4415 mNativeObject= 0xb400007c32891e60 sc.mNativeObject= 0xb400007bc287ec50 format= -1 caller= android.view.ViewRootImpl.updateBlastSurfaceIfNeeded:3608 android.view.ViewRootImpl.relayoutWindow:11813 android.view.ViewRootImpl.performTraversals:4840 android.view.ViewRootImpl.doTraversal:3959 android.view.ViewRootImpl$TraversalRunnable.run:13034 android.view.Choreographer$CallbackRecord.run:1961 
09-23 17:08:04.819  9717  9717 I VRI[MainActivity]@efa4415: Relayout returned: old=(0,0,1080,2340) new=(0,0,1080,2340) relayoutAsync=false req=(1080,2340)0 dur=2 res=0x3 s={true 0xb400007c72894150} ch=true seqId=0
09-23 17:08:04.819  9717  9717 D VRI[MainActivity]@efa4415: mThreadedRenderer.initialize() mSurface={isValid=true 0xb400007c72894150} hwInitialized=true
09-23 17:08:04.820  9717  9717 D VRI[MainActivity]@efa4415: reportNextDraw android.view.ViewRootImpl.performTraversals:5507 android.view.ViewRootImpl.doTraversal:3959 android.view.ViewRootImpl$TraversalRunnable.run:13034 android.view.Choreographer$CallbackRecord.run:1961 android.view.Choreographer$CallbackRecord.run:1970 
09-23 17:08:04.820  9717  9717 D VRI[MainActivity]@efa4415: Setup new sync=wmsSync-VRI[MainActivity]@efa4415#8
09-23 17:08:04.820  9717  9717 I VRI[MainActivity]@efa4415: Creating new active sync group VRI[MainActivity]@efa4415#9
09-23 17:08:04.820  9717  9717 D VRI[MainActivity]@efa4415: Start draw after previous draw not visible
09-23 17:08:04.820  9717  9717 D VRI[MainActivity]@efa4415: registerCallbacksForSync syncBuffer=false
09-23 17:08:04.821  9717  9717 I View    : setRequestedFrameRate frameRate=-4.0, this=android.view.View{fff0fb1 V.ED..... ........ 0,0-0,0}, caller=androidx.compose.ui.platform.Api35Impl.setRequestedFrameRate:4047 androidx.compose.ui.platform.AndroidComposeView.dispatchDraw:2282 android.view.View.draw:26758 android.view.View.updateDisplayListIfDirty:25577 android.view.View.draw:26477 
09-23 17:08:04.821  9717  9772 D VRI[MainActivity]@efa4415: Received frameDrawingCallback syncResult=0 frameNum=1.
09-23 17:08:04.821  9717  9772 I VRI[MainActivity]@efa4415: mWNT: t=0xb400007b92898ee0 mBlastBufferQueue=0xb400007c32891e60 fn= 1 HdrRenderState mRenderHdrSdrRatio=1.0 caller= android.view.ViewRootImpl$12.onFrameDraw:15561 android.view.ThreadedRenderer$1.onFrameDraw:751 <bottom of call stack> 
09-23 17:08:04.821  9717  9772 I VRI[MainActivity]@efa4415: Setting up sync and frameCommitCallback
09-23 17:08:04.823  9717  9765 I BLASTBufferQueue: [VRI[MainActivity]@efa4415#4](f:0,a:0,s:0) onFrameAvailable the first frame is available
09-23 17:08:04.823  9717  9765 I SurfaceComposerClient: apply transaction with the first frame. layerId: 6442, bufferData(ID: 41734197215251, frameNumber: 1)
09-23 17:08:04.823  9717  9765 I VRI[MainActivity]@efa4415: Received frameCommittedCallback lastAttemptedDrawFrameNum=1 didProduceBuffer=true
09-23 17:08:04.823  9717  9717 D VRI[MainActivity]@efa4415: reportDrawFinished seqId=0
09-23 17:08:04.829  9717  9717 I View    : setRequestedFrameRate frameRate=NaN, this=android.view.View{fff0fb1 V.ED..... ........ 0,0-0,0}, caller=androidx.compose.ui.platform.Api35Impl.setRequestedFrameRate:4047 androidx.compose.ui.platform.AndroidComposeView.dispatchDraw:2282 android.view.View.draw:26758 android.view.View.updateDisplayListIfDirty:25577 android.view.ViewGroup.recreateChildDisplayList:4881 
09-23 17:08:04.834  9717  9717 I InsetsSourceConsumer: applyRequestedVisibilityToControl: visible=true, type=navigationBars, host=com.negi.survey/com.negi.survey.MainActivity
09-23 17:08:04.834  9717  9717 I InsetsSourceConsumer: applyRequestedVisibilityToControl: visible=true, type=statusBars, host=com.negi.survey/com.negi.survey.MainActivity
09-23 17:08:04.847  9717  9717 D VRI[MainActivity]@efa4415: mThreadedRenderer.initializeIfNeeded()#2 mSurface={isValid=true 0xb400007c72894150}
09-23 17:08:04.848  9717  9717 D InputMethodManagerUtils: startInputInner - Id : 0
09-23 17:08:04.848  9717  9717 I InputMethodManager: startInputInner - IInputMethodManagerGlobalInvoker.startInputOrWindowGainedFocus
09-23 17:08:04.848  9717  9717 D InsetsController: hide(ime())
09-23 17:08:04.848  9717  9717 I ImeTracker: com.negi.survey:abac57b: onCancelled at PHASE_CLIENT_ALREADY_HIDDEN
09-23 17:08:04.849  9717  9736 D InputTransport: Input channel constructed: 'ClientS', fd=169
09-23 17:08:06.487  9717  9717 I VRI[MainActivity]@efa4415: call setFrameRateCategory for touch hint category=no preference, reason=boost timeout, vri=VRI[MainActivity]@efa4415
09-23 17:08:08.229  9717 10093 I AppViewModel: Imported picked model: name=gemma-3n-E4B-it-int4.litertlm bytes=4919541760
09-23 17:08:12.356  9717 10093 I PersistentModelStore: persistFromPrivate: persisted gemma-3n-E4B-it-int4.litertlm (4919541760 bytes)
09-23 17:08:12.360  9717  9717 D SLM     : buildModelConfig: accel=GPU maxTokens=512 topK=1 topP=0.0 temperature=0.0
09-23 17:08:12.375  9717  9717 I View    : setRequestedFrameRate frameRate=-4.0, this=android.view.View{fff0fb1 V.ED..... ........ 0,0-0,0}, caller=androidx.compose.ui.platform.Api35Impl.setRequestedFrameRate:4047 androidx.compose.ui.platform.AndroidComposeView.dispatchDraw:2282 android.view.View.draw:26758 android.view.View.updateDisplayListIfDirty:25577 android.view.View.draw:26477 
09-23 17:08:12.385  9717 10093 D LiteRtLM: Initializing LiteRT-LM: model='Gemma3n4B', key='Gemma3n4B|/data/user/0/com.negi.survey/files/gemma-3n-E4B-it-int4.litertlm'
09-23 17:08:12.385  9717 10093 D LiteRtLM: Capabilities: image=false audio=false
09-23 17:08:12.385  9717 10093 D LiteRtLM: Backend=com.google.ai.edge.litertlm.Backend$GPU@91c79f6 maxNumTokens=512 (raw=512) topK=1 topP=0.0 temp=0.0
09-23 17:08:12.385  9717 10093 D LiteRtLM: Model path='/data/user/0/com.negi.survey/files/gemma-3n-E4B-it-int4.litertlm' sizeBytes=4919541760 lastModified=1790208488092
09-23 17:08:12.385  9717 10093 D LiteRtLM: LiteRT-LM native benchmark policy: enabled=false emulator=false
09-23 17:08:12.385  9717 10093 D LiteRtLM: LiteRT-LM native benchmark policy: enabled=false emulator=false
09-23 17:08:12.385  9717 10093 D LiteRtLM: Speculative decoding / MTP policy: enabled=false runtimeFlagUpdated=true model='Gemma3n4B'
09-23 17:08:12.386  9717 10093 D LiteRtLM: Engine cacheDir resolved: key='Gemma3n4B|/data/user/0/com.negi.survey/files/gemma-3n-E4B-it-int4.litertlm' backend=com.google.ai.edge.litertlm.Backend$GPU@91c79f6 path='/data/user/0/com.negi.survey/no_backup/litertlm_cache/1b206c77de1ee0898832dcfa53e528734cd1f0e5' filesBefore=0
09-23 17:08:12.386  9717  9717 I View    : setRequestedFrameRate frameRate=NaN, this=android.view.View{fff0fb1 V.ED..... ........ 0,0-0,0}, caller=androidx.compose.ui.platform.Api35Impl.setRequestedFrameRate:4047 androidx.compose.ui.platform.AndroidComposeView.dispatchDraw:2282 android.view.View.draw:26758 android.view.View.updateDisplayListIfDirty:25577 android.view.ViewGroup.recreateChildDisplayList:4881 
09-23 17:08:12.412  9717 10093 I litert  : [environment.cc:36] Creating LiteRT environment with options
09-23 17:08:12.412  9717 10093 W litert  : [npu_registry.cc:34] NPU accelerator could not be loaded and registered: kLiteRtStatusErrorInvalidArgument.
09-23 17:08:12.412  9717 10093 I litert  : [accelerator_registry.cc:54] RegisterAccelerator: ptr=0xb400007cb2885e30, name=LiteRT GPU
09-23 17:08:12.412  9717 10093 I litert  : [gpu_registry.cc:87] Statically linked GPU accelerator registered.
09-23 17:08:12.412  9717 10093 I litert  : [accelerator_registry.cc:54] RegisterAccelerator: ptr=0xb400007cb2886df0, name=CpuAccelerator
09-23 17:08:12.412  9717 10093 I litert  : [cpu_registry.cc:75] XNNPACK CPU accelerator registered.
09-23 17:08:12.572  9717 10093 I litert  : [environment.cc:36] Creating LiteRT environment with options
09-23 17:08:12.572  9717 10093 W litert  : [npu_registry.cc:34] NPU accelerator could not be loaded and registered: kLiteRtStatusErrorInvalidArgument.
09-23 17:08:12.572  9717 10093 I litert  : [accelerator_registry.cc:54] RegisterAccelerator: ptr=0xb400007cb287fef0, name=LiteRT GPU
09-23 17:08:12.572  9717 10093 I litert  : [gpu_registry.cc:87] Statically linked GPU accelerator registered.
09-23 17:08:12.572  9717 10093 I litert  : [accelerator_registry.cc:54] RegisterAccelerator: ptr=0xb400007cb2885830, name=CpuAccelerator
09-23 17:08:12.572  9717 10093 I litert  : [cpu_registry.cc:75] XNNPACK CPU accelerator registered.
09-23 17:08:12.572  9717 10093 W native  : W0000 00:00:1790208492.572929   10093 litert_lm_loader.cc:291] Section not found: 	
09-23 17:08:12.573  9717 10093 W native  : W0000 00:00:1790208492.573029   10093 litert_lm_loader.cc:291] Section not found: 	
09-23 17:08:12.573  9717 10093 I litert  : [compiled_model.cc:833] Flatbuffer model initialized directly from incoming litert model.
09-23 17:08:12.573  9717 10093 I tflite  : Initialized TensorFlow Lite runtime.
09-23 17:08:12.607  9717 10093 W libc    : Access denied finding property "ro.mediatek.platform"
09-23 17:08:12.695  9717 10093 E Adreno-AppProfiles: QSPM AIDL service doesn't exist
09-23 17:08:12.696  9717 10093 I native  : I0000 00:00:1790208492.696593   10093 delegate_opencl.cc:603] options->hint_waiting_for_completion: false
09-23 17:08:12.696  9717 10093 I native  : I0000 00:00:1790208492.696634   10093 delegate_opencl.cc:605] options->kernel_batch_size: -1
09-23 17:08:12.700  9717 10093 I AdrenoGLES-0: QUALCOMM build                   : f61dec9117, I68b0a64d7e
09-23 17:08:12.700  9717 10093 I AdrenoGLES-0: Build Date                       : 03/26/26
09-23 17:08:12.700  9717 10093 I AdrenoGLES-0: OpenGL ES Shader Compiler Version: E031.47.18.50
09-23 17:08:12.700  9717 10093 I AdrenoGLES-0: Local Branch                     : 
09-23 17:08:12.700  9717 10093 I AdrenoGLES-0: Remote Branch                    : refs/tags/AU_LINUX_ANDROID_LA.VENDOR.15.4.0.11.00.00.1088.862
09-23 17:08:12.700  9717 10093 I AdrenoGLES-0: Remote Branch                    : NONE
09-23 17:08:12.700  9717 10093 I AdrenoGLES-0: Reconstruct Branch               : NOTHING
09-23 17:08:12.700  9717 10093 I AdrenoGLES-0: Build Config                     : S P 18.0.0 AArch64
09-23 17:08:12.700  9717 10093 I AdrenoGLES-0: Driver Path                      : /vendor/lib64/egl/libGLESv2_adreno.so
09-23 17:08:12.700  9717 10093 I AdrenoGLES-0: Driver Version                   : 0800.64.7
09-23 17:08:12.700  9717 10093 I AdrenoGLES-0: Process Name                     : com.negi.survey
09-23 17:08:12.704  9717 10093 I AdrenoGLES-0: PFP: 0x01500077, ME: 0x01500014
09-23 17:08:12.705  9717 10093 E Adreno-AppProfiles: QSPM AIDL service doesn't exist
09-23 17:08:12.707  9717 10093 E libEGL  : call to OpenGL ES API with no current context (logged once per thread)
09-23 17:08:12.717  9717 10093 I litert  : [environment.cc:47] Adding options to the existing LiteRT environment
09-23 17:08:12.718  9717 10093 I tflite  : Loaded OpenCL library with dlopen.
09-23 17:08:12.718  9717 10093 I litert  : [gpu_environment.cc:220] Created OpenCL device from provided device id and platform id.
09-23 17:08:12.718  9717 10093 I litert  : [gpu_environment.cc:283] Reusing provided EGL environment.
09-23 17:08:12.718  9717 10093 I litert  : [gpu_environment.h:155] Created LiteRT GpuEnvironment.
09-23 17:08:12.718  9717 10093 I litert  : [environment.cc:47] Adding options to the existing LiteRT environment
09-23 17:08:12.735  9717 10093 I tflite  : Replacing 3326 out of 3326 node(s) with delegate (LITERT_CL) node, yielding 1 partitions for subgraph 0 (decode).
09-23 17:08:13.236  9717  9765 I AdrenoVK-0: Shader compilation failed for shaderType: 0
09-23 17:08:13.236  9717  9765 I AdrenoVK-0: Pipeline create failed
09-23 17:08:22.020  9717  9765 E Fence   : waitForever: Throttling EGL Production: fence 170 didn't signal in 3000 ms
09-23 17:08:22.020  9717  9765 I Fence   : waitForever: fence(kgsl-timeline-kgsl-3d0_16-com.n) status(0)
09-23 17:08:22.020  9717  9765 I Fence   : waitForever: sync point: timeline(kgsl-3d0_16-com.negi.survey(971) drv(kgsl-timeline) status(0) timestamp(0.000000)
09-23 17:08:22.027  9717  9808 E Fence   : waitForever: acquireFence: fence 187 didn't signal in 3000 ms
09-23 17:08:22.027  9717  9808 I Fence   : waitForever: fence(kgsl-timeline-kgsl-3d0_16-com.n) status(0)
09-23 17:08:22.027  9717  9808 I Fence   : waitForever: sync point: timeline(kgsl-3d0_16-com.negi.survey(971) drv(kgsl-timeline) status(0) timestamp(0.000000)
09-23 17:08:22.136  9717  9808 I HWUI    : Davey! duration=3129ms; Flags=0, FrameTimelineVsyncId=31037385, IntendedVsync=126477908596954, Vsync=126477908596954, InputEventId=0, HandleInputStart=126477908996280, AnimationStart=126477908996853, PerformTraversalsStart=126477910042010, DrawStart=126477910190760, FrameDeadline=126477925269675, FrameStartTime=126477908993780, FrameInterval=8330212, WorkloadTarget=8333333, SyncQueued=126477910660968, SyncStart=126477910687010, IssueDrawCommandsStart=126477910707843, SwapBuffers=126477911023312, FrameCompleted=126481037631279, DequeueBufferDuration=4323, QueueBufferDuration=79532, GpuCompleted=126481037631279, SwapBuffersCompleted=126477911132322, DisplayPresentTime=126476933893885, CommandSubmissionCompleted=126477911023312, 
09-23 17:08:22.136  9717  9808 W libbinder.Binder: Binder transaction to android.gui.ITransactionComposerListener code 1 took 3111ms. Data bytes: 500 Reply bytes: 0 Flags: 17
09-23 17:08:22.137  9717  9717 I Choreographer: Skipped 372 frames!  The application may be doing too much work on its main thread.
09-23 17:08:22.144  9717 10093 I native  : I0000 00:00:1790208502.144325   10093 delegate_kernel.cc:330] Total 81 external tensors are used for delegate inputs and outputs
09-23 17:08:22.144  9717 10093 I native  : I0000 00:00:1790208502.144531   10093 delegate_kernel.cc:906] Initializing OpenCL-based API from serialized data.
09-23 17:08:23.377  9717 10093 I tflite  : Replacing 2145 out of 2145 node(s) with delegate (LITERT_CL) node, yielding 1 partitions for subgraph 1 (prefill_16).
09-23 17:08:23.399  9717 10093 I native  : I0000 00:00:1790208503.399609   10093 delegate_kernel.cc:330] Total 80 external tensors are used for delegate inputs and outputs
09-23 17:08:23.399  9717 10093 I native  : I0000 00:00:1790208503.399661   10093 delegate_kernel.cc:906] Initializing OpenCL-based API from serialized data.
09-23 17:08:25.098  9717 10093 I tflite  : Replacing 2145 out of 2145 node(s) with delegate (LITERT_CL) node, yielding 1 partitions for subgraph 2 (prefill_256).
09-23 17:08:25.123  9717 10093 I native  : I0000 00:00:1790208505.123063   10093 delegate_kernel.cc:330] Total 80 external tensors are used for delegate inputs and outputs
09-23 17:08:25.123  9717 10093 I native  : I0000 00:00:1790208505.123122   10093 delegate_kernel.cc:906] Initializing OpenCL-based API from serialized data.
09-23 17:08:26.211  9717 10093 I litert  : [environment.cc:36] Creating LiteRT environment with options
09-23 17:08:26.211  9717 10093 W litert  : [npu_registry.cc:34] NPU accelerator could not be loaded and registered: kLiteRtStatusErrorInvalidArgument.
09-23 17:08:26.211  9717 10093 I litert  : [accelerator_registry.cc:54] RegisterAccelerator: ptr=0xb400007cb28846f0, name=LiteRT GPU
09-23 17:08:26.211  9717 10093 I litert  : [gpu_registry.cc:87] Statically linked GPU accelerator registered.
09-23 17:08:26.211  9717 10093 I litert  : [accelerator_registry.cc:54] RegisterAccelerator: ptr=0xb400007cb288eb30, name=CpuAccelerator
09-23 17:08:26.211  9717 10093 I litert  : [cpu_registry.cc:75] XNNPACK CPU accelerator registered.
09-23 17:08:26.484  9717 10093 W native  : W0000 00:00:1790208506.484737   10093 litert_lm_loader.cc:291] Section not found: 
09-23 17:08:26.484  9717 10093 W native  : W0000 00:00:1790208506.484951   10093 litert_lm_loader.h:129] TFLite model for type: TF_LITE_END_OF_VISION not found. Skipping.
09-23 17:08:26.486  9717 10093 I litert  : [compiled_model.cc:833] Flatbuffer model initialized directly from incoming litert model.
09-23 17:08:26.493  9717 10093 W litert  : [compiled_model.cc:986] You should provide the `DispatchLibraryDir` option to use NPU.
09-23 17:08:26.494  9717 10093 I tflite  : Created TensorFlow Lite XNNPACK delegate for CPU.
09-23 17:08:26.494  9717 10093 I tflite  : Replacing 2 out of 10 node(s) with delegate (TfLiteXNNPackDelegate) node, yielding 2 partitions for subgraph 0 (main).
09-23 17:08:26.496  9717 10093 I litert  : [compiled_model.cc:833] Flatbuffer model initialized directly from incoming litert model.
09-23 17:08:26.496  9717 10093 W litert  : [compiled_model.cc:986] You should provide the `DispatchLibraryDir` option to use NPU.
09-23 17:08:26.496  9717 10093 I litert  : [compiled_model.cc:1790] Tracked constant output tensor eoa_embedding with locked address
09-23 17:08:26.511  9717 10093 I litert  : [compiled_model.cc:833] Flatbuffer model initialized directly from incoming litert model.
09-23 17:08:26.605  9717 10093 W litert  : [compiled_model.cc:986] You should provide the `DispatchLibraryDir` option to use NPU.
09-23 17:08:26.605  9717 10093 I tflite  : Replacing 1 out of 44 node(s) with delegate (TfLiteXNNPackDelegate) node, yielding 2 partitions for subgraph 0 (main).
09-23 17:08:26.607  9717 10093 W LiteRtLM: Engine.initialize completed: key='Gemma3n4B|/data/user/0/com.negi.survey/files/gemma-3n-E4B-it-int4.litertlm' backend=com.google.ai.edge.litertlm.Backend$GPU@91c79f6 took=14221ms cacheFilesAfter=2
09-23 17:08:26.607  9717 10093 W LiteRtLM: Engine.initialize completed: key='Gemma3n4B|/data/user/0/com.negi.survey/files/gemma-3n-E4B-it-int4.litertlm' backend=com.google.ai.edge.litertlm.Backend$GPU@91c79f6 took=14221ms cacheFilesAfter=2
09-23 17:08:26.615  9717 10093 D LiteRtLM: createConversation completed: key='Gemma3n4B|/data/user/0/com.negi.survey/files/gemma-3n-E4B-it-int4.litertlm' took=8ms
09-23 17:08:26.616  9717 10093 D LiteRtLM: LiteRT-LM initialization succeeded: model='Gemma3n4B', key='Gemma3n4B|/data/user/0/com.negi.survey/files/gemma-3n-E4B-it-int4.litertlm' engineMs=14221 conversationMs=8 totalMs=14231
09-23 17:08:26.626  9717  9717 D AiTrace : Installed (enabled=true ringEnabled=true)
09-23 17:08:26.630  9717  9717 D SurveyVM: init -> Start, session=0, uuid=f2f976e2-afa4-4aca-b6e5-3c65041fe097, navSize=1, graphSize=20
09-23 17:08:26.635  9717  9717 D SurveyVM: config.validate -> issues=0
09-23 17:08:26.636  9717  9717 D SurveyVM: promptSources -> legacy=10, eval=0, follow=0
09-23 17:08:26.636  9717  9717 D SurveyVM: promptSources.preview -> legacy=[Q10, Q11, Q12, Q13, Q14, Q15, Q16, Q17, Q8, Q9], eval=[], follow=[]
09-23 17:08:26.636  9717  9717 D SurveyVM: hasTwoStepPrompt[Q10] -> true (eval=195, fu=220)
09-23 17:08:26.636  9717  9717 D SurveyVM: hasTwoStepPrompt[Q11] -> true (eval=219, fu=244)
09-23 17:08:26.636  9717  9717 D SurveyVM: hasTwoStepPrompt[Q12] -> true (eval=229, fu=254)
09-23 17:08:26.636  9717  9717 D SurveyVM: hasTwoStepPrompt[Q13] -> true (eval=184, fu=209)
09-23 17:08:26.636  9717  9717 D SurveyVM: hasTwoStepPrompt[Q14] -> true (eval=221, fu=246)
09-23 17:08:26.636  9717  9717 D SurveyVM: hasTwoStepPrompt[Q15] -> true (eval=160, fu=185)
09-23 17:08:26.637  9717  9717 D SurveyVM: hasTwoStepPrompt[Q16] -> true (eval=185, fu=210)
09-23 17:08:26.637  9717  9717 D SurveyVM: hasTwoStepPrompt[Q17] -> true (eval=200, fu=225)
09-23 17:08:26.637  9717  9717 D SurveyVM: hasTwoStepPrompt[Q8] -> true (eval=248, fu=273)
09-23 17:08:26.637  9717  9717 D SurveyVM: hasTwoStepPrompt[Q9] -> true (eval=190, fu=215)
09-23 17:08:26.637  9717  9717 D SurveyVM: AI prompt coverage OK (aiCount=10)
09-23 17:08:26.682  9717  9717 I View    : setRequestedFrameRate frameRate=-4.0, this=android.view.View{fff0fb1 V.ED..... ........ 0,0-0,0}, caller=androidx.compose.ui.platform.Api35Impl.setRequestedFrameRate:4047 androidx.compose.ui.platform.AndroidComposeView.dispatchDraw:2282 android.view.View.draw:26758 android.view.View.updateDisplayListIfDirty:25577 android.view.View.draw:26477 
09-23 17:08:26.682  9717  9717 D MainActivity: SLM Engine warm-up started. session=survey_config10.yaml@1 model=Gemma3n4B
09-23 17:08:26.683  9717 11093 D SLM     : initializeIfNeeded: model='Gemma3n4B' image=false audio=false
09-23 17:08:26.684  9717 11093 D LiteRtLM: initializeIfNeeded: warm runtime already ready: key='Gemma3n4B|/data/user/0/com.negi.survey/files/gemma-3n-E4B-it-int4.litertlm'
09-23 17:08:26.684  9717  9717 D LiteRtRepository: warmUp: initializeIfNeeded ok gateWaitMs=0 initMs=1
09-23 17:08:26.684  9717  9717 D LiteRtRepository: warmUp: Engine ready; representative inference disabled totalMs=1
09-23 17:08:26.684  9717  9717 D MainActivity: SLM Engine warm-up finished. session=survey_config10.yaml@1 model=Gemma3n4B elapsedMs=1
09-23 17:08:30.182  9717  9717 I VRI[MainActivity]@efa4415: ViewPostIme pointer 0
09-23 17:08:30.184  9717  9717 I VRI[MainActivity]@efa4415: call setFrameRateCategory for touch hint category=high hint, reason=touch, vri=VRI[MainActivity]@efa4415
09-23 17:08:30.184  9717  9717 D Choreographer: BBA2 receive callback when in bg : 0
09-23 17:08:30.189  9717  9717 I View    : setRequestedFrameRate frameRate=NaN, this=android.view.View{fff0fb1 V.ED..... ........ 0,0-0,0}, caller=androidx.compose.ui.platform.Api35Impl.setRequestedFrameRate:4047 androidx.compose.ui.platform.AndroidComposeView.dispatchDraw:2282 android.view.View.draw:26758 android.view.View.updateDisplayListIfDirty:25577 android.view.ViewGroup.recreateChildDisplayList:4881 
09-23 17:08:30.210  9717  9717 I VRI[MainActivity]@efa4415: ViewPostIme pointer 1
09-23 17:08:30.278  9717  9717 I ImeFocusController: onPreWindowFocus: skipped hasWindowFocus=false mHasImeFocus=true
09-23 17:08:30.279  9717  9717 I ImeFocusController: onPostWindowFocus: skipped hasWindowFocus=false mHasImeFocus=true
09-23 17:08:30.359  9717  9717 D InputTransport: Input channel destroyed: 'ClientS', fd=169
09-23 17:08:33.250  9717  9717 I VRI[MainActivity]@efa4415: call setFrameRateCategory for touch hint category=no preference, reason=boost timeout, vri=VRI[MainActivity]@efa4415
09-23 17:09:44.616  9717  9717 D CrashCapture: install: ensured default handler. where=selfHeal:onActivityResumed pid=9717 default=com.negi.survey.CrashCapture$CrashHandler@34c60ba
09-23 17:09:44.633  9717  9717 I TextToSpeech: Create TextToSpeech : caller process id[9717] / name[com.negi.survey] / target[null]
09-23 17:09:44.642  9717  9717 I TextToSpeech: Sucessfully bound to com.google.android.tts
09-23 17:09:44.718  9717  9717 I View    : setRequestedFrameRate frameRate=-4.0, this=android.view.View{fff0fb1 V.ED..... ........ 0,0-0,0}, caller=androidx.compose.ui.platform.Api35Impl.setRequestedFrameRate:4047 androidx.compose.ui.platform.AndroidComposeView.dispatchDraw:2282 android.view.View.draw:26758 android.view.View.updateDisplayListIfDirty:25577 android.view.View.draw:26477 
09-23 17:09:44.719  9717  9717 I InsetsSourceConsumer: applyRequestedVisibilityToControl: visible=true, type=navigationBars, host=com.negi.survey/com.negi.survey.MainActivity
09-23 17:09:44.719  9717  9717 I InsetsSourceConsumer: applyRequestedVisibilityToControl: visible=true, type=statusBars, host=com.negi.survey/com.negi.survey.MainActivity
09-23 17:09:44.720  9717  9717 D WhisperSpeechController: updateContext: surveyId=f2f976e2-afa4-4aca-b6e5-3c65041fe097, questionId=Start
09-23 17:09:44.723  9717  9717 I View    : setRequestedFrameRate frameRate=NaN, this=android.view.View{fff0fb1 V.ED..... ........ 0,0-0,0}, caller=androidx.compose.ui.platform.Api35Impl.setRequestedFrameRate:4047 androidx.compose.ui.platform.AndroidComposeView.dispatchDraw:2282 android.view.View.draw:26758 android.view.View.updateDisplayListIfDirty:25577 android.view.ViewGroup.recreateChildDisplayList:4881 
09-23 17:09:44.736  9717  9765 I AdrenoVK-0: Shader compilation failed for shaderType: 4
09-23 17:09:44.736  9717  9765 I AdrenoVK-0: Pipeline create failed
09-23 17:09:44.793  9717  9717 D VRI[MainActivity]@efa4415: mThreadedRenderer.initializeIfNeeded()#2 mSurface={isValid=true 0xb400007c72894150}
09-23 17:09:44.793  9717  9717 D InputMethodManagerUtils: startInputInner - Id : 0
09-23 17:09:44.793  9717  9717 I InputMethodManager: startInputInner - IInputMethodManagerGlobalInvoker.startInputOrWindowGainedFocus
09-23 17:09:44.795  9717  9737 D InputTransport: Input channel constructed: 'ClientS', fd=169
09-23 17:09:44.796  9717  9717 D InsetsController: hide(ime())
09-23 17:09:44.796  9717  9717 I ImeTracker: com.negi.survey:e37bb41e: onCancelled at PHASE_CLIENT_ALREADY_HIDDEN
09-23 17:09:44.849  9717  9734 I TextToSpeech: Connected to TTS engine
09-23 17:09:45.455  9717  9766 I TextToSpeech: Setting up the connection to TTS engine...
09-23 17:09:45.486  9717  9717 D TtsController: TextToSpeech ready: locale=en_US rate=1.0 pitch=1.0
09-23 17:09:45.558  9717  9717 I ImeFocusController: onPreWindowFocus: skipped hasWindowFocus=false mHasImeFocus=true
09-23 17:09:45.558  9717  9717 I ImeFocusController: onPostWindowFocus: skipped hasWindowFocus=false mHasImeFocus=true
09-23 17:09:45.668  9717  9717 D InputTransport: Input channel destroyed: 'ClientS', fd=169
09-23 17:09:45.994  9717  9717 I VRI[MainActivity]@efa4415: handleAppVisibility mAppVisible = true visible = false
09-23 17:09:45.994  9717  9717 D VRI[MainActivity]@efa4415: visibilityChanged oldVisibility=true newVisibility=false
09-23 17:09:45.997  9717  9765 D HWUI    : CacheManager::trimMemory(20)
09-23 17:09:46.001  9717  9717 I VRI[MainActivity]@efa4415: Relayout returned: old=(0,0,1080,2340) new=(0,0,1080,2340) relayoutAsync=false req=(1080,2340)8 dur=2 res=0x2 s={false 0x0} ch=true seqId=0
09-23 17:09:46.001  9717  9717 D VRI[MainActivity]@efa4415: Not drawing due to not visible. Reason=!mAppVisible && !mForceDecorViewVisibility
09-23 17:09:46.001  9717  9765 D HWUI    : CacheManager::trimMemory(20)
09-23 17:09:46.002  9717  9717 I VRI[MainActivity]@efa4415: stopped(true) old = false
09-23 17:09:46.002  9717  9717 D VRI[MainActivity]@efa4415: WindowStopped on com.negi.survey/com.negi.survey.MainActivity set to true
09-23 17:09:46.002  9717  9765 D HWUI    : CacheManager::trimMemory(20)
09-23 17:09:46.011  9717  9717 D BBA2    : setIsFg isFg = false; delayValue 3999ms
09-23 17:10:45.999  9717  9737 D Choreographer: BBA2 receive callback when in bg : 4
09-23 17:10:46.002  9717  9765 D HWUI    : CacheManager::trimMemory(40)
09-23 17:13:12.621 11901 11901 E studio.deploy: ERROR: Could not remove dir '/data/data/com.negi.survey/code_cache/.ll/': No such file or directory
09-23 17:13:12.834 11927 11927 I Zygote  : Process 11927 created for com.negi.survey
09-23 17:13:12.834 11927 11927 I com.negi.survey: Late-enabling -Xcheck:jni
09-23 17:13:12.851 11927 11927 I com.negi.survey: Using generational CollectorTypeCMC GC.
09-23 17:13:12.857 11927 11927 D nativeloader: Load libframework-connectivity-tiramisu-jni.so using APEX ns com_android_tethering for caller /apex/com.android.tethering/javalib/framework-connectivity-t.jar: ok
09-23 17:13:12.860 11927 11927 D ActivityThread: setConscryptValidator
09-23 17:13:12.860 11927 11927 D ActivityThread: setConscryptValidator - put
09-23 17:13:12.879 11927 11927 D nativeloader: Load /data/user/0/com.negi.survey/code_cache/startup_agents/b0fe613d-agent.so using system ns (caller=<unknown>): ok
09-23 17:13:12.879 11927 11927 V studio.deploy: Startup agent attached to VM
09-23 17:13:12.880 11927 11927 V studio.deploy: No existing instrumentation found. Loading instrumentation from instruments-4d0b62be.jar
09-23 17:13:12.882 11927 11927 W com.negi.survey: hiddenapi: DexFile /data/data/com.negi.survey/code_cache/.studio/instruments-4d0b62be.jar is in boot class path but is not in a known location
09-23 17:13:12.883 11927 11927 V studio.deploy: ModifyParameterTransform failed: Landroid/app/ApplicationLoaders;
09-23 17:13:12.907 11927 11927 W com.negi.survey: Redefining intrinsic method java.lang.Thread java.lang.Thread.currentThread(). This may cause the unexpected use of the original definition of java.lang.Thread java.lang.Thread.currentThread()in methods that have already been compiled.
09-23 17:13:12.907 11927 11927 W com.negi.survey: Redefining intrinsic method boolean java.lang.Thread.interrupted(). This may cause the unexpected use of the original definition of boolean java.lang.Thread.interrupted()in methods that have already been compiled.
09-23 17:13:12.911 11927 11927 I studio.deploy: Registering DispatchJNI
09-23 17:13:12.911 11927 11927 I studio.deploy: Found com/android/tools/deploy/interpreter/JNI
09-23 17:13:12.917 11927 11927 D ApplicationLoaders: Returning zygote-cached class loader: /system_ext/framework/androidx.window.extensions.jar
09-23 17:13:12.917 11927 11927 D ApplicationLoaders: Returning zygote-cached class loader: /system_ext/framework/androidx.window.sidecar.jar
09-23 17:13:13.237 11927 11927 D nativeloader: Configuring clns-9 for other apk /data/app/~~TzsEJ5MAQir4N1OqwHm2Tw==/com.negi.survey-tDnxq1raJC9WQnlwjXSrtQ==/base.apk. target_sdk_version=36, uses_libraries=libOpenCL.so, library_path=/data/app/~~TzsEJ5MAQir4N1OqwHm2Tw==/com.negi.survey-tDnxq1raJC9WQnlwjXSrtQ==/lib/arm64:/data/app/~~TzsEJ5MAQir4N1OqwHm2Tw==/com.negi.survey-tDnxq1raJC9WQnlwjXSrtQ==/base.apk!/lib/arm64-v8a, permitted_path=/data:/mnt/expand:/data/user/0/com.negi.survey
09-23 17:13:13.242 11927 11927 V GraphicsEnvironment: Currently set values for:
09-23 17:13:13.242 11927 11927 V GraphicsEnvironment:   angle_gl_driver_selection_pkgs=[]
09-23 17:13:13.242 11927 11927 V GraphicsEnvironment:   angle_gl_driver_selection_values=[]
09-23 17:13:13.242 11927 11927 V GraphicsEnvironment: com.negi.survey is not listed in per-application setting
09-23 17:13:13.242 11927 11927 V GraphicsEnvironment: ANGLE allowlist from config: com.dreamgames.royalmatch com.dts.freefiremax com.dxx.firenow com.gramgames.mergedragons com.ludo.king com.mojang.minecraftpe com.my.defense com.nintendo.zaka com.os.airforce com.playrix.fishdomdd.gplay io.teslatech.callbreak jp.konami.prospia net.peakgames.toonblast
09-23 17:13:13.242 11927 11927 V GraphicsEnvironment: No special selections for ANGLE, returning default driver choice
09-23 17:13:13.242 11927 11927 V GraphicsEnvironment: App is not on the allowlist for updatable production driver.
09-23 17:13:13.289 11927 11927 D nativeloader: Load /data/app/~~TzsEJ5MAQir4N1OqwHm2Tw==/com.negi.survey-tDnxq1raJC9WQnlwjXSrtQ==/base.apk!/lib/arm64-v8a/liblitertlm_jni.so using class loader ns clns-9 (caller=/data/data/com.negi.survey/code_cache/.overlay/base.apk/classes10.dex): ok
09-23 17:13:13.290 11927 11927 D SurveyApp: Loaded LiteRTLM JNI: litertlm_jni where=attachBaseContext
09-23 17:13:13.300 11927 11927 D AppRingLogStore: installed: dir=/data/user/0/com.negi.survey/files/diagnostics/applog_ring idx=0
09-23 17:13:13.300 11927 11927 D SurveyApp: attachBaseContext: pid=11927 process=com.negi.survey isMain=true sdk=36
09-23 17:13:13.300 11927 11927 D SurveyApp: bootTiming: attachBaseContext total=45ms
09-23 17:13:13.300 11927 11927 D SurveyApp: Skipping WorkManager init in attachBaseContext; will init lazily on first enqueue.
09-23 17:13:13.302 11927 11927 D CrashCapture: install: ensured default handler. where=SurveyApp:attachBaseContext pid=11927 default=com.negi.survey.CrashCapture$CrashHandler@a206774
09-23 17:13:13.302 11927 11927 D SurveyApp: CrashCapture installed: where=SurveyApp:attachBaseContext
09-23 17:13:13.305 11927 11945 D RuntimeLogStore: openWriter: start -> /data/user/0/com.negi.survey/files/diagnostics/runtime_logs/rtlog_20260924_001313_297_pid11927_seq1.log (bytes=0 format=LEGACY)
09-23 17:13:13.306 11927 11945 D RuntimeLogStore: retention: start files=2 kept=2 totalBytes=2300
09-23 17:13:13.309 11927 11927 D SurveyApp: LiteRTLM JNI already loaded; skip. where=onCreate(retry)
09-23 17:13:13.309 11927 11927 D SurveyApp: bootTiming: RuntimeLogStore.start took=0ms
09-23 17:13:13.309 11927 11927 D SurveyApp: bootTiming: AppRingLogStore.install took=0ms
09-23 17:13:13.309 11927 11927 D SurveyApp: onCreate: pid=11927 process=com.negi.survey isMain=true sdk=36
09-23 17:13:13.312 11927 11927 D CrashCapture: install: ensured default handler. where=SurveyApp:onCreate(rewrap) pid=11927 default=com.negi.survey.CrashCapture$CrashHandler@a206774
09-23 17:13:13.312 11927 11927 D SurveyApp: CrashCapture installed: where=SurveyApp:onCreate(rewrap)
09-23 17:13:13.312 11927 11927 D CrashCapture: registerSelfHealing: ActivityLifecycleCallbacks registered. mode=onResumedOnly
09-23 17:13:13.312 11927 11927 D SurveyApp: CrashCapture self-healing registered.
09-23 17:13:13.312 11927 11927 W SurveyApp: Startup enqueues deferred: delay=2500ms (to reduce init contention)
09-23 17:13:13.312 11927 11927 D SurveyApp: bootTiming: onCreate total=4ms
09-23 17:13:13.315 11927 11927 D ActivityThread: com.negi.survey will use render engine as VK
09-23 17:13:13.315 11927 11927 D HWUI    : HWUI - treat SMPTE_170M as sRGB
09-23 17:13:13.316 11927 11951 I DisplayManager: Choreographer implicitly registered for the refresh rate.
09-23 17:13:13.317 11927 11951 D HWUI    : CacheManager constructor. deviceInfo=(1080, 1920)
09-23 17:13:13.317 11927 11951 D vulkan  : searching for layers in '/data/app/~~TzsEJ5MAQir4N1OqwHm2Tw==/com.negi.survey-tDnxq1raJC9WQnlwjXSrtQ==/lib/arm64'
09-23 17:13:13.317 11927 11951 D vulkan  : searching for layers in '/data/app/~~TzsEJ5MAQir4N1OqwHm2Tw==/com.negi.survey-tDnxq1raJC9WQnlwjXSrtQ==/base.apk!/lib/arm64-v8a'
09-23 17:13:13.320 11927 11948 D UploadRescheduleRcvr: No GitHub pending files for action=android.intent.action.BOOT_COMPLETED
09-23 17:13:13.321 11927 11927 D DesktopExperienceFlags: Toggle override initialized to: false
09-23 17:13:13.321 11927 11951 E Adreno-AppProfiles: QSPM AIDL service doesn't exist
09-23 17:13:13.321 11927 11951 I AdrenoVK-0: ===== BEGIN DUMP OF OVERRIDDEN SETTINGS =====
09-23 17:13:13.321 11927 11951 I AdrenoVK-0: ===== END DUMP OF OVERRIDDEN SETTINGS =====
09-23 17:13:13.323 11927 11927 E ashmem  : Pinning is deprecated since Android Q. Please use trim or other methods.
09-23 17:13:13.323 11927 11951 D qdgralloc: Fetching IMapper5 from QtiMapper5
09-23 17:13:13.327 11927 11951 I SnapAlloc: Graphics lib is available
09-23 17:13:13.327 11927 11927 D CompatChangeReporter: Compat change id reported: 377864165; UID 10433; state: ENABLED
09-23 17:13:13.327 11927 11927 D DesktopModeFlags: Toggle override initialized to: OVERRIDE_UNSET
09-23 17:13:13.329 11927 11927 I DecorView: setWindowBackground: isPopOver=false color=fffafafa d=android.graphics.drawable.ColorDrawable@74e256c
09-23 17:13:13.329 11927 11948 D github_upload: enqueueStartupRuntimeLogsUpload: uniqueName=upload_runtime_logs_startup policy=KEEP session=startup_runtime_20260924_001313_b5a7ef99
09-23 17:13:13.330 11927 11927 D PhoneWindow: forceLight changed to false [] from com.android.internal.policy.PhoneWindow.updateForceLightNavigationBar:663 com.android.internal.policy.PhoneWindow.setNavigationBarColor:4435 androidx.activity.EdgeToEdgeApi35.setUp:353 androidx.activity.EdgeToEdge.enableEdgeToEdge$lambda$1:101 androidx.activity.EdgeToEdge$$ExternalSyntheticLambda0.run:0 
09-23 17:13:13.331 11927 11951 I Adreno-UNKNOWN: Using previously loaded IMapper library.
09-23 17:13:13.332 11927 11951 I AdrenoVK-0: QUALCOMM build          : f61dec9117, I68b0a64d7e
09-23 17:13:13.332 11927 11951 I AdrenoVK-0: Build Date              : 03/26/26
09-23 17:13:13.332 11927 11951 I AdrenoVK-0: Shader Compiler Version : E031.47.18.50
09-23 17:13:13.332 11927 11951 I AdrenoVK-0: Local Branch            : 
09-23 17:13:13.332 11927 11951 I AdrenoVK-0: Remote Branch           : refs/tags/AU_LINUX_ANDROID_LA.VENDOR.15.4.0.11.00.00.1088.862
09-23 17:13:13.332 11927 11951 I AdrenoVK-0: Remote Branch           : NONE
09-23 17:13:13.332 11927 11951 I AdrenoVK-0: Reconstruct Branch      : NOTHING
09-23 17:13:13.332 11927 11951 I AdrenoVK-0: Build Config            : S P 18.0.0 AArch64
09-23 17:13:13.332 11927 11951 I AdrenoVK-0: Driver Path             : /vendor/lib64/hw/vulkan.adreno.so
09-23 17:13:13.332 11927 11951 I AdrenoVK-0: Driver Version          : 0800.64.7
09-23 17:13:13.332 11927 11951 I AdrenoVK-0: PFP                     : 0x01500077
09-23 17:13:13.332 11927 11951 I AdrenoVK-0: ME                      : 0x01500014
09-23 17:13:13.332 11927 11951 I AdrenoVK-0: Application Name    : android framework
09-23 17:13:13.332 11927 11951 I AdrenoVK-0: Process Name        : com.negi.survey
09-23 17:13:13.332 11927 11951 I AdrenoVK-0: Application Version : 0x00000000
09-23 17:13:13.332 11927 11951 I AdrenoVK-0: Engine Name         : android framework
09-23 17:13:13.332 11927 11951 I AdrenoVK-0: Engine Version      : 0x00000000
09-23 17:13:13.332 11927 11951 I AdrenoVK-0: Api Version         : 0x00401000
09-23 17:13:13.338 11927 11927 D CrashCapture: install: ensured default handler. where=selfHeal:onActivityResumed pid=11927 default=com.negi.survey.CrashCapture$CrashHandler@a206774
09-23 17:13:13.342 11927 11927 D ViewRootImpl: desktopMode is false
09-23 17:13:13.342 11927 11927 I ViewRootImpl: dVRR is disabled
09-23 17:13:13.342 11927 11927 D HardwareRenderer: onDisplayChanged. displayId=0 current wxh=1080x2340 mLargest wxh=0x0
09-23 17:13:13.342 11927 11927 D HardwareRenderer: Set largestWidth and largestHeight as logical resolution. (1080x2340)
09-23 17:13:13.342 11927 11951 D HWUI    : setMaxSurfaceArea requested wxh=(1080,2340) requestedSurfaceArea(2527200) mMaxSurfaceArea(2073600)
09-23 17:13:13.342 11927 11951 D NativeCustomFrequencyManager: [NativeCFMS] BpCustomFrequencyManager::BpCustomFrequencyManager()
09-23 17:13:13.345 11927 11927 D InputTransport: Input channel constructed: 'b1c00c0', fd=115
09-23 17:13:13.345 11927 11927 I InsetsController: onStateChanged: host=com.negi.survey/com.negi.survey.MainActivity, from=android.view.ViewRootImpl.onInsetsStateChanged:3038, state=InsetsState: {mDisplayFrame=Rect(0, 0 - 1080, 2340), mDisplayCutout=DisplayCutout{insets=Rect(0, 103 - 0, 0) waterfall=Insets{left=0, top=0, right=0, bottom=0} boundingRect={Bounds=[Rect(0, 0 - 0, 0), Rect(511, 0 - 569, 103), Rect(0, 0 - 0, 0), Rect(0, 0 - 0, 0)]} cutoutPathParserInfo={CutoutPathParserInfo{displayWidth=1080 displayHeight=2340 physicalDisplayWidth=1080 physicalDisplayHeight=2340 density={3.0} cutoutSpec={M 0,0 H -9.666666666666667 V 34.33333333333333 H 9.666666666666667 V 0 H 0 Z @dp} rotation={0} scale={1.0} physicalPixelDisplaySizeRatio={1.0}}} sideOverrides={}}, mRoundedCorners=RoundedCorners{[RoundedCorner{position=TopLeft, radius=102, center=Point(102, 102)}, RoundedCorner{position=TopRight, radius=102, center=Point(978, 102)}, RoundedCorner{position=BottomRight, radius=102, center=Point(978, 2238)}, RoundedCorner{position=BottomLeft, radius=102, center=Point(102, 2238)}]}  mRoundedCornerFrame=Rect(0, 0 - 1080, 2340), mPrivacyIndicatorBounds=PrivacyIndicatorBounds {static bounds=Rect(948, 0 - 1080, 103) rotation=0}, mDisplayShape=DisplayShape{ spec=-311912193 displayWidth=1080 displayHeight=2340 physicalPixelDisplaySizeRatio=1.0 rotation=0 offsetX=0 offsetY=0 scale=1.0}, mSources= { InsetsSource: {cafc0000 mType=statusBars mFrame=[0,0][1080,103] mAttachedInsets=null mVisible=true mFlags= mSideHint=TOP mBoundingRects=null}, InsetsSource: {cafc0005 mType=mandatorySystemGestures mFrame=[0,0][1080,139] mAttachedInsets=null mVisible=true mFlags= mSideHint=TOP mBoundingRects=null}, InsetsSource: {cafc0006 mType=tappableElement mFrame=[0,0][1080,103] mAttachedInsets=null mVisible=true mFlags= mSideHint=TOP mBoundingRects=null}, InsetsSource: {3 mType=ime mFrame=[0,0][0,0] mAttachedInsets=null mVisible=false mFlags=INVALID mSideHint=NONE mBoundingRects=null}, InsetsSource: {27 mType=displayCutout mFrame=[0,0][1080,103] mAttachedInsets=null mVisible=true mFlags= mSideHint=TOP mBoundingRects=null}, InsetsSource: {3c610001 mType=navigationBars mFrame=[0,2196][1080,2340] mAttachedInsets=null mVisible=true mFlags= mSideHint=BOTTOM mBoundingRects=null}, InsetsSource: {3c610004 mType=systemGestures mFrame=[0,0][0,0] mAttachedInsets=null mVisible=true mFlags= mSideHint=NONE mBoundingRects=null}, InsetsSource: {3c610005 mType=mandatorySystemGestures mFrame=[0,2196][1080,2340] mAttachedInsets=null mVisible=true mFlags= mSideHint=BOTTOM mBoundingRects=null}, InsetsSource: {3c610006 mType=tappableElement mFrame=[0,2196][1080,2340] mAttachedInsets=null mVisible=true mFlags= mSideHint=BOTTOM mBoundingRects=null}, InsetsSource: {3c610024 mType=systemGestures mFrame=[0,0][0,0] mAttachedInsets=null mVisible=true mFlags= mSideHint=NONE mBoundingRects=null} }
09-23 17:13:13.345 11927 11927 I VRI[MainActivity]@3103dfc: synced displayState. AttachInfo displayState=2
09-23 17:13:13.345 11927 11927 I VRI[MainActivity]@3103dfc: setView = com.android.internal.policy.DecorView@49be200 IsHRR=false mFlingFrameRateChange=0 TM=true
09-23 17:13:13.346 11927 11927 I IDS_TAG : Starting IDS observe window
09-23 17:13:13.346 11927 11927 I IDS_TAG : Getting Shared Preference for com.negi.survey.SurveyApp@16ee536 uid = 10433
09-23 17:13:13.347 11927 11927 I IDS_TAG : App com.negi.survey.SurveyApp@16ee536 has not finished training
09-23 17:13:13.347 11927 11951 D HWUI    : HWUI - treat SMPTE_170M as sRGB
09-23 17:13:13.348 11927 11927 I IDS_TAG : Closing IDS observe window
09-23 17:13:13.348 11927 11927 I IDS_TAG : Getting Shared Preference for com.negi.survey.SurveyApp@16ee536 uid = 10433
09-23 17:13:13.348 11927 11927 I IDS_TAG : IDS count updated to 2 for com.negi.survey.SurveyApp@16ee536
09-23 17:13:13.348 11927 11948 D WM-PackageManagerHelper: Skipping component enablement for androidx.work.impl.background.systemjob.SystemJobService
09-23 17:13:13.348 11927 11948 D WM-Schedulers: Created SystemJobScheduler and enabled SystemJobService
09-23 17:13:13.348 11927 11927 D WindowOnBackDispatcher: setTopOnBackInvokedCallback (unwrapped): android.app.Activity$$ExternalSyntheticLambda0@5f70f5
09-23 17:13:13.349 11927 11964 D WM-ForceStopRunnable: Is default app process = true
09-23 17:13:13.350 11927 11964 D WM-ForceStopRunnable: Performing cleanup operations.
09-23 17:13:13.354 11927 11948 D UploadRescheduleRcvr: Enqueued runtime logs upload for action=android.intent.action.BOOT_COMPLETED reason=receiver_boot_completed
09-23 17:13:13.361 11927 11964 D WM-SystemJobScheduler: Reconciling jobs
09-23 17:13:13.366 11927 11964 D WM-ForceStopRunnable: Application was force-stopped, rescheduling.
09-23 17:13:13.395 11927 11967 D WM-SystemJobScheduler: Scheduling work ID 0548a261-d269-4746-aabf-67d4590a668aJob ID 2
09-23 17:13:13.397 11927 11967 D WM-GreedyScheduler: Starting tracking for 0548a261-d269-4746-aabf-67d4590a668a
09-23 17:13:13.403 11927 11968 D WM-WorkConstraintsTrack: NetworkRequestConstraintController register shared callback
09-23 17:13:13.405 11927 11968 D ConnectivityManager: StackLog: [android.net.ConnectivityManager.sendRequestForNetwork(ConnectivityManager.java:4744)] [android.net.ConnectivityManager.registerDefaultNetworkCallbackForUid(ConnectivityManager.java:5469)] [android.net.ConnectivityManager.registerDefaultNetworkCallback(ConnectivityManager.java:5436)] [android.net.ConnectivityManager.registerDefaultNetworkCallback(ConnectivityManager.java:5410)] [androidx.work.impl.constraints.SharedNetworkCallback.addCallback(WorkConstraintsTracker.kt:362)] [androidx.work.impl.constraints.NetworkRequestConstraintController$track$1.invokeSuspend(WorkConstraintsTracker.kt:179)] [androidx.work.impl.constraints.NetworkRequestConstraintController$track$1.invoke(WorkConstraintsTracker.kt:8)] [androidx.work.impl.constraints.NetworkRequestConstraintController$track$1.invoke(WorkConstraintsTracker.kt:4)] [kotlinx.coroutines.flow.ChannelFlowBuilder.collectTo$suspendImpl(Builders.kt:316)] [kotlinx.coroutines.flow.ChannelFlowBuilder.collectTo(Builders.kt:0)] [kotlinx.coroutines.flow.CallbackFlowBuilder.collectTo(Builders.kt:330)] [kotlinx.coroutines.flow.internal.ChannelFlow$collectToFun$1.invokeSuspend(ChannelFlow.kt:56)] [kotlin.coroutines.jvm.internal.BaseContinuationImpl.resumeWith(ContinuationImpl.kt:34)] [kotlinx.coroutines.DispatchedTask.run(DispatchedTask.kt:100)] [androidx.work.impl.utils.SerialExecutorImpl$Task.run(SerialExecutorImpl.java:96)] [java.util.concurrent.ThreadPoolExecutor.runWorker(ThreadPoolExecutor.java:1100)] [java.util.concurrent.ThreadPoolExecutor$Worker.run(ThreadPoolExecutor.java:624)] [java.lang.Thread.run(Thread.java:1572)]
09-23 17:13:13.407 11927 11970 D WM-WorkConstraintsTrack: NetworkRequestConstraintController onCapabilitiesChanged callback
09-23 17:13:13.407 11927 11970 D WM-WorkConstraintsTrack: Not dispatching constraint state yet: isBlocked=null, capabilitiesInitialized=true
09-23 17:13:13.407 11927 11970 D WM-WorkConstraintsTrack: NetworkRequestConstraintController onBlockedStatusChanged callback false
09-23 17:13:13.407 11927 11968 D WM-PackageManagerHelper: androidx.work.impl.background.systemalarm.RescheduleReceiver enabled
09-23 17:13:13.408 11927 11968 D WM-GreedyScheduler: Constraints met: Scheduling work ID WorkGenerationalId(workSpecId=0548a261-d269-4746-aabf-67d4590a668a, generation=0)
09-23 17:13:13.413 11927 11968 D WM-Processor: Processor: processing WorkGenerationalId(workSpecId=0548a261-d269-4746-aabf-67d4590a668a, generation=0)
09-23 17:13:13.414 11927 11968 I com.negi.survey: hiddenapi: Accessing hidden method Landroid/database/sqlite/SQLiteDatabase;->getThreadSession()Landroid/database/sqlite/SQLiteSession; (runtime_flags=0, domain=platform, api=unsupported) from Landroidx/sqlite/db/framework/FrameworkSQLiteDatabase; (domain=app, TargetSdkVersion=36) using reflection: allowed
09-23 17:13:13.414 11927 11968 I com.negi.survey: hiddenapi: Accessing hidden method Landroid/database/sqlite/SQLiteSession;->beginTransaction(ILandroid/database/sqlite/SQLiteTransactionListener;ILandroid/os/CancellationSignal;)V (runtime_flags=0, domain=platform, api=unsupported) from Landroidx/sqlite/db/framework/FrameworkSQLiteDatabase; (domain=app, TargetSdkVersion=36) using reflection: allowed
09-23 17:13:13.452 11927 11927 D VRI[MainActivity]@3103dfc: WindowInsets changed: 1080x2340 statusBars:[0,103,0,0] navigationBars:[0,0,0,144] mandatorySystemGestures:[0,139,0,144] 
09-23 17:13:13.460 11927 11927 I HWUI    : Using FreeType backend (prop=Auto)
09-23 17:13:13.461 11927 11935 I com.negi.survey: Compiler allocated 5321KB to compile void android.view.ViewRootImpl.performTraversals()
09-23 17:13:13.475 11927 11927 E BufferQueueProducer: Unable to open libpenguin.so: dlopen failed: library "libpenguin.so" not found.
09-23 17:13:13.475 11927 11927 E com.negi.survey: Unable to open libpenguin.so: dlopen failed: library "libpenguin.so" not found.
09-23 17:13:13.475 11927 11927 I BufferQueueProducer: [](id:2e9700000000,api:0,p:-1299802384,c:11927) setDequeueTimeout:2077252342
09-23 17:13:13.475 11927 11927 I BLASTBufferQueue_Java: new BLASTBufferQueue, mName= VRI[MainActivity]@3103dfc mNativeObject= 0xb400007c3287d940 caller= android.view.ViewRootImpl.updateBlastSurfaceIfNeeded:3603 android.view.ViewRootImpl.relayoutWindow:11813 android.view.ViewRootImpl.performTraversals:4840 android.view.ViewRootImpl.doTraversal:3959 android.view.ViewRootImpl$TraversalRunnable.run:13034 android.view.Choreographer$CallbackRecord.run:1961 android.view.Choreographer$CallbackRecord.run:1970 android.view.Choreographer.doCallbacks:1423 android.view.Choreographer.doFrame:1348 android.view.Choreographer$FrameDisplayEventReceiver.run:1930 
09-23 17:13:13.475 11927 11927 I BLASTBufferQueue_Java: update, w= 1080 h= 2340 mName = VRI[MainActivity]@3103dfc mNativeObject= 0xb400007c3287d940 sc.mNativeObject= 0xb400007bc284f850 format= -1 caller= android.view.ViewRootImpl.updateBlastSurfaceIfNeeded:3608 android.view.ViewRootImpl.relayoutWindow:11813 android.view.ViewRootImpl.performTraversals:4840 android.view.ViewRootImpl.doTraversal:3959 android.view.ViewRootImpl$TraversalRunnable.run:13034 android.view.Choreographer$CallbackRecord.run:1961 
09-23 17:13:13.476 11927 11927 I VRI[MainActivity]@3103dfc: Relayout returned: old=(0,0,1080,2340) new=(0,0,1080,2340) relayoutAsync=false req=(1080,2340)0 dur=2 res=0x3 s={true 0xb400007c7286aa40} ch=true seqId=0
09-23 17:13:13.476 11927 11927 I VRI[MainActivity]@3103dfc: performConfigurationChange setNightDimText nightDimLevel=0
09-23 17:13:13.477 11927 11927 D VRI[MainActivity]@3103dfc: mThreadedRenderer.initialize() mSurface={isValid=true 0xb400007c7286aa40} hwInitialized=true
09-23 17:13:13.489 11927 11927 D VRI[MainActivity]@3103dfc: reportNextDraw android.view.ViewRootImpl.performTraversals:5507 android.view.ViewRootImpl.doTraversal:3959 android.view.ViewRootImpl$TraversalRunnable.run:13034 android.view.Choreographer$CallbackRecord.run:1961 android.view.Choreographer$CallbackRecord.run:1970 
09-23 17:13:13.489 11927 11927 D VRI[MainActivity]@3103dfc: Setup new sync=wmsSync-VRI[MainActivity]@3103dfc#0
09-23 17:13:13.489 11927 11927 I VRI[MainActivity]@3103dfc: Creating new active sync group VRI[MainActivity]@3103dfc#1
09-23 17:13:13.489 11927 11927 D VRI[MainActivity]@3103dfc: registerCallbacksForSync syncBuffer=false
09-23 17:13:13.495 11927 11927 I View    : setRequestedFrameRate frameRate=-4.0, this=android.view.View{df9ae34 V.ED..... ......I. 0,0-0,0}, caller=androidx.compose.ui.platform.Api35Impl.setRequestedFrameRate:4047 androidx.compose.ui.platform.AndroidComposeView.dispatchDraw:2282 android.view.View.draw:26758 android.view.View.updateDisplayListIfDirty:25577 android.view.View.draw:26477 
09-23 17:13:13.495 11927 11958 D VRI[MainActivity]@3103dfc: Received frameDrawingCallback syncResult=0 frameNum=1.
09-23 17:13:13.495 11927 11958 I VRI[MainActivity]@3103dfc: mWNT: t=0xb400007b92875aa0 mBlastBufferQueue=0xb400007c3287d940 fn= 1 HdrRenderState mRenderHdrSdrRatio=1.0 caller= android.view.ViewRootImpl$12.onFrameDraw:15561 android.view.ThreadedRenderer$1.onFrameDraw:751 <bottom of call stack> 
09-23 17:13:13.495 11927 11958 I VRI[MainActivity]@3103dfc: Setting up sync and frameCommitCallback
09-23 17:13:13.495 11927 11951 I AdrenoUtils: <ReadGpuID:366>: Reading chip ID through GSL
09-23 17:13:13.504 11927 11951 I BLASTBufferQueue: [VRI[MainActivity]@3103dfc#0](f:0,a:0,s:0) onFrameAvailable the first frame is available
09-23 17:13:13.505 11927 11951 I SurfaceComposerClient: apply transaction with the first frame. layerId: 6500, bufferData(ID: 51226074939395, frameNumber: 1)
09-23 17:13:13.505 11927 11951 I VRI[MainActivity]@3103dfc: Received frameCommittedCallback lastAttemptedDrawFrameNum=1 didProduceBuffer=true
09-23 17:13:13.505 11927 11951 D HWUI    : CFMS:: SetUp Pid : 11927    Tid : 11951
09-23 17:13:13.505 11927 11927 D VRI[MainActivity]@3103dfc: reportDrawFinished seqId=0
09-23 17:13:13.505 11927 11927 I com.negi.survey: hiddenapi: Accessing hidden method Landroid/os/SystemProperties;->addChangeCallback(Ljava/lang/Runnable;)V (runtime_flags=0, domain=platform, api=unsupported) from Landroidx/compose/ui/platform/AndroidComposeView$Companion; (domain=app, TargetSdkVersion=36) using reflection: allowed
09-23 17:13:13.511 11927 11927 D WM-WorkerWrapper: Starting work for com.negi.survey.net.GitHubUploadWorker
09-23 17:13:13.511 11927 11927 I InsetsSourceConsumer: applyRequestedVisibilityToControl: visible=true, type=navigationBars, host=com.negi.survey/com.negi.survey.MainActivity
09-23 17:13:13.511 11927 11927 I InsetsSourceConsumer: applyRequestedVisibilityToControl: visible=true, type=statusBars, host=com.negi.survey/com.negi.survey.MainActivity
09-23 17:13:13.513 11927 11927 I View    : setRequestedFrameRate frameRate=NaN, this=android.view.View{df9ae34 V.ED..... ........ 0,0-0,0}, caller=androidx.compose.ui.platform.Api35Impl.setRequestedFrameRate:4047 androidx.compose.ui.platform.AndroidComposeView.dispatchDraw:2282 android.view.View.draw:26758 android.view.View.updateDisplayListIfDirty:25577 android.view.ViewGroup.recreateChildDisplayList:4881 
09-23 17:13:13.514 11927 11927 D WM-SystemJobService: onStartJob for WorkGenerationalId(workSpecId=0548a261-d269-4746-aabf-67d4590a668a, generation=0)
09-23 17:13:13.517 11927 11964 D WM-Processor: Work WorkGenerationalId(workSpecId=0548a261-d269-4746-aabf-67d4590a668a, generation=0) is already enqueued for processing
09-23 17:13:13.520 11927 11964 I WM-Processor: Moving WorkSpec (0548a261-d269-4746-aabf-67d4590a668a) to the foreground
09-23 17:13:13.523 11927 11927 D VRI[MainActivity]@3103dfc: mThreadedRenderer.initializeIfNeeded()#2 mSurface={isValid=true 0xb400007c7286aa40}
09-23 17:13:13.523 11927 11927 D InputMethodManagerUtils: startInputInner - Id : 0
09-23 17:13:13.523 11927 11927 I InputMethodManager: startInputInner - IInputMethodManagerGlobalInvoker.startInputOrWindowGainedFocus
09-23 17:13:13.525 11927 11927 D InsetsController: hide(ime())
09-23 17:13:13.525 11927 11927 I ImeTracker: com.negi.survey:94833997: onCancelled at PHASE_CLIENT_ALREADY_HIDDEN
09-23 17:13:13.526 11927 11927 I WM-SystemFgDispatcher: Started foreground service Intent { act=ACTION_START_FOREGROUND xflg=0x4 cmp=com.negi.survey/androidx.work.impl.foreground.SystemForegroundService (has extras) }
09-23 17:13:13.526 11927 11927 D WM-SystemFgDispatcher: Notifying with (id:10988, workSpecId: 0548a261-d269-4746-aabf-67d4590a668a, notificationType :1)
09-23 17:13:13.527 11927 11927 D WM-SystemFgDispatcher: Notifying with (id:10988, workSpecId: 0548a261-d269-4746-aabf-67d4590a668a, notificationType :1)
09-23 17:13:13.527 11927 11927 I NotificationManager: com.negi.survey: notify(10988, null, Notification(channel=uploads shortcut=null contentView=null vibrate=null sound=null defaults=0 flags=ONGOING_EVENT|ONLY_ALERT_ONCE color=0x00000000 category=progress vis=PRIVATE semFlags=0x0 semPriority=0 semMissedCount=0 semScenarioType=0)) as user
09-23 17:13:13.527 11927 11927 D NotificationManager: BOOTING pkg =com.negi.survey mBlockedChannelsForOverflowNoti=[]
09-23 17:13:13.528 11927 11964 D WM-WorkProgressUpdater: Updating progress for 0548a261-d269-4746-aabf-67d4590a668a (Data {pct : 3, mode : startup_runtime_logs})
09-23 17:13:13.532 11927 11941 D InputTransport: Input channel constructed: 'ClientS', fd=156
09-23 17:13:13.537 11927 11964 I WM-Processor: Moving WorkSpec (0548a261-d269-4746-aabf-67d4590a668a) to the foreground
09-23 17:13:13.538 11927 11927 D WM-SystemFgDispatcher: Notifying with (id:10988, workSpecId: 0548a261-d269-4746-aabf-67d4590a668a, notificationType :1)
09-23 17:13:13.538 11927 11927 I NotificationManager: com.negi.survey: notify(10988, null, Notification(channel=uploads shortcut=null contentView=null vibrate=null sound=null defaults=0 flags=ONGOING_EVENT|ONLY_ALERT_ONCE color=0x00000000 category=progress vis=PRIVATE semFlags=0x0 semPriority=0 semMissedCount=0 semScenarioType=0)) as user
09-23 17:13:13.542 11927 11964 D WM-WorkConstraintsTrack: NetworkRequestConstraintController send initial capabilities
09-23 17:13:13.672 11927 11927 D IntroScreen: Resolved config details: id=survey_config10.yaml in 166ms
09-23 17:13:13.689 11927 11927 I View    : setRequestedFrameRate frameRate=-4.0, this=android.view.View{df9ae34 V.ED..... ........ 0,0-0,0}, caller=androidx.compose.ui.platform.Api35Impl.setRequestedFrameRate:4047 androidx.compose.ui.platform.AndroidComposeView.dispatchDraw:2282 android.view.View.draw:26758 android.view.View.updateDisplayListIfDirty:25577 android.view.ViewGroup.recreateChildDisplayList:4881 
09-23 17:13:14.011 11927 11927 I View    : setRequestedFrameRate frameRate=NaN, this=android.view.View{df9ae34 V.ED..... ........ 0,0-0,0}, caller=androidx.compose.ui.platform.Api35Impl.setRequestedFrameRate:4047 androidx.compose.ui.platform.AndroidComposeView.dispatchDraw:2282 android.view.View.draw:26758 android.view.View.updateDisplayListIfDirty:25577 android.view.ViewGroup.recreateChildDisplayList:4881 
09-23 17:13:14.025 11927 11927 I View    : setRequestedFrameRate frameRate=-4.0, this=android.view.View{df9ae34 V.ED..... ........ 0,0-0,0}, caller=androidx.compose.ui.platform.Api35Impl.setRequestedFrameRate:4047 androidx.compose.ui.platform.AndroidComposeView.dispatchDraw:2282 android.view.View.draw:26758 android.view.View.updateDisplayListIfDirty:25577 android.view.ViewGroup.recreateChildDisplayList:4881 
09-23 17:13:14.029 11927 11927 I View    : setRequestedFrameRate frameRate=NaN, this=android.view.View{df9ae34 V.ED..... ........ 0,0-0,0}, caller=androidx.compose.ui.platform.Api35Impl.setRequestedFrameRate:4047 androidx.compose.ui.platform.AndroidComposeView.dispatchDraw:2282 android.view.View.draw:26758 android.view.View.updateDisplayListIfDirty:25577 android.view.ViewGroup.recreateChildDisplayList:4881 
09-23 17:13:14.043 11927 11927 I View    : setRequestedFrameRate frameRate=-4.0, this=android.view.View{df9ae34 V.ED..... ........ 0,0-0,0}, caller=androidx.compose.ui.platform.Api35Impl.setRequestedFrameRate:4047 androidx.compose.ui.platform.AndroidComposeView.dispatchDraw:2282 android.view.View.draw:26758 android.view.View.updateDisplayListIfDirty:25577 android.view.ViewGroup.recreateChildDisplayList:4881 
09-23 17:13:14.046 11927 11927 I View    : setRequestedFrameRate frameRate=NaN, this=android.view.View{df9ae34 V.ED..... ........ 0,0-0,0}, caller=androidx.compose.ui.platform.Api35Impl.setRequestedFrameRate:4047 androidx.compose.ui.platform.AndroidComposeView.dispatchDraw:2282 android.view.View.draw:26758 android.view.View.updateDisplayListIfDirty:25577 android.view.ViewGroup.recreateChildDisplayList:4881 
09-23 17:13:14.080 11927 11927 I View    : setRequestedFrameRate frameRate=-4.0, this=android.view.View{df9ae34 V.ED..... ........ 0,0-0,0}, caller=androidx.compose.ui.platform.Api35Impl.setRequestedFrameRate:4047 androidx.compose.ui.platform.AndroidComposeView.dispatchDraw:2282 android.view.View.draw:26758 android.view.View.updateDisplayListIfDirty:25577 android.view.ViewGroup.recreateChildDisplayList:4881 
09-23 17:13:14.084 11927 11927 I View    : setRequestedFrameRate frameRate=NaN, this=android.view.View{df9ae34 V.ED..... ........ 0,0-0,0}, caller=androidx.compose.ui.platform.Api35Impl.setRequestedFrameRate:4047 androidx.compose.ui.platform.AndroidComposeView.dispatchDraw:2282 android.view.View.draw:26758 android.view.View.updateDisplayListIfDirty:25577 android.view.ViewGroup.recreateChildDisplayList:4881 
09-23 17:13:14.092 11927 11927 I View    : setRequestedFrameRate frameRate=-4.0, this=android.view.View{df9ae34 V.ED..... ........ 0,0-0,0}, caller=androidx.compose.ui.platform.Api35Impl.setRequestedFrameRate:4047 androidx.compose.ui.platform.AndroidComposeView.dispatchDraw:2282 android.view.View.draw:26758 android.view.View.updateDisplayListIfDirty:25577 android.view.ViewGroup.recreateChildDisplayList:4881 
09-23 17:13:14.095 11927 11927 I View    : setRequestedFrameRate frameRate=NaN, this=android.view.View{df9ae34 V.ED..... ........ 0,0-0,0}, caller=androidx.compose.ui.platform.Api35Impl.setRequestedFrameRate:4047 androidx.compose.ui.platform.AndroidComposeView.dispatchDraw:2282 android.view.View.draw:26758 android.view.View.updateDisplayListIfDirty:25577 android.view.ViewGroup.recreateChildDisplayList:4881 
09-23 17:13:14.737 11927 11945 D RuntimeLogStore: openWriter: rotate:plain_snapshot:receiver_boot_completed -> /data/user/0/com.negi.survey/files/diagnostics/runtime_logs/rtlog_20260924_001314_736_pid11927_seq2.log (bytes=0 format=LEGACY)
09-23 17:13:14.737 11927 11945 D RuntimeLogStore: retention: rotate:plain_snapshot:receiver_boot_completed files=3 kept=3 totalBytes=4010
09-23 17:13:14.741 11927 11948 D github_upload: doRuntimeLogsUpload: remoteBaseDir=diagnostics/runtime_logs/2026-09-24/runtime_logs_startup_runtime_20260924_001313_b5a7ef99_receiver_boot_completed toUpload=2 bytes=3673 dedupe=true deleteSource=true deletedSourcePre=0 preview='runtime_log_20260924_001314_739_pid11927_receiver_boot_completed__rtlog_20260924_001313_297_pid11927_seq1.log|runtime_log_20260924_001314_739_pid11927_receiver_boot_completed__rtlog_20260924_000530_338_pid9717_seq2.log'
09-23 17:13:14.743 11927 11948 D GitHubUploader: uploadStream: owner=ishizuki-tech repo=SurveyExports branch=main path=diagnostics/runtime_logs/2026-09-24/runtime_logs_startup_runtime_20260924_001313_b5a7ef99_receiver_boot_completed/runtime_log_20260924_001314_739_pid11927_receiver_boot_completed__rtlog_20260924_001313_297_pid11927_seq1.log size=1692 maxRawBytesHint=1000000 maxRequestBytesHint=2800000
09-23 17:13:14.744 11927 11964 D WM-WorkProgressUpdater: Updating progress for 0548a261-d269-4746-aabf-67d4590a668a (Data {pct : 10, mode : startup_runtime_logs})
09-23 17:13:14.749 11927 11964 I WM-Processor: Moving WorkSpec (0548a261-d269-4746-aabf-67d4590a668a) to the foreground
09-23 17:13:14.753 11927 11927 D WM-SystemFgDispatcher: Notifying with (id:10988, workSpecId: 0548a261-d269-4746-aabf-67d4590a668a, notificationType :1)
09-23 17:13:14.753 11927 11927 I NotificationManager: com.negi.survey: notify(10988, null, Notification(channel=uploads shortcut=null contentView=null vibrate=null sound=null defaults=0 flags=ONGOING_EVENT|ONLY_ALERT_ONCE color=0x00000000 category=progress vis=PRIVATE semFlags=0x0 semPriority=0 semMissedCount=0 semScenarioType=0)) as user
09-23 17:13:15.014 11927 11964 D WM-WorkProgressUpdater: Updating progress for 0548a261-d269-4746-aabf-67d4590a668a (Data {pct : 14, mode : startup_runtime_logs})
09-23 17:13:15.017 11927 11964 I WM-Processor: Moving WorkSpec (0548a261-d269-4746-aabf-67d4590a668a) to the foreground
09-23 17:13:15.020 11927 11964 D WM-WorkProgressUpdater: Updating progress for 0548a261-d269-4746-aabf-67d4590a668a (Data {pct : 50, mode : startup_runtime_logs})
09-23 17:13:15.024 11927 11927 D WM-SystemFgDispatcher: Notifying with (id:10988, workSpecId: 0548a261-d269-4746-aabf-67d4590a668a, notificationType :1)
09-23 17:13:15.024 11927 11964 I WM-Processor: Moving WorkSpec (0548a261-d269-4746-aabf-67d4590a668a) to the foreground
09-23 17:13:15.024 11927 11927 I NotificationManager: com.negi.survey: notify(10988, null, Notification(channel=uploads shortcut=null contentView=null vibrate=null sound=null defaults=0 flags=ONGOING_EVENT|ONLY_ALERT_ONCE color=0x00000000 category=progress vis=PRIVATE semFlags=0x0 semPriority=0 semMissedCount=0 semScenarioType=0)) as user
09-23 17:13:15.027 11927 11927 D WM-SystemFgDispatcher: Notifying with (id:10988, workSpecId: 0548a261-d269-4746-aabf-67d4590a668a, notificationType :1)
09-23 17:13:15.027 11927 11927 I NotificationManager: com.negi.survey: notify(10988, null, Notification(channel=uploads shortcut=null contentView=null vibrate=null sound=null defaults=0 flags=ONGOING_EVENT|ONLY_ALERT_ONCE color=0x00000000 category=progress vis=PRIVATE semFlags=0x0 semPriority=0 semMissedCount=0 semScenarioType=0)) as user
09-23 17:13:15.323 11927 11927 I VRI[MainActivity]@3103dfc: ViewPostIme pointer 0
09-23 17:13:15.328 11927 11927 I VRI[MainActivity]@3103dfc: call setFrameRateCategory for touch hint category=high hint, reason=touch, vri=VRI[MainActivity]@3103dfc
09-23 17:13:15.413 11927 11927 I VRI[MainActivity]@3103dfc: ViewPostIme pointer 1
09-23 17:13:15.416 11927 11927 D MainActivity: Intro -> Start session. epoch=1, file=survey_config10.yaml
09-23 17:13:15.443 11927 11927 I View    : setRequestedFrameRate frameRate=-4.0, this=android.view.View{df9ae34 V.ED..... ........ 0,0-0,0}, caller=androidx.compose.ui.platform.Api35Impl.setRequestedFrameRate:4047 androidx.compose.ui.platform.AndroidComposeView.dispatchDraw:2282 android.view.View.draw:26758 android.view.View.updateDisplayListIfDirty:25577 android.view.View.draw:26477 
09-23 17:13:15.445 11927 11949 D SurveyConfigLoader: fromStringStrictValidated -> format=YAML, reason=file extension .yml/.yaml, firstLine='ai_interaction:', leading='ai_interaction:\n  max_followups...' file='survey_config10.yaml'
09-23 17:13:15.453 11927 11927 I View    : setRequestedFrameRate frameRate=NaN, this=android.view.View{df9ae34 V.ED..... ........ 0,0-0,0}, caller=androidx.compose.ui.platform.Api35Impl.setRequestedFrameRate:4047 androidx.compose.ui.platform.AndroidComposeView.dispatchDraw:2282 android.view.View.draw:26758 android.view.View.updateDisplayListIfDirty:25577 android.view.ViewGroup.recreateChildDisplayList:4881 
09-23 17:13:15.538 11927 11949 D SurveyConfigLoader: strict config loaded (survey_config10.yaml): legacy=10(one=0,inline2=10) splitEval=0 splitFollow=0 followMode=TEXT legacyIds=[Q8,Q9,Q10,Q11,Q12,Q13,Q14,Q15] evalIds=[-] followIds=[-]
09-23 17:13:15.541 11927 11949 D SurveyConfigLoader: fromStringStrictValidated -> issues=0 (legacy=10(one=0,inline2=10) splitEval=0 splitFollow=0 followMode=TEXT legacyIds=[Q8,Q9,Q10,Q11,Q12,Q13,Q14,Q15] evalIds=[-] followIds=[-])
09-23 17:13:15.541 11927 11927 D MainActivity: Config loaded. session=survey_config10.yaml@1
09-23 17:13:15.552 11927 11927 D MainActivity: DownloadGate idle -> start download. session=survey_config10.yaml@1
09-23 17:13:15.554 11927 11927 I AppViewModel: private model reused: name=gemma-3n-E4B-it-int4.litertlm bytes=4919541760
09-23 17:13:15.560 11927 11927 I Dialog  : mIsDeviceDefault = false, mIsSamsungBasicInteraction = false, isMetaDataInActivity = false
09-23 17:13:15.561 11927 11927 I DecorView: setWindowBackground: isPopOver=false color=0 d=android.graphics.drawable.ColorDrawable@b73d6c1
09-23 17:13:15.568 11927 11927 I WindowManager: WindowManagerGlobal#addView, ty=2, view=com.android.internal.policy.DecorView{1835533 V.E...... R.....I. 0,0-0,0}[MainActivity], caller=android.view.WindowManagerImpl.addView:167 android.app.Dialog.show:544 androidx.compose.ui.window.AndroidDialog_androidKt.Dialog$lambda$3$0:272 
09-23 17:13:15.568 11927 11927 D ViewRootImpl: desktopMode is false
09-23 17:13:15.568 11927 11927 I ViewRootImpl: dVRR is disabled
09-23 17:13:15.568 11927 11951 D NativeCustomFrequencyManager: [NativeCFMS] BpCustomFrequencyManager::BpCustomFrequencyManager()
09-23 17:13:15.571 11927 11927 D InputTransport: Input channel constructed: 'c629972', fd=153
09-23 17:13:15.571 11927 11927 I InsetsController: onStateChanged: host=com.negi.survey/com.negi.survey.MainActivity, from=android.view.ViewRootImpl.onInsetsStateChanged:3038, state=InsetsState: {mDisplayFrame=Rect(0, 0 - 1080, 2340), mDisplayCutout=DisplayCutout{insets=Rect(0, 103 - 0, 0) waterfall=Insets{left=0, top=0, right=0, bottom=0} boundingRect={Bounds=[Rect(0, 0 - 0, 0), Rect(511, 0 - 569, 103), Rect(0, 0 - 0, 0), Rect(0, 0 - 0, 0)]} cutoutPathParserInfo={CutoutPathParserInfo{displayWidth=1080 displayHeight=2340 physicalDisplayWidth=1080 physicalDisplayHeight=2340 density={3.0} cutoutSpec={M 0,0 H -9.666666666666667 V 34.33333333333333 H 9.666666666666667 V 0 H 0 Z @dp} rotation={0} scale={1.0} physicalPixelDisplaySizeRatio={1.0}}} sideOverrides={}}, mRoundedCorners=RoundedCorners{[RoundedCorner{position=TopLeft, radius=102, center=Point(102, 102)}, RoundedCorner{position=TopRight, radius=102, center=Point(978, 102)}, RoundedCorner{position=BottomRight, radius=102, center=Point(978, 2238)}, RoundedCorner{position=BottomLeft, radius=102, center=Point(102, 2238)}]}  mRoundedCornerFrame=Rect(0, 0 - 1080, 2340), mPrivacyIndicatorBounds=PrivacyIndicatorBounds {static bounds=Rect(948, 0 - 1080, 103) rotation=0}, mDisplayShape=DisplayShape{ spec=-311912193 displayWidth=1080 displayHeight=2340 physicalPixelDisplaySizeRatio=1.0 rotation=0 offsetX=0 offsetY=0 scale=1.0}, mSources= { InsetsSource: {cafc0000 mType=statusBars mFrame=[0,0][1080,103] mAttachedInsets=null mVisible=true mFlags= mSideHint=TOP mBoundingRects=null}, InsetsSource: {cafc0005 mType=mandatorySystemGestures mFrame=[0,0][1080,139] mAttachedInsets=null mVisible=true mFlags= mSideHint=TOP mBoundingRects=null}, InsetsSource: {cafc0006 mType=tappableElement mFrame=[0,0][1080,103] mAttachedInsets=null mVisible=true mFlags= mSideHint=TOP mBoundingRects=null}, InsetsSource: {3 mType=ime mFrame=[0,0][0,0] mAttachedInsets=null mVisible=false mFlags=INVALID mSideHint=NONE mBoundingRects=null}, InsetsSource: {27 mType=displayCutout mFrame=[0,0][1080,103] mAttachedInsets=null mVisible=true mFlags= mSideHint=TOP mBoundingRects=null}, InsetsSource: {3c610001 mType=navigationBars mFrame=[0,2196][1080,2340] mAttachedInsets=null mVisible=true mFlags= mSideHint=BOTTOM mBoundingRects=null}, InsetsSource: {3c610004 mType=systemGestures mFrame=[0,0][0,0] mAttachedInsets=null mVisible=true mFlags= mSideHint=NONE mBoundingRects=null}, InsetsSource: {3c610005 mType=mandatorySystemGestures mFrame=[0,2196][1080,2340] mAttachedInsets=null mVisible=true mFlags= mSideHint=BOTTOM mBoundingRects=null}, InsetsSource: {3c610006 mType=tappableElement mFrame=[0,2196][1080,2340] mAttachedInsets=null mVisible=true mFlags= mSideHint=BOTTOM mBoundingRects=null}, InsetsSource: {3c610024 mType=systemGestures mFrame=[0,0][0,0] mAttachedInsets=null mVisible=true mFlags= mSideHint=NONE mBoundingRects=null} }
09-23 17:13:15.571 11927 11927 I VRI[MainActivity]@15300f0: synced displayState. AttachInfo displayState=2
09-23 17:13:15.571 11927 11927 I VRI[MainActivity]@15300f0: setView = com.android.internal.policy.DecorView@1835533 IsHRR=false mFlingFrameRateChange=0 TM=true
09-23 17:13:15.572 11927 11927 D WindowOnBackDispatcher: setTopOnBackInvokedCallback (unwrapped): android.app.Dialog$$ExternalSyntheticLambda4@fff3c1c
09-23 17:13:15.572 11927 11927 D WindowOnBackDispatcher: setTopOnBackInvokedCallback (unwrapped): androidx.navigationevent.OnBackInvokedInput$createOnBackAnimationCallback$1@da55025
09-23 17:13:15.592 11927 11927 I InsetsSourceConsumer: applyRequestedVisibilityToControl: visible=true, type=navigationBars, host=com.negi.survey/com.negi.survey.MainActivity
09-23 17:13:15.592 11927 11927 I InsetsSourceConsumer: applyRequestedVisibilityToControl: visible=true, type=statusBars, host=com.negi.survey/com.negi.survey.MainActivity
09-23 17:13:15.593 11927 11927 I BufferQueueProducer: [](id:2e9700000001,api:0,p:0,c:11927) setDequeueTimeout:2077252342
09-23 17:13:15.593 11927 11927 I BLASTBufferQueue_Java: new BLASTBufferQueue, mName= VRI[MainActivity]@15300f0 mNativeObject= 0xb400007c32893070 caller= android.view.ViewRootImpl.updateBlastSurfaceIfNeeded:3603 android.view.ViewRootImpl.relayoutWindow:11813 android.view.ViewRootImpl.performTraversals:4840 android.view.ViewRootImpl.doTraversal:3959 android.view.ViewRootImpl$TraversalRunnable.run:13034 android.view.Choreographer$CallbackRecord.run:1961 android.view.Choreographer$CallbackRecord.run:1970 android.view.Choreographer.doCallbacks:1423 android.view.Choreographer.doFrame:1348 android.view.Choreographer$FrameDisplayEventReceiver.run:1930 
09-23 17:13:15.593 11927 11927 I BLASTBufferQueue_Java: update, w= 1248 h= 1032 mName = VRI[MainActivity]@15300f0 mNativeObject= 0xb400007c32893070 sc.mNativeObject= 0xb400007bc28772d0 format= -2 caller= android.view.ViewRootImpl.updateBlastSurfaceIfNeeded:3608 android.view.ViewRootImpl.relayoutWindow:11813 android.view.ViewRootImpl.performTraversals:4840 android.view.ViewRootImpl.doTraversal:3959 android.view.ViewRootImpl$TraversalRunnable.run:13034 android.view.Choreographer$CallbackRecord.run:1961 
09-23 17:13:15.593 11927 11927 I VRI[MainActivity]@15300f0: Relayout returned: old=(0,103,1080,2196) new=(60,777,1020,1521) relayoutAsync=false req=(960,744)0 dur=2 res=0x3 s={true 0xb400007c728a7cc0} ch=true seqId=0
09-23 17:13:15.593 11927 11927 I VRI[MainActivity]@15300f0: performConfigurationChange setNightDimText nightDimLevel=0
09-23 17:13:15.594 11927 11927 D VRI[MainActivity]@15300f0: mThreadedRenderer.initialize() mSurface={isValid=true 0xb400007c728a7cc0} hwInitialized=true
09-23 17:13:15.598 11927 11927 D VRI[MainActivity]@15300f0: reportNextDraw android.view.ViewRootImpl.performTraversals:5507 android.view.ViewRootImpl.doTraversal:3959 android.view.ViewRootImpl$TraversalRunnable.run:13034 android.view.Choreographer$CallbackRecord.run:1961 android.view.Choreographer$CallbackRecord.run:1970 
09-23 17:13:15.598 11927 11927 D VRI[MainActivity]@15300f0: Setup new sync=wmsSync-VRI[MainActivity]@15300f0#2
09-23 17:13:15.598 11927 11927 I VRI[MainActivity]@15300f0: Creating new active sync group VRI[MainActivity]@15300f0#3
09-23 17:13:15.598 11927 11927 D VRI[MainActivity]@15300f0: registerCallbacksForSync syncBuffer=false
09-23 17:13:15.598 11927 11927 I View    : setRequestedFrameRate frameRate=-4.0, this=android.view.View{d3aaf47 V.ED..... ......I. 0,0-0,0}, caller=androidx.compose.ui.platform.Api35Impl.setRequestedFrameRate:4047 androidx.compose.ui.platform.AndroidComposeView.dispatchDraw:2282 android.view.View.draw:26758 android.view.View.updateDisplayListIfDirty:25577 android.view.View.draw:26477 
09-23 17:13:15.599 11927 11958 D VRI[MainActivity]@15300f0: Received frameDrawingCallback syncResult=0 frameNum=1.
09-23 17:13:15.599 11927 11958 I VRI[MainActivity]@15300f0: mWNT: t=0xb400007b928a04d0 mBlastBufferQueue=0xb400007c32893070 fn= 1 HdrRenderState mRenderHdrSdrRatio=1.0 caller= android.view.ViewRootImpl$12.onFrameDraw:15561 android.view.ThreadedRenderer$1.onFrameDraw:751 <bottom of call stack> 
09-23 17:13:15.599 11927 11958 I VRI[MainActivity]@15300f0: Setting up sync and frameCommitCallback
09-23 17:13:15.600 11927 11951 I BLASTBufferQueue: [VRI[MainActivity]@15300f0#1](f:0,a:0,s:0) onFrameAvailable the first frame is available
09-23 17:13:15.600 11927 11951 I SurfaceComposerClient: apply transaction with the first frame. layerId: 6508, bufferData(ID: 51226074939399, frameNumber: 1)
09-23 17:13:15.600 11927 11951 I VRI[MainActivity]@15300f0: Received frameCommittedCallback lastAttemptedDrawFrameNum=1 didProduceBuffer=true
09-23 17:13:15.600 11927 11951 D HWUI    : CFMS:: SetUp Pid : 11927    Tid : 11951
09-23 17:13:15.600 11927 11927 D VRI[MainActivity]@15300f0: reportDrawFinished seqId=0
09-23 17:13:15.601 11927 11951 D HWUI    : HWUI - treat SMPTE_170M as sRGB
09-23 17:13:15.601 11927 11927 I BLASTBufferQueue_Java: update, w= 1248 h= 1032 mName = VRI[MainActivity]@15300f0 mNativeObject= 0xb400007c32893070 sc.mNativeObject= 0xb400007bc28772d0 format= -2 caller= android.view.ViewRootImpl.updateBlastSurfaceIfNeeded:3592 android.view.ViewRootImpl.relayoutWindow:11813 android.view.ViewRootImpl.performTraversals:4840 android.view.ViewRootImpl.doTraversal:3959 android.view.ViewRootImpl$TraversalRunnable.run:13034 android.view.Choreographer$CallbackRecord.run:1961 
09-23 17:13:15.601 11927 11927 I VRI[MainActivity]@15300f0: Relayout returned: old=(60,777,1020,1521) new=(60,777,1020,1521) relayoutAsync=true req=(960,744)0 dur=0 res=0x0 s={true 0xb400007c728a7cc0} ch=false seqId=0
09-23 17:13:15.602 11927 11927 I VRI[MainActivity]@15300f0: registerCallbackForPendingTransactions
09-23 17:13:15.603 11927 11959 I VRI[MainActivity]@15300f0: mWNT: t=0xb400007b928a3560 mBlastBufferQueue=0xb400007c32893070 fn= 2 HdrRenderState mRenderHdrSdrRatio=1.0 caller= android.view.ViewRootImpl$10.onFrameDraw:6615 android.view.ViewRootImpl$4.onFrameDraw:2485 android.view.ThreadedRenderer$1.onFrameDraw:751 
09-23 17:13:15.604 11927 11927 I ImeFocusController: onPreWindowFocus: skipped hasWindowFocus=false mHasImeFocus=true
09-23 17:13:15.604 11927 11927 I ImeFocusController: onPostWindowFocus: skipped hasWindowFocus=false mHasImeFocus=true
09-23 17:13:15.630 11927 11927 D VRI[MainActivity]@15300f0: mThreadedRenderer.initializeIfNeeded()#2 mSurface={isValid=true 0xb400007c728a7cc0}
09-23 17:13:15.630 11927 11927 D InputMethodManagerUtils: startInputInner - Id : 0
09-23 17:13:15.630 11927 11927 I InputMethodManager: startInputInner - IInputMethodManagerGlobalInvoker.startInputOrWindowGainedFocus
09-23 17:13:15.631 11927 11927 D InsetsController: hide(ime())
09-23 17:13:15.631 11927 11927 I ImeTracker: com.negi.survey:49f396b5: onCancelled at PHASE_CLIENT_ALREADY_HIDDEN
09-23 17:13:15.631 11927 11982 D InputTransport: Input channel constructed: 'ClientS', fd=200
09-23 17:13:15.813 11927 11927 W SurveyApp: Deferred startup enqueues begin...
09-23 17:13:15.813 11927 11927 D SurveyApp: WorkManager available. where=startupRtLogs(immediate) took=0ms
09-23 17:13:15.814 11927 11927 D SurveyApp: Startup runtime logs target -> owner=ishizuki-tech repo=SurveyExports branch=main base='/diagnostics/runtime_logs'
09-23 17:13:15.814 11927 11927 D github_upload: enqueueStartupRuntimeLogsUpload: uniqueName=upload_runtime_logs_startup policy=KEEP session=startup_runtime_20260924_001315_94624415
09-23 17:13:15.815 11927 11927 D SurveyApp: Startup runtime logs: enqueue requested (immediate).
09-23 17:13:15.815 11927 11927 D SurveyApp: WorkManager available. where=startupRingLogs(immediate) took=0ms
09-23 17:13:15.815 11927 11927 D SurveyApp: Startup ring logs target -> owner=ishizuki-tech repo=SurveyExports branch=main base='/diagnostics/applog_ring'
09-23 17:13:15.816 11927 11927 D github_upload: enqueueStartupRingLogsUpload: uniqueName=upload_ring_logs_startup policy=KEEP session=startup_ring_20260924_001315_c398e9f5
09-23 17:13:15.816 11927 11927 D SurveyApp: Startup ring logs: enqueue requested (immediate).
09-23 17:13:15.816 11927 11927 D SurveyApp: WorkManager available. where=enqueuePending(immediate) took=0ms
09-23 17:13:15.816 11927 11927 D SurveyApp: CrashCapture pending uploads requested (immediate).
09-23 17:13:15.816 11927 11927 W SurveyApp: Deferred startup enqueues done: took=3ms
09-23 17:13:15.816 11927 12020 D CrashCapture: enqueuePendingCrashUploadsIfPossible enter where=SurveyApp:enqueuePending(immediate):bg pid=11927 thread=CrashCapture-Enqueue
09-23 17:13:15.825 11927 11964 D WM-SystemJobScheduler: Scheduling work ID 5777e110-cc0a-4eb6-9116-d083e7fbef90Job ID 3
09-23 17:13:15.827 11927 11964 D WM-GreedyScheduler: Starting tracking for 5777e110-cc0a-4eb6-9116-d083e7fbef90
09-23 17:13:15.829 11927 11964 D WM-WorkConstraintsTrack: NetworkRequestConstraintController send initial capabilities
09-23 17:13:15.829 11927 11927 D WM-SystemJobService: onStartJob for WorkGenerationalId(workSpecId=5777e110-cc0a-4eb6-9116-d083e7fbef90, generation=0)
09-23 17:13:15.831 11927 11964 D WM-Processor: Processor: processing WorkGenerationalId(workSpecId=5777e110-cc0a-4eb6-9116-d083e7fbef90, generation=0)
09-23 17:13:15.834 11927 11927 D WM-WorkerWrapper: Starting work for com.negi.survey.net.GitHubUploadWorker
09-23 17:13:15.834 11927 11964 D WM-GreedyScheduler: Constraints met: Scheduling work ID WorkGenerationalId(workSpecId=5777e110-cc0a-4eb6-9116-d083e7fbef90, generation=0)
09-23 17:13:15.836 11927 11964 D WM-Processor: Work WorkGenerationalId(workSpecId=5777e110-cc0a-4eb6-9116-d083e7fbef90, generation=0) is already enqueued for processing
09-23 17:13:15.838 11927 11964 I WM-Processor: Moving WorkSpec (5777e110-cc0a-4eb6-9116-d083e7fbef90) to the foreground
09-23 17:13:15.839 11927 11927 I WM-SystemFgDispatcher: Started foreground service Intent { act=ACTION_START_FOREGROUND xflg=0x4 cmp=com.negi.survey/androidx.work.impl.foreground.SystemForegroundService (has extras) }
09-23 17:13:15.839 11927 11927 D WM-SystemFgDispatcher: Notifying with (id:6285, workSpecId: 5777e110-cc0a-4eb6-9116-d083e7fbef90, notificationType :1)
09-23 17:13:15.839 11927 11927 I NotificationManager: com.negi.survey: notify(6285, null, Notification(channel=uploads shortcut=null contentView=null vibrate=null sound=null defaults=0 flags=ONGOING_EVENT|ONLY_ALERT_ONCE color=0x00000000 category=progress vis=PRIVATE semFlags=0x0 semPriority=0 semMissedCount=0 semScenarioType=0)) as user
09-23 17:13:15.840 11927 11964 D WM-WorkProgressUpdater: Updating progress for 5777e110-cc0a-4eb6-9116-d083e7fbef90 (Data {pct : 3, mode : startup_ring_logs})
09-23 17:13:15.841 11927 11927 D WM-SystemFgDispatcher: Notifying with (id:6285, workSpecId: 5777e110-cc0a-4eb6-9116-d083e7fbef90, notificationType :1)
09-23 17:13:15.841 11927 11927 I NotificationManager: com.negi.survey: notify(6285, null, Notification(channel=uploads shortcut=null contentView=null vibrate=null sound=null defaults=0 flags=ONGOING_EVENT|ONLY_ALERT_ONCE color=0x00000000 category=progress vis=PRIVATE semFlags=0x0 semPriority=0 semMissedCount=0 semScenarioType=0)) as user
09-23 17:13:15.843 11927 11964 I WM-Processor: Moving WorkSpec (5777e110-cc0a-4eb6-9116-d083e7fbef90) to the foreground
09-23 17:13:15.843 11927 11927 D WM-SystemFgDispatcher: Notifying with (id:6285, workSpecId: 5777e110-cc0a-4eb6-9116-d083e7fbef90, notificationType :1)
09-23 17:13:15.843 11927 11927 I NotificationManager: com.negi.survey: notify(6285, null, Notification(channel=uploads shortcut=null contentView=null vibrate=null sound=null defaults=0 flags=ONGOING_EVENT|ONLY_ALERT_ONCE color=0x00000000 category=progress vis=PRIVATE semFlags=0x0 semPriority=0 semMissedCount=0 semScenarioType=0)) as user
09-23 17:13:15.844 11927 11964 D WM-WorkConstraintsTrack: NetworkRequestConstraintController send initial capabilities
