=== Previous Session Logcat ===
captured_time_utc=20260929_052126
captured_time_local=20260929_002126
marker=2026-09-29 00:11:09.551
preferred_prev_pid=-1
note=best-effort; buffers may be overwritten before next start
sdk=36
device=samsung SM-S731U
appId=com.negi.survey
versionName=0.0.1
versionCode=1

=== Logcat (since marker) ===
--------- beginning of main
09-29 00:11:09.551  7613  7711 D CrashCapture: Staged prev session logcat: /data/user/0/com.negi.survey/files/diagnostics/crash/prevlog_20260929_051109_pid7613.log bytes=38013 marker=2026-09-29 00:09:36.346 pid=-1
09-29 00:11:09.555  7613  7711 D CrashCapture: Persisted logcat marker for next run: 2026-09-29 00:11:09.551
09-29 00:11:09.557  7613  7711 D CrashCapture: GitHub hints: owner=ishizuki-tech repo=SurveyExports branch=main pathPrefix=diagnostics/crash
09-29 00:11:09.557  7613  7711 D CrashCapture: Enqueuing GitHub crash uploads… (mirror-first) where=SurveyApp:enqueuePending(immediate):bg
09-29 00:11:09.558  7613  7711 D CrashCapture: GitHub enqueue(crash file): name=prevlog_20260929_051109_pid7613.log bytes=38013 remote=prevlog_20260929_051109_pid7613.log where=SurveyApp:enqueuePending(immediate):bg
09-29 00:11:09.563  7613  7711 D CrashCapture: GitHub enqueue(crash file): name=prevlog_20260929_050936_pid6929.log bytes=38365 remote=prevlog_20260929_050936_pid6929.log where=SurveyApp:enqueuePending(immediate):bg
09-29 00:11:09.565  7613  7711 D CrashCapture: GitHub enqueue(crash file): name=prevlog_20260929_050723_pid6169.log bytes=38481 remote=prevlog_20260929_050723_pid6169.log where=SurveyApp:enqueuePending(immediate):bg
09-29 00:11:09.568  7613  7711 D CrashCapture: GitHub enqueue(crash file): name=prevlog_20260929_050456_pid5727.log bytes=636176 remote=prevlog_20260929_050456_pid5727.log where=SurveyApp:enqueuePending(immediate):bg
09-29 00:11:09.569  7613  7711 D CrashCapture: GitHub enqueue(crash file): name=prevlog_20260929_050248_pid5044.log bytes=38756 remote=prevlog_20260929_050248_pid5044.log where=SurveyApp:enqueuePending(immediate):bg
09-29 00:11:09.570  7613  7711 D CrashCapture: GitHub enqueue(crash file): name=prevlog_20260929_050153_pid4771.log bytes=71078 remote=prevlog_20260929_050153_pid4771.log where=SurveyApp:enqueuePending(immediate):bg
09-29 00:11:09.571  7613  7655 D WM-SystemJobScheduler: Scheduling work ID 3a0a720a-c641-4298-8e74-66b8360904f9Job ID 312
09-29 00:11:09.572  7613  7711 D CrashCapture: GitHub enqueue(crash file): name=prevlog_20260929_045015_pid31884.log bytes=34409 remote=prevlog_20260929_045015_pid31884.log where=SurveyApp:enqueuePending(immediate):bg
09-29 00:11:09.574  7613  7711 D CrashCapture: GitHub enqueue(crash file): name=prevlog_20260929_040452_pid25868.log bytes=39042 remote=prevlog_20260929_040452_pid25868.log where=SurveyApp:enqueuePending(immediate):bg
09-29 00:11:09.574  7613  7655 D WM-GreedyScheduler: Starting tracking for 3a0a720a-c641-4298-8e74-66b8360904f9
09-29 00:11:09.575  7613  7711 D CrashCapture: GitHub enqueue(crash file): name=prevlog_20260929_040312_pid24508.log bytes=38190 remote=prevlog_20260929_040312_pid24508.log where=SurveyApp:enqueuePending(immediate):bg
09-29 00:11:09.576  7613  7613 D WM-SystemJobService: onStartJob for WorkGenerationalId(workSpecId=3a0a720a-c641-4298-8e74-66b8360904f9, generation=0)
09-29 00:11:09.578  7613  7711 D CrashCapture: GitHub enqueue(crash file): name=prevlog_20260929_040138_pid23536.log bytes=38710 remote=prevlog_20260929_040138_pid23536.log where=SurveyApp:enqueuePending(immediate):bg
09-29 00:11:09.578  7613  7711 D CrashCapture: GitHub enqueue(crash file): name=prevlog_20260929_035000_pid21454.log bytes=38206 remote=prevlog_20260929_035000_pid21454.log where=SurveyApp:enqueuePending(immediate):bg
09-29 00:11:09.579  7613  7711 D CrashCapture: GitHub enqueue(crash file): name=prevlog_20260929_034820_pid20468.log bytes=37972 remote=prevlog_20260929_034820_pid20468.log where=SurveyApp:enqueuePending(immediate):bg
09-29 00:11:09.582  7613  7711 D CrashCapture: GitHub enqueue(crash file): name=prevlog_20260929_033935_pid19041.log bytes=39042 remote=prevlog_20260929_033935_pid19041.log where=SurveyApp:enqueuePending(immediate):bg
09-29 00:11:09.584  7613  7711 D CrashCapture: GitHub enqueue(crash file): name=prevlog_20260929_033838_pid18262.log bytes=39097 remote=prevlog_20260929_033838_pid18262.log where=SurveyApp:enqueuePending(immediate):bg
09-29 00:11:09.585  7613  7711 D CrashCapture: GitHub enqueue(crash file): name=prevlog_20260929_033604_pid16917.log bytes=38832 remote=prevlog_20260929_033604_pid16917.log where=SurveyApp:enqueuePending(immediate):bg
09-29 00:11:09.586  7613  7655 D WM-SystemJobScheduler: Scheduling work ID e232e0ed-f2cb-4277-9cb1-0dea725ce196Job ID 313
09-29 00:11:09.589  7613  7655 D WM-GreedyScheduler: Starting tracking for 3a0a720a-c641-4298-8e74-66b8360904f9,e232e0ed-f2cb-4277-9cb1-0dea725ce196
09-29 00:11:09.589  7613  7613 D WM-SystemJobService: onStartJob for WorkGenerationalId(workSpecId=e232e0ed-f2cb-4277-9cb1-0dea725ce196, generation=0)
09-29 00:11:09.590  7613  7711 D CrashCapture: GitHub enqueue(crash file): name=prevlog_20260929_033543_pid16589.log bytes=550553 remote=prevlog_20260929_033543_pid16589.log where=SurveyApp:enqueuePending(immediate):bg
09-29 00:11:09.590  7613  7711 D CrashCapture: GitHub enqueue(crash file): name=prevlog_20260929_032149_pid13009.log bytes=37977 remote=prevlog_20260929_032149_pid13009.log where=SurveyApp:enqueuePending(immediate):bg
09-29 00:11:09.593  7613  7711 D CrashCapture: GitHub enqueue(crash file): name=prevlog_20260929_032054_pid12589.log bytes=351716 remote=prevlog_20260929_032054_pid12589.log where=SurveyApp:enqueuePending(immediate):bg
09-29 00:11:09.595  7613  7711 D CrashCapture: GitHub enqueue(crash file): name=prevlog_20260929_013024_pid4504.log bytes=155666 remote=prevlog_20260929_013024_pid4504.log where=SurveyApp:enqueuePending(immediate):bg
09-29 00:11:09.595  7613  7711 D CrashCapture: GitHub enqueue(crash file): name=prevlog_20260928_235012_pid31473.log bytes=40858 remote=prevlog_20260928_235012_pid31473.log where=SurveyApp:enqueuePending(immediate):bg
09-29 00:11:09.598  7613  7711 D CrashCapture: GitHub enqueue(crash file): name=prevlog_20260928_231317_pid27656.log bytes=243523 remote=prevlog_20260928_231317_pid27656.log where=SurveyApp:enqueuePending(immediate):bg
09-29 00:11:09.599  7613  7711 D CrashCapture: GitHub enqueue(crash file): name=exit_20260928_231221_1790637141222_pid22443_r3.log bytes=376 remote=exit_20260928_231221_1790637141222_pid22443_r3.log where=SurveyApp:enqueuePending(immediate):bg
09-29 00:11:09.600  7613  7711 D CrashCapture: GitHub enqueue(crash file): name=prevlog_20260928_230800_pid22443.log bytes=37384 remote=prevlog_20260928_230800_pid22443.log where=SurveyApp:enqueuePending(immediate):bg
09-29 00:11:09.600  7613  7655 D WM-SystemJobScheduler: Scheduling work ID 0a41d9da-64f6-4a6a-a847-34e18f759560Job ID 314
09-29 00:11:09.601  7613  7711 D CrashCapture: GitHub enqueue(crash file): name=prevlog_20260928_230702_pid22188.log bytes=27162 remote=prevlog_20260928_230702_pid22188.log where=SurveyApp:enqueuePending(immediate):bg
09-29 00:11:09.603  7613  7655 D WM-GreedyScheduler: Starting tracking for 0a41d9da-64f6-4a6a-a847-34e18f759560,3a0a720a-c641-4298-8e74-66b8360904f9,e232e0ed-f2cb-4277-9cb1-0dea725ce196
09-29 00:11:09.604  7613  7613 D WM-SystemJobService: onStartJob for WorkGenerationalId(workSpecId=0a41d9da-64f6-4a6a-a847-34e18f759560, generation=0)
09-29 00:11:09.605  7613  7711 D CrashCapture: GitHub enqueue(ring file): bytes=32313 remote=ring_store/20260929_051109_pid7613_u574169/seg_00.log src=seg_00.log where=SurveyApp:enqueuePending(immediate):bg
09-29 00:11:09.605  7613  7711 D CrashCapture: Ring store enqueue done. dir=/data/user/0/com.negi.survey/files/diagnostics/applog_ring files=1 bytes=32313 capFiles=300 capBytes=90000000 where=SurveyApp:enqueuePending(immediate):bg
09-29 00:11:09.614  7613  7655 D WM-SystemJobScheduler: Scheduling work ID 8e399662-9d01-476c-b6ad-3ca2e397fbb9Job ID 315
09-29 00:11:09.617  7613  7655 D WM-GreedyScheduler: Starting tracking for 8e399662-9d01-476c-b6ad-3ca2e397fbb9,0a41d9da-64f6-4a6a-a847-34e18f759560,3a0a720a-c641-4298-8e74-66b8360904f9,e232e0ed-f2cb-4277-9cb1-0dea725ce196
09-29 00:11:09.617  7613  7613 D WM-SystemJobService: onStartJob for WorkGenerationalId(workSpecId=8e399662-9d01-476c-b6ad-3ca2e397fbb9, generation=0)
09-29 00:11:09.633  7613  7655 D WM-SystemJobScheduler: Scheduling work ID 09608abf-e8ec-4f2e-b25d-6a9afc07890cJob ID 316
09-29 00:11:09.640  7613  7655 D WM-GreedyScheduler: Starting tracking for 8e399662-9d01-476c-b6ad-3ca2e397fbb9,0a41d9da-64f6-4a6a-a847-34e18f759560,3a0a720a-c641-4298-8e74-66b8360904f9,e232e0ed-f2cb-4277-9cb1-0dea725ce196,09608abf-e8ec-4f2e-b25d-6a9afc07890c
09-29 00:11:09.640  7613  7613 D WM-SystemJobService: onStartJob for WorkGenerationalId(workSpecId=09608abf-e8ec-4f2e-b25d-6a9afc07890c, generation=0)
09-29 00:11:09.651  7613  7655 D WM-SystemJobScheduler: Scheduling work ID dd9182fc-8432-48c5-8979-71de7938cdd7Job ID 317
09-29 00:11:09.653  7613  7655 D WM-GreedyScheduler: Starting tracking for 8e399662-9d01-476c-b6ad-3ca2e397fbb9,0a41d9da-64f6-4a6a-a847-34e18f759560,3a0a720a-c641-4298-8e74-66b8360904f9,e232e0ed-f2cb-4277-9cb1-0dea725ce196,dd9182fc-8432-48c5-8979-71de7938cdd7,09608abf-e8ec-4f2e-b25d-6a9afc07890c
09-29 00:11:09.656  7613  7613 D WM-SystemJobService: onStartJob for WorkGenerationalId(workSpecId=dd9182fc-8432-48c5-8979-71de7938cdd7, generation=0)
09-29 00:11:09.662  7613  7655 D WM-SystemJobScheduler: Scheduling work ID 7629b48e-078a-48de-9e72-4cc43dffd99cJob ID 318
09-29 00:11:09.665  7613  7613 D WM-SystemJobService: onStartJob for WorkGenerationalId(workSpecId=7629b48e-078a-48de-9e72-4cc43dffd99c, generation=0)
09-29 00:11:09.666  7613  7655 D WM-GreedyScheduler: Starting tracking for 8e399662-9d01-476c-b6ad-3ca2e397fbb9,7629b48e-078a-48de-9e72-4cc43dffd99c,0a41d9da-64f6-4a6a-a847-34e18f759560,3a0a720a-c641-4298-8e74-66b8360904f9,e232e0ed-f2cb-4277-9cb1-0dea725ce196,dd9182fc-8432-48c5-8979-71de7938cdd7,09608abf-e8ec-4f2e-b25d-6a9afc07890c
09-29 00:11:09.677  7613  7655 D WM-SystemJobScheduler: Scheduling work ID 719b4369-62e5-4050-a85c-dca1f31313a3Job ID 319
09-29 00:11:09.679  7613  7655 D WM-GreedyScheduler: Starting tracking for 8e399662-9d01-476c-b6ad-3ca2e397fbb9,7629b48e-078a-48de-9e72-4cc43dffd99c,719b4369-62e5-4050-a85c-dca1f31313a3,0a41d9da-64f6-4a6a-a847-34e18f759560,3a0a720a-c641-4298-8e74-66b8360904f9,e232e0ed-f2cb-4277-9cb1-0dea725ce196,dd9182fc-8432-48c5-8979-71de7938cdd7,09608abf-e8ec-4f2e-b25d-6a9afc07890c
09-29 00:11:09.681  7613  7613 D WM-SystemJobService: onStartJob for WorkGenerationalId(workSpecId=719b4369-62e5-4050-a85c-dca1f31313a3, generation=0)
09-29 00:11:09.694  7613  7655 D WM-SystemJobScheduler: Scheduling work ID 9747308a-ae12-44c2-a176-0a5a00ff3d08Job ID 320
09-29 00:11:09.696  7613  7655 D WM-GreedyScheduler: Starting tracking for 8e399662-9d01-476c-b6ad-3ca2e397fbb9,7629b48e-078a-48de-9e72-4cc43dffd99c,719b4369-62e5-4050-a85c-dca1f31313a3,0a41d9da-64f6-4a6a-a847-34e18f759560,3a0a720a-c641-4298-8e74-66b8360904f9,e232e0ed-f2cb-4277-9cb1-0dea725ce196,dd9182fc-8432-48c5-8979-71de7938cdd7,9747308a-ae12-44c2-a176-0a5a00ff3d08,09608abf-e8ec-4f2e-b25d-6a9afc07890c
09-29 00:11:09.697  7613  7613 D WM-SystemJobService: onStartJob for WorkGenerationalId(workSpecId=9747308a-ae12-44c2-a176-0a5a00ff3d08, generation=0)
09-29 00:11:09.698  7613  7655 D WM-Processor: Processor: processing WorkGenerationalId(workSpecId=3a0a720a-c641-4298-8e74-66b8360904f9, generation=0)
09-29 00:11:09.707  7613  7655 D WM-SystemJobScheduler: Scheduling work ID 77c43d23-cdf2-45c6-b1b4-91d9fe8c57e7Job ID 321
09-29 00:11:09.710  7613  7655 D WM-GreedyScheduler: Starting tracking for 8e399662-9d01-476c-b6ad-3ca2e397fbb9,7629b48e-078a-48de-9e72-4cc43dffd99c,719b4369-62e5-4050-a85c-dca1f31313a3,0a41d9da-64f6-4a6a-a847-34e18f759560,77c43d23-cdf2-45c6-b1b4-91d9fe8c57e7,3a0a720a-c641-4298-8e74-66b8360904f9,e232e0ed-f2cb-4277-9cb1-0dea725ce196,dd9182fc-8432-48c5-8979-71de7938cdd7,9747308a-ae12-44c2-a176-0a5a00ff3d08,09608abf-e8ec-4f2e-b25d-6a9afc07890c
09-29 00:11:09.710  7613  7613 D WM-SystemJobService: onStartJob for WorkGenerationalId(workSpecId=77c43d23-cdf2-45c6-b1b4-91d9fe8c57e7, generation=0)
09-29 00:11:09.718  7613  7655 D WM-SystemJobScheduler: Scheduling work ID fdb2def7-3b18-4194-8f3a-0ab9c8e17363Job ID 322
09-29 00:11:09.721  7613  7655 D WM-GreedyScheduler: Starting tracking for 8e399662-9d01-476c-b6ad-3ca2e397fbb9,7629b48e-078a-48de-9e72-4cc43dffd99c,719b4369-62e5-4050-a85c-dca1f31313a3,0a41d9da-64f6-4a6a-a847-34e18f759560,77c43d23-cdf2-45c6-b1b4-91d9fe8c57e7,3a0a720a-c641-4298-8e74-66b8360904f9,e232e0ed-f2cb-4277-9cb1-0dea725ce196,fdb2def7-3b18-4194-8f3a-0ab9c8e17363,dd9182fc-8432-48c5-8979-71de7938cdd7,9747308a-ae12-44c2-a176-0a5a00ff3d08,09608abf-e8ec-4f2e-b25d-6a9afc07890c
09-29 00:11:09.721  7613  7613 D WM-SystemJobService: onStartJob for WorkGenerationalId(workSpecId=fdb2def7-3b18-4194-8f3a-0ab9c8e17363, generation=0)
09-29 00:11:09.732  7613  7655 D WM-SystemJobScheduler: Scheduling work ID 5771bf82-917e-4abf-a6e1-db2f39ea7153Job ID 323
09-29 00:11:09.735  7613  7655 D WM-GreedyScheduler: Starting tracking for 8e399662-9d01-476c-b6ad-3ca2e397fbb9,7629b48e-078a-48de-9e72-4cc43dffd99c,719b4369-62e5-4050-a85c-dca1f31313a3,0a41d9da-64f6-4a6a-a847-34e18f759560,77c43d23-cdf2-45c6-b1b4-91d9fe8c57e7,3a0a720a-c641-4298-8e74-66b8360904f9,5771bf82-917e-4abf-a6e1-db2f39ea7153,e232e0ed-f2cb-4277-9cb1-0dea725ce196,fdb2def7-3b18-4194-8f3a-0ab9c8e17363,dd9182fc-8432-48c5-8979-71de7938cdd7,9747308a-ae12-44c2-a176-0a5a00ff3d08,09608abf-e8ec-4f2e-b25d-6a9afc07890c
09-29 00:11:09.735  7613  7613 D WM-SystemJobService: onStartJob for WorkGenerationalId(workSpecId=5771bf82-917e-4abf-a6e1-db2f39ea7153, generation=0)
09-29 00:11:09.742  7613  7655 D WM-SystemJobScheduler: Scheduling work ID 0de5c876-7b7e-42d7-a8f3-3a0716deff56Job ID 324
09-29 00:11:09.747  7613  7655 D WM-GreedyScheduler: Starting tracking for 8e399662-9d01-476c-b6ad-3ca2e397fbb9,7629b48e-078a-48de-9e72-4cc43dffd99c,0de5c876-7b7e-42d7-a8f3-3a0716deff56,3a0a720a-c641-4298-8e74-66b8360904f9,5771bf82-917e-4abf-a6e1-db2f39ea7153,e232e0ed-f2cb-4277-9cb1-0dea725ce196,fdb2def7-3b18-4194-8f3a-0ab9c8e17363,dd9182fc-8432-48c5-8979-71de7938cdd7,9747308a-ae12-44c2-a176-0a5a00ff3d08,09608abf-e8ec-4f2e-b25d-6a9afc07890c,719b4369-62e5-4050-a85c-dca1f31313a3,0a41d9da-64f6-4a6a-a847-34e18f759560,77c43d23-cdf2-45c6-b1b4-91d9fe8c57e7
09-29 00:11:09.747  7613  7613 D WM-SystemJobService: onStartJob for WorkGenerationalId(workSpecId=0de5c876-7b7e-42d7-a8f3-3a0716deff56, generation=0)
09-29 00:11:09.761  7613  7655 D WM-SystemJobScheduler: Scheduling work ID 95601a6b-7bc7-4f60-8d35-f3c5d21ddb89Job ID 325
09-29 00:11:09.767  7613  7613 D WM-SystemJobService: onStartJob for WorkGenerationalId(workSpecId=95601a6b-7bc7-4f60-8d35-f3c5d21ddb89, generation=0)
09-29 00:11:09.767  7613  7655 D WM-GreedyScheduler: Starting tracking for 8e399662-9d01-476c-b6ad-3ca2e397fbb9,7629b48e-078a-48de-9e72-4cc43dffd99c,0de5c876-7b7e-42d7-a8f3-3a0716deff56,3a0a720a-c641-4298-8e74-66b8360904f9,5771bf82-917e-4abf-a6e1-db2f39ea7153,e232e0ed-f2cb-4277-9cb1-0dea725ce196,fdb2def7-3b18-4194-8f3a-0ab9c8e17363,dd9182fc-8432-48c5-8979-71de7938cdd7,9747308a-ae12-44c2-a176-0a5a00ff3d08,09608abf-e8ec-4f2e-b25d-6a9afc07890c,719b4369-62e5-4050-a85c-dca1f31313a3,0a41d9da-64f6-4a6a-a847-34e18f759560,77c43d23-cdf2-45c6-b1b4-91d9fe8c57e7,95601a6b-7bc7-4f60-8d35-f3c5d21ddb89
09-29 00:11:09.776  7613  7655 D WM-SystemJobScheduler: Scheduling work ID 16ce5bd7-c8c8-4f83-be5f-2ea3b1b46167Job ID 326
09-29 00:11:09.781  7613  7655 D WM-GreedyScheduler: Starting tracking for 8e399662-9d01-476c-b6ad-3ca2e397fbb9,7629b48e-078a-48de-9e72-4cc43dffd99c,0de5c876-7b7e-42d7-a8f3-3a0716deff56,3a0a720a-c641-4298-8e74-66b8360904f9,5771bf82-917e-4abf-a6e1-db2f39ea7153,e232e0ed-f2cb-4277-9cb1-0dea725ce196,fdb2def7-3b18-4194-8f3a-0ab9c8e17363,dd9182fc-8432-48c5-8979-71de7938cdd7,9747308a-ae12-44c2-a176-0a5a00ff3d08,09608abf-e8ec-4f2e-b25d-6a9afc07890c,719b4369-62e5-4050-a85c-dca1f31313a3,0a41d9da-64f6-4a6a-a847-34e18f759560,77c43d23-cdf2-45c6-b1b4-91d9fe8c57e7,95601a6b-7bc7-4f60-8d35-f3c5d21ddb89,16ce5bd7-c8c8-4f83-be5f-2ea3b1b46167
09-29 00:11:09.781  7613  7613 D WM-SystemJobService: onStartJob for WorkGenerationalId(workSpecId=16ce5bd7-c8c8-4f83-be5f-2ea3b1b46167, generation=0)
09-29 00:11:09.783  7613  7655 D WM-Processor: Processor: processing WorkGenerationalId(workSpecId=e232e0ed-f2cb-4277-9cb1-0dea725ce196, generation=0)
09-29 00:11:09.798  7613  7655 D WM-SystemJobScheduler: Scheduling work ID c131dc6b-42ab-44bf-a392-17d7b3d3a6fcJob ID 327
09-29 00:11:09.804  7613  7655 D WM-GreedyScheduler: Starting tracking for 8e399662-9d01-476c-b6ad-3ca2e397fbb9,7629b48e-078a-48de-9e72-4cc43dffd99c,0de5c876-7b7e-42d7-a8f3-3a0716deff56,3a0a720a-c641-4298-8e74-66b8360904f9,5771bf82-917e-4abf-a6e1-db2f39ea7153,e232e0ed-f2cb-4277-9cb1-0dea725ce196,fdb2def7-3b18-4194-8f3a-0ab9c8e17363,dd9182fc-8432-48c5-8979-71de7938cdd7,9747308a-ae12-44c2-a176-0a5a00ff3d08,09608abf-e8ec-4f2e-b25d-6a9afc07890c,719b4369-62e5-4050-a85c-dca1f31313a3,0a41d9da-64f6-4a6a-a847-34e18f759560,77c43d23-cdf2-45c6-b1b4-91d9fe8c57e7,95601a6b-7bc7-4f60-8d35-f3c5d21ddb89,c131dc6b-42ab-44bf-a392-17d7b3d3a6fc,16ce5bd7-c8c8-4f83-be5f-2ea3b1b46167
09-29 00:11:09.805  7613  7613 D WM-SystemJobService: onStartJob for WorkGenerationalId(workSpecId=c131dc6b-42ab-44bf-a392-17d7b3d3a6fc, generation=0)
09-29 00:11:09.814  7613  7655 D WM-SystemJobScheduler: Scheduling work ID addf75e8-c004-42df-b8b8-31b3d025e91bJob ID 328
09-29 00:11:09.817  7613  7655 D WM-GreedyScheduler: Starting tracking for 8e399662-9d01-476c-b6ad-3ca2e397fbb9,7629b48e-078a-48de-9e72-4cc43dffd99c,0de5c876-7b7e-42d7-a8f3-3a0716deff56,3a0a720a-c641-4298-8e74-66b8360904f9,5771bf82-917e-4abf-a6e1-db2f39ea7153,e232e0ed-f2cb-4277-9cb1-0dea725ce196,fdb2def7-3b18-4194-8f3a-0ab9c8e17363,dd9182fc-8432-48c5-8979-71de7938cdd7,9747308a-ae12-44c2-a176-0a5a00ff3d08,09608abf-e8ec-4f2e-b25d-6a9afc07890c,719b4369-62e5-4050-a85c-dca1f31313a3,addf75e8-c004-42df-b8b8-31b3d025e91b,0a41d9da-64f6-4a6a-a847-34e18f759560,77c43d23-cdf2-45c6-b1b4-91d9fe8c57e7,95601a6b-7bc7-4f60-8d35-f3c5d21ddb89,c131dc6b-42ab-44bf-a392-17d7b3d3a6fc,16ce5bd7-c8c8-4f83-be5f-2ea3b1b46167
09-29 00:11:09.817  7613  7613 D WM-SystemJobService: onStartJob for WorkGenerationalId(workSpecId=addf75e8-c004-42df-b8b8-31b3d025e91b, generation=0)
09-29 00:11:09.830  7613  7655 D WM-SystemJobScheduler: Scheduling work ID 9483589e-cfcb-4744-96df-d67bb1af297eJob ID 329
09-29 00:11:09.833  7613  7613 D WM-SystemJobService: onStartJob for WorkGenerationalId(workSpecId=9483589e-cfcb-4744-96df-d67bb1af297e, generation=0)
09-29 00:11:09.833  7613  7655 D WM-GreedyScheduler: Starting tracking for 8e399662-9d01-476c-b6ad-3ca2e397fbb9,7629b48e-078a-48de-9e72-4cc43dffd99c,0de5c876-7b7e-42d7-a8f3-3a0716deff56,9483589e-cfcb-4744-96df-d67bb1af297e,3a0a720a-c641-4298-8e74-66b8360904f9,5771bf82-917e-4abf-a6e1-db2f39ea7153,e232e0ed-f2cb-4277-9cb1-0dea725ce196,fdb2def7-3b18-4194-8f3a-0ab9c8e17363,dd9182fc-8432-48c5-8979-71de7938cdd7,9747308a-ae12-44c2-a176-0a5a00ff3d08,09608abf-e8ec-4f2e-b25d-6a9afc07890c,719b4369-62e5-4050-a85c-dca1f31313a3,addf75e8-c004-42df-b8b8-31b3d025e91b,0a41d9da-64f6-4a6a-a847-34e18f759560,77c43d23-cdf2-45c6-b1b4-91d9fe8c57e7,95601a6b-7bc7-4f60-8d35-f3c5d21ddb89,c131dc6b-42ab-44bf-a392-17d7b3d3a6fc,16ce5bd7-c8c8-4f83-be5f-2ea3b1b46167
09-29 00:11:09.840  7613  7655 D WM-GreedyScheduler: Starting tracking for 8e399662-9d01-476c-b6ad-3ca2e397fbb9,7629b48e-078a-48de-9e72-4cc43dffd99c,0de5c876-7b7e-42d7-a8f3-3a0716deff56,9483589e-cfcb-4744-96df-d67bb1af297e,3a0a720a-c641-4298-8e74-66b8360904f9,5771bf82-917e-4abf-a6e1-db2f39ea7153,e232e0ed-f2cb-4277-9cb1-0dea725ce196,fdb2def7-3b18-4194-8f3a-0ab9c8e17363,dd9182fc-8432-48c5-8979-71de7938cdd7,9747308a-ae12-44c2-a176-0a5a00ff3d08,09608abf-e8ec-4f2e-b25d-6a9afc07890c,719b4369-62e5-4050-a85c-dca1f31313a3,b8199543-e27e-491c-8f43-8e417567c754,addf75e8-c004-42df-b8b8-31b3d025e91b,0a41d9da-64f6-4a6a-a847-34e18f759560,77c43d23-cdf2-45c6-b1b4-91d9fe8c57e7,95601a6b-7bc7-4f60-8d35-f3c5d21ddb89,c131dc6b-42ab-44bf-a392-17d7b3d3a6fc,16ce5bd7-c8c8-4f83-be5f-2ea3b1b46167
09-29 00:11:09.847  7613  7655 D WM-GreedyScheduler: Starting tracking for 8e399662-9d01-476c-b6ad-3ca2e397fbb9,7629b48e-078a-48de-9e72-4cc43dffd99c,0de5c876-7b7e-42d7-a8f3-3a0716deff56,9483589e-cfcb-4744-96df-d67bb1af297e,3a0a720a-c641-4298-8e74-66b8360904f9,5771bf82-917e-4abf-a6e1-db2f39ea7153,e232e0ed-f2cb-4277-9cb1-0dea725ce196,fdb2def7-3b18-4194-8f3a-0ab9c8e17363,dd9182fc-8432-48c5-8979-71de7938cdd7,9747308a-ae12-44c2-a176-0a5a00ff3d08,09608abf-e8ec-4f2e-b25d-6a9afc07890c,cdf06544-dc01-453d-9cb5-b12a24ba2253,719b4369-62e5-4050-a85c-dca1f31313a3,b8199543-e27e-491c-8f43-8e417567c754,addf75e8-c004-42df-b8b8-31b3d025e91b,0a41d9da-64f6-4a6a-a847-34e18f759560,77c43d23-cdf2-45c6-b1b4-91d9fe8c57e7,95601a6b-7bc7-4f60-8d35-f3c5d21ddb89,c131dc6b-42ab-44bf-a392-17d7b3d3a6fc,16ce5bd7-c8c8-4f83-be5f-2ea3b1b46167
09-29 00:11:09.853  7613  7655 D WM-GreedyScheduler: Starting tracking for 8e399662-9d01-476c-b6ad-3ca2e397fbb9,7629b48e-078a-48de-9e72-4cc43dffd99c,0de5c876-7b7e-42d7-a8f3-3a0716deff56,9483589e-cfcb-4744-96df-d67bb1af297e,3a0a720a-c641-4298-8e74-66b8360904f9,5771bf82-917e-4abf-a6e1-db2f39ea7153,e232e0ed-f2cb-4277-9cb1-0dea725ce196,fdb2def7-3b18-4194-8f3a-0ab9c8e17363,dd9182fc-8432-48c5-8979-71de7938cdd7,9747308a-ae12-44c2-a176-0a5a00ff3d08,09608abf-e8ec-4f2e-b25d-6a9afc07890c,cdf06544-dc01-453d-9cb5-b12a24ba2253,719b4369-62e5-4050-a85c-dca1f31313a3,b8199543-e27e-491c-8f43-8e417567c754,addf75e8-c004-42df-b8b8-31b3d025e91b,0a41d9da-64f6-4a6a-a847-34e18f759560,77c43d23-cdf2-45c6-b1b4-91d9fe8c57e7,95601a6b-7bc7-4f60-8d35-f3c5d21ddb89,c131dc6b-42ab-44bf-a392-17d7b3d3a6fc,70be93a3-9a50-456a-9ddb-15673b16ca86,16ce5bd7-c8c8-4f83-be5f-2ea3b1b46167
09-29 00:11:09.859  7613  7655 D WM-GreedyScheduler: Starting tracking for 8e399662-9d01-476c-b6ad-3ca2e397fbb9,7629b48e-078a-48de-9e72-4cc43dffd99c,a1f51c6c-d591-48e6-9e54-1869a68d8ba3,0de5c876-7b7e-42d7-a8f3-3a0716deff56,9483589e-cfcb-4744-96df-d67bb1af297e,3a0a720a-c641-4298-8e74-66b8360904f9,5771bf82-917e-4abf-a6e1-db2f39ea7153,e232e0ed-f2cb-4277-9cb1-0dea725ce196,fdb2def7-3b18-4194-8f3a-0ab9c8e17363,dd9182fc-8432-48c5-8979-71de7938cdd7,9747308a-ae12-44c2-a176-0a5a00ff3d08,09608abf-e8ec-4f2e-b25d-6a9afc07890c,cdf06544-dc01-453d-9cb5-b12a24ba2253,719b4369-62e5-4050-a85c-dca1f31313a3,b8199543-e27e-491c-8f43-8e417567c754,addf75e8-c004-42df-b8b8-31b3d025e91b,0a41d9da-64f6-4a6a-a847-34e18f759560,77c43d23-cdf2-45c6-b1b4-91d9fe8c57e7,95601a6b-7bc7-4f60-8d35-f3c5d21ddb89,c131dc6b-42ab-44bf-a392-17d7b3d3a6fc,70be93a3-9a50-456a-9ddb-15673b16ca86,16ce5bd7-c8c8-4f83-be5f-2ea3b1b46167
09-29 00:11:09.862  7613  7655 D WM-GreedyScheduler: Starting tracking for 8e399662-9d01-476c-b6ad-3ca2e397fbb9,7629b48e-078a-48de-9e72-4cc43dffd99c,a1f51c6c-d591-48e6-9e54-1869a68d8ba3,0de5c876-7b7e-42d7-a8f3-3a0716deff56,61a8429b-302c-422b-8adc-bdcb3213b867,9483589e-cfcb-4744-96df-d67bb1af297e,3a0a720a-c641-4298-8e74-66b8360904f9,5771bf82-917e-4abf-a6e1-db2f39ea7153,e232e0ed-f2cb-4277-9cb1-0dea725ce196,fdb2def7-3b18-4194-8f3a-0ab9c8e17363,dd9182fc-8432-48c5-8979-71de7938cdd7,9747308a-ae12-44c2-a176-0a5a00ff3d08,09608abf-e8ec-4f2e-b25d-6a9afc07890c,cdf06544-dc01-453d-9cb5-b12a24ba2253,719b4369-62e5-4050-a85c-dca1f31313a3,b8199543-e27e-491c-8f43-8e417567c754,addf75e8-c004-42df-b8b8-31b3d025e91b,0a41d9da-64f6-4a6a-a847-34e18f759560,77c43d23-cdf2-45c6-b1b4-91d9fe8c57e7,95601a6b-7bc7-4f60-8d35-f3c5d21ddb89,c131dc6b-42ab-44bf-a392-17d7b3d3a6fc,70be93a3-9a50-456a-9ddb-15673b16ca86,16ce5bd7-c8c8-4f83-be5f-2ea3b1b46167
09-29 00:11:09.870  7613  7655 D WM-GreedyScheduler: Starting tracking for 8e399662-9d01-476c-b6ad-3ca2e397fbb9,7629b48e-078a-48de-9e72-4cc43dffd99c,62393af5-049b-499b-9946-5f6ae35af179,a1f51c6c-d591-48e6-9e54-1869a68d8ba3,0de5c876-7b7e-42d7-a8f3-3a0716deff56,61a8429b-302c-422b-8adc-bdcb3213b867,9483589e-cfcb-4744-96df-d67bb1af297e,3a0a720a-c641-4298-8e74-66b8360904f9,5771bf82-917e-4abf-a6e1-db2f39ea7153,e232e0ed-f2cb-4277-9cb1-0dea725ce196,fdb2def7-3b18-4194-8f3a-0ab9c8e17363,dd9182fc-8432-48c5-8979-71de7938cdd7,9747308a-ae12-44c2-a176-0a5a00ff3d08,09608abf-e8ec-4f2e-b25d-6a9afc07890c,cdf06544-dc01-453d-9cb5-b12a24ba2253,719b4369-62e5-4050-a85c-dca1f31313a3,b8199543-e27e-491c-8f43-8e417567c754,addf75e8-c004-42df-b8b8-31b3d025e91b,0a41d9da-64f6-4a6a-a847-34e18f759560,77c43d23-cdf2-45c6-b1b4-91d9fe8c57e7,95601a6b-7bc7-4f60-8d35-f3c5d21ddb89,c131dc6b-42ab-44bf-a392-17d7b3d3a6fc,70be93a3-9a50-456a-9ddb-15673b16ca86,16ce5bd7-c8c8-4f83-be5f-2ea3b1b46167
09-29 00:11:09.871  7613  7655 D WM-Processor: Processor: processing WorkGenerationalId(workSpecId=0a41d9da-64f6-4a6a-a847-34e18f759560, generation=0)
09-29 00:11:09.875  7613  7655 D WM-GreedyScheduler: Starting tracking for 8e399662-9d01-476c-b6ad-3ca2e397fbb9,62393af5-049b-499b-9946-5f6ae35af179,a1f51c6c-d591-48e6-9e54-1869a68d8ba3,5771bf82-917e-4abf-a6e1-db2f39ea7153,e232e0ed-f2cb-4277-9cb1-0dea725ce196,dd9182fc-8432-48c5-8979-71de7938cdd7,cdf06544-dc01-453d-9cb5-b12a24ba2253,719b4369-62e5-4050-a85c-dca1f31313a3,0a41d9da-64f6-4a6a-a847-34e18f759560,77c43d23-cdf2-45c6-b1b4-91d9fe8c57e7,95601a6b-7bc7-4f60-8d35-f3c5d21ddb89,c131dc6b-42ab-44bf-a392-17d7b3d3a6fc,70be93a3-9a50-456a-9ddb-15673b16ca86,acae73cc-e56f-4e18-834a-03c7284f1238,7629b48e-078a-48de-9e72-4cc43dffd99c,0de5c876-7b7e-42d7-a8f3-3a0716deff56,61a8429b-302c-422b-8adc-bdcb3213b867,9483589e-cfcb-4744-96df-d67bb1af297e,3a0a720a-c641-4298-8e74-66b8360904f9,fdb2def7-3b18-4194-8f3a-0ab9c8e17363,9747308a-ae12-44c2-a176-0a5a00ff3d08,09608abf-e8ec-4f2e-b25d-6a9afc07890c,b8199543-e27e-491c-8f43-8e417567c754,addf75e8-c004-42df-b8b8-31b3d025e91b,16ce5bd7-c8c8-4f83-be5f-2ea3b1b46167
09-29 00:11:09.876  7613  7655 D WM-Processor: Processor: processing WorkGenerationalId(workSpecId=8e399662-9d01-476c-b6ad-3ca2e397fbb9, generation=0)
09-29 00:11:09.877  7613  7655 D WM-Processor: Processor: processing WorkGenerationalId(workSpecId=09608abf-e8ec-4f2e-b25d-6a9afc07890c, generation=0)
09-29 00:11:09.877  7613  7655 D WM-Processor: Processor: processing WorkGenerationalId(workSpecId=dd9182fc-8432-48c5-8979-71de7938cdd7, generation=0)
09-29 00:11:09.878  7613  7655 D WM-Processor: Processor: processing WorkGenerationalId(workSpecId=7629b48e-078a-48de-9e72-4cc43dffd99c, generation=0)
09-29 00:11:09.879  7613  7655 D WM-Processor: Processor: processing WorkGenerationalId(workSpecId=719b4369-62e5-4050-a85c-dca1f31313a3, generation=0)
09-29 00:11:09.879  7613  7655 D WM-Processor: Processor: processing WorkGenerationalId(workSpecId=9747308a-ae12-44c2-a176-0a5a00ff3d08, generation=0)
09-29 00:11:09.881  7613  7613 D WM-WorkerWrapper: Starting work for com.negi.survey.net.GitHubUploadWorker
09-29 00:11:09.881  7613  7655 D WM-Processor: Processor: processing WorkGenerationalId(workSpecId=77c43d23-cdf2-45c6-b1b4-91d9fe8c57e7, generation=0)
09-29 00:11:09.882  7613  7655 D WM-Processor: Processor: processing WorkGenerationalId(workSpecId=fdb2def7-3b18-4194-8f3a-0ab9c8e17363, generation=0)
09-29 00:11:09.883  7613  7655 D WM-Processor: Processor: processing WorkGenerationalId(workSpecId=5771bf82-917e-4abf-a6e1-db2f39ea7153, generation=0)
09-29 00:11:09.883  7613  7655 D WM-Processor: Processor: processing WorkGenerationalId(workSpecId=0de5c876-7b7e-42d7-a8f3-3a0716deff56, generation=0)
09-29 00:11:09.884  7613  7655 D WM-Processor: Processor: processing WorkGenerationalId(workSpecId=95601a6b-7bc7-4f60-8d35-f3c5d21ddb89, generation=0)
09-29 00:11:09.884  7613  7655 D WM-Processor: Processor: processing WorkGenerationalId(workSpecId=16ce5bd7-c8c8-4f83-be5f-2ea3b1b46167, generation=0)
09-29 00:11:09.886  7613  7655 D WM-Processor: Processor: processing WorkGenerationalId(workSpecId=c131dc6b-42ab-44bf-a392-17d7b3d3a6fc, generation=0)
09-29 00:11:09.887  7613  7655 D WM-Processor: Processor: processing WorkGenerationalId(workSpecId=addf75e8-c004-42df-b8b8-31b3d025e91b, generation=0)
09-29 00:11:09.889  7613  7613 D WM-WorkerWrapper: Starting work for com.negi.survey.net.GitHubUploadWorker
09-29 00:11:09.891  7613  7655 D WM-Processor: Processor: processing WorkGenerationalId(workSpecId=9483589e-cfcb-4744-96df-d67bb1af297e, generation=0)
09-29 00:11:09.893  7613  7613 D WM-WorkerWrapper: Starting work for com.negi.survey.net.GitHubUploadWorker
09-29 00:11:09.897  7613  7613 D WM-WorkerWrapper: Starting work for com.negi.survey.net.GitHubUploadWorker
09-29 00:11:09.897  7613  7613 D WM-WorkerWrapper: Starting work for com.negi.survey.net.GitHubUploadWorker
09-29 00:11:09.897  7613  7655 D WM-WorkConstraintsTrack: NetworkRequestConstraintController send initial capabilities
09-29 00:11:09.897  7613  7613 D WM-WorkerWrapper: Starting work for com.negi.survey.net.GitHubUploadWorker
09-29 00:11:09.898  7613  7613 D WM-WorkerWrapper: Starting work for com.negi.survey.net.GitHubUploadWorker
09-29 00:11:09.904  7613  7613 D WM-WorkerWrapper: Starting work for com.negi.survey.net.GitHubUploadWorker
09-29 00:11:09.907  7613  7613 D WM-WorkerWrapper: Starting work for com.negi.survey.net.GitHubUploadWorker
09-29 00:11:09.912  7613  7613 D WM-WorkerWrapper: Starting work for com.negi.survey.net.GitHubUploadWorker
09-29 00:11:09.915  7613  7613 D WM-WorkerWrapper: Starting work for com.negi.survey.net.GitHubUploadWorker
09-29 00:11:09.918  7613  7613 D WM-WorkerWrapper: Starting work for com.negi.survey.net.GitHubUploadWorker
09-29 00:11:09.921  7613  7613 D WM-WorkerWrapper: Starting work for com.negi.survey.net.GitHubUploadWorker
09-29 00:11:09.921  7613  7665 I WM-Processor: Moving WorkSpec (3a0a720a-c641-4298-8e74-66b8360904f9) to the foreground
09-29 00:11:09.924  7613  7721 D GitHubUploader: uploadStream: owner=ishizuki-tech repo=SurveyExports branch=main path=diagnostics/crash/2026-09-29/prevlog_20260929_051109_pid7613.log size=38013 maxRawBytesHint=1000000 maxRequestBytesHint=2800000
09-29 00:11:09.926  7613  7613 D WM-WorkerWrapper: Starting work for com.negi.survey.net.GitHubUploadWorker
09-29 00:11:09.929  7613  7655 D WM-WorkConstraintsTrack: NetworkRequestConstraintController send initial capabilities
09-29 00:11:09.929  7613  7613 D WM-WorkerWrapper: Starting work for com.negi.survey.net.GitHubUploadWorker
09-29 00:11:09.933  7613  7613 D WM-WorkerWrapper: Starting work for com.negi.survey.net.GitHubUploadWorker
09-29 00:11:09.935  7613  7613 D WM-WorkerWrapper: Starting work for com.negi.survey.net.GitHubUploadWorker
09-29 00:11:09.944  7613  7655 I WM-Processor: Moving WorkSpec (e232e0ed-f2cb-4277-9cb1-0dea725ce196) to the foreground
09-29 00:11:09.945  7613  7630 I com.negi.survey: Explicit concurrent mark compact GC freed 6696KB AllocSpace bytes, 31(2972KB) LOS objects, 78% free, 6809KB/30MB, paused 493us,1.274ms total 22.825ms
09-29 00:11:09.958  7613  7644 D GitHubUploader: uploadStream: owner=ishizuki-tech repo=SurveyExports branch=main path=diagnostics/crash/2026-09-29/prevlog_20260929_050936_pid6929.log size=38365 maxRawBytesHint=1000000 maxRequestBytesHint=2800000
09-29 00:11:09.959  7613  7613 I WM-SystemFgDispatcher: Started foreground service Intent { act=ACTION_START_FOREGROUND xflg=0x4 cmp=com.negi.survey/androidx.work.impl.foreground.SystemForegroundService (has extras) }
09-29 00:11:09.959  7613  7613 D WM-SystemFgDispatcher: Notifying with (id:4931, workSpecId: 3a0a720a-c641-4298-8e74-66b8360904f9, notificationType :1)
--------- beginning of system
09-29 00:11:09.959  7613  7613 I NotificationManager: com.negi.survey: notify(4931, null, Notification(channel=uploads shortcut=null contentView=null vibrate=null sound=null defaults=0 flags=ONGOING_EVENT|ONLY_ALERT_ONCE color=0x00000000 category=progress vis=PRIVATE semFlags=0x0 semPriority=0 semMissedCount=0 semScenarioType=0)) as user
09-29 00:11:09.961  7613  7655 D WM-WorkConstraintsTrack: NetworkRequestConstraintController send initial capabilities
09-29 00:11:09.961  7613  7655 D WM-WorkConstraintsTrack: NetworkRequestConstraintController send initial capabilities
09-29 00:11:09.961  7613  7655 D WM-WorkConstraintsTrack: NetworkRequestConstraintController send initial capabilities
09-29 00:11:09.962  7613  7655 I WM-Processor: Moving WorkSpec (0a41d9da-64f6-4a6a-a847-34e18f759560) to the foreground
09-29 00:11:09.963  7613  7613 D WM-SystemFgDispatcher: Notifying with (id:4931, workSpecId: 3a0a720a-c641-4298-8e74-66b8360904f9, notificationType :1)
09-29 00:11:09.963  7613  7613 I NotificationManager: com.negi.survey: notify(4931, null, Notification(channel=uploads shortcut=null contentView=null vibrate=null sound=null defaults=0 flags=ONGOING_EVENT|ONLY_ALERT_ONCE color=0x00000000 category=progress vis=PRIVATE semFlags=0x0 semPriority=0 semMissedCount=0 semScenarioType=0)) as user
09-29 00:11:09.970  7613  7655 D WM-WorkConstraintsTrack: NetworkRequestConstraintController send initial capabilities
09-29 00:11:09.970  7613  7655 D WM-WorkConstraintsTrack: NetworkRequestConstraintController send initial capabilities
09-29 00:11:09.971  7613  7655 D WM-WorkConstraintsTrack: NetworkRequestConstraintController send initial capabilities
09-29 00:11:09.971  7613  7646 D GitHubUploader: uploadStream: owner=ishizuki-tech repo=SurveyExports branch=main path=diagnostics/crash/2026-09-29/prevlog_20260929_050723_pid6169.log size=38481 maxRawBytesHint=1000000 maxRequestBytesHint=2800000
09-29 00:11:09.971  7613  7655 I WM-Processor: Moving WorkSpec (8e399662-9d01-476c-b6ad-3ca2e397fbb9) to the foreground
09-29 00:11:09.974  7613  7613 I WM-SystemFgDispatcher: Started foreground service Intent { act=ACTION_START_FOREGROUND xflg=0x4 cmp=com.negi.survey/androidx.work.impl.foreground.SystemForegroundService (has extras) }
09-29 00:11:09.974  7613  7613 D WM-SystemFgDispatcher: Notifying with (id:11118, workSpecId: e232e0ed-f2cb-4277-9cb1-0dea725ce196, notificationType :1)
09-29 00:11:09.974  7613  7613 I NotificationManager: com.negi.survey: notify(11118, null, Notification(channel=uploads shortcut=null contentView=null vibrate=null sound=null defaults=0 flags=ONGOING_EVENT|ONLY_ALERT_ONCE color=0x00000000 category=progress vis=PRIVATE semFlags=0x0 semPriority=0 semMissedCount=0 semScenarioType=0)) as user
09-29 00:11:09.976  7613  7655 I WM-Processor: Moving WorkSpec (09608abf-e8ec-4f2e-b25d-6a9afc07890c) to the foreground
09-29 00:11:09.977  7613  7724 D GitHubUploader: uploadStream: owner=ishizuki-tech repo=SurveyExports branch=main path=diagnostics/crash/2026-09-29/prevlog_20260929_050456_pid5727.log size=636176 maxRawBytesHint=1000000 maxRequestBytesHint=2800000
09-29 00:11:09.981  7613  7613 D WM-SystemFgDispatcher: Notifying with (id:11118, workSpecId: e232e0ed-f2cb-4277-9cb1-0dea725ce196, notificationType :1)
09-29 00:11:09.981  7613  7613 I NotificationManager: com.negi.survey: notify(11118, null, Notification(channel=uploads shortcut=null contentView=null vibrate=null sound=null defaults=0 flags=ONGOING_EVENT|ONLY_ALERT_ONCE color=0x00000000 category=progress vis=PRIVATE semFlags=0x0 semPriority=0 semMissedCount=0 semScenarioType=0)) as user
09-29 00:11:09.982  7613  7655 I WM-Processor: Moving WorkSpec (7629b48e-078a-48de-9e72-4cc43dffd99c) to the foreground
09-29 00:11:09.982  7613  7725 D GitHubUploader: uploadStream: owner=ishizuki-tech repo=SurveyExports branch=main path=diagnostics/crash/2026-09-29/prevlog_20260929_050248_pid5044.log size=38756 maxRawBytesHint=1000000 maxRequestBytesHint=2800000
09-29 00:11:09.989  7613  7655 I WM-Processor: Moving WorkSpec (dd9182fc-8432-48c5-8979-71de7938cdd7) to the foreground
09-29 00:11:09.990  7613  7726 D GitHubUploader: uploadStream: owner=ishizuki-tech repo=SurveyExports branch=main path=diagnostics/crash/2026-09-29/prevlog_20260929_045015_pid31884.log size=34409 maxRawBytesHint=1000000 maxRequestBytesHint=2800000
09-29 00:11:09.990  7613  7613 D WM-WorkerWrapper: Starting work for com.negi.survey.net.GitHubUploadWorker
09-29 00:11:09.993  7613  7613 I WM-SystemFgDispatcher: Started foreground service Intent { act=ACTION_START_FOREGROUND xflg=0x4 cmp=com.negi.survey/androidx.work.impl.foreground.SystemForegroundService (has extras) }
09-29 00:11:09.993  7613  7613 D WM-SystemFgDispatcher: Notifying with (id:8187, workSpecId: 0a41d9da-64f6-4a6a-a847-34e18f759560, notificationType :1)
09-29 00:11:09.993  7613  7613 I NotificationManager: com.negi.survey: notify(8187, null, Notification(channel=uploads shortcut=null contentView=null vibrate=null sound=null defaults=0 flags=ONGOING_EVENT|ONLY_ALERT_ONCE color=0x00000000 category=progress vis=PRIVATE semFlags=0x0 semPriority=0 semMissedCount=0 semScenarioType=0)) as user
09-29 00:11:09.997  7613  7655 D WM-WorkConstraintsTrack: NetworkRequestConstraintController send initial capabilities
09-29 00:11:09.998  7613  7727 D GitHubUploader: uploadStream: owner=ishizuki-tech repo=SurveyExports branch=main path=diagnostics/crash/2026-09-29/prevlog_20260929_050153_pid4771.log size=71078 maxRawBytesHint=1000000 maxRequestBytesHint=2800000
09-29 00:11:09.998  7613  7655 I WM-Processor: Moving WorkSpec (719b4369-62e5-4050-a85c-dca1f31313a3) to the foreground
09-29 00:11:09.999  7613  7613 D WM-SystemFgDispatcher: Notifying with (id:8187, workSpecId: 0a41d9da-64f6-4a6a-a847-34e18f759560, notificationType :1)
09-29 00:11:09.999  7613  7613 I NotificationManager: com.negi.survey: notify(8187, null, Notification(channel=uploads shortcut=null contentView=null vibrate=null sound=null defaults=0 flags=ONGOING_EVENT|ONLY_ALERT_ONCE color=0x00000000 category=progress vis=PRIVATE semFlags=0x0 semPriority=0 semMissedCount=0 semScenarioType=0)) as user
09-29 00:11:10.004  7613  7655 I WM-Processor: Moving WorkSpec (9747308a-ae12-44c2-a176-0a5a00ff3d08) to the foreground
09-29 00:11:10.004  7613  7728 D GitHubUploader: uploadStream: owner=ishizuki-tech repo=SurveyExports branch=main path=diagnostics/crash/2026-09-29/prevlog_20260929_040452_pid25868.log size=39042 maxRawBytesHint=1000000 maxRequestBytesHint=2800000
09-29 00:11:10.007  7613  7613 I WM-SystemFgDispatcher: Started foreground service Intent { act=ACTION_START_FOREGROUND xflg=0x4 cmp=com.negi.survey/androidx.work.impl.foreground.SystemForegroundService (has extras) }
09-29 00:11:10.007  7613  7613 D WM-SystemFgDispatcher: Notifying with (id:6101, workSpecId: 8e399662-9d01-476c-b6ad-3ca2e397fbb9, notificationType :1)
09-29 00:11:10.008  7613  7613 I NotificationManager: com.negi.survey: notify(6101, null, Notification(channel=uploads shortcut=null contentView=null vibrate=null sound=null defaults=0 flags=ONGOING_EVENT|ONLY_ALERT_ONCE color=0x00000000 category=progress vis=PRIVATE semFlags=0x0 semPriority=0 semMissedCount=0 semScenarioType=0)) as user
09-29 00:11:10.012  7613  7655 D WM-WorkConstraintsTrack: NetworkRequestConstraintController send initial capabilities
09-29 00:11:10.013  7613  7655 D WM-WorkConstraintsTrack: NetworkRequestConstraintController send initial capabilities
09-29 00:11:10.014  7613  7729 D GitHubUploader: uploadStream: owner=ishizuki-tech repo=SurveyExports branch=main path=diagnostics/crash/2026-09-29/prevlog_20260929_040312_pid24508.log size=38190 maxRawBytesHint=1000000 maxRequestBytesHint=2800000
09-29 00:11:10.014  7613  7613 D WM-SystemFgDispatcher: Notifying with (id:6101, workSpecId: 8e399662-9d01-476c-b6ad-3ca2e397fbb9, notificationType :1)
09-29 00:11:10.014  7613  7655 I WM-Processor: Moving WorkSpec (77c43d23-cdf2-45c6-b1b4-91d9fe8c57e7) to the foreground
09-29 00:11:10.014  7613  7613 I NotificationManager: com.negi.survey: notify(6101, null, Notification(channel=uploads shortcut=null contentView=null vibrate=null sound=null defaults=0 flags=ONGOING_EVENT|ONLY_ALERT_ONCE color=0x00000000 category=progress vis=PRIVATE semFlags=0x0 semPriority=0 semMissedCount=0 semScenarioType=0)) as user
09-29 00:11:10.016  7613  7655 D WM-WorkConstraintsTrack: NetworkRequestConstraintController send initial capabilities
09-29 00:11:10.017  7613  7730 D GitHubUploader: uploadStream: owner=ishizuki-tech repo=SurveyExports branch=main path=diagnostics/crash/2026-09-29/prevlog_20260929_040138_pid23536.log size=38710 maxRawBytesHint=1000000 maxRequestBytesHint=2800000
09-29 00:11:10.017  7613  7655 I WM-Processor: Moving WorkSpec (fdb2def7-3b18-4194-8f3a-0ab9c8e17363) to the foreground
09-29 00:11:10.017  7613  7613 I WM-SystemFgDispatcher: Started foreground service Intent { act=ACTION_START_FOREGROUND xflg=0x4 cmp=com.negi.survey/androidx.work.impl.foreground.SystemForegroundService (has extras) }
09-29 00:11:10.017  7613  7613 D WM-SystemFgDispatcher: Notifying with (id:8012, workSpecId: 09608abf-e8ec-4f2e-b25d-6a9afc07890c, notificationType :1)
09-29 00:11:10.017  7613  7613 I NotificationManager: com.negi.survey: notify(8012, null, Notification(channel=uploads shortcut=null contentView=null vibrate=null sound=null defaults=0 flags=ONGOING_EVENT|ONLY_ALERT_ONCE color=0x00000000 category=progress vis=PRIVATE semFlags=0x0 semPriority=0 semMissedCount=0 semScenarioType=0)) as user
09-29 00:11:10.020  7613  7655 D WM-WorkConstraintsTrack: NetworkRequestConstraintController send initial capabilities
09-29 00:11:10.021  7613  7655 I WM-Processor: Moving WorkSpec (5771bf82-917e-4abf-a6e1-db2f39ea7153) to the foreground
09-29 00:11:10.021  7613  7731 D GitHubUploader: uploadStream: owner=ishizuki-tech repo=SurveyExports branch=main path=diagnostics/crash/2026-09-29/prevlog_20260929_035000_pid21454.log size=38206 maxRawBytesHint=1000000 maxRequestBytesHint=2800000
09-29 00:11:10.026  7613  7655 I WM-Processor: Moving WorkSpec (0de5c876-7b7e-42d7-a8f3-3a0716deff56) to the foreground
09-29 00:11:10.027  7613  7732 D GitHubUploader: uploadStream: owner=ishizuki-tech repo=SurveyExports branch=main path=diagnostics/crash/2026-09-29/prevlog_20260929_034820_pid20468.log size=37972 maxRawBytesHint=1000000 maxRequestBytesHint=2800000
09-29 00:11:10.027  7613  7613 D WM-SystemFgDispatcher: Notifying with (id:8012, workSpecId: 09608abf-e8ec-4f2e-b25d-6a9afc07890c, notificationType :1)
09-29 00:11:10.027  7613  7613 I NotificationManager: com.negi.survey: notify(8012, null, Notification(channel=uploads shortcut=null contentView=null vibrate=null sound=null defaults=0 flags=ONGOING_EVENT|ONLY_ALERT_ONCE color=0x00000000 category=progress vis=PRIVATE semFlags=0x0 semPriority=0 semMissedCount=0 semScenarioType=0)) as user
09-29 00:11:10.029  7613  7655 D WM-WorkProgressUpdater: Updating progress for 3a0a720a-c641-4298-8e74-66b8360904f9 (Data {pct : 0, mode : file})
09-29 00:11:10.030  7613  7733 D GitHubUploader: uploadStream: owner=ishizuki-tech repo=SurveyExports branch=main path=diagnostics/crash/2026-09-29/prevlog_20260929_033935_pid19041.log size=39042 maxRawBytesHint=1000000 maxRequestBytesHint=2800000
09-29 00:11:10.030  7613  7613 I WM-SystemFgDispatcher: Started foreground service Intent { act=ACTION_START_FOREGROUND xflg=0x4 cmp=com.negi.survey/androidx.work.impl.foreground.SystemForegroundService (has extras) }
09-29 00:11:10.030  7613  7613 D WM-SystemFgDispatcher: Notifying with (id:3775, workSpecId: 7629b48e-078a-48de-9e72-4cc43dffd99c, notificationType :1)
09-29 00:11:10.031  7613  7613 I NotificationManager: com.negi.survey: notify(3775, null, Notification(channel=uploads shortcut=null contentView=null vibrate=null sound=null defaults=0 flags=ONGOING_EVENT|ONLY_ALERT_ONCE color=0x00000000 category=progress vis=PRIVATE semFlags=0x0 semPriority=0 semMissedCount=0 semScenarioType=0)) as user
09-29 00:11:10.031  7613  7655 I WM-Processor: Moving WorkSpec (3a0a720a-c641-4298-8e74-66b8360904f9) to the foreground
09-29 00:11:10.033  7613  7655 D WM-WorkConstraintsTrack: NetworkRequestConstraintController send initial capabilities
09-29 00:11:10.034  7613  7655 D WM-WorkConstraintsTrack: NetworkRequestConstraintController send initial capabilities
09-29 00:11:10.035  7613  7655 I WM-Processor: Moving WorkSpec (95601a6b-7bc7-4f60-8d35-f3c5d21ddb89) to the foreground
09-29 00:11:10.036  7613  7613 D WM-SystemFgDispatcher: Notifying with (id:3775, workSpecId: 7629b48e-078a-48de-9e72-4cc43dffd99c, notificationType :1)
09-29 00:11:10.036  7613  7613 I NotificationManager: com.negi.survey: notify(3775, null, Notification(channel=uploads shortcut=null contentView=null vibrate=null sound=null defaults=0 flags=ONGOING_EVENT|ONLY_ALERT_ONCE color=0x00000000 category=progress vis=PRIVATE semFlags=0x0 semPriority=0 semMissedCount=0 semScenarioType=0)) as user
09-29 00:11:10.039  7613  7655 D WM-WorkConstraintsTrack: NetworkRequestConstraintController send initial capabilities
09-29 00:11:10.039  7613  7734 D GitHubUploader: uploadStream: owner=ishizuki-tech repo=SurveyExports branch=main path=diagnostics/crash/2026-09-29/prevlog_20260929_033838_pid18262.log size=39097 maxRawBytesHint=1000000 maxRequestBytesHint=2800000
09-29 00:11:10.040  7613  7655 I WM-Processor: Moving WorkSpec (16ce5bd7-c8c8-4f83-be5f-2ea3b1b46167) to the foreground
09-29 00:11:10.042  7613  7613 I WM-SystemFgDispatcher: Started foreground service Intent { act=ACTION_START_FOREGROUND xflg=0x4 cmp=com.negi.survey/androidx.work.impl.foreground.SystemForegroundService (has extras) }
09-29 00:11:10.042  7613  7613 D WM-SystemFgDispatcher: Notifying with (id:4313, workSpecId: dd9182fc-8432-48c5-8979-71de7938cdd7, notificationType :1)
09-29 00:11:10.042  7613  7613 I NotificationManager: com.negi.survey: notify(4313, null, Notification(channel=uploads shortcut=null contentView=null vibrate=null sound=null defaults=0 flags=ONGOING_EVENT|ONLY_ALERT_ONCE color=0x00000000 category=progress vis=PRIVATE semFlags=0x0 semPriority=0 semMissedCount=0 semScenarioType=0)) as user
09-29 00:11:10.043  7613  7655 D WM-WorkConstraintsTrack: NetworkRequestConstraintController send initial capabilities
09-29 00:11:10.044  7613  7735 D GitHubUploader: uploadStream: owner=ishizuki-tech repo=SurveyExports branch=main path=diagnostics/crash/2026-09-29/prevlog_20260929_033604_pid16917.log size=38832 maxRawBytesHint=1000000 maxRequestBytesHint=2800000
09-29 00:11:10.044  7613  7655 I WM-Processor: Moving WorkSpec (c131dc6b-42ab-44bf-a392-17d7b3d3a6fc) to the foreground
09-29 00:11:10.046  7613  7736 D GitHubUploader: uploadStream: owner=ishizuki-tech repo=SurveyExports branch=main path=diagnostics/crash/2026-09-29/prevlog_20260929_033543_pid16589.log size=550553 maxRawBytesHint=1000000 maxRequestBytesHint=2800000
09-29 00:11:10.047  7613  7655 I WM-Processor: Moving WorkSpec (addf75e8-c004-42df-b8b8-31b3d025e91b) to the foreground
09-29 00:11:10.050  7613  7613 D WM-SystemFgDispatcher: Notifying with (id:4313, workSpecId: dd9182fc-8432-48c5-8979-71de7938cdd7, notificationType :1)
09-29 00:11:10.050  7613  7613 I NotificationManager: com.negi.survey: notify(4313, null, Notification(channel=uploads shortcut=null contentView=null vibrate=null sound=null defaults=0 flags=ONGOING_EVENT|ONLY_ALERT_ONCE color=0x00000000 category=progress vis=PRIVATE semFlags=0x0 semPriority=0 semMissedCount=0 semScenarioType=0)) as user
09-29 00:11:10.053  7613  7645 D GitHubUploader: uploadStream: done url=https://github.com/ishizuki-tech/SurveyExports/blob/main/diagnostics/runtime_logs/2026-09-29/runtime_logs_startup_runtime_20260929_051106_992bdff7_receiver_boot_completed/runtime_log_20260929_051108_448_pid7613_receiver_boot_completed__rtlog_20260929_051106_884_pid7613_seq1.log sha=baac6d37040fe467cfeb1feb562b4dd48ca84724
09-29 00:11:10.054  7613  7737 D GitHubUploader: uploadStream: owner=ishizuki-tech repo=SurveyExports branch=main path=diagnostics/crash/2026-09-29/prevlog_20260929_032149_pid13009.log size=37977 maxRawBytesHint=1000000 maxRequestBytesHint=2800000
09-29 00:11:10.054  7613  7665 D WM-WorkProgressUpdater: Updating progress for e232e0ed-f2cb-4277-9cb1-0dea725ce196 (Data {pct : 0, mode : file})
09-29 00:11:10.054  7613  7613 I WM-SystemFgDispatcher: Started foreground service Intent { act=ACTION_START_FOREGROUND xflg=0x4 cmp=com.negi.survey/androidx.work.impl.foreground.SystemForegroundService (has extras) }
09-29 00:11:10.054  7613  7613 D WM-SystemFgDispatcher: Notifying with (id:10841, workSpecId: 719b4369-62e5-4050-a85c-dca1f31313a3, notificationType :1)
09-29 00:11:10.054  7613  7613 I NotificationManager: com.negi.survey: notify(10841, null, Notification(channel=uploads shortcut=null contentView=null vibrate=null sound=null defaults=0 flags=ONGOING_EVENT|ONLY_ALERT_ONCE color=0x00000000 category=progress vis=PRIVATE semFlags=0x0 semPriority=0 semMissedCount=0 semScenarioType=0)) as user
09-29 00:11:10.056  7613  7645 D RuntimeLogStore: deleteRolledLogFiles: deleted=1 excludeActive=true active=rtlog_20260929_051108_443_pid7613_seq2.log
09-29 00:11:10.056  7613  7665 I WM-Processor: Moving WorkSpec (e232e0ed-f2cb-4277-9cb1-0dea725ce196) to the foreground
09-29 00:11:10.056  7613  7645 D GitHubUploader: uploadStream: owner=ishizuki-tech repo=SurveyExports branch=main path=diagnostics/runtime_logs/2026-09-29/runtime_logs_startup_runtime_20260929_051106_992bdff7_receiver_boot_completed/runtime_log_20260929_051108_448_pid7613_receiver_boot_completed__rtlog_20260929_050935_259_pid6929_seq2.log size=8929 maxRawBytesHint=1000000 maxRequestBytesHint=2800000
09-29 00:11:10.057  7613  7666 D WM-WorkConstraintsTrack: NetworkRequestConstraintController send initial capabilities
09-29 00:11:10.057  7613  7666 D WM-WorkConstraintsTrack: NetworkRequestConstraintController send initial capabilities
09-29 00:11:10.058  7613  7666 D WM-WorkConstraintsTrack: NetworkRequestConstraintController send initial capabilities
09-29 00:11:10.058  7613  7666 D WM-WorkConstraintsTrack: NetworkRequestConstraintController send initial capabilities
09-29 00:11:10.058  7613  7666 D WM-WorkConstraintsTrack: NetworkRequestConstraintController send initial capabilities
09-29 00:11:10.058  7613  7666 D WM-WorkConstraintsTrack: NetworkRequestConstraintController send initial capabilities
09-29 00:11:10.058  7613  7666 D WM-WorkConstraintsTrack: NetworkRequestConstraintController send initial capabilities
09-29 00:11:10.059  7613  7666 D WM-WorkConstraintsTrack: NetworkRequestConstraintController send initial capabilities
09-29 00:11:10.059  7613  7666 D WM-GreedyScheduler: Constraints met: Scheduling work ID WorkGenerationalId(workSpecId=3a0a720a-c641-4298-8e74-66b8360904f9, generation=0)
09-29 00:11:10.060  7613  7666 D WM-WorkProgressUpdater: Updating progress for 0a41d9da-64f6-4a6a-a847-34e18f759560 (Data {pct : 0, mode : file})
09-29 00:11:10.060  7613  7613 D WM-SystemFgDispatcher: Notifying with (id:10841, workSpecId: 719b4369-62e5-4050-a85c-dca1f31313a3, notificationType :1)
09-29 00:11:10.060  7613  7613 I NotificationManager: com.negi.survey: notify(10841, null, Notification(channel=uploads shortcut=null contentView=null vibrate=null sound=null defaults=0 flags=ONGOING_EVENT|ONLY_ALERT_ONCE color=0x00000000 category=progress vis=PRIVATE semFlags=0x0 semPriority=0 semMissedCount=0 semScenarioType=0)) as user
09-29 00:11:10.062  7613  7666 I WM-Processor: Moving WorkSpec (0a41d9da-64f6-4a6a-a847-34e18f759560) to the foreground
09-29 00:11:10.064  7613  7666 D WM-WorkProgressUpdater: Updating progress for 8e399662-9d01-476c-b6ad-3ca2e397fbb9 (Data {pct : 0, mode : file})
09-29 00:11:10.064  7613  7613 I WM-SystemFgDispatcher: Started foreground service Intent { act=ACTION_START_FOREGROUND xflg=0x4 cmp=com.negi.survey/androidx.work.impl.foreground.SystemForegroundService (has extras) }
09-29 00:11:10.064  7613  7613 D WM-SystemFgDispatcher: Notifying with (id:3220, workSpecId: 9747308a-ae12-44c2-a176-0a5a00ff3d08, notificationType :1)
09-29 00:11:10.064  7613  7613 I NotificationManager: com.negi.survey: notify(3220, null, Notification(channel=uploads shortcut=null contentView=null vibrate=null sound=null defaults=0 flags=ONGOING_EVENT|ONLY_ALERT_ONCE color=0x00000000 category=progress vis=PRIVATE semFlags=0x0 semPriority=0 semMissedCount=0 semScenarioType=0)) as user
09-29 00:11:10.066  7613  7665 I WM-Processor: Moving WorkSpec (8e399662-9d01-476c-b6ad-3ca2e397fbb9) to the foreground
09-29 00:11:10.067  7613  7665 D WM-WorkProgressUpdater: Updating progress for 09608abf-e8ec-4f2e-b25d-6a9afc07890c (Data {pct : 0, mode : file})
09-29 00:11:10.068  7613  7613 D WM-SystemFgDispatcher: Notifying with (id:3220, workSpecId: 9747308a-ae12-44c2-a176-0a5a00ff3d08, notificationType :1)
09-29 00:11:10.068  7613  7613 I NotificationManager: com.negi.survey: notify(3220, null, Notification(channel=uploads shortcut=null contentView=null vibrate=null sound=null defaults=0 flags=ONGOING_EVENT|ONLY_ALERT_ONCE color=0x00000000 category=progress vis=PRIVATE semFlags=0x0 semPriority=0 semMissedCount=0 semScenarioType=0)) as user
09-29 00:11:10.069  7613  7665 I WM-Processor: Moving WorkSpec (09608abf-e8ec-4f2e-b25d-6a9afc07890c) to the foreground
09-29 00:11:10.071  7613  7665 D WM-WorkProgressUpdater: Updating progress for 7629b48e-078a-48de-9e72-4cc43dffd99c (Data {pct : 0, mode : file})
09-29 00:11:10.072  7613  7665 I WM-Processor: Moving WorkSpec (7629b48e-078a-48de-9e72-4cc43dffd99c) to the foreground
09-29 00:11:10.073  7613  7613 I WM-SystemFgDispatcher: Started foreground service Intent { act=ACTION_START_FOREGROUND xflg=0x4 cmp=com.negi.survey/androidx.work.impl.foreground.SystemForegroundService (has extras) }
09-29 00:11:10.073  7613  7613 D WM-SystemFgDispatcher: Notifying with (id:10160, workSpecId: 77c43d23-cdf2-45c6-b1b4-91d9fe8c57e7, notificationType :1)
09-29 00:11:10.074  7613  7613 I NotificationManager: com.negi.survey: notify(10160, null, Notification(channel=uploads shortcut=null contentView=null vibrate=null sound=null defaults=0 flags=ONGOING_EVENT|ONLY_ALERT_ONCE color=0x00000000 category=progress vis=PRIVATE semFlags=0x0 semPriority=0 semMissedCount=0 semScenarioType=0)) as user
09-29 00:11:10.078  7613  7613 D WM-SystemFgDispatcher: Notifying with (id:10160, workSpecId: 77c43d23-cdf2-45c6-b1b4-91d9fe8c57e7, notificationType :1)
09-29 00:11:10.078  7613  7613 I NotificationManager: com.negi.survey: notify(10160, null, Notification(channel=uploads shortcut=null contentView=null vibrate=null sound=null defaults=0 flags=ONGOING_EVENT|ONLY_ALERT_ONCE color=0x00000000 category=progress vis=PRIVATE semFlags=0x0 semPriority=0 semMissedCount=0 semScenarioType=0)) as user
09-29 00:11:10.081  7613  7665 I WM-Processor: Moving WorkSpec (9483589e-cfcb-4744-96df-d67bb1af297e) to the foreground
09-29 00:11:10.082  7613  7613 I WM-SystemFgDispatcher: Started foreground service Intent { act=ACTION_START_FOREGROUND xflg=0x4 cmp=com.negi.survey/androidx.work.impl.foreground.SystemForegroundService (has extras) }
09-29 00:11:10.082  7613  7613 D WM-SystemFgDispatcher: Notifying with (id:7492, workSpecId: fdb2def7-3b18-4194-8f3a-0ab9c8e17363, notificationType :1)
09-29 00:11:10.082  7613  7613 I NotificationManager: com.negi.survey: notify(7492, null, Notification(channel=uploads shortcut=null contentView=null vibrate=null sound=null defaults=0 flags=ONGOING_EVENT|ONLY_ALERT_ONCE color=0x00000000 category=progress vis=PRIVATE semFlags=0x0 semPriority=0 semMissedCount=0 semScenarioType=0)) as user
09-29 00:11:10.084  7613  7665 D WM-WorkProgressUpdater: Updating progress for dd9182fc-8432-48c5-8979-71de7938cdd7 (Data {pct : 0, mode : file})
09-29 00:11:10.085  7613  7613 D WM-SystemFgDispatcher: Notifying with (id:7492, workSpecId: fdb2def7-3b18-4194-8f3a-0ab9c8e17363, notificationType :1)
09-29 00:11:10.085  7613  7738 D GitHubUploader: uploadStream: owner=ishizuki-tech repo=SurveyExports branch=main path=diagnostics/crash/2026-09-29/prevlog_20260929_032054_pid12589.log size=351716 maxRawBytesHint=1000000 maxRequestBytesHint=2800000
09-29 00:11:10.085  7613  7613 I NotificationManager: com.negi.survey: notify(7492, null, Notification(channel=uploads shortcut=null contentView=null vibrate=null sound=null defaults=0 flags=ONGOING_EVENT|ONLY_ALERT_ONCE color=0x00000000 category=progress vis=PRIVATE semFlags=0x0 semPriority=0 semMissedCount=0 semScenarioType=0)) as user
09-29 00:11:10.086  7613  7665 I WM-Processor: Moving WorkSpec (dd9182fc-8432-48c5-8979-71de7938cdd7) to the foreground
09-29 00:11:10.087  7613  7665 D WM-WorkProgressUpdater: Updating progress for 719b4369-62e5-4050-a85c-dca1f31313a3 (Data {pct : 0, mode : file})
09-29 00:11:10.089  7613  7665 I WM-Processor: Moving WorkSpec (719b4369-62e5-4050-a85c-dca1f31313a3) to the foreground
09-29 00:11:10.089  7613  7613 I WM-SystemFgDispatcher: Started foreground service Intent { act=ACTION_START_FOREGROUND xflg=0x4 cmp=com.negi.survey/androidx.work.impl.foreground.SystemForegroundService (has extras) }
09-29 00:11:10.089  7613  7613 D WM-SystemFgDispatcher: Notifying with (id:8044, workSpecId: 5771bf82-917e-4abf-a6e1-db2f39ea7153, notificationType :1)
09-29 00:11:10.089  7613  7613 I NotificationManager: com.negi.survey: notify(8044, null, Notification(channel=uploads shortcut=null contentView=null vibrate=null sound=null defaults=0 flags=ONGOING_EVENT|ONLY_ALERT_ONCE color=0x00000000 category=progress vis=PRIVATE semFlags=0x0 semPriority=0 semMissedCount=0 semScenarioType=0)) as user
09-29 00:11:10.090  7613  7655 D WM-WorkProgressUpdater: Updating progress for 9747308a-ae12-44c2-a176-0a5a00ff3d08 (Data {pct : 0, mode : file})
09-29 00:11:10.092  7613  7613 D WM-SystemFgDispatcher: Notifying with (id:8044, workSpecId: 5771bf82-917e-4abf-a6e1-db2f39ea7153, notificationType :1)
09-29 00:11:10.092  7613  7655 I WM-Processor: Moving WorkSpec (9747308a-ae12-44c2-a176-0a5a00ff3d08) to the foreground
09-29 00:11:10.092  7613  7613 I NotificationManager: com.negi.survey: notify(8044, null, Notification(channel=uploads shortcut=null contentView=null vibrate=null sound=null defaults=0 flags=ONGOING_EVENT|ONLY_ALERT_ONCE color=0x00000000 category=progress vis=PRIVATE semFlags=0x0 semPriority=0 semMissedCount=0 semScenarioType=0)) as user
09-29 00:11:10.094  7613  7655 D WM-WorkProgressUpdater: Updating progress for 77c43d23-cdf2-45c6-b1b4-91d9fe8c57e7 (Data {pct : 0, mode : file})
09-29 00:11:10.095  7613  7613 I WM-SystemFgDispatcher: Started foreground service Intent { act=ACTION_START_FOREGROUND xflg=0x4 cmp=com.negi.survey/androidx.work.impl.foreground.SystemForegroundService (has extras) }
09-29 00:11:10.095  7613  7613 D WM-SystemFgDispatcher: Notifying with (id:3300, workSpecId: 0de5c876-7b7e-42d7-a8f3-3a0716deff56, notificationType :1)
09-29 00:11:10.096  7613  7613 I NotificationManager: com.negi.survey: notify(3300, null, Notification(channel=uploads shortcut=null contentView=null vibrate=null sound=null defaults=0 flags=ONGOING_EVENT|ONLY_ALERT_ONCE color=0x00000000 category=progress vis=PRIVATE semFlags=0x0 semPriority=0 semMissedCount=0 semScenarioType=0)) as user
09-29 00:11:10.096  7613  7655 I WM-Processor: Moving WorkSpec (77c43d23-cdf2-45c6-b1b4-91d9fe8c57e7) to the foreground
09-29 00:11:10.098  7613  7655 D WM-WorkProgressUpdater: Updating progress for fdb2def7-3b18-4194-8f3a-0ab9c8e17363 (Data {pct : 0, mode : file})
09-29 00:11:10.100  7613  7613 D WM-SystemFgDispatcher: Notifying with (id:3300, workSpecId: 0de5c876-7b7e-42d7-a8f3-3a0716deff56, notificationType :1)
09-29 00:11:10.100  7613  7655 I WM-Processor: Moving WorkSpec (fdb2def7-3b18-4194-8f3a-0ab9c8e17363) to the foreground
09-29 00:11:10.100  7613  7613 I NotificationManager: com.negi.survey: notify(3300, null, Notification(channel=uploads shortcut=null contentView=null vibrate=null sound=null defaults=0 flags=ONGOING_EVENT|ONLY_ALERT_ONCE color=0x00000000 category=progress vis=PRIVATE semFlags=0x0 semPriority=0 semMissedCount=0 semScenarioType=0)) as user
09-29 00:11:10.102  7613  7655 D WM-WorkProgressUpdater: Updating progress for 5771bf82-917e-4abf-a6e1-db2f39ea7153 (Data {pct : 0, mode : file})
09-29 00:11:10.104  7613  7655 I WM-Processor: Moving WorkSpec (5771bf82-917e-4abf-a6e1-db2f39ea7153) to the foreground
09-29 00:11:10.104  7613  7613 D WM-SystemFgDispatcher: Notifying with (id:4931, workSpecId: 3a0a720a-c641-4298-8e74-66b8360904f9, notificationType :1)
09-29 00:11:10.105  7613  7613 I NotificationManager: com.negi.survey: notify(4931, null, Notification(channel=uploads shortcut=null contentView=null vibrate=null sound=null defaults=0 flags=ONGOING_EVENT|ONLY_ALERT_ONCE color=0x00000000 category=progress vis=PRIVATE semFlags=0x0 semPriority=0 semMissedCount=0 semScenarioType=0)) as user
09-29 00:11:10.106  7613  7655 D WM-WorkProgressUpdater: Updating progress for 0de5c876-7b7e-42d7-a8f3-3a0716deff56 (Data {pct : 0, mode : file})
09-29 00:11:10.107  7613  7655 I WM-Processor: Moving WorkSpec (0de5c876-7b7e-42d7-a8f3-3a0716deff56) to the foreground
09-29 00:11:10.109  7613  7655 D WM-GreedyScheduler: Constraints met: Scheduling work ID WorkGenerationalId(workSpecId=e232e0ed-f2cb-4277-9cb1-0dea725ce196, generation=0)
09-29 00:11:10.109  7613  7655 D WM-WorkProgressUpdater: Updating progress for 95601a6b-7bc7-4f60-8d35-f3c5d21ddb89 (Data {pct : 0, mode : file})
09-29 00:11:10.109  7613  7613 I WM-SystemFgDispatcher: Started foreground service Intent { act=ACTION_START_FOREGROUND xflg=0x4 cmp=com.negi.survey/androidx.work.impl.foreground.SystemForegroundService (has extras) }
09-29 00:11:10.109  7613  7613 D WM-SystemFgDispatcher: Notifying with (id:4588, workSpecId: 95601a6b-7bc7-4f60-8d35-f3c5d21ddb89, notificationType :1)
09-29 00:11:10.110  7613  7613 I NotificationManager: com.negi.survey: notify(4588, null, Notification(channel=uploads shortcut=null contentView=null vibrate=null sound=null defaults=0 flags=ONGOING_EVENT|ONLY_ALERT_ONCE color=0x00000000 category=progress vis=PRIVATE semFlags=0x0 semPriority=0 semMissedCount=0 semScenarioType=0)) as user
09-29 00:11:10.111  7613  7655 I WM-Processor: Moving WorkSpec (95601a6b-7bc7-4f60-8d35-f3c5d21ddb89) to the foreground
09-29 00:11:10.112  7613  7655 D WM-WorkProgressUpdater: Updating progress for 16ce5bd7-c8c8-4f83-be5f-2ea3b1b46167 (Data {pct : 0, mode : file})
09-29 00:11:10.113  7613  7613 D WM-SystemFgDispatcher: Notifying with (id:4588, workSpecId: 95601a6b-7bc7-4f60-8d35-f3c5d21ddb89, notificationType :1)
09-29 00:11:10.113  7613  7613 I NotificationManager: com.negi.survey: notify(4588, null, Notification(channel=uploads shortcut=null contentView=null vibrate=null sound=null defaults=0 flags=ONGOING_EVENT|ONLY_ALERT_ONCE color=0x00000000 category=progress vis=PRIVATE semFlags=0x0 semPriority=0 semMissedCount=0 semScenarioType=0)) as user
09-29 00:11:10.114  7613  7655 I WM-Processor: Moving WorkSpec (16ce5bd7-c8c8-4f83-be5f-2ea3b1b46167) to the foreground
09-29 00:11:10.116  7613  7655 D WM-WorkProgressUpdater: Updating progress for c131dc6b-42ab-44bf-a392-17d7b3d3a6fc (Data {pct : 0, mode : file})
09-29 00:11:10.118  7613  7655 I WM-Processor: Moving WorkSpec (c131dc6b-42ab-44bf-a392-17d7b3d3a6fc) to the foreground
09-29 00:11:10.118  7613  7613 I WM-SystemFgDispatcher: Started foreground service Intent { act=ACTION_START_FOREGROUND xflg=0x4 cmp=com.negi.survey/androidx.work.impl.foreground.SystemForegroundService (has extras) }
09-29 00:11:10.118  7613  7613 D WM-SystemFgDispatcher: Notifying with (id:6356, workSpecId: 16ce5bd7-c8c8-4f83-be5f-2ea3b1b46167, notificationType :1)
09-29 00:11:10.118  7613  7613 I NotificationManager: com.negi.survey: notify(6356, null, Notification(channel=uploads shortcut=null contentView=null vibrate=null sound=null defaults=0 flags=ONGOING_EVENT|ONLY_ALERT_ONCE color=0x00000000 category=progress vis=PRIVATE semFlags=0x0 semPriority=0 semMissedCount=0 semScenarioType=0)) as user
09-29 00:11:10.119  7613  7655 D WM-WorkProgressUpdater: Updating progress for f5502e1c-ae43-462f-92a9-b075b92d78ea (Data {pct : 38, mode : startup_runtime_logs})
09-29 00:11:10.121  7613  7655 I WM-Processor: Moving WorkSpec (f5502e1c-ae43-462f-92a9-b075b92d78ea) to the foreground
09-29 00:11:10.121  7613  7613 D WM-SystemFgDispatcher: Notifying with (id:6356, workSpecId: 16ce5bd7-c8c8-4f83-be5f-2ea3b1b46167, notificationType :1)
09-29 00:11:10.121  7613  7613 I NotificationManager: com.negi.survey: notify(6356, null, Notification(channel=uploads shortcut=null contentView=null vibrate=null sound=null defaults=0 flags=ONGOING_EVENT|ONLY_ALERT_ONCE color=0x00000000 category=progress vis=PRIVATE semFlags=0x0 semPriority=0 semMissedCount=0 semScenarioType=0)) as user
09-29 00:11:10.124  7613  7655 D WM-WorkProgressUpdater: Updating progress for addf75e8-c004-42df-b8b8-31b3d025e91b (Data {pct : 0, mode : file})
09-29 00:11:10.126  7613  7613 I WM-SystemFgDispatcher: Started foreground service Intent { act=ACTION_START_FOREGROUND xflg=0x4 cmp=com.negi.survey/androidx.work.impl.foreground.SystemForegroundService (has extras) }
09-29 00:11:10.126  7613  7613 D WM-SystemFgDispatcher: Notifying with (id:9368, workSpecId: c131dc6b-42ab-44bf-a392-17d7b3d3a6fc, notificationType :1)
09-29 00:11:10.126  7613  7613 I NotificationManager: com.negi.survey: notify(9368, null, Notification(channel=uploads shortcut=null contentView=null vibrate=null sound=null defaults=0 flags=ONGOING_EVENT|ONLY_ALERT_ONCE color=0x00000000 category=progress vis=PRIVATE semFlags=0x0 semPriority=0 semMissedCount=0 semScenarioType=0)) as user
09-29 00:11:10.126  7613  7655 I WM-Processor: Moving WorkSpec (addf75e8-c004-42df-b8b8-31b3d025e91b) to the foreground
09-29 00:11:10.129  7613  7655 D WM-WorkProgressUpdater: Updating progress for f5502e1c-ae43-462f-92a9-b075b92d78ea (Data {pct : 40, mode : startup_runtime_logs})
09-29 00:11:10.130  7613  7613 D WM-SystemFgDispatcher: Notifying with (id:9368, workSpecId: c131dc6b-42ab-44bf-a392-17d7b3d3a6fc, notificationType :1)
09-29 00:11:10.131  7613  7655 I WM-Processor: Moving WorkSpec (f5502e1c-ae43-462f-92a9-b075b92d78ea) to the foreground
09-29 00:11:10.131  7613  7613 I NotificationManager: com.negi.survey: notify(9368, null, Notification(channel=uploads shortcut=null contentView=null vibrate=null sound=null defaults=0 flags=ONGOING_EVENT|ONLY_ALERT_ONCE color=0x00000000 category=progress vis=PRIVATE semFlags=0x0 semPriority=0 semMissedCount=0 semScenarioType=0)) as user
09-29 00:11:10.134  7613  7655 D WM-GreedyScheduler: Constraints met: Scheduling work ID WorkGenerationalId(workSpecId=0a41d9da-64f6-4a6a-a847-34e18f759560, generation=0)
09-29 00:11:10.134  7613  7613 I WM-SystemFgDispatcher: Started foreground service Intent { act=ACTION_START_FOREGROUND xflg=0x4 cmp=com.negi.survey/androidx.work.impl.foreground.SystemForegroundService (has extras) }
09-29 00:11:10.134  7613  7613 D WM-SystemFgDispatcher: Notifying with (id:5944, workSpecId: addf75e8-c004-42df-b8b8-31b3d025e91b, notificationType :1)
09-29 00:11:10.134  7613  7655 D WM-GreedyScheduler: Constraints met: Scheduling work ID WorkGenerationalId(workSpecId=8e399662-9d01-476c-b6ad-3ca2e397fbb9, generation=0)
09-29 00:11:10.134  7613  7613 I NotificationManager: com.negi.survey: notify(5944, null, Notification(channel=uploads shortcut=null contentView=null vibrate=null sound=null defaults=0 flags=ONGOING_EVENT|ONLY_ALERT_ONCE color=0x00000000 category=progress vis=PRIVATE semFlags=0x0 semPriority=0 semMissedCount=0 semScenarioType=0)) as user
09-29 00:11:10.135  7613  7655 D WM-GreedyScheduler: Constraints met: Scheduling work ID WorkGenerationalId(workSpecId=09608abf-e8ec-4f2e-b25d-6a9afc07890c, generation=0)
09-29 00:11:10.135  7613  7655 D WM-GreedyScheduler: Constraints met: Scheduling work ID WorkGenerationalId(workSpecId=dd9182fc-8432-48c5-8979-71de7938cdd7, generation=0)
09-29 00:11:10.135  7613  7655 D WM-GreedyScheduler: Constraints met: Scheduling work ID WorkGenerationalId(workSpecId=7629b48e-078a-48de-9e72-4cc43dffd99c, generation=0)
09-29 00:11:10.137  7613  7655 D WM-Processor: Work WorkGenerationalId(workSpecId=3a0a720a-c641-4298-8e74-66b8360904f9, generation=0) is already enqueued for processing
09-29 00:11:10.137  7613  7655 D WM-GreedyScheduler: Constraints met: Scheduling work ID WorkGenerationalId(workSpecId=719b4369-62e5-4050-a85c-dca1f31313a3, generation=0)
09-29 00:11:10.137  7613  7613 D WM-SystemFgDispatcher: Notifying with (id:5944, workSpecId: addf75e8-c004-42df-b8b8-31b3d025e91b, notificationType :1)
09-29 00:11:10.137  7613  7613 I NotificationManager: com.negi.survey: notify(5944, null, Notification(channel=uploads shortcut=null contentView=null vibrate=null sound=null defaults=0 flags=ONGOING_EVENT|ONLY_ALERT_ONCE color=0x00000000 category=progress vis=PRIVATE semFlags=0x0 semPriority=0 semMissedCount=0 semScenarioType=0)) as user
09-29 00:11:10.137  7613  7655 D WM-GreedyScheduler: Constraints met: Scheduling work ID WorkGenerationalId(workSpecId=9747308a-ae12-44c2-a176-0a5a00ff3d08, generation=0)
09-29 00:11:10.138  7613  7655 D WM-WorkProgressUpdater: Updating progress for 9483589e-cfcb-4744-96df-d67bb1af297e (Data {pct : 0, mode : file})
09-29 00:11:10.140  7613  7655 I WM-Processor: Moving WorkSpec (9483589e-cfcb-4744-96df-d67bb1af297e) to the foreground
09-29 00:11:10.142  7613  7655 D WM-GreedyScheduler: Constraints met: Scheduling work ID WorkGenerationalId(workSpecId=77c43d23-cdf2-45c6-b1b4-91d9fe8c57e7, generation=0)
09-29 00:11:10.142  7613  7655 D WM-GreedyScheduler: Constraints met: Scheduling work ID WorkGenerationalId(workSpecId=fdb2def7-3b18-4194-8f3a-0ab9c8e17363, generation=0)
09-29 00:11:10.143  7613  7655 D WM-GreedyScheduler: Constraints met: Scheduling work ID WorkGenerationalId(workSpecId=5771bf82-917e-4abf-a6e1-db2f39ea7153, generation=0)
09-29 00:11:10.143  7613  7655 D WM-GreedyScheduler: Constraints met: Scheduling work ID WorkGenerationalId(workSpecId=0de5c876-7b7e-42d7-a8f3-3a0716deff56, generation=0)
09-29 00:11:10.143  7613  7655 D WM-GreedyScheduler: Constraints met: Scheduling work ID WorkGenerationalId(workSpecId=95601a6b-7bc7-4f60-8d35-f3c5d21ddb89, generation=0)
09-29 00:11:10.143  7613  7655 D WM-GreedyScheduler: Constraints met: Scheduling work ID WorkGenerationalId(workSpecId=16ce5bd7-c8c8-4f83-be5f-2ea3b1b46167, generation=0)
09-29 00:11:10.144  7613  7613 D WM-SystemFgDispatcher: Notifying with (id:11118, workSpecId: e232e0ed-f2cb-4277-9cb1-0dea725ce196, notificationType :1)
09-29 00:11:10.145  7613  7613 W NotificationManager: Shedding notify (update) of NotificationKey[user=UserHandle{0}, pkg=com.negi.survey, tag=null, id=11118], rate limit (5.0) exceeded: input 7.1475663, output would be 5.0086665
09-29 00:11:10.145  7613  7655 D WM-Processor: Work WorkGenerationalId(workSpecId=e232e0ed-f2cb-4277-9cb1-0dea725ce196, generation=0) is already enqueued for processing
09-29 00:11:10.145  7613  7655 D WM-GreedyScheduler: Constraints met: Scheduling work ID WorkGenerationalId(workSpecId=c131dc6b-42ab-44bf-a392-17d7b3d3a6fc, generation=0)
09-29 00:11:10.146  7613  7613 D WM-SystemFgDispatcher: Notifying with (id:8187, workSpecId: 0a41d9da-64f6-4a6a-a847-34e18f759560, notificationType :1)
09-29 00:11:10.146  7613  7655 D WM-GreedyScheduler: Constraints met: Scheduling work ID WorkGenerationalId(workSpecId=addf75e8-c004-42df-b8b8-31b3d025e91b, generation=0)
09-29 00:11:10.147  7613  7613 D WM-SystemFgDispatcher: Notifying with (id:6101, workSpecId: 8e399662-9d01-476c-b6ad-3ca2e397fbb9, notificationType :1)
09-29 00:11:10.147  7613  7613 I NotificationManager: com.negi.survey: notify(6101, null, Notification(channel=uploads shortcut=null contentView=null vibrate=null sound=null defaults=0 flags=ONGOING_EVENT|ONLY_ALERT_ONCE color=0x00000000 category=progress vis=PRIVATE semFlags=0x0 semPriority=0 semMissedCount=0 semScenarioType=0)) as user
09-29 00:11:10.149  7613  7655 D WM-GreedyScheduler: Constraints met: Scheduling work ID WorkGenerationalId(workSpecId=9483589e-cfcb-4744-96df-d67bb1af297e, generation=0)
09-29 00:11:10.149  7613  7655 D WM-GreedyScheduler: Constraints met: Scheduling work ID WorkGenerationalId(workSpecId=b8199543-e27e-491c-8f43-8e417567c754, generation=0)
09-29 00:11:10.149  7613  7655 D WM-GreedyScheduler: Constraints met: Scheduling work ID WorkGenerationalId(workSpecId=cdf06544-dc01-453d-9cb5-b12a24ba2253, generation=0)
09-29 00:11:10.149  7613  7655 D WM-GreedyScheduler: Constraints met: Scheduling work ID WorkGenerationalId(workSpecId=70be93a3-9a50-456a-9ddb-15673b16ca86, generation=0)
09-29 00:11:10.150  7613  7655 D WM-GreedyScheduler: Constraints met: Scheduling work ID WorkGenerationalId(workSpecId=a1f51c6c-d591-48e6-9e54-1869a68d8ba3, generation=0)
09-29 00:11:10.150  7613  7655 D WM-GreedyScheduler: Constraints met: Scheduling work ID WorkGenerationalId(workSpecId=61a8429b-302c-422b-8adc-bdcb3213b867, generation=0)
09-29 00:11:10.150  7613  7655 D WM-GreedyScheduler: Constraints met: Scheduling work ID WorkGenerationalId(workSpecId=62393af5-049b-499b-9946-5f6ae35af179, generation=0)
09-29 00:11:10.151  7613  7613 D WM-SystemFgDispatcher: Notifying with (id:8012, workSpecId: 09608abf-e8ec-4f2e-b25d-6a9afc07890c, notificationType :1)
09-29 00:11:10.152  7613  7655 D WM-Processor: Work WorkGenerationalId(workSpecId=0a41d9da-64f6-4a6a-a847-34e18f759560, generation=0) is already enqueued for processing
09-29 00:11:10.152  7613  7655 D WM-GreedyScheduler: Constraints met: Scheduling work ID WorkGenerationalId(workSpecId=acae73cc-e56f-4e18-834a-03c7284f1238, generation=0)
09-29 00:11:10.152  7613  7613 D WM-SystemFgDispatcher: Notifying with (id:3775, workSpecId: 7629b48e-078a-48de-9e72-4cc43dffd99c, notificationType :1)
09-29 00:11:10.153  7613  7655 D WM-Processor: Work WorkGenerationalId(workSpecId=8e399662-9d01-476c-b6ad-3ca2e397fbb9, generation=0) is already enqueued for processing
09-29 00:11:10.153  7613  7613 I WM-SystemFgDispatcher: Started foreground service Intent { act=ACTION_START_FOREGROUND xflg=0x4 cmp=com.negi.survey/androidx.work.impl.foreground.SystemForegroundService (has extras) }
09-29 00:11:10.153  7613  7613 D WM-SystemFgDispatcher: Notifying with (id:6569, workSpecId: 9483589e-cfcb-4744-96df-d67bb1af297e, notificationType :1)
09-29 00:11:10.154  7613  7613 I NotificationManager: com.negi.survey: notify(6569, null, Notification(channel=uploads shortcut=null contentView=null vibrate=null sound=null defaults=0 flags=ONGOING_EVENT|ONLY_ALERT_ONCE color=0x00000000 category=progress vis=PRIVATE semFlags=0x0 semPriority=0 semMissedCount=0 semScenarioType=0)) as user
09-29 00:11:10.154  7613  7655 D WM-Processor: Work WorkGenerationalId(workSpecId=09608abf-e8ec-4f2e-b25d-6a9afc07890c, generation=0) is already enqueued for processing
09-29 00:11:10.155  7613  7655 D WM-Processor: Work WorkGenerationalId(workSpecId=dd9182fc-8432-48c5-8979-71de7938cdd7, generation=0) is already enqueued for processing
09-29 00:11:10.155  7613  7613 D WM-SystemFgDispatcher: Notifying with (id:6569, workSpecId: 9483589e-cfcb-4744-96df-d67bb1af297e, notificationType :1)
09-29 00:11:10.156  7613  7613 D WM-SystemFgDispatcher: Notifying with (id:4313, workSpecId: dd9182fc-8432-48c5-8979-71de7938cdd7, notificationType :1)
09-29 00:11:10.156  7613  7655 D WM-Processor: Work WorkGenerationalId(workSpecId=7629b48e-078a-48de-9e72-4cc43dffd99c, generation=0) is already enqueued for processing
09-29 00:11:10.157  7613  7613 D WM-SystemFgDispatcher: Notifying with (id:10841, workSpecId: 719b4369-62e5-4050-a85c-dca1f31313a3, notificationType :1)
09-29 00:11:10.157  7613  7655 D WM-Processor: Work WorkGenerationalId(workSpecId=719b4369-62e5-4050-a85c-dca1f31313a3, generation=0) is already enqueued for processing
09-29 00:11:10.158  7613  7613 D WM-SystemFgDispatcher: Notifying with (id:3220, workSpecId: 9747308a-ae12-44c2-a176-0a5a00ff3d08, notificationType :1)
09-29 00:11:10.159  7613  7613 D WM-SystemFgDispatcher: Notifying with (id:10160, workSpecId: 77c43d23-cdf2-45c6-b1b4-91d9fe8c57e7, notificationType :1)
09-29 00:11:10.159  7613  7655 D WM-Processor: Work WorkGenerationalId(workSpecId=9747308a-ae12-44c2-a176-0a5a00ff3d08, generation=0) is already enqueued for processing
09-29 00:11:10.159  7613  7613 D WM-SystemFgDispatcher: Notifying with (id:7492, workSpecId: fdb2def7-3b18-4194-8f3a-0ab9c8e17363, notificationType :1)
09-29 00:11:10.160  7613  7613 D WM-SystemFgDispatcher: Notifying with (id:8044, workSpecId: 5771bf82-917e-4abf-a6e1-db2f39ea7153, notificationType :1)
09-29 00:11:10.160  7613  7655 D WM-Processor: Work WorkGenerationalId(workSpecId=77c43d23-cdf2-45c6-b1b4-91d9fe8c57e7, generation=0) is already enqueued for processing
09-29 00:11:10.161  7613  7613 D WM-SystemFgDispatcher: Notifying with (id:3300, workSpecId: 0de5c876-7b7e-42d7-a8f3-3a0716deff56, notificationType :1)
09-29 00:11:10.161  7613  7655 D WM-Processor: Work WorkGenerationalId(workSpecId=fdb2def7-3b18-4194-8f3a-0ab9c8e17363, generation=0) is already enqueued for processing
09-29 00:11:10.162  7613  7655 D WM-Processor: Work WorkGenerationalId(workSpecId=5771bf82-917e-4abf-a6e1-db2f39ea7153, generation=0) is already enqueued for processing
09-29 00:11:10.162  7613  7613 D WM-SystemFgDispatcher: Notifying with (id:4588, workSpecId: 95601a6b-7bc7-4f60-8d35-f3c5d21ddb89, notificationType :1)
09-29 00:11:10.163  7613  7655 D WM-Processor: Work WorkGenerationalId(workSpecId=0de5c876-7b7e-42d7-a8f3-3a0716deff56, generation=0) is already enqueued for processing
09-29 00:11:10.163  7613  7613 D WM-SystemFgDispatcher: Notifying with (id:6356, workSpecId: 16ce5bd7-c8c8-4f83-be5f-2ea3b1b46167, notificationType :1)
09-29 00:11:10.164  7613  7655 D WM-Processor: Work WorkGenerationalId(workSpecId=95601a6b-7bc7-4f60-8d35-f3c5d21ddb89, generation=0) is already enqueued for processing
09-29 00:11:10.165  7613  7655 D WM-Processor: Work WorkGenerationalId(workSpecId=16ce5bd7-c8c8-4f83-be5f-2ea3b1b46167, generation=0) is already enqueued for processing
09-29 00:11:10.166  7613  7613 D WM-SystemFgDispatcher: Notifying with (id:9368, workSpecId: c131dc6b-42ab-44bf-a392-17d7b3d3a6fc, notificationType :1)
09-29 00:11:10.168  7613  7613 D WM-SystemFgDispatcher: Notifying with (id:6811, workSpecId: f5502e1c-ae43-462f-92a9-b075b92d78ea, notificationType :1)
09-29 00:11:10.170  7613  7613 D WM-SystemFgDispatcher: Notifying with (id:5944, workSpecId: addf75e8-c004-42df-b8b8-31b3d025e91b, notificationType :1)
09-29 00:11:10.171  7613  7613 D WM-SystemFgDispatcher: Notifying with (id:6811, workSpecId: f5502e1c-ae43-462f-92a9-b075b92d78ea, notificationType :1)
09-29 00:11:10.171  7613  7655 D WM-Processor: Work WorkGenerationalId(workSpecId=c131dc6b-42ab-44bf-a392-17d7b3d3a6fc, generation=0) is already enqueued for processing
09-29 00:11:10.172  7613  7655 D WM-Processor: Work WorkGenerationalId(workSpecId=addf75e8-c004-42df-b8b8-31b3d025e91b, generation=0) is already enqueued for processing
09-29 00:11:10.173  7613  7655 D WM-WorkConstraintsTrack: NetworkRequestConstraintController send initial capabilities
09-29 00:11:10.173  7613  7613 D WM-SystemFgDispatcher: Notifying with (id:6569, workSpecId: 9483589e-cfcb-4744-96df-d67bb1af297e, notificationType :1)
09-29 00:11:10.174  7613  7655 D WM-Processor: Work WorkGenerationalId(workSpecId=9483589e-cfcb-4744-96df-d67bb1af297e, generation=0) is already enqueued for processing
09-29 00:11:10.175  7613  7655 D WM-Processor: Processor: processing WorkGenerationalId(workSpecId=b8199543-e27e-491c-8f43-8e417567c754, generation=0)
09-29 00:11:10.176  7613  7655 D WM-Processor: Processor: processing WorkGenerationalId(workSpecId=cdf06544-dc01-453d-9cb5-b12a24ba2253, generation=0)
09-29 00:11:10.177  7613  7655 D WM-Processor: Processor: processing WorkGenerationalId(workSpecId=70be93a3-9a50-456a-9ddb-15673b16ca86, generation=0)
09-29 00:11:10.178  7613  7655 D WM-Processor: Processor: processing WorkGenerationalId(workSpecId=a1f51c6c-d591-48e6-9e54-1869a68d8ba3, generation=0)
09-29 00:11:10.179  7613  7655 D WM-Processor: Processor: processing WorkGenerationalId(workSpecId=61a8429b-302c-422b-8adc-bdcb3213b867, generation=0)
09-29 00:11:10.180  7613  7655 D WM-Processor: Processor: processing WorkGenerationalId(workSpecId=62393af5-049b-499b-9946-5f6ae35af179, generation=0)
09-29 00:11:10.182  7613  7655 D WM-Processor: Processor: processing WorkGenerationalId(workSpecId=acae73cc-e56f-4e18-834a-03c7284f1238, generation=0)
09-29 00:11:10.183  7613  7655 D WM-WorkConstraintsTrack: NetworkRequestConstraintController send initial capabilities
09-29 00:11:10.183  7613  7655 D WM-WorkConstraintsTrack: NetworkRequestConstraintController send initial capabilities
09-29 00:11:10.183  7613  7655 D WM-WorkConstraintsTrack: NetworkRequestConstraintController send initial capabilities
09-29 00:11:10.183  7613  7655 D WM-WorkConstraintsTrack: NetworkRequestConstraintController send initial capabilities
09-29 00:11:10.183  7613  7655 D WM-WorkConstraintsTrack: NetworkRequestConstraintController send initial capabilities
09-29 00:11:10.187  7613  7655 D WM-WorkConstraintsTrack: NetworkRequestConstraintController send initial capabilities
09-29 00:11:10.187  7613  7655 D WM-WorkConstraintsTrack: NetworkRequestConstraintController send initial capabilities
09-29 00:11:10.188  7613  7613 D WM-WorkerWrapper: Starting work for com.negi.survey.net.GitHubUploadWorker
09-29 00:11:10.189  7613  7613 D WM-WorkerWrapper: Starting work for com.negi.survey.net.GitHubUploadWorker
09-29 00:11:10.190  7613  7613 D WM-WorkerWrapper: Starting work for com.negi.survey.net.GitHubUploadWorker
09-29 00:11:10.191  7613  7739 D github_upload: doRingLogsUpload: remoteBaseDir=diagnostics/applog_ring/2026-09-29/applog_ring_startup_ring_20260929_051109_f3d65089_app_start segs=1 bytes=32313 source=/data/user/0/com.negi.survey/files/diagnostics/applog_ring snapshot=/data/user/0/com.negi.survey/cache/diagnostics_ring_upload/startup_ring_20260929_051109_f3d65089
09-29 00:11:10.192  7613  7613 D WM-WorkerWrapper: Starting work for com.negi.survey.net.GitHubUploadWorker
09-29 00:11:10.192  7613  7739 D GitHubUploader: uploadStream: owner=ishizuki-tech repo=SurveyExports branch=main path=diagnostics/applog_ring/2026-09-29/applog_ring_startup_ring_20260929_051109_f3d65089_app_start/seg_00.log size=32313 maxRawBytesHint=1000000 maxRequestBytesHint=2800000
09-29 00:11:10.192  7613  7613 D WM-WorkerWrapper: Starting work for com.negi.survey.net.GitHubUploadWorker
09-29 00:11:10.195  7613  7655 D WM-WorkConstraintsTrack: NetworkRequestConstraintController send initial capabilities
09-29 00:11:10.195  7613  7655 D WM-WorkConstraintsTrack: NetworkRequestConstraintController send initial capabilities
09-29 00:11:10.195  7613  7655 D WM-WorkConstraintsTrack: NetworkRequestConstraintController send initial capabilities
09-29 00:11:10.195  7613  7655 D WM-WorkConstraintsTrack: NetworkRequestConstraintController send initial capabilities
09-29 00:11:10.195  7613  7655 D WM-WorkConstraintsTrack: NetworkRequestConstraintController send initial capabilities
09-29 00:11:10.196  7613  7655 D WM-WorkConstraintsTrack: NetworkRequestConstraintController send initial capabilities
09-29 00:11:10.196  7613  7655 D WM-WorkConstraintsTrack: NetworkRequestConstraintController send initial capabilities
09-29 00:11:10.196  7613  7655 D WM-WorkConstraintsTrack: NetworkRequestConstraintController send initial capabilities
09-29 00:11:10.196  7613  7613 D WM-WorkerWrapper: Starting work for com.negi.survey.net.GitHubUploadWorker
09-29 00:11:10.197  7613  7613 D WM-WorkerWrapper: Starting work for com.negi.survey.net.GitHubUploadWorker
09-29 00:11:10.197  7613  7655 I WM-Processor: Moving WorkSpec (b8199543-e27e-491c-8f43-8e417567c754) to the foreground
09-29 00:11:10.198  7613  7613 I WM-SystemFgDispatcher: Started foreground service Intent { act=ACTION_START_FOREGROUND xflg=0x4 cmp=com.negi.survey/androidx.work.impl.foreground.SystemForegroundService (has extras) }
09-29 00:11:10.198  7613  7613 D WM-SystemFgDispatcher: Notifying with (id:10208, workSpecId: b8199543-e27e-491c-8f43-8e417567c754, notificationType :1)
09-29 00:11:10.199  7613  7613 I NotificationManager: com.negi.survey: notify(10208, null, Notification(channel=uploads shortcut=null contentView=null vibrate=null sound=null defaults=0 flags=ONGOING_EVENT|ONLY_ALERT_ONCE color=0x00000000 category=progress vis=PRIVATE semFlags=0x0 semPriority=0 semMissedCount=0 semScenarioType=0)) as user
09-29 00:11:10.199  7613  7655 I WM-Processor: Moving WorkSpec (cdf06544-dc01-453d-9cb5-b12a24ba2253) to the foreground
09-29 00:11:10.199  7613  7742 D GitHubUploader: uploadStream: owner=ishizuki-tech repo=SurveyExports branch=main path=diagnostics/crash/2026-09-29/prevlog_20260929_013024_pid4504.log size=155666 maxRawBytesHint=1000000 maxRequestBytesHint=2800000
09-29 00:11:10.201  7613  7655 I WM-Processor: Moving WorkSpec (70be93a3-9a50-456a-9ddb-15673b16ca86) to the foreground
09-29 00:11:10.201  7613  7677 D GitHubUploader: uploadStream: owner=ishizuki-tech repo=SurveyExports branch=main path=diagnostics/crash/2026-09-29/prevlog_20260928_235012_pid31473.log size=40858 maxRawBytesHint=1000000 maxRequestBytesHint=2800000
09-29 00:11:10.204  7613  7613 D WM-SystemFgDispatcher: Notifying with (id:10208, workSpecId: b8199543-e27e-491c-8f43-8e417567c754, notificationType :1)
09-29 00:11:10.205  7613  7655 D WM-WorkProgressUpdater: Updating progress for 74632972-b93d-415f-b4d3-f58c83de803b (Data {pct : 10, mode : startup_ring_logs})
09-29 00:11:10.206  7613  7743 D GitHubUploader: uploadStream: owner=ishizuki-tech repo=SurveyExports branch=main path=diagnostics/crash/2026-09-29/prevlog_20260928_231317_pid27656.log size=243523 maxRawBytesHint=1000000 maxRequestBytesHint=2800000
09-29 00:11:10.206  7613  7655 I WM-Processor: Moving WorkSpec (74632972-b93d-415f-b4d3-f58c83de803b) to the foreground
09-29 00:11:10.206  7613  7613 I WM-SystemFgDispatcher: Started foreground service Intent { act=ACTION_START_FOREGROUND xflg=0x4 cmp=com.negi.survey/androidx.work.impl.foreground.SystemForegroundService (has extras) }
09-29 00:11:10.206  7613  7613 D WM-SystemFgDispatcher: Notifying with (id:7832, workSpecId: cdf06544-dc01-453d-9cb5-b12a24ba2253, notificationType :1)
09-29 00:11:10.207  7613  7613 I NotificationManager: com.negi.survey: notify(7832, null, Notification(channel=uploads shortcut=null contentView=null vibrate=null sound=null defaults=0 flags=ONGOING_EVENT|ONLY_ALERT_ONCE color=0x00000000 category=progress vis=PRIVATE semFlags=0x0 semPriority=0 semMissedCount=0 semScenarioType=0)) as user
09-29 00:11:10.208  7613  7655 I WM-Processor: Moving WorkSpec (a1f51c6c-d591-48e6-9e54-1869a68d8ba3) to the foreground
09-29 00:11:10.210  7613  7655 D WM-WorkConstraintsTrack: NetworkRequestConstraintController send initial capabilities
09-29 00:11:10.210  7613  7655 I WM-Processor: Moving WorkSpec (61a8429b-302c-422b-8adc-bdcb3213b867) to the foreground
09-29 00:11:10.210  7613  7744 D GitHubUploader: uploadStream: owner=ishizuki-tech repo=SurveyExports branch=main path=diagnostics/crash/2026-09-29/exit_20260928_231221_1790637141222_pid22443_r3.log size=376 maxRawBytesHint=1000000 maxRequestBytesHint=2800000
09-29 00:11:10.212  7613  7613 D WM-SystemFgDispatcher: Notifying with (id:7832, workSpecId: cdf06544-dc01-453d-9cb5-b12a24ba2253, notificationType :1)
09-29 00:11:10.214  7613  7745 D GitHubUploader: uploadStream: owner=ishizuki-tech repo=SurveyExports branch=main path=diagnostics/crash/2026-09-29/prevlog_20260928_230800_pid22443.log size=37384 maxRawBytesHint=1000000 maxRequestBytesHint=2800000
09-29 00:11:10.217  7613  7613 I WM-SystemFgDispatcher: Started foreground service Intent { act=ACTION_START_FOREGROUND xflg=0x4 cmp=com.negi.survey/androidx.work.impl.foreground.SystemForegroundService (has extras) }
09-29 00:11:10.217  7613  7613 D WM-SystemFgDispatcher: Notifying with (id:9049, workSpecId: 70be93a3-9a50-456a-9ddb-15673b16ca86, notificationType :1)
09-29 00:11:10.217  7613  7613 I NotificationManager: com.negi.survey: notify(9049, null, Notification(channel=uploads shortcut=null contentView=null vibrate=null sound=null defaults=0 flags=ONGOING_EVENT|ONLY_ALERT_ONCE color=0x00000000 category=progress vis=PRIVATE semFlags=0x0 semPriority=0 semMissedCount=0 semScenarioType=0)) as user
09-29 00:11:10.219  7613  7613 D WM-SystemFgDispatcher: Notifying with (id:9049, workSpecId: 70be93a3-9a50-456a-9ddb-15673b16ca86, notificationType :1)
09-29 00:11:10.221  7613  7613 D WM-SystemFgDispatcher: Notifying with (id:6010, workSpecId: 74632972-b93d-415f-b4d3-f58c83de803b, notificationType :1)
09-29 00:11:10.222  7613  7613 I WM-SystemFgDispatcher: Started foreground service Intent { act=ACTION_START_FOREGROUND xflg=0x4 cmp=com.negi.survey/androidx.work.impl.foreground.SystemForegroundService (has extras) }
09-29 00:11:10.222  7613  7665 I WM-Processor: Moving WorkSpec (62393af5-049b-499b-9946-5f6ae35af179) to the foreground
09-29 00:11:10.222  7613  7613 D WM-SystemFgDispatcher: Notifying with (id:5314, workSpecId: a1f51c6c-d591-48e6-9e54-1869a68d8ba3, notificationType :1)
09-29 00:11:10.222  7613  7613 I NotificationManager: com.negi.survey: notify(5314, null, Notification(channel=uploads shortcut=null contentView=null vibrate=null sound=null defaults=0 flags=ONGOING_EVENT|ONLY_ALERT_ONCE color=0x00000000 category=progress vis=PRIVATE semFlags=0x0 semPriority=0 semMissedCount=0 semScenarioType=0)) as user
09-29 00:11:10.225  7613  7613 D WM-SystemFgDispatcher: Notifying with (id:5314, workSpecId: a1f51c6c-d591-48e6-9e54-1869a68d8ba3, notificationType :1)
09-29 00:11:10.225  7613  7665 I WM-Processor: Moving WorkSpec (acae73cc-e56f-4e18-834a-03c7284f1238) to the foreground
09-29 00:11:10.226  7613  7741 D GitHubUploader: uploadStream: owner=ishizuki-tech repo=SurveyExports branch=main path=diagnostics/crash/2026-09-29/prevlog_20260928_230702_pid22188.log size=27162 maxRawBytesHint=1000000 maxRequestBytesHint=2800000
09-29 00:11:10.226  7613  7613 I WM-SystemFgDispatcher: Started foreground service Intent { act=ACTION_START_FOREGROUND xflg=0x4 cmp=com.negi.survey/androidx.work.impl.foreground.SystemForegroundService (has extras) }
09-29 00:11:10.226  7613  7613 D WM-SystemFgDispatcher: Notifying with (id:5734, workSpecId: 61a8429b-302c-422b-8adc-bdcb3213b867, notificationType :1)
09-29 00:11:10.226  7613  7613 I NotificationManager: com.negi.survey: notify(5734, null, Notification(channel=uploads shortcut=null contentView=null vibrate=null sound=null defaults=0 flags=ONGOING_EVENT|ONLY_ALERT_ONCE color=0x00000000 category=progress vis=PRIVATE semFlags=0x0 semPriority=0 semMissedCount=0 semScenarioType=0)) as user
09-29 00:11:10.229  7613  7665 D WM-WorkProgressUpdater: Updating progress for b8199543-e27e-491c-8f43-8e417567c754 (Data {pct : 0, mode : file})
09-29 00:11:10.230  7613  7748 D GitHubUploader: uploadStream: owner=ishizuki-tech repo=SurveyExports branch=main path=diagnostics/crash/2026-09-29/ring_store/20260929_051109_pid7613_u574169/seg_00.log size=32313 maxRawBytesHint=1000000 maxRequestBytesHint=2800000
09-29 00:11:10.231  7613  7665 I WM-Processor: Moving WorkSpec (b8199543-e27e-491c-8f43-8e417567c754) to the foreground
09-29 00:11:10.231  7613  7613 D WM-SystemFgDispatcher: Notifying with (id:5734, workSpecId: 61a8429b-302c-422b-8adc-bdcb3213b867, notificationType :1)
09-29 00:11:10.233  7613  7665 D WM-WorkProgressUpdater: Updating progress for cdf06544-dc01-453d-9cb5-b12a24ba2253 (Data {pct : 0, mode : file})
09-29 00:11:10.234  7613  7665 I WM-Processor: Moving WorkSpec (cdf06544-dc01-453d-9cb5-b12a24ba2253) to the foreground
09-29 00:11:10.235  7613  7665 D WM-WorkProgressUpdater: Updating progress for 70be93a3-9a50-456a-9ddb-15673b16ca86 (Data {pct : 0, mode : file})
09-29 00:11:10.236  7613  7613 I WM-SystemFgDispatcher: Started foreground service Intent { act=ACTION_START_FOREGROUND xflg=0x4 cmp=com.negi.survey/androidx.work.impl.foreground.SystemForegroundService (has extras) }
09-29 00:11:10.236  7613  7613 D WM-SystemFgDispatcher: Notifying with (id:7517, workSpecId: 62393af5-049b-499b-9946-5f6ae35af179, notificationType :1)
09-29 00:11:10.237  7613  7613 I NotificationManager: com.negi.survey: notify(7517, null, Notification(channel=uploads shortcut=null contentView=null vibrate=null sound=null defaults=0 flags=ONGOING_EVENT|ONLY_ALERT_ONCE color=0x00000000 category=progress vis=PRIVATE semFlags=0x0 semPriority=0 semMissedCount=0 semScenarioType=0)) as user
09-29 00:11:10.237  7613  7665 I WM-Processor: Moving WorkSpec (70be93a3-9a50-456a-9ddb-15673b16ca86) to the foreground
09-29 00:11:10.238  7613  7665 D WM-WorkProgressUpdater: Updating progress for a1f51c6c-d591-48e6-9e54-1869a68d8ba3 (Data {pct : 0, mode : file})
09-29 00:11:10.239  7613  7613 D WM-SystemFgDispatcher: Notifying with (id:7517, workSpecId: 62393af5-049b-499b-9946-5f6ae35af179, notificationType :1)
09-29 00:11:10.240  7613  7665 I WM-Processor: Moving WorkSpec (a1f51c6c-d591-48e6-9e54-1869a68d8ba3) to the foreground
09-29 00:11:10.240  7613  7613 I WM-SystemFgDispatcher: Started foreground service Intent { act=ACTION_START_FOREGROUND xflg=0x4 cmp=com.negi.survey/androidx.work.impl.foreground.SystemForegroundService (has extras) }
09-29 00:11:10.240  7613  7613 D WM-SystemFgDispatcher: Notifying with (id:3523, workSpecId: acae73cc-e56f-4e18-834a-03c7284f1238, notificationType :1)
09-29 00:11:10.240  7613  7613 I NotificationManager: com.negi.survey: notify(3523, null, Notification(channel=uploads shortcut=null contentView=null vibrate=null sound=null defaults=0 flags=ONGOING_EVENT|ONLY_ALERT_ONCE color=0x00000000 category=progress vis=PRIVATE semFlags=0x0 semPriority=0 semMissedCount=0 semScenarioType=0)) as user
09-29 00:11:10.243  7613  7665 D WM-WorkConstraintsTrack: NetworkRequestConstraintController send initial capabilities
09-29 00:11:10.243  7613  7665 D WM-WorkProgressUpdater: Updating progress for 61a8429b-302c-422b-8adc-bdcb3213b867 (Data {pct : 0, mode : file})
09-29 00:11:10.244  7613  7613 D WM-SystemFgDispatcher: Notifying with (id:3523, workSpecId: acae73cc-e56f-4e18-834a-03c7284f1238, notificationType :1)
09-29 00:11:10.245  7613  7665 I WM-Processor: Moving WorkSpec (61a8429b-302c-422b-8adc-bdcb3213b867) to the foreground
09-29 00:11:10.245  7613  7613 D WM-SystemFgDispatcher: Notifying with (id:10208, workSpecId: b8199543-e27e-491c-8f43-8e417567c754, notificationType :1)
09-29 00:11:10.247  7613  7665 D WM-WorkProgressUpdater: Updating progress for 62393af5-049b-499b-9946-5f6ae35af179 (Data {pct : 0, mode : file})
09-29 00:11:10.248  7613  7665 I WM-Processor: Moving WorkSpec (62393af5-049b-499b-9946-5f6ae35af179) to the foreground
09-29 00:11:10.249  7613  7665 D WM-WorkProgressUpdater: Updating progress for acae73cc-e56f-4e18-834a-03c7284f1238 (Data {pct : 0, mode : file})
09-29 00:11:10.250  7613  7613 D WM-SystemFgDispatcher: Notifying with (id:7832, workSpecId: cdf06544-dc01-453d-9cb5-b12a24ba2253, notificationType :1)
09-29 00:11:10.251  7613  7613 D WM-SystemFgDispatcher: Notifying with (id:9049, workSpecId: 70be93a3-9a50-456a-9ddb-15673b16ca86, notificationType :1)
09-29 00:11:10.251  7613  7665 I WM-Processor: Moving WorkSpec (acae73cc-e56f-4e18-834a-03c7284f1238) to the foreground
09-29 00:11:10.252  7613  7613 D WM-SystemFgDispatcher: Notifying with (id:5314, workSpecId: a1f51c6c-d591-48e6-9e54-1869a68d8ba3, notificationType :1)
09-29 00:11:10.254  7613  7613 D WM-SystemFgDispatcher: Notifying with (id:5734, workSpecId: 61a8429b-302c-422b-8adc-bdcb3213b867, notificationType :1)
09-29 00:11:10.255  7613  7613 D WM-SystemFgDispatcher: Notifying with (id:7517, workSpecId: 62393af5-049b-499b-9946-5f6ae35af179, notificationType :1)
09-29 00:11:10.259  7613  7613 D WM-SystemFgDispatcher: Notifying with (id:3523, workSpecId: acae73cc-e56f-4e18-834a-03c7284f1238, notificationType :1)
09-29 00:11:10.268  7613  7665 D WM-WorkConstraintsTrack: NetworkRequestConstraintController send initial capabilities
09-29 00:11:10.269  7613  7665 D WM-WorkConstraintsTrack: NetworkRequestConstraintController send initial capabilities
09-29 00:11:10.270  7613  7665 D WM-WorkConstraintsTrack: NetworkRequestConstraintController send initial capabilities
09-29 00:11:10.270  7613  7665 D WM-WorkConstraintsTrack: NetworkRequestConstraintController send initial capabilities
09-29 00:11:10.270  7613  7665 D WM-WorkConstraintsTrack: NetworkRequestConstraintController send initial capabilities
09-29 00:11:10.271  7613  7665 D WM-WorkConstraintsTrack: NetworkRequestConstraintController send initial capabilities
09-29 00:11:10.271  7613  7665 D WM-WorkConstraintsTrack: NetworkRequestConstraintController send initial capabilities
09-29 00:11:10.307  7613  7613 I VRI[MainActivity]@841b9: ViewPostIme pointer 0
09-29 00:11:10.314  7613  7613 I VRI[MainActivity]@841b9: call setFrameRateCategory for touch hint category=high hint, reason=touch, vri=VRI[MainActivity]@841b9
09-29 00:11:10.318  7613  7613 I VRI[MainActivity]@841b9: ViewPostIme pointer 1
09-29 00:11:10.321  7613  7613 D MainActivity: Intro -> Start session. epoch=1, file=survey_config10.yaml
09-29 00:11:10.354  7613  7613 I View    : setRequestedFrameRate frameRate=-4.0, this=android.view.View{240bb52 V.ED..... ........ 0,0-0,0}, caller=androidx.compose.ui.platform.Api35Impl.setRequestedFrameRate:4047 androidx.compose.ui.platform.AndroidComposeView.dispatchDraw:2282 android.view.View.draw:26758 android.view.View.updateDisplayListIfDirty:25577 android.view.View.draw:26477 
09-29 00:11:10.356  7613  7749 D SurveyConfigLoader: fromStringStrictValidated -> format=YAML, reason=file extension .yml/.yaml, firstLine='ai_interaction:', leading='ai_interaction:\n  max_followups...' file='survey_config10.yaml'
09-29 00:11:10.362  7613  7613 I View    : setRequestedFrameRate frameRate=NaN, this=android.view.View{240bb52 V.ED..... ........ 0,0-0,0}, caller=androidx.compose.ui.platform.Api35Impl.setRequestedFrameRate:4047 androidx.compose.ui.platform.AndroidComposeView.dispatchDraw:2282 android.view.View.draw:26758 android.view.View.updateDisplayListIfDirty:25577 android.view.ViewGroup.recreateChildDisplayList:4881 
09-29 00:11:10.436  7613  7749 D SurveyConfigLoader: strict config loaded (survey_config10.yaml): legacy=10(one=0,inline2=10) splitEval=0 splitFollow=0 followMode=TEXT legacyIds=[Q7,Q8,Q9,Q10,Q11,Q12,Q13,Q14] evalIds=[-] followIds=[-]
09-29 00:11:10.441  7613  7749 D SurveyConfigLoader: fromStringStrictValidated -> issues=0 (legacy=10(one=0,inline2=10) splitEval=0 splitFollow=0 followMode=TEXT legacyIds=[Q7,Q8,Q9,Q10,Q11,Q12,Q13,Q14] evalIds=[-] followIds=[-])
09-29 00:11:10.441  7613  7613 D MainActivity: Config loaded. session=survey_config10.yaml@1
09-29 00:11:10.455  7613  7613 D MainActivity: DownloadGate idle -> start download. session=survey_config10.yaml@1
09-29 00:11:10.456  7613  7613 I AppViewModel: private model reused: name=gemma-3n-E4B-it-int4.litertlm bytes=4919541760
09-29 00:11:10.463  7613  7613 I Dialog  : mIsDeviceDefault = false, mIsSamsungBasicInteraction = false, isMetaDataInActivity = false
09-29 00:11:10.465  7613  7613 I DecorView: setWindowBackground: isPopOver=false color=0 d=android.graphics.drawable.ColorDrawable@507bfcd
09-29 00:11:10.472  7613  7613 I WindowManager: WindowManagerGlobal#addView, ty=2, view=com.android.internal.policy.DecorView{d51e13a V.E...... R.....I. 0,0-0,0}[MainActivity], caller=android.view.WindowManagerImpl.addView:167 android.app.Dialog.show:544 androidx.compose.ui.window.AndroidDialog_androidKt.Dialog$lambda$3$0:272 
09-29 00:11:10.473  7613  7613 D ViewRootImpl: desktopMode is false
09-29 00:11:10.473  7613  7613 I ViewRootImpl: dVRR is disabled
09-29 00:11:10.473  7613  7648 D NativeCustomFrequencyManager: [NativeCFMS] BpCustomFrequencyManager::BpCustomFrequencyManager()
09-29 00:11:10.477  7613  7613 D InputTransport: Input channel constructed: '1fb6b3d', fd=182
09-29 00:11:10.477  7613  7613 I InsetsController: onStateChanged: host=com.negi.survey/com.negi.survey.MainActivity, from=android.view.ViewRootImpl.onInsetsStateChanged:3038, state=InsetsState: {mDisplayFrame=Rect(0, 0 - 1080, 2340), mDisplayCutout=DisplayCutout{insets=Rect(0, 82 - 0, 0) waterfall=Insets{left=0, top=0, right=0, bottom=0} boundingRect={Bounds=[Rect(0, 0 - 0, 0), Rect(511, 24 - 569, 82), Rect(0, 0 - 0, 0), Rect(0, 0 - 0, 0)]} cutoutPathParserInfo={CutoutPathParserInfo{displayWidth=1080 displayHeight=2340 physicalDisplayWidth=1080 physicalDisplayHeight=2340 density={2.8125} cutoutSpec={M 0,0 M 0, 8.533333333333333 a 10.31111111111111,10.31111111111111 0 1,0 0,20.62222222222222 a 10.31111111111111,10.31111111111111 0 1,0 0,-20.62222222222222 Z @dp} rotation={0} scale={1.0} physicalPixelDisplaySizeRatio={1.0}}} sideOverrides={}}, mRoundedCorners=RoundedCorners{[RoundedCorner{position=TopLeft, radius=113, center=Point(113, 113)}, RoundedCorner{position=TopRight, radius=113, center=Point(967, 113)}, RoundedCorner{position=BottomRight, radius=113, center=Point(967, 2227)}, RoundedCorner{position=BottomLeft, radius=113, center=Point(113, 2227)}]}  mRoundedCornerFrame=Rect(0, 0 - 1080, 2340), mPrivacyIndicatorBounds=PrivacyIndicatorBounds {static bounds=Rect(956, 0 - 1080, 97) rotation=0}, mDisplayShape=DisplayShape{ spec=-311912193 displayWidth=1080 displayHeight=2340 physicalPixelDisplaySizeRatio=1.0 rotation=0 offsetX=0 offsetY=0 scale=1.0}, mSources= { InsetsSource: {dc020001 mType=navigationBars mFrame=[0,2205][1080,2340] mAttachedInsets=null mVisible=true mFlags= mSideHint=BOTTOM mBoundingRects=null}, InsetsSource: {dc020004 mType=systemGestures mFrame=[0,0][0,0] mAttachedInsets=null mVisible=true mFlags= mSideHint=NONE mBoundingRects=null}, InsetsSource: {dc020005 mType=mandatorySystemGestures mFrame=[0,2205][1080,2340] mAttachedInsets=null mVisible=true mFlags= mSideHint=BOTTOM mBoundingRects=null}, InsetsSource: {dc020006 mType=tappableElement mFrame=[0,2205][1080,2340] mAttachedInsets=null mVisible=true mFlags= mSideHint=BOTTOM mBoundingRects=null}, InsetsSource: {dc020024 mType=systemGestures mFrame=[0,0][0,0] mAttachedInsets=null mVisible=true mFlags= mSideHint=NONE mBoundingRects=null}, InsetsSource: {3 mType=ime mFrame=[0,0][0,0] mAttachedInsets=null mVisible=false mFlags=INVALID mSideHint=NONE mBoundingRects=null}, InsetsSource: {27 mType=displayCutout mFrame=[0,0][1080,82] mAttachedInsets=null mVisible=true mFlags= mSideHint=TOP mBoundingRects=null}, InsetsSource: {23ca0000 mType=statusBars mFrame=[0,0][1080,97] mAttachedInsets=null mVisible=true mFlags= mSideHint=TOP mBoundingRects=null}, InsetsSource: {23ca0005 mType=mandatorySystemGestures mFrame=[0,0][1080,116] mAttachedInsets=null mVisible=true mFlags= mSideHint=TOP mBoundingRects=null}, InsetsSource: {23ca0006 mType=tappableElement mFrame=[0,0][1080,97] mAttachedInsets=null mVisible=true mFlags= mSideHint=TOP mBoundingRects=null} }
09-29 00:11:10.477  7613  7613 I VRI[MainActivity]@f850cea: synced displayState. AttachInfo displayState=2
09-29 00:11:10.478  7613  7613 I VRI[MainActivity]@f850cea: setView = com.android.internal.policy.DecorView@d51e13a IsHRR=false mFlingFrameRateChange=0 TM=true
09-29 00:11:10.478  7613  7613 D WindowOnBackDispatcher: setTopOnBackInvokedCallback (unwrapped): android.app.Dialog$$ExternalSyntheticLambda4@c389c31
09-29 00:11:10.478  7613  7613 D WindowOnBackDispatcher: setTopOnBackInvokedCallback (unwrapped): androidx.navigationevent.OnBackInvokedInput$createOnBackAnimationCallback$1@2979f16
09-29 00:11:10.502  7613  7613 I InsetsSourceConsumer: applyRequestedVisibilityToControl: visible=true, type=statusBars, host=com.negi.survey/com.negi.survey.MainActivity
09-29 00:11:10.502  7613  7613 I InsetsSourceConsumer: applyRequestedVisibilityToControl: visible=true, type=navigationBars, host=com.negi.survey/com.negi.survey.MainActivity
09-29 00:11:10.503  7613  7613 W libc    : Access denied finding property "vendor.perf.ems.egg"
09-29 00:11:10.503  7613  7613 I BLASTBufferQueue_Java: new BLASTBufferQueue, mName= VRI[MainActivity]@f850cea mNativeObject= 0xb400007888001e00 caller= android.view.ViewRootImpl.updateBlastSurfaceIfNeeded:3603 android.view.ViewRootImpl.relayoutWindow:11813 android.view.ViewRootImpl.performTraversals:4840 android.view.ViewRootImpl.doTraversal:3959 android.view.ViewRootImpl$TraversalRunnable.run:13034 android.view.Choreographer$CallbackRecord.run:1961 android.view.Choreographer$CallbackRecord.run:1970 android.view.Choreographer.doCallbacks:1423 android.view.Choreographer.doFrame:1348 android.view.Choreographer$FrameDisplayEventReceiver.run:1930 
09-29 00:11:10.503  7613  7613 I BLASTBufferQueue_Java: update, w= 1170 h= 972 mName = VRI[MainActivity]@f850cea mNativeObject= 0xb400007888001e00 sc.mNativeObject= 0xb400007937f5b2d0 format= -2 caller= android.view.ViewRootImpl.updateBlastSurfaceIfNeeded:3608 android.view.ViewRootImpl.relayoutWindow:11813 android.view.ViewRootImpl.performTraversals:4840 android.view.ViewRootImpl.doTraversal:3959 android.view.ViewRootImpl$TraversalRunnable.run:13034 android.view.Choreographer$CallbackRecord.run:1961 
09-29 00:11:10.503  7613  7613 W libc    : Access denied finding property "vendor.perf.ems.egg"
09-29 00:11:10.503  7613  7613 I VRI[MainActivity]@f850cea: Relayout returned: old=(0,97,1080,2205) new=(90,800,990,1502) relayoutAsync=false req=(900,702)0 dur=2 res=0x3 s={true 0xb4000078c7f6d9c0} ch=true seqId=0
09-29 00:11:10.504  7613  7613 I VRI[MainActivity]@f850cea: performConfigurationChange setNightDimText nightDimLevel=0
09-29 00:11:10.504  7613  7613 D VRI[MainActivity]@f850cea: mThreadedRenderer.initialize() mSurface={isValid=true 0xb4000078c7f6d9c0} hwInitialized=true
09-29 00:11:10.509  7613  7613 D VRI[MainActivity]@f850cea: reportNextDraw android.view.ViewRootImpl.performTraversals:5507 android.view.ViewRootImpl.doTraversal:3959 android.view.ViewRootImpl$TraversalRunnable.run:13034 android.view.Choreographer$CallbackRecord.run:1961 android.view.Choreographer$CallbackRecord.run:1970 
09-29 00:11:10.509  7613  7613 D VRI[MainActivity]@f850cea: Setup new sync=wmsSync-VRI[MainActivity]@f850cea#2
09-29 00:11:10.509  7613  7613 I VRI[MainActivity]@f850cea: Creating new active sync group VRI[MainActivity]@f850cea#3
09-29 00:11:10.509  7613  7613 D VRI[MainActivity]@f850cea: registerCallbacksForSync syncBuffer=false
09-29 00:11:10.510  7613  7613 I View    : setRequestedFrameRate frameRate=-4.0, this=android.view.View{3d7e5e4 V.ED..... ......I. 0,0-0,0}, caller=androidx.compose.ui.platform.Api35Impl.setRequestedFrameRate:4047 androidx.compose.ui.platform.AndroidComposeView.dispatchDraw:2282 android.view.View.draw:26758 android.view.View.updateDisplayListIfDirty:25577 android.view.View.draw:26477 
09-29 00:11:10.511  7613  7658 D VRI[MainActivity]@f850cea: Received frameDrawingCallback syncResult=0 frameNum=1.
09-29 00:11:10.511  7613  7658 I VRI[MainActivity]@f850cea: mWNT: t=0xb4000078d7f3be60 mBlastBufferQueue=0xb400007888001e00 fn= 1 HdrRenderState mRenderHdrSdrRatio=1.0 caller= android.view.ViewRootImpl$12.onFrameDraw:15561 android.view.ThreadedRenderer$1.onFrameDraw:751 <bottom of call stack> 
09-29 00:11:10.511  7613  7658 I VRI[MainActivity]@f850cea: Setting up sync and frameCommitCallback
09-29 00:11:10.512  7613  7648 I BLASTBufferQueue: [VRI[MainActivity]@f850cea#1](f:0,a:0,s:0) onFrameAvailable the first frame is available
09-29 00:11:10.512  7613  7648 I VRI[MainActivity]@f850cea: Received frameCommittedCallback lastAttemptedDrawFrameNum=1 didProduceBuffer=true
09-29 00:11:10.513  7613  7648 D HWUI    : CFMS:: SetUp Pid : 7613    Tid : 7648
09-29 00:11:10.513  7613  7613 D VRI[MainActivity]@f850cea: reportDrawFinished seqId=0
09-29 00:11:10.514  7613  7648 D HWUI    : HWUI - treat SMPTE_170M as sRGB
09-29 00:11:10.516  7613  7613 I BLASTBufferQueue_Java: update, w= 1170 h= 972 mName = VRI[MainActivity]@f850cea mNativeObject= 0xb400007888001e00 sc.mNativeObject= 0xb400007937f5b2d0 format= -2 caller= android.view.ViewRootImpl.updateBlastSurfaceIfNeeded:3592 android.view.ViewRootImpl.relayoutWindow:11813 android.view.ViewRootImpl.performTraversals:4840 android.view.ViewRootImpl.doTraversal:3959 android.view.ViewRootImpl$TraversalRunnable.run:13034 android.view.Choreographer$CallbackRecord.run:1961 
09-29 00:11:10.516  7613  7613 I VRI[MainActivity]@f850cea: Relayout returned: old=(90,800,990,1502) new=(90,800,990,1502) relayoutAsync=true req=(900,702)0 dur=0 res=0x0 s={true 0xb4000078c7f6d9c0} ch=false seqId=0
09-29 00:11:10.520  7613  7613 I VRI[MainActivity]@f850cea: registerCallbackForPendingTransactions
09-29 00:11:10.520  7613  7659 I VRI[MainActivity]@f850cea: mWNT: t=0xb4000078d7f5d490 mBlastBufferQueue=0xb400007888001e00 fn= 2 HdrRenderState mRenderHdrSdrRatio=1.0 caller= android.view.ViewRootImpl$10.onFrameDraw:6615 android.view.ViewRootImpl$4.onFrameDraw:2485 android.view.ThreadedRenderer$1.onFrameDraw:751 
09-29 00:11:10.521  7613  7613 I ImeFocusController: onPreWindowFocus: skipped hasWindowFocus=false mHasImeFocus=true
09-29 00:11:10.521  7613  7613 I ImeFocusController: onPostWindowFocus: skipped hasWindowFocus=false mHasImeFocus=true
09-29 00:11:10.541  7613  7613 D VRI[MainActivity]@f850cea: mThreadedRenderer.initializeIfNeeded()#2 mSurface={isValid=true 0xb4000078c7f6d9c0}
09-29 00:11:10.541  7613  7613 D InputMethodManagerUtils: startInputInner - Id : 0
09-29 00:11:10.541  7613  7613 I InputMethodManager: startInputInner - IInputMethodManagerGlobalInvoker.startInputOrWindowGainedFocus
09-29 00:11:10.543  7613  7613 D InsetsController: hide(ime())
09-29 00:11:10.543  7613  7613 I ImeTracker: com.negi.survey:d9b75ce: onCancelled at PHASE_CLIENT_ALREADY_HIDDEN
09-29 00:11:10.544  7613  7630 D InputTransport: Input channel constructed: 'ClientS', fd=256
09-29 00:11:10.681  7613  7655 D WM-WorkProgressUpdater: Updating progress for addf75e8-c004-42df-b8b8-31b3d025e91b (Data {pct : 10, mode : file})
09-29 00:11:10.685  7613  7655 I WM-Processor: Moving WorkSpec (addf75e8-c004-42df-b8b8-31b3d025e91b) to the foreground
09-29 00:11:10.687  7613  7613 D WM-SystemFgDispatcher: Notifying with (id:5944, workSpecId: addf75e8-c004-42df-b8b8-31b3d025e91b, notificationType :1)
09-29 00:11:10.687  7613  7613 I NotificationManager: com.negi.survey: notify(5944, null, Notification(channel=uploads shortcut=null contentView=null vibrate=null sound=null defaults=0 flags=ONGOING_EVENT|ONLY_ALERT_ONCE color=0x00000000 category=progress vis=PRIVATE semFlags=0x0 semPriority=0 semMissedCount=0 semScenarioType=0)) as user
09-29 00:11:10.688  7613  7666 D WM-WorkProgressUpdater: Updating progress for addf75e8-c004-42df-b8b8-31b3d025e91b (Data {pct : 27, mode : file})
09-29 00:11:10.690  7613  7666 I WM-Processor: Moving WorkSpec (addf75e8-c004-42df-b8b8-31b3d025e91b) to the foreground
09-29 00:11:10.697  7613  7666 D WM-WorkProgressUpdater: Updating progress for 3a0a720a-c641-4298-8e74-66b8360904f9 (Data {pct : 10, mode : file})
09-29 00:11:10.699  7613  7613 D WM-SystemFgDispatcher: Notifying with (id:5944, workSpecId: addf75e8-c004-42df-b8b8-31b3d025e91b, notificationType :1)
09-29 00:11:10.699  7613  7613 I NotificationManager: com.negi.survey: notify(5944, null, Notification(channel=uploads shortcut=null contentView=null vibrate=null sound=null defaults=0 flags=ONGOING_EVENT|ONLY_ALERT_ONCE color=0x00000000 category=progress vis=PRIVATE semFlags=0x0 semPriority=0 semMissedCount=0 semScenarioType=0)) as user
09-29 00:11:10.700  7613  7666 D WM-WorkProgressUpdater: Updating progress for addf75e8-c004-42df-b8b8-31b3d025e91b (Data {pct : 44, mode : file})
09-29 00:11:10.709  7613  7666 I WM-Processor: Moving WorkSpec (addf75e8-c004-42df-b8b8-31b3d025e91b) to the foreground
09-29 00:11:10.711  7613  7613 D WM-SystemFgDispatcher: Notifying with (id:5944, workSpecId: addf75e8-c004-42df-b8b8-31b3d025e91b, notificationType :1)
09-29 00:11:10.712  7613  7666 I WM-Processor: Moving WorkSpec (3a0a720a-c641-4298-8e74-66b8360904f9) to the foreground
09-29 00:11:10.715  7613  7613 D WM-SystemFgDispatcher: Notifying with (id:4931, workSpecId: 3a0a720a-c641-4298-8e74-66b8360904f9, notificationType :1)
09-29 00:11:10.715  7613  7666 D WM-WorkProgressUpdater: Updating progress for addf75e8-c004-42df-b8b8-31b3d025e91b (Data {pct : 61, mode : file})
09-29 00:11:10.723  7613  7666 I WM-Processor: Moving WorkSpec (addf75e8-c004-42df-b8b8-31b3d025e91b) to the foreground
09-29 00:11:10.725  7613  7613 D WM-SystemFgDispatcher: Notifying with (id:5944, workSpecId: addf75e8-c004-42df-b8b8-31b3d025e91b, notificationType :1)
09-29 00:11:10.726  7613  7655 D WM-WorkProgressUpdater: Updating progress for addf75e8-c004-42df-b8b8-31b3d025e91b (Data {pct : 79, mode : file})
09-29 00:11:10.729  7613  7666 I WM-Processor: Moving WorkSpec (addf75e8-c004-42df-b8b8-31b3d025e91b) to the foreground
09-29 00:11:10.731  7613  7613 D WM-SystemFgDispatcher: Notifying with (id:5944, workSpecId: addf75e8-c004-42df-b8b8-31b3d025e91b, notificationType :1)
09-29 00:11:10.732  7613  7666 D WM-WorkProgressUpdater: Updating progress for addf75e8-c004-42df-b8b8-31b3d025e91b (Data {pct : 90, mode : file})
09-29 00:11:10.735  7613  7666 I WM-Processor: Moving WorkSpec (addf75e8-c004-42df-b8b8-31b3d025e91b) to the foreground
09-29 00:11:10.736  7613  7613 D WM-SystemFgDispatcher: Notifying with (id:5944, workSpecId: addf75e8-c004-42df-b8b8-31b3d025e91b, notificationType :1)
09-29 00:11:10.737  7613  7666 D WM-WorkProgressUpdater: Updating progress for 3a0a720a-c641-4298-8e74-66b8360904f9 (Data {pct : 27, mode : file})
09-29 00:11:10.739  7613  7666 I WM-Processor: Moving WorkSpec (3a0a720a-c641-4298-8e74-66b8360904f9) to the foreground
09-29 00:11:10.740  7613  7666 D WM-WorkProgressUpdater: Updating progress for 3a0a720a-c641-4298-8e74-66b8360904f9 (Data {pct : 44, mode : file})
09-29 00:11:10.741  7613  7613 D WM-SystemFgDispatcher: Notifying with (id:4931, workSpecId: 3a0a720a-c641-4298-8e74-66b8360904f9, notificationType :1)
09-29 00:11:10.743  7613  7666 I WM-Processor: Moving WorkSpec (3a0a720a-c641-4298-8e74-66b8360904f9) to the foreground
09-29 00:11:10.744  7613  7666 D WM-WorkProgressUpdater: Updating progress for 3a0a720a-c641-4298-8e74-66b8360904f9 (Data {pct : 61, mode : file})
09-29 00:11:10.744  7613  7613 D WM-SystemFgDispatcher: Notifying with (id:4931, workSpecId: 3a0a720a-c641-4298-8e74-66b8360904f9, notificationType :1)
09-29 00:11:10.746  7613  7666 I WM-Processor: Moving WorkSpec (3a0a720a-c641-4298-8e74-66b8360904f9) to the foreground
09-29 00:11:10.747  7613  7666 D WM-WorkProgressUpdater: Updating progress for 3a0a720a-c641-4298-8e74-66b8360904f9 (Data {pct : 78, mode : file})
09-29 00:11:10.747  7613  7613 D WM-SystemFgDispatcher: Notifying with (id:4931, workSpecId: 3a0a720a-c641-4298-8e74-66b8360904f9, notificationType :1)
09-29 00:11:10.749  7613  7666 I WM-Processor: Moving WorkSpec (3a0a720a-c641-4298-8e74-66b8360904f9) to the foreground
09-29 00:11:10.751  7613  7666 D WM-WorkProgressUpdater: Updating progress for 3a0a720a-c641-4298-8e74-66b8360904f9 (Data {pct : 90, mode : file})
09-29 00:11:10.751  7613  7613 D WM-SystemFgDispatcher: Notifying with (id:4931, workSpecId: 3a0a720a-c641-4298-8e74-66b8360904f9, notificationType :1)
09-29 00:11:10.754  7613  7666 I WM-Processor: Moving WorkSpec (3a0a720a-c641-4298-8e74-66b8360904f9) to the foreground
09-29 00:11:10.755  7613  7613 D WM-SystemFgDispatcher: Notifying with (id:4931, workSpecId: 3a0a720a-c641-4298-8e74-66b8360904f9, notificationType :1)
09-29 00:11:10.761  7613  7666 D WM-WorkProgressUpdater: Updating progress for acae73cc-e56f-4e18-834a-03c7284f1238 (Data {pct : 10, mode : file})
09-29 00:11:10.763  7613  7666 I WM-Processor: Moving WorkSpec (acae73cc-e56f-4e18-834a-03c7284f1238) to the foreground
09-29 00:11:10.767  7613  7666 D WM-WorkProgressUpdater: Updating progress for acae73cc-e56f-4e18-834a-03c7284f1238 (Data {pct : 30, mode : file})
09-29 00:11:10.767  7613  7613 D WM-SystemFgDispatcher: Notifying with (id:3523, workSpecId: acae73cc-e56f-4e18-834a-03c7284f1238, notificationType :1)
09-29 00:11:10.770  7613  7666 I WM-Processor: Moving WorkSpec (acae73cc-e56f-4e18-834a-03c7284f1238) to the foreground
09-29 00:11:10.770  7613  7666 D WM-WorkProgressUpdater: Updating progress for acae73cc-e56f-4e18-834a-03c7284f1238 (Data {pct : 50, mode : file})
09-29 00:11:10.770  7613  7613 D WM-SystemFgDispatcher: Notifying with (id:3523, workSpecId: acae73cc-e56f-4e18-834a-03c7284f1238, notificationType :1)
09-29 00:11:10.772  7613  7666 I WM-Processor: Moving WorkSpec (acae73cc-e56f-4e18-834a-03c7284f1238) to the foreground
09-29 00:11:10.774  7613  7613 D WM-SystemFgDispatcher: Notifying with (id:3523, workSpecId: acae73cc-e56f-4e18-834a-03c7284f1238, notificationType :1)
09-29 00:11:10.774  7613  7666 D WM-WorkProgressUpdater: Updating progress for acae73cc-e56f-4e18-834a-03c7284f1238 (Data {pct : 70, mode : file})
09-29 00:11:10.777  7613  7666 I WM-Processor: Moving WorkSpec (acae73cc-e56f-4e18-834a-03c7284f1238) to the foreground
09-29 00:11:10.778  7613  7613 D WM-SystemFgDispatcher: Notifying with (id:3523, workSpecId: acae73cc-e56f-4e18-834a-03c7284f1238, notificationType :1)
09-29 00:11:10.778  7613  7666 D WM-WorkProgressUpdater: Updating progress for acae73cc-e56f-4e18-834a-03c7284f1238 (Data {pct : 90, mode : file})
09-29 00:11:10.780  7613  7666 I WM-Processor: Moving WorkSpec (acae73cc-e56f-4e18-834a-03c7284f1238) to the foreground
09-29 00:11:10.781  7613  7666 D WM-WorkProgressUpdater: Updating progress for 74632972-b93d-415f-b4d3-f58c83de803b (Data {pct : 19, mode : startup_ring_logs})
09-29 00:11:10.782  7613  7613 D WM-SystemFgDispatcher: Notifying with (id:3523, workSpecId: acae73cc-e56f-4e18-834a-03c7284f1238, notificationType :1)
09-29 00:11:10.783  7613  7666 I WM-Processor: Moving WorkSpec (74632972-b93d-415f-b4d3-f58c83de803b) to the foreground
09-29 00:11:10.786  7613  7613 D WM-SystemFgDispatcher: Notifying with (id:6010, workSpecId: 74632972-b93d-415f-b4d3-f58c83de803b, notificationType :1)
09-29 00:11:10.786  7613  7666 D WM-WorkProgressUpdater: Updating progress for 74632972-b93d-415f-b4d3-f58c83de803b (Data {pct : 37, mode : startup_ring_logs})
09-29 00:11:10.788  7613  7666 I WM-Processor: Moving WorkSpec (74632972-b93d-415f-b4d3-f58c83de803b) to the foreground
09-29 00:11:10.790  7613  7613 D WM-SystemFgDispatcher: Notifying with (id:6010, workSpecId: 74632972-b93d-415f-b4d3-f58c83de803b, notificationType :1)
09-29 00:11:10.790  7613  7666 D WM-WorkProgressUpdater: Updating progress for 74632972-b93d-415f-b4d3-f58c83de803b (Data {pct : 55, mode : startup_ring_logs})
09-29 00:11:10.791  7613  7666 I WM-Processor: Moving WorkSpec (74632972-b93d-415f-b4d3-f58c83de803b) to the foreground
09-29 00:11:10.792  7613  7666 D WM-WorkProgressUpdater: Updating progress for a1f51c6c-d591-48e6-9e54-1869a68d8ba3 (Data {pct : 10, mode : file})
09-29 00:11:10.792  7613  7613 D WM-SystemFgDispatcher: Notifying with (id:6010, workSpecId: 74632972-b93d-415f-b4d3-f58c83de803b, notificationType :1)
09-29 00:11:10.793  7613  7666 D WM-WorkProgressUpdater: Updating progress for 74632972-b93d-415f-b4d3-f58c83de803b (Data {pct : 72, mode : startup_ring_logs})
09-29 00:11:10.796  7613  7666 I WM-Processor: Moving WorkSpec (a1f51c6c-d591-48e6-9e54-1869a68d8ba3) to the foreground
09-29 00:11:10.797  7613  7613 D WM-SystemFgDispatcher: Notifying with (id:5314, workSpecId: a1f51c6c-d591-48e6-9e54-1869a68d8ba3, notificationType :1)
09-29 00:11:10.800  7613  7666 I WM-Processor: Moving WorkSpec (74632972-b93d-415f-b4d3-f58c83de803b) to the foreground
09-29 00:11:10.801  7613  7613 D WM-SystemFgDispatcher: Notifying with (id:6010, workSpecId: 74632972-b93d-415f-b4d3-f58c83de803b, notificationType :1)
09-29 00:11:10.802  7613  7666 D WM-WorkProgressUpdater: Updating progress for 74632972-b93d-415f-b4d3-f58c83de803b (Data {pct : 91, mode : startup_ring_logs})
09-29 00:11:10.804  7613  7666 I WM-Processor: Moving WorkSpec (74632972-b93d-415f-b4d3-f58c83de803b) to the foreground
09-29 00:11:10.805  7613  7666 D WM-WorkProgressUpdater: Updating progress for fdb2def7-3b18-4194-8f3a-0ab9c8e17363 (Data {pct : 10, mode : file})
09-29 00:11:10.805  7613  7613 D WM-SystemFgDispatcher: Notifying with (id:6010, workSpecId: 74632972-b93d-415f-b4d3-f58c83de803b, notificationType :1)
09-29 00:11:10.807  7613  7666 I WM-Processor: Moving WorkSpec (fdb2def7-3b18-4194-8f3a-0ab9c8e17363) to the foreground
09-29 00:11:10.807  7613  7627 D InputTransport: Input channel destroyed: 'ClientS', fd=256
09-29 00:11:10.808  7613  7666 D WM-WorkProgressUpdater: Updating progress for a1f51c6c-d591-48e6-9e54-1869a68d8ba3 (Data {pct : 90, mode : file})
09-29 00:11:10.808  7613  7613 D WM-SystemFgDispatcher: Notifying with (id:7492, workSpecId: fdb2def7-3b18-4194-8f3a-0ab9c8e17363, notificationType :1)
09-29 00:11:10.810  7613  7666 I WM-Processor: Moving WorkSpec (a1f51c6c-d591-48e6-9e54-1869a68d8ba3) to the foreground
09-29 00:11:10.811  7613  7613 D WM-SystemFgDispatcher: Notifying with (id:5314, workSpecId: a1f51c6c-d591-48e6-9e54-1869a68d8ba3, notificationType :1)
09-29 00:11:10.811  7613  7666 D WM-WorkProgressUpdater: Updating progress for fdb2def7-3b18-4194-8f3a-0ab9c8e17363 (Data {pct : 27, mode : file})
09-29 00:11:10.813  7613  7666 I WM-Processor: Moving WorkSpec (fdb2def7-3b18-4194-8f3a-0ab9c8e17363) to the foreground
09-29 00:11:10.814  7613  7613 D WM-SystemFgDispatcher: Notifying with (id:7492, workSpecId: fdb2def7-3b18-4194-8f3a-0ab9c8e17363, notificationType :1)
09-29 00:11:10.814  7613  7666 D WM-WorkProgressUpdater: Updating progress for fdb2def7-3b18-4194-8f3a-0ab9c8e17363 (Data {pct : 44, mode : file})
09-29 00:11:10.817  7613  7666 I WM-Processor: Moving WorkSpec (fdb2def7-3b18-4194-8f3a-0ab9c8e17363) to the foreground
09-29 00:11:10.818  7613  7666 D WM-WorkProgressUpdater: Updating progress for fdb2def7-3b18-4194-8f3a-0ab9c8e17363 (Data {pct : 61, mode : file})
09-29 00:11:10.818  7613  7613 D WM-SystemFgDispatcher: Notifying with (id:7492, workSpecId: fdb2def7-3b18-4194-8f3a-0ab9c8e17363, notificationType :1)
09-29 00:11:10.819  7613  7666 I WM-Processor: Moving WorkSpec (fdb2def7-3b18-4194-8f3a-0ab9c8e17363) to the foreground
09-29 00:11:10.820  7613  7613 D WM-SystemFgDispatcher: Notifying with (id:7492, workSpecId: fdb2def7-3b18-4194-8f3a-0ab9c8e17363, notificationType :1)
09-29 00:11:10.822  7613  7666 D WM-WorkProgressUpdater: Updating progress for fdb2def7-3b18-4194-8f3a-0ab9c8e17363 (Data {pct : 78, mode : file})
09-29 00:11:10.823  7613  7666 I WM-Processor: Moving WorkSpec (fdb2def7-3b18-4194-8f3a-0ab9c8e17363) to the foreground
09-29 00:11:10.824  7613  7613 D WM-SystemFgDispatcher: Notifying with (id:7492, workSpecId: fdb2def7-3b18-4194-8f3a-0ab9c8e17363, notificationType :1)
09-29 00:11:10.825  7613  7666 D WM-WorkProgressUpdater: Updating progress for fdb2def7-3b18-4194-8f3a-0ab9c8e17363 (Data {pct : 90, mode : file})
09-29 00:11:10.827  7613  7666 I WM-Processor: Moving WorkSpec (fdb2def7-3b18-4194-8f3a-0ab9c8e17363) to the foreground
09-29 00:11:10.829  7613  7613 D WM-SystemFgDispatcher: Notifying with (id:7492, workSpecId: fdb2def7-3b18-4194-8f3a-0ab9c8e17363, notificationType :1)
09-29 00:11:10.829  7613  7666 D WM-WorkProgressUpdater: Updating progress for 95601a6b-7bc7-4f60-8d35-f3c5d21ddb89 (Data {pct : 10, mode : file})
09-29 00:11:10.831  7613  7666 I WM-Processor: Moving WorkSpec (95601a6b-7bc7-4f60-8d35-f3c5d21ddb89) to the foreground
09-29 00:11:10.832  7613  7666 D WM-WorkProgressUpdater: Updating progress for 95601a6b-7bc7-4f60-8d35-f3c5d21ddb89 (Data {pct : 26, mode : file})
09-29 00:11:10.832  7613  7613 D WM-SystemFgDispatcher: Notifying with (id:4588, workSpecId: 95601a6b-7bc7-4f60-8d35-f3c5d21ddb89, notificationType :1)
09-29 00:11:10.833  7613  7666 I WM-Processor: Moving WorkSpec (95601a6b-7bc7-4f60-8d35-f3c5d21ddb89) to the foreground
09-29 00:11:10.835  7613  7613 D WM-SystemFgDispatcher: Notifying with (id:4588, workSpecId: 95601a6b-7bc7-4f60-8d35-f3c5d21ddb89, notificationType :1)
09-29 00:11:10.835  7613  7666 D WM-WorkProgressUpdater: Updating progress for 95601a6b-7bc7-4f60-8d35-f3c5d21ddb89 (Data {pct : 43, mode : file})
09-29 00:11:10.837  7613  7666 I WM-Processor: Moving WorkSpec (95601a6b-7bc7-4f60-8d35-f3c5d21ddb89) to the foreground
09-29 00:11:10.838  7613  7666 D WM-WorkProgressUpdater: Updating progress for 95601a6b-7bc7-4f60-8d35-f3c5d21ddb89 (Data {pct : 60, mode : file})
09-29 00:11:10.838  7613  7613 D WM-SystemFgDispatcher: Notifying with (id:4588, workSpecId: 95601a6b-7bc7-4f60-8d35-f3c5d21ddb89, notificationType :1)
09-29 00:11:10.840  7613  7666 I WM-Processor: Moving WorkSpec (95601a6b-7bc7-4f60-8d35-f3c5d21ddb89) to the foreground
09-29 00:11:10.842  7613  7613 D WM-SystemFgDispatcher: Notifying with (id:4588, workSpecId: 95601a6b-7bc7-4f60-8d35-f3c5d21ddb89, notificationType :1)
09-29 00:11:10.842  7613  7666 D WM-WorkProgressUpdater: Updating progress for 95601a6b-7bc7-4f60-8d35-f3c5d21ddb89 (Data {pct : 77, mode : file})
09-29 00:11:10.843  7613  7666 I WM-Processor: Moving WorkSpec (95601a6b-7bc7-4f60-8d35-f3c5d21ddb89) to the foreground
09-29 00:11:10.844  7613  7613 D WM-SystemFgDispatcher: Notifying with (id:4588, workSpecId: 95601a6b-7bc7-4f60-8d35-f3c5d21ddb89, notificationType :1)
09-29 00:11:10.845  7613  7666 D WM-WorkProgressUpdater: Updating progress for 95601a6b-7bc7-4f60-8d35-f3c5d21ddb89 (Data {pct : 90, mode : file})
09-29 00:11:10.846  7613  7666 I WM-Processor: Moving WorkSpec (95601a6b-7bc7-4f60-8d35-f3c5d21ddb89) to the foreground
09-29 00:11:10.847  7613  7613 D WM-SystemFgDispatcher: Notifying with (id:4588, workSpecId: 95601a6b-7bc7-4f60-8d35-f3c5d21ddb89, notificationType :1)
09-29 00:11:10.847  7613  7666 D WM-WorkProgressUpdater: Updating progress for 719b4369-62e5-4050-a85c-dca1f31313a3 (Data {pct : 10, mode : file})
09-29 00:11:10.849  7613  7666 I WM-Processor: Moving WorkSpec (719b4369-62e5-4050-a85c-dca1f31313a3) to the foreground
09-29 00:11:10.850  7613  7666 D WM-WorkProgressUpdater: Updating progress for cdf06544-dc01-453d-9cb5-b12a24ba2253 (Data {pct : 10, mode : file})
09-29 00:11:10.850  7613  7613 D WM-SystemFgDispatcher: Notifying with (id:10841, workSpecId: 719b4369-62e5-4050-a85c-dca1f31313a3, notificationType :1)
09-29 00:11:10.852  7613  7666 I WM-Processor: Moving WorkSpec (cdf06544-dc01-453d-9cb5-b12a24ba2253) to the foreground
09-29 00:11:10.853  7613  7613 D WM-SystemFgDispatcher: Notifying with (id:7832, workSpecId: cdf06544-dc01-453d-9cb5-b12a24ba2253, notificationType :1)
09-29 00:11:10.853  7613  7666 D WM-WorkProgressUpdater: Updating progress for 719b4369-62e5-4050-a85c-dca1f31313a3 (Data {pct : 26, mode : file})
09-29 00:11:10.854  7613  7666 I WM-Processor: Moving WorkSpec (719b4369-62e5-4050-a85c-dca1f31313a3) to the foreground
09-29 00:11:10.855  7613  7613 D WM-SystemFgDispatcher: Notifying with (id:10841, workSpecId: 719b4369-62e5-4050-a85c-dca1f31313a3, notificationType :1)
09-29 00:11:10.856  7613  7666 D WM-WorkProgressUpdater: Updating progress for cdf06544-dc01-453d-9cb5-b12a24ba2253 (Data {pct : 26, mode : file})
09-29 00:11:10.857  7613  7666 I WM-Processor: Moving WorkSpec (cdf06544-dc01-453d-9cb5-b12a24ba2253) to the foreground
09-29 00:11:10.859  7613  7613 D WM-SystemFgDispatcher: Notifying with (id:7832, workSpecId: cdf06544-dc01-453d-9cb5-b12a24ba2253, notificationType :1)
09-29 00:11:10.859  7613  7666 D WM-WorkProgressUpdater: Updating progress for 719b4369-62e5-4050-a85c-dca1f31313a3 (Data {pct : 43, mode : file})
09-29 00:11:10.860  7613  7666 I WM-Processor: Moving WorkSpec (719b4369-62e5-4050-a85c-dca1f31313a3) to the foreground
09-29 00:11:10.861  7613  7666 D WM-WorkProgressUpdater: Updating progress for cdf06544-dc01-453d-9cb5-b12a24ba2253 (Data {pct : 42, mode : file})
09-29 00:11:10.861  7613  7613 D WM-SystemFgDispatcher: Notifying with (id:10841, workSpecId: 719b4369-62e5-4050-a85c-dca1f31313a3, notificationType :1)
09-29 00:11:10.863  7613  7666 I WM-Processor: Moving WorkSpec (cdf06544-dc01-453d-9cb5-b12a24ba2253) to the foreground
09-29 00:11:10.864  7613  7613 D WM-SystemFgDispatcher: Notifying with (id:7832, workSpecId: cdf06544-dc01-453d-9cb5-b12a24ba2253, notificationType :1)
09-29 00:11:10.864  7613  7666 D WM-WorkProgressUpdater: Updating progress for 719b4369-62e5-4050-a85c-dca1f31313a3 (Data {pct : 60, mode : file})
09-29 00:11:10.864  7613  7613 I NotificationManager: com.negi.survey: notify(7832, null, Notification(channel=uploads shortcut=null contentView=null vibrate=null sound=null defaults=0 flags=ONGOING_EVENT|ONLY_ALERT_ONCE color=0x00000000 category=progress vis=PRIVATE semFlags=0x0 semPriority=0 semMissedCount=0 semScenarioType=0)) as user
09-29 00:11:10.866  7613  7666 I WM-Processor: Moving WorkSpec (719b4369-62e5-4050-a85c-dca1f31313a3) to the foreground
09-29 00:11:10.868  7613  7666 D WM-WorkProgressUpdater: Updating progress for cdf06544-dc01-453d-9cb5-b12a24ba2253 (Data {pct : 58, mode : file})
09-29 00:11:10.868  7613  7613 D WM-SystemFgDispatcher: Notifying with (id:10841, workSpecId: 719b4369-62e5-4050-a85c-dca1f31313a3, notificationType :1)
09-29 00:11:10.869  7613  7666 D WM-WorkProgressUpdater: Updating progress for 719b4369-62e5-4050-a85c-dca1f31313a3 (Data {pct : 77, mode : file})
09-29 00:11:10.871  7613  7666 I WM-Processor: Moving WorkSpec (cdf06544-dc01-453d-9cb5-b12a24ba2253) to the foreground
09-29 00:11:10.872  7613  7613 D WM-SystemFgDispatcher: Notifying with (id:7832, workSpecId: cdf06544-dc01-453d-9cb5-b12a24ba2253, notificationType :1)
09-29 00:11:10.873  7613  7666 I WM-Processor: Moving WorkSpec (719b4369-62e5-4050-a85c-dca1f31313a3) to the foreground
09-29 00:11:10.874  7613  7613 D WM-SystemFgDispatcher: Notifying with (id:10841, workSpecId: 719b4369-62e5-4050-a85c-dca1f31313a3, notificationType :1)
09-29 00:11:10.874  7613  7666 D WM-WorkProgressUpdater: Updating progress for cdf06544-dc01-453d-9cb5-b12a24ba2253 (Data {pct : 74, mode : file})
09-29 00:11:10.875  7613  7666 D WM-WorkProgressUpdater: Updating progress for 719b4369-62e5-4050-a85c-dca1f31313a3 (Data {pct : 90, mode : file})
09-29 00:11:10.877  7613  7666 I WM-Processor: Moving WorkSpec (cdf06544-dc01-453d-9cb5-b12a24ba2253) to the foreground
09-29 00:11:10.878  7613  7613 D WM-SystemFgDispatcher: Notifying with (id:7832, workSpecId: cdf06544-dc01-453d-9cb5-b12a24ba2253, notificationType :1)
09-29 00:11:10.878  7613  7666 I WM-Processor: Moving WorkSpec (719b4369-62e5-4050-a85c-dca1f31313a3) to the foreground
09-29 00:11:10.879  7613  7613 D WM-SystemFgDispatcher: Notifying with (id:10841, workSpecId: 719b4369-62e5-4050-a85c-dca1f31313a3, notificationType :1)
09-29 00:11:10.879  7613  7666 D WM-WorkProgressUpdater: Updating progress for cdf06544-dc01-453d-9cb5-b12a24ba2253 (Data {pct : 90, mode : file})
09-29 00:11:10.881  7613  7666 I WM-Processor: Moving WorkSpec (cdf06544-dc01-453d-9cb5-b12a24ba2253) to the foreground
09-29 00:11:10.883  7613  7613 D WM-SystemFgDispatcher: Notifying with (id:7832, workSpecId: cdf06544-dc01-453d-9cb5-b12a24ba2253, notificationType :1)
09-29 00:11:10.883  7613  7666 D WM-WorkProgressUpdater: Updating progress for f5502e1c-ae43-462f-92a9-b075b92d78ea (Data {pct : 43, mode : startup_runtime_logs})
09-29 00:11:10.884  7613  7666 I WM-Processor: Moving WorkSpec (f5502e1c-ae43-462f-92a9-b075b92d78ea) to the foreground
09-29 00:11:10.886  7613  7613 D WM-SystemFgDispatcher: Notifying with (id:6811, workSpecId: f5502e1c-ae43-462f-92a9-b075b92d78ea, notificationType :1)
09-29 00:11:10.886  7613  7666 D WM-WorkProgressUpdater: Updating progress for f5502e1c-ae43-462f-92a9-b075b92d78ea (Data {pct : 64, mode : startup_runtime_logs})
09-29 00:11:10.888  7613  7666 I WM-Processor: Moving WorkSpec (f5502e1c-ae43-462f-92a9-b075b92d78ea) to the foreground
09-29 00:11:10.888  7613  7666 D WM-WorkProgressUpdater: Updating progress for f5502e1c-ae43-462f-92a9-b075b92d78ea (Data {pct : 67, mode : startup_runtime_logs})
09-29 00:11:10.888  7613  7613 D WM-SystemFgDispatcher: Notifying with (id:6811, workSpecId: f5502e1c-ae43-462f-92a9-b075b92d78ea, notificationType :1)
09-29 00:11:10.890  7613  7666 I WM-Processor: Moving WorkSpec (f5502e1c-ae43-462f-92a9-b075b92d78ea) to the foreground
09-29 00:11:10.892  7613  7613 D WM-SystemFgDispatcher: Notifying with (id:6811, workSpecId: f5502e1c-ae43-462f-92a9-b075b92d78ea, notificationType :1)
09-29 00:11:10.893  7613  7666 D WM-WorkProgressUpdater: Updating progress for e232e0ed-f2cb-4277-9cb1-0dea725ce196 (Data {pct : 10, mode : file})
09-29 00:11:10.894  7613  7666 I WM-Processor: Moving WorkSpec (e232e0ed-f2cb-4277-9cb1-0dea725ce196) to the foreground
09-29 00:11:10.896  7613  7666 D WM-WorkProgressUpdater: Updating progress for 09608abf-e8ec-4f2e-b25d-6a9afc07890c (Data {pct : 10, mode : file})
09-29 00:11:10.896  7613  7613 D WM-SystemFgDispatcher: Notifying with (id:11118, workSpecId: e232e0ed-f2cb-4277-9cb1-0dea725ce196, notificationType :1)
09-29 00:11:10.898  7613  7666 I WM-Processor: Moving WorkSpec (09608abf-e8ec-4f2e-b25d-6a9afc07890c) to the foreground
09-29 00:11:10.900  7613  7666 D WM-WorkProgressUpdater: Updating progress for e232e0ed-f2cb-4277-9cb1-0dea725ce196 (Data {pct : 27, mode : file})
09-29 00:11:10.900  7613  7613 D WM-SystemFgDispatcher: Notifying with (id:8012, workSpecId: 09608abf-e8ec-4f2e-b25d-6a9afc07890c, notificationType :1)
09-29 00:11:10.905  7613  7666 I WM-Processor: Moving WorkSpec (e232e0ed-f2cb-4277-9cb1-0dea725ce196) to the foreground
09-29 00:11:10.906  7613  7666 D WM-WorkProgressUpdater: Updating progress for e232e0ed-f2cb-4277-9cb1-0dea725ce196 (Data {pct : 44, mode : file})
09-29 00:11:10.906  7613  7613 D WM-SystemFgDispatcher: Notifying with (id:11118, workSpecId: e232e0ed-f2cb-4277-9cb1-0dea725ce196, notificationType :1)
09-29 00:11:10.908  7613  7666 I WM-Processor: Moving WorkSpec (e232e0ed-f2cb-4277-9cb1-0dea725ce196) to the foreground
09-29 00:11:10.909  7613  7666 D WM-WorkProgressUpdater: Updating progress for e232e0ed-f2cb-4277-9cb1-0dea725ce196 (Data {pct : 61, mode : file})
09-29 00:11:10.909  7613  7613 D WM-SystemFgDispatcher: Notifying with (id:11118, workSpecId: e232e0ed-f2cb-4277-9cb1-0dea725ce196, notificationType :1)
09-29 00:11:10.910  7613  7666 I WM-Processor: Moving WorkSpec (e232e0ed-f2cb-4277-9cb1-0dea725ce196) to the foreground
09-29 00:11:10.911  7613  7666 D WM-WorkProgressUpdater: Updating progress for 09608abf-e8ec-4f2e-b25d-6a9afc07890c (Data {pct : 26, mode : file})
09-29 00:11:10.912  7613  7613 D WM-SystemFgDispatcher: Notifying with (id:11118, workSpecId: e232e0ed-f2cb-4277-9cb1-0dea725ce196, notificationType :1)
09-29 00:11:10.913  7613  7665 D WM-WorkProgressUpdater: Updating progress for e232e0ed-f2cb-4277-9cb1-0dea725ce196 (Data {pct : 78, mode : file})
09-29 00:11:10.915  7613  7665 I WM-Processor: Moving WorkSpec (e232e0ed-f2cb-4277-9cb1-0dea725ce196) to the foreground
09-29 00:11:10.915  7613  7613 D WM-SystemFgDispatcher: Notifying with (id:11118, workSpecId: e232e0ed-f2cb-4277-9cb1-0dea725ce196, notificationType :1)
09-29 00:11:10.916  7613  7665 I WM-Processor: Moving WorkSpec (09608abf-e8ec-4f2e-b25d-6a9afc07890c) to the foreground
09-29 00:11:10.917  7613  7665 D WM-WorkProgressUpdater: Updating progress for e232e0ed-f2cb-4277-9cb1-0dea725ce196 (Data {pct : 90, mode : file})
09-29 00:11:10.917  7613  7613 D WM-SystemFgDispatcher: Notifying with (id:8012, workSpecId: 09608abf-e8ec-4f2e-b25d-6a9afc07890c, notificationType :1)
09-29 00:11:10.918  7613  7665 I WM-Processor: Moving WorkSpec (e232e0ed-f2cb-4277-9cb1-0dea725ce196) to the foreground
09-29 00:11:10.919  7613  7665 D WM-WorkProgressUpdater: Updating progress for 09608abf-e8ec-4f2e-b25d-6a9afc07890c (Data {pct : 43, mode : file})
09-29 00:11:10.919  7613  7613 D WM-SystemFgDispatcher: Notifying with (id:11118, workSpecId: e232e0ed-f2cb-4277-9cb1-0dea725ce196, notificationType :1)
09-29 00:11:10.921  7613  7665 I WM-Processor: Moving WorkSpec (09608abf-e8ec-4f2e-b25d-6a9afc07890c) to the foreground
09-29 00:11:10.922  7613  7613 D WM-SystemFgDispatcher: Notifying with (id:8012, workSpecId: 09608abf-e8ec-4f2e-b25d-6a9afc07890c, notificationType :1)
09-29 00:11:10.923  7613  7665 D WM-WorkProgressUpdater: Updating progress for 09608abf-e8ec-4f2e-b25d-6a9afc07890c (Data {pct : 60, mode : file})
09-29 00:11:10.924  7613  7665 I WM-Processor: Moving WorkSpec (09608abf-e8ec-4f2e-b25d-6a9afc07890c) to the foreground
09-29 00:11:10.925  7613  7665 D WM-WorkProgressUpdater: Updating progress for 09608abf-e8ec-4f2e-b25d-6a9afc07890c (Data {pct : 77, mode : file})
09-29 00:11:10.925  7613  7613 D WM-SystemFgDispatcher: Notifying with (id:8012, workSpecId: 09608abf-e8ec-4f2e-b25d-6a9afc07890c, notificationType :1)
09-29 00:11:10.926  7613  7665 I WM-Processor: Moving WorkSpec (09608abf-e8ec-4f2e-b25d-6a9afc07890c) to the foreground
09-29 00:11:10.928  7613  7613 D WM-SystemFgDispatcher: Notifying with (id:8012, workSpecId: 09608abf-e8ec-4f2e-b25d-6a9afc07890c, notificationType :1)
09-29 00:11:10.928  7613  7665 D WM-WorkProgressUpdater: Updating progress for 09608abf-e8ec-4f2e-b25d-6a9afc07890c (Data {pct : 90, mode : file})
09-29 00:11:10.930  7613  7665 I WM-Processor: Moving WorkSpec (09608abf-e8ec-4f2e-b25d-6a9afc07890c) to the foreground
09-29 00:11:10.931  7613  7613 D WM-SystemFgDispatcher: Notifying with (id:8012, workSpecId: 09608abf-e8ec-4f2e-b25d-6a9afc07890c, notificationType :1)
09-29 00:11:10.932  7613  7665 D WM-WorkProgressUpdater: Updating progress for 62393af5-049b-499b-9946-5f6ae35af179 (Data {pct : 10, mode : file})
09-29 00:11:10.934  7613  7665 D WM-WorkProgressUpdater: Updating progress for 61a8429b-302c-422b-8adc-bdcb3213b867 (Data {pct : 10, mode : file})
09-29 00:11:10.935  7613  7665 I WM-Processor: Moving WorkSpec (62393af5-049b-499b-9946-5f6ae35af179) to the foreground
09-29 00:11:10.936  7613  7613 D WM-SystemFgDispatcher: Notifying with (id:7517, workSpecId: 62393af5-049b-499b-9946-5f6ae35af179, notificationType :1)
09-29 00:11:10.937  7613  7665 I WM-Processor: Moving WorkSpec (61a8429b-302c-422b-8adc-bdcb3213b867) to the foreground
09-29 00:11:10.939  7613  7613 D WM-SystemFgDispatcher: Notifying with (id:5734, workSpecId: 61a8429b-302c-422b-8adc-bdcb3213b867, notificationType :1)
09-29 00:11:10.939  7613  7665 D WM-WorkProgressUpdater: Updating progress for 0a41d9da-64f6-4a6a-a847-34e18f759560 (Data {pct : 10, mode : file})
09-29 00:11:10.941  7613  7665 I WM-Processor: Moving WorkSpec (0a41d9da-64f6-4a6a-a847-34e18f759560) to the foreground
09-29 00:11:10.942  7613  7665 D WM-WorkProgressUpdater: Updating progress for 62393af5-049b-499b-9946-5f6ae35af179 (Data {pct : 34, mode : file})
09-29 00:11:10.942  7613  7613 D WM-SystemFgDispatcher: Notifying with (id:8187, workSpecId: 0a41d9da-64f6-4a6a-a847-34e18f759560, notificationType :1)
09-29 00:11:10.943  7613  7665 I WM-Processor: Moving WorkSpec (62393af5-049b-499b-9946-5f6ae35af179) to the foreground
09-29 00:11:10.944  7613  7665 D WM-WorkProgressUpdater: Updating progress for 62393af5-049b-499b-9946-5f6ae35af179 (Data {pct : 58, mode : file})
09-29 00:11:10.944  7613  7613 D WM-SystemFgDispatcher: Notifying with (id:7517, workSpecId: 62393af5-049b-499b-9946-5f6ae35af179, notificationType :1)
09-29 00:11:10.946  7613  7665 I WM-Processor: Moving WorkSpec (62393af5-049b-499b-9946-5f6ae35af179) to the foreground
09-29 00:11:10.947  7613  7613 D WM-SystemFgDispatcher: Notifying with (id:7517, workSpecId: 62393af5-049b-499b-9946-5f6ae35af179, notificationType :1)
09-29 00:11:10.947  7613  7665 D WM-WorkProgressUpdater: Updating progress for 62393af5-049b-499b-9946-5f6ae35af179 (Data {pct : 82, mode : file})
09-29 00:11:10.950  7613  7665 I WM-Processor: Moving WorkSpec (62393af5-049b-499b-9946-5f6ae35af179) to the foreground
09-29 00:11:10.950  7613  7665 D WM-WorkProgressUpdater: Updating progress for 62393af5-049b-499b-9946-5f6ae35af179 (Data {pct : 90, mode : file})
09-29 00:11:10.951  7613  7613 D WM-SystemFgDispatcher: Notifying with (id:7517, workSpecId: 62393af5-049b-499b-9946-5f6ae35af179, notificationType :1)
09-29 00:11:10.953  7613  7665 I WM-Processor: Moving WorkSpec (62393af5-049b-499b-9946-5f6ae35af179) to the foreground
09-29 00:11:10.954  7613  7665 D WM-WorkProgressUpdater: Updating progress for 61a8429b-302c-422b-8adc-bdcb3213b867 (Data {pct : 27, mode : file})
09-29 00:11:10.954  7613  7613 D WM-SystemFgDispatcher: Notifying with (id:7517, workSpecId: 62393af5-049b-499b-9946-5f6ae35af179, notificationType :1)
09-29 00:11:10.955  7613  7665 I WM-Processor: Moving WorkSpec (61a8429b-302c-422b-8adc-bdcb3213b867) to the foreground
09-29 00:11:10.957  7613  7665 D WM-WorkProgressUpdater: Updating progress for 0a41d9da-64f6-4a6a-a847-34e18f759560 (Data {pct : 27, mode : file})
09-29 00:11:10.957  7613  7613 D WM-SystemFgDispatcher: Notifying with (id:5734, workSpecId: 61a8429b-302c-422b-8adc-bdcb3213b867, notificationType :1)
09-29 00:11:10.959  7613  7665 I WM-Processor: Moving WorkSpec (0a41d9da-64f6-4a6a-a847-34e18f759560) to the foreground
09-29 00:11:10.960  7613  7665 D WM-WorkProgressUpdater: Updating progress for 0a41d9da-64f6-4a6a-a847-34e18f759560 (Data {pct : 44, mode : file})
09-29 00:11:10.960  7613  7613 D WM-SystemFgDispatcher: Notifying with (id:8187, workSpecId: 0a41d9da-64f6-4a6a-a847-34e18f759560, notificationType :1)
09-29 00:11:10.961  7613  7665 I WM-Processor: Moving WorkSpec (0a41d9da-64f6-4a6a-a847-34e18f759560) to the foreground
09-29 00:11:10.962  7613  7665 D WM-WorkProgressUpdater: Updating progress for 61a8429b-302c-422b-8adc-bdcb3213b867 (Data {pct : 45, mode : file})
09-29 00:11:10.962  7613  7613 D WM-SystemFgDispatcher: Notifying with (id:8187, workSpecId: 0a41d9da-64f6-4a6a-a847-34e18f759560, notificationType :1)
09-29 00:11:10.964  7613  7665 I WM-Processor: Moving WorkSpec (61a8429b-302c-422b-8adc-bdcb3213b867) to the foreground
09-29 00:11:10.965  7613  7665 D WM-WorkProgressUpdater: Updating progress for 0a41d9da-64f6-4a6a-a847-34e18f759560 (Data {pct : 61, mode : file})
09-29 00:11:10.965  7613  7613 D WM-SystemFgDispatcher: Notifying with (id:5734, workSpecId: 61a8429b-302c-422b-8adc-bdcb3213b867, notificationType :1)
09-29 00:11:10.967  7613  7665 I WM-Processor: Moving WorkSpec (0a41d9da-64f6-4a6a-a847-34e18f759560) to the foreground
09-29 00:11:10.967  7613  7665 D WM-WorkProgressUpdater: Updating progress for 61a8429b-302c-422b-8adc-bdcb3213b867 (Data {pct : 62, mode : file})
09-29 00:11:10.967  7613  7613 D WM-SystemFgDispatcher: Notifying with (id:8187, workSpecId: 0a41d9da-64f6-4a6a-a847-34e18f759560, notificationType :1)
09-29 00:11:10.969  7613  7665 I WM-Processor: Moving WorkSpec (61a8429b-302c-422b-8adc-bdcb3213b867) to the foreground
09-29 00:11:10.970  7613  7665 D WM-WorkProgressUpdater: Updating progress for 0a41d9da-64f6-4a6a-a847-34e18f759560 (Data {pct : 78, mode : file})
09-29 00:11:10.970  7613  7613 D WM-SystemFgDispatcher: Notifying with (id:5734, workSpecId: 61a8429b-302c-422b-8adc-bdcb3213b867, notificationType :1)
09-29 00:11:10.971  7613  7665 I WM-Processor: Moving WorkSpec (0a41d9da-64f6-4a6a-a847-34e18f759560) to the foreground
09-29 00:11:10.972  7613  7665 D WM-WorkProgressUpdater: Updating progress for 0a41d9da-64f6-4a6a-a847-34e18f759560 (Data {pct : 90, mode : file})
09-29 00:11:10.972  7613  7613 D WM-SystemFgDispatcher: Notifying with (id:8187, workSpecId: 0a41d9da-64f6-4a6a-a847-34e18f759560, notificationType :1)
09-29 00:11:10.973  7613  7665 D WM-WorkProgressUpdater: Updating progress for 61a8429b-302c-422b-8adc-bdcb3213b867 (Data {pct : 80, mode : file})
09-29 00:11:10.975  7613  7665 I WM-Processor: Moving WorkSpec (0a41d9da-64f6-4a6a-a847-34e18f759560) to the foreground
09-29 00:11:10.976  7613  7613 D WM-SystemFgDispatcher: Notifying with (id:8187, workSpecId: 0a41d9da-64f6-4a6a-a847-34e18f759560, notificationType :1)
09-29 00:11:10.976  7613  7665 I WM-Processor: Moving WorkSpec (61a8429b-302c-422b-8adc-bdcb3213b867) to the foreground
09-29 00:11:10.978  7613  7665 D WM-WorkProgressUpdater: Updating progress for 61a8429b-302c-422b-8adc-bdcb3213b867 (Data {pct : 90, mode : file})
09-29 00:11:10.978  7613  7613 D WM-SystemFgDispatcher: Notifying with (id:5734, workSpecId: 61a8429b-302c-422b-8adc-bdcb3213b867, notificationType :1)
09-29 00:11:10.979  7613  7665 I WM-Processor: Moving WorkSpec (61a8429b-302c-422b-8adc-bdcb3213b867) to the foreground
09-29 00:11:10.980  7613  7665 D WM-WorkProgressUpdater: Updating progress for 7629b48e-078a-48de-9e72-4cc43dffd99c (Data {pct : 10, mode : file})
09-29 00:11:10.980  7613  7613 D WM-SystemFgDispatcher: Notifying with (id:5734, workSpecId: 61a8429b-302c-422b-8adc-bdcb3213b867, notificationType :1)
09-29 00:11:10.981  7613  7665 I WM-Processor: Moving WorkSpec (7629b48e-078a-48de-9e72-4cc43dffd99c) to the foreground
09-29 00:11:10.984  7613  7613 D WM-SystemFgDispatcher: Notifying with (id:3775, workSpecId: 7629b48e-078a-48de-9e72-4cc43dffd99c, notificationType :1)
09-29 00:11:10.984  7613  7665 D WM-WorkProgressUpdater: Updating progress for 7629b48e-078a-48de-9e72-4cc43dffd99c (Data {pct : 29, mode : file})
09-29 00:11:10.986  7613  7665 I WM-Processor: Moving WorkSpec (7629b48e-078a-48de-9e72-4cc43dffd99c) to the foreground
09-29 00:11:10.987  7613  7665 D WM-WorkProgressUpdater: Updating progress for 7629b48e-078a-48de-9e72-4cc43dffd99c (Data {pct : 48, mode : file})
09-29 00:11:10.987  7613  7613 D WM-SystemFgDispatcher: Notifying with (id:3775, workSpecId: 7629b48e-078a-48de-9e72-4cc43dffd99c, notificationType :1)
09-29 00:11:10.989  7613  7665 I WM-Processor: Moving WorkSpec (7629b48e-078a-48de-9e72-4cc43dffd99c) to the foreground
09-29 00:11:10.990  7613  7613 D WM-SystemFgDispatcher: Notifying with (id:3775, workSpecId: 7629b48e-078a-48de-9e72-4cc43dffd99c, notificationType :1)
09-29 00:11:10.991  7613  7665 D WM-WorkProgressUpdater: Updating progress for 7629b48e-078a-48de-9e72-4cc43dffd99c (Data {pct : 67, mode : file})
09-29 00:11:10.992  7613  7665 I WM-Processor: Moving WorkSpec (7629b48e-078a-48de-9e72-4cc43dffd99c) to the foreground
09-29 00:11:10.993  7613  7665 D WM-WorkProgressUpdater: Updating progress for 7629b48e-078a-48de-9e72-4cc43dffd99c (Data {pct : 86, mode : file})
09-29 00:11:10.993  7613  7613 D WM-SystemFgDispatcher: Notifying with (id:3775, workSpecId: 7629b48e-078a-48de-9e72-4cc43dffd99c, notificationType :1)
09-29 00:11:10.994  7613  7665 I WM-Processor: Moving WorkSpec (7629b48e-078a-48de-9e72-4cc43dffd99c) to the foreground
09-29 00:11:10.996  7613  7613 D WM-SystemFgDispatcher: Notifying with (id:3775, workSpecId: 7629b48e-078a-48de-9e72-4cc43dffd99c, notificationType :1)
09-29 00:11:10.996  7613  7665 D WM-WorkProgressUpdater: Updating progress for 7629b48e-078a-48de-9e72-4cc43dffd99c (Data {pct : 90, mode : file})
09-29 00:11:11.000  7613  7665 I WM-Processor: Moving WorkSpec (7629b48e-078a-48de-9e72-4cc43dffd99c) to the foreground
09-29 00:11:11.001  7613  7665 D WM-WorkProgressUpdater: Updating progress for 0de5c876-7b7e-42d7-a8f3-3a0716deff56 (Data {pct : 10, mode : file})
09-29 00:11:11.001  7613  7613 D WM-SystemFgDispatcher: Notifying with (id:3775, workSpecId: 7629b48e-078a-48de-9e72-4cc43dffd99c, notificationType :1)
09-29 00:11:11.003  7613  7665 I WM-Processor: Moving WorkSpec (0de5c876-7b7e-42d7-a8f3-3a0716deff56) to the foreground
09-29 00:11:11.004  7613  7665 D WM-WorkProgressUpdater: Updating progress for 0de5c876-7b7e-42d7-a8f3-3a0716deff56 (Data {pct : 26, mode : file})
09-29 00:11:11.004  7613  7613 D WM-SystemFgDispatcher: Notifying with (id:3300, workSpecId: 0de5c876-7b7e-42d7-a8f3-3a0716deff56, notificationType :1)
09-29 00:11:11.006  7613  7665 I WM-Processor: Moving WorkSpec (0de5c876-7b7e-42d7-a8f3-3a0716deff56) to the foreground
09-29 00:11:11.010  7613  7665 D WM-WorkProgressUpdater: Updating progress for 0de5c876-7b7e-42d7-a8f3-3a0716deff56 (Data {pct : 43, mode : file})
09-29 00:11:11.010  7613  7613 D WM-SystemFgDispatcher: Notifying with (id:3300, workSpecId: 0de5c876-7b7e-42d7-a8f3-3a0716deff56, notificationType :1)
09-29 00:11:11.013  7613  7665 I WM-Processor: Moving WorkSpec (0de5c876-7b7e-42d7-a8f3-3a0716deff56) to the foreground
09-29 00:11:11.014  7613  7665 D WM-WorkProgressUpdater: Updating progress for 0de5c876-7b7e-42d7-a8f3-3a0716deff56 (Data {pct : 60, mode : file})
09-29 00:11:11.014  7613  7613 D WM-SystemFgDispatcher: Notifying with (id:3300, workSpecId: 0de5c876-7b7e-42d7-a8f3-3a0716deff56, notificationType :1)
09-29 00:11:11.016  7613  7665 I WM-Processor: Moving WorkSpec (0de5c876-7b7e-42d7-a8f3-3a0716deff56) to the foreground
09-29 00:11:11.017  7613  7665 D WM-WorkProgressUpdater: Updating progress for 0de5c876-7b7e-42d7-a8f3-3a0716deff56 (Data {pct : 77, mode : file})
09-29 00:11:11.017  7613  7613 D WM-SystemFgDispatcher: Notifying with (id:3300, workSpecId: 0de5c876-7b7e-42d7-a8f3-3a0716deff56, notificationType :1)
09-29 00:11:11.018  7613  7665 I WM-Processor: Moving WorkSpec (0de5c876-7b7e-42d7-a8f3-3a0716deff56) to the foreground
09-29 00:11:11.019  7613  7665 D WM-WorkProgressUpdater: Updating progress for 0de5c876-7b7e-42d7-a8f3-3a0716deff56 (Data {pct : 90, mode : file})
09-29 00:11:11.019  7613  7613 D WM-SystemFgDispatcher: Notifying with (id:3300, workSpecId: 0de5c876-7b7e-42d7-a8f3-3a0716deff56, notificationType :1)
09-29 00:11:11.020  7613  7665 I WM-Processor: Moving WorkSpec (0de5c876-7b7e-42d7-a8f3-3a0716deff56) to the foreground
09-29 00:11:11.021  7613  7613 D WM-SystemFgDispatcher: Notifying with (id:3300, workSpecId: 0de5c876-7b7e-42d7-a8f3-3a0716deff56, notificationType :1)
09-29 00:11:11.027  7613  7665 D WM-WorkProgressUpdater: Updating progress for 16ce5bd7-c8c8-4f83-be5f-2ea3b1b46167 (Data {pct : 10, mode : file})
09-29 00:11:11.028  7613  7665 I WM-Processor: Moving WorkSpec (16ce5bd7-c8c8-4f83-be5f-2ea3b1b46167) to the foreground
09-29 00:11:11.029  7613  7665 D WM-WorkProgressUpdater: Updating progress for 16ce5bd7-c8c8-4f83-be5f-2ea3b1b46167 (Data {pct : 26, mode : file})
09-29 00:11:11.029  7613  7613 D WM-SystemFgDispatcher: Notifying with (id:6356, workSpecId: 16ce5bd7-c8c8-4f83-be5f-2ea3b1b46167, notificationType :1)
09-29 00:11:11.030  7613  7665 I WM-Processor: Moving WorkSpec (16ce5bd7-c8c8-4f83-be5f-2ea3b1b46167) to the foreground
09-29 00:11:11.031  7613  7665 D WM-WorkProgressUpdater: Updating progress for 16ce5bd7-c8c8-4f83-be5f-2ea3b1b46167 (Data {pct : 43, mode : file})
09-29 00:11:11.031  7613  7613 D WM-SystemFgDispatcher: Notifying with (id:6356, workSpecId: 16ce5bd7-c8c8-4f83-be5f-2ea3b1b46167, notificationType :1)
09-29 00:11:11.033  7613  7665 I WM-Processor: Moving WorkSpec (16ce5bd7-c8c8-4f83-be5f-2ea3b1b46167) to the foreground
09-29 00:11:11.034  7613  7613 D WM-SystemFgDispatcher: Notifying with (id:6356, workSpecId: 16ce5bd7-c8c8-4f83-be5f-2ea3b1b46167, notificationType :1)
09-29 00:11:11.034  7613  7665 D WM-WorkProgressUpdater: Updating progress for 16ce5bd7-c8c8-4f83-be5f-2ea3b1b46167 (Data {pct : 60, mode : file})
09-29 00:11:11.036  7613  7665 I WM-Processor: Moving WorkSpec (16ce5bd7-c8c8-4f83-be5f-2ea3b1b46167) to the foreground
09-29 00:11:11.036  7613  7665 D WM-WorkProgressUpdater: Updating progress for 16ce5bd7-c8c8-4f83-be5f-2ea3b1b46167 (Data {pct : 77, mode : file})
09-29 00:11:11.036  7613  7613 D WM-SystemFgDispatcher: Notifying with (id:6356, workSpecId: 16ce5bd7-c8c8-4f83-be5f-2ea3b1b46167, notificationType :1)
09-29 00:11:11.038  7613  7665 I WM-Processor: Moving WorkSpec (16ce5bd7-c8c8-4f83-be5f-2ea3b1b46167) to the foreground
09-29 00:11:11.040  7613  7665 D WM-WorkProgressUpdater: Updating progress for 16ce5bd7-c8c8-4f83-be5f-2ea3b1b46167 (Data {pct : 90, mode : file})
09-29 00:11:11.040  7613  7613 D WM-SystemFgDispatcher: Notifying with (id:6356, workSpecId: 16ce5bd7-c8c8-4f83-be5f-2ea3b1b46167, notificationType :1)
09-29 00:11:11.041  7613  7665 I WM-Processor: Moving WorkSpec (16ce5bd7-c8c8-4f83-be5f-2ea3b1b46167) to the foreground
09-29 00:11:11.043  7613  7613 D WM-SystemFgDispatcher: Notifying with (id:6356, workSpecId: 16ce5bd7-c8c8-4f83-be5f-2ea3b1b46167, notificationType :1)
09-29 00:11:11.043  7613  7665 D WM-WorkProgressUpdater: Updating progress for b8199543-e27e-491c-8f43-8e417567c754 (Data {pct : 10, mode : file})
09-29 00:11:11.045  7613  7665 I WM-Processor: Moving WorkSpec (b8199543-e27e-491c-8f43-8e417567c754) to the foreground
09-29 00:11:11.046  7613  7613 D WM-SystemFgDispatcher: Notifying with (id:10208, workSpecId: b8199543-e27e-491c-8f43-8e417567c754, notificationType :1)
09-29 00:11:11.046  7613  7665 D WM-WorkProgressUpdater: Updating progress for b8199543-e27e-491c-8f43-8e417567c754 (Data {pct : 14, mode : file})
09-29 00:11:11.048  7613  7665 I WM-Processor: Moving WorkSpec (b8199543-e27e-491c-8f43-8e417567c754) to the foreground
09-29 00:11:11.049  7613  7665 D WM-WorkProgressUpdater: Updating progress for b8199543-e27e-491c-8f43-8e417567c754 (Data {pct : 18, mode : file})
09-29 00:11:11.049  7613  7613 D WM-SystemFgDispatcher: Notifying with (id:10208, workSpecId: b8199543-e27e-491c-8f43-8e417567c754, notificationType :1)
09-29 00:11:11.051  7613  7665 I WM-Processor: Moving WorkSpec (b8199543-e27e-491c-8f43-8e417567c754) to the foreground
09-29 00:11:11.052  7613  7665 D WM-WorkProgressUpdater: Updating progress for b8199543-e27e-491c-8f43-8e417567c754 (Data {pct : 22, mode : file})
09-29 00:11:11.052  7613  7613 D WM-SystemFgDispatcher: Notifying with (id:10208, workSpecId: b8199543-e27e-491c-8f43-8e417567c754, notificationType :1)
09-29 00:11:11.054  7613  7665 I WM-Processor: Moving WorkSpec (b8199543-e27e-491c-8f43-8e417567c754) to the foreground
09-29 00:11:11.055  7613  7665 D WM-WorkProgressUpdater: Updating progress for b8199543-e27e-491c-8f43-8e417567c754 (Data {pct : 26, mode : file})
09-29 00:11:11.055  7613  7613 D WM-SystemFgDispatcher: Notifying with (id:10208, workSpecId: b8199543-e27e-491c-8f43-8e417567c754, notificationType :1)
09-29 00:11:11.056  7613  7665 I WM-Processor: Moving WorkSpec (b8199543-e27e-491c-8f43-8e417567c754) to the foreground
09-29 00:11:11.057  7613  7613 D WM-SystemFgDispatcher: Notifying with (id:10208, workSpecId: b8199543-e27e-491c-8f43-8e417567c754, notificationType :1)
09-29 00:11:11.057  7613  7665 D WM-WorkProgressUpdater: Updating progress for b8199543-e27e-491c-8f43-8e417567c754 (Data {pct : 31, mode : file})
09-29 00:11:11.061  7613  7665 I WM-Processor: Moving WorkSpec (b8199543-e27e-491c-8f43-8e417567c754) to the foreground
09-29 00:11:11.062  7613  7665 D WM-WorkProgressUpdater: Updating progress for b8199543-e27e-491c-8f43-8e417567c754 (Data {pct : 35, mode : file})
09-29 00:11:11.062  7613  7613 D WM-SystemFgDispatcher: Notifying with (id:10208, workSpecId: b8199543-e27e-491c-8f43-8e417567c754, notificationType :1)
09-29 00:11:11.064  7613  7665 I WM-Processor: Moving WorkSpec (b8199543-e27e-491c-8f43-8e417567c754) to the foreground
09-29 00:11:11.065  7613  7665 D WM-WorkProgressUpdater: Updating progress for b8199543-e27e-491c-8f43-8e417567c754 (Data {pct : 39, mode : file})
09-29 00:11:11.065  7613  7613 D WM-SystemFgDispatcher: Notifying with (id:10208, workSpecId: b8199543-e27e-491c-8f43-8e417567c754, notificationType :1)
09-29 00:11:11.065  7613  7613 I NotificationManager: com.negi.survey: notify(10208, null, Notification(channel=uploads shortcut=null contentView=null vibrate=null sound=null defaults=0 flags=ONGOING_EVENT|ONLY_ALERT_ONCE color=0x00000000 category=progress vis=PRIVATE semFlags=0x0 semPriority=0 semMissedCount=0 semScenarioType=0)) as user
09-29 00:11:11.066  7613  7665 I WM-Processor: Moving WorkSpec (b8199543-e27e-491c-8f43-8e417567c754) to the foreground
09-29 00:11:11.068  7613  7613 D WM-SystemFgDispatcher: Notifying with (id:10208, workSpecId: b8199543-e27e-491c-8f43-8e417567c754, notificationType :1)
09-29 00:11:11.068  7613  7665 D WM-WorkProgressUpdater: Updating progress for b8199543-e27e-491c-8f43-8e417567c754 (Data {pct : 43, mode : file})
09-29 00:11:11.069  7613  7665 I WM-Processor: Moving WorkSpec (b8199543-e27e-491c-8f43-8e417567c754) to the foreground
09-29 00:11:11.070  7613  7665 D WM-WorkProgressUpdater: Updating progress for b8199543-e27e-491c-8f43-8e417567c754 (Data {pct : 47, mode : file})
09-29 00:11:11.070  7613  7613 D WM-SystemFgDispatcher: Notifying with (id:10208, workSpecId: b8199543-e27e-491c-8f43-8e417567c754, notificationType :1)
09-29 00:11:11.072  7613  7665 I WM-Processor: Moving WorkSpec (b8199543-e27e-491c-8f43-8e417567c754) to the foreground
09-29 00:11:11.074  7613  7613 D WM-SystemFgDispatcher: Notifying with (id:10208, workSpecId: b8199543-e27e-491c-8f43-8e417567c754, notificationType :1)
09-29 00:11:11.075  7613  7665 D WM-WorkProgressUpdater: Updating progress for b8199543-e27e-491c-8f43-8e417567c754 (Data {pct : 52, mode : file})
09-29 00:11:11.076  7613  7665 I WM-Processor: Moving WorkSpec (b8199543-e27e-491c-8f43-8e417567c754) to the foreground
09-29 00:11:11.077  7613  7665 D WM-WorkProgressUpdater: Updating progress for b8199543-e27e-491c-8f43-8e417567c754 (Data {pct : 56, mode : file})
09-29 00:11:11.077  7613  7613 D WM-SystemFgDispatcher: Notifying with (id:10208, workSpecId: b8199543-e27e-491c-8f43-8e417567c754, notificationType :1)
09-29 00:11:11.078  7613  7665 I WM-Processor: Moving WorkSpec (b8199543-e27e-491c-8f43-8e417567c754) to the foreground
09-29 00:11:11.080  7613  7613 D WM-SystemFgDispatcher: Notifying with (id:10208, workSpecId: b8199543-e27e-491c-8f43-8e417567c754, notificationType :1)
09-29 00:11:11.081  7613  7665 D WM-WorkProgressUpdater: Updating progress for b8199543-e27e-491c-8f43-8e417567c754 (Data {pct : 60, mode : file})
09-29 00:11:11.082  7613  7665 I WM-Processor: Moving WorkSpec (b8199543-e27e-491c-8f43-8e417567c754) to the foreground
09-29 00:11:11.083  7613  7665 D WM-WorkProgressUpdater: Updating progress for b8199543-e27e-491c-8f43-8e417567c754 (Data {pct : 64, mode : file})
09-29 00:11:11.083  7613  7613 D WM-SystemFgDispatcher: Notifying with (id:10208, workSpecId: b8199543-e27e-491c-8f43-8e417567c754, notificationType :1)
09-29 00:11:11.084  7613  7665 I WM-Processor: Moving WorkSpec (b8199543-e27e-491c-8f43-8e417567c754) to the foreground
09-29 00:11:11.086  7613  7613 D WM-SystemFgDispatcher: Notifying with (id:10208, workSpecId: b8199543-e27e-491c-8f43-8e417567c754, notificationType :1)
09-29 00:11:11.086  7613  7665 D WM-WorkProgressUpdater: Updating progress for b8199543-e27e-491c-8f43-8e417567c754 (Data {pct : 68, mode : file})
09-29 00:11:11.087  7613  7665 I WM-Processor: Moving WorkSpec (b8199543-e27e-491c-8f43-8e417567c754) to the foreground
09-29 00:11:11.088  7613  7613 D WM-SystemFgDispatcher: Notifying with (id:10208, workSpecId: b8199543-e27e-491c-8f43-8e417567c754, notificationType :1)
09-29 00:11:11.088  7613  7665 D WM-WorkProgressUpdater: Updating progress for b8199543-e27e-491c-8f43-8e417567c754 (Data {pct : 73, mode : file})
09-29 00:11:11.090  7613  7665 I WM-Processor: Moving WorkSpec (b8199543-e27e-491c-8f43-8e417567c754) to the foreground
09-29 00:11:11.091  7613  7665 D WM-WorkProgressUpdater: Updating progress for b8199543-e27e-491c-8f43-8e417567c754 (Data {pct : 77, mode : file})
09-29 00:11:11.091  7613  7613 D WM-SystemFgDispatcher: Notifying with (id:10208, workSpecId: b8199543-e27e-491c-8f43-8e417567c754, notificationType :1)
09-29 00:11:11.092  7613  7665 I WM-Processor: Moving WorkSpec (b8199543-e27e-491c-8f43-8e417567c754) to the foreground
09-29 00:11:11.093  7613  7665 D WM-WorkProgressUpdater: Updating progress for b8199543-e27e-491c-8f43-8e417567c754 (Data {pct : 81, mode : file})
09-29 00:11:11.093  7613  7613 D WM-SystemFgDispatcher: Notifying with (id:10208, workSpecId: b8199543-e27e-491c-8f43-8e417567c754, notificationType :1)
09-29 00:11:11.094  7613  7665 I WM-Processor: Moving WorkSpec (b8199543-e27e-491c-8f43-8e417567c754) to the foreground
09-29 00:11:11.095  7613  7613 D WM-SystemFgDispatcher: Notifying with (id:10208, workSpecId: b8199543-e27e-491c-8f43-8e417567c754, notificationType :1)
09-29 00:11:11.096  7613  7665 D WM-WorkProgressUpdater: Updating progress for b8199543-e27e-491c-8f43-8e417567c754 (Data {pct : 85, mode : file})
09-29 00:11:11.097  7613  7665 I WM-Processor: Moving WorkSpec (b8199543-e27e-491c-8f43-8e417567c754) to the foreground
09-29 00:11:11.098  7613  7665 D WM-WorkProgressUpdater: Updating progress for b8199543-e27e-491c-8f43-8e417567c754 (Data {pct : 89, mode : file})
09-29 00:11:11.099  7613  7665 I WM-Processor: Moving WorkSpec (b8199543-e27e-491c-8f43-8e417567c754) to the foreground
09-29 00:11:11.100  7613  7665 D WM-WorkProgressUpdater: Updating progress for b8199543-e27e-491c-8f43-8e417567c754 (Data {pct : 90, mode : file})
09-29 00:11:11.101  7613  7665 I WM-Processor: Moving WorkSpec (b8199543-e27e-491c-8f43-8e417567c754) to the foreground
09-29 00:11:11.102  7613  7665 D WM-WorkProgressUpdater: Updating progress for 5771bf82-917e-4abf-a6e1-db2f39ea7153 (Data {pct : 10, mode : file})
09-29 00:11:11.104  7613  7665 I WM-Processor: Moving WorkSpec (5771bf82-917e-4abf-a6e1-db2f39ea7153) to the foreground
09-29 00:11:11.104  7613  7665 D WM-WorkProgressUpdater: Updating progress for 5771bf82-917e-4abf-a6e1-db2f39ea7153 (Data {pct : 27, mode : file})
09-29 00:11:11.108  7613  7665 I WM-Processor: Moving WorkSpec (5771bf82-917e-4abf-a6e1-db2f39ea7153) to the foreground
09-29 00:11:11.109  7613  7665 D WM-WorkProgressUpdater: Updating progress for 5771bf82-917e-4abf-a6e1-db2f39ea7153 (Data {pct : 44, mode : file})
09-29 00:11:11.111  7613  7665 I WM-Processor: Moving WorkSpec (5771bf82-917e-4abf-a6e1-db2f39ea7153) to the foreground
09-29 00:11:11.112  7613  7665 D WM-WorkProgressUpdater: Updating progress for 5771bf82-917e-4abf-a6e1-db2f39ea7153 (Data {pct : 61, mode : file})
09-29 00:11:11.117  7613  7665 I WM-Processor: Moving WorkSpec (5771bf82-917e-4abf-a6e1-db2f39ea7153) to the foreground
09-29 00:11:11.118  7613  7665 D WM-WorkProgressUpdater: Updating progress for 5771bf82-917e-4abf-a6e1-db2f39ea7153 (Data {pct : 79, mode : file})
09-29 00:11:11.121  7613  7665 I WM-Processor: Moving WorkSpec (5771bf82-917e-4abf-a6e1-db2f39ea7153) to the foreground
09-29 00:11:11.122  7613  7630 I com.negi.survey: Explicit concurrent mark compact GC freed 1912KB AllocSpace bytes, 19(7076KB) LOS objects, 72% free, 9534KB/33MB, paused 518us,1.707ms total 26.941ms
09-29 00:11:11.134  7613  7665 D WM-WorkProgressUpdater: Updating progress for 5771bf82-917e-4abf-a6e1-db2f39ea7153 (Data {pct : 90, mode : file})
09-29 00:11:11.135  7613  7613 D WM-SystemFgDispatcher: Notifying with (id:10208, workSpecId: b8199543-e27e-491c-8f43-8e417567c754, notificationType :1)
09-29 00:11:11.135  7613  7664 I WM-Processor: Moving WorkSpec (5771bf82-917e-4abf-a6e1-db2f39ea7153) to the foreground
09-29 00:11:11.137  7613  7613 D WM-SystemFgDispatcher: Notifying with (id:10208, workSpecId: b8199543-e27e-491c-8f43-8e417567c754, notificationType :1)
09-29 00:11:11.139  7613  7664 D WM-WorkProgressUpdater: Updating progress for 9747308a-ae12-44c2-a176-0a5a00ff3d08 (Data {pct : 10, mode : file})
09-29 00:11:11.139  7613  7613 D WM-SystemFgDispatcher: Notifying with (id:10208, workSpecId: b8199543-e27e-491c-8f43-8e417567c754, notificationType :1)
09-29 00:11:11.140  7613  7613 D WM-SystemFgDispatcher: Notifying with (id:8044, workSpecId: 5771bf82-917e-4abf-a6e1-db2f39ea7153, notificationType :1)
09-29 00:11:11.140  7613  7664 I WM-Processor: Moving WorkSpec (9747308a-ae12-44c2-a176-0a5a00ff3d08) to the foreground
09-29 00:11:11.141  7613  7613 D WM-SystemFgDispatcher: Notifying with (id:8044, workSpecId: 5771bf82-917e-4abf-a6e1-db2f39ea7153, notificationType :1)
09-29 00:11:11.141  7613  7664 D WM-WorkProgressUpdater: Updating progress for 9747308a-ae12-44c2-a176-0a5a00ff3d08 (Data {pct : 27, mode : file})
09-29 00:11:11.142  7613  7613 D WM-SystemFgDispatcher: Notifying with (id:8044, workSpecId: 5771bf82-917e-4abf-a6e1-db2f39ea7153, notificationType :1)
09-29 00:11:11.143  7613  7664 I WM-Processor: Moving WorkSpec (9747308a-ae12-44c2-a176-0a5a00ff3d08) to the foreground
09-29 00:11:11.143  7613  7613 D WM-SystemFgDispatcher: Notifying with (id:8044, workSpecId: 5771bf82-917e-4abf-a6e1-db2f39ea7153, notificationType :1)
09-29 00:11:11.145  7613  7664 D WM-WorkProgressUpdater: Updating progress for 9747308a-ae12-44c2-a176-0a5a00ff3d08 (Data {pct : 44, mode : file})
09-29 00:11:11.145  7613  7613 D WM-SystemFgDispatcher: Notifying with (id:8044, workSpecId: 5771bf82-917e-4abf-a6e1-db2f39ea7153, notificationType :1)
09-29 00:11:11.145  7613  7613 W NotificationManager: Shedding notify (update) of NotificationKey[user=UserHandle{0}, pkg=com.negi.survey, tag=null, id=8044], rate limit (5.0) exceeded: input 514.94, output would be 6.084679
09-29 00:11:11.146  7613  7664 I WM-Processor: Moving WorkSpec (9747308a-ae12-44c2-a176-0a5a00ff3d08) to the foreground
09-29 00:11:11.147  7613  7613 D WM-SystemFgDispatcher: Notifying with (id:8044, workSpecId: 5771bf82-917e-4abf-a6e1-db2f39ea7153, notificationType :1)
09-29 00:11:11.149  7613  7664 D WM-WorkProgressUpdater: Updating progress for 9747308a-ae12-44c2-a176-0a5a00ff3d08 (Data {pct : 61, mode : file})
09-29 00:11:11.151  7613  7664 I WM-Processor: Moving WorkSpec (9747308a-ae12-44c2-a176-0a5a00ff3d08) to the foreground
09-29 00:11:11.152  7613  7613 D WM-SystemFgDispatcher: Notifying with (id:3220, workSpecId: 9747308a-ae12-44c2-a176-0a5a00ff3d08, notificationType :1)
09-29 00:11:11.154  7613  7613 D WM-SystemFgDispatcher: Notifying with (id:3220, workSpecId: 9747308a-ae12-44c2-a176-0a5a00ff3d08, notificationType :1)
09-29 00:11:11.156  7613  7613 D WM-SystemFgDispatcher: Notifying with (id:3220, workSpecId: 9747308a-ae12-44c2-a176-0a5a00ff3d08, notificationType :1)
09-29 00:11:11.158  7613  7664 D WM-WorkProgressUpdater: Updating progress for 9747308a-ae12-44c2-a176-0a5a00ff3d08 (Data {pct : 78, mode : file})
09-29 00:11:11.159  7613  7613 D WM-SystemFgDispatcher: Notifying with (id:3220, workSpecId: 9747308a-ae12-44c2-a176-0a5a00ff3d08, notificationType :1)
09-29 00:11:11.160  7613  7655 I WM-Processor: Moving WorkSpec (9747308a-ae12-44c2-a176-0a5a00ff3d08) to the foreground
09-29 00:11:11.161  7613  7613 D WM-SystemFgDispatcher: Notifying with (id:3220, workSpecId: 9747308a-ae12-44c2-a176-0a5a00ff3d08, notificationType :1)
09-29 00:11:11.161  7613  7655 D WM-WorkProgressUpdater: Updating progress for 9747308a-ae12-44c2-a176-0a5a00ff3d08 (Data {pct : 90, mode : file})
09-29 00:11:11.163  7613  7655 I WM-Processor: Moving WorkSpec (9747308a-ae12-44c2-a176-0a5a00ff3d08) to the foreground
09-29 00:11:11.165  7613  7613 D WM-SystemFgDispatcher: Notifying with (id:3220, workSpecId: 9747308a-ae12-44c2-a176-0a5a00ff3d08, notificationType :1)
09-29 00:11:11.165  7613  7655 D WM-WorkProgressUpdater: Updating progress for 70be93a3-9a50-456a-9ddb-15673b16ca86 (Data {pct : 10, mode : file})
09-29 00:11:11.167  7613  7655 I WM-Processor: Moving WorkSpec (70be93a3-9a50-456a-9ddb-15673b16ca86) to the foreground
09-29 00:11:11.168  7613  7613 D WM-SystemFgDispatcher: Notifying with (id:9049, workSpecId: 70be93a3-9a50-456a-9ddb-15673b16ca86, notificationType :1)
09-29 00:11:11.168  7613  7655 D WM-WorkProgressUpdater: Updating progress for 70be93a3-9a50-456a-9ddb-15673b16ca86 (Data {pct : 12, mode : file})
09-29 00:11:11.170  7613  7655 I WM-Processor: Moving WorkSpec (70be93a3-9a50-456a-9ddb-15673b16ca86) to the foreground
09-29 00:11:11.172  7613  7613 D WM-SystemFgDispatcher: Notifying with (id:9049, workSpecId: 70be93a3-9a50-456a-9ddb-15673b16ca86, notificationType :1)
09-29 00:11:11.172  7613  7655 D WM-WorkProgressUpdater: Updating progress for 70be93a3-9a50-456a-9ddb-15673b16ca86 (Data {pct : 15, mode : file})
09-29 00:11:11.174  7613  7655 I WM-Processor: Moving WorkSpec (70be93a3-9a50-456a-9ddb-15673b16ca86) to the foreground
09-29 00:11:11.175  7613  7664 D WM-WorkProgressUpdater: Updating progress for 70be93a3-9a50-456a-9ddb-15673b16ca86 (Data {pct : 18, mode : file})
09-29 00:11:11.175  7613  7613 D WM-SystemFgDispatcher: Notifying with (id:9049, workSpecId: 70be93a3-9a50-456a-9ddb-15673b16ca86, notificationType :1)
09-29 00:11:11.177  7613  7664 I WM-Processor: Moving WorkSpec (70be93a3-9a50-456a-9ddb-15673b16ca86) to the foreground
09-29 00:11:11.178  7613  7664 D WM-WorkProgressUpdater: Updating progress for 70be93a3-9a50-456a-9ddb-15673b16ca86 (Data {pct : 20, mode : file})
09-29 00:11:11.178  7613  7613 D WM-SystemFgDispatcher: Notifying with (id:9049, workSpecId: 70be93a3-9a50-456a-9ddb-15673b16ca86, notificationType :1)
09-29 00:11:11.179  7613  7664 I WM-Processor: Moving WorkSpec (70be93a3-9a50-456a-9ddb-15673b16ca86) to the foreground
09-29 00:11:11.180  7613  7664 D WM-WorkProgressUpdater: Updating progress for 70be93a3-9a50-456a-9ddb-15673b16ca86 (Data {pct : 23, mode : file})
09-29 00:11:11.180  7613  7613 D WM-SystemFgDispatcher: Notifying with (id:9049, workSpecId: 70be93a3-9a50-456a-9ddb-15673b16ca86, notificationType :1)
09-29 00:11:11.182  7613  7664 I WM-Processor: Moving WorkSpec (70be93a3-9a50-456a-9ddb-15673b16ca86) to the foreground
09-29 00:11:11.183  7613  7613 D WM-SystemFgDispatcher: Notifying with (id:9049, workSpecId: 70be93a3-9a50-456a-9ddb-15673b16ca86, notificationType :1)
09-29 00:11:11.183  7613  7664 D WM-WorkProgressUpdater: Updating progress for 70be93a3-9a50-456a-9ddb-15673b16ca86 (Data {pct : 26, mode : file})
09-29 00:11:11.184  7613  7664 I WM-Processor: Moving WorkSpec (70be93a3-9a50-456a-9ddb-15673b16ca86) to the foreground
09-29 00:11:11.186  7613  7613 D WM-SystemFgDispatcher: Notifying with (id:9049, workSpecId: 70be93a3-9a50-456a-9ddb-15673b16ca86, notificationType :1)
09-29 00:11:11.187  7613  7664 D WM-WorkProgressUpdater: Updating progress for 70be93a3-9a50-456a-9ddb-15673b16ca86 (Data {pct : 28, mode : file})
09-29 00:11:11.188  7613  7664 I WM-Processor: Moving WorkSpec (70be93a3-9a50-456a-9ddb-15673b16ca86) to the foreground
09-29 00:11:11.189  7613  7664 D WM-WorkProgressUpdater: Updating progress for 70be93a3-9a50-456a-9ddb-15673b16ca86 (Data {pct : 31, mode : file})
09-29 00:11:11.189  7613  7613 D WM-SystemFgDispatcher: Notifying with (id:9049, workSpecId: 70be93a3-9a50-456a-9ddb-15673b16ca86, notificationType :1)
09-29 00:11:11.191  7613  7664 I WM-Processor: Moving WorkSpec (70be93a3-9a50-456a-9ddb-15673b16ca86) to the foreground
09-29 00:11:11.192  7613  7664 D WM-WorkProgressUpdater: Updating progress for 70be93a3-9a50-456a-9ddb-15673b16ca86 (Data {pct : 34, mode : file})
09-29 00:11:11.192  7613  7613 D WM-SystemFgDispatcher: Notifying with (id:9049, workSpecId: 70be93a3-9a50-456a-9ddb-15673b16ca86, notificationType :1)
09-29 00:11:11.194  7613  7664 I WM-Processor: Moving WorkSpec (70be93a3-9a50-456a-9ddb-15673b16ca86) to the foreground
09-29 00:11:11.195  7613  7664 D WM-WorkProgressUpdater: Updating progress for 70be93a3-9a50-456a-9ddb-15673b16ca86 (Data {pct : 36, mode : file})
09-29 00:11:11.195  7613  7613 D WM-SystemFgDispatcher: Notifying with (id:9049, workSpecId: 70be93a3-9a50-456a-9ddb-15673b16ca86, notificationType :1)
09-29 00:11:11.196  7613  7664 I WM-Processor: Moving WorkSpec (70be93a3-9a50-456a-9ddb-15673b16ca86) to the foreground
09-29 00:11:11.198  7613  7613 D WM-SystemFgDispatcher: Notifying with (id:9049, workSpecId: 70be93a3-9a50-456a-9ddb-15673b16ca86, notificationType :1)
09-29 00:11:11.198  7613  7664 D WM-WorkProgressUpdater: Updating progress for 70be93a3-9a50-456a-9ddb-15673b16ca86 (Data {pct : 39, mode : file})
09-29 00:11:11.199  7613  7664 I WM-Processor: Moving WorkSpec (70be93a3-9a50-456a-9ddb-15673b16ca86) to the foreground
09-29 00:11:11.200  7613  7613 D WM-SystemFgDispatcher: Notifying with (id:9049, workSpecId: 70be93a3-9a50-456a-9ddb-15673b16ca86, notificationType :1)
09-29 00:11:11.200  7613  7664 D WM-WorkProgressUpdater: Updating progress for 70be93a3-9a50-456a-9ddb-15673b16ca86 (Data {pct : 42, mode : file})
09-29 00:11:11.202  7613  7664 I WM-Processor: Moving WorkSpec (70be93a3-9a50-456a-9ddb-15673b16ca86) to the foreground
09-29 00:11:11.203  7613  7665 D WM-WorkProgressUpdater: Updating progress for 70be93a3-9a50-456a-9ddb-15673b16ca86 (Data {pct : 44, mode : file})
09-29 00:11:11.203  7613  7613 D WM-SystemFgDispatcher: Notifying with (id:9049, workSpecId: 70be93a3-9a50-456a-9ddb-15673b16ca86, notificationType :1)
09-29 00:11:11.204  7613  7665 I WM-Processor: Moving WorkSpec (70be93a3-9a50-456a-9ddb-15673b16ca86) to the foreground
09-29 00:11:11.206  7613  7613 D WM-SystemFgDispatcher: Notifying with (id:9049, workSpecId: 70be93a3-9a50-456a-9ddb-15673b16ca86, notificationType :1)
09-29 00:11:11.206  7613  7665 D WM-WorkProgressUpdater: Updating progress for 70be93a3-9a50-456a-9ddb-15673b16ca86 (Data {pct : 47, mode : file})
09-29 00:11:11.207  7613  7665 I WM-Processor: Moving WorkSpec (70be93a3-9a50-456a-9ddb-15673b16ca86) to the foreground
09-29 00:11:11.208  7613  7665 D WM-WorkProgressUpdater: Updating progress for 70be93a3-9a50-456a-9ddb-15673b16ca86 (Data {pct : 50, mode : file})
09-29 00:11:11.208  7613  7613 D WM-SystemFgDispatcher: Notifying with (id:9049, workSpecId: 70be93a3-9a50-456a-9ddb-15673b16ca86, notificationType :1)
09-29 00:11:11.210  7613  7665 I WM-Processor: Moving WorkSpec (70be93a3-9a50-456a-9ddb-15673b16ca86) to the foreground
09-29 00:11:11.211  7613  7665 D WM-WorkProgressUpdater: Updating progress for 70be93a3-9a50-456a-9ddb-15673b16ca86 (Data {pct : 53, mode : file})
09-29 00:11:11.211  7613  7613 D WM-SystemFgDispatcher: Notifying with (id:9049, workSpecId: 70be93a3-9a50-456a-9ddb-15673b16ca86, notificationType :1)
09-29 00:11:11.213  7613  7665 I WM-Processor: Moving WorkSpec (70be93a3-9a50-456a-9ddb-15673b16ca86) to the foreground
09-29 00:11:11.214  7613  7665 D WM-WorkProgressUpdater: Updating progress for 70be93a3-9a50-456a-9ddb-15673b16ca86 (Data {pct : 55, mode : file})
09-29 00:11:11.214  7613  7613 D WM-SystemFgDispatcher: Notifying with (id:9049, workSpecId: 70be93a3-9a50-456a-9ddb-15673b16ca86, notificationType :1)
09-29 00:11:11.215  7613  7665 I WM-Processor: Moving WorkSpec (70be93a3-9a50-456a-9ddb-15673b16ca86) to the foreground
09-29 00:11:11.216  7613  7665 D WM-WorkProgressUpdater: Updating progress for 70be93a3-9a50-456a-9ddb-15673b16ca86 (Data {pct : 58, mode : file})
09-29 00:11:11.216  7613  7613 D WM-SystemFgDispatcher: Notifying with (id:9049, workSpecId: 70be93a3-9a50-456a-9ddb-15673b16ca86, notificationType :1)
09-29 00:11:11.218  7613  7665 I WM-Processor: Moving WorkSpec (70be93a3-9a50-456a-9ddb-15673b16ca86) to the foreground
09-29 00:11:11.219  7613  7665 D WM-WorkProgressUpdater: Updating progress for 70be93a3-9a50-456a-9ddb-15673b16ca86 (Data {pct : 61, mode : file})
09-29 00:11:11.219  7613  7613 D WM-SystemFgDispatcher: Notifying with (id:9049, workSpecId: 70be93a3-9a50-456a-9ddb-15673b16ca86, notificationType :1)
09-29 00:11:11.220  7613  7665 I WM-Processor: Moving WorkSpec (70be93a3-9a50-456a-9ddb-15673b16ca86) to the foreground
09-29 00:11:11.221  7613  7665 D WM-WorkProgressUpdater: Updating progress for 70be93a3-9a50-456a-9ddb-15673b16ca86 (Data {pct : 63, mode : file})
09-29 00:11:11.221  7613  7613 D WM-SystemFgDispatcher: Notifying with (id:9049, workSpecId: 70be93a3-9a50-456a-9ddb-15673b16ca86, notificationType :1)
09-29 00:11:11.223  7613  7665 I WM-Processor: Moving WorkSpec (70be93a3-9a50-456a-9ddb-15673b16ca86) to the foreground
09-29 00:11:11.223  7613  7665 D WM-WorkProgressUpdater: Updating progress for 70be93a3-9a50-456a-9ddb-15673b16ca86 (Data {pct : 66, mode : file})
09-29 00:11:11.224  7613  7613 D WM-SystemFgDispatcher: Notifying with (id:9049, workSpecId: 70be93a3-9a50-456a-9ddb-15673b16ca86, notificationType :1)
09-29 00:11:11.225  7613  7665 I WM-Processor: Moving WorkSpec (70be93a3-9a50-456a-9ddb-15673b16ca86) to the foreground
09-29 00:11:11.226  7613  7665 D WM-WorkProgressUpdater: Updating progress for 70be93a3-9a50-456a-9ddb-15673b16ca86 (Data {pct : 69, mode : file})
09-29 00:11:11.226  7613  7613 D WM-SystemFgDispatcher: Notifying with (id:9049, workSpecId: 70be93a3-9a50-456a-9ddb-15673b16ca86, notificationType :1)
09-29 00:11:11.230  7613  7665 I WM-Processor: Moving WorkSpec (70be93a3-9a50-456a-9ddb-15673b16ca86) to the foreground
09-29 00:11:11.231  7613  7665 D WM-WorkProgressUpdater: Updating progress for 70be93a3-9a50-456a-9ddb-15673b16ca86 (Data {pct : 71, mode : file})
09-29 00:11:11.231  7613  7613 D WM-SystemFgDispatcher: Notifying with (id:9049, workSpecId: 70be93a3-9a50-456a-9ddb-15673b16ca86, notificationType :1)
09-29 00:11:11.233  7613  7665 I WM-Processor: Moving WorkSpec (70be93a3-9a50-456a-9ddb-15673b16ca86) to the foreground
09-29 00:11:11.234  7613  7665 D WM-WorkProgressUpdater: Updating progress for 70be93a3-9a50-456a-9ddb-15673b16ca86 (Data {pct : 74, mode : file})
09-29 00:11:11.234  7613  7613 D WM-SystemFgDispatcher: Notifying with (id:9049, workSpecId: 70be93a3-9a50-456a-9ddb-15673b16ca86, notificationType :1)
09-29 00:11:11.236  7613  7665 I WM-Processor: Moving WorkSpec (70be93a3-9a50-456a-9ddb-15673b16ca86) to the foreground
09-29 00:11:11.237  7613  7613 D WM-SystemFgDispatcher: Notifying with (id:9049, workSpecId: 70be93a3-9a50-456a-9ddb-15673b16ca86, notificationType :1)
09-29 00:11:11.237  7613  7665 D WM-WorkProgressUpdater: Updating progress for 70be93a3-9a50-456a-9ddb-15673b16ca86 (Data {pct : 77, mode : file})
09-29 00:11:11.239  7613  7665 I WM-Processor: Moving WorkSpec (70be93a3-9a50-456a-9ddb-15673b16ca86) to the foreground
09-29 00:11:11.239  7613  7665 D WM-WorkProgressUpdater: Updating progress for 70be93a3-9a50-456a-9ddb-15673b16ca86 (Data {pct : 79, mode : file})
09-29 00:11:11.239  7613  7613 D WM-SystemFgDispatcher: Notifying with (id:9049, workSpecId: 70be93a3-9a50-456a-9ddb-15673b16ca86, notificationType :1)
09-29 00:11:11.241  7613  7665 I WM-Processor: Moving WorkSpec (70be93a3-9a50-456a-9ddb-15673b16ca86) to the foreground
09-29 00:11:11.242  7613  7665 D WM-WorkProgressUpdater: Updating progress for 70be93a3-9a50-456a-9ddb-15673b16ca86 (Data {pct : 82, mode : file})
09-29 00:11:11.242  7613  7613 D WM-SystemFgDispatcher: Notifying with (id:9049, workSpecId: 70be93a3-9a50-456a-9ddb-15673b16ca86, notificationType :1)
09-29 00:11:11.243  7613  7665 I WM-Processor: Moving WorkSpec (70be93a3-9a50-456a-9ddb-15673b16ca86) to the foreground
09-29 00:11:11.244  7613  7665 D WM-WorkProgressUpdater: Updating progress for 70be93a3-9a50-456a-9ddb-15673b16ca86 (Data {pct : 85, mode : file})
09-29 00:11:11.244  7613  7613 D WM-SystemFgDispatcher: Notifying with (id:9049, workSpecId: 70be93a3-9a50-456a-9ddb-15673b16ca86, notificationType :1)
09-29 00:11:11.246  7613  7665 I WM-Processor: Moving WorkSpec (70be93a3-9a50-456a-9ddb-15673b16ca86) to the foreground
09-29 00:11:11.247  7613  7613 D WM-SystemFgDispatcher: Notifying with (id:9049, workSpecId: 70be93a3-9a50-456a-9ddb-15673b16ca86, notificationType :1)
09-29 00:11:11.247  7613  7665 D WM-WorkProgressUpdater: Updating progress for 70be93a3-9a50-456a-9ddb-15673b16ca86 (Data {pct : 88, mode : file})
09-29 00:11:11.248  7613  7665 I WM-Processor: Moving WorkSpec (70be93a3-9a50-456a-9ddb-15673b16ca86) to the foreground
09-29 00:11:11.249  7613  7665 D WM-WorkProgressUpdater: Updating progress for 70be93a3-9a50-456a-9ddb-15673b16ca86 (Data {pct : 90, mode : file})
09-29 00:11:11.249  7613  7613 D WM-SystemFgDispatcher: Notifying with (id:9049, workSpecId: 70be93a3-9a50-456a-9ddb-15673b16ca86, notificationType :1)
09-29 00:11:11.251  7613  7665 I WM-Processor: Moving WorkSpec (70be93a3-9a50-456a-9ddb-15673b16ca86) to the foreground
09-29 00:11:11.252  7613  7665 D WM-WorkProgressUpdater: Updating progress for dd9182fc-8432-48c5-8979-71de7938cdd7 (Data {pct : 10, mode : file})
09-29 00:11:11.252  7613  7613 D WM-SystemFgDispatcher: Notifying with (id:9049, workSpecId: 70be93a3-9a50-456a-9ddb-15673b16ca86, notificationType :1)
09-29 00:11:11.253  7613  7665 I WM-Processor: Moving WorkSpec (dd9182fc-8432-48c5-8979-71de7938cdd7) to the foreground
09-29 00:11:11.254  7613  7665 D WM-WorkProgressUpdater: Updating progress for dd9182fc-8432-48c5-8979-71de7938cdd7 (Data {pct : 19, mode : file})
09-29 00:11:11.254  7613  7613 D WM-SystemFgDispatcher: Notifying with (id:4313, workSpecId: dd9182fc-8432-48c5-8979-71de7938cdd7, notificationType :1)
09-29 00:11:11.256  7613  7665 I WM-Processor: Moving WorkSpec (dd9182fc-8432-48c5-8979-71de7938cdd7) to the foreground
09-29 00:11:11.257  7613  7613 D WM-SystemFgDispatcher: Notifying with (id:4313, workSpecId: dd9182fc-8432-48c5-8979-71de7938cdd7, notificationType :1)
09-29 00:11:11.257  7613  7665 D WM-WorkProgressUpdater: Updating progress for dd9182fc-8432-48c5-8979-71de7938cdd7 (Data {pct : 28, mode : file})
09-29 00:11:11.258  7613  7665 I WM-Processor: Moving WorkSpec (dd9182fc-8432-48c5-8979-71de7938cdd7) to the foreground
09-29 00:11:11.259  7613  7665 D WM-WorkProgressUpdater: Updating progress for dd9182fc-8432-48c5-8979-71de7938cdd7 (Data {pct : 37, mode : file})
09-29 00:11:11.259  7613  7613 D WM-SystemFgDispatcher: Notifying with (id:4313, workSpecId: dd9182fc-8432-48c5-8979-71de7938cdd7, notificationType :1)
09-29 00:11:11.261  7613  7665 I WM-Processor: Moving WorkSpec (dd9182fc-8432-48c5-8979-71de7938cdd7) to the foreground
09-29 00:11:11.262  7613  7613 D WM-SystemFgDispatcher: Notifying with (id:4313, workSpecId: dd9182fc-8432-48c5-8979-71de7938cdd7, notificationType :1)
09-29 00:11:11.262  7613  7665 D WM-WorkProgressUpdater: Updating progress for dd9182fc-8432-48c5-8979-71de7938cdd7 (Data {pct : 46, mode : file})
09-29 00:11:11.263  7613  7665 I WM-Processor: Moving WorkSpec (dd9182fc-8432-48c5-8979-71de7938cdd7) to the foreground
09-29 00:11:11.264  7613  7613 D WM-SystemFgDispatcher: Notifying with (id:4313, workSpecId: dd9182fc-8432-48c5-8979-71de7938cdd7, notificationType :1)
09-29 00:11:11.264  7613  7665 D WM-WorkProgressUpdater: Updating progress for dd9182fc-8432-48c5-8979-71de7938cdd7 (Data {pct : 56, mode : file})
09-29 00:11:11.265  7613  7613 I NotificationManager: com.negi.survey: notify(4313, null, Notification(channel=uploads shortcut=null contentView=null vibrate=null sound=null defaults=0 flags=ONGOING_EVENT|ONLY_ALERT_ONCE color=0x00000000 category=progress vis=PRIVATE semFlags=0x0 semPriority=0 semMissedCount=0 semScenarioType=0)) as user
09-29 00:11:11.266  7613  7665 I WM-Processor: Moving WorkSpec (dd9182fc-8432-48c5-8979-71de7938cdd7) to the foreground
09-29 00:11:11.267  7613  7665 D WM-WorkProgressUpdater: Updating progress for dd9182fc-8432-48c5-8979-71de7938cdd7 (Data {pct : 65, mode : file})
09-29 00:11:11.267  7613  7613 D WM-SystemFgDispatcher: Notifying with (id:4313, workSpecId: dd9182fc-8432-48c5-8979-71de7938cdd7, notificationType :1)
09-29 00:11:11.268  7613  7665 I WM-Processor: Moving WorkSpec (dd9182fc-8432-48c5-8979-71de7938cdd7) to the foreground
09-29 00:11:11.269  7613  7665 D WM-WorkProgressUpdater: Updating progress for dd9182fc-8432-48c5-8979-71de7938cdd7 (Data {pct : 74, mode : file})
09-29 00:11:11.269  7613  7613 D WM-SystemFgDispatcher: Notifying with (id:4313, workSpecId: dd9182fc-8432-48c5-8979-71de7938cdd7, notificationType :1)
09-29 00:11:11.271  7613  7665 I WM-Processor: Moving WorkSpec (dd9182fc-8432-48c5-8979-71de7938cdd7) to the foreground
09-29 00:11:11.272  7613  7665 D WM-WorkProgressUpdater: Updating progress for dd9182fc-8432-48c5-8979-71de7938cdd7 (Data {pct : 83, mode : file})
09-29 00:11:11.272  7613  7613 D WM-SystemFgDispatcher: Notifying with (id:4313, workSpecId: dd9182fc-8432-48c5-8979-71de7938cdd7, notificationType :1)
09-29 00:11:11.274  7613  7665 I WM-Processor: Moving WorkSpec (dd9182fc-8432-48c5-8979-71de7938cdd7) to the foreground
09-29 00:11:11.276  7613  7613 D WM-SystemFgDispatcher: Notifying with (id:4313, workSpecId: dd9182fc-8432-48c5-8979-71de7938cdd7, notificationType :1)
09-29 00:11:11.277  7613  7664 D WM-WorkProgressUpdater: Updating progress for dd9182fc-8432-48c5-8979-71de7938cdd7 (Data {pct : 90, mode : file})
09-29 00:11:11.279  7613  7664 I WM-Processor: Moving WorkSpec (dd9182fc-8432-48c5-8979-71de7938cdd7) to the foreground
09-29 00:11:11.281  7613  7664 D WM-WorkProgressUpdater: Updating progress for 8e399662-9d01-476c-b6ad-3ca2e397fbb9 (Data {pct : 10, mode : file})
09-29 00:11:11.281  7613  7613 D WM-SystemFgDispatcher: Notifying with (id:4313, workSpecId: dd9182fc-8432-48c5-8979-71de7938cdd7, notificationType :1)
09-29 00:11:11.283  7613  7664 I WM-Processor: Moving WorkSpec (8e399662-9d01-476c-b6ad-3ca2e397fbb9) to the foreground
09-29 00:11:11.284  7613  7613 D WM-SystemFgDispatcher: Notifying with (id:6101, workSpecId: 8e399662-9d01-476c-b6ad-3ca2e397fbb9, notificationType :1)
09-29 00:11:11.284  7613  7664 D WM-WorkProgressUpdater: Updating progress for 8e399662-9d01-476c-b6ad-3ca2e397fbb9 (Data {pct : 11, mode : file})
09-29 00:11:11.285  7613  7664 I WM-Processor: Moving WorkSpec (8e399662-9d01-476c-b6ad-3ca2e397fbb9) to the foreground
09-29 00:11:11.286  7613  7664 D WM-WorkProgressUpdater: Updating progress for 8e399662-9d01-476c-b6ad-3ca2e397fbb9 (Data {pct : 12, mode : file})
09-29 00:11:11.286  7613  7613 D WM-SystemFgDispatcher: Notifying with (id:6101, workSpecId: 8e399662-9d01-476c-b6ad-3ca2e397fbb9, notificationType :1)
09-29 00:11:11.288  7613  7664 I WM-Processor: Moving WorkSpec (8e399662-9d01-476c-b6ad-3ca2e397fbb9) to the foreground
09-29 00:11:11.289  7613  7664 D WM-WorkProgressUpdater: Updating progress for 8e399662-9d01-476c-b6ad-3ca2e397fbb9 (Data {pct : 13, mode : file})
09-29 00:11:11.289  7613  7613 D WM-SystemFgDispatcher: Notifying with (id:6101, workSpecId: 8e399662-9d01-476c-b6ad-3ca2e397fbb9, notificationType :1)
09-29 00:11:11.290  7613  7664 I WM-Processor: Moving WorkSpec (8e399662-9d01-476c-b6ad-3ca2e397fbb9) to the foreground
09-29 00:11:11.292  7613  7613 D WM-SystemFgDispatcher: Notifying with (id:6101, workSpecId: 8e399662-9d01-476c-b6ad-3ca2e397fbb9, notificationType :1)
09-29 00:11:11.292  7613  7664 D WM-WorkProgressUpdater: Updating progress for 8e399662-9d01-476c-b6ad-3ca2e397fbb9 (Data {pct : 14, mode : file})
09-29 00:11:11.293  7613  7664 I WM-Processor: Moving WorkSpec (8e399662-9d01-476c-b6ad-3ca2e397fbb9) to the foreground
09-29 00:11:11.294  7613  7664 D WM-WorkProgressUpdater: Updating progress for 8e399662-9d01-476c-b6ad-3ca2e397fbb9 (Data {pct : 15, mode : file})
09-29 00:11:11.294  7613  7613 D WM-SystemFgDispatcher: Notifying with (id:6101, workSpecId: 8e399662-9d01-476c-b6ad-3ca2e397fbb9, notificationType :1)
09-29 00:11:11.296  7613  7664 I WM-Processor: Moving WorkSpec (8e399662-9d01-476c-b6ad-3ca2e397fbb9) to the foreground
09-29 00:11:11.297  7613  7613 D WM-SystemFgDispatcher: Notifying with (id:6101, workSpecId: 8e399662-9d01-476c-b6ad-3ca2e397fbb9, notificationType :1)
09-29 00:11:11.297  7613  7664 D WM-WorkProgressUpdater: Updating progress for 8e399662-9d01-476c-b6ad-3ca2e397fbb9 (Data {pct : 16, mode : file})
09-29 00:11:11.299  7613  7664 I WM-Processor: Moving WorkSpec (8e399662-9d01-476c-b6ad-3ca2e397fbb9) to the foreground
09-29 00:11:11.300  7613  7664 D WM-WorkProgressUpdater: Updating progress for 8e399662-9d01-476c-b6ad-3ca2e397fbb9 (Data {pct : 17, mode : file})
09-29 00:11:11.300  7613  7613 D WM-SystemFgDispatcher: Notifying with (id:6101, workSpecId: 8e399662-9d01-476c-b6ad-3ca2e397fbb9, notificationType :1)
09-29 00:11:11.302  7613  7664 I WM-Processor: Moving WorkSpec (8e399662-9d01-476c-b6ad-3ca2e397fbb9) to the foreground
09-29 00:11:11.303  7613  7613 D WM-SystemFgDispatcher: Notifying with (id:6101, workSpecId: 8e399662-9d01-476c-b6ad-3ca2e397fbb9, notificationType :1)
09-29 00:11:11.303  7613  7664 D WM-WorkProgressUpdater: Updating progress for 8e399662-9d01-476c-b6ad-3ca2e397fbb9 (Data {pct : 18, mode : file})
09-29 00:11:11.304  7613  7664 I WM-Processor: Moving WorkSpec (8e399662-9d01-476c-b6ad-3ca2e397fbb9) to the foreground
09-29 00:11:11.306  7613  7613 D WM-SystemFgDispatcher: Notifying with (id:6101, workSpecId: 8e399662-9d01-476c-b6ad-3ca2e397fbb9, notificationType :1)
09-29 00:11:11.306  7613  7664 D WM-WorkProgressUpdater: Updating progress for 8e399662-9d01-476c-b6ad-3ca2e397fbb9 (Data {pct : 19, mode : file})
09-29 00:11:11.308  7613  7664 I WM-Processor: Moving WorkSpec (8e399662-9d01-476c-b6ad-3ca2e397fbb9) to the foreground
09-29 00:11:11.309  7613  7613 D WM-SystemFgDispatcher: Notifying with (id:6101, workSpecId: 8e399662-9d01-476c-b6ad-3ca2e397fbb9, notificationType :1)
09-29 00:11:11.309  7613  7664 D WM-WorkProgressUpdater: Updating progress for 8e399662-9d01-476c-b6ad-3ca2e397fbb9 (Data {pct : 20, mode : file})
09-29 00:11:11.311  7613  7664 I WM-Processor: Moving WorkSpec (8e399662-9d01-476c-b6ad-3ca2e397fbb9) to the foreground
09-29 00:11:11.312  7613  7664 D WM-WorkProgressUpdater: Updating progress for 8e399662-9d01-476c-b6ad-3ca2e397fbb9 (Data {pct : 21, mode : file})
09-29 00:11:11.312  7613  7613 D WM-SystemFgDispatcher: Notifying with (id:6101, workSpecId: 8e399662-9d01-476c-b6ad-3ca2e397fbb9, notificationType :1)
09-29 00:11:11.314  7613  7664 I WM-Processor: Moving WorkSpec (8e399662-9d01-476c-b6ad-3ca2e397fbb9) to the foreground
09-29 00:11:11.315  7613  7613 D WM-SystemFgDispatcher: Notifying with (id:6101, workSpecId: 8e399662-9d01-476c-b6ad-3ca2e397fbb9, notificationType :1)
09-29 00:11:11.315  7613  7664 D WM-WorkProgressUpdater: Updating progress for 8e399662-9d01-476c-b6ad-3ca2e397fbb9 (Data {pct : 22, mode : file})
09-29 00:11:11.317  7613  7664 I WM-Processor: Moving WorkSpec (8e399662-9d01-476c-b6ad-3ca2e397fbb9) to the foreground
09-29 00:11:11.318  7613  7664 D WM-WorkProgressUpdater: Updating progress for 8e399662-9d01-476c-b6ad-3ca2e397fbb9 (Data {pct : 23, mode : file})
09-29 00:11:11.318  7613  7613 D WM-SystemFgDispatcher: Notifying with (id:6101, workSpecId: 8e399662-9d01-476c-b6ad-3ca2e397fbb9, notificationType :1)
09-29 00:11:11.319  7613  7664 I WM-Processor: Moving WorkSpec (8e399662-9d01-476c-b6ad-3ca2e397fbb9) to the foreground
09-29 00:11:11.321  7613  7613 D WM-SystemFgDispatcher: Notifying with (id:6101, workSpecId: 8e399662-9d01-476c-b6ad-3ca2e397fbb9, notificationType :1)
09-29 00:11:11.321  7613  7664 D WM-WorkProgressUpdater: Updating progress for 8e399662-9d01-476c-b6ad-3ca2e397fbb9 (Data {pct : 24, mode : file})
09-29 00:11:11.323  7613  7664 I WM-Processor: Moving WorkSpec (8e399662-9d01-476c-b6ad-3ca2e397fbb9) to the foreground
09-29 00:11:11.324  7613  7613 D WM-SystemFgDispatcher: Notifying with (id:6101, workSpecId: 8e399662-9d01-476c-b6ad-3ca2e397fbb9, notificationType :1)
09-29 00:11:11.324  7613  7664 D WM-WorkProgressUpdater: Updating progress for 8e399662-9d01-476c-b6ad-3ca2e397fbb9 (Data {pct : 25, mode : file})
09-29 00:11:11.326  7613  7664 I WM-Processor: Moving WorkSpec (8e399662-9d01-476c-b6ad-3ca2e397fbb9) to the foreground
09-29 00:11:11.327  7613  7613 D WM-SystemFgDispatcher: Notifying with (id:6101, workSpecId: 8e399662-9d01-476c-b6ad-3ca2e397fbb9, notificationType :1)
09-29 00:11:11.327  7613  7664 D WM-WorkProgressUpdater: Updating progress for 8e399662-9d01-476c-b6ad-3ca2e397fbb9 (Data {pct : 26, mode : file})
09-29 00:11:11.328  7613  7664 I WM-Processor: Moving WorkSpec (8e399662-9d01-476c-b6ad-3ca2e397fbb9) to the foreground
09-29 00:11:11.329  7613  7613 D WM-SystemFgDispatcher: Notifying with (id:6101, workSpecId: 8e399662-9d01-476c-b6ad-3ca2e397fbb9, notificationType :1)
09-29 00:11:11.329  7613  7664 D WM-WorkProgressUpdater: Updating progress for 8e399662-9d01-476c-b6ad-3ca2e397fbb9 (Data {pct : 27, mode : file})
09-29 00:11:11.331  7613  7664 I WM-Processor: Moving WorkSpec (8e399662-9d01-476c-b6ad-3ca2e397fbb9) to the foreground
09-29 00:11:11.332  7613  7613 D WM-SystemFgDispatcher: Notifying with (id:6101, workSpecId: 8e399662-9d01-476c-b6ad-3ca2e397fbb9, notificationType :1)
09-29 00:11:11.332  7613  7664 D WM-WorkProgressUpdater: Updating progress for 8e399662-9d01-476c-b6ad-3ca2e397fbb9 (Data {pct : 28, mode : file})
09-29 00:11:11.333  7613  7664 I WM-Processor: Moving WorkSpec (8e399662-9d01-476c-b6ad-3ca2e397fbb9) to the foreground
09-29 00:11:11.334  7613  7613 D WM-SystemFgDispatcher: Notifying with (id:6101, workSpecId: 8e399662-9d01-476c-b6ad-3ca2e397fbb9, notificationType :1)
09-29 00:11:11.334  7613  7664 D WM-WorkProgressUpdater: Updating progress for 8e399662-9d01-476c-b6ad-3ca2e397fbb9 (Data {pct : 29, mode : file})
09-29 00:11:11.337  7613  7664 I WM-Processor: Moving WorkSpec (8e399662-9d01-476c-b6ad-3ca2e397fbb9) to the foreground
09-29 00:11:11.338  7613  7664 D WM-WorkProgressUpdater: Updating progress for 8e399662-9d01-476c-b6ad-3ca2e397fbb9 (Data {pct : 30, mode : file})
09-29 00:11:11.338  7613  7613 D WM-SystemFgDispatcher: Notifying with (id:6101, workSpecId: 8e399662-9d01-476c-b6ad-3ca2e397fbb9, notificationType :1)
09-29 00:11:11.339  7613  7664 I WM-Processor: Moving WorkSpec (8e399662-9d01-476c-b6ad-3ca2e397fbb9) to the foreground
09-29 00:11:11.340  7613  7664 D WM-WorkProgressUpdater: Updating progress for 8e399662-9d01-476c-b6ad-3ca2e397fbb9 (Data {pct : 31, mode : file})
09-29 00:11:11.340  7613  7613 D WM-SystemFgDispatcher: Notifying with (id:6101, workSpecId: 8e399662-9d01-476c-b6ad-3ca2e397fbb9, notificationType :1)
09-29 00:11:11.342  7613  7664 I WM-Processor: Moving WorkSpec (8e399662-9d01-476c-b6ad-3ca2e397fbb9) to the foreground
09-29 00:11:11.344  7613  7613 D WM-SystemFgDispatcher: Notifying with (id:6101, workSpecId: 8e399662-9d01-476c-b6ad-3ca2e397fbb9, notificationType :1)
09-29 00:11:11.344  7613  7664 D WM-WorkProgressUpdater: Updating progress for 8e399662-9d01-476c-b6ad-3ca2e397fbb9 (Data {pct : 32, mode : file})
09-29 00:11:11.346  7613  7664 I WM-Processor: Moving WorkSpec (8e399662-9d01-476c-b6ad-3ca2e397fbb9) to the foreground
09-29 00:11:11.347  7613  7664 D WM-WorkProgressUpdater: Updating progress for 8e399662-9d01-476c-b6ad-3ca2e397fbb9 (Data {pct : 33, mode : file})
09-29 00:11:11.347  7613  7613 D WM-SystemFgDispatcher: Notifying with (id:6101, workSpecId: 8e399662-9d01-476c-b6ad-3ca2e397fbb9, notificationType :1)
09-29 00:11:11.348  7613  7664 I WM-Processor: Moving WorkSpec (8e399662-9d01-476c-b6ad-3ca2e397fbb9) to the foreground
09-29 00:11:11.349  7613  7613 D WM-SystemFgDispatcher: Notifying with (id:6101, workSpecId: 8e399662-9d01-476c-b6ad-3ca2e397fbb9, notificationType :1)
09-29 00:11:11.349  7613  7664 D WM-WorkProgressUpdater: Updating progress for 8e399662-9d01-476c-b6ad-3ca2e397fbb9 (Data {pct : 34, mode : file})
09-29 00:11:11.352  7613  7664 I WM-Processor: Moving WorkSpec (8e399662-9d01-476c-b6ad-3ca2e397fbb9) to the foreground
09-29 00:11:11.353  7613  7664 D WM-WorkProgressUpdater: Updating progress for 8e399662-9d01-476c-b6ad-3ca2e397fbb9 (Data {pct : 35, mode : file})
09-29 00:11:11.353  7613  7613 D WM-SystemFgDispatcher: Notifying with (id:6101, workSpecId: 8e399662-9d01-476c-b6ad-3ca2e397fbb9, notificationType :1)
09-29 00:11:11.355  7613  7664 I WM-Processor: Moving WorkSpec (8e399662-9d01-476c-b6ad-3ca2e397fbb9) to the foreground
09-29 00:11:11.356  7613  7664 D WM-WorkProgressUpdater: Updating progress for 8e399662-9d01-476c-b6ad-3ca2e397fbb9 (Data {pct : 36, mode : file})
09-29 00:11:11.356  7613  7613 D WM-SystemFgDispatcher: Notifying with (id:6101, workSpecId: 8e399662-9d01-476c-b6ad-3ca2e397fbb9, notificationType :1)
09-29 00:11:11.357  7613  7664 I WM-Processor: Moving WorkSpec (8e399662-9d01-476c-b6ad-3ca2e397fbb9) to the foreground
09-29 00:11:11.359  7613  7613 D WM-SystemFgDispatcher: Notifying with (id:6101, workSpecId: 8e399662-9d01-476c-b6ad-3ca2e397fbb9, notificationType :1)
09-29 00:11:11.359  7613  7664 D WM-WorkProgressUpdater: Updating progress for 8e399662-9d01-476c-b6ad-3ca2e397fbb9 (Data {pct : 37, mode : file})
09-29 00:11:11.361  7613  7664 I WM-Processor: Moving WorkSpec (8e399662-9d01-476c-b6ad-3ca2e397fbb9) to the foreground
09-29 00:11:11.362  7613  7613 D WM-SystemFgDispatcher: Notifying with (id:6101, workSpecId: 8e399662-9d01-476c-b6ad-3ca2e397fbb9, notificationType :1)
09-29 00:11:11.363  7613  7664 D WM-WorkProgressUpdater: Updating progress for 8e399662-9d01-476c-b6ad-3ca2e397fbb9 (Data {pct : 38, mode : file})
09-29 00:11:11.364  7613  7664 I WM-Processor: Moving WorkSpec (8e399662-9d01-476c-b6ad-3ca2e397fbb9) to the foreground
09-29 00:11:11.365  7613  7664 D WM-WorkProgressUpdater: Updating progress for 8e399662-9d01-476c-b6ad-3ca2e397fbb9 (Data {pct : 39, mode : file})
09-29 00:11:11.365  7613  7613 D WM-SystemFgDispatcher: Notifying with (id:6101, workSpecId: 8e399662-9d01-476c-b6ad-3ca2e397fbb9, notificationType :1)
09-29 00:11:11.367  7613  7664 I WM-Processor: Moving WorkSpec (8e399662-9d01-476c-b6ad-3ca2e397fbb9) to the foreground
09-29 00:11:11.368  7613  7664 D WM-WorkProgressUpdater: Updating progress for 8e399662-9d01-476c-b6ad-3ca2e397fbb9 (Data {pct : 40, mode : file})
09-29 00:11:11.368  7613  7613 D WM-SystemFgDispatcher: Notifying with (id:6101, workSpecId: 8e399662-9d01-476c-b6ad-3ca2e397fbb9, notificationType :1)
09-29 00:11:11.369  7613  7664 I WM-Processor: Moving WorkSpec (8e399662-9d01-476c-b6ad-3ca2e397fbb9) to the foreground
09-29 00:11:11.370  7613  7664 D WM-WorkProgressUpdater: Updating progress for 8e399662-9d01-476c-b6ad-3ca2e397fbb9 (Data {pct : 41, mode : file})
09-29 00:11:11.370  7613  7613 D WM-SystemFgDispatcher: Notifying with (id:6101, workSpecId: 8e399662-9d01-476c-b6ad-3ca2e397fbb9, notificationType :1)
09-29 00:11:11.377  7613  7664 I WM-Processor: Moving WorkSpec (8e399662-9d01-476c-b6ad-3ca2e397fbb9) to the foreground
09-29 00:11:11.378  7613  7664 D WM-WorkProgressUpdater: Updating progress for 8e399662-9d01-476c-b6ad-3ca2e397fbb9 (Data {pct : 42, mode : file})
09-29 00:11:11.378  7613  7613 D WM-SystemFgDispatcher: Notifying with (id:6101, workSpecId: 8e399662-9d01-476c-b6ad-3ca2e397fbb9, notificationType :1)
09-29 00:11:11.380  7613  7664 I WM-Processor: Moving WorkSpec (8e399662-9d01-476c-b6ad-3ca2e397fbb9) to the foreground
09-29 00:11:11.381  7613  7664 D WM-WorkProgressUpdater: Updating progress for 8e399662-9d01-476c-b6ad-3ca2e397fbb9 (Data {pct : 43, mode : file})
09-29 00:11:11.381  7613  7613 D WM-SystemFgDispatcher: Notifying with (id:6101, workSpecId: 8e399662-9d01-476c-b6ad-3ca2e397fbb9, notificationType :1)
09-29 00:11:11.383  7613  7664 I WM-Processor: Moving WorkSpec (8e399662-9d01-476c-b6ad-3ca2e397fbb9) to the foreground
09-29 00:11:11.384  7613  7613 D WM-SystemFgDispatcher: Notifying with (id:6101, workSpecId: 8e399662-9d01-476c-b6ad-3ca2e397fbb9, notificationType :1)
09-29 00:11:11.384  7613  7664 D WM-WorkProgressUpdater: Updating progress for 8e399662-9d01-476c-b6ad-3ca2e397fbb9 (Data {pct : 45, mode : file})
09-29 00:11:11.385  7613  7664 I WM-Processor: Moving WorkSpec (8e399662-9d01-476c-b6ad-3ca2e397fbb9) to the foreground
09-29 00:11:11.387  7613  7613 D WM-SystemFgDispatcher: Notifying with (id:6101, workSpecId: 8e399662-9d01-476c-b6ad-3ca2e397fbb9, notificationType :1)
09-29 00:11:11.387  7613  7664 D WM-WorkProgressUpdater: Updating progress for 8e399662-9d01-476c-b6ad-3ca2e397fbb9 (Data {pct : 46, mode : file})
09-29 00:11:11.388  7613  7664 I WM-Processor: Moving WorkSpec (8e399662-9d01-476c-b6ad-3ca2e397fbb9) to the foreground
09-29 00:11:11.389  7613  7613 D WM-SystemFgDispatcher: Notifying with (id:6101, workSpecId: 8e399662-9d01-476c-b6ad-3ca2e397fbb9, notificationType :1)
09-29 00:11:11.389  7613  7664 D WM-WorkProgressUpdater: Updating progress for 8e399662-9d01-476c-b6ad-3ca2e397fbb9 (Data {pct : 47, mode : file})
09-29 00:11:11.391  7613  7664 I WM-Processor: Moving WorkSpec (8e399662-9d01-476c-b6ad-3ca2e397fbb9) to the foreground
09-29 00:11:11.392  7613  7664 D WM-WorkProgressUpdater: Updating progress for 8e399662-9d01-476c-b6ad-3ca2e397fbb9 (Data {pct : 48, mode : file})
09-29 00:11:11.392  7613  7613 D WM-SystemFgDispatcher: Notifying with (id:6101, workSpecId: 8e399662-9d01-476c-b6ad-3ca2e397fbb9, notificationType :1)
09-29 00:11:11.394  7613  7664 I WM-Processor: Moving WorkSpec (8e399662-9d01-476c-b6ad-3ca2e397fbb9) to the foreground
09-29 00:11:11.394  7613  7664 D WM-WorkProgressUpdater: Updating progress for 8e399662-9d01-476c-b6ad-3ca2e397fbb9 (Data {pct : 49, mode : file})
09-29 00:11:11.394  7613  7613 D WM-SystemFgDispatcher: Notifying with (id:6101, workSpecId: 8e399662-9d01-476c-b6ad-3ca2e397fbb9, notificationType :1)
09-29 00:11:11.396  7613  7664 I WM-Processor: Moving WorkSpec (8e399662-9d01-476c-b6ad-3ca2e397fbb9) to the foreground
09-29 00:11:11.397  7613  7664 D WM-WorkProgressUpdater: Updating progress for 8e399662-9d01-476c-b6ad-3ca2e397fbb9 (Data {pct : 50, mode : file})
09-29 00:11:11.397  7613  7613 D WM-SystemFgDispatcher: Notifying with (id:6101, workSpecId: 8e399662-9d01-476c-b6ad-3ca2e397fbb9, notificationType :1)
09-29 00:11:11.401  7613  7664 I WM-Processor: Moving WorkSpec (8e399662-9d01-476c-b6ad-3ca2e397fbb9) to the foreground
09-29 00:11:11.401  7613  7664 D WM-WorkProgressUpdater: Updating progress for 8e399662-9d01-476c-b6ad-3ca2e397fbb9 (Data {pct : 51, mode : file})
09-29 00:11:11.402  7613  7613 D WM-SystemFgDispatcher: Notifying with (id:6101, workSpecId: 8e399662-9d01-476c-b6ad-3ca2e397fbb9, notificationType :1)
09-29 00:11:11.403  7613  7664 I WM-Processor: Moving WorkSpec (8e399662-9d01-476c-b6ad-3ca2e397fbb9) to the foreground
09-29 00:11:11.404  7613  7613 D WM-SystemFgDispatcher: Notifying with (id:6101, workSpecId: 8e399662-9d01-476c-b6ad-3ca2e397fbb9, notificationType :1)
09-29 00:11:11.404  7613  7664 D WM-WorkProgressUpdater: Updating progress for 8e399662-9d01-476c-b6ad-3ca2e397fbb9 (Data {pct : 52, mode : file})
09-29 00:11:11.406  7613  7664 I WM-Processor: Moving WorkSpec (8e399662-9d01-476c-b6ad-3ca2e397fbb9) to the foreground
09-29 00:11:11.408  7613  7613 D WM-SystemFgDispatcher: Notifying with (id:6101, workSpecId: 8e399662-9d01-476c-b6ad-3ca2e397fbb9, notificationType :1)
09-29 00:11:11.408  7613  7664 D WM-WorkProgressUpdater: Updating progress for 8e399662-9d01-476c-b6ad-3ca2e397fbb9 (Data {pct : 53, mode : file})
09-29 00:11:11.409  7613  7664 I WM-Processor: Moving WorkSpec (8e399662-9d01-476c-b6ad-3ca2e397fbb9) to the foreground
09-29 00:11:11.410  7613  7664 D WM-WorkProgressUpdater: Updating progress for 8e399662-9d01-476c-b6ad-3ca2e397fbb9 (Data {pct : 54, mode : file})
09-29 00:11:11.410  7613  7613 D WM-SystemFgDispatcher: Notifying with (id:6101, workSpecId: 8e399662-9d01-476c-b6ad-3ca2e397fbb9, notificationType :1)
09-29 00:11:11.412  7613  7664 I WM-Processor: Moving WorkSpec (8e399662-9d01-476c-b6ad-3ca2e397fbb9) to the foreground
09-29 00:11:11.413  7613  7664 D WM-WorkProgressUpdater: Updating progress for 8e399662-9d01-476c-b6ad-3ca2e397fbb9 (Data {pct : 55, mode : file})
09-29 00:11:11.413  7613  7613 D WM-SystemFgDispatcher: Notifying with (id:6101, workSpecId: 8e399662-9d01-476c-b6ad-3ca2e397fbb9, notificationType :1)
09-29 00:11:11.414  7613  7664 I WM-Processor: Moving WorkSpec (8e399662-9d01-476c-b6ad-3ca2e397fbb9) to the foreground
09-29 00:11:11.415  7613  7664 D WM-WorkProgressUpdater: Updating progress for 8e399662-9d01-476c-b6ad-3ca2e397fbb9 (Data {pct : 56, mode : file})
09-29 00:11:11.415  7613  7613 D WM-SystemFgDispatcher: Notifying with (id:6101, workSpecId: 8e399662-9d01-476c-b6ad-3ca2e397fbb9, notificationType :1)
09-29 00:11:11.417  7613  7664 I WM-Processor: Moving WorkSpec (8e399662-9d01-476c-b6ad-3ca2e397fbb9) to the foreground
09-29 00:11:11.418  7613  7613 D WM-SystemFgDispatcher: Notifying with (id:6101, workSpecId: 8e399662-9d01-476c-b6ad-3ca2e397fbb9, notificationType :1)
09-29 00:11:11.418  7613  7664 D WM-WorkProgressUpdater: Updating progress for 8e399662-9d01-476c-b6ad-3ca2e397fbb9 (Data {pct : 57, mode : file})
09-29 00:11:11.420  7613  7664 I WM-Processor: Moving WorkSpec (8e399662-9d01-476c-b6ad-3ca2e397fbb9) to the foreground
09-29 00:11:11.421  7613  7664 D WM-WorkProgressUpdater: Updating progress for 8e399662-9d01-476c-b6ad-3ca2e397fbb9 (Data {pct : 58, mode : file})
09-29 00:11:11.421  7613  7613 D WM-SystemFgDispatcher: Notifying with (id:6101, workSpecId: 8e399662-9d01-476c-b6ad-3ca2e397fbb9, notificationType :1)
09-29 00:11:11.422  7613  7664 I WM-Processor: Moving WorkSpec (8e399662-9d01-476c-b6ad-3ca2e397fbb9) to the foreground
09-29 00:11:11.423  7613  7613 D WM-SystemFgDispatcher: Notifying with (id:6101, workSpecId: 8e399662-9d01-476c-b6ad-3ca2e397fbb9, notificationType :1)
09-29 00:11:11.423  7613  7664 D WM-WorkProgressUpdater: Updating progress for 8e399662-9d01-476c-b6ad-3ca2e397fbb9 (Data {pct : 59, mode : file})
09-29 00:11:11.424  7613  7664 I WM-Processor: Moving WorkSpec (8e399662-9d01-476c-b6ad-3ca2e397fbb9) to the foreground
09-29 00:11:11.426  7613  7613 D WM-SystemFgDispatcher: Notifying with (id:6101, workSpecId: 8e399662-9d01-476c-b6ad-3ca2e397fbb9, notificationType :1)
09-29 00:11:11.427  7613  7664 D WM-WorkProgressUpdater: Updating progress for 8e399662-9d01-476c-b6ad-3ca2e397fbb9 (Data {pct : 60, mode : file})
09-29 00:11:11.428  7613  7664 I WM-Processor: Moving WorkSpec (8e399662-9d01-476c-b6ad-3ca2e397fbb9) to the foreground
09-29 00:11:11.429  7613  7664 D WM-WorkProgressUpdater: Updating progress for 8e399662-9d01-476c-b6ad-3ca2e397fbb9 (Data {pct : 61, mode : file})
09-29 00:11:11.429  7613  7613 D WM-SystemFgDispatcher: Notifying with (id:6101, workSpecId: 8e399662-9d01-476c-b6ad-3ca2e397fbb9, notificationType :1)
09-29 00:11:11.432  7613  7664 I WM-Processor: Moving WorkSpec (8e399662-9d01-476c-b6ad-3ca2e397fbb9) to the foreground
09-29 00:11:11.433  7613  7664 D WM-WorkProgressUpdater: Updating progress for 8e399662-9d01-476c-b6ad-3ca2e397fbb9 (Data {pct : 62, mode : file})
09-29 00:11:11.434  7613  7613 D WM-SystemFgDispatcher: Notifying with (id:6101, workSpecId: 8e399662-9d01-476c-b6ad-3ca2e397fbb9, notificationType :1)
09-29 00:11:11.435  7613  7664 I WM-Processor: Moving WorkSpec (8e399662-9d01-476c-b6ad-3ca2e397fbb9) to the foreground
09-29 00:11:11.436  7613  7664 D WM-WorkProgressUpdater: Updating progress for 8e399662-9d01-476c-b6ad-3ca2e397fbb9 (Data {pct : 63, mode : file})
09-29 00:11:11.436  7613  7613 D WM-SystemFgDispatcher: Notifying with (id:6101, workSpecId: 8e399662-9d01-476c-b6ad-3ca2e397fbb9, notificationType :1)
09-29 00:11:11.438  7613  7664 I WM-Processor: Moving WorkSpec (8e399662-9d01-476c-b6ad-3ca2e397fbb9) to the foreground
09-29 00:11:11.439  7613  7613 D WM-SystemFgDispatcher: Notifying with (id:6101, workSpecId: 8e399662-9d01-476c-b6ad-3ca2e397fbb9, notificationType :1)
09-29 00:11:11.439  7613  7664 D WM-WorkProgressUpdater: Updating progress for 8e399662-9d01-476c-b6ad-3ca2e397fbb9 (Data {pct : 64, mode : file})
09-29 00:11:11.441  7613  7664 I WM-Processor: Moving WorkSpec (8e399662-9d01-476c-b6ad-3ca2e397fbb9) to the foreground
09-29 00:11:11.442  7613  7613 D WM-SystemFgDispatcher: Notifying with (id:6101, workSpecId: 8e399662-9d01-476c-b6ad-3ca2e397fbb9, notificationType :1)
09-29 00:11:11.442  7613  7664 D WM-WorkProgressUpdater: Updating progress for 8e399662-9d01-476c-b6ad-3ca2e397fbb9 (Data {pct : 65, mode : file})
09-29 00:11:11.443  7613  7664 I WM-Processor: Moving WorkSpec (8e399662-9d01-476c-b6ad-3ca2e397fbb9) to the foreground
09-29 00:11:11.444  7613  7664 D WM-WorkProgressUpdater: Updating progress for 8e399662-9d01-476c-b6ad-3ca2e397fbb9 (Data {pct : 66, mode : file})
09-29 00:11:11.445  7613  7613 D WM-SystemFgDispatcher: Notifying with (id:6101, workSpecId: 8e399662-9d01-476c-b6ad-3ca2e397fbb9, notificationType :1)
09-29 00:11:11.447  7613  7664 I WM-Processor: Moving WorkSpec (8e399662-9d01-476c-b6ad-3ca2e397fbb9) to the foreground
09-29 00:11:11.448  7613  7664 D WM-WorkProgressUpdater: Updating progress for 8e399662-9d01-476c-b6ad-3ca2e397fbb9 (Data {pct : 67, mode : file})
09-29 00:11:11.448  7613  7613 D WM-SystemFgDispatcher: Notifying with (id:6101, workSpecId: 8e399662-9d01-476c-b6ad-3ca2e397fbb9, notificationType :1)
09-29 00:11:11.449  7613  7664 I WM-Processor: Moving WorkSpec (8e399662-9d01-476c-b6ad-3ca2e397fbb9) to the foreground
09-29 00:11:11.451  7613  7664 D WM-WorkProgressUpdater: Updating progress for 8e399662-9d01-476c-b6ad-3ca2e397fbb9 (Data {pct : 68, mode : file})
09-29 00:11:11.451  7613  7613 D WM-SystemFgDispatcher: Notifying with (id:6101, workSpecId: 8e399662-9d01-476c-b6ad-3ca2e397fbb9, notificationType :1)
09-29 00:11:11.454  7613  7664 I WM-Processor: Moving WorkSpec (8e399662-9d01-476c-b6ad-3ca2e397fbb9) to the foreground
09-29 00:11:11.454  7613  7664 D WM-WorkProgressUpdater: Updating progress for 8e399662-9d01-476c-b6ad-3ca2e397fbb9 (Data {pct : 69, mode : file})
09-29 00:11:11.454  7613  7613 D WM-SystemFgDispatcher: Notifying with (id:6101, workSpecId: 8e399662-9d01-476c-b6ad-3ca2e397fbb9, notificationType :1)
09-29 00:11:11.456  7613  7664 I WM-Processor: Moving WorkSpec (8e399662-9d01-476c-b6ad-3ca2e397fbb9) to the foreground
09-29 00:11:11.457  7613  7664 D WM-WorkProgressUpdater: Updating progress for 8e399662-9d01-476c-b6ad-3ca2e397fbb9 (Data {pct : 70, mode : file})
09-29 00:11:11.457  7613  7613 D WM-SystemFgDispatcher: Notifying with (id:6101, workSpecId: 8e399662-9d01-476c-b6ad-3ca2e397fbb9, notificationType :1)
09-29 00:11:11.458  7613  7664 I WM-Processor: Moving WorkSpec (8e399662-9d01-476c-b6ad-3ca2e397fbb9) to the foreground
09-29 00:11:11.459  7613  7664 D WM-WorkProgressUpdater: Updating progress for 8e399662-9d01-476c-b6ad-3ca2e397fbb9 (Data {pct : 71, mode : file})
09-29 00:11:11.460  7613  7613 D WM-SystemFgDispatcher: Notifying with (id:6101, workSpecId: 8e399662-9d01-476c-b6ad-3ca2e397fbb9, notificationType :1)
09-29 00:11:11.461  7613  7664 I WM-Processor: Moving WorkSpec (8e399662-9d01-476c-b6ad-3ca2e397fbb9) to the foreground
09-29 00:11:11.463  7613  7613 D WM-SystemFgDispatcher: Notifying with (id:6101, workSpecId: 8e399662-9d01-476c-b6ad-3ca2e397fbb9, notificationType :1)
09-29 00:11:11.463  7613  7664 D WM-WorkProgressUpdater: Updating progress for 8e399662-9d01-476c-b6ad-3ca2e397fbb9 (Data {pct : 72, mode : file})
09-29 00:11:11.465  7613  7664 I WM-Processor: Moving WorkSpec (8e399662-9d01-476c-b6ad-3ca2e397fbb9) to the foreground
09-29 00:11:11.466  7613  7664 D WM-WorkProgressUpdater: Updating progress for 8e399662-9d01-476c-b6ad-3ca2e397fbb9 (Data {pct : 73, mode : file})
09-29 00:11:11.466  7613  7613 D WM-SystemFgDispatcher: Notifying with (id:6101, workSpecId: 8e399662-9d01-476c-b6ad-3ca2e397fbb9, notificationType :1)
09-29 00:11:11.466  7613  7613 I NotificationManager: com.negi.survey: notify(6101, null, Notification(channel=uploads shortcut=null contentView=null vibrate=null sound=null defaults=0 flags=ONGOING_EVENT|ONLY_ALERT_ONCE color=0x00000000 category=progress vis=PRIVATE semFlags=0x0 semPriority=0 semMissedCount=0 semScenarioType=0)) as user
09-29 00:11:11.468  7613  7664 I WM-Processor: Moving WorkSpec (8e399662-9d01-476c-b6ad-3ca2e397fbb9) to the foreground
09-29 00:11:11.469  7613  7613 D WM-SystemFgDispatcher: Notifying with (id:6101, workSpecId: 8e399662-9d01-476c-b6ad-3ca2e397fbb9, notificationType :1)
09-29 00:11:11.469  7613  7664 D WM-WorkProgressUpdater: Updating progress for 8e399662-9d01-476c-b6ad-3ca2e397fbb9 (Data {pct : 74, mode : file})
09-29 00:11:11.470  7613  7664 I WM-Processor: Moving WorkSpec (8e399662-9d01-476c-b6ad-3ca2e397fbb9) to the foreground
09-29 00:11:11.471  7613  7664 D WM-WorkProgressUpdater: Updating progress for 8e399662-9d01-476c-b6ad-3ca2e397fbb9 (Data {pct : 75, mode : file})
09-29 00:11:11.471  7613  7613 D WM-SystemFgDispatcher: Notifying with (id:6101, workSpecId: 8e399662-9d01-476c-b6ad-3ca2e397fbb9, notificationType :1)
09-29 00:11:11.472  7613  7664 I WM-Processor: Moving WorkSpec (8e399662-9d01-476c-b6ad-3ca2e397fbb9) to the foreground
09-29 00:11:11.473  7613  7664 D WM-WorkProgressUpdater: Updating progress for 8e399662-9d01-476c-b6ad-3ca2e397fbb9 (Data {pct : 76, mode : file})
09-29 00:11:11.473  7613  7613 D WM-SystemFgDispatcher: Notifying with (id:6101, workSpecId: 8e399662-9d01-476c-b6ad-3ca2e397fbb9, notificationType :1)
09-29 00:11:11.474  7613  7664 I WM-Processor: Moving WorkSpec (8e399662-9d01-476c-b6ad-3ca2e397fbb9) to the foreground
09-29 00:11:11.475  7613  7613 D WM-SystemFgDispatcher: Notifying with (id:6101, workSpecId: 8e399662-9d01-476c-b6ad-3ca2e397fbb9, notificationType :1)
09-29 00:11:11.475  7613  7664 D WM-WorkProgressUpdater: Updating progress for 8e399662-9d01-476c-b6ad-3ca2e397fbb9 (Data {pct : 77, mode : file})
09-29 00:11:11.477  7613  7664 I WM-Processor: Moving WorkSpec (8e399662-9d01-476c-b6ad-3ca2e397fbb9) to the foreground
09-29 00:11:11.478  7613  7664 D WM-WorkProgressUpdater: Updating progress for 8e399662-9d01-476c-b6ad-3ca2e397fbb9 (Data {pct : 79, mode : file})
09-29 00:11:11.478  7613  7613 D WM-SystemFgDispatcher: Notifying with (id:6101, workSpecId: 8e399662-9d01-476c-b6ad-3ca2e397fbb9, notificationType :1)
09-29 00:11:11.479  7613  7664 I WM-Processor: Moving WorkSpec (8e399662-9d01-476c-b6ad-3ca2e397fbb9) to the foreground
09-29 00:11:11.481  7613  7613 D WM-SystemFgDispatcher: Notifying with (id:6101, workSpecId: 8e399662-9d01-476c-b6ad-3ca2e397fbb9, notificationType :1)
09-29 00:11:11.481  7613  7664 D WM-WorkProgressUpdater: Updating progress for 8e399662-9d01-476c-b6ad-3ca2e397fbb9 (Data {pct : 80, mode : file})
09-29 00:11:11.482  7613  7664 D WM-WorkProgressUpdater: Updating progress for 77c43d23-cdf2-45c6-b1b4-91d9fe8c57e7 (Data {pct : 10, mode : file})
09-29 00:11:11.483  7613  7664 I WM-Processor: Moving WorkSpec (8e399662-9d01-476c-b6ad-3ca2e397fbb9) to the foreground
09-29 00:11:11.484  7613  7613 D WM-SystemFgDispatcher: Notifying with (id:6101, workSpecId: 8e399662-9d01-476c-b6ad-3ca2e397fbb9, notificationType :1)
09-29 00:11:11.485  7613  7664 I WM-Processor: Moving WorkSpec (77c43d23-cdf2-45c6-b1b4-91d9fe8c57e7) to the foreground
09-29 00:11:11.486  7613  7613 D WM-SystemFgDispatcher: Notifying with (id:10160, workSpecId: 77c43d23-cdf2-45c6-b1b4-91d9fe8c57e7, notificationType :1)
09-29 00:11:11.486  7613  7664 D WM-WorkProgressUpdater: Updating progress for 8e399662-9d01-476c-b6ad-3ca2e397fbb9 (Data {pct : 81, mode : file})
09-29 00:11:11.488  7613  7664 I WM-Processor: Moving WorkSpec (8e399662-9d01-476c-b6ad-3ca2e397fbb9) to the foreground
09-29 00:11:11.490  7613  7613 D WM-SystemFgDispatcher: Notifying with (id:6101, workSpecId: 8e399662-9d01-476c-b6ad-3ca2e397fbb9, notificationType :1)
09-29 00:11:11.490  7613  7664 D WM-WorkProgressUpdater: Updating progress for 8e399662-9d01-476c-b6ad-3ca2e397fbb9 (Data {pct : 82, mode : file})
09-29 00:11:11.491  7613  7664 I WM-Processor: Moving WorkSpec (8e399662-9d01-476c-b6ad-3ca2e397fbb9) to the foreground
09-29 00:11:11.492  7613  7613 D WM-SystemFgDispatcher: Notifying with (id:6101, workSpecId: 8e399662-9d01-476c-b6ad-3ca2e397fbb9, notificationType :1)
09-29 00:11:11.492  7613  7664 D WM-WorkProgressUpdater: Updating progress for 8e399662-9d01-476c-b6ad-3ca2e397fbb9 (Data {pct : 83, mode : file})
09-29 00:11:11.495  7613  7664 I WM-Processor: Moving WorkSpec (8e399662-9d01-476c-b6ad-3ca2e397fbb9) to the foreground
09-29 00:11:11.495  7613  7664 D WM-WorkProgressUpdater: Updating progress for 8e399662-9d01-476c-b6ad-3ca2e397fbb9 (Data {pct : 84, mode : file})
09-29 00:11:11.496  7613  7613 D WM-SystemFgDispatcher: Notifying with (id:6101, workSpecId: 8e399662-9d01-476c-b6ad-3ca2e397fbb9, notificationType :1)
09-29 00:11:11.497  7613  7664 I WM-Processor: Moving WorkSpec (8e399662-9d01-476c-b6ad-3ca2e397fbb9) to the foreground
09-29 00:11:11.499  7613  7613 D WM-SystemFgDispatcher: Notifying with (id:6101, workSpecId: 8e399662-9d01-476c-b6ad-3ca2e397fbb9, notificationType :1)
09-29 00:11:11.499  7613  7664 D WM-WorkProgressUpdater: Updating progress for 8e399662-9d01-476c-b6ad-3ca2e397fbb9 (Data {pct : 85, mode : file})
09-29 00:11:11.501  7613  7664 I WM-Processor: Moving WorkSpec (8e399662-9d01-476c-b6ad-3ca2e397fbb9) to the foreground
09-29 00:11:11.502  7613  7664 D WM-WorkProgressUpdater: Updating progress for 8e399662-9d01-476c-b6ad-3ca2e397fbb9 (Data {pct : 86, mode : file})
09-29 00:11:11.502  7613  7613 D WM-SystemFgDispatcher: Notifying with (id:6101, workSpecId: 8e399662-9d01-476c-b6ad-3ca2e397fbb9, notificationType :1)
09-29 00:11:11.503  7613  7664 I WM-Processor: Moving WorkSpec (8e399662-9d01-476c-b6ad-3ca2e397fbb9) to the foreground
09-29 00:11:11.505  7613  7664 D WM-WorkProgressUpdater: Updating progress for 8e399662-9d01-476c-b6ad-3ca2e397fbb9 (Data {pct : 87, mode : file})
09-29 00:11:11.505  7613  7613 D WM-SystemFgDispatcher: Notifying with (id:6101, workSpecId: 8e399662-9d01-476c-b6ad-3ca2e397fbb9, notificationType :1)
09-29 00:11:11.507  7613  7664 I WM-Processor: Moving WorkSpec (8e399662-9d01-476c-b6ad-3ca2e397fbb9) to the foreground
09-29 00:11:11.508  7613  7664 D WM-WorkProgressUpdater: Updating progress for 8e399662-9d01-476c-b6ad-3ca2e397fbb9 (Data {pct : 88, mode : file})
09-29 00:11:11.508  7613  7613 D WM-SystemFgDispatcher: Notifying with (id:6101, workSpecId: 8e399662-9d01-476c-b6ad-3ca2e397fbb9, notificationType :1)
09-29 00:11:11.510  7613  7664 I WM-Processor: Moving WorkSpec (8e399662-9d01-476c-b6ad-3ca2e397fbb9) to the foreground
09-29 00:11:11.512  7613  7613 D WM-SystemFgDispatcher: Notifying with (id:6101, workSpecId: 8e399662-9d01-476c-b6ad-3ca2e397fbb9, notificationType :1)
09-29 00:11:11.512  7613  7664 D WM-WorkProgressUpdater: Updating progress for 8e399662-9d01-476c-b6ad-3ca2e397fbb9 (Data {pct : 89, mode : file})
09-29 00:11:11.514  7613  7664 I WM-Processor: Moving WorkSpec (8e399662-9d01-476c-b6ad-3ca2e397fbb9) to the foreground
09-29 00:11:11.515  7613  7613 D WM-SystemFgDispatcher: Notifying with (id:6101, workSpecId: 8e399662-9d01-476c-b6ad-3ca2e397fbb9, notificationType :1)
09-29 00:11:11.515  7613  7664 D WM-WorkProgressUpdater: Updating progress for 8e399662-9d01-476c-b6ad-3ca2e397fbb9 (Data {pct : 90, mode : file})
09-29 00:11:11.517  7613  7664 I WM-Processor: Moving WorkSpec (8e399662-9d01-476c-b6ad-3ca2e397fbb9) to the foreground
09-29 00:11:11.519  7613  7613 D WM-SystemFgDispatcher: Notifying with (id:6101, workSpecId: 8e399662-9d01-476c-b6ad-3ca2e397fbb9, notificationType :1)
09-29 00:11:11.519  7613  7664 D WM-WorkProgressUpdater: Updating progress for 77c43d23-cdf2-45c6-b1b4-91d9fe8c57e7 (Data {pct : 26, mode : file})
09-29 00:11:11.521  7613  7664 I WM-Processor: Moving WorkSpec (77c43d23-cdf2-45c6-b1b4-91d9fe8c57e7) to the foreground
09-29 00:11:11.523  7613  7613 D WM-SystemFgDispatcher: Notifying with (id:10160, workSpecId: 77c43d23-cdf2-45c6-b1b4-91d9fe8c57e7, notificationType :1)
09-29 00:11:11.523  7613  7664 D WM-WorkProgressUpdater: Updating progress for 77c43d23-cdf2-45c6-b1b4-91d9fe8c57e7 (Data {pct : 43, mode : file})
09-29 00:11:11.527  7613  7664 I WM-Processor: Moving WorkSpec (77c43d23-cdf2-45c6-b1b4-91d9fe8c57e7) to the foreground
09-29 00:11:11.528  7613  7613 D WM-SystemFgDispatcher: Notifying with (id:10160, workSpecId: 77c43d23-cdf2-45c6-b1b4-91d9fe8c57e7, notificationType :1)
09-29 00:11:11.528  7613  7664 D WM-WorkProgressUpdater: Updating progress for 77c43d23-cdf2-45c6-b1b4-91d9fe8c57e7 (Data {pct : 60, mode : file})
09-29 00:11:11.530  7613  7664 I WM-Processor: Moving WorkSpec (77c43d23-cdf2-45c6-b1b4-91d9fe8c57e7) to the foreground
09-29 00:11:11.531  7613  7664 D WM-WorkProgressUpdater: Updating progress for 77c43d23-cdf2-45c6-b1b4-91d9fe8c57e7 (Data {pct : 77, mode : file})
09-29 00:11:11.531  7613  7613 D WM-SystemFgDispatcher: Notifying with (id:10160, workSpecId: 77c43d23-cdf2-45c6-b1b4-91d9fe8c57e7, notificationType :1)
09-29 00:11:11.532  7613  7664 I WM-Processor: Moving WorkSpec (77c43d23-cdf2-45c6-b1b4-91d9fe8c57e7) to the foreground
09-29 00:11:11.534  7613  7613 D WM-SystemFgDispatcher: Notifying with (id:10160, workSpecId: 77c43d23-cdf2-45c6-b1b4-91d9fe8c57e7, notificationType :1)
09-29 00:11:11.535  7613  7664 D WM-WorkProgressUpdater: Updating progress for 77c43d23-cdf2-45c6-b1b4-91d9fe8c57e7 (Data {pct : 90, mode : file})
09-29 00:11:11.536  7613  7664 I WM-Processor: Moving WorkSpec (77c43d23-cdf2-45c6-b1b4-91d9fe8c57e7) to the foreground
09-29 00:11:11.537  7613  7613 D WM-SystemFgDispatcher: Notifying with (id:10160, workSpecId: 77c43d23-cdf2-45c6-b1b4-91d9fe8c57e7, notificationType :1)
09-29 00:11:11.537  7613  7664 D WM-WorkProgressUpdater: Updating progress for 9483589e-cfcb-4744-96df-d67bb1af297e (Data {pct : 10, mode : file})
09-29 00:11:11.539  7613  7664 I WM-Processor: Moving WorkSpec (9483589e-cfcb-4744-96df-d67bb1af297e) to the foreground
09-29 00:11:11.540  7613  7613 D WM-SystemFgDispatcher: Notifying with (id:6569, workSpecId: 9483589e-cfcb-4744-96df-d67bb1af297e, notificationType :1)
09-29 00:11:11.540  7613  7664 D WM-WorkProgressUpdater: Updating progress for 9483589e-cfcb-4744-96df-d67bb1af297e (Data {pct : 11, mode : file})
09-29 00:11:11.542  7613  7664 I WM-Processor: Moving WorkSpec (9483589e-cfcb-4744-96df-d67bb1af297e) to the foreground
09-29 00:11:11.543  7613  7613 D WM-SystemFgDispatcher: Notifying with (id:6569, workSpecId: 9483589e-cfcb-4744-96df-d67bb1af297e, notificationType :1)
09-29 00:11:11.543  7613  7664 D WM-WorkProgressUpdater: Updating progress for 9483589e-cfcb-4744-96df-d67bb1af297e (Data {pct : 13, mode : file})
09-29 00:11:11.545  7613  7664 I WM-Processor: Moving WorkSpec (9483589e-cfcb-4744-96df-d67bb1af297e) to the foreground
09-29 00:11:11.546  7613  7613 D WM-SystemFgDispatcher: Notifying with (id:6569, workSpecId: 9483589e-cfcb-4744-96df-d67bb1af297e, notificationType :1)
09-29 00:11:11.546  7613  7664 D WM-WorkProgressUpdater: Updating progress for 9483589e-cfcb-4744-96df-d67bb1af297e (Data {pct : 15, mode : file})
09-29 00:11:11.547  7613  7664 I WM-Processor: Moving WorkSpec (9483589e-cfcb-4744-96df-d67bb1af297e) to the foreground
09-29 00:11:11.548  7613  7613 D WM-SystemFgDispatcher: Notifying with (id:6569, workSpecId: 9483589e-cfcb-4744-96df-d67bb1af297e, notificationType :1)
09-29 00:11:11.549  7613  7664 D WM-WorkProgressUpdater: Updating progress for 9483589e-cfcb-4744-96df-d67bb1af297e (Data {pct : 17, mode : file})
09-29 00:11:11.552  7613  7664 I WM-Processor: Moving WorkSpec (9483589e-cfcb-4744-96df-d67bb1af297e) to the foreground
09-29 00:11:11.553  7613  7613 D WM-SystemFgDispatcher: Notifying with (id:6569, workSpecId: 9483589e-cfcb-4744-96df-d67bb1af297e, notificationType :1)
09-29 00:11:11.553  7613  7664 D WM-WorkProgressUpdater: Updating progress for 9483589e-cfcb-4744-96df-d67bb1af297e (Data {pct : 19, mode : file})
09-29 00:11:11.554  7613  7664 I WM-Processor: Moving WorkSpec (9483589e-cfcb-4744-96df-d67bb1af297e) to the foreground
09-29 00:11:11.555  7613  7664 D WM-WorkProgressUpdater: Updating progress for 9483589e-cfcb-4744-96df-d67bb1af297e (Data {pct : 21, mode : file})
09-29 00:11:11.555  7613  7613 D WM-SystemFgDispatcher: Notifying with (id:6569, workSpecId: 9483589e-cfcb-4744-96df-d67bb1af297e, notificationType :1)
09-29 00:11:11.556  7613  7664 I WM-Processor: Moving WorkSpec (9483589e-cfcb-4744-96df-d67bb1af297e) to the foreground
09-29 00:11:11.558  7613  7664 D WM-WorkProgressUpdater: Updating progress for 9483589e-cfcb-4744-96df-d67bb1af297e (Data {pct : 23, mode : file})
09-29 00:11:11.558  7613  7613 D WM-SystemFgDispatcher: Notifying with (id:6569, workSpecId: 9483589e-cfcb-4744-96df-d67bb1af297e, notificationType :1)
09-29 00:11:11.559  7613  7664 I WM-Processor: Moving WorkSpec (9483589e-cfcb-4744-96df-d67bb1af297e) to the foreground
09-29 00:11:11.560  7613  7664 D WM-WorkProgressUpdater: Updating progress for 9483589e-cfcb-4744-96df-d67bb1af297e (Data {pct : 24, mode : file})
09-29 00:11:11.560  7613  7613 D WM-SystemFgDispatcher: Notifying with (id:6569, workSpecId: 9483589e-cfcb-4744-96df-d67bb1af297e, notificationType :1)
09-29 00:11:11.561  7613  7664 I WM-Processor: Moving WorkSpec (9483589e-cfcb-4744-96df-d67bb1af297e) to the foreground
09-29 00:11:11.562  7613  7613 D WM-SystemFgDispatcher: Notifying with (id:6569, workSpecId: 9483589e-cfcb-4744-96df-d67bb1af297e, notificationType :1)
09-29 00:11:11.562  7613  7664 D WM-WorkProgressUpdater: Updating progress for 9483589e-cfcb-4744-96df-d67bb1af297e (Data {pct : 26, mode : file})
09-29 00:11:11.563  7613  7664 I WM-Processor: Moving WorkSpec (9483589e-cfcb-4744-96df-d67bb1af297e) to the foreground
09-29 00:11:11.565  7613  7664 D WM-WorkProgressUpdater: Updating progress for 9483589e-cfcb-4744-96df-d67bb1af297e (Data {pct : 28, mode : file})
09-29 00:11:11.565  7613  7613 D WM-SystemFgDispatcher: Notifying with (id:6569, workSpecId: 9483589e-cfcb-4744-96df-d67bb1af297e, notificationType :1)
09-29 00:11:11.566  7613  7664 I WM-Processor: Moving WorkSpec (9483589e-cfcb-4744-96df-d67bb1af297e) to the foreground
09-29 00:11:11.567  7613  7613 D WM-SystemFgDispatcher: Notifying with (id:6569, workSpecId: 9483589e-cfcb-4744-96df-d67bb1af297e, notificationType :1)
09-29 00:11:11.567  7613  7664 D WM-WorkProgressUpdater: Updating progress for 9483589e-cfcb-4744-96df-d67bb1af297e (Data {pct : 30, mode : file})
09-29 00:11:11.568  7613  7664 I WM-Processor: Moving WorkSpec (9483589e-cfcb-4744-96df-d67bb1af297e) to the foreground
09-29 00:11:11.569  7613  7664 D WM-WorkProgressUpdater: Updating progress for 9483589e-cfcb-4744-96df-d67bb1af297e (Data {pct : 32, mode : file})
09-29 00:11:11.569  7613  7613 D WM-SystemFgDispatcher: Notifying with (id:6569, workSpecId: 9483589e-cfcb-4744-96df-d67bb1af297e, notificationType :1)
09-29 00:11:11.571  7613  7664 I WM-Processor: Moving WorkSpec (9483589e-cfcb-4744-96df-d67bb1af297e) to the foreground
09-29 00:11:11.573  7613  7613 D WM-SystemFgDispatcher: Notifying with (id:6569, workSpecId: 9483589e-cfcb-4744-96df-d67bb1af297e, notificationType :1)
09-29 00:11:11.573  7613  7664 D WM-WorkProgressUpdater: Updating progress for 9483589e-cfcb-4744-96df-d67bb1af297e (Data {pct : 34, mode : file})
09-29 00:11:11.574  7613  7664 I WM-Processor: Moving WorkSpec (9483589e-cfcb-4744-96df-d67bb1af297e) to the foreground
09-29 00:11:11.575  7613  7613 D WM-SystemFgDispatcher: Notifying with (id:6569, workSpecId: 9483589e-cfcb-4744-96df-d67bb1af297e, notificationType :1)
09-29 00:11:11.575  7613  7664 D WM-WorkProgressUpdater: Updating progress for 9483589e-cfcb-4744-96df-d67bb1af297e (Data {pct : 36, mode : file})
09-29 00:11:11.577  7613  7664 I WM-Processor: Moving WorkSpec (9483589e-cfcb-4744-96df-d67bb1af297e) to the foreground
09-29 00:11:11.578  7613  7664 D WM-WorkProgressUpdater: Updating progress for 9483589e-cfcb-4744-96df-d67bb1af297e (Data {pct : 37, mode : file})
09-29 00:11:11.578  7613  7613 D WM-SystemFgDispatcher: Notifying with (id:6569, workSpecId: 9483589e-cfcb-4744-96df-d67bb1af297e, notificationType :1)
09-29 00:11:11.579  7613  7664 I WM-Processor: Moving WorkSpec (9483589e-cfcb-4744-96df-d67bb1af297e) to the foreground
09-29 00:11:11.580  7613  7664 D WM-WorkProgressUpdater: Updating progress for 9483589e-cfcb-4744-96df-d67bb1af297e (Data {pct : 39, mode : file})
09-29 00:11:11.580  7613  7613 D WM-SystemFgDispatcher: Notifying with (id:6569, workSpecId: 9483589e-cfcb-4744-96df-d67bb1af297e, notificationType :1)
09-29 00:11:11.581  7613  7664 I WM-Processor: Moving WorkSpec (9483589e-cfcb-4744-96df-d67bb1af297e) to the foreground
09-29 00:11:11.583  7613  7664 D WM-WorkProgressUpdater: Updating progress for 9483589e-cfcb-4744-96df-d67bb1af297e (Data {pct : 41, mode : file})
09-29 00:11:11.583  7613  7613 D WM-SystemFgDispatcher: Notifying with (id:6569, workSpecId: 9483589e-cfcb-4744-96df-d67bb1af297e, notificationType :1)
09-29 00:11:11.585  7613  7664 I WM-Processor: Moving WorkSpec (9483589e-cfcb-4744-96df-d67bb1af297e) to the foreground
09-29 00:11:11.586  7613  7613 D WM-SystemFgDispatcher: Notifying with (id:6569, workSpecId: 9483589e-cfcb-4744-96df-d67bb1af297e, notificationType :1)
09-29 00:11:11.586  7613  7664 D WM-WorkProgressUpdater: Updating progress for 9483589e-cfcb-4744-96df-d67bb1af297e (Data {pct : 43, mode : file})
09-29 00:11:11.587  7613  7664 I WM-Processor: Moving WorkSpec (9483589e-cfcb-4744-96df-d67bb1af297e) to the foreground
09-29 00:11:11.588  7613  7664 D WM-WorkProgressUpdater: Updating progress for 9483589e-cfcb-4744-96df-d67bb1af297e (Data {pct : 45, mode : file})
09-29 00:11:11.588  7613  7613 D WM-SystemFgDispatcher: Notifying with (id:6569, workSpecId: 9483589e-cfcb-4744-96df-d67bb1af297e, notificationType :1)
09-29 00:11:11.590  7613  7664 I WM-Processor: Moving WorkSpec (9483589e-cfcb-4744-96df-d67bb1af297e) to the foreground
09-29 00:11:11.590  7613  7664 D WM-WorkProgressUpdater: Updating progress for 9483589e-cfcb-4744-96df-d67bb1af297e (Data {pct : 47, mode : file})
09-29 00:11:11.590  7613  7613 D WM-SystemFgDispatcher: Notifying with (id:6569, workSpecId: 9483589e-cfcb-4744-96df-d67bb1af297e, notificationType :1)
09-29 00:11:11.592  7613  7664 I WM-Processor: Moving WorkSpec (9483589e-cfcb-4744-96df-d67bb1af297e) to the foreground
09-29 00:11:11.593  7613  7664 D WM-WorkProgressUpdater: Updating progress for 9483589e-cfcb-4744-96df-d67bb1af297e (Data {pct : 49, mode : file})
09-29 00:11:11.593  7613  7613 D WM-SystemFgDispatcher: Notifying with (id:6569, workSpecId: 9483589e-cfcb-4744-96df-d67bb1af297e, notificationType :1)
09-29 00:11:11.594  7613  7664 I WM-Processor: Moving WorkSpec (9483589e-cfcb-4744-96df-d67bb1af297e) to the foreground
09-29 00:11:11.595  7613  7613 D WM-SystemFgDispatcher: Notifying with (id:6569, workSpecId: 9483589e-cfcb-4744-96df-d67bb1af297e, notificationType :1)
09-29 00:11:11.595  7613  7664 D WM-WorkProgressUpdater: Updating progress for 9483589e-cfcb-4744-96df-d67bb1af297e (Data {pct : 50, mode : file})
09-29 00:11:11.597  7613  7664 I WM-Processor: Moving WorkSpec (9483589e-cfcb-4744-96df-d67bb1af297e) to the foreground
09-29 00:11:11.598  7613  7734 D GitHubUploader: uploadStream: done url=https://github.com/ishizuki-tech/SurveyExports/blob/main/diagnostics/crash/2026-09-29/prevlog_20260929_033838_pid18262.log sha=a12d029ad49f88bc1c7573953ef6551fe0e31996
09-29 00:11:11.598  7613  7664 D WM-WorkProgressUpdater: Updating progress for 9483589e-cfcb-4744-96df-d67bb1af297e (Data {pct : 52, mode : file})
09-29 00:11:11.598  7613  7613 D WM-SystemFgDispatcher: Notifying with (id:6569, workSpecId: 9483589e-cfcb-4744-96df-d67bb1af297e, notificationType :1)
09-29 00:11:11.600  7613  7664 I WM-Processor: Moving WorkSpec (9483589e-cfcb-4744-96df-d67bb1af297e) to the foreground
09-29 00:11:11.601  7613  7664 D WM-WorkProgressUpdater: Updating progress for 9483589e-cfcb-4744-96df-d67bb1af297e (Data {pct : 54, mode : file})
09-29 00:11:11.601  7613  7613 D WM-SystemFgDispatcher: Notifying with (id:6569, workSpecId: 9483589e-cfcb-4744-96df-d67bb1af297e, notificationType :1)
09-29 00:11:11.602  7613  7664 I WM-Processor: Moving WorkSpec (9483589e-cfcb-4744-96df-d67bb1af297e) to the foreground
09-29 00:11:11.603  7613  7613 D WM-SystemFgDispatcher: Notifying with (id:6569, workSpecId: 9483589e-cfcb-4744-96df-d67bb1af297e, notificationType :1)
09-29 00:11:11.604  7613  7664 D WM-WorkProgressUpdater: Updating progress for 9483589e-cfcb-4744-96df-d67bb1af297e (Data {pct : 56, mode : file})
09-29 00:11:11.605  7613  7664 I WM-Processor: Moving WorkSpec (9483589e-cfcb-4744-96df-d67bb1af297e) to the foreground
09-29 00:11:11.606  7613  7664 D WM-WorkProgressUpdater: Updating progress for 9483589e-cfcb-4744-96df-d67bb1af297e (Data {pct : 58, mode : file})
09-29 00:11:11.606  7613  7613 D WM-SystemFgDispatcher: Notifying with (id:6569, workSpecId: 9483589e-cfcb-4744-96df-d67bb1af297e, notificationType :1)
09-29 00:11:11.607  7613  7664 I WM-Processor: Moving WorkSpec (9483589e-cfcb-4744-96df-d67bb1af297e) to the foreground
09-29 00:11:11.609  7613  7613 D WM-SystemFgDispatcher: Notifying with (id:6569, workSpecId: 9483589e-cfcb-4744-96df-d67bb1af297e, notificationType :1)
09-29 00:11:11.609  7613  7664 D WM-WorkProgressUpdater: Updating progress for 9483589e-cfcb-4744-96df-d67bb1af297e (Data {pct : 60, mode : file})
09-29 00:11:11.610  7613  7664 I WM-Processor: Moving WorkSpec (9483589e-cfcb-4744-96df-d67bb1af297e) to the foreground
09-29 00:11:11.611  7613  7664 D WM-WorkProgressUpdater: Updating progress for 9483589e-cfcb-4744-96df-d67bb1af297e (Data {pct : 62, mode : file})
09-29 00:11:11.611  7613  7613 D WM-SystemFgDispatcher: Notifying with (id:6569, workSpecId: 9483589e-cfcb-4744-96df-d67bb1af297e, notificationType :1)
09-29 00:11:11.612  7613  7664 I WM-Processor: Moving WorkSpec (9483589e-cfcb-4744-96df-d67bb1af297e) to the foreground
09-29 00:11:11.614  7613  7613 D WM-SystemFgDispatcher: Notifying with (id:6569, workSpecId: 9483589e-cfcb-4744-96df-d67bb1af297e, notificationType :1)
09-29 00:11:11.614  7613  7664 D WM-WorkProgressUpdater: Updating progress for 9483589e-cfcb-4744-96df-d67bb1af297e (Data {pct : 64, mode : file})
09-29 00:11:11.616  7613  7664 I WM-Processor: Moving WorkSpec (9483589e-cfcb-4744-96df-d67bb1af297e) to the foreground
09-29 00:11:11.617  7613  7664 D WM-WorkProgressUpdater: Updating progress for 9483589e-cfcb-4744-96df-d67bb1af297e (Data {pct : 65, mode : file})
09-29 00:11:11.617  7613  7613 D WM-SystemFgDispatcher: Notifying with (id:6569, workSpecId: 9483589e-cfcb-4744-96df-d67bb1af297e, notificationType :1)
09-29 00:11:11.618  7613  7664 I WM-Processor: Moving WorkSpec (9483589e-cfcb-4744-96df-d67bb1af297e) to the foreground
09-29 00:11:11.619  7613  7664 D WM-WorkProgressUpdater: Updating progress for 9483589e-cfcb-4744-96df-d67bb1af297e (Data {pct : 67, mode : file})
09-29 00:11:11.619  7613  7613 D WM-SystemFgDispatcher: Notifying with (id:6569, workSpecId: 9483589e-cfcb-4744-96df-d67bb1af297e, notificationType :1)
09-29 00:11:11.621  7613  7664 I WM-Processor: Moving WorkSpec (9483589e-cfcb-4744-96df-d67bb1af297e) to the foreground
09-29 00:11:11.622  7613  7664 D WM-WorkProgressUpdater: Updating progress for 9483589e-cfcb-4744-96df-d67bb1af297e (Data {pct : 69, mode : file})
09-29 00:11:11.622  7613  7613 D WM-SystemFgDispatcher: Notifying with (id:6569, workSpecId: 9483589e-cfcb-4744-96df-d67bb1af297e, notificationType :1)
09-29 00:11:11.624  7613  7664 I WM-Processor: Moving WorkSpec (9483589e-cfcb-4744-96df-d67bb1af297e) to the foreground
09-29 00:11:11.625  7613  7613 D WM-SystemFgDispatcher: Notifying with (id:6569, workSpecId: 9483589e-cfcb-4744-96df-d67bb1af297e, notificationType :1)
09-29 00:11:11.625  7613  7664 D WM-WorkProgressUpdater: Updating progress for 9483589e-cfcb-4744-96df-d67bb1af297e (Data {pct : 71, mode : file})
09-29 00:11:11.627  7613  7664 I WM-Processor: Moving WorkSpec (9483589e-cfcb-4744-96df-d67bb1af297e) to the foreground
09-29 00:11:11.628  7613  7664 D WM-WorkProgressUpdater: Updating progress for 9483589e-cfcb-4744-96df-d67bb1af297e (Data {pct : 73, mode : file})
09-29 00:11:11.628  7613  7613 D WM-SystemFgDispatcher: Notifying with (id:6569, workSpecId: 9483589e-cfcb-4744-96df-d67bb1af297e, notificationType :1)
09-29 00:11:11.629  7613  7664 I WM-Processor: Moving WorkSpec (9483589e-cfcb-4744-96df-d67bb1af297e) to the foreground
09-29 00:11:11.630  7613  7613 D WM-SystemFgDispatcher: Notifying with (id:6569, workSpecId: 9483589e-cfcb-4744-96df-d67bb1af297e, notificationType :1)
09-29 00:11:11.630  7613  7664 D WM-WorkProgressUpdater: Updating progress for 9483589e-cfcb-4744-96df-d67bb1af297e (Data {pct : 75, mode : file})
09-29 00:11:11.632  7613  7664 I WM-Processor: Moving WorkSpec (9483589e-cfcb-4744-96df-d67bb1af297e) to the foreground
09-29 00:11:11.632  7613  7664 D WM-WorkProgressUpdater: Updating progress for 9483589e-cfcb-4744-96df-d67bb1af297e (Data {pct : 77, mode : file})
09-29 00:11:11.633  7613  7613 D WM-SystemFgDispatcher: Notifying with (id:6569, workSpecId: 9483589e-cfcb-4744-96df-d67bb1af297e, notificationType :1)
09-29 00:11:11.634  7613  7664 I WM-Processor: Moving WorkSpec (9483589e-cfcb-4744-96df-d67bb1af297e) to the foreground
09-29 00:11:11.636  7613  7613 D WM-SystemFgDispatcher: Notifying with (id:6569, workSpecId: 9483589e-cfcb-4744-96df-d67bb1af297e, notificationType :1)
09-29 00:11:11.636  7613  7664 D WM-WorkProgressUpdater: Updating progress for 9483589e-cfcb-4744-96df-d67bb1af297e (Data {pct : 78, mode : file})
09-29 00:11:11.637  7613  7664 I WM-Processor: Moving WorkSpec (9483589e-cfcb-4744-96df-d67bb1af297e) to the foreground
09-29 00:11:11.638  7613  7664 D WM-WorkProgressUpdater: Updating progress for 9483589e-cfcb-4744-96df-d67bb1af297e (Data {pct : 80, mode : file})
09-29 00:11:11.638  7613  7613 D WM-SystemFgDispatcher: Notifying with (id:6569, workSpecId: 9483589e-cfcb-4744-96df-d67bb1af297e, notificationType :1)
09-29 00:11:11.639  7613  7664 I WM-Processor: Moving WorkSpec (9483589e-cfcb-4744-96df-d67bb1af297e) to the foreground
09-29 00:11:11.641  7613  7664 D WM-WorkProgressUpdater: Updating progress for 9483589e-cfcb-4744-96df-d67bb1af297e (Data {pct : 82, mode : file})
09-29 00:11:11.641  7613  7613 D WM-SystemFgDispatcher: Notifying with (id:6569, workSpecId: 9483589e-cfcb-4744-96df-d67bb1af297e, notificationType :1)
09-29 00:11:11.642  7613  7664 I WM-Processor: Moving WorkSpec (9483589e-cfcb-4744-96df-d67bb1af297e) to the foreground
09-29 00:11:11.643  7613  7664 D WM-WorkProgressUpdater: Updating progress for 9483589e-cfcb-4744-96df-d67bb1af297e (Data {pct : 84, mode : file})
09-29 00:11:11.643  7613  7613 D WM-SystemFgDispatcher: Notifying with (id:6569, workSpecId: 9483589e-cfcb-4744-96df-d67bb1af297e, notificationType :1)
09-29 00:11:11.644  7613  7664 I WM-Processor: Moving WorkSpec (9483589e-cfcb-4744-96df-d67bb1af297e) to the foreground
09-29 00:11:11.645  7613  7664 D WM-WorkProgressUpdater: Updating progress for 9483589e-cfcb-4744-96df-d67bb1af297e (Data {pct : 86, mode : file})
09-29 00:11:11.645  7613  7613 D WM-SystemFgDispatcher: Notifying with (id:6569, workSpecId: 9483589e-cfcb-4744-96df-d67bb1af297e, notificationType :1)
09-29 00:11:11.647  7613  7664 I WM-Processor: Moving WorkSpec (9483589e-cfcb-4744-96df-d67bb1af297e) to the foreground
09-29 00:11:11.648  7613  7613 D WM-SystemFgDispatcher: Notifying with (id:6569, workSpecId: 9483589e-cfcb-4744-96df-d67bb1af297e, notificationType :1)
09-29 00:11:11.648  7613  7664 D WM-WorkProgressUpdater: Updating progress for 9483589e-cfcb-4744-96df-d67bb1af297e (Data {pct : 88, mode : file})
09-29 00:11:11.652  7613  7664 I WM-Processor: Moving WorkSpec (9483589e-cfcb-4744-96df-d67bb1af297e) to the foreground
09-29 00:11:11.654  7613  7613 D WM-SystemFgDispatcher: Notifying with (id:6569, workSpecId: 9483589e-cfcb-4744-96df-d67bb1af297e, notificationType :1)
09-29 00:11:11.654  7613  7664 D WM-WorkProgressUpdater: Updating progress for 9483589e-cfcb-4744-96df-d67bb1af297e (Data {pct : 90, mode : file})
09-29 00:11:11.655  7613  7664 I WM-Processor: Moving WorkSpec (9483589e-cfcb-4744-96df-d67bb1af297e) to the foreground
09-29 00:11:11.657  7613  7613 D WM-SystemFgDispatcher: Notifying with (id:6569, workSpecId: 9483589e-cfcb-4744-96df-d67bb1af297e, notificationType :1)
09-29 00:11:11.664  7613  7664 D WM-WorkProgressUpdater: Updating progress for c131dc6b-42ab-44bf-a392-17d7b3d3a6fc (Data {pct : 10, mode : file})
09-29 00:11:11.665  7613  7664 I WM-Processor: Moving WorkSpec (c131dc6b-42ab-44bf-a392-17d7b3d3a6fc) to the foreground
09-29 00:11:11.666  7613  7664 D WM-WorkProgressUpdater: Updating progress for c131dc6b-42ab-44bf-a392-17d7b3d3a6fc (Data {pct : 11, mode : file})
09-29 00:11:11.666  7613  7613 D WM-SystemFgDispatcher: Notifying with (id:9368, workSpecId: c131dc6b-42ab-44bf-a392-17d7b3d3a6fc, notificationType :1)
09-29 00:11:11.666  7613  7613 I NotificationManager: com.negi.survey: notify(9368, null, Notification(channel=uploads shortcut=null contentView=null vibrate=null sound=null defaults=0 flags=ONGOING_EVENT|ONLY_ALERT_ONCE color=0x00000000 category=progress vis=PRIVATE semFlags=0x0 semPriority=0 semMissedCount=0 semScenarioType=0)) as user
09-29 00:11:11.667  7613  7664 I WM-Processor: Moving WorkSpec (c131dc6b-42ab-44bf-a392-17d7b3d3a6fc) to the foreground
09-29 00:11:11.669  7613  7664 D WM-WorkProgressUpdater: Updating progress for c131dc6b-42ab-44bf-a392-17d7b3d3a6fc (Data {pct : 12, mode : file})
09-29 00:11:11.670  7613  7613 D WM-SystemFgDispatcher: Notifying with (id:9368, workSpecId: c131dc6b-42ab-44bf-a392-17d7b3d3a6fc, notificationType :1)
09-29 00:11:11.677  7613  7664 I WM-Processor: Moving WorkSpec (c131dc6b-42ab-44bf-a392-17d7b3d3a6fc) to the foreground
09-29 00:11:11.678  7613  7664 D WM-WorkProgressUpdater: Updating progress for c131dc6b-42ab-44bf-a392-17d7b3d3a6fc (Data {pct : 13, mode : file})
09-29 00:11:11.678  7613  7613 D WM-SystemFgDispatcher: Notifying with (id:9368, workSpecId: c131dc6b-42ab-44bf-a392-17d7b3d3a6fc, notificationType :1)
09-29 00:11:11.680  7613  7664 I WM-Processor: Moving WorkSpec (c131dc6b-42ab-44bf-a392-17d7b3d3a6fc) to the foreground
09-29 00:11:11.681  7613  7664 D WM-WorkProgressUpdater: Updating progress for c131dc6b-42ab-44bf-a392-17d7b3d3a6fc (Data {pct : 14, mode : file})
09-29 00:11:11.681  7613  7613 D WM-SystemFgDispatcher: Notifying with (id:9368, workSpecId: c131dc6b-42ab-44bf-a392-17d7b3d3a6fc, notificationType :1)
09-29 00:11:11.682  7613  7664 I WM-Processor: Moving WorkSpec (c131dc6b-42ab-44bf-a392-17d7b3d3a6fc) to the foreground
09-29 00:11:11.685  7613  7613 D WM-SystemFgDispatcher: Notifying with (id:9368, workSpecId: c131dc6b-42ab-44bf-a392-17d7b3d3a6fc, notificationType :1)
09-29 00:11:11.686  7613  7664 D WM-WorkProgressUpdater: Updating progress for c131dc6b-42ab-44bf-a392-17d7b3d3a6fc (Data {pct : 15, mode : file})
09-29 00:11:11.687  7613  7664 I WM-Processor: Moving WorkSpec (c131dc6b-42ab-44bf-a392-17d7b3d3a6fc) to the foreground
09-29 00:11:11.688  7613  7613 D WM-SystemFgDispatcher: Notifying with (id:9368, workSpecId: c131dc6b-42ab-44bf-a392-17d7b3d3a6fc, notificationType :1)
09-29 00:11:11.688  7613  7664 D WM-WorkProgressUpdater: Updating progress for c131dc6b-42ab-44bf-a392-17d7b3d3a6fc (Data {pct : 17, mode : file})
09-29 00:11:11.690  7613  7664 I WM-Processor: Moving WorkSpec (c131dc6b-42ab-44bf-a392-17d7b3d3a6fc) to the foreground
09-29 00:11:11.691  7613  7613 D WM-SystemFgDispatcher: Notifying with (id:9368, workSpecId: c131dc6b-42ab-44bf-a392-17d7b3d3a6fc, notificationType :1)
09-29 00:11:11.691  7613  7664 D WM-WorkProgressUpdater: Updating progress for c131dc6b-42ab-44bf-a392-17d7b3d3a6fc (Data {pct : 18, mode : file})
09-29 00:11:11.692  7613  7664 I WM-Processor: Moving WorkSpec (c131dc6b-42ab-44bf-a392-17d7b3d3a6fc) to the foreground
09-29 00:11:11.694  7613  7613 D WM-SystemFgDispatcher: Notifying with (id:9368, workSpecId: c131dc6b-42ab-44bf-a392-17d7b3d3a6fc, notificationType :1)
09-29 00:11:11.694  7613  7664 D WM-WorkProgressUpdater: Updating progress for c131dc6b-42ab-44bf-a392-17d7b3d3a6fc (Data {pct : 19, mode : file})
09-29 00:11:11.696  7613  7664 I WM-Processor: Moving WorkSpec (c131dc6b-42ab-44bf-a392-17d7b3d3a6fc) to the foreground
09-29 00:11:11.697  7613  7664 D WM-WorkProgressUpdater: Updating progress for c131dc6b-42ab-44bf-a392-17d7b3d3a6fc (Data {pct : 20, mode : file})
09-29 00:11:11.697  7613  7613 D WM-SystemFgDispatcher: Notifying with (id:9368, workSpecId: c131dc6b-42ab-44bf-a392-17d7b3d3a6fc, notificationType :1)
09-29 00:11:11.698  7613  7664 I WM-Processor: Moving WorkSpec (c131dc6b-42ab-44bf-a392-17d7b3d3a6fc) to the foreground
09-29 00:11:11.699  7613  7664 D WM-WorkProgressUpdater: Updating progress for c131dc6b-42ab-44bf-a392-17d7b3d3a6fc (Data {pct : 21, mode : file})
09-29 00:11:11.699  7613  7613 D WM-SystemFgDispatcher: Notifying with (id:9368, workSpecId: c131dc6b-42ab-44bf-a392-17d7b3d3a6fc, notificationType :1)
09-29 00:11:11.700  7613  7664 I WM-Processor: Moving WorkSpec (c131dc6b-42ab-44bf-a392-17d7b3d3a6fc) to the foreground
09-29 00:11:11.701  7613  7613 D WM-SystemFgDispatcher: Notifying with (id:9368, workSpecId: c131dc6b-42ab-44bf-a392-17d7b3d3a6fc, notificationType :1)
09-29 00:11:11.701  7613  7664 D WM-WorkProgressUpdater: Updating progress for c131dc6b-42ab-44bf-a392-17d7b3d3a6fc (Data {pct : 23, mode : file})
09-29 00:11:11.703  7613  7664 I WM-Processor: Moving WorkSpec (c131dc6b-42ab-44bf-a392-17d7b3d3a6fc) to the foreground
09-29 00:11:11.704  7613  7664 D WM-WorkProgressUpdater: Updating progress for c131dc6b-42ab-44bf-a392-17d7b3d3a6fc (Data {pct : 24, mode : file})
09-29 00:11:11.704  7613  7613 D WM-SystemFgDispatcher: Notifying with (id:9368, workSpecId: c131dc6b-42ab-44bf-a392-17d7b3d3a6fc, notificationType :1)
09-29 00:11:11.706  7613  7664 I WM-Processor: Moving WorkSpec (c131dc6b-42ab-44bf-a392-17d7b3d3a6fc) to the foreground
09-29 00:11:11.707  7613  7613 D WM-SystemFgDispatcher: Notifying with (id:9368, workSpecId: c131dc6b-42ab-44bf-a392-17d7b3d3a6fc, notificationType :1)
09-29 00:11:11.708  7613  7664 D WM-WorkProgressUpdater: Updating progress for c131dc6b-42ab-44bf-a392-17d7b3d3a6fc (Data {pct : 25, mode : file})
09-29 00:11:11.709  7613  7664 I WM-Processor: Moving WorkSpec (c131dc6b-42ab-44bf-a392-17d7b3d3a6fc) to the foreground
09-29 00:11:11.711  7613  7613 D WM-SystemFgDispatcher: Notifying with (id:9368, workSpecId: c131dc6b-42ab-44bf-a392-17d7b3d3a6fc, notificationType :1)
09-29 00:11:11.711  7613  7664 D WM-WorkProgressUpdater: Updating progress for c131dc6b-42ab-44bf-a392-17d7b3d3a6fc (Data {pct : 26, mode : file})
09-29 00:11:11.712  7613  7664 I WM-Processor: Moving WorkSpec (c131dc6b-42ab-44bf-a392-17d7b3d3a6fc) to the foreground
09-29 00:11:11.713  7613  7664 D WM-WorkProgressUpdater: Updating progress for c131dc6b-42ab-44bf-a392-17d7b3d3a6fc (Data {pct : 27, mode : file})
09-29 00:11:11.713  7613  7613 D WM-SystemFgDispatcher: Notifying with (id:9368, workSpecId: c131dc6b-42ab-44bf-a392-17d7b3d3a6fc, notificationType :1)
09-29 00:11:11.715  7613  7664 I WM-Processor: Moving WorkSpec (c131dc6b-42ab-44bf-a392-17d7b3d3a6fc) to the foreground
09-29 00:11:11.717  7613  7613 D WM-SystemFgDispatcher: Notifying with (id:9368, workSpecId: c131dc6b-42ab-44bf-a392-17d7b3d3a6fc, notificationType :1)
09-29 00:11:11.718  7613  7664 D WM-WorkProgressUpdater: Updating progress for c131dc6b-42ab-44bf-a392-17d7b3d3a6fc (Data {pct : 29, mode : file})
09-29 00:11:11.719  7613  7664 I WM-Processor: Moving WorkSpec (c131dc6b-42ab-44bf-a392-17d7b3d3a6fc) to the foreground
09-29 00:11:11.720  7613  7613 D WM-SystemFgDispatcher: Notifying with (id:9368, workSpecId: c131dc6b-42ab-44bf-a392-17d7b3d3a6fc, notificationType :1)
09-29 00:11:11.720  7613  7664 D WM-WorkProgressUpdater: Updating progress for c131dc6b-42ab-44bf-a392-17d7b3d3a6fc (Data {pct : 30, mode : file})
09-29 00:11:11.722  7613  7664 I WM-Processor: Moving WorkSpec (c131dc6b-42ab-44bf-a392-17d7b3d3a6fc) to the foreground
09-29 00:11:11.722  7613  7664 D WM-WorkProgressUpdater: Updating progress for c131dc6b-42ab-44bf-a392-17d7b3d3a6fc (Data {pct : 31, mode : file})
09-29 00:11:11.723  7613  7613 D WM-SystemFgDispatcher: Notifying with (id:9368, workSpecId: c131dc6b-42ab-44bf-a392-17d7b3d3a6fc, notificationType :1)
09-29 00:11:11.724  7613  7664 I WM-Processor: Moving WorkSpec (c131dc6b-42ab-44bf-a392-17d7b3d3a6fc) to the foreground
09-29 00:11:11.725  7613  7613 D WM-SystemFgDispatcher: Notifying with (id:9368, workSpecId: c131dc6b-42ab-44bf-a392-17d7b3d3a6fc, notificationType :1)
09-29 00:11:11.725  7613  7664 D WM-WorkProgressUpdater: Updating progress for c131dc6b-42ab-44bf-a392-17d7b3d3a6fc (Data {pct : 32, mode : file})
09-29 00:11:11.727  7613  7664 I WM-Processor: Moving WorkSpec (c131dc6b-42ab-44bf-a392-17d7b3d3a6fc) to the foreground
09-29 00:11:11.728  7613  7664 D WM-WorkProgressUpdater: Updating progress for c131dc6b-42ab-44bf-a392-17d7b3d3a6fc (Data {pct : 33, mode : file})
09-29 00:11:11.728  7613  7613 D WM-SystemFgDispatcher: Notifying with (id:9368, workSpecId: c131dc6b-42ab-44bf-a392-17d7b3d3a6fc, notificationType :1)
09-29 00:11:11.730  7613  7664 I WM-Processor: Moving WorkSpec (c131dc6b-42ab-44bf-a392-17d7b3d3a6fc) to the foreground
09-29 00:11:11.731  7613  7613 D WM-SystemFgDispatcher: Notifying with (id:9368, workSpecId: c131dc6b-42ab-44bf-a392-17d7b3d3a6fc, notificationType :1)
09-29 00:11:11.731  7613  7664 D WM-WorkProgressUpdater: Updating progress for c131dc6b-42ab-44bf-a392-17d7b3d3a6fc (Data {pct : 34, mode : file})
09-29 00:11:11.733  7613  7664 I WM-Processor: Moving WorkSpec (c131dc6b-42ab-44bf-a392-17d7b3d3a6fc) to the foreground
09-29 00:11:11.734  7613  7613 D WM-SystemFgDispatcher: Notifying with (id:9368, workSpecId: c131dc6b-42ab-44bf-a392-17d7b3d3a6fc, notificationType :1)
09-29 00:11:11.734  7613  7664 D WM-WorkProgressUpdater: Updating progress for c131dc6b-42ab-44bf-a392-17d7b3d3a6fc (Data {pct : 36, mode : file})
09-29 00:11:11.736  7613  7664 I WM-Processor: Moving WorkSpec (c131dc6b-42ab-44bf-a392-17d7b3d3a6fc) to the foreground
09-29 00:11:11.742  7613  7664 D WM-WorkProgressUpdater: Updating progress for c131dc6b-42ab-44bf-a392-17d7b3d3a6fc (Data {pct : 37, mode : file})
09-29 00:11:11.742  7613  7613 D WM-SystemFgDispatcher: Notifying with (id:9368, workSpecId: c131dc6b-42ab-44bf-a392-17d7b3d3a6fc, notificationType :1)
09-29 00:11:11.744  7613  7664 I WM-Processor: Moving WorkSpec (c131dc6b-42ab-44bf-a392-17d7b3d3a6fc) to the foreground
09-29 00:11:11.761  7613  7664 D WM-WorkProgressUpdater: Updating progress for c131dc6b-42ab-44bf-a392-17d7b3d3a6fc (Data {pct : 38, mode : file})
09-29 00:11:11.761  7613  7613 D WM-SystemFgDispatcher: Notifying with (id:9368, workSpecId: c131dc6b-42ab-44bf-a392-17d7b3d3a6fc, notificationType :1)
09-29 00:11:11.763  7613  7664 I WM-Processor: Moving WorkSpec (c131dc6b-42ab-44bf-a392-17d7b3d3a6fc) to the foreground
09-29 00:11:11.766  7613  7613 D WM-SystemFgDispatcher: Notifying with (id:9368, workSpecId: c131dc6b-42ab-44bf-a392-17d7b3d3a6fc, notificationType :1)
09-29 00:11:11.766  7613  7664 D WM-WorkProgressUpdater: Updating progress for c131dc6b-42ab-44bf-a392-17d7b3d3a6fc (Data {pct : 39, mode : file})
09-29 00:11:11.767  7613  7664 I WM-Processor: Moving WorkSpec (c131dc6b-42ab-44bf-a392-17d7b3d3a6fc) to the foreground
09-29 00:11:11.770  7613  7613 D WM-SystemFgDispatcher: Notifying with (id:9368, workSpecId: c131dc6b-42ab-44bf-a392-17d7b3d3a6fc, notificationType :1)
09-29 00:11:11.770  7613  7664 D WM-WorkProgressUpdater: Updating progress for c131dc6b-42ab-44bf-a392-17d7b3d3a6fc (Data {pct : 40, mode : file})
09-29 00:11:11.772  7613  7664 I WM-Processor: Moving WorkSpec (c131dc6b-42ab-44bf-a392-17d7b3d3a6fc) to the foreground
09-29 00:11:11.773  7613  7664 D WM-WorkProgressUpdater: Updating progress for c131dc6b-42ab-44bf-a392-17d7b3d3a6fc (Data {pct : 42, mode : file})
09-29 00:11:11.773  7613  7613 D WM-SystemFgDispatcher: Notifying with (id:9368, workSpecId: c131dc6b-42ab-44bf-a392-17d7b3d3a6fc, notificationType :1)
09-29 00:11:11.775  7613  7664 I WM-Processor: Moving WorkSpec (c131dc6b-42ab-44bf-a392-17d7b3d3a6fc) to the foreground
09-29 00:11:11.776  7613  7613 D WM-SystemFgDispatcher: Notifying with (id:9368, workSpecId: c131dc6b-42ab-44bf-a392-17d7b3d3a6fc, notificationType :1)
09-29 00:11:11.776  7613  7664 D WM-WorkProgressUpdater: Updating progress for c131dc6b-42ab-44bf-a392-17d7b3d3a6fc (Data {pct : 43, mode : file})
09-29 00:11:11.778  7613  7664 I WM-Processor: Moving WorkSpec (c131dc6b-42ab-44bf-a392-17d7b3d3a6fc) to the foreground
09-29 00:11:11.779  7613  7664 D WM-WorkProgressUpdater: Updating progress for c131dc6b-42ab-44bf-a392-17d7b3d3a6fc (Data {pct : 44, mode : file})
09-29 00:11:11.779  7613  7613 D WM-SystemFgDispatcher: Notifying with (id:9368, workSpecId: c131dc6b-42ab-44bf-a392-17d7b3d3a6fc, notificationType :1)
09-29 00:11:11.781  7613  7664 I WM-Processor: Moving WorkSpec (c131dc6b-42ab-44bf-a392-17d7b3d3a6fc) to the foreground
09-29 00:11:11.781  7613  7613 D WM-SystemFgDispatcher: Notifying with (id:9368, workSpecId: c131dc6b-42ab-44bf-a392-17d7b3d3a6fc, notificationType :1)
09-29 00:11:11.782  7613  7664 D WM-WorkProgressUpdater: Updating progress for c131dc6b-42ab-44bf-a392-17d7b3d3a6fc (Data {pct : 45, mode : file})
09-29 00:11:11.783  7613  7664 I WM-Processor: Moving WorkSpec (c131dc6b-42ab-44bf-a392-17d7b3d3a6fc) to the foreground
09-29 00:11:11.784  7613  7664 D WM-WorkProgressUpdater: Updating progress for c131dc6b-42ab-44bf-a392-17d7b3d3a6fc (Data {pct : 46, mode : file})
09-29 00:11:11.785  7613  7613 D WM-SystemFgDispatcher: Notifying with (id:9368, workSpecId: c131dc6b-42ab-44bf-a392-17d7b3d3a6fc, notificationType :1)
09-29 00:11:11.787  7613  7664 I WM-Processor: Moving WorkSpec (c131dc6b-42ab-44bf-a392-17d7b3d3a6fc) to the foreground
09-29 00:11:11.788  7613  7664 D WM-WorkProgressUpdater: Updating progress for c131dc6b-42ab-44bf-a392-17d7b3d3a6fc (Data {pct : 48, mode : file})
09-29 00:11:11.788  7613  7613 D WM-SystemFgDispatcher: Notifying with (id:9368, workSpecId: c131dc6b-42ab-44bf-a392-17d7b3d3a6fc, notificationType :1)
09-29 00:11:11.790  7613  7664 I WM-Processor: Moving WorkSpec (c131dc6b-42ab-44bf-a392-17d7b3d3a6fc) to the foreground
09-29 00:11:11.791  7613  7664 D WM-WorkProgressUpdater: Updating progress for c131dc6b-42ab-44bf-a392-17d7b3d3a6fc (Data {pct : 49, mode : file})
09-29 00:11:11.791  7613  7613 D WM-SystemFgDispatcher: Notifying with (id:9368, workSpecId: c131dc6b-42ab-44bf-a392-17d7b3d3a6fc, notificationType :1)
09-29 00:11:11.792  7613  7664 I WM-Processor: Moving WorkSpec (c131dc6b-42ab-44bf-a392-17d7b3d3a6fc) to the foreground
09-29 00:11:11.793  7613  7664 D WM-WorkProgressUpdater: Updating progress for c131dc6b-42ab-44bf-a392-17d7b3d3a6fc (Data {pct : 50, mode : file})
09-29 00:11:11.793  7613  7613 D WM-SystemFgDispatcher: Notifying with (id:9368, workSpecId: c131dc6b-42ab-44bf-a392-17d7b3d3a6fc, notificationType :1)
09-29 00:11:11.794  7613  7664 I WM-Processor: Moving WorkSpec (c131dc6b-42ab-44bf-a392-17d7b3d3a6fc) to the foreground
09-29 00:11:11.795  7613  7664 D WM-WorkProgressUpdater: Updating progress for c131dc6b-42ab-44bf-a392-17d7b3d3a6fc (Data {pct : 51, mode : file})
09-29 00:11:11.795  7613  7613 D WM-SystemFgDispatcher: Notifying with (id:9368, workSpecId: c131dc6b-42ab-44bf-a392-17d7b3d3a6fc, notificationType :1)
09-29 00:11:11.797  7613  7664 I WM-Processor: Moving WorkSpec (c131dc6b-42ab-44bf-a392-17d7b3d3a6fc) to the foreground
09-29 00:11:11.798  7613  7664 D WM-WorkProgressUpdater: Updating progress for c131dc6b-42ab-44bf-a392-17d7b3d3a6fc (Data {pct : 52, mode : file})
09-29 00:11:11.798  7613  7613 D WM-SystemFgDispatcher: Notifying with (id:9368, workSpecId: c131dc6b-42ab-44bf-a392-17d7b3d3a6fc, notificationType :1)
09-29 00:11:11.799  7613  7664 I WM-Processor: Moving WorkSpec (c131dc6b-42ab-44bf-a392-17d7b3d3a6fc) to the foreground
09-29 00:11:11.800  7613  7664 D WM-WorkProgressUpdater: Updating progress for c131dc6b-42ab-44bf-a392-17d7b3d3a6fc (Data {pct : 54, mode : file})
09-29 00:11:11.800  7613  7613 D WM-SystemFgDispatcher: Notifying with (id:9368, workSpecId: c131dc6b-42ab-44bf-a392-17d7b3d3a6fc, notificationType :1)
09-29 00:11:11.801  7613  7664 I WM-Processor: Moving WorkSpec (c131dc6b-42ab-44bf-a392-17d7b3d3a6fc) to the foreground
09-29 00:11:11.802  7613  7664 D WM-WorkProgressUpdater: Updating progress for c131dc6b-42ab-44bf-a392-17d7b3d3a6fc (Data {pct : 55, mode : file})
09-29 00:11:11.802  7613  7613 D WM-SystemFgDispatcher: Notifying with (id:9368, workSpecId: c131dc6b-42ab-44bf-a392-17d7b3d3a6fc, notificationType :1)
09-29 00:11:11.803  7613  7664 I WM-Processor: Moving WorkSpec (c131dc6b-42ab-44bf-a392-17d7b3d3a6fc) to the foreground
09-29 00:11:11.804  7613  7613 D WM-SystemFgDispatcher: Notifying with (id:9368, workSpecId: c131dc6b-42ab-44bf-a392-17d7b3d3a6fc, notificationType :1)
09-29 00:11:11.805  7613  7664 D WM-WorkProgressUpdater: Updating progress for c131dc6b-42ab-44bf-a392-17d7b3d3a6fc (Data {pct : 56, mode : file})
09-29 00:11:11.806  7613  7664 I WM-Processor: Moving WorkSpec (c131dc6b-42ab-44bf-a392-17d7b3d3a6fc) to the foreground
09-29 00:11:11.808  7613  7613 D WM-SystemFgDispatcher: Notifying with (id:9368, workSpecId: c131dc6b-42ab-44bf-a392-17d7b3d3a6fc, notificationType :1)
09-29 00:11:11.808  7613  7664 D WM-WorkProgressUpdater: Updating progress for c131dc6b-42ab-44bf-a392-17d7b3d3a6fc (Data {pct : 57, mode : file})
09-29 00:11:11.809  7613  7664 I WM-Processor: Moving WorkSpec (c131dc6b-42ab-44bf-a392-17d7b3d3a6fc) to the foreground
09-29 00:11:11.811  7613  7613 D WM-SystemFgDispatcher: Notifying with (id:9368, workSpecId: c131dc6b-42ab-44bf-a392-17d7b3d3a6fc, notificationType :1)
09-29 00:11:11.811  7613  7664 D WM-WorkProgressUpdater: Updating progress for c131dc6b-42ab-44bf-a392-17d7b3d3a6fc (Data {pct : 58, mode : file})
09-29 00:11:11.813  7613  7664 I WM-Processor: Moving WorkSpec (c131dc6b-42ab-44bf-a392-17d7b3d3a6fc) to the foreground
09-29 00:11:11.814  7613  7664 D WM-WorkProgressUpdater: Updating progress for c131dc6b-42ab-44bf-a392-17d7b3d3a6fc (Data {pct : 59, mode : file})
09-29 00:11:11.814  7613  7613 D WM-SystemFgDispatcher: Notifying with (id:9368, workSpecId: c131dc6b-42ab-44bf-a392-17d7b3d3a6fc, notificationType :1)
09-29 00:11:11.815  7613  7664 I WM-Processor: Moving WorkSpec (c131dc6b-42ab-44bf-a392-17d7b3d3a6fc) to the foreground
09-29 00:11:11.817  7613  7664 D WM-WorkProgressUpdater: Updating progress for c131dc6b-42ab-44bf-a392-17d7b3d3a6fc (Data {pct : 61, mode : file})
09-29 00:11:11.817  7613  7613 D WM-SystemFgDispatcher: Notifying with (id:9368, workSpecId: c131dc6b-42ab-44bf-a392-17d7b3d3a6fc, notificationType :1)
09-29 00:11:11.818  7613  7664 I WM-Processor: Moving WorkSpec (c131dc6b-42ab-44bf-a392-17d7b3d3a6fc) to the foreground
09-29 00:11:11.819  7613  7664 D WM-WorkProgressUpdater: Updating progress for c131dc6b-42ab-44bf-a392-17d7b3d3a6fc (Data {pct : 62, mode : file})
09-29 00:11:11.819  7613  7613 D WM-SystemFgDispatcher: Notifying with (id:9368, workSpecId: c131dc6b-42ab-44bf-a392-17d7b3d3a6fc, notificationType :1)
09-29 00:11:11.820  7613  7664 I WM-Processor: Moving WorkSpec (c131dc6b-42ab-44bf-a392-17d7b3d3a6fc) to the foreground
09-29 00:11:11.822  7613  7613 D WM-SystemFgDispatcher: Notifying with (id:9368, workSpecId: c131dc6b-42ab-44bf-a392-17d7b3d3a6fc, notificationType :1)
09-29 00:11:11.822  7613  7664 D WM-WorkProgressUpdater: Updating progress for c131dc6b-42ab-44bf-a392-17d7b3d3a6fc (Data {pct : 63, mode : file})
09-29 00:11:11.824  7613  7664 I WM-Processor: Moving WorkSpec (c131dc6b-42ab-44bf-a392-17d7b3d3a6fc) to the foreground
09-29 00:11:11.825  7613  7664 D WM-WorkProgressUpdater: Updating progress for c131dc6b-42ab-44bf-a392-17d7b3d3a6fc (Data {pct : 64, mode : file})
09-29 00:11:11.825  7613  7613 D WM-SystemFgDispatcher: Notifying with (id:9368, workSpecId: c131dc6b-42ab-44bf-a392-17d7b3d3a6fc, notificationType :1)
09-29 00:11:11.827  7613  7664 I WM-Processor: Moving WorkSpec (c131dc6b-42ab-44bf-a392-17d7b3d3a6fc) to the foreground
09-29 00:11:11.828  7613  7613 D WM-SystemFgDispatcher: Notifying with (id:9368, workSpecId: c131dc6b-42ab-44bf-a392-17d7b3d3a6fc, notificationType :1)
09-29 00:11:11.828  7613  7664 D WM-WorkProgressUpdater: Updating progress for c131dc6b-42ab-44bf-a392-17d7b3d3a6fc (Data {pct : 65, mode : file})
09-29 00:11:11.830  7613  7664 I WM-Processor: Moving WorkSpec (c131dc6b-42ab-44bf-a392-17d7b3d3a6fc) to the foreground
09-29 00:11:11.831  7613  7613 D WM-SystemFgDispatcher: Notifying with (id:9368, workSpecId: c131dc6b-42ab-44bf-a392-17d7b3d3a6fc, notificationType :1)
09-29 00:11:11.831  7613  7664 D WM-WorkProgressUpdater: Updating progress for c131dc6b-42ab-44bf-a392-17d7b3d3a6fc (Data {pct : 67, mode : file})
09-29 00:11:11.833  7613  7664 I WM-Processor: Moving WorkSpec (c131dc6b-42ab-44bf-a392-17d7b3d3a6fc) to the foreground
09-29 00:11:11.834  7613  7664 D WM-WorkProgressUpdater: Updating progress for c131dc6b-42ab-44bf-a392-17d7b3d3a6fc (Data {pct : 68, mode : file})
09-29 00:11:11.834  7613  7613 D WM-SystemFgDispatcher: Notifying with (id:9368, workSpecId: c131dc6b-42ab-44bf-a392-17d7b3d3a6fc, notificationType :1)
09-29 00:11:11.835  7613  7664 I WM-Processor: Moving WorkSpec (c131dc6b-42ab-44bf-a392-17d7b3d3a6fc) to the foreground
09-29 00:11:11.836  7613  7613 D WM-SystemFgDispatcher: Notifying with (id:9368, workSpecId: c131dc6b-42ab-44bf-a392-17d7b3d3a6fc, notificationType :1)
09-29 00:11:11.836  7613  7664 D WM-WorkProgressUpdater: Updating progress for c131dc6b-42ab-44bf-a392-17d7b3d3a6fc (Data {pct : 69, mode : file})
09-29 00:11:11.837  7613  7664 I WM-Processor: Moving WorkSpec (c131dc6b-42ab-44bf-a392-17d7b3d3a6fc) to the foreground
09-29 00:11:11.839  7613  7613 D WM-SystemFgDispatcher: Notifying with (id:9368, workSpecId: c131dc6b-42ab-44bf-a392-17d7b3d3a6fc, notificationType :1)
09-29 00:11:11.839  7613  7664 D WM-WorkProgressUpdater: Updating progress for c131dc6b-42ab-44bf-a392-17d7b3d3a6fc (Data {pct : 70, mode : file})
09-29 00:11:11.840  7613  7664 I WM-Processor: Moving WorkSpec (c131dc6b-42ab-44bf-a392-17d7b3d3a6fc) to the foreground
09-29 00:11:11.841  7613  7613 D WM-SystemFgDispatcher: Notifying with (id:9368, workSpecId: c131dc6b-42ab-44bf-a392-17d7b3d3a6fc, notificationType :1)
09-29 00:11:11.842  7613  7664 D WM-WorkProgressUpdater: Updating progress for c131dc6b-42ab-44bf-a392-17d7b3d3a6fc (Data {pct : 71, mode : file})
09-29 00:11:11.846  7613  7664 I WM-Processor: Moving WorkSpec (c131dc6b-42ab-44bf-a392-17d7b3d3a6fc) to the foreground
09-29 00:11:11.847  7613  7664 D WM-WorkProgressUpdater: Updating progress for c131dc6b-42ab-44bf-a392-17d7b3d3a6fc (Data {pct : 73, mode : file})
09-29 00:11:11.847  7613  7613 D WM-SystemFgDispatcher: Notifying with (id:9368, workSpecId: c131dc6b-42ab-44bf-a392-17d7b3d3a6fc, notificationType :1)
09-29 00:11:11.849  7613  7664 I WM-Processor: Moving WorkSpec (c131dc6b-42ab-44bf-a392-17d7b3d3a6fc) to the foreground
09-29 00:11:11.850  7613  7664 D WM-WorkProgressUpdater: Updating progress for c131dc6b-42ab-44bf-a392-17d7b3d3a6fc (Data {pct : 74, mode : file})
09-29 00:11:11.850  7613  7613 D WM-SystemFgDispatcher: Notifying with (id:9368, workSpecId: c131dc6b-42ab-44bf-a392-17d7b3d3a6fc, notificationType :1)
09-29 00:11:11.851  7613  7664 I WM-Processor: Moving WorkSpec (c131dc6b-42ab-44bf-a392-17d7b3d3a6fc) to the foreground
09-29 00:11:11.852  7613  7664 D WM-WorkProgressUpdater: Updating progress for c131dc6b-42ab-44bf-a392-17d7b3d3a6fc (Data {pct : 75, mode : file})
09-29 00:11:11.852  7613  7613 D WM-SystemFgDispatcher: Notifying with (id:9368, workSpecId: c131dc6b-42ab-44bf-a392-17d7b3d3a6fc, notificationType :1)
09-29 00:11:11.853  7613  7664 I WM-Processor: Moving WorkSpec (c131dc6b-42ab-44bf-a392-17d7b3d3a6fc) to the foreground
09-29 00:11:11.855  7613  7613 D WM-SystemFgDispatcher: Notifying with (id:9368, workSpecId: c131dc6b-42ab-44bf-a392-17d7b3d3a6fc, notificationType :1)
09-29 00:11:11.856  7613  7664 D WM-WorkProgressUpdater: Updating progress for c131dc6b-42ab-44bf-a392-17d7b3d3a6fc (Data {pct : 76, mode : file})
09-29 00:11:11.859  7613  7664 I WM-Processor: Moving WorkSpec (c131dc6b-42ab-44bf-a392-17d7b3d3a6fc) to the foreground
09-29 00:11:11.860  7613  7664 D WM-WorkProgressUpdater: Updating progress for c131dc6b-42ab-44bf-a392-17d7b3d3a6fc (Data {pct : 77, mode : file})
09-29 00:11:11.860  7613  7613 D WM-SystemFgDispatcher: Notifying with (id:9368, workSpecId: c131dc6b-42ab-44bf-a392-17d7b3d3a6fc, notificationType :1)
09-29 00:11:11.861  7613  7664 I WM-Processor: Moving WorkSpec (c131dc6b-42ab-44bf-a392-17d7b3d3a6fc) to the foreground
09-29 00:11:11.862  7613  7613 D WM-SystemFgDispatcher: Notifying with (id:9368, workSpecId: c131dc6b-42ab-44bf-a392-17d7b3d3a6fc, notificationType :1)
09-29 00:11:11.862  7613  7664 D WM-WorkProgressUpdater: Updating progress for c131dc6b-42ab-44bf-a392-17d7b3d3a6fc (Data {pct : 79, mode : file})
09-29 00:11:11.865  7613  7664 I WM-Processor: Moving WorkSpec (c131dc6b-42ab-44bf-a392-17d7b3d3a6fc) to the foreground
09-29 00:11:11.866  7613  7664 D WM-WorkProgressUpdater: Updating progress for c131dc6b-42ab-44bf-a392-17d7b3d3a6fc (Data {pct : 80, mode : file})
09-29 00:11:11.866  7613  7613 D WM-SystemFgDispatcher: Notifying with (id:9368, workSpecId: c131dc6b-42ab-44bf-a392-17d7b3d3a6fc, notificationType :1)
09-29 00:11:11.866  7613  7613 I NotificationManager: com.negi.survey: notify(9368, null, Notification(channel=uploads shortcut=null contentView=null vibrate=null sound=null defaults=0 flags=ONGOING_EVENT|ONLY_ALERT_ONCE color=0x00000000 category=progress vis=PRIVATE semFlags=0x0 semPriority=0 semMissedCount=0 semScenarioType=0)) as user
09-29 00:11:11.868  7613  7664 I WM-Processor: Moving WorkSpec (c131dc6b-42ab-44bf-a392-17d7b3d3a6fc) to the foreground
09-29 00:11:11.869  7613  7664 D WM-WorkProgressUpdater: Updating progress for c131dc6b-42ab-44bf-a392-17d7b3d3a6fc (Data {pct : 81, mode : file})
09-29 00:11:11.870  7613  7613 D WM-SystemFgDispatcher: Notifying with (id:9368, workSpecId: c131dc6b-42ab-44bf-a392-17d7b3d3a6fc, notificationType :1)
09-29 00:11:11.871  7613  7664 I WM-Processor: Moving WorkSpec (c131dc6b-42ab-44bf-a392-17d7b3d3a6fc) to the foreground
09-29 00:11:11.872  7613  7613 D WM-SystemFgDispatcher: Notifying with (id:9368, workSpecId: c131dc6b-42ab-44bf-a392-17d7b3d3a6fc, notificationType :1)
09-29 00:11:11.872  7613  7664 D WM-WorkProgressUpdater: Updating progress for c131dc6b-42ab-44bf-a392-17d7b3d3a6fc (Data {pct : 82, mode : file})
09-29 00:11:11.874  7613  7664 I WM-Processor: Moving WorkSpec (c131dc6b-42ab-44bf-a392-17d7b3d3a6fc) to the foreground
09-29 00:11:11.875  7613  7613 D WM-SystemFgDispatcher: Notifying with (id:9368, workSpecId: c131dc6b-42ab-44bf-a392-17d7b3d3a6fc, notificationType :1)
09-29 00:11:11.876  7613  7664 D WM-WorkProgressUpdater: Updating progress for c131dc6b-42ab-44bf-a392-17d7b3d3a6fc (Data {pct : 83, mode : file})
09-29 00:11:11.877  7613  7664 I WM-Processor: Moving WorkSpec (c131dc6b-42ab-44bf-a392-17d7b3d3a6fc) to the foreground
09-29 00:11:11.878  7613  7664 D WM-WorkProgressUpdater: Updating progress for c131dc6b-42ab-44bf-a392-17d7b3d3a6fc (Data {pct : 84, mode : file})
09-29 00:11:11.878  7613  7613 D WM-SystemFgDispatcher: Notifying with (id:9368, workSpecId: c131dc6b-42ab-44bf-a392-17d7b3d3a6fc, notificationType :1)
09-29 00:11:11.879  7613  7664 I WM-Processor: Moving WorkSpec (c131dc6b-42ab-44bf-a392-17d7b3d3a6fc) to the foreground
09-29 00:11:11.880  7613  7664 D WM-WorkProgressUpdater: Updating progress for c131dc6b-42ab-44bf-a392-17d7b3d3a6fc (Data {pct : 86, mode : file})
09-29 00:11:11.880  7613  7613 D WM-SystemFgDispatcher: Notifying with (id:9368, workSpecId: c131dc6b-42ab-44bf-a392-17d7b3d3a6fc, notificationType :1)
09-29 00:11:11.882  7613  7664 I WM-Processor: Moving WorkSpec (c131dc6b-42ab-44bf-a392-17d7b3d3a6fc) to the foreground
09-29 00:11:11.883  7613  7664 D WM-WorkProgressUpdater: Updating progress for c131dc6b-42ab-44bf-a392-17d7b3d3a6fc (Data {pct : 87, mode : file})
09-29 00:11:11.883  7613  7613 D WM-SystemFgDispatcher: Notifying with (id:9368, workSpecId: c131dc6b-42ab-44bf-a392-17d7b3d3a6fc, notificationType :1)
09-29 00:11:11.885  7613  7664 I WM-Processor: Moving WorkSpec (c131dc6b-42ab-44bf-a392-17d7b3d3a6fc) to the foreground
09-29 00:11:11.886  7613  7664 D WM-WorkProgressUpdater: Updating progress for c131dc6b-42ab-44bf-a392-17d7b3d3a6fc (Data {pct : 88, mode : file})
09-29 00:11:11.886  7613  7613 D WM-SystemFgDispatcher: Notifying with (id:9368, workSpecId: c131dc6b-42ab-44bf-a392-17d7b3d3a6fc, notificationType :1)
09-29 00:11:11.887  7613  7664 I WM-Processor: Moving WorkSpec (c131dc6b-42ab-44bf-a392-17d7b3d3a6fc) to the foreground
09-29 00:11:11.889  7613  7613 D WM-SystemFgDispatcher: Notifying with (id:9368, workSpecId: c131dc6b-42ab-44bf-a392-17d7b3d3a6fc, notificationType :1)
09-29 00:11:11.889  7613  7664 D WM-WorkProgressUpdater: Updating progress for c131dc6b-42ab-44bf-a392-17d7b3d3a6fc (Data {pct : 89, mode : file})
09-29 00:11:11.890  7613  7664 I WM-Processor: Moving WorkSpec (c131dc6b-42ab-44bf-a392-17d7b3d3a6fc) to the foreground
09-29 00:11:11.893  7613  7613 D WM-SystemFgDispatcher: Notifying with (id:9368, workSpecId: c131dc6b-42ab-44bf-a392-17d7b3d3a6fc, notificationType :1)
09-29 00:11:11.893  7613  7664 D WM-WorkProgressUpdater: Updating progress for c131dc6b-42ab-44bf-a392-17d7b3d3a6fc (Data {pct : 90, mode : file})
09-29 00:11:11.895  7613  7664 I WM-Processor: Moving WorkSpec (c131dc6b-42ab-44bf-a392-17d7b3d3a6fc) to the foreground
09-29 00:11:11.897  7613  7613 D WM-SystemFgDispatcher: Notifying with (id:9368, workSpecId: c131dc6b-42ab-44bf-a392-17d7b3d3a6fc, notificationType :1)
09-29 00:11:11.897  7613  7664 D WM-WorkProgressUpdater: Updating progress for 95601a6b-7bc7-4f60-8d35-f3c5d21ddb89 (Data {pct : 95, mode : file})
09-29 00:11:11.898  7613  7664 I WM-Processor: Moving WorkSpec (95601a6b-7bc7-4f60-8d35-f3c5d21ddb89) to the foreground
09-29 00:11:11.900  7613  7613 D WM-SystemFgDispatcher: Notifying with (id:4588, workSpecId: 95601a6b-7bc7-4f60-8d35-f3c5d21ddb89, notificationType :1)
09-29 00:11:11.900  7613  7664 I WM-Processor: Moving WorkSpec (95601a6b-7bc7-4f60-8d35-f3c5d21ddb89) to the foreground
09-29 00:11:11.902  7613  7613 D WM-SystemFgDispatcher: Notifying with (id:4588, workSpecId: 95601a6b-7bc7-4f60-8d35-f3c5d21ddb89, notificationType :1)
09-29 00:11:11.902  7613  7613 I NotificationManager: com.negi.survey: notify(4588, null, Notification(channel=uploads shortcut=null contentView=null vibrate=null sound=null defaults=0 flags=ONLY_ALERT_ONCE color=0x00000000 category=progress vis=PRIVATE semFlags=0x0 semPriority=0 semMissedCount=0 semScenarioType=0)) as user
09-29 00:11:11.903  7613  7664 I WM-WorkerWrapper: Worker result SUCCESS for Work [ id=95601a6b-7bc7-4f60-8d35-f3c5d21ddb89, tags={ com.negi.survey.net.GitHubUploadWorker,github_upload,github_upload:crash:diagnostics_crash_prevlog_20260929_033838_pid18262.log_4fbee2d0 } ]
09-29 00:11:11.906  7613  7613 D WM-Processor: Processor 95601a6b-7bc7-4f60-8d35-f3c5d21ddb89 executed; reschedule = false
09-29 00:11:11.906  7613  7613 D WM-GreedyScheduler: Stopping tracking for WorkGenerationalId(workSpecId=95601a6b-7bc7-4f60-8d35-f3c5d21ddb89, generation=0)
09-29 00:11:11.906  7613  7613 D WM-SystemJobService: 95601a6b-7bc7-4f60-8d35-f3c5d21ddb89 executed on JobScheduler
09-29 00:11:11.907  7613  7613 D WM-SystemFgDispatcher: Removing Notification (id: 4588, workSpecId: WorkGenerationalId(workSpecId=95601a6b-7bc7-4f60-8d35-f3c5d21ddb89, generation=0), notificationType: 1
09-29 00:11:11.913  7613  7664 D WM-GreedyScheduler: Cancelling work ID 95601a6b-7bc7-4f60-8d35-f3c5d21ddb89
09-29 00:11:12.067  7613  7780 D ProfileInstaller: Installing profile for com.negi.survey
09-29 00:11:12.334  7613  7630 I com.negi.survey: Explicit concurrent mark compact GC freed 7628KB AllocSpace bytes, 21(420KB) LOS objects, 71% free, 9906KB/33MB, paused 337us,1.522ms total 29.023ms
09-29 00:11:12.474  7613  7655 D WM-WorkProgressUpdater: Updating progress for 0a41d9da-64f6-4a6a-a847-34e18f759560 (Data {pct : 27, mode : file})
09-29 00:11:12.480  7613  7666 I WM-Processor: Moving WorkSpec (0a41d9da-64f6-4a6a-a847-34e18f759560) to the foreground
09-29 00:11:12.483  7613  7666 D WM-WorkProgressUpdater: Updating progress for 0a41d9da-64f6-4a6a-a847-34e18f759560 (Data {pct : 44, mode : file})
09-29 00:11:12.483  7613  7613 D WM-SystemFgDispatcher: Notifying with (id:8187, workSpecId: 0a41d9da-64f6-4a6a-a847-34e18f759560, notificationType :1)
09-29 00:11:12.484  7613  7613 I NotificationManager: com.negi.survey: notify(8187, null, Notification(channel=uploads shortcut=null contentView=null vibrate=null sound=null defaults=0 flags=ONGOING_EVENT|ONLY_ALERT_ONCE color=0x00000000 category=progress vis=PRIVATE semFlags=0x0 semPriority=0 semMissedCount=0 semScenarioType=0)) as user
09-29 00:11:12.486  7613  7666 I WM-Processor: Moving WorkSpec (0a41d9da-64f6-4a6a-a847-34e18f759560) to the foreground
09-29 00:11:12.488  7613  7666 D WM-WorkProgressUpdater: Updating progress for 0a41d9da-64f6-4a6a-a847-34e18f759560 (Data {pct : 61, mode : file})
09-29 00:11:12.489  7613  7613 D WM-SystemFgDispatcher: Notifying with (id:8187, workSpecId: 0a41d9da-64f6-4a6a-a847-34e18f759560, notificationType :1)
09-29 00:11:12.489  7613  7613 I NotificationManager: com.negi.survey: notify(8187, null, Notification(channel=uploads shortcut=null contentView=null vibrate=null sound=null defaults=0 flags=ONGOING_EVENT|ONLY_ALERT_ONCE color=0x00000000 category=progress vis=PRIVATE semFlags=0x0 semPriority=0 semMissedCount=0 semScenarioType=0)) as user
09-29 00:11:12.492  7613  7666 I WM-Processor: Moving WorkSpec (0a41d9da-64f6-4a6a-a847-34e18f759560) to the foreground
09-29 00:11:12.499  7613  7666 D WM-WorkProgressUpdater: Updating progress for 0a41d9da-64f6-4a6a-a847-34e18f759560 (Data {pct : 78, mode : file})
09-29 00:11:12.499  7613  7613 D WM-SystemFgDispatcher: Notifying with (id:8187, workSpecId: 0a41d9da-64f6-4a6a-a847-34e18f759560, notificationType :1)
09-29 00:11:12.500  7613  7613 W NotificationManager: Shedding notify (update) of NotificationKey[user=UserHandle{0}, pkg=com.negi.survey, tag=null, id=8187], rate limit (5.0) exceeded: input 15.609776, output would be 6.106669
09-29 00:11:12.504  7613  7655 I WM-Processor: Moving WorkSpec (0a41d9da-64f6-4a6a-a847-34e18f759560) to the foreground
09-29 00:11:12.506  7613  7613 D WM-SystemFgDispatcher: Notifying with (id:8187, workSpecId: 0a41d9da-64f6-4a6a-a847-34e18f759560, notificationType :1)
09-29 00:11:12.508  7613  7655 D WM-WorkProgressUpdater: Updating progress for 0a41d9da-64f6-4a6a-a847-34e18f759560 (Data {pct : 90, mode : file})
09-29 00:11:12.511  7613  7655 I WM-Processor: Moving WorkSpec (0a41d9da-64f6-4a6a-a847-34e18f759560) to the foreground
09-29 00:11:12.514  7613  7613 D WM-SystemFgDispatcher: Notifying with (id:8187, workSpecId: 0a41d9da-64f6-4a6a-a847-34e18f759560, notificationType :1)
09-29 00:11:13.167  7613  7665 D WM-WorkProgressUpdater: Updating progress for 7629b48e-078a-48de-9e72-4cc43dffd99c (Data {pct : 29, mode : file})
09-29 00:11:13.184  7613  7665 I WM-Processor: Moving WorkSpec (7629b48e-078a-48de-9e72-4cc43dffd99c) to the foreground
09-29 00:11:13.196  7613  7665 D WM-WorkProgressUpdater: Updating progress for 7629b48e-078a-48de-9e72-4cc43dffd99c (Data {pct : 48, mode : file})
09-29 00:11:13.197  7613  7613 D WM-SystemFgDispatcher: Notifying with (id:3775, workSpecId: 7629b48e-078a-48de-9e72-4cc43dffd99c, notificationType :1)
09-29 00:11:13.197  7613  7613 I NotificationManager: com.negi.survey: notify(3775, null, Notification(channel=uploads shortcut=null contentView=null vibrate=null sound=null defaults=0 flags=ONGOING_EVENT|ONLY_ALERT_ONCE color=0x00000000 category=progress vis=PRIVATE semFlags=0x0 semPriority=0 semMissedCount=0 semScenarioType=0)) as user
09-29 00:11:13.204  7613  7665 I WM-Processor: Moving WorkSpec (7629b48e-078a-48de-9e72-4cc43dffd99c) to the foreground
09-29 00:11:13.211  7613  7665 D WM-WorkProgressUpdater: Updating progress for 7629b48e-078a-48de-9e72-4cc43dffd99c (Data {pct : 67, mode : file})
09-29 00:11:13.212  7613  7613 D WM-SystemFgDispatcher: Notifying with (id:3775, workSpecId: 7629b48e-078a-48de-9e72-4cc43dffd99c, notificationType :1)
09-29 00:11:13.213  7613  7613 I NotificationManager: com.negi.survey: notify(3775, null, Notification(channel=uploads shortcut=null contentView=null vibrate=null sound=null defaults=0 flags=ONGOING_EVENT|ONLY_ALERT_ONCE color=0x00000000 category=progress vis=PRIVATE semFlags=0x0 semPriority=0 semMissedCount=0 semScenarioType=0)) as user
09-29 00:11:13.217  7613  7665 I WM-Processor: Moving WorkSpec (7629b48e-078a-48de-9e72-4cc43dffd99c) to the foreground
09-29 00:11:13.220  7613  7665 D WM-WorkProgressUpdater: Updating progress for 7629b48e-078a-48de-9e72-4cc43dffd99c (Data {pct : 86, mode : file})
09-29 00:11:13.223  7613  7613 D WM-SystemFgDispatcher: Notifying with (id:3775, workSpecId: 7629b48e-078a-48de-9e72-4cc43dffd99c, notificationType :1)
09-29 00:11:13.224  7613  7665 I WM-Processor: Moving WorkSpec (7629b48e-078a-48de-9e72-4cc43dffd99c) to the foreground
09-29 00:11:13.228  7613  7665 D WM-WorkProgressUpdater: Updating progress for 7629b48e-078a-48de-9e72-4cc43dffd99c (Data {pct : 90, mode : file})
09-29 00:11:13.228  7613  7613 D WM-SystemFgDispatcher: Notifying with (id:3775, workSpecId: 7629b48e-078a-48de-9e72-4cc43dffd99c, notificationType :1)
09-29 00:11:13.233  7613  7665 I WM-Processor: Moving WorkSpec (7629b48e-078a-48de-9e72-4cc43dffd99c) to the foreground
09-29 00:11:13.240  7613  7613 D WM-SystemFgDispatcher: Notifying with (id:3775, workSpecId: 7629b48e-078a-48de-9e72-4cc43dffd99c, notificationType :1)
09-29 00:11:13.260  7613  7664 D WM-WorkProgressUpdater: Updating progress for addf75e8-c004-42df-b8b8-31b3d025e91b (Data {pct : 27, mode : file})
09-29 00:11:13.263  7613  7664 I WM-Processor: Moving WorkSpec (addf75e8-c004-42df-b8b8-31b3d025e91b) to the foreground
09-29 00:11:13.264  7613  7664 D WM-WorkProgressUpdater: Updating progress for addf75e8-c004-42df-b8b8-31b3d025e91b (Data {pct : 44, mode : file})
09-29 00:11:13.265  7613  7613 D WM-SystemFgDispatcher: Notifying with (id:5944, workSpecId: addf75e8-c004-42df-b8b8-31b3d025e91b, notificationType :1)
09-29 00:11:13.266  7613  7613 I NotificationManager: com.negi.survey: notify(5944, null, Notification(channel=uploads shortcut=null contentView=null vibrate=null sound=null defaults=0 flags=ONGOING_EVENT|ONLY_ALERT_ONCE color=0x00000000 category=progress vis=PRIVATE semFlags=0x0 semPriority=0 semMissedCount=0 semScenarioType=0)) as user
09-29 00:11:13.266  7613  7664 I WM-Processor: Moving WorkSpec (addf75e8-c004-42df-b8b8-31b3d025e91b) to the foreground
09-29 00:11:13.267  7613  7664 D WM-WorkProgressUpdater: Updating progress for addf75e8-c004-42df-b8b8-31b3d025e91b (Data {pct : 61, mode : file})
09-29 00:11:13.269  7613  7664 I WM-Processor: Moving WorkSpec (addf75e8-c004-42df-b8b8-31b3d025e91b) to the foreground
09-29 00:11:13.270  7613  7664 D WM-WorkProgressUpdater: Updating progress for addf75e8-c004-42df-b8b8-31b3d025e91b (Data {pct : 79, mode : file})
09-29 00:11:13.271  7613  7664 I WM-Processor: Moving WorkSpec (addf75e8-c004-42df-b8b8-31b3d025e91b) to the foreground
09-29 00:11:13.272  7613  7664 D WM-WorkProgressUpdater: Updating progress for addf75e8-c004-42df-b8b8-31b3d025e91b (Data {pct : 90, mode : file})
09-29 00:11:13.275  7613  7664 I WM-Processor: Moving WorkSpec (addf75e8-c004-42df-b8b8-31b3d025e91b) to the foreground
09-29 00:11:13.279  7613  7613 D WM-SystemFgDispatcher: Notifying with (id:5944, workSpecId: addf75e8-c004-42df-b8b8-31b3d025e91b, notificationType :1)
09-29 00:11:13.283  7613  7613 D WM-SystemFgDispatcher: Notifying with (id:5944, workSpecId: addf75e8-c004-42df-b8b8-31b3d025e91b, notificationType :1)
09-29 00:11:13.283  7613  7665 D WM-WorkProgressUpdater: Updating progress for e232e0ed-f2cb-4277-9cb1-0dea725ce196 (Data {pct : 27, mode : file})
09-29 00:11:13.285  7613  7613 D WM-SystemFgDispatcher: Notifying with (id:5944, workSpecId: addf75e8-c004-42df-b8b8-31b3d025e91b, notificationType :1)
09-29 00:11:13.286  7613  7665 I WM-Processor: Moving WorkSpec (e232e0ed-f2cb-4277-9cb1-0dea725ce196) to the foreground
09-29 00:11:13.290  7613  7613 D WM-SystemFgDispatcher: Notifying with (id:5944, workSpecId: addf75e8-c004-42df-b8b8-31b3d025e91b, notificationType :1)
09-29 00:11:13.291  7613  7665 D WM-WorkProgressUpdater: Updating progress for e232e0ed-f2cb-4277-9cb1-0dea725ce196 (Data {pct : 44, mode : file})
09-29 00:11:13.295  7613  7665 I WM-Processor: Moving WorkSpec (e232e0ed-f2cb-4277-9cb1-0dea725ce196) to the foreground
09-29 00:11:13.296  7613  7613 D WM-SystemFgDispatcher: Notifying with (id:11118, workSpecId: e232e0ed-f2cb-4277-9cb1-0dea725ce196, notificationType :1)
09-29 00:11:13.301  7613  7665 D WM-WorkProgressUpdater: Updating progress for e232e0ed-f2cb-4277-9cb1-0dea725ce196 (Data {pct : 61, mode : file})
09-29 00:11:13.303  7613  7613 D WM-SystemFgDispatcher: Notifying with (id:11118, workSpecId: e232e0ed-f2cb-4277-9cb1-0dea725ce196, notificationType :1)
09-29 00:11:13.306  7613  7665 I WM-Processor: Moving WorkSpec (e232e0ed-f2cb-4277-9cb1-0dea725ce196) to the foreground
09-29 00:11:13.310  7613  7665 D WM-WorkProgressUpdater: Updating progress for e232e0ed-f2cb-4277-9cb1-0dea725ce196 (Data {pct : 78, mode : file})
09-29 00:11:13.310  7613  7613 D WM-SystemFgDispatcher: Notifying with (id:11118, workSpecId: e232e0ed-f2cb-4277-9cb1-0dea725ce196, notificationType :1)
09-29 00:11:13.313  7613  7665 I WM-Processor: Moving WorkSpec (e232e0ed-f2cb-4277-9cb1-0dea725ce196) to the foreground
09-29 00:11:13.315  7613  7613 D WM-SystemFgDispatcher: Notifying with (id:11118, workSpecId: e232e0ed-f2cb-4277-9cb1-0dea725ce196, notificationType :1)
09-29 00:11:13.316  7613  7665 D WM-WorkProgressUpdater: Updating progress for e232e0ed-f2cb-4277-9cb1-0dea725ce196 (Data {pct : 90, mode : file})
09-29 00:11:13.318  7613  7665 I WM-Processor: Moving WorkSpec (e232e0ed-f2cb-4277-9cb1-0dea725ce196) to the foreground
09-29 00:11:13.321  7613  7613 D WM-SystemFgDispatcher: Notifying with (id:11118, workSpecId: e232e0ed-f2cb-4277-9cb1-0dea725ce196, notificationType :1)
09-29 00:11:13.324  7613  7613 I VRI[MainActivity]@841b9: call setFrameRateCategory for touch hint category=no preference, reason=boost timeout, vri=VRI[MainActivity]@841b9
09-29 00:11:13.331  7613  7665 D WM-WorkProgressUpdater: Updating progress for fdb2def7-3b18-4194-8f3a-0ab9c8e17363 (Data {pct : 27, mode : file})
09-29 00:11:13.334  7613  7665 I WM-Processor: Moving WorkSpec (fdb2def7-3b18-4194-8f3a-0ab9c8e17363) to the foreground
09-29 00:11:13.336  7613  7665 D WM-WorkProgressUpdater: Updating progress for fdb2def7-3b18-4194-8f3a-0ab9c8e17363 (Data {pct : 44, mode : file})
09-29 00:11:13.337  7613  7665 I WM-Processor: Moving WorkSpec (fdb2def7-3b18-4194-8f3a-0ab9c8e17363) to the foreground
09-29 00:11:13.338  7613  7613 D WM-SystemFgDispatcher: Notifying with (id:7492, workSpecId: fdb2def7-3b18-4194-8f3a-0ab9c8e17363, notificationType :1)
09-29 00:11:13.338  7613  7665 D WM-WorkProgressUpdater: Updating progress for fdb2def7-3b18-4194-8f3a-0ab9c8e17363 (Data {pct : 61, mode : file})
09-29 00:11:13.340  7613  7665 I WM-Processor: Moving WorkSpec (fdb2def7-3b18-4194-8f3a-0ab9c8e17363) to the foreground
09-29 00:11:13.341  7613  7613 D WM-SystemFgDispatcher: Notifying with (id:7492, workSpecId: fdb2def7-3b18-4194-8f3a-0ab9c8e17363, notificationType :1)
09-29 00:11:13.342  7613  7665 D WM-WorkProgressUpdater: Updating progress for fdb2def7-3b18-4194-8f3a-0ab9c8e17363 (Data {pct : 78, mode : file})
09-29 00:11:13.343  7613  7613 D WM-SystemFgDispatcher: Notifying with (id:7492, workSpecId: fdb2def7-3b18-4194-8f3a-0ab9c8e17363, notificationType :1)
09-29 00:11:13.344  7613  7665 I WM-Processor: Moving WorkSpec (fdb2def7-3b18-4194-8f3a-0ab9c8e17363) to the foreground
09-29 00:11:13.348  7613  7613 D WM-SystemFgDispatcher: Notifying with (id:7492, workSpecId: fdb2def7-3b18-4194-8f3a-0ab9c8e17363, notificationType :1)
09-29 00:11:13.348  7613  7665 D WM-WorkProgressUpdater: Updating progress for fdb2def7-3b18-4194-8f3a-0ab9c8e17363 (Data {pct : 90, mode : file})
09-29 00:11:13.351  7613  7665 I WM-Processor: Moving WorkSpec (fdb2def7-3b18-4194-8f3a-0ab9c8e17363) to the foreground
09-29 00:11:13.353  7613  7665 D WM-WorkProgressUpdater: Updating progress for 62393af5-049b-499b-9946-5f6ae35af179 (Data {pct : 34, mode : file})
09-29 00:11:13.354  7613  7613 D WM-SystemFgDispatcher: Notifying with (id:7492, workSpecId: fdb2def7-3b18-4194-8f3a-0ab9c8e17363, notificationType :1)
09-29 00:11:13.356  7613  7665 I WM-Processor: Moving WorkSpec (62393af5-049b-499b-9946-5f6ae35af179) to the foreground
09-29 00:11:13.357  7613  7665 D WM-WorkProgressUpdater: Updating progress for 62393af5-049b-499b-9946-5f6ae35af179 (Data {pct : 58, mode : file})
09-29 00:11:13.358  7613  7613 D WM-SystemFgDispatcher: Notifying with (id:7517, workSpecId: 62393af5-049b-499b-9946-5f6ae35af179, notificationType :1)
09-29 00:11:13.359  7613  7665 I WM-Processor: Moving WorkSpec (62393af5-049b-499b-9946-5f6ae35af179) to the foreground
09-29 00:11:13.364  7613  7613 D WM-SystemFgDispatcher: Notifying with (id:7517, workSpecId: 62393af5-049b-499b-9946-5f6ae35af179, notificationType :1)
09-29 00:11:13.365  7613  7664 D WM-WorkProgressUpdater: Updating progress for 62393af5-049b-499b-9946-5f6ae35af179 (Data {pct : 82, mode : file})
09-29 00:11:13.369  7613  7666 I WM-Processor: Moving WorkSpec (62393af5-049b-499b-9946-5f6ae35af179) to the foreground
09-29 00:11:13.372  7613  7666 D WM-WorkProgressUpdater: Updating progress for 62393af5-049b-499b-9946-5f6ae35af179 (Data {pct : 90, mode : file})
09-29 00:11:13.372  7613  7613 D WM-SystemFgDispatcher: Notifying with (id:7517, workSpecId: 62393af5-049b-499b-9946-5f6ae35af179, notificationType :1)
09-29 00:11:13.390  7613  7666 I WM-Processor: Moving WorkSpec (62393af5-049b-499b-9946-5f6ae35af179) to the foreground
09-29 00:11:13.394  7613  7613 D WM-SystemFgDispatcher: Notifying with (id:7517, workSpecId: 62393af5-049b-499b-9946-5f6ae35af179, notificationType :1)
09-29 00:11:13.399  7613  7666 D WM-WorkProgressUpdater: Updating progress for 0de5c876-7b7e-42d7-a8f3-3a0716deff56 (Data {pct : 26, mode : file})
09-29 00:11:13.403  7613  7666 I WM-Processor: Moving WorkSpec (0de5c876-7b7e-42d7-a8f3-3a0716deff56) to the foreground
09-29 00:11:13.405  7613  7666 D WM-WorkProgressUpdater: Updating progress for 0de5c876-7b7e-42d7-a8f3-3a0716deff56 (Data {pct : 43, mode : file})
09-29 00:11:13.405  7613  7613 D WM-SystemFgDispatcher: Notifying with (id:3300, workSpecId: 0de5c876-7b7e-42d7-a8f3-3a0716deff56, notificationType :1)
09-29 00:11:13.406  7613  7666 I WM-Processor: Moving WorkSpec (0de5c876-7b7e-42d7-a8f3-3a0716deff56) to the foreground
09-29 00:11:13.408  7613  7666 D WM-WorkProgressUpdater: Updating progress for 0de5c876-7b7e-42d7-a8f3-3a0716deff56 (Data {pct : 60, mode : file})
09-29 00:11:13.408  7613  7613 D WM-SystemFgDispatcher: Notifying with (id:3300, workSpecId: 0de5c876-7b7e-42d7-a8f3-3a0716deff56, notificationType :1)
09-29 00:11:13.409  7613  7666 I WM-Processor: Moving WorkSpec (0de5c876-7b7e-42d7-a8f3-3a0716deff56) to the foreground
09-29 00:11:13.412  7613  7666 D WM-WorkProgressUpdater: Updating progress for 0de5c876-7b7e-42d7-a8f3-3a0716deff56 (Data {pct : 77, mode : file})
09-29 00:11:13.412  7613  7613 D WM-SystemFgDispatcher: Notifying with (id:3300, workSpecId: 0de5c876-7b7e-42d7-a8f3-3a0716deff56, notificationType :1)
09-29 00:11:13.415  7613  7666 I WM-Processor: Moving WorkSpec (0de5c876-7b7e-42d7-a8f3-3a0716deff56) to the foreground
09-29 00:11:13.417  7613  7613 D WM-SystemFgDispatcher: Notifying with (id:3300, workSpecId: 0de5c876-7b7e-42d7-a8f3-3a0716deff56, notificationType :1)
09-29 00:11:13.417  7613  7655 D WM-WorkProgressUpdater: Updating progress for 0de5c876-7b7e-42d7-a8f3-3a0716deff56 (Data {pct : 90, mode : file})
09-29 00:11:13.424  7613  7655 I WM-Processor: Moving WorkSpec (0de5c876-7b7e-42d7-a8f3-3a0716deff56) to the foreground
09-29 00:11:13.428  7613  7655 D WM-WorkProgressUpdater: Updating progress for 09608abf-e8ec-4f2e-b25d-6a9afc07890c (Data {pct : 26, mode : file})
09-29 00:11:13.428  7613  7613 D WM-SystemFgDispatcher: Notifying with (id:3300, workSpecId: 0de5c876-7b7e-42d7-a8f3-3a0716deff56, notificationType :1)
09-29 00:11:13.433  7613  7655 I WM-Processor: Moving WorkSpec (09608abf-e8ec-4f2e-b25d-6a9afc07890c) to the foreground
09-29 00:11:13.436  7613  7655 D WM-WorkProgressUpdater: Updating progress for 09608abf-e8ec-4f2e-b25d-6a9afc07890c (Data {pct : 43, mode : file})
09-29 00:11:13.436  7613  7613 D WM-SystemFgDispatcher: Notifying with (id:8012, workSpecId: 09608abf-e8ec-4f2e-b25d-6a9afc07890c, notificationType :1)
09-29 00:11:13.437  7613  7655 I WM-Processor: Moving WorkSpec (09608abf-e8ec-4f2e-b25d-6a9afc07890c) to the foreground
09-29 00:11:13.440  7613  7655 D WM-WorkProgressUpdater: Updating progress for 09608abf-e8ec-4f2e-b25d-6a9afc07890c (Data {pct : 60, mode : file})
09-29 00:11:13.440  7613  7613 D WM-SystemFgDispatcher: Notifying with (id:8012, workSpecId: 09608abf-e8ec-4f2e-b25d-6a9afc07890c, notificationType :1)
09-29 00:11:13.441  7613  7655 I WM-Processor: Moving WorkSpec (09608abf-e8ec-4f2e-b25d-6a9afc07890c) to the foreground
09-29 00:11:13.443  7613  7655 D WM-WorkProgressUpdater: Updating progress for 09608abf-e8ec-4f2e-b25d-6a9afc07890c (Data {pct : 77, mode : file})
09-29 00:11:13.444  7613  7613 D WM-SystemFgDispatcher: Notifying with (id:8012, workSpecId: 09608abf-e8ec-4f2e-b25d-6a9afc07890c, notificationType :1)
09-29 00:11:13.445  7613  7655 I WM-Processor: Moving WorkSpec (09608abf-e8ec-4f2e-b25d-6a9afc07890c) to the foreground
09-29 00:11:13.447  7613  7613 D WM-SystemFgDispatcher: Notifying with (id:8012, workSpecId: 09608abf-e8ec-4f2e-b25d-6a9afc07890c, notificationType :1)
09-29 00:11:13.448  7613  7655 D WM-WorkProgressUpdater: Updating progress for 09608abf-e8ec-4f2e-b25d-6a9afc07890c (Data {pct : 90, mode : file})
09-29 00:11:13.449  7613  7655 I WM-Processor: Moving WorkSpec (09608abf-e8ec-4f2e-b25d-6a9afc07890c) to the foreground
09-29 00:11:13.454  7613  7613 D WM-SystemFgDispatcher: Notifying with (id:8012, workSpecId: 09608abf-e8ec-4f2e-b25d-6a9afc07890c, notificationType :1)
09-29 00:11:13.458  7613  7666 D WM-WorkProgressUpdater: Updating progress for acae73cc-e56f-4e18-834a-03c7284f1238 (Data {pct : 30, mode : file})
09-29 00:11:13.460  7613  7666 I WM-Processor: Moving WorkSpec (acae73cc-e56f-4e18-834a-03c7284f1238) to the foreground
09-29 00:11:13.461  7613  7666 D WM-WorkProgressUpdater: Updating progress for acae73cc-e56f-4e18-834a-03c7284f1238 (Data {pct : 50, mode : file})
09-29 00:11:13.462  7613  7666 I WM-Processor: Moving WorkSpec (acae73cc-e56f-4e18-834a-03c7284f1238) to the foreground
09-29 00:11:13.463  7613  7666 D WM-WorkProgressUpdater: Updating progress for acae73cc-e56f-4e18-834a-03c7284f1238 (Data {pct : 70, mode : file})
09-29 00:11:13.465  7613  7666 I WM-Processor: Moving WorkSpec (acae73cc-e56f-4e18-834a-03c7284f1238) to the foreground
09-29 00:11:13.465  7613  7666 D WM-WorkProgressUpdater: Updating progress for acae73cc-e56f-4e18-834a-03c7284f1238 (Data {pct : 90, mode : file})
09-29 00:11:13.467  7613  7666 I WM-Processor: Moving WorkSpec (acae73cc-e56f-4e18-834a-03c7284f1238) to the foreground
09-29 00:11:13.476  7613  7613 D SLM     : buildModelConfig: accel=GPU maxTokens=1024 topK=1 topP=0.0 temperature=0.0
09-29 00:11:13.476  7613  7613 I MainActivity: LiteRT-LM startup config: configuredBackend=GPU debugBackendOverride=gpu effectiveBackend=gpu configuredMaxTokens=1024 debugMaxTokensOverride=1024 effectiveMaxTokens=1024
09-29 00:11:13.490  7613  7630 I com.negi.survey: Explicit concurrent mark compact GC freed 4565KB AllocSpace bytes, 41(780KB) LOS objects, 72% free, 9454KB/33MB, paused 389us,1.574ms total 32.473ms
09-29 00:11:13.507  7613  7613 I View    : setRequestedFrameRate frameRate=-4.0, this=android.view.View{240bb52 V.ED..... ........ 0,0-0,0}, caller=androidx.compose.ui.platform.Api35Impl.setRequestedFrameRate:4047 androidx.compose.ui.platform.AndroidComposeView.dispatchDraw:2282 android.view.View.draw:26758 android.view.View.updateDisplayListIfDirty:25577 android.view.View.draw:26477 
09-29 00:11:13.509  7613  7613 D WM-SystemFgDispatcher: Notifying with (id:3523, workSpecId: acae73cc-e56f-4e18-834a-03c7284f1238, notificationType :1)
09-29 00:11:13.510  7613  7613 I NotificationManager: com.negi.survey: notify(3523, null, Notification(channel=uploads shortcut=null contentView=null vibrate=null sound=null defaults=0 flags=ONGOING_EVENT|ONLY_ALERT_ONCE color=0x00000000 category=progress vis=PRIVATE semFlags=0x0 semPriority=0 semMissedCount=0 semScenarioType=0)) as user
09-29 00:11:13.510  7613  7742 D HeavyModelRuntime: Whisper -> SLM: releasing Whisper
09-29 00:11:13.510  7613  7742 D HeavyModelRuntime: Whisper -> SLM: Whisper released
09-29 00:11:13.515  7613  7613 D WM-SystemFgDispatcher: Notifying with (id:3523, workSpecId: acae73cc-e56f-4e18-834a-03c7284f1238, notificationType :1)
09-29 00:11:13.515  7613  7613 W NotificationManager: Shedding notify (update) of NotificationKey[user=UserHandle{0}, pkg=com.negi.survey, tag=null, id=3523], rate limit (5.0) exceeded: input 87.29229, output would be 6.5802846
09-29 00:11:13.522  7613  7742 D LiteRtLM: Initializing LiteRT-LM: model='Gemma3n4B', key='fs|dev=65088|ino=23726|size=4919541760|mtime=1790636955288'
09-29 00:11:13.522  7613  7742 D LiteRtLM: Capabilities: image=false audio=false
09-29 00:11:13.522  7613  7742 D LiteRtLM: Backend=com.google.ai.edge.litertlm.Backend$GPU@d94fd86 maxNumTokens=1024 (raw=1024) topK=1 topP=0.0 temp=0.0
09-29 00:11:13.522  7613  7742 D LiteRtLM: Model path='/data/user/0/com.negi.survey/files/gemma-3n-E4B-it-int4.litertlm' sizeBytes=4919541760 lastModified=1790636955288
09-29 00:11:13.522  7613  7742 D LiteRtLM: LiteRT-LM native benchmark policy: enabled=false emulator=false
09-29 00:11:13.522  7613  7742 D LiteRtLM: LiteRT-LM native benchmark policy: enabled=false emulator=false
09-29 00:11:13.523  7613  7742 D LiteRtLM: Speculative decoding / MTP policy: enabled=false runtimeFlagUpdated=true model='Gemma3n4B'
09-29 00:11:13.523  7613  7613 I WindowManager: WindowManagerGlobal#removeView, ty=2, view=com.android.internal.policy.DecorView{d51e13a V.E...... R....... 0,0-900,702 aid=1073741826}[MainActivity], caller=android.view.WindowManagerGlobal.removeView:654 android.view.WindowManagerImpl.removeViewImmediate:254 android.app.Dialog.dismissDialog:854 
09-29 00:11:13.523  7613  7613 D WindowOnBackDispatcher: setTopOnBackInvokedCallback (unwrapped): null
09-29 00:11:13.524  7613  7664 D WM-WorkProgressUpdater: Updating progress for 61a8429b-302c-422b-8adc-bdcb3213b867 (Data {pct : 27, mode : file})
09-29 00:11:13.525  7613  7742 D LiteRtLM: Engine cacheDir resolved: key='fs|dev=65088|ino=23726|size=4919541760|mtime=1790636955288' backend=com.google.ai.edge.litertlm.Backend$GPU@d94fd86 path='/data/user/0/com.negi.survey/no_backup/litertlm_cache/4549a6c891a4e76dde09c34405530147305a6842' filesBefore=2
09-29 00:11:13.526  7613  7664 I WM-Processor: Moving WorkSpec (61a8429b-302c-422b-8adc-bdcb3213b867) to the foreground
09-29 00:11:13.528  7613  7613 I VRI[MainActivity]@f850cea: dispatchDetachedFromWindow
09-29 00:11:13.530  7613  7742 I litert  : [environment.cc:36] Creating LiteRT environment with options
09-29 00:11:13.530  7613  7742 W litert  : [npu_registry.cc:34] NPU accelerator could not be loaded and registered: kLiteRtStatusErrorInvalidArgument.
09-29 00:11:13.530  7613  7742 I litert  : [accelerator_registry.cc:54] RegisterAccelerator: ptr=0xb400007967f4c950, name=LiteRT GPU
09-29 00:11:13.530  7613  7742 I litert  : [gpu_registry.cc:87] Statically linked GPU accelerator registered.
09-29 00:11:13.530  7613  7742 I litert  : [accelerator_registry.cc:54] RegisterAccelerator: ptr=0xb400007967f46710, name=CpuAccelerator
09-29 00:11:13.530  7613  7742 I litert  : [cpu_registry.cc:75] XNNPACK CPU accelerator registered.
09-29 00:11:13.531  7613  7613 D InputTransport: Input channel destroyed: '1fb6b3d', fd=182
09-29 00:11:13.533  7613  7613 D WM-SystemFgDispatcher: Notifying with (id:3523, workSpecId: acae73cc-e56f-4e18-834a-03c7284f1238, notificationType :1)
09-29 00:11:13.535  7613  7613 D WM-SystemFgDispatcher: Notifying with (id:3523, workSpecId: acae73cc-e56f-4e18-834a-03c7284f1238, notificationType :1)
09-29 00:11:13.536  7613  7664 D WM-WorkProgressUpdater: Updating progress for 61a8429b-302c-422b-8adc-bdcb3213b867 (Data {pct : 45, mode : file})
09-29 00:11:13.538  7613  7613 D WM-SystemFgDispatcher: Notifying with (id:5734, workSpecId: 61a8429b-302c-422b-8adc-bdcb3213b867, notificationType :1)
09-29 00:11:13.539  7613  7664 I WM-Processor: Moving WorkSpec (61a8429b-302c-422b-8adc-bdcb3213b867) to the foreground
09-29 00:11:13.543  7613  7613 I View    : setRequestedFrameRate frameRate=NaN, this=android.view.View{240bb52 V.ED..... ........ 0,0-0,0}, caller=androidx.compose.ui.platform.Api35Impl.setRequestedFrameRate:4047 androidx.compose.ui.platform.AndroidComposeView.dispatchDraw:2282 android.view.View.draw:26758 android.view.View.updateDisplayListIfDirty:25577 android.view.ViewGroup.recreateChildDisplayList:4881 
09-29 00:11:13.543  7613  7664 D WM-WorkProgressUpdater: Updating progress for 61a8429b-302c-422b-8adc-bdcb3213b867 (Data {pct : 62, mode : file})
09-29 00:11:13.545  7613  7613 D WM-SystemFgDispatcher: Notifying with (id:5734, workSpecId: 61a8429b-302c-422b-8adc-bdcb3213b867, notificationType :1)
09-29 00:11:13.546  7613  7664 I WM-Processor: Moving WorkSpec (61a8429b-302c-422b-8adc-bdcb3213b867) to the foreground
09-29 00:11:13.548  7613  7664 D WM-WorkProgressUpdater: Updating progress for 61a8429b-302c-422b-8adc-bdcb3213b867 (Data {pct : 80, mode : file})
09-29 00:11:13.550  7613  7613 D WM-SystemFgDispatcher: Notifying with (id:5734, workSpecId: 61a8429b-302c-422b-8adc-bdcb3213b867, notificationType :1)
09-29 00:11:13.550  7613  7664 I WM-Processor: Moving WorkSpec (61a8429b-302c-422b-8adc-bdcb3213b867) to the foreground
09-29 00:11:13.552  7613  7613 I InsetsSourceConsumer: applyRequestedVisibilityToControl: visible=true, type=statusBars, host=com.negi.survey/com.negi.survey.MainActivity
09-29 00:11:13.553  7613  7613 I InsetsSourceConsumer: applyRequestedVisibilityToControl: visible=true, type=navigationBars, host=com.negi.survey/com.negi.survey.MainActivity
09-29 00:11:13.553  7613  7664 D WM-WorkProgressUpdater: Updating progress for 61a8429b-302c-422b-8adc-bdcb3213b867 (Data {pct : 90, mode : file})
09-29 00:11:13.554  7613  7664 I WM-Processor: Moving WorkSpec (61a8429b-302c-422b-8adc-bdcb3213b867) to the foreground
09-29 00:11:13.557  7613  7613 I InsetsController: onStateChanged: host=com.negi.survey/com.negi.survey.MainActivity, from=android.view.ViewRootImpl.onInsetsStateChanged:3038, state=InsetsState: {mDisplayFrame=Rect(0, 0 - 1080, 2340), mDisplayCutout=DisplayCutout{insets=Rect(0, 82 - 0, 0) waterfall=Insets{left=0, top=0, right=0, bottom=0} boundingRect={Bounds=[Rect(0, 0 - 0, 0), Rect(511, 24 - 569, 82), Rect(0, 0 - 0, 0), Rect(0, 0 - 0, 0)]} cutoutPathParserInfo={CutoutPathParserInfo{displayWidth=1080 displayHeight=2340 physicalDisplayWidth=1080 physicalDisplayHeight=2340 density={2.8125} cutoutSpec={M 0,0 M 0, 8.533333333333333 a 10.31111111111111,10.31111111111111 0 1,0 0,20.62222222222222 a 10.31111111111111,10.31111111111111 0 1,0 0,-20.62222222222222 Z @dp} rotation={0} scale={1.0} physicalPixelDisplaySizeRatio={1.0}}} sideOverrides={}}, mRoundedCorners=RoundedCorners{[RoundedCorner{position=TopLeft, radius=113, center=Point(113, 113)}, RoundedCorner{position=TopRight, radius=113, center=Point(967, 113)}, RoundedCorner{position=BottomRight, radius=113, center=Point(967, 2227)}, RoundedCorner{position=BottomLeft, radius=113, center=Point(113, 2227)}]}  mRoundedCornerFrame=Rect(0, 0 - 1080, 2340), mPrivacyIndicatorBounds=PrivacyIndicatorBounds {static bounds=Rect(956, 0 - 1080, 97) rotation=0}, mDisplayShape=DisplayShape{ spec=-311912193 displayWidth=1080 displayHeight=2340 physicalPixelDisplaySizeRatio=1.0 rotation=0 offsetX=0 offsetY=0 scale=1.0}, mSources= { InsetsSource: {dc020001 mType=navigationBars mFrame=[0,2205][1080,2340] mAttachedInsets=null mVisible=true mFlags= mSideHint=BOTTOM mBoundingRects=null}, InsetsSource: {dc020004 mType=systemGestures mFrame=[0,0][0,0] mAttachedInsets=null mVisible=true mFlags= mSideHint=NONE mBoundingRects=null}, InsetsSource: {dc020005 mType=mandatorySystemGestures mFrame=[0,2205][1080,2340] mAttachedInsets=null mVisible=true mFlags= mSideHint=BOTTOM mBoundingRects=null}, InsetsSource: {dc020006 mType=tappableElement mFrame=[0,2205][1080,2340] mAttachedInsets=null mVisible=true mFlags= mSideHint=BOTTOM mBoundingRects=null}, InsetsSource: {dc020024 mType=systemGestures mFrame=[0,0][0,0] mAttachedInsets=null mVisible=true mFlags= mSideHint=NONE mBoundingRects=null}, InsetsSource: {27 mType=displayCutout mFrame=[0,0][1080,82] mAttachedInsets=null mVisible=true mFlags= mSideHint=TOP mBoundingRects=null}, InsetsSource: {23ca0000 mType=statusBars mFrame=[0,0][1080,97] mAttachedInsets=null mVisible=true mFlags= mSideHint=TOP mBoundingRects=null}, InsetsSource: {23ca0005 mType=mandatorySystemGestures mFrame=[0,0][1080,116] mAttachedInsets=null mVisible=true mFlags= mSideHint=TOP mBoundingRects=null}, InsetsSource: {23ca0006 mType=tappableElement mFrame=[0,0][1080,97] mAttachedInsets=null mVisible=true mFlags= mSideHint=TOP mBoundingRects=null} }
09-29 00:11:13.557  7613  7613 D WM-SystemFgDispatcher: Notifying with (id:5734, workSpecId: 61a8429b-302c-422b-8adc-bdcb3213b867, notificationType :1)
09-29 00:11:13.559  7613  7613 D WM-SystemFgDispatcher: Notifying with (id:5734, workSpecId: 61a8429b-302c-422b-8adc-bdcb3213b867, notificationType :1)
09-29 00:11:13.560  7613  7613 D VRI[MainActivity]@841b9: mThreadedRenderer.initializeIfNeeded()#2 mSurface={isValid=true 0xb4000078c7f53750}
09-29 00:11:13.561  7613  7613 D InputMethodManagerUtils: startInputInner - Id : 0
09-29 00:11:13.561  7613  7613 I InputMethodManager: startInputInner - IInputMethodManagerGlobalInvoker.startInputOrWindowGainedFocus
09-29 00:11:13.565  7613  7613 D InsetsController: hide(ime())
09-29 00:11:13.565  7613  7613 I ImeTracker: com.negi.survey:dcdccd77: onCancelled at PHASE_CLIENT_ALREADY_HIDDEN
09-29 00:11:13.566  7613  7630 D InputTransport: Input channel constructed: 'ClientS', fd=166
09-29 00:11:13.568  7613  7655 D WM-WorkProgressUpdater: Updating progress for 70be93a3-9a50-456a-9ddb-15673b16ca86 (Data {pct : 95, mode : file})
09-29 00:11:13.568  7613  7743 D GitHubUploader: uploadStream: done url=https://github.com/ishizuki-tech/SurveyExports/blob/main/diagnostics/crash/2026-09-29/prevlog_20260928_231317_pid27656.log sha=c00c1111919951f649cbc8ecbeb782b556ff1783
09-29 00:11:13.571  7613  7655 I WM-Processor: Moving WorkSpec (70be93a3-9a50-456a-9ddb-15673b16ca86) to the foreground
09-29 00:11:13.573  7613  7655 I WM-Processor: Moving WorkSpec (70be93a3-9a50-456a-9ddb-15673b16ca86) to the foreground
09-29 00:11:13.573  7613  7613 D WM-SystemFgDispatcher: Notifying with (id:9049, workSpecId: 70be93a3-9a50-456a-9ddb-15673b16ca86, notificationType :1)
09-29 00:11:13.575  7613  7613 D WM-SystemFgDispatcher: Notifying with (id:9049, workSpecId: 70be93a3-9a50-456a-9ddb-15673b16ca86, notificationType :1)
09-29 00:11:13.576  7613  7613 I NotificationManager: com.negi.survey: notify(9049, null, Notification(channel=uploads shortcut=null contentView=null vibrate=null sound=null defaults=0 flags=ONLY_ALERT_ONCE color=0x00000000 category=progress vis=PRIVATE semFlags=0x0 semPriority=0 semMissedCount=0 semScenarioType=0)) as user
09-29 00:11:13.576  7613  7655 I WM-WorkerWrapper: Worker result SUCCESS for Work [ id=70be93a3-9a50-456a-9ddb-15673b16ca86, tags={ com.negi.survey.net.GitHubUploadWorker,github_upload,github_upload:crash:diagnostics_crash_prevlog_20260928_231317_pid27656.log_3e38b5de } ]
09-29 00:11:13.580  7613  7613 D WM-Processor: Processor 70be93a3-9a50-456a-9ddb-15673b16ca86 executed; reschedule = false
09-29 00:11:13.580  7613  7613 D WM-GreedyScheduler: Stopping tracking for WorkGenerationalId(workSpecId=70be93a3-9a50-456a-9ddb-15673b16ca86, generation=0)
09-29 00:11:13.581  7613  7613 D WM-SystemJobService: 70be93a3-9a50-456a-9ddb-15673b16ca86 executed on JobScheduler
09-29 00:11:13.581  7613  7613 D WM-SystemFgDispatcher: Removing Notification (id: 9049, workSpecId: WorkGenerationalId(workSpecId=70be93a3-9a50-456a-9ddb-15673b16ca86, generation=0), notificationType: 1
09-29 00:11:13.581  7613  7666 D WM-GreedyScheduler: Cancelling work ID 70be93a3-9a50-456a-9ddb-15673b16ca86
09-29 00:11:13.599  7613  7665 D WM-WorkProgressUpdater: Updating progress for cdf06544-dc01-453d-9cb5-b12a24ba2253 (Data {pct : 26, mode : file})
09-29 00:11:13.600  7613  7665 I WM-Processor: Moving WorkSpec (cdf06544-dc01-453d-9cb5-b12a24ba2253) to the foreground
09-29 00:11:13.602  7613  7665 D WM-WorkProgressUpdater: Updating progress for cdf06544-dc01-453d-9cb5-b12a24ba2253 (Data {pct : 42, mode : file})
09-29 00:11:13.602  7613  7613 D WM-SystemFgDispatcher: Notifying with (id:7832, workSpecId: cdf06544-dc01-453d-9cb5-b12a24ba2253, notificationType :1)
09-29 00:11:13.603  7613  7665 I WM-Processor: Moving WorkSpec (cdf06544-dc01-453d-9cb5-b12a24ba2253) to the foreground
09-29 00:11:13.605  7613  7665 D WM-WorkProgressUpdater: Updating progress for cdf06544-dc01-453d-9cb5-b12a24ba2253 (Data {pct : 58, mode : file})
09-29 00:11:13.606  7613  7613 D WM-SystemFgDispatcher: Notifying with (id:7832, workSpecId: cdf06544-dc01-453d-9cb5-b12a24ba2253, notificationType :1)
09-29 00:11:13.607  7613  7665 I WM-Processor: Moving WorkSpec (cdf06544-dc01-453d-9cb5-b12a24ba2253) to the foreground
09-29 00:11:13.609  7613  7613 D WM-SystemFgDispatcher: Notifying with (id:7832, workSpecId: cdf06544-dc01-453d-9cb5-b12a24ba2253, notificationType :1)
09-29 00:11:13.609  7613  7665 D WM-WorkProgressUpdater: Updating progress for cdf06544-dc01-453d-9cb5-b12a24ba2253 (Data {pct : 74, mode : file})
09-29 00:11:13.611  7613  7665 I WM-Processor: Moving WorkSpec (cdf06544-dc01-453d-9cb5-b12a24ba2253) to the foreground
09-29 00:11:13.613  7613  7665 D WM-WorkProgressUpdater: Updating progress for cdf06544-dc01-453d-9cb5-b12a24ba2253 (Data {pct : 90, mode : file})
09-29 00:11:13.615  7613  7613 D WM-SystemFgDispatcher: Notifying with (id:7832, workSpecId: cdf06544-dc01-453d-9cb5-b12a24ba2253, notificationType :1)
09-29 00:11:13.616  7613  7665 I WM-Processor: Moving WorkSpec (cdf06544-dc01-453d-9cb5-b12a24ba2253) to the foreground
09-29 00:11:13.617  7613  7613 D WM-SystemFgDispatcher: Notifying with (id:7832, workSpecId: cdf06544-dc01-453d-9cb5-b12a24ba2253, notificationType :1)
09-29 00:11:13.665  7613  7655 D WM-WorkProgressUpdater: Updating progress for 3a0a720a-c641-4298-8e74-66b8360904f9 (Data {pct : 27, mode : file})
09-29 00:11:13.667  7613  7655 I WM-Processor: Moving WorkSpec (3a0a720a-c641-4298-8e74-66b8360904f9) to the foreground
09-29 00:11:13.668  7613  7655 D WM-WorkProgressUpdater: Updating progress for 3a0a720a-c641-4298-8e74-66b8360904f9 (Data {pct : 44, mode : file})
09-29 00:11:13.668  7613  7613 D WM-SystemFgDispatcher: Notifying with (id:4931, workSpecId: 3a0a720a-c641-4298-8e74-66b8360904f9, notificationType :1)
09-29 00:11:13.670  7613  7655 I WM-Processor: Moving WorkSpec (3a0a720a-c641-4298-8e74-66b8360904f9) to the foreground
09-29 00:11:13.671  7613  7655 D WM-WorkProgressUpdater: Updating progress for 3a0a720a-c641-4298-8e74-66b8360904f9 (Data {pct : 61, mode : file})
09-29 00:11:13.672  7613  7613 D WM-SystemFgDispatcher: Notifying with (id:4931, workSpecId: 3a0a720a-c641-4298-8e74-66b8360904f9, notificationType :1)
09-29 00:11:13.674  7613  7655 I WM-Processor: Moving WorkSpec (3a0a720a-c641-4298-8e74-66b8360904f9) to the foreground
09-29 00:11:13.675  7613  7655 D WM-WorkProgressUpdater: Updating progress for 3a0a720a-c641-4298-8e74-66b8360904f9 (Data {pct : 78, mode : file})
09-29 00:11:13.675  7613  7613 D WM-SystemFgDispatcher: Notifying with (id:4931, workSpecId: 3a0a720a-c641-4298-8e74-66b8360904f9, notificationType :1)
09-29 00:11:13.676  7613  7655 I WM-Processor: Moving WorkSpec (3a0a720a-c641-4298-8e74-66b8360904f9) to the foreground
09-29 00:11:13.677  7613  7655 D WM-WorkProgressUpdater: Updating progress for 3a0a720a-c641-4298-8e74-66b8360904f9 (Data {pct : 90, mode : file})
09-29 00:11:13.677  7613  7613 D WM-SystemFgDispatcher: Notifying with (id:4931, workSpecId: 3a0a720a-c641-4298-8e74-66b8360904f9, notificationType :1)
09-29 00:11:13.678  7613  7613 I NotificationManager: com.negi.survey: notify(4931, null, Notification(channel=uploads shortcut=null contentView=null vibrate=null sound=null defaults=0 flags=ONGOING_EVENT|ONLY_ALERT_ONCE color=0x00000000 category=progress vis=PRIVATE semFlags=0x0 semPriority=0 semMissedCount=0 semScenarioType=0)) as user
09-29 00:11:13.679  7613  7655 I WM-Processor: Moving WorkSpec (3a0a720a-c641-4298-8e74-66b8360904f9) to the foreground
09-29 00:11:13.680  7613  7655 D WM-WorkProgressUpdater: Updating progress for 5771bf82-917e-4abf-a6e1-db2f39ea7153 (Data {pct : 27, mode : file})
09-29 00:11:13.681  7613  7655 I WM-Processor: Moving WorkSpec (5771bf82-917e-4abf-a6e1-db2f39ea7153) to the foreground
09-29 00:11:13.683  7613  7655 D WM-WorkProgressUpdater: Updating progress for 5771bf82-917e-4abf-a6e1-db2f39ea7153 (Data {pct : 44, mode : file})
09-29 00:11:13.684  7613  7613 D WM-SystemFgDispatcher: Notifying with (id:4931, workSpecId: 3a0a720a-c641-4298-8e74-66b8360904f9, notificationType :1)
09-29 00:11:13.684  7613  7655 I WM-Processor: Moving WorkSpec (5771bf82-917e-4abf-a6e1-db2f39ea7153) to the foreground
09-29 00:11:13.686  7613  7613 D WM-SystemFgDispatcher: Notifying with (id:8044, workSpecId: 5771bf82-917e-4abf-a6e1-db2f39ea7153, notificationType :1)
09-29 00:11:13.688  7613  7655 D WM-WorkProgressUpdater: Updating progress for 5771bf82-917e-4abf-a6e1-db2f39ea7153 (Data {pct : 61, mode : file})
09-29 00:11:13.689  7613  7655 I WM-Processor: Moving WorkSpec (5771bf82-917e-4abf-a6e1-db2f39ea7153) to the foreground
09-29 00:11:13.692  7613  7655 D WM-WorkProgressUpdater: Updating progress for 5771bf82-917e-4abf-a6e1-db2f39ea7153 (Data {pct : 79, mode : file})
09-29 00:11:13.693  7613  7613 D WM-SystemFgDispatcher: Notifying with (id:8044, workSpecId: 5771bf82-917e-4abf-a6e1-db2f39ea7153, notificationType :1)
09-29 00:11:13.693  7613  7655 I WM-Processor: Moving WorkSpec (5771bf82-917e-4abf-a6e1-db2f39ea7153) to the foreground
09-29 00:11:13.695  7613  7613 D WM-SystemFgDispatcher: Notifying with (id:8044, workSpecId: 5771bf82-917e-4abf-a6e1-db2f39ea7153, notificationType :1)
09-29 00:11:13.695  7613  7655 D WM-WorkProgressUpdater: Updating progress for 5771bf82-917e-4abf-a6e1-db2f39ea7153 (Data {pct : 90, mode : file})
09-29 00:11:13.696  7613  7655 I WM-Processor: Moving WorkSpec (5771bf82-917e-4abf-a6e1-db2f39ea7153) to the foreground
09-29 00:11:13.698  7613  7613 D WM-SystemFgDispatcher: Notifying with (id:8044, workSpecId: 5771bf82-917e-4abf-a6e1-db2f39ea7153, notificationType :1)
09-29 00:11:13.702  7613  7613 D WM-SystemFgDispatcher: Notifying with (id:8044, workSpecId: 5771bf82-917e-4abf-a6e1-db2f39ea7153, notificationType :1)
09-29 00:11:13.778  7613  7742 I litert  : [environment.cc:36] Creating LiteRT environment with options
09-29 00:11:13.778  7613  7742 W litert  : [npu_registry.cc:34] NPU accelerator could not be loaded and registered: kLiteRtStatusErrorInvalidArgument.
09-29 00:11:13.778  7613  7742 I litert  : [accelerator_registry.cc:54] RegisterAccelerator: ptr=0xb400007967f56850, name=LiteRT GPU
09-29 00:11:13.778  7613  7742 I litert  : [gpu_registry.cc:87] Statically linked GPU accelerator registered.
09-29 00:11:13.778  7613  7742 I litert  : [accelerator_registry.cc:54] RegisterAccelerator: ptr=0xb400007967f57870, name=CpuAccelerator
09-29 00:11:13.778  7613  7742 I litert  : [cpu_registry.cc:75] XNNPACK CPU accelerator registered.
09-29 00:11:13.778  7613  7742 W native  : W0000 00:00:1790658673.778199    7742 litert_lm_loader.cc:291] Section not found: 	
09-29 00:11:13.778  7613  7742 W native  : W0000 00:00:1790658673.778275    7742 litert_lm_loader.cc:291] Section not found: 	
09-29 00:11:13.778  7613  7742 I litert  : [compiled_model.cc:833] Flatbuffer model initialized directly from incoming litert model.
09-29 00:11:13.778  7613  7742 I tflite  : Initialized TensorFlow Lite runtime.
09-29 00:11:13.802  7613  7742 W libc    : Access denied finding property "ro.mediatek.platform"
09-29 00:11:13.846  7613  7742 W libc    : Access denied finding property "vendor.socl.trace.events"
09-29 00:11:13.846  7613  7742 W libc    : Access denied finding property "vendor.socl.pagefault.dump"
09-29 00:11:13.846  7613  7742 V SOCL    : -------------------------------------------------------
09-29 00:11:13.846  7613  7742 V SOCL    : OCL version revision number = 32a2eed9e0
09-29 00:11:13.846  7613  7742 V SOCL    : -------------------------------------------------------
09-29 00:11:13.859  7613  7742 I native  : I0000 00:00:1790658673.859927    7742 delegate_opencl.cc:603] options->hint_waiting_for_completion: false
09-29 00:11:13.860  7613  7742 I native  : I0000 00:00:1790658673.859994    7742 delegate_opencl.cc:605] options->kernel_batch_size: -1
09-29 00:11:13.881  7613  7742 V XGL     : ----------------------------------------------------------------------
09-29 00:11:13.882  7613  7742 V XGL     : SUMD version compiled date     = 2026-01-09 09:57 - KST
09-29 00:11:13.882  7613  7742 V XGL     : SUMD version revision number   = 1900168dcb
09-29 00:11:13.882  7613  7742 V XGL     : SUMD version info              = Driver version: 24.0.534, git hash: 1900168dcb
09-29 00:11:13.882  7613  7742 V XGL     : ----------------------------------------------------------------------
09-29 00:11:13.882  7613  7742 V XGL     : Entering: Create
09-29 00:11:13.884  7613  7742 V XGL     : Exiting: Create
09-29 00:11:13.887  7613  7742 I vulkan  : CreateInfoWrapper::FilterExtension: already have 'VK_KHR_external_fence_fd'.
09-29 00:11:13.890  7613  7742 I ANGLE   : Version (24.1.307 git hash: 86f99cfe6317), Renderer ((Samsung Xclipse 940) on Vulkan 1.3.279)
09-29 00:11:13.891  7613  7742 E libEGL  : call to OpenGL ES API with no current context (logged once per thread)
09-29 00:11:13.892  7613  7822 W libEGL  : ANGLE Warn:DisplayVk.cpp:115 (LoadPipelineCacheDataFromDisk): Failed to load pipeline blob cache data from disk. Performance may degrade.
09-29 00:11:13.904  7613  7742 I litert  : [environment.cc:47] Adding options to the existing LiteRT environment
09-29 00:11:13.905  7613  7742 I tflite  : Loaded OpenCL library with dlopen.
09-29 00:11:13.905  7613  7742 I litert  : [gpu_environment.cc:220] Created OpenCL device from provided device id and platform id.
09-29 00:11:13.913  7613  7742 I litert  : [gpu_environment.cc:283] Reusing provided EGL environment.
09-29 00:11:13.913  7613  7742 I litert  : [gpu_environment.h:155] Created LiteRT GpuEnvironment.
09-29 00:11:13.913  7613  7742 I litert  : [environment.cc:47] Adding options to the existing LiteRT environment
09-29 00:11:13.926  7613  7742 I tflite  : Replacing 3326 out of 3326 node(s) with delegate (LITERT_CL) node, yielding 1 partitions for subgraph 0 (decode).
09-29 00:11:14.065  7613  7664 D WM-WorkProgressUpdater: Updating progress for 9747308a-ae12-44c2-a176-0a5a00ff3d08 (Data {pct : 27, mode : file})
09-29 00:11:14.069  7613  7664 I WM-Processor: Moving WorkSpec (9747308a-ae12-44c2-a176-0a5a00ff3d08) to the foreground
09-29 00:11:14.071  7613  7655 D WM-WorkProgressUpdater: Updating progress for 9747308a-ae12-44c2-a176-0a5a00ff3d08 (Data {pct : 44, mode : file})
09-29 00:11:14.074  7613  7666 I WM-Processor: Moving WorkSpec (9747308a-ae12-44c2-a176-0a5a00ff3d08) to the foreground
09-29 00:11:14.075  7613  7613 D WM-SystemFgDispatcher: Notifying with (id:3220, workSpecId: 9747308a-ae12-44c2-a176-0a5a00ff3d08, notificationType :1)
09-29 00:11:14.076  7613  7613 I NotificationManager: com.negi.survey: notify(3220, null, Notification(channel=uploads shortcut=null contentView=null vibrate=null sound=null defaults=0 flags=ONGOING_EVENT|ONLY_ALERT_ONCE color=0x00000000 category=progress vis=PRIVATE semFlags=0x0 semPriority=0 semMissedCount=0 semScenarioType=0)) as user
09-29 00:11:14.078  7613  7666 D WM-WorkProgressUpdater: Updating progress for 9747308a-ae12-44c2-a176-0a5a00ff3d08 (Data {pct : 61, mode : file})
09-29 00:11:14.081  7613  7666 I WM-Processor: Moving WorkSpec (9747308a-ae12-44c2-a176-0a5a00ff3d08) to the foreground
09-29 00:11:14.086  7613  7666 D WM-WorkProgressUpdater: Updating progress for 9747308a-ae12-44c2-a176-0a5a00ff3d08 (Data {pct : 78, mode : file})
09-29 00:11:14.088  7613  7613 D WM-SystemFgDispatcher: Notifying with (id:3220, workSpecId: 9747308a-ae12-44c2-a176-0a5a00ff3d08, notificationType :1)
09-29 00:11:14.089  7613  7666 I WM-Processor: Moving WorkSpec (9747308a-ae12-44c2-a176-0a5a00ff3d08) to the foreground
09-29 00:11:14.095  7613  7655 D WM-WorkProgressUpdater: Updating progress for 9747308a-ae12-44c2-a176-0a5a00ff3d08 (Data {pct : 90, mode : file})
09-29 00:11:14.098  7613  7655 I WM-Processor: Moving WorkSpec (9747308a-ae12-44c2-a176-0a5a00ff3d08) to the foreground
09-29 00:11:14.099  7613  7613 D WM-SystemFgDispatcher: Notifying with (id:3220, workSpecId: 9747308a-ae12-44c2-a176-0a5a00ff3d08, notificationType :1)
09-29 00:11:14.103  7613  7613 D WM-SystemFgDispatcher: Notifying with (id:3220, workSpecId: 9747308a-ae12-44c2-a176-0a5a00ff3d08, notificationType :1)
09-29 00:11:14.116  7613  7613 D WM-SystemFgDispatcher: Notifying with (id:3220, workSpecId: 9747308a-ae12-44c2-a176-0a5a00ff3d08, notificationType :1)
09-29 00:11:14.116  7613  7664 D WM-WorkProgressUpdater: Updating progress for 719b4369-62e5-4050-a85c-dca1f31313a3 (Data {pct : 26, mode : file})
09-29 00:11:14.118  7613  7664 I WM-Processor: Moving WorkSpec (719b4369-62e5-4050-a85c-dca1f31313a3) to the foreground
09-29 00:11:14.122  7613  7664 D WM-WorkProgressUpdater: Updating progress for 719b4369-62e5-4050-a85c-dca1f31313a3 (Data {pct : 43, mode : file})
09-29 00:11:14.124  7613  7613 D WM-SystemFgDispatcher: Notifying with (id:10841, workSpecId: 719b4369-62e5-4050-a85c-dca1f31313a3, notificationType :1)
09-29 00:11:14.125  7613  7664 I WM-Processor: Moving WorkSpec (719b4369-62e5-4050-a85c-dca1f31313a3) to the foreground
09-29 00:11:14.129  7613  7721 D GitHubUploader: uploadStream: done url=https://github.com/ishizuki-tech/SurveyExports/blob/main/diagnostics/crash/2026-09-29/prevlog_20260929_045015_pid31884.log sha=2de753f44ba2d7abb9e83a3d3c08e28b3046336d
09-29 00:11:14.131  7613  7664 D WM-WorkProgressUpdater: Updating progress for 719b4369-62e5-4050-a85c-dca1f31313a3 (Data {pct : 60, mode : file})
09-29 00:11:14.133  7613  7664 I WM-Processor: Moving WorkSpec (719b4369-62e5-4050-a85c-dca1f31313a3) to the foreground
09-29 00:11:14.135  7613  7613 D WM-SystemFgDispatcher: Notifying with (id:10841, workSpecId: 719b4369-62e5-4050-a85c-dca1f31313a3, notificationType :1)
09-29 00:11:14.136  7613  7664 D WM-WorkProgressUpdater: Updating progress for 719b4369-62e5-4050-a85c-dca1f31313a3 (Data {pct : 77, mode : file})
09-29 00:11:14.138  7613  7613 D WM-SystemFgDispatcher: Notifying with (id:10841, workSpecId: 719b4369-62e5-4050-a85c-dca1f31313a3, notificationType :1)
09-29 00:11:14.138  7613  7613 I NotificationManager: com.negi.survey: notify(10841, null, Notification(channel=uploads shortcut=null contentView=null vibrate=null sound=null defaults=0 flags=ONGOING_EVENT|ONLY_ALERT_ONCE color=0x00000000 category=progress vis=PRIVATE semFlags=0x0 semPriority=0 semMissedCount=0 semScenarioType=0)) as user
09-29 00:11:14.138  7613  7664 I WM-Processor: Moving WorkSpec (719b4369-62e5-4050-a85c-dca1f31313a3) to the foreground
09-29 00:11:14.141  7613  7664 D WM-WorkProgressUpdater: Updating progress for 719b4369-62e5-4050-a85c-dca1f31313a3 (Data {pct : 90, mode : file})
09-29 00:11:14.144  7613  7664 I WM-Processor: Moving WorkSpec (719b4369-62e5-4050-a85c-dca1f31313a3) to the foreground
09-29 00:11:14.150  7613  7613 D WM-SystemFgDispatcher: Notifying with (id:10841, workSpecId: 719b4369-62e5-4050-a85c-dca1f31313a3, notificationType :1)
09-29 00:11:14.152  7613  7613 D WM-SystemFgDispatcher: Notifying with (id:10841, workSpecId: 719b4369-62e5-4050-a85c-dca1f31313a3, notificationType :1)
09-29 00:11:14.154  7613  7664 D WM-WorkProgressUpdater: Updating progress for 7629b48e-078a-48de-9e72-4cc43dffd99c (Data {pct : 95, mode : file})
09-29 00:11:14.157  7613  7664 I WM-Processor: Moving WorkSpec (7629b48e-078a-48de-9e72-4cc43dffd99c) to the foreground
09-29 00:11:14.160  7613  7664 I WM-Processor: Moving WorkSpec (7629b48e-078a-48de-9e72-4cc43dffd99c) to the foreground
09-29 00:11:14.160  7613  7613 D WM-SystemFgDispatcher: Notifying with (id:3775, workSpecId: 7629b48e-078a-48de-9e72-4cc43dffd99c, notificationType :1)
09-29 00:11:14.169  7613  7613 D WM-SystemFgDispatcher: Notifying with (id:3775, workSpecId: 7629b48e-078a-48de-9e72-4cc43dffd99c, notificationType :1)
09-29 00:11:14.169  7613  7613 I NotificationManager: com.negi.survey: notify(3775, null, Notification(channel=uploads shortcut=null contentView=null vibrate=null sound=null defaults=0 flags=ONLY_ALERT_ONCE color=0x00000000 category=progress vis=PRIVATE semFlags=0x0 semPriority=0 semMissedCount=0 semScenarioType=0)) as user
09-29 00:11:14.170  7613  7664 I WM-WorkerWrapper: Worker result SUCCESS for Work [ id=7629b48e-078a-48de-9e72-4cc43dffd99c, tags={ com.negi.survey.net.GitHubUploadWorker,github_upload,github_upload:crash:diagnostics_crash_prevlog_20260929_045015_pid31884.log_e2114849 } ]
09-29 00:11:14.176  7613  7613 W JobService: onNetworkChanged() not implemented in androidx.work.impl.background.systemjob.SystemJobService. Must override in a subclass.
09-29 00:11:14.176  7613  7613 W JobService: onNetworkChanged() not implemented in androidx.work.impl.background.systemjob.SystemJobService. Must override in a subclass.
09-29 00:11:14.181  7613  7613 D WM-Processor: Processor 7629b48e-078a-48de-9e72-4cc43dffd99c executed; reschedule = false
09-29 00:11:14.181  7613  7613 D WM-GreedyScheduler: Stopping tracking for WorkGenerationalId(workSpecId=7629b48e-078a-48de-9e72-4cc43dffd99c, generation=0)
09-29 00:11:14.182  7613  7613 D WM-SystemJobService: 7629b48e-078a-48de-9e72-4cc43dffd99c executed on JobScheduler
09-29 00:11:14.182  7613  7613 D WM-SystemFgDispatcher: Removing Notification (id: 3775, workSpecId: WorkGenerationalId(workSpecId=7629b48e-078a-48de-9e72-4cc43dffd99c, generation=0), notificationType: 1
09-29 00:11:14.191  7613  7664 D WM-GreedyScheduler: Cancelling work ID 7629b48e-078a-48de-9e72-4cc43dffd99c
09-29 00:11:14.196  7613  7667 D WM-WorkConstraintsTrack: NetworkRequestConstraintController onCapabilitiesChanged callback
09-29 00:11:14.227  7613  7655 D WM-WorkProgressUpdater: Updating progress for 77c43d23-cdf2-45c6-b1b4-91d9fe8c57e7 (Data {pct : 26, mode : file})
09-29 00:11:14.229  7613  7655 I WM-Processor: Moving WorkSpec (77c43d23-cdf2-45c6-b1b4-91d9fe8c57e7) to the foreground
09-29 00:11:14.230  7613  7655 D WM-WorkProgressUpdater: Updating progress for 77c43d23-cdf2-45c6-b1b4-91d9fe8c57e7 (Data {pct : 43, mode : file})
09-29 00:11:14.231  7613  7613 D WM-SystemFgDispatcher: Notifying with (id:10160, workSpecId: 77c43d23-cdf2-45c6-b1b4-91d9fe8c57e7, notificationType :1)
09-29 00:11:14.233  7613  7655 I WM-Processor: Moving WorkSpec (77c43d23-cdf2-45c6-b1b4-91d9fe8c57e7) to the foreground
09-29 00:11:14.236  7613  7613 D WM-SystemFgDispatcher: Notifying with (id:10160, workSpecId: 77c43d23-cdf2-45c6-b1b4-91d9fe8c57e7, notificationType :1)
09-29 00:11:14.236  7613  7655 D WM-WorkProgressUpdater: Updating progress for 77c43d23-cdf2-45c6-b1b4-91d9fe8c57e7 (Data {pct : 60, mode : file})
09-29 00:11:14.238  7613  7655 I WM-Processor: Moving WorkSpec (77c43d23-cdf2-45c6-b1b4-91d9fe8c57e7) to the foreground
09-29 00:11:14.239  7613  7655 D WM-WorkProgressUpdater: Updating progress for 77c43d23-cdf2-45c6-b1b4-91d9fe8c57e7 (Data {pct : 77, mode : file})
09-29 00:11:14.240  7613  7613 D WM-SystemFgDispatcher: Notifying with (id:10160, workSpecId: 77c43d23-cdf2-45c6-b1b4-91d9fe8c57e7, notificationType :1)
09-29 00:11:14.241  7613  7655 I WM-Processor: Moving WorkSpec (77c43d23-cdf2-45c6-b1b4-91d9fe8c57e7) to the foreground
09-29 00:11:14.243  7613  7655 D WM-WorkProgressUpdater: Updating progress for 77c43d23-cdf2-45c6-b1b4-91d9fe8c57e7 (Data {pct : 90, mode : file})
09-29 00:11:14.243  7613  7613 D WM-SystemFgDispatcher: Notifying with (id:10160, workSpecId: 77c43d23-cdf2-45c6-b1b4-91d9fe8c57e7, notificationType :1)
09-29 00:11:14.244  7613  7655 I WM-Processor: Moving WorkSpec (77c43d23-cdf2-45c6-b1b4-91d9fe8c57e7) to the foreground
09-29 00:11:14.246  7613  7655 D WM-WorkProgressUpdater: Updating progress for b8199543-e27e-491c-8f43-8e417567c754 (Data {pct : 14, mode : file})
09-29 00:11:14.248  7613  7655 I WM-Processor: Moving WorkSpec (b8199543-e27e-491c-8f43-8e417567c754) to the foreground
09-29 00:11:14.248  7613  7613 D WM-SystemFgDispatcher: Notifying with (id:10160, workSpecId: 77c43d23-cdf2-45c6-b1b4-91d9fe8c57e7, notificationType :1)
09-29 00:11:14.250  7613  7655 D WM-WorkProgressUpdater: Updating progress for b8199543-e27e-491c-8f43-8e417567c754 (Data {pct : 18, mode : file})
09-29 00:11:14.250  7613  7613 D WM-SystemFgDispatcher: Notifying with (id:10208, workSpecId: b8199543-e27e-491c-8f43-8e417567c754, notificationType :1)
09-29 00:11:14.251  7613  7655 I WM-Processor: Moving WorkSpec (b8199543-e27e-491c-8f43-8e417567c754) to the foreground
09-29 00:11:14.254  7613  7655 D WM-WorkProgressUpdater: Updating progress for b8199543-e27e-491c-8f43-8e417567c754 (Data {pct : 22, mode : file})
09-29 00:11:14.255  7613  7655 I WM-Processor: Moving WorkSpec (b8199543-e27e-491c-8f43-8e417567c754) to the foreground
09-29 00:11:14.256  7613  7613 D WM-SystemFgDispatcher: Notifying with (id:10208, workSpecId: b8199543-e27e-491c-8f43-8e417567c754, notificationType :1)
09-29 00:11:14.257  7613  7655 D WM-WorkProgressUpdater: Updating progress for b8199543-e27e-491c-8f43-8e417567c754 (Data {pct : 26, mode : file})
09-29 00:11:14.258  7613  7613 D WM-SystemFgDispatcher: Notifying with (id:10208, workSpecId: b8199543-e27e-491c-8f43-8e417567c754, notificationType :1)
09-29 00:11:14.259  7613  7655 I WM-Processor: Moving WorkSpec (b8199543-e27e-491c-8f43-8e417567c754) to the foreground
09-29 00:11:14.260  7613  7613 D WM-SystemFgDispatcher: Notifying with (id:10208, workSpecId: b8199543-e27e-491c-8f43-8e417567c754, notificationType :1)
09-29 00:11:14.261  7613  7655 D WM-WorkProgressUpdater: Updating progress for b8199543-e27e-491c-8f43-8e417567c754 (Data {pct : 31, mode : file})
09-29 00:11:14.263  7613  7655 I WM-Processor: Moving WorkSpec (b8199543-e27e-491c-8f43-8e417567c754) to the foreground
09-29 00:11:14.264  7613  7655 D WM-WorkProgressUpdater: Updating progress for b8199543-e27e-491c-8f43-8e417567c754 (Data {pct : 35, mode : file})
09-29 00:11:14.265  7613  7613 D WM-SystemFgDispatcher: Notifying with (id:10208, workSpecId: b8199543-e27e-491c-8f43-8e417567c754, notificationType :1)
09-29 00:11:14.266  7613  7655 I WM-Processor: Moving WorkSpec (b8199543-e27e-491c-8f43-8e417567c754) to the foreground
09-29 00:11:14.268  7613  7613 D WM-SystemFgDispatcher: Notifying with (id:10208, workSpecId: b8199543-e27e-491c-8f43-8e417567c754, notificationType :1)
09-29 00:11:14.268  7613  7655 D WM-WorkProgressUpdater: Updating progress for b8199543-e27e-491c-8f43-8e417567c754 (Data {pct : 39, mode : file})
09-29 00:11:14.270  7613  7655 I WM-Processor: Moving WorkSpec (b8199543-e27e-491c-8f43-8e417567c754) to the foreground
09-29 00:11:14.271  7613  7655 D WM-WorkProgressUpdater: Updating progress for b8199543-e27e-491c-8f43-8e417567c754 (Data {pct : 43, mode : file})
09-29 00:11:14.273  7613  7655 I WM-Processor: Moving WorkSpec (b8199543-e27e-491c-8f43-8e417567c754) to the foreground
09-29 00:11:14.274  7613  7655 D WM-WorkProgressUpdater: Updating progress for b8199543-e27e-491c-8f43-8e417567c754 (Data {pct : 47, mode : file})
09-29 00:11:14.274  7613  7613 D WM-SystemFgDispatcher: Notifying with (id:10208, workSpecId: b8199543-e27e-491c-8f43-8e417567c754, notificationType :1)
09-29 00:11:14.275  7613  7613 D WM-SystemFgDispatcher: Notifying with (id:10208, workSpecId: b8199543-e27e-491c-8f43-8e417567c754, notificationType :1)
09-29 00:11:14.276  7613  7655 I WM-Processor: Moving WorkSpec (b8199543-e27e-491c-8f43-8e417567c754) to the foreground
09-29 00:11:14.279  7613  7655 D WM-WorkProgressUpdater: Updating progress for b8199543-e27e-491c-8f43-8e417567c754 (Data {pct : 52, mode : file})
09-29 00:11:14.285  7613  7655 I WM-Processor: Moving WorkSpec (b8199543-e27e-491c-8f43-8e417567c754) to the foreground
09-29 00:11:14.287  7613  7613 D WM-SystemFgDispatcher: Notifying with (id:10208, workSpecId: b8199543-e27e-491c-8f43-8e417567c754, notificationType :1)
09-29 00:11:14.287  7613  7655 D WM-WorkProgressUpdater: Updating progress for b8199543-e27e-491c-8f43-8e417567c754 (Data {pct : 56, mode : file})
09-29 00:11:14.290  7613  7655 I WM-Processor: Moving WorkSpec (b8199543-e27e-491c-8f43-8e417567c754) to the foreground
09-29 00:11:14.290  7613  7627 D InputTransport: Input channel destroyed: 'ClientS', fd=166
09-29 00:11:14.291  7613  7655 D WM-WorkProgressUpdater: Updating progress for b8199543-e27e-491c-8f43-8e417567c754 (Data {pct : 60, mode : file})
09-29 00:11:14.291  7613  7613 D WM-SystemFgDispatcher: Notifying with (id:10208, workSpecId: b8199543-e27e-491c-8f43-8e417567c754, notificationType :1)
09-29 00:11:14.293  7613  7613 D WM-SystemFgDispatcher: Notifying with (id:10208, workSpecId: b8199543-e27e-491c-8f43-8e417567c754, notificationType :1)
09-29 00:11:14.293  7613  7655 I WM-Processor: Moving WorkSpec (b8199543-e27e-491c-8f43-8e417567c754) to the foreground
09-29 00:11:14.296  7613  7655 D WM-WorkProgressUpdater: Updating progress for b8199543-e27e-491c-8f43-8e417567c754 (Data {pct : 64, mode : file})
09-29 00:11:14.297  7613  7655 I WM-Processor: Moving WorkSpec (b8199543-e27e-491c-8f43-8e417567c754) to the foreground
09-29 00:11:14.298  7613  7613 D WM-SystemFgDispatcher: Notifying with (id:10208, workSpecId: b8199543-e27e-491c-8f43-8e417567c754, notificationType :1)
09-29 00:11:14.298  7613  7655 D WM-WorkProgressUpdater: Updating progress for b8199543-e27e-491c-8f43-8e417567c754 (Data {pct : 68, mode : file})
09-29 00:11:14.299  7613  7613 D WM-SystemFgDispatcher: Notifying with (id:10208, workSpecId: b8199543-e27e-491c-8f43-8e417567c754, notificationType :1)
09-29 00:11:14.300  7613  7655 I WM-Processor: Moving WorkSpec (b8199543-e27e-491c-8f43-8e417567c754) to the foreground
09-29 00:11:14.302  7613  7613 D WM-SystemFgDispatcher: Notifying with (id:10208, workSpecId: b8199543-e27e-491c-8f43-8e417567c754, notificationType :1)
09-29 00:11:14.302  7613  7655 D WM-WorkProgressUpdater: Updating progress for b8199543-e27e-491c-8f43-8e417567c754 (Data {pct : 73, mode : file})
09-29 00:11:14.305  7613  7655 I WM-Processor: Moving WorkSpec (b8199543-e27e-491c-8f43-8e417567c754) to the foreground
09-29 00:11:14.307  7613  7613 D WM-SystemFgDispatcher: Notifying with (id:10208, workSpecId: b8199543-e27e-491c-8f43-8e417567c754, notificationType :1)
09-29 00:11:14.307  7613  7655 D WM-WorkProgressUpdater: Updating progress for b8199543-e27e-491c-8f43-8e417567c754 (Data {pct : 77, mode : file})
09-29 00:11:14.308  7613  7655 I WM-Processor: Moving WorkSpec (b8199543-e27e-491c-8f43-8e417567c754) to the foreground
09-29 00:11:14.309  7613  7655 D WM-WorkProgressUpdater: Updating progress for b8199543-e27e-491c-8f43-8e417567c754 (Data {pct : 81, mode : file})
09-29 00:11:14.309  7613  7613 D WM-SystemFgDispatcher: Notifying with (id:10208, workSpecId: b8199543-e27e-491c-8f43-8e417567c754, notificationType :1)
09-29 00:11:14.310  7613  7655 I WM-Processor: Moving WorkSpec (b8199543-e27e-491c-8f43-8e417567c754) to the foreground
09-29 00:11:14.312  7613  7655 D WM-WorkProgressUpdater: Updating progress for b8199543-e27e-491c-8f43-8e417567c754 (Data {pct : 85, mode : file})
09-29 00:11:14.313  7613  7655 I WM-Processor: Moving WorkSpec (b8199543-e27e-491c-8f43-8e417567c754) to the foreground
09-29 00:11:14.314  7613  7613 D WM-SystemFgDispatcher: Notifying with (id:10208, workSpecId: b8199543-e27e-491c-8f43-8e417567c754, notificationType :1)
09-29 00:11:14.314  7613  7664 D WM-WorkProgressUpdater: Updating progress for b8199543-e27e-491c-8f43-8e417567c754 (Data {pct : 89, mode : file})
09-29 00:11:14.315  7613  7613 D WM-SystemFgDispatcher: Notifying with (id:10208, workSpecId: b8199543-e27e-491c-8f43-8e417567c754, notificationType :1)
09-29 00:11:14.317  7613  7664 I WM-Processor: Moving WorkSpec (b8199543-e27e-491c-8f43-8e417567c754) to the foreground
09-29 00:11:14.318  7613  7613 D WM-SystemFgDispatcher: Notifying with (id:10208, workSpecId: b8199543-e27e-491c-8f43-8e417567c754, notificationType :1)
09-29 00:11:14.318  7613  7664 D WM-WorkProgressUpdater: Updating progress for b8199543-e27e-491c-8f43-8e417567c754 (Data {pct : 90, mode : file})
09-29 00:11:14.320  7613  7664 I WM-Processor: Moving WorkSpec (b8199543-e27e-491c-8f43-8e417567c754) to the foreground
09-29 00:11:14.328  7613  7664 D WM-WorkProgressUpdater: Updating progress for dd9182fc-8432-48c5-8979-71de7938cdd7 (Data {pct : 19, mode : file})
09-29 00:11:14.330  7613  7664 I WM-Processor: Moving WorkSpec (dd9182fc-8432-48c5-8979-71de7938cdd7) to the foreground
09-29 00:11:14.331  7613  7664 D WM-WorkProgressUpdater: Updating progress for dd9182fc-8432-48c5-8979-71de7938cdd7 (Data {pct : 28, mode : file})
09-29 00:11:14.333  7613  7664 I WM-Processor: Moving WorkSpec (dd9182fc-8432-48c5-8979-71de7938cdd7) to the foreground
09-29 00:11:14.334  7613  7664 D WM-WorkProgressUpdater: Updating progress for dd9182fc-8432-48c5-8979-71de7938cdd7 (Data {pct : 37, mode : file})
09-29 00:11:14.335  7613  7664 I WM-Processor: Moving WorkSpec (dd9182fc-8432-48c5-8979-71de7938cdd7) to the foreground
09-29 00:11:14.336  7613  7664 D WM-WorkProgressUpdater: Updating progress for dd9182fc-8432-48c5-8979-71de7938cdd7 (Data {pct : 46, mode : file})
09-29 00:11:14.338  7613  7664 I WM-Processor: Moving WorkSpec (dd9182fc-8432-48c5-8979-71de7938cdd7) to the foreground
09-29 00:11:14.339  7613  7664 D WM-WorkProgressUpdater: Updating progress for dd9182fc-8432-48c5-8979-71de7938cdd7 (Data {pct : 56, mode : file})
09-29 00:11:14.340  7613  7664 I WM-Processor: Moving WorkSpec (dd9182fc-8432-48c5-8979-71de7938cdd7) to the foreground
09-29 00:11:14.341  7613  7664 D WM-WorkProgressUpdater: Updating progress for dd9182fc-8432-48c5-8979-71de7938cdd7 (Data {pct : 65, mode : file})
09-29 00:11:14.343  7613  7664 I WM-Processor: Moving WorkSpec (dd9182fc-8432-48c5-8979-71de7938cdd7) to the foreground
09-29 00:11:14.343  7613  7664 D WM-WorkProgressUpdater: Updating progress for dd9182fc-8432-48c5-8979-71de7938cdd7 (Data {pct : 74, mode : file})
09-29 00:11:14.345  7613  7664 I WM-Processor: Moving WorkSpec (dd9182fc-8432-48c5-8979-71de7938cdd7) to the foreground
09-29 00:11:14.346  7613  7664 D WM-WorkProgressUpdater: Updating progress for dd9182fc-8432-48c5-8979-71de7938cdd7 (Data {pct : 83, mode : file})
09-29 00:11:14.347  7613  7664 I WM-Processor: Moving WorkSpec (dd9182fc-8432-48c5-8979-71de7938cdd7) to the foreground
09-29 00:11:14.348  7613  7664 D WM-WorkProgressUpdater: Updating progress for dd9182fc-8432-48c5-8979-71de7938cdd7 (Data {pct : 90, mode : file})
09-29 00:11:14.350  7613  7664 I WM-Processor: Moving WorkSpec (dd9182fc-8432-48c5-8979-71de7938cdd7) to the foreground
09-29 00:11:14.351  7613  7664 D WM-WorkProgressUpdater: Updating progress for 16ce5bd7-c8c8-4f83-be5f-2ea3b1b46167 (Data {pct : 26, mode : file})
09-29 00:11:14.353  7613  7664 I WM-Processor: Moving WorkSpec (16ce5bd7-c8c8-4f83-be5f-2ea3b1b46167) to the foreground
09-29 00:11:14.356  7613  7664 D WM-WorkProgressUpdater: Updating progress for 16ce5bd7-c8c8-4f83-be5f-2ea3b1b46167 (Data {pct : 43, mode : file})
09-29 00:11:14.357  7613  7664 I WM-Processor: Moving WorkSpec (16ce5bd7-c8c8-4f83-be5f-2ea3b1b46167) to the foreground
09-29 00:11:14.358  7613  7664 D WM-WorkProgressUpdater: Updating progress for 16ce5bd7-c8c8-4f83-be5f-2ea3b1b46167 (Data {pct : 60, mode : file})
09-29 00:11:14.360  7613  7664 I WM-Processor: Moving WorkSpec (16ce5bd7-c8c8-4f83-be5f-2ea3b1b46167) to the foreground
09-29 00:11:14.361  7613  7664 D WM-WorkProgressUpdater: Updating progress for 16ce5bd7-c8c8-4f83-be5f-2ea3b1b46167 (Data {pct : 77, mode : file})
09-29 00:11:14.363  7613  7613 D WM-SystemFgDispatcher: Notifying with (id:10208, workSpecId: b8199543-e27e-491c-8f43-8e417567c754, notificationType :1)
09-29 00:11:14.363  7613  7613 I NotificationManager: com.negi.survey: notify(10208, null, Notification(channel=uploads shortcut=null contentView=null vibrate=null sound=null defaults=0 flags=ONGOING_EVENT|ONLY_ALERT_ONCE color=0x00000000 category=progress vis=PRIVATE semFlags=0x0 semPriority=0 semMissedCount=0 semScenarioType=0)) as user
09-29 00:11:14.363  7613  7664 I WM-Processor: Moving WorkSpec (16ce5bd7-c8c8-4f83-be5f-2ea3b1b46167) to the foreground
09-29 00:11:14.364  7613  7664 D WM-WorkProgressUpdater: Updating progress for 16ce5bd7-c8c8-4f83-be5f-2ea3b1b46167 (Data {pct : 90, mode : file})
09-29 00:11:14.365  7613  7664 I WM-Processor: Moving WorkSpec (16ce5bd7-c8c8-4f83-be5f-2ea3b1b46167) to the foreground
09-29 00:11:14.370  7613  7613 D WM-SystemFgDispatcher: Notifying with (id:4313, workSpecId: dd9182fc-8432-48c5-8979-71de7938cdd7, notificationType :1)
09-29 00:11:14.371  7613  7613 D WM-SystemFgDispatcher: Notifying with (id:4313, workSpecId: dd9182fc-8432-48c5-8979-71de7938cdd7, notificationType :1)
09-29 00:11:14.372  7613  7613 D WM-SystemFgDispatcher: Notifying with (id:4313, workSpecId: dd9182fc-8432-48c5-8979-71de7938cdd7, notificationType :1)
09-29 00:11:14.373  7613  7613 D WM-SystemFgDispatcher: Notifying with (id:4313, workSpecId: dd9182fc-8432-48c5-8979-71de7938cdd7, notificationType :1)
09-29 00:11:14.374  7613  7613 D WM-SystemFgDispatcher: Notifying with (id:4313, workSpecId: dd9182fc-8432-48c5-8979-71de7938cdd7, notificationType :1)
09-29 00:11:14.375  7613  7613 D WM-SystemFgDispatcher: Notifying with (id:4313, workSpecId: dd9182fc-8432-48c5-8979-71de7938cdd7, notificationType :1)
09-29 00:11:14.376  7613  7613 D WM-SystemFgDispatcher: Notifying with (id:4313, workSpecId: dd9182fc-8432-48c5-8979-71de7938cdd7, notificationType :1)
09-29 00:11:14.377  7613  7613 D WM-SystemFgDispatcher: Notifying with (id:4313, workSpecId: dd9182fc-8432-48c5-8979-71de7938cdd7, notificationType :1)
09-29 00:11:14.378  7613  7613 D WM-SystemFgDispatcher: Notifying with (id:4313, workSpecId: dd9182fc-8432-48c5-8979-71de7938cdd7, notificationType :1)
09-29 00:11:14.379  7613  7613 D WM-SystemFgDispatcher: Notifying with (id:6356, workSpecId: 16ce5bd7-c8c8-4f83-be5f-2ea3b1b46167, notificationType :1)
09-29 00:11:14.381  7613  7613 D WM-SystemFgDispatcher: Notifying with (id:6356, workSpecId: 16ce5bd7-c8c8-4f83-be5f-2ea3b1b46167, notificationType :1)
09-29 00:11:14.382  7613  7613 D WM-SystemFgDispatcher: Notifying with (id:6356, workSpecId: 16ce5bd7-c8c8-4f83-be5f-2ea3b1b46167, notificationType :1)
09-29 00:11:14.383  7613  7613 D WM-SystemFgDispatcher: Notifying with (id:6356, workSpecId: 16ce5bd7-c8c8-4f83-be5f-2ea3b1b46167, notificationType :1)
09-29 00:11:14.385  7613  7613 D WM-SystemFgDispatcher: Notifying with (id:6356, workSpecId: 16ce5bd7-c8c8-4f83-be5f-2ea3b1b46167, notificationType :1)
09-29 00:11:14.607  7613  7664 D WM-WorkProgressUpdater: Updating progress for c131dc6b-42ab-44bf-a392-17d7b3d3a6fc (Data {pct : 11, mode : file})
09-29 00:11:14.614  7613  7664 I WM-Processor: Moving WorkSpec (c131dc6b-42ab-44bf-a392-17d7b3d3a6fc) to the foreground
09-29 00:11:14.615  7613  7613 D WM-SystemFgDispatcher: Notifying with (id:9368, workSpecId: c131dc6b-42ab-44bf-a392-17d7b3d3a6fc, notificationType :1)
09-29 00:11:14.616  7613  7613 I NotificationManager: com.negi.survey: notify(9368, null, Notification(channel=uploads shortcut=null contentView=null vibrate=null sound=null defaults=0 flags=ONGOING_EVENT|ONLY_ALERT_ONCE color=0x00000000 category=progress vis=PRIVATE semFlags=0x0 semPriority=0 semMissedCount=0 semScenarioType=0)) as user
09-29 00:11:14.617  7613  7664 D WM-WorkProgressUpdater: Updating progress for c131dc6b-42ab-44bf-a392-17d7b3d3a6fc (Data {pct : 12, mode : file})
09-29 00:11:14.625  7613  7664 I WM-Processor: Moving WorkSpec (c131dc6b-42ab-44bf-a392-17d7b3d3a6fc) to the foreground
09-29 00:11:14.626  7613  7613 D WM-SystemFgDispatcher: Notifying with (id:9368, workSpecId: c131dc6b-42ab-44bf-a392-17d7b3d3a6fc, notificationType :1)
09-29 00:11:14.626  7613  7613 W NotificationManager: Shedding notify (update) of NotificationKey[user=UserHandle{0}, pkg=com.negi.survey, tag=null, id=9368], rate limit (5.0) exceeded: input 27.148096, output would be 6.3186207
09-29 00:11:14.627  7613  7665 D WM-WorkProgressUpdater: Updating progress for c131dc6b-42ab-44bf-a392-17d7b3d3a6fc (Data {pct : 13, mode : file})
09-29 00:11:14.629  7613  7665 I WM-Processor: Moving WorkSpec (c131dc6b-42ab-44bf-a392-17d7b3d3a6fc) to the foreground
09-29 00:11:14.631  7613  7613 D WM-SystemFgDispatcher: Notifying with (id:9368, workSpecId: c131dc6b-42ab-44bf-a392-17d7b3d3a6fc, notificationType :1)
09-29 00:11:14.631  7613  7665 D WM-WorkProgressUpdater: Updating progress for c131dc6b-42ab-44bf-a392-17d7b3d3a6fc (Data {pct : 14, mode : file})
09-29 00:11:14.634  7613  7665 I WM-Processor: Moving WorkSpec (c131dc6b-42ab-44bf-a392-17d7b3d3a6fc) to the foreground
09-29 00:11:14.635  7613  7613 D WM-SystemFgDispatcher: Notifying with (id:9368, workSpecId: c131dc6b-42ab-44bf-a392-17d7b3d3a6fc, notificationType :1)
09-29 00:11:14.636  7613  7665 D WM-WorkProgressUpdater: Updating progress for c131dc6b-42ab-44bf-a392-17d7b3d3a6fc (Data {pct : 15, mode : file})
09-29 00:11:14.638  7613  7666 I WM-Processor: Moving WorkSpec (c131dc6b-42ab-44bf-a392-17d7b3d3a6fc) to the foreground
09-29 00:11:14.639  7613  7666 D WM-WorkProgressUpdater: Updating progress for c131dc6b-42ab-44bf-a392-17d7b3d3a6fc (Data {pct : 17, mode : file})
09-29 00:11:14.639  7613  7613 D WM-SystemFgDispatcher: Notifying with (id:9368, workSpecId: c131dc6b-42ab-44bf-a392-17d7b3d3a6fc, notificationType :1)
09-29 00:11:14.642  7613  7666 I WM-Processor: Moving WorkSpec (c131dc6b-42ab-44bf-a392-17d7b3d3a6fc) to the foreground
09-29 00:11:14.643  7613  7666 D WM-WorkProgressUpdater: Updating progress for c131dc6b-42ab-44bf-a392-17d7b3d3a6fc (Data {pct : 18, mode : file})
09-29 00:11:14.646  7613  7664 I WM-Processor: Moving WorkSpec (c131dc6b-42ab-44bf-a392-17d7b3d3a6fc) to the foreground
09-29 00:11:14.647  7613  7664 D WM-WorkProgressUpdater: Updating progress for c131dc6b-42ab-44bf-a392-17d7b3d3a6fc (Data {pct : 19, mode : file})
09-29 00:11:14.649  7613  7664 I WM-Processor: Moving WorkSpec (c131dc6b-42ab-44bf-a392-17d7b3d3a6fc) to the foreground
09-29 00:11:14.650  7613  7664 D WM-WorkProgressUpdater: Updating progress for c131dc6b-42ab-44bf-a392-17d7b3d3a6fc (Data {pct : 20, mode : file})
09-29 00:11:14.653  7613  7664 I WM-Processor: Moving WorkSpec (c131dc6b-42ab-44bf-a392-17d7b3d3a6fc) to the foreground
09-29 00:11:14.655  7613  7664 D WM-WorkProgressUpdater: Updating progress for c131dc6b-42ab-44bf-a392-17d7b3d3a6fc (Data {pct : 21, mode : file})
09-29 00:11:14.657  7613  7664 I WM-Processor: Moving WorkSpec (c131dc6b-42ab-44bf-a392-17d7b3d3a6fc) to the foreground
09-29 00:11:14.658  7613  7664 D WM-WorkProgressUpdater: Updating progress for c131dc6b-42ab-44bf-a392-17d7b3d3a6fc (Data {pct : 23, mode : file})
09-29 00:11:14.672  7613  7723 I com.negi.survey: Explicit concurrent mark compact GC freed 2864KB AllocSpace bytes, 31(608KB) LOS objects, 73% free, 8942KB/32MB, paused 438us,1.999ms total 29.571ms
09-29 00:11:14.684  7613  7664 I WM-Processor: Moving WorkSpec (c131dc6b-42ab-44bf-a392-17d7b3d3a6fc) to the foreground
09-29 00:11:14.687  7613  7664 D WM-WorkProgressUpdater: Updating progress for c131dc6b-42ab-44bf-a392-17d7b3d3a6fc (Data {pct : 24, mode : file})
09-29 00:11:14.690  7613  7613 D WM-SystemFgDispatcher: Notifying with (id:9368, workSpecId: c131dc6b-42ab-44bf-a392-17d7b3d3a6fc, notificationType :1)
09-29 00:11:14.690  7613  7664 I WM-Processor: Moving WorkSpec (c131dc6b-42ab-44bf-a392-17d7b3d3a6fc) to the foreground
09-29 00:11:14.691  7613  7613 D WM-SystemFgDispatcher: Notifying with (id:9368, workSpecId: c131dc6b-42ab-44bf-a392-17d7b3d3a6fc, notificationType :1)
09-29 00:11:14.694  7613  7664 D WM-WorkProgressUpdater: Updating progress for c131dc6b-42ab-44bf-a392-17d7b3d3a6fc (Data {pct : 25, mode : file})
09-29 00:11:14.694  7613  7613 D WM-SystemFgDispatcher: Notifying with (id:9368, workSpecId: c131dc6b-42ab-44bf-a392-17d7b3d3a6fc, notificationType :1)
09-29 00:11:14.695  7613  7613 D WM-SystemFgDispatcher: Notifying with (id:9368, workSpecId: c131dc6b-42ab-44bf-a392-17d7b3d3a6fc, notificationType :1)
09-29 00:11:14.695  7613  7655 I WM-Processor: Moving WorkSpec (c131dc6b-42ab-44bf-a392-17d7b3d3a6fc) to the foreground
09-29 00:11:14.696  7613  7613 D WM-SystemFgDispatcher: Notifying with (id:9368, workSpecId: c131dc6b-42ab-44bf-a392-17d7b3d3a6fc, notificationType :1)
09-29 00:11:14.697  7613  7655 D WM-WorkProgressUpdater: Updating progress for c131dc6b-42ab-44bf-a392-17d7b3d3a6fc (Data {pct : 26, mode : file})
09-29 00:11:14.698  7613  7613 D WM-SystemFgDispatcher: Notifying with (id:9368, workSpecId: c131dc6b-42ab-44bf-a392-17d7b3d3a6fc, notificationType :1)
09-29 00:11:14.698  7613  7655 I WM-Processor: Moving WorkSpec (c131dc6b-42ab-44bf-a392-17d7b3d3a6fc) to the foreground
09-29 00:11:14.698  7613  7613 D WM-SystemFgDispatcher: Notifying with (id:9368, workSpecId: c131dc6b-42ab-44bf-a392-17d7b3d3a6fc, notificationType :1)
09-29 00:11:14.699  7613  7655 D WM-WorkProgressUpdater: Updating progress for c131dc6b-42ab-44bf-a392-17d7b3d3a6fc (Data {pct : 27, mode : file})
09-29 00:11:14.700  7613  7655 I WM-Processor: Moving WorkSpec (c131dc6b-42ab-44bf-a392-17d7b3d3a6fc) to the foreground
09-29 00:11:14.703  7613  7655 D WM-WorkProgressUpdater: Updating progress for c131dc6b-42ab-44bf-a392-17d7b3d3a6fc (Data {pct : 29, mode : file})
09-29 00:11:14.703  7613  7613 D WM-SystemFgDispatcher: Notifying with (id:9368, workSpecId: c131dc6b-42ab-44bf-a392-17d7b3d3a6fc, notificationType :1)
09-29 00:11:14.705  7613  7655 I WM-Processor: Moving WorkSpec (c131dc6b-42ab-44bf-a392-17d7b3d3a6fc) to the foreground
09-29 00:11:14.707  7613  7655 D WM-WorkProgressUpdater: Updating progress for c131dc6b-42ab-44bf-a392-17d7b3d3a6fc (Data {pct : 30, mode : file})
09-29 00:11:14.707  7613  7613 D WM-SystemFgDispatcher: Notifying with (id:9368, workSpecId: c131dc6b-42ab-44bf-a392-17d7b3d3a6fc, notificationType :1)
09-29 00:11:14.708  7613  7613 D WM-SystemFgDispatcher: Notifying with (id:9368, workSpecId: c131dc6b-42ab-44bf-a392-17d7b3d3a6fc, notificationType :1)
09-29 00:11:14.709  7613  7655 I WM-Processor: Moving WorkSpec (c131dc6b-42ab-44bf-a392-17d7b3d3a6fc) to the foreground
09-29 00:11:14.711  7613  7655 D WM-WorkProgressUpdater: Updating progress for c131dc6b-42ab-44bf-a392-17d7b3d3a6fc (Data {pct : 31, mode : file})
09-29 00:11:14.713  7613  7613 D WM-SystemFgDispatcher: Notifying with (id:9368, workSpecId: c131dc6b-42ab-44bf-a392-17d7b3d3a6fc, notificationType :1)
09-29 00:11:14.713  7613  7655 I WM-Processor: Moving WorkSpec (c131dc6b-42ab-44bf-a392-17d7b3d3a6fc) to the foreground
09-29 00:11:14.715  7613  7613 D WM-SystemFgDispatcher: Notifying with (id:9368, workSpecId: c131dc6b-42ab-44bf-a392-17d7b3d3a6fc, notificationType :1)
09-29 00:11:14.717  7613  7655 D WM-WorkProgressUpdater: Updating progress for c131dc6b-42ab-44bf-a392-17d7b3d3a6fc (Data {pct : 32, mode : file})
09-29 00:11:14.719  7613  7655 I WM-Processor: Moving WorkSpec (c131dc6b-42ab-44bf-a392-17d7b3d3a6fc) to the foreground
09-29 00:11:14.720  7613  7655 D WM-WorkProgressUpdater: Updating progress for c131dc6b-42ab-44bf-a392-17d7b3d3a6fc (Data {pct : 33, mode : file})
09-29 00:11:14.721  7613  7613 D WM-SystemFgDispatcher: Notifying with (id:9368, workSpecId: c131dc6b-42ab-44bf-a392-17d7b3d3a6fc, notificationType :1)
09-29 00:11:14.723  7613  7655 I WM-Processor: Moving WorkSpec (c131dc6b-42ab-44bf-a392-17d7b3d3a6fc) to the foreground
09-29 00:11:14.725  7613  7655 D WM-WorkProgressUpdater: Updating progress for c131dc6b-42ab-44bf-a392-17d7b3d3a6fc (Data {pct : 34, mode : file})
09-29 00:11:14.728  7613  7655 I WM-Processor: Moving WorkSpec (c131dc6b-42ab-44bf-a392-17d7b3d3a6fc) to the foreground
09-29 00:11:14.728  7613  7613 D WM-SystemFgDispatcher: Notifying with (id:9368, workSpecId: c131dc6b-42ab-44bf-a392-17d7b3d3a6fc, notificationType :1)
09-29 00:11:14.729  7613  7655 D WM-WorkProgressUpdater: Updating progress for c131dc6b-42ab-44bf-a392-17d7b3d3a6fc (Data {pct : 36, mode : file})
09-29 00:11:14.731  7613  7655 I WM-Processor: Moving WorkSpec (c131dc6b-42ab-44bf-a392-17d7b3d3a6fc) to the foreground
09-29 00:11:14.731  7613  7613 D WM-SystemFgDispatcher: Notifying with (id:9368, workSpecId: c131dc6b-42ab-44bf-a392-17d7b3d3a6fc, notificationType :1)
09-29 00:11:14.732  7613  7655 D WM-WorkProgressUpdater: Updating progress for c131dc6b-42ab-44bf-a392-17d7b3d3a6fc (Data {pct : 37, mode : file})
09-29 00:11:14.734  7613  7655 I WM-Processor: Moving WorkSpec (c131dc6b-42ab-44bf-a392-17d7b3d3a6fc) to the foreground
09-29 00:11:14.735  7613  7613 D WM-SystemFgDispatcher: Notifying with (id:9368, workSpecId: c131dc6b-42ab-44bf-a392-17d7b3d3a6fc, notificationType :1)
09-29 00:11:14.736  7613  7664 D WM-WorkProgressUpdater: Updating progress for c131dc6b-42ab-44bf-a392-17d7b3d3a6fc (Data {pct : 38, mode : file})
09-29 00:11:14.736  7613  7613 D WM-SystemFgDispatcher: Notifying with (id:9368, workSpecId: c131dc6b-42ab-44bf-a392-17d7b3d3a6fc, notificationType :1)
09-29 00:11:14.738  7613  7664 I WM-Processor: Moving WorkSpec (c131dc6b-42ab-44bf-a392-17d7b3d3a6fc) to the foreground
09-29 00:11:14.738  7613  7613 D WM-SystemFgDispatcher: Notifying with (id:9368, workSpecId: c131dc6b-42ab-44bf-a392-17d7b3d3a6fc, notificationType :1)
09-29 00:11:14.739  7613  7664 D WM-WorkProgressUpdater: Updating progress for c131dc6b-42ab-44bf-a392-17d7b3d3a6fc (Data {pct : 39, mode : file})
09-29 00:11:14.741  7613  7664 I WM-Processor: Moving WorkSpec (c131dc6b-42ab-44bf-a392-17d7b3d3a6fc) to the foreground
09-29 00:11:14.742  7613  7613 D WM-SystemFgDispatcher: Notifying with (id:9368, workSpecId: c131dc6b-42ab-44bf-a392-17d7b3d3a6fc, notificationType :1)
09-29 00:11:14.743  7613  7664 D WM-WorkProgressUpdater: Updating progress for c131dc6b-42ab-44bf-a392-17d7b3d3a6fc (Data {pct : 40, mode : file})
09-29 00:11:14.744  7613  7613 D WM-SystemFgDispatcher: Notifying with (id:9368, workSpecId: c131dc6b-42ab-44bf-a392-17d7b3d3a6fc, notificationType :1)
09-29 00:11:14.745  7613  7664 I WM-Processor: Moving WorkSpec (c131dc6b-42ab-44bf-a392-17d7b3d3a6fc) to the foreground
09-29 00:11:14.747  7613  7664 D WM-WorkProgressUpdater: Updating progress for c131dc6b-42ab-44bf-a392-17d7b3d3a6fc (Data {pct : 42, mode : file})
09-29 00:11:14.747  7613  7613 D WM-SystemFgDispatcher: Notifying with (id:9368, workSpecId: c131dc6b-42ab-44bf-a392-17d7b3d3a6fc, notificationType :1)
09-29 00:11:14.749  7613  7664 I WM-Processor: Moving WorkSpec (c131dc6b-42ab-44bf-a392-17d7b3d3a6fc) to the foreground
09-29 00:11:14.750  7613  7664 D WM-WorkProgressUpdater: Updating progress for c131dc6b-42ab-44bf-a392-17d7b3d3a6fc (Data {pct : 43, mode : file})
09-29 00:11:14.750  7613  7613 D WM-SystemFgDispatcher: Notifying with (id:9368, workSpecId: c131dc6b-42ab-44bf-a392-17d7b3d3a6fc, notificationType :1)
09-29 00:11:14.752  7613  7664 I WM-Processor: Moving WorkSpec (c131dc6b-42ab-44bf-a392-17d7b3d3a6fc) to the foreground
09-29 00:11:14.753  7613  7664 D WM-WorkProgressUpdater: Updating progress for c131dc6b-42ab-44bf-a392-17d7b3d3a6fc (Data {pct : 44, mode : file})
09-29 00:11:14.755  7613  7664 I WM-Processor: Moving WorkSpec (c131dc6b-42ab-44bf-a392-17d7b3d3a6fc) to the foreground
09-29 00:11:14.756  7613  7613 D WM-SystemFgDispatcher: Notifying with (id:9368, workSpecId: c131dc6b-42ab-44bf-a392-17d7b3d3a6fc, notificationType :1)
09-29 00:11:14.756  7613  7664 D WM-WorkProgressUpdater: Updating progress for c131dc6b-42ab-44bf-a392-17d7b3d3a6fc (Data {pct : 45, mode : file})
09-29 00:11:14.757  7613  7613 D WM-SystemFgDispatcher: Notifying with (id:9368, workSpecId: c131dc6b-42ab-44bf-a392-17d7b3d3a6fc, notificationType :1)
09-29 00:11:14.758  7613  7664 I WM-Processor: Moving WorkSpec (c131dc6b-42ab-44bf-a392-17d7b3d3a6fc) to the foreground
09-29 00:11:14.759  7613  7613 D WM-SystemFgDispatcher: Notifying with (id:9368, workSpecId: c131dc6b-42ab-44bf-a392-17d7b3d3a6fc, notificationType :1)
09-29 00:11:14.759  7613  7664 D WM-WorkProgressUpdater: Updating progress for c131dc6b-42ab-44bf-a392-17d7b3d3a6fc (Data {pct : 46, mode : file})
09-29 00:11:14.761  7613  7664 I WM-Processor: Moving WorkSpec (c131dc6b-42ab-44bf-a392-17d7b3d3a6fc) to the foreground
09-29 00:11:14.763  7613  7664 D WM-WorkProgressUpdater: Updating progress for c131dc6b-42ab-44bf-a392-17d7b3d3a6fc (Data {pct : 48, mode : file})
09-29 00:11:14.764  7613  7613 D WM-SystemFgDispatcher: Notifying with (id:9368, workSpecId: c131dc6b-42ab-44bf-a392-17d7b3d3a6fc, notificationType :1)
09-29 00:11:14.765  7613  7664 I WM-Processor: Moving WorkSpec (c131dc6b-42ab-44bf-a392-17d7b3d3a6fc) to the foreground
09-29 00:11:14.767  7613  7664 D WM-WorkProgressUpdater: Updating progress for c131dc6b-42ab-44bf-a392-17d7b3d3a6fc (Data {pct : 49, mode : file})
09-29 00:11:14.767  7613  7613 D WM-SystemFgDispatcher: Notifying with (id:9368, workSpecId: c131dc6b-42ab-44bf-a392-17d7b3d3a6fc, notificationType :1)
09-29 00:11:14.767  7613  7613 I NotificationManager: com.negi.survey: notify(9368, null, Notification(channel=uploads shortcut=null contentView=null vibrate=null sound=null defaults=0 flags=ONGOING_EVENT|ONLY_ALERT_ONCE color=0x00000000 category=progress vis=PRIVATE semFlags=0x0 semPriority=0 semMissedCount=0 semScenarioType=0)) as user
09-29 00:11:14.769  7613  7664 I WM-Processor: Moving WorkSpec (c131dc6b-42ab-44bf-a392-17d7b3d3a6fc) to the foreground
09-29 00:11:14.770  7613  7664 D WM-WorkProgressUpdater: Updating progress for c131dc6b-42ab-44bf-a392-17d7b3d3a6fc (Data {pct : 50, mode : file})
09-29 00:11:14.773  7613  7664 I WM-Processor: Moving WorkSpec (c131dc6b-42ab-44bf-a392-17d7b3d3a6fc) to the foreground
09-29 00:11:14.773  7613  7613 D WM-SystemFgDispatcher: Notifying with (id:9368, workSpecId: c131dc6b-42ab-44bf-a392-17d7b3d3a6fc, notificationType :1)
09-29 00:11:14.774  7613  7664 D WM-WorkProgressUpdater: Updating progress for c131dc6b-42ab-44bf-a392-17d7b3d3a6fc (Data {pct : 51, mode : file})
09-29 00:11:14.774  7613  7613 D WM-SystemFgDispatcher: Notifying with (id:9368, workSpecId: c131dc6b-42ab-44bf-a392-17d7b3d3a6fc, notificationType :1)
09-29 00:11:14.776  7613  7664 I WM-Processor: Moving WorkSpec (c131dc6b-42ab-44bf-a392-17d7b3d3a6fc) to the foreground
09-29 00:11:14.776  7613  7664 D WM-WorkProgressUpdater: Updating progress for c131dc6b-42ab-44bf-a392-17d7b3d3a6fc (Data {pct : 52, mode : file})
09-29 00:11:14.776  7613  7613 D WM-SystemFgDispatcher: Notifying with (id:9368, workSpecId: c131dc6b-42ab-44bf-a392-17d7b3d3a6fc, notificationType :1)
09-29 00:11:14.778  7613  7664 I WM-Processor: Moving WorkSpec (c131dc6b-42ab-44bf-a392-17d7b3d3a6fc) to the foreground
09-29 00:11:14.779  7613  7664 D WM-WorkProgressUpdater: Updating progress for c131dc6b-42ab-44bf-a392-17d7b3d3a6fc (Data {pct : 54, mode : file})
09-29 00:11:14.781  7613  7613 D WM-SystemFgDispatcher: Notifying with (id:9368, workSpecId: c131dc6b-42ab-44bf-a392-17d7b3d3a6fc, notificationType :1)
09-29 00:11:14.781  7613  7664 I WM-Processor: Moving WorkSpec (c131dc6b-42ab-44bf-a392-17d7b3d3a6fc) to the foreground
09-29 00:11:14.782  7613  7613 D WM-SystemFgDispatcher: Notifying with (id:9368, workSpecId: c131dc6b-42ab-44bf-a392-17d7b3d3a6fc, notificationType :1)
09-29 00:11:14.782  7613  7664 D WM-WorkProgressUpdater: Updating progress for c131dc6b-42ab-44bf-a392-17d7b3d3a6fc (Data {pct : 55, mode : file})
09-29 00:11:14.784  7613  7664 I WM-Processor: Moving WorkSpec (c131dc6b-42ab-44bf-a392-17d7b3d3a6fc) to the foreground
09-29 00:11:14.785  7613  7613 D WM-SystemFgDispatcher: Notifying with (id:9368, workSpecId: c131dc6b-42ab-44bf-a392-17d7b3d3a6fc, notificationType :1)
09-29 00:11:14.786  7613  7664 D WM-WorkProgressUpdater: Updating progress for c131dc6b-42ab-44bf-a392-17d7b3d3a6fc (Data {pct : 56, mode : file})
09-29 00:11:14.788  7613  7664 I WM-Processor: Moving WorkSpec (c131dc6b-42ab-44bf-a392-17d7b3d3a6fc) to the foreground
09-29 00:11:14.789  7613  7664 D WM-WorkProgressUpdater: Updating progress for c131dc6b-42ab-44bf-a392-17d7b3d3a6fc (Data {pct : 57, mode : file})
09-29 00:11:14.790  7613  7613 D WM-SystemFgDispatcher: Notifying with (id:9368, workSpecId: c131dc6b-42ab-44bf-a392-17d7b3d3a6fc, notificationType :1)
09-29 00:11:14.791  7613  7664 I WM-Processor: Moving WorkSpec (c131dc6b-42ab-44bf-a392-17d7b3d3a6fc) to the foreground
09-29 00:11:14.793  7613  7613 D WM-SystemFgDispatcher: Notifying with (id:9368, workSpecId: c131dc6b-42ab-44bf-a392-17d7b3d3a6fc, notificationType :1)
09-29 00:11:14.793  7613  7664 D WM-WorkProgressUpdater: Updating progress for c131dc6b-42ab-44bf-a392-17d7b3d3a6fc (Data {pct : 58, mode : file})
09-29 00:11:14.795  7613  7664 I WM-Processor: Moving WorkSpec (c131dc6b-42ab-44bf-a392-17d7b3d3a6fc) to the foreground
09-29 00:11:14.796  7613  7664 D WM-WorkProgressUpdater: Updating progress for c131dc6b-42ab-44bf-a392-17d7b3d3a6fc (Data {pct : 59, mode : file})
09-29 00:11:14.797  7613  7613 D WM-SystemFgDispatcher: Notifying with (id:9368, workSpecId: c131dc6b-42ab-44bf-a392-17d7b3d3a6fc, notificationType :1)
09-29 00:11:14.798  7613  7664 I WM-Processor: Moving WorkSpec (c131dc6b-42ab-44bf-a392-17d7b3d3a6fc) to the foreground
09-29 00:11:14.799  7613  7664 D WM-WorkProgressUpdater: Updating progress for c131dc6b-42ab-44bf-a392-17d7b3d3a6fc (Data {pct : 61, mode : file})
09-29 00:11:14.799  7613  7613 D WM-SystemFgDispatcher: Notifying with (id:9368, workSpecId: c131dc6b-42ab-44bf-a392-17d7b3d3a6fc, notificationType :1)
09-29 00:11:14.801  7613  7664 I WM-Processor: Moving WorkSpec (c131dc6b-42ab-44bf-a392-17d7b3d3a6fc) to the foreground
09-29 00:11:14.802  7613  7664 D WM-WorkProgressUpdater: Updating progress for c131dc6b-42ab-44bf-a392-17d7b3d3a6fc (Data {pct : 62, mode : file})
09-29 00:11:14.802  7613  7613 D WM-SystemFgDispatcher: Notifying with (id:9368, workSpecId: c131dc6b-42ab-44bf-a392-17d7b3d3a6fc, notificationType :1)
09-29 00:11:14.804  7613  7664 I WM-Processor: Moving WorkSpec (c131dc6b-42ab-44bf-a392-17d7b3d3a6fc) to the foreground
09-29 00:11:14.805  7613  7664 D WM-WorkProgressUpdater: Updating progress for c131dc6b-42ab-44bf-a392-17d7b3d3a6fc (Data {pct : 63, mode : file})
09-29 00:11:14.807  7613  7664 I WM-Processor: Moving WorkSpec (c131dc6b-42ab-44bf-a392-17d7b3d3a6fc) to the foreground
09-29 00:11:14.807  7613  7613 D WM-SystemFgDispatcher: Notifying with (id:9368, workSpecId: c131dc6b-42ab-44bf-a392-17d7b3d3a6fc, notificationType :1)
09-29 00:11:14.808  7613  7664 D WM-WorkProgressUpdater: Updating progress for c131dc6b-42ab-44bf-a392-17d7b3d3a6fc (Data {pct : 64, mode : file})
09-29 00:11:14.809  7613  7613 D WM-SystemFgDispatcher: Notifying with (id:9368, workSpecId: c131dc6b-42ab-44bf-a392-17d7b3d3a6fc, notificationType :1)
09-29 00:11:14.811  7613  7664 I WM-Processor: Moving WorkSpec (c131dc6b-42ab-44bf-a392-17d7b3d3a6fc) to the foreground
09-29 00:11:14.812  7613  7664 D WM-WorkProgressUpdater: Updating progress for c131dc6b-42ab-44bf-a392-17d7b3d3a6fc (Data {pct : 65, mode : file})
09-29 00:11:14.814  7613  7664 I WM-Processor: Moving WorkSpec (c131dc6b-42ab-44bf-a392-17d7b3d3a6fc) to the foreground
09-29 00:11:14.814  7613  7613 D WM-SystemFgDispatcher: Notifying with (id:9368, workSpecId: c131dc6b-42ab-44bf-a392-17d7b3d3a6fc, notificationType :1)
09-29 00:11:14.815  7613  7664 D WM-WorkProgressUpdater: Updating progress for c131dc6b-42ab-44bf-a392-17d7b3d3a6fc (Data {pct : 67, mode : file})
09-29 00:11:14.815  7613  7613 D WM-SystemFgDispatcher: Notifying with (id:9368, workSpecId: c131dc6b-42ab-44bf-a392-17d7b3d3a6fc, notificationType :1)
09-29 00:11:14.817  7613  7664 I WM-Processor: Moving WorkSpec (c131dc6b-42ab-44bf-a392-17d7b3d3a6fc) to the foreground
09-29 00:11:14.818  7613  7664 D WM-WorkProgressUpdater: Updating progress for c131dc6b-42ab-44bf-a392-17d7b3d3a6fc (Data {pct : 68, mode : file})
09-29 00:11:14.819  7613  7613 D WM-SystemFgDispatcher: Notifying with (id:9368, workSpecId: c131dc6b-42ab-44bf-a392-17d7b3d3a6fc, notificationType :1)
09-29 00:11:14.820  7613  7664 I WM-Processor: Moving WorkSpec (c131dc6b-42ab-44bf-a392-17d7b3d3a6fc) to the foreground
09-29 00:11:14.821  7613  7664 D WM-WorkProgressUpdater: Updating progress for c131dc6b-42ab-44bf-a392-17d7b3d3a6fc (Data {pct : 69, mode : file})
09-29 00:11:14.823  7613  7613 D WM-SystemFgDispatcher: Notifying with (id:9368, workSpecId: c131dc6b-42ab-44bf-a392-17d7b3d3a6fc, notificationType :1)
09-29 00:11:14.823  7613  7664 I WM-Processor: Moving WorkSpec (c131dc6b-42ab-44bf-a392-17d7b3d3a6fc) to the foreground
09-29 00:11:14.825  7613  7664 D WM-WorkProgressUpdater: Updating progress for c131dc6b-42ab-44bf-a392-17d7b3d3a6fc (Data {pct : 70, mode : file})
09-29 00:11:14.825  7613  7613 D WM-SystemFgDispatcher: Notifying with (id:9368, workSpecId: c131dc6b-42ab-44bf-a392-17d7b3d3a6fc, notificationType :1)
09-29 00:11:14.826  7613  7664 I WM-Processor: Moving WorkSpec (c131dc6b-42ab-44bf-a392-17d7b3d3a6fc) to the foreground
09-29 00:11:14.827  7613  7613 D WM-SystemFgDispatcher: Notifying with (id:9368, workSpecId: c131dc6b-42ab-44bf-a392-17d7b3d3a6fc, notificationType :1)
09-29 00:11:14.827  7613  7664 D WM-WorkProgressUpdater: Updating progress for c131dc6b-42ab-44bf-a392-17d7b3d3a6fc (Data {pct : 71, mode : file})
09-29 00:11:14.829  7613  7664 I WM-Processor: Moving WorkSpec (c131dc6b-42ab-44bf-a392-17d7b3d3a6fc) to the foreground
09-29 00:11:14.830  7613  7664 D WM-WorkProgressUpdater: Updating progress for c131dc6b-42ab-44bf-a392-17d7b3d3a6fc (Data {pct : 73, mode : file})
09-29 00:11:14.831  7613  7664 I WM-Processor: Moving WorkSpec (c131dc6b-42ab-44bf-a392-17d7b3d3a6fc) to the foreground
09-29 00:11:14.831  7613  7613 D WM-SystemFgDispatcher: Notifying with (id:9368, workSpecId: c131dc6b-42ab-44bf-a392-17d7b3d3a6fc, notificationType :1)
09-29 00:11:14.832  7613  7664 D WM-WorkProgressUpdater: Updating progress for c131dc6b-42ab-44bf-a392-17d7b3d3a6fc (Data {pct : 74, mode : file})
09-29 00:11:14.833  7613  7613 D WM-SystemFgDispatcher: Notifying with (id:9368, workSpecId: c131dc6b-42ab-44bf-a392-17d7b3d3a6fc, notificationType :1)
09-29 00:11:14.834  7613  7664 I WM-Processor: Moving WorkSpec (c131dc6b-42ab-44bf-a392-17d7b3d3a6fc) to the foreground
09-29 00:11:14.835  7613  7664 D WM-WorkProgressUpdater: Updating progress for c131dc6b-42ab-44bf-a392-17d7b3d3a6fc (Data {pct : 75, mode : file})
09-29 00:11:14.835  7613  7613 D WM-SystemFgDispatcher: Notifying with (id:9368, workSpecId: c131dc6b-42ab-44bf-a392-17d7b3d3a6fc, notificationType :1)
09-29 00:11:14.837  7613  7664 I WM-Processor: Moving WorkSpec (c131dc6b-42ab-44bf-a392-17d7b3d3a6fc) to the foreground
09-29 00:11:14.838  7613  7664 D WM-WorkProgressUpdater: Updating progress for c131dc6b-42ab-44bf-a392-17d7b3d3a6fc (Data {pct : 76, mode : file})
09-29 00:11:14.840  7613  7613 D WM-SystemFgDispatcher: Notifying with (id:9368, workSpecId: c131dc6b-42ab-44bf-a392-17d7b3d3a6fc, notificationType :1)
09-29 00:11:14.840  7613  7664 I WM-Processor: Moving WorkSpec (c131dc6b-42ab-44bf-a392-17d7b3d3a6fc) to the foreground
09-29 00:11:14.841  7613  7664 D WM-WorkProgressUpdater: Updating progress for c131dc6b-42ab-44bf-a392-17d7b3d3a6fc (Data {pct : 77, mode : file})
09-29 00:11:14.841  7613  7613 D WM-SystemFgDispatcher: Notifying with (id:9368, workSpecId: c131dc6b-42ab-44bf-a392-17d7b3d3a6fc, notificationType :1)
09-29 00:11:14.842  7613  7664 I WM-Processor: Moving WorkSpec (c131dc6b-42ab-44bf-a392-17d7b3d3a6fc) to the foreground
09-29 00:11:14.843  7613  7664 D WM-WorkProgressUpdater: Updating progress for c131dc6b-42ab-44bf-a392-17d7b3d3a6fc (Data {pct : 79, mode : file})
09-29 00:11:14.843  7613  7613 D WM-SystemFgDispatcher: Notifying with (id:9368, workSpecId: c131dc6b-42ab-44bf-a392-17d7b3d3a6fc, notificationType :1)
09-29 00:11:14.845  7613  7664 I WM-Processor: Moving WorkSpec (c131dc6b-42ab-44bf-a392-17d7b3d3a6fc) to the foreground
09-29 00:11:14.845  7613  7664 D WM-WorkProgressUpdater: Updating progress for c131dc6b-42ab-44bf-a392-17d7b3d3a6fc (Data {pct : 80, mode : file})
09-29 00:11:14.847  7613  7664 I WM-Processor: Moving WorkSpec (c131dc6b-42ab-44bf-a392-17d7b3d3a6fc) to the foreground
09-29 00:11:14.847  7613  7613 D WM-SystemFgDispatcher: Notifying with (id:9368, workSpecId: c131dc6b-42ab-44bf-a392-17d7b3d3a6fc, notificationType :1)
09-29 00:11:14.848  7613  7664 D WM-WorkProgressUpdater: Updating progress for c131dc6b-42ab-44bf-a392-17d7b3d3a6fc (Data {pct : 81, mode : file})
09-29 00:11:14.848  7613  7613 D WM-SystemFgDispatcher: Notifying with (id:9368, workSpecId: c131dc6b-42ab-44bf-a392-17d7b3d3a6fc, notificationType :1)
09-29 00:11:14.849  7613  7664 I WM-Processor: Moving WorkSpec (c131dc6b-42ab-44bf-a392-17d7b3d3a6fc) to the foreground
09-29 00:11:14.850  7613  7613 D WM-SystemFgDispatcher: Notifying with (id:9368, workSpecId: c131dc6b-42ab-44bf-a392-17d7b3d3a6fc, notificationType :1)
09-29 00:11:14.850  7613  7664 D WM-WorkProgressUpdater: Updating progress for c131dc6b-42ab-44bf-a392-17d7b3d3a6fc (Data {pct : 82, mode : file})
09-29 00:11:14.859  7613  7664 I WM-Processor: Moving WorkSpec (c131dc6b-42ab-44bf-a392-17d7b3d3a6fc) to the foreground
09-29 00:11:14.860  7613  7664 D WM-WorkProgressUpdater: Updating progress for c131dc6b-42ab-44bf-a392-17d7b3d3a6fc (Data {pct : 83, mode : file})
09-29 00:11:14.860  7613  7613 D WM-SystemFgDispatcher: Notifying with (id:9368, workSpecId: c131dc6b-42ab-44bf-a392-17d7b3d3a6fc, notificationType :1)
09-29 00:11:14.862  7613  7664 I WM-Processor: Moving WorkSpec (c131dc6b-42ab-44bf-a392-17d7b3d3a6fc) to the foreground
09-29 00:11:14.863  7613  7664 D WM-WorkProgressUpdater: Updating progress for c131dc6b-42ab-44bf-a392-17d7b3d3a6fc (Data {pct : 84, mode : file})
09-29 00:11:14.865  7613  7613 D WM-SystemFgDispatcher: Notifying with (id:9368, workSpecId: c131dc6b-42ab-44bf-a392-17d7b3d3a6fc, notificationType :1)
09-29 00:11:14.865  7613  7664 I WM-Processor: Moving WorkSpec (c131dc6b-42ab-44bf-a392-17d7b3d3a6fc) to the foreground
09-29 00:11:14.867  7613  7664 D WM-WorkProgressUpdater: Updating progress for c131dc6b-42ab-44bf-a392-17d7b3d3a6fc (Data {pct : 86, mode : file})
09-29 00:11:14.867  7613  7613 D WM-SystemFgDispatcher: Notifying with (id:9368, workSpecId: c131dc6b-42ab-44bf-a392-17d7b3d3a6fc, notificationType :1)
09-29 00:11:14.869  7613  7664 I WM-Processor: Moving WorkSpec (c131dc6b-42ab-44bf-a392-17d7b3d3a6fc) to the foreground
09-29 00:11:14.870  7613  7664 D WM-WorkProgressUpdater: Updating progress for c131dc6b-42ab-44bf-a392-17d7b3d3a6fc (Data {pct : 87, mode : file})
09-29 00:11:14.871  7613  7664 I WM-Processor: Moving WorkSpec (c131dc6b-42ab-44bf-a392-17d7b3d3a6fc) to the foreground
09-29 00:11:14.872  7613  7613 D WM-SystemFgDispatcher: Notifying with (id:9368, workSpecId: c131dc6b-42ab-44bf-a392-17d7b3d3a6fc, notificationType :1)
09-29 00:11:14.872  7613  7664 D WM-WorkProgressUpdater: Updating progress for c131dc6b-42ab-44bf-a392-17d7b3d3a6fc (Data {pct : 88, mode : file})
09-29 00:11:14.873  7613  7613 D WM-SystemFgDispatcher: Notifying with (id:9368, workSpecId: c131dc6b-42ab-44bf-a392-17d7b3d3a6fc, notificationType :1)
09-29 00:11:14.874  7613  7664 I WM-Processor: Moving WorkSpec (c131dc6b-42ab-44bf-a392-17d7b3d3a6fc) to the foreground
09-29 00:11:14.875  7613  7664 D WM-WorkProgressUpdater: Updating progress for c131dc6b-42ab-44bf-a392-17d7b3d3a6fc (Data {pct : 89, mode : file})
09-29 00:11:14.875  7613  7613 D WM-SystemFgDispatcher: Notifying with (id:9368, workSpecId: c131dc6b-42ab-44bf-a392-17d7b3d3a6fc, notificationType :1)
09-29 00:11:14.877  7613  7664 I WM-Processor: Moving WorkSpec (c131dc6b-42ab-44bf-a392-17d7b3d3a6fc) to the foreground
09-29 00:11:14.878  7613  7664 D WM-WorkProgressUpdater: Updating progress for c131dc6b-42ab-44bf-a392-17d7b3d3a6fc (Data {pct : 90, mode : file})
09-29 00:11:14.880  7613  7664 I WM-Processor: Moving WorkSpec (c131dc6b-42ab-44bf-a392-17d7b3d3a6fc) to the foreground
09-29 00:11:14.881  7613  7613 D WM-SystemFgDispatcher: Notifying with (id:9368, workSpecId: c131dc6b-42ab-44bf-a392-17d7b3d3a6fc, notificationType :1)
09-29 00:11:14.881  7613  7664 D WM-WorkProgressUpdater: Updating progress for 8e399662-9d01-476c-b6ad-3ca2e397fbb9 (Data {pct : 11, mode : file})
09-29 00:11:14.882  7613  7613 D WM-SystemFgDispatcher: Notifying with (id:9368, workSpecId: c131dc6b-42ab-44bf-a392-17d7b3d3a6fc, notificationType :1)
09-29 00:11:14.883  7613  7664 I WM-Processor: Moving WorkSpec (8e399662-9d01-476c-b6ad-3ca2e397fbb9) to the foreground
09-29 00:11:14.884  7613  7664 D WM-WorkProgressUpdater: Updating progress for 8e399662-9d01-476c-b6ad-3ca2e397fbb9 (Data {pct : 12, mode : file})
09-29 00:11:14.884  7613  7613 D WM-SystemFgDispatcher: Notifying with (id:6101, workSpecId: 8e399662-9d01-476c-b6ad-3ca2e397fbb9, notificationType :1)
09-29 00:11:14.886  7613  7664 I WM-Processor: Moving WorkSpec (8e399662-9d01-476c-b6ad-3ca2e397fbb9) to the foreground
09-29 00:11:14.887  7613  7664 D WM-WorkProgressUpdater: Updating progress for 8e399662-9d01-476c-b6ad-3ca2e397fbb9 (Data {pct : 13, mode : file})
09-29 00:11:14.889  7613  7664 I WM-Processor: Moving WorkSpec (8e399662-9d01-476c-b6ad-3ca2e397fbb9) to the foreground
09-29 00:11:14.889  7613  7613 D WM-SystemFgDispatcher: Notifying with (id:6101, workSpecId: 8e399662-9d01-476c-b6ad-3ca2e397fbb9, notificationType :1)
09-29 00:11:14.890  7613  7664 D WM-WorkProgressUpdater: Updating progress for 8e399662-9d01-476c-b6ad-3ca2e397fbb9 (Data {pct : 14, mode : file})
09-29 00:11:14.890  7613  7613 D WM-SystemFgDispatcher: Notifying with (id:6101, workSpecId: 8e399662-9d01-476c-b6ad-3ca2e397fbb9, notificationType :1)
09-29 00:11:14.891  7613  7664 I WM-Processor: Moving WorkSpec (8e399662-9d01-476c-b6ad-3ca2e397fbb9) to the foreground
09-29 00:11:14.893  7613  7664 D WM-WorkProgressUpdater: Updating progress for 8e399662-9d01-476c-b6ad-3ca2e397fbb9 (Data {pct : 15, mode : file})
09-29 00:11:14.893  7613  7613 D WM-SystemFgDispatcher: Notifying with (id:6101, workSpecId: 8e399662-9d01-476c-b6ad-3ca2e397fbb9, notificationType :1)
09-29 00:11:14.895  7613  7664 I WM-Processor: Moving WorkSpec (8e399662-9d01-476c-b6ad-3ca2e397fbb9) to the foreground
09-29 00:11:14.896  7613  7664 D WM-WorkProgressUpdater: Updating progress for 8e399662-9d01-476c-b6ad-3ca2e397fbb9 (Data {pct : 16, mode : file})
09-29 00:11:14.897  7613  7664 I WM-Processor: Moving WorkSpec (8e399662-9d01-476c-b6ad-3ca2e397fbb9) to the foreground
09-29 00:11:14.898  7613  7613 D WM-SystemFgDispatcher: Notifying with (id:6101, workSpecId: 8e399662-9d01-476c-b6ad-3ca2e397fbb9, notificationType :1)
09-29 00:11:14.898  7613  7664 D WM-WorkProgressUpdater: Updating progress for 8e399662-9d01-476c-b6ad-3ca2e397fbb9 (Data {pct : 17, mode : file})
09-29 00:11:14.899  7613  7613 D WM-SystemFgDispatcher: Notifying with (id:6101, workSpecId: 8e399662-9d01-476c-b6ad-3ca2e397fbb9, notificationType :1)
09-29 00:11:14.899  7613  7664 I WM-Processor: Moving WorkSpec (8e399662-9d01-476c-b6ad-3ca2e397fbb9) to the foreground
09-29 00:11:14.900  7613  7664 D WM-WorkProgressUpdater: Updating progress for 8e399662-9d01-476c-b6ad-3ca2e397fbb9 (Data {pct : 18, mode : file})
09-29 00:11:14.900  7613  7613 D WM-SystemFgDispatcher: Notifying with (id:6101, workSpecId: 8e399662-9d01-476c-b6ad-3ca2e397fbb9, notificationType :1)
09-29 00:11:14.902  7613  7664 I WM-Processor: Moving WorkSpec (8e399662-9d01-476c-b6ad-3ca2e397fbb9) to the foreground
09-29 00:11:14.903  7613  7664 D WM-WorkProgressUpdater: Updating progress for 8e399662-9d01-476c-b6ad-3ca2e397fbb9 (Data {pct : 19, mode : file})
09-29 00:11:14.904  7613  7664 I WM-Processor: Moving WorkSpec (8e399662-9d01-476c-b6ad-3ca2e397fbb9) to the foreground
09-29 00:11:14.905  7613  7664 D WM-WorkProgressUpdater: Updating progress for 8e399662-9d01-476c-b6ad-3ca2e397fbb9 (Data {pct : 20, mode : file})
09-29 00:11:14.906  7613  7613 D WM-SystemFgDispatcher: Notifying with (id:6101, workSpecId: 8e399662-9d01-476c-b6ad-3ca2e397fbb9, notificationType :1)
09-29 00:11:14.907  7613  7613 D WM-SystemFgDispatcher: Notifying with (id:6101, workSpecId: 8e399662-9d01-476c-b6ad-3ca2e397fbb9, notificationType :1)
09-29 00:11:14.907  7613  7664 I WM-Processor: Moving WorkSpec (8e399662-9d01-476c-b6ad-3ca2e397fbb9) to the foreground
09-29 00:11:14.909  7613  7613 D WM-SystemFgDispatcher: Notifying with (id:6101, workSpecId: 8e399662-9d01-476c-b6ad-3ca2e397fbb9, notificationType :1)
09-29 00:11:14.909  7613  7664 D WM-WorkProgressUpdater: Updating progress for 8e399662-9d01-476c-b6ad-3ca2e397fbb9 (Data {pct : 21, mode : file})
09-29 00:11:14.910  7613  7664 I WM-Processor: Moving WorkSpec (8e399662-9d01-476c-b6ad-3ca2e397fbb9) to the foreground
09-29 00:11:14.911  7613  7664 D WM-WorkProgressUpdater: Updating progress for 8e399662-9d01-476c-b6ad-3ca2e397fbb9 (Data {pct : 22, mode : file})
09-29 00:11:14.913  7613  7664 I WM-Processor: Moving WorkSpec (8e399662-9d01-476c-b6ad-3ca2e397fbb9) to the foreground
09-29 00:11:14.914  7613  7664 D WM-WorkProgressUpdater: Updating progress for 9483589e-cfcb-4744-96df-d67bb1af297e (Data {pct : 11, mode : file})
09-29 00:11:14.914  7613  7613 D WM-SystemFgDispatcher: Notifying with (id:6101, workSpecId: 8e399662-9d01-476c-b6ad-3ca2e397fbb9, notificationType :1)
09-29 00:11:14.915  7613  7664 D WM-WorkProgressUpdater: Updating progress for 8e399662-9d01-476c-b6ad-3ca2e397fbb9 (Data {pct : 23, mode : file})
09-29 00:11:14.915  7613  7613 D WM-SystemFgDispatcher: Notifying with (id:6101, workSpecId: 8e399662-9d01-476c-b6ad-3ca2e397fbb9, notificationType :1)
09-29 00:11:14.916  7613  7664 I WM-Processor: Moving WorkSpec (9483589e-cfcb-4744-96df-d67bb1af297e) to the foreground
09-29 00:11:14.917  7613  7613 D WM-SystemFgDispatcher: Notifying with (id:6569, workSpecId: 9483589e-cfcb-4744-96df-d67bb1af297e, notificationType :1)
09-29 00:11:14.917  7613  7664 D WM-WorkProgressUpdater: Updating progress for 9483589e-cfcb-4744-96df-d67bb1af297e (Data {pct : 13, mode : file})
09-29 00:11:14.919  7613  7664 I WM-Processor: Moving WorkSpec (9483589e-cfcb-4744-96df-d67bb1af297e) to the foreground
09-29 00:11:14.920  7613  7664 D WM-WorkProgressUpdater: Updating progress for 9483589e-cfcb-4744-96df-d67bb1af297e (Data {pct : 15, mode : file})
09-29 00:11:14.921  7613  7664 I WM-Processor: Moving WorkSpec (9483589e-cfcb-4744-96df-d67bb1af297e) to the foreground
09-29 00:11:14.922  7613  7664 D WM-WorkProgressUpdater: Updating progress for 9483589e-cfcb-4744-96df-d67bb1af297e (Data {pct : 17, mode : file})
09-29 00:11:14.922  7613  7613 D WM-SystemFgDispatcher: Notifying with (id:6569, workSpecId: 9483589e-cfcb-4744-96df-d67bb1af297e, notificationType :1)
09-29 00:11:14.923  7613  7613 D WM-SystemFgDispatcher: Notifying with (id:6569, workSpecId: 9483589e-cfcb-4744-96df-d67bb1af297e, notificationType :1)
09-29 00:11:14.923  7613  7664 I WM-Processor: Moving WorkSpec (9483589e-cfcb-4744-96df-d67bb1af297e) to the foreground
09-29 00:11:14.924  7613  7664 D WM-WorkProgressUpdater: Updating progress for 9483589e-cfcb-4744-96df-d67bb1af297e (Data {pct : 19, mode : file})
09-29 00:11:14.924  7613  7613 D WM-SystemFgDispatcher: Notifying with (id:6569, workSpecId: 9483589e-cfcb-4744-96df-d67bb1af297e, notificationType :1)
09-29 00:11:14.925  7613  7664 I WM-Processor: Moving WorkSpec (9483589e-cfcb-4744-96df-d67bb1af297e) to the foreground
09-29 00:11:14.927  7613  7613 D WM-SystemFgDispatcher: Notifying with (id:6569, workSpecId: 9483589e-cfcb-4744-96df-d67bb1af297e, notificationType :1)
09-29 00:11:14.927  7613  7664 D WM-WorkProgressUpdater: Updating progress for 9483589e-cfcb-4744-96df-d67bb1af297e (Data {pct : 21, mode : file})
09-29 00:11:14.929  7613  7664 I WM-Processor: Moving WorkSpec (9483589e-cfcb-4744-96df-d67bb1af297e) to the foreground
09-29 00:11:14.930  7613  7664 I WM-Processor: Moving WorkSpec (8e399662-9d01-476c-b6ad-3ca2e397fbb9) to the foreground
09-29 00:11:14.931  7613  7664 D WM-WorkProgressUpdater: Updating progress for 9483589e-cfcb-4744-96df-d67bb1af297e (Data {pct : 23, mode : file})
09-29 00:11:14.931  7613  7613 D WM-SystemFgDispatcher: Notifying with (id:6569, workSpecId: 9483589e-cfcb-4744-96df-d67bb1af297e, notificationType :1)
09-29 00:11:14.932  7613  7613 D WM-SystemFgDispatcher: Notifying with (id:6101, workSpecId: 8e399662-9d01-476c-b6ad-3ca2e397fbb9, notificationType :1)
09-29 00:11:14.932  7613  7664 I WM-Processor: Moving WorkSpec (9483589e-cfcb-4744-96df-d67bb1af297e) to the foreground
09-29 00:11:14.934  7613  7613 D WM-SystemFgDispatcher: Notifying with (id:6569, workSpecId: 9483589e-cfcb-4744-96df-d67bb1af297e, notificationType :1)
09-29 00:11:14.934  7613  7664 D WM-WorkProgressUpdater: Updating progress for 8e399662-9d01-476c-b6ad-3ca2e397fbb9 (Data {pct : 24, mode : file})
09-29 00:11:14.935  7613  7664 D WM-WorkProgressUpdater: Updating progress for 9483589e-cfcb-4744-96df-d67bb1af297e (Data {pct : 24, mode : file})
09-29 00:11:14.936  7613  7664 I WM-Processor: Moving WorkSpec (8e399662-9d01-476c-b6ad-3ca2e397fbb9) to the foreground
09-29 00:11:14.938  7613  7664 I WM-Processor: Moving WorkSpec (9483589e-cfcb-4744-96df-d67bb1af297e) to the foreground
09-29 00:11:14.938  7613  7664 D WM-WorkProgressUpdater: Updating progress for 9483589e-cfcb-4744-96df-d67bb1af297e (Data {pct : 26, mode : file})
09-29 00:11:14.939  7613  7613 D WM-SystemFgDispatcher: Notifying with (id:6101, workSpecId: 8e399662-9d01-476c-b6ad-3ca2e397fbb9, notificationType :1)
09-29 00:11:14.939  7613  7664 D WM-WorkProgressUpdater: Updating progress for 8e399662-9d01-476c-b6ad-3ca2e397fbb9 (Data {pct : 25, mode : file})
09-29 00:11:14.940  7613  7613 D WM-SystemFgDispatcher: Notifying with (id:6569, workSpecId: 9483589e-cfcb-4744-96df-d67bb1af297e, notificationType :1)
09-29 00:11:14.941  7613  7664 I WM-Processor: Moving WorkSpec (9483589e-cfcb-4744-96df-d67bb1af297e) to the foreground
09-29 00:11:14.942  7613  7613 D WM-SystemFgDispatcher: Notifying with (id:6569, workSpecId: 9483589e-cfcb-4744-96df-d67bb1af297e, notificationType :1)
09-29 00:11:14.942  7613  7664 I WM-Processor: Moving WorkSpec (8e399662-9d01-476c-b6ad-3ca2e397fbb9) to the foreground
09-29 00:11:14.943  7613  7613 D WM-SystemFgDispatcher: Notifying with (id:6101, workSpecId: 8e399662-9d01-476c-b6ad-3ca2e397fbb9, notificationType :1)
09-29 00:11:14.943  7613  7664 D WM-WorkProgressUpdater: Updating progress for 9483589e-cfcb-4744-96df-d67bb1af297e (Data {pct : 28, mode : file})
09-29 00:11:14.944  7613  7664 D WM-WorkProgressUpdater: Updating progress for 8e399662-9d01-476c-b6ad-3ca2e397fbb9 (Data {pct : 26, mode : file})
09-29 00:11:14.946  7613  7664 I WM-Processor: Moving WorkSpec (8e399662-9d01-476c-b6ad-3ca2e397fbb9) to the foreground
09-29 00:11:14.948  7613  7613 D WM-SystemFgDispatcher: Notifying with (id:6101, workSpecId: 8e399662-9d01-476c-b6ad-3ca2e397fbb9, notificationType :1)
09-29 00:11:14.948  7613  7664 I WM-Processor: Moving WorkSpec (9483589e-cfcb-4744-96df-d67bb1af297e) to the foreground
09-29 00:11:14.950  7613  7664 D WM-WorkProgressUpdater: Updating progress for 9483589e-cfcb-4744-96df-d67bb1af297e (Data {pct : 30, mode : file})
09-29 00:11:14.950  7613  7613 D WM-SystemFgDispatcher: Notifying with (id:6569, workSpecId: 9483589e-cfcb-4744-96df-d67bb1af297e, notificationType :1)
09-29 00:11:14.951  7613  7664 D WM-WorkProgressUpdater: Updating progress for 8e399662-9d01-476c-b6ad-3ca2e397fbb9 (Data {pct : 27, mode : file})
09-29 00:11:14.952  7613  7664 I WM-Processor: Moving WorkSpec (9483589e-cfcb-4744-96df-d67bb1af297e) to the foreground
09-29 00:11:14.954  7613  7664 I WM-Processor: Moving WorkSpec (8e399662-9d01-476c-b6ad-3ca2e397fbb9) to the foreground
09-29 00:11:14.955  7613  7664 D WM-WorkProgressUpdater: Updating progress for 8e399662-9d01-476c-b6ad-3ca2e397fbb9 (Data {pct : 28, mode : file})
09-29 00:11:14.955  7613  7613 D WM-SystemFgDispatcher: Notifying with (id:6569, workSpecId: 9483589e-cfcb-4744-96df-d67bb1af297e, notificationType :1)
09-29 00:11:14.956  7613  7664 I WM-Processor: Moving WorkSpec (8e399662-9d01-476c-b6ad-3ca2e397fbb9) to the foreground
09-29 00:11:14.956  7613  7613 D WM-SystemFgDispatcher: Notifying with (id:6101, workSpecId: 8e399662-9d01-476c-b6ad-3ca2e397fbb9, notificationType :1)
09-29 00:11:14.957  7613  7664 D WM-WorkProgressUpdater: Updating progress for 8e399662-9d01-476c-b6ad-3ca2e397fbb9 (Data {pct : 29, mode : file})
09-29 00:11:14.958  7613  7613 D WM-SystemFgDispatcher: Notifying with (id:6101, workSpecId: 8e399662-9d01-476c-b6ad-3ca2e397fbb9, notificationType :1)
09-29 00:11:14.959  7613  7664 I WM-Processor: Moving WorkSpec (8e399662-9d01-476c-b6ad-3ca2e397fbb9) to the foreground
09-29 00:11:14.960  7613  7613 D WM-SystemFgDispatcher: Notifying with (id:6101, workSpecId: 8e399662-9d01-476c-b6ad-3ca2e397fbb9, notificationType :1)
09-29 00:11:14.960  7613  7664 D WM-WorkProgressUpdater: Updating progress for 8e399662-9d01-476c-b6ad-3ca2e397fbb9 (Data {pct : 30, mode : file})
09-29 00:11:14.962  7613  7664 I WM-Processor: Moving WorkSpec (8e399662-9d01-476c-b6ad-3ca2e397fbb9) to the foreground
09-29 00:11:14.963  7613  7664 D WM-WorkProgressUpdater: Updating progress for 8e399662-9d01-476c-b6ad-3ca2e397fbb9 (Data {pct : 31, mode : file})
09-29 00:11:14.964  7613  7613 D WM-SystemFgDispatcher: Notifying with (id:6101, workSpecId: 8e399662-9d01-476c-b6ad-3ca2e397fbb9, notificationType :1)
09-29 00:11:14.965  7613  7664 I WM-Processor: Moving WorkSpec (8e399662-9d01-476c-b6ad-3ca2e397fbb9) to the foreground
09-29 00:11:14.966  7613  7613 D WM-SystemFgDispatcher: Notifying with (id:6101, workSpecId: 8e399662-9d01-476c-b6ad-3ca2e397fbb9, notificationType :1)
09-29 00:11:14.966  7613  7664 D WM-WorkProgressUpdater: Updating progress for 8e399662-9d01-476c-b6ad-3ca2e397fbb9 (Data {pct : 32, mode : file})
09-29 00:11:14.966  7613  7613 I NotificationManager: com.negi.survey: notify(6101, null, Notification(channel=uploads shortcut=null contentView=null vibrate=null sound=null defaults=0 flags=ONGOING_EVENT|ONLY_ALERT_ONCE color=0x00000000 category=progress vis=PRIVATE semFlags=0x0 semPriority=0 semMissedCount=0 semScenarioType=0)) as user
09-29 00:11:14.968  7613  7664 I WM-Processor: Moving WorkSpec (8e399662-9d01-476c-b6ad-3ca2e397fbb9) to the foreground
09-29 00:11:14.969  7613  7664 D WM-WorkProgressUpdater: Updating progress for 9483589e-cfcb-4744-96df-d67bb1af297e (Data {pct : 32, mode : file})
09-29 00:11:14.970  7613  7613 D WM-SystemFgDispatcher: Notifying with (id:6101, workSpecId: 8e399662-9d01-476c-b6ad-3ca2e397fbb9, notificationType :1)
09-29 00:11:14.970  7613  7664 D WM-WorkProgressUpdater: Updating progress for 8e399662-9d01-476c-b6ad-3ca2e397fbb9 (Data {pct : 33, mode : file})
09-29 00:11:14.971  7613  7664 I WM-Processor: Moving WorkSpec (9483589e-cfcb-4744-96df-d67bb1af297e) to the foreground
09-29 00:11:14.973  7613  7664 I WM-Processor: Moving WorkSpec (8e399662-9d01-476c-b6ad-3ca2e397fbb9) to the foreground
09-29 00:11:14.974  7613  7665 D WM-WorkProgressUpdater: Updating progress for 9483589e-cfcb-4744-96df-d67bb1af297e (Data {pct : 34, mode : file})
09-29 00:11:14.974  7613  7613 D WM-SystemFgDispatcher: Notifying with (id:6569, workSpecId: 9483589e-cfcb-4744-96df-d67bb1af297e, notificationType :1)
09-29 00:11:14.975  7613  7613 D WM-SystemFgDispatcher: Notifying with (id:6101, workSpecId: 8e399662-9d01-476c-b6ad-3ca2e397fbb9, notificationType :1)
09-29 00:11:14.975  7613  7665 I WM-Processor: Moving WorkSpec (9483589e-cfcb-4744-96df-d67bb1af297e) to the foreground
09-29 00:11:14.976  7613  7613 D WM-SystemFgDispatcher: Notifying with (id:6569, workSpecId: 9483589e-cfcb-4744-96df-d67bb1af297e, notificationType :1)
09-29 00:11:14.976  7613  7665 D WM-WorkProgressUpdater: Updating progress for 8e399662-9d01-476c-b6ad-3ca2e397fbb9 (Data {pct : 34, mode : file})
09-29 00:11:14.978  7613  7665 I WM-Processor: Moving WorkSpec (8e399662-9d01-476c-b6ad-3ca2e397fbb9) to the foreground
09-29 00:11:14.982  7613  7613 D WM-SystemFgDispatcher: Notifying with (id:6101, workSpecId: 8e399662-9d01-476c-b6ad-3ca2e397fbb9, notificationType :1)
09-29 00:11:14.982  7613  7665 D WM-WorkProgressUpdater: Updating progress for 9483589e-cfcb-4744-96df-d67bb1af297e (Data {pct : 36, mode : file})
09-29 00:11:14.983  7613  7665 D WM-WorkProgressUpdater: Updating progress for 8e399662-9d01-476c-b6ad-3ca2e397fbb9 (Data {pct : 35, mode : file})
09-29 00:11:14.984  7613  7665 I WM-Processor: Moving WorkSpec (9483589e-cfcb-4744-96df-d67bb1af297e) to the foreground
09-29 00:11:14.985  7613  7613 D WM-SystemFgDispatcher: Notifying with (id:6569, workSpecId: 9483589e-cfcb-4744-96df-d67bb1af297e, notificationType :1)
09-29 00:11:14.987  7613  7665 I WM-Processor: Moving WorkSpec (8e399662-9d01-476c-b6ad-3ca2e397fbb9) to the foreground
09-29 00:11:14.988  7613  7665 D WM-WorkProgressUpdater: Updating progress for 9483589e-cfcb-4744-96df-d67bb1af297e (Data {pct : 37, mode : file})
09-29 00:11:14.989  7613  7665 D WM-WorkProgressUpdater: Updating progress for 8e399662-9d01-476c-b6ad-3ca2e397fbb9 (Data {pct : 36, mode : file})
09-29 00:11:14.990  7613  7613 D WM-SystemFgDispatcher: Notifying with (id:6101, workSpecId: 8e399662-9d01-476c-b6ad-3ca2e397fbb9, notificationType :1)
09-29 00:11:14.991  7613  7666 I WM-Processor: Moving WorkSpec (9483589e-cfcb-4744-96df-d67bb1af297e) to the foreground
09-29 00:11:14.993  7613  7613 D WM-SystemFgDispatcher: Notifying with (id:6569, workSpecId: 9483589e-cfcb-4744-96df-d67bb1af297e, notificationType :1)
09-29 00:11:14.993  7613  7666 I WM-Processor: Moving WorkSpec (8e399662-9d01-476c-b6ad-3ca2e397fbb9) to the foreground
09-29 00:11:14.995  7613  7666 D WM-WorkProgressUpdater: Updating progress for 9483589e-cfcb-4744-96df-d67bb1af297e (Data {pct : 39, mode : file})
09-29 00:11:14.996  7613  7666 D WM-WorkProgressUpdater: Updating progress for 8e399662-9d01-476c-b6ad-3ca2e397fbb9 (Data {pct : 37, mode : file})
09-29 00:11:14.997  7613  7613 D WM-SystemFgDispatcher: Notifying with (id:6101, workSpecId: 8e399662-9d01-476c-b6ad-3ca2e397fbb9, notificationType :1)
09-29 00:11:15.007  7613  7666 I WM-Processor: Moving WorkSpec (9483589e-cfcb-4744-96df-d67bb1af297e) to the foreground
09-29 00:11:15.008  7613  7613 D WM-SystemFgDispatcher: Notifying with (id:6569, workSpecId: 9483589e-cfcb-4744-96df-d67bb1af297e, notificationType :1)
09-29 00:11:15.008  7613  7666 I WM-Processor: Moving WorkSpec (8e399662-9d01-476c-b6ad-3ca2e397fbb9) to the foreground
09-29 00:11:15.010  7613  7613 D WM-SystemFgDispatcher: Notifying with (id:6101, workSpecId: 8e399662-9d01-476c-b6ad-3ca2e397fbb9, notificationType :1)
09-29 00:11:15.010  7613  7666 D WM-WorkProgressUpdater: Updating progress for 9483589e-cfcb-4744-96df-d67bb1af297e (Data {pct : 41, mode : file})
09-29 00:11:15.012  7613  7655 D WM-WorkProgressUpdater: Updating progress for 8e399662-9d01-476c-b6ad-3ca2e397fbb9 (Data {pct : 38, mode : file})
09-29 00:11:15.013  7613  7655 I WM-Processor: Moving WorkSpec (9483589e-cfcb-4744-96df-d67bb1af297e) to the foreground
09-29 00:11:15.015  7613  7613 D WM-SystemFgDispatcher: Notifying with (id:6569, workSpecId: 9483589e-cfcb-4744-96df-d67bb1af297e, notificationType :1)
09-29 00:11:15.015  7613  7655 I WM-Processor: Moving WorkSpec (8e399662-9d01-476c-b6ad-3ca2e397fbb9) to the foreground
09-29 00:11:15.016  7613  7613 D WM-SystemFgDispatcher: Notifying with (id:6101, workSpecId: 8e399662-9d01-476c-b6ad-3ca2e397fbb9, notificationType :1)
09-29 00:11:15.016  7613  7655 D WM-WorkProgressUpdater: Updating progress for 9483589e-cfcb-4744-96df-d67bb1af297e (Data {pct : 43, mode : file})
09-29 00:11:15.018  7613  7655 D WM-WorkProgressUpdater: Updating progress for 8e399662-9d01-476c-b6ad-3ca2e397fbb9 (Data {pct : 39, mode : file})
09-29 00:11:15.019  7613  7655 I WM-Processor: Moving WorkSpec (9483589e-cfcb-4744-96df-d67bb1af297e) to the foreground
09-29 00:11:15.020  7613  7655 I WM-Processor: Moving WorkSpec (8e399662-9d01-476c-b6ad-3ca2e397fbb9) to the foreground
09-29 00:11:15.021  7613  7655 D WM-WorkProgressUpdater: Updating progress for 9483589e-cfcb-4744-96df-d67bb1af297e (Data {pct : 45, mode : file})
09-29 00:11:15.022  7613  7613 D WM-SystemFgDispatcher: Notifying with (id:6569, workSpecId: 9483589e-cfcb-4744-96df-d67bb1af297e, notificationType :1)
09-29 00:11:15.023  7613  7613 D WM-SystemFgDispatcher: Notifying with (id:6101, workSpecId: 8e399662-9d01-476c-b6ad-3ca2e397fbb9, notificationType :1)
09-29 00:11:15.023  7613  7655 I WM-Processor: Moving WorkSpec (9483589e-cfcb-4744-96df-d67bb1af297e) to the foreground
09-29 00:11:15.025  7613  7613 D WM-SystemFgDispatcher: Notifying with (id:6569, workSpecId: 9483589e-cfcb-4744-96df-d67bb1af297e, notificationType :1)
09-29 00:11:15.025  7613  7655 D WM-WorkProgressUpdater: Updating progress for 8e399662-9d01-476c-b6ad-3ca2e397fbb9 (Data {pct : 40, mode : file})
09-29 00:11:15.027  7613  7655 I WM-Processor: Moving WorkSpec (8e399662-9d01-476c-b6ad-3ca2e397fbb9) to the foreground
09-29 00:11:15.028  7613  7665 D WM-WorkProgressUpdater: Updating progress for 9483589e-cfcb-4744-96df-d67bb1af297e (Data {pct : 47, mode : file})
09-29 00:11:15.029  7613  7665 D WM-WorkProgressUpdater: Updating progress for 8e399662-9d01-476c-b6ad-3ca2e397fbb9 (Data {pct : 41, mode : file})
09-29 00:11:15.031  7613  7665 I WM-Processor: Moving WorkSpec (9483589e-cfcb-4744-96df-d67bb1af297e) to the foreground
09-29 00:11:15.031  7613  7613 D WM-SystemFgDispatcher: Notifying with (id:6101, workSpecId: 8e399662-9d01-476c-b6ad-3ca2e397fbb9, notificationType :1)
09-29 00:11:15.033  7613  7613 D WM-SystemFgDispatcher: Notifying with (id:6569, workSpecId: 9483589e-cfcb-4744-96df-d67bb1af297e, notificationType :1)
09-29 00:11:15.033  7613  7665 I WM-Processor: Moving WorkSpec (8e399662-9d01-476c-b6ad-3ca2e397fbb9) to the foreground
09-29 00:11:15.034  7613  7665 D WM-WorkProgressUpdater: Updating progress for 8e399662-9d01-476c-b6ad-3ca2e397fbb9 (Data {pct : 42, mode : file})
09-29 00:11:15.034  7613  7613 D WM-SystemFgDispatcher: Notifying with (id:6101, workSpecId: 8e399662-9d01-476c-b6ad-3ca2e397fbb9, notificationType :1)
09-29 00:11:15.035  7613  7665 D WM-WorkProgressUpdater: Updating progress for 9483589e-cfcb-4744-96df-d67bb1af297e (Data {pct : 49, mode : file})
09-29 00:11:15.037  7613  7665 I WM-Processor: Moving WorkSpec (8e399662-9d01-476c-b6ad-3ca2e397fbb9) to the foreground
09-29 00:11:15.038  7613  7666 I WM-Processor: Moving WorkSpec (9483589e-cfcb-4744-96df-d67bb1af297e) to the foreground
09-29 00:11:15.039  7613  7666 D WM-WorkProgressUpdater: Updating progress for 9483589e-cfcb-4744-96df-d67bb1af297e (Data {pct : 50, mode : file})
09-29 00:11:15.040  7613  7613 D WM-SystemFgDispatcher: Notifying with (id:6101, workSpecId: 8e399662-9d01-476c-b6ad-3ca2e397fbb9, notificationType :1)
09-29 00:11:15.040  7613  7666 D WM-WorkProgressUpdater: Updating progress for 8e399662-9d01-476c-b6ad-3ca2e397fbb9 (Data {pct : 43, mode : file})
09-29 00:11:15.041  7613  7613 D WM-SystemFgDispatcher: Notifying with (id:6569, workSpecId: 9483589e-cfcb-4744-96df-d67bb1af297e, notificationType :1)
09-29 00:11:15.042  7613  7666 I WM-Processor: Moving WorkSpec (9483589e-cfcb-4744-96df-d67bb1af297e) to the foreground
09-29 00:11:15.043  7613  7613 D WM-SystemFgDispatcher: Notifying with (id:6569, workSpecId: 9483589e-cfcb-4744-96df-d67bb1af297e, notificationType :1)
09-29 00:11:15.043  7613  7666 I WM-Processor: Moving WorkSpec (8e399662-9d01-476c-b6ad-3ca2e397fbb9) to the foreground
09-29 00:11:15.045  7613  7666 D WM-WorkProgressUpdater: Updating progress for 9483589e-cfcb-4744-96df-d67bb1af297e (Data {pct : 52, mode : file})
09-29 00:11:15.047  7613  7666 I WM-Processor: Moving WorkSpec (9483589e-cfcb-4744-96df-d67bb1af297e) to the foreground
09-29 00:11:15.047  7613  7613 D WM-SystemFgDispatcher: Notifying with (id:6101, workSpecId: 8e399662-9d01-476c-b6ad-3ca2e397fbb9, notificationType :1)
09-29 00:11:15.048  7613  7666 D WM-WorkProgressUpdater: Updating progress for 9483589e-cfcb-4744-96df-d67bb1af297e (Data {pct : 54, mode : file})
09-29 00:11:15.049  7613  7613 D WM-SystemFgDispatcher: Notifying with (id:6569, workSpecId: 9483589e-cfcb-4744-96df-d67bb1af297e, notificationType :1)
09-29 00:11:15.050  7613  7666 I WM-Processor: Moving WorkSpec (9483589e-cfcb-4744-96df-d67bb1af297e) to the foreground
09-29 00:11:15.051  7613  7613 D WM-SystemFgDispatcher: Notifying with (id:6569, workSpecId: 9483589e-cfcb-4744-96df-d67bb1af297e, notificationType :1)
09-29 00:11:15.051  7613  7666 D WM-WorkProgressUpdater: Updating progress for 9483589e-cfcb-4744-96df-d67bb1af297e (Data {pct : 56, mode : file})
09-29 00:11:15.054  7613  7666 I WM-Processor: Moving WorkSpec (9483589e-cfcb-4744-96df-d67bb1af297e) to the foreground
09-29 00:11:15.054  7613  7666 D WM-WorkProgressUpdater: Updating progress for 8e399662-9d01-476c-b6ad-3ca2e397fbb9 (Data {pct : 45, mode : file})
09-29 00:11:15.055  7613  7613 D WM-SystemFgDispatcher: Notifying with (id:6569, workSpecId: 9483589e-cfcb-4744-96df-d67bb1af297e, notificationType :1)
09-29 00:11:15.056  7613  7666 I WM-Processor: Moving WorkSpec (8e399662-9d01-476c-b6ad-3ca2e397fbb9) to the foreground
09-29 00:11:15.057  7613  7613 D WM-SystemFgDispatcher: Notifying with (id:6101, workSpecId: 8e399662-9d01-476c-b6ad-3ca2e397fbb9, notificationType :1)
09-29 00:11:15.058  7613  7655 D WM-WorkProgressUpdater: Updating progress for 9483589e-cfcb-4744-96df-d67bb1af297e (Data {pct : 58, mode : file})
09-29 00:11:15.059  7613  7655 I WM-Processor: Moving WorkSpec (9483589e-cfcb-4744-96df-d67bb1af297e) to the foreground
09-29 00:11:15.060  7613  7655 D WM-WorkProgressUpdater: Updating progress for 8e399662-9d01-476c-b6ad-3ca2e397fbb9 (Data {pct : 46, mode : file})
09-29 00:11:15.060  7613  7613 D WM-SystemFgDispatcher: Notifying with (id:6569, workSpecId: 9483589e-cfcb-4744-96df-d67bb1af297e, notificationType :1)
09-29 00:11:15.061  7613  7655 I WM-Processor: Moving WorkSpec (8e399662-9d01-476c-b6ad-3ca2e397fbb9) to the foreground
09-29 00:11:15.063  7613  7655 D WM-WorkProgressUpdater: Updating progress for 8e399662-9d01-476c-b6ad-3ca2e397fbb9 (Data {pct : 47, mode : file})
09-29 00:11:15.064  7613  7613 D WM-SystemFgDispatcher: Notifying with (id:6101, workSpecId: 8e399662-9d01-476c-b6ad-3ca2e397fbb9, notificationType :1)
09-29 00:11:15.064  7613  7655 I WM-Processor: Moving WorkSpec (8e399662-9d01-476c-b6ad-3ca2e397fbb9) to the foreground
09-29 00:11:15.067  7613  7613 D WM-SystemFgDispatcher: Notifying with (id:6101, workSpecId: 8e399662-9d01-476c-b6ad-3ca2e397fbb9, notificationType :1)
09-29 00:11:15.067  7613  7665 D WM-WorkProgressUpdater: Updating progress for 8e399662-9d01-476c-b6ad-3ca2e397fbb9 (Data {pct : 48, mode : file})
09-29 00:11:15.068  7613  7665 I WM-Processor: Moving WorkSpec (8e399662-9d01-476c-b6ad-3ca2e397fbb9) to the foreground
09-29 00:11:15.069  7613  7665 D WM-WorkProgressUpdater: Updating progress for 9483589e-cfcb-4744-96df-d67bb1af297e (Data {pct : 60, mode : file})
09-29 00:11:15.071  7613  7665 I WM-Processor: Moving WorkSpec (9483589e-cfcb-4744-96df-d67bb1af297e) to the foreground
09-29 00:11:15.072  7613  7665 D WM-WorkProgressUpdater: Updating progress for 8e399662-9d01-476c-b6ad-3ca2e397fbb9 (Data {pct : 49, mode : file})
09-29 00:11:15.072  7613  7613 D WM-SystemFgDispatcher: Notifying with (id:6101, workSpecId: 8e399662-9d01-476c-b6ad-3ca2e397fbb9, notificationType :1)
09-29 00:11:15.072  7613  7613 D WM-SystemFgDispatcher: Notifying with (id:6569, workSpecId: 9483589e-cfcb-4744-96df-d67bb1af297e, notificationType :1)
09-29 00:11:15.073  7613  7665 I WM-Processor: Moving WorkSpec (8e399662-9d01-476c-b6ad-3ca2e397fbb9) to the foreground
09-29 00:11:15.074  7613  7665 D WM-WorkProgressUpdater: Updating progress for 9483589e-cfcb-4744-96df-d67bb1af297e (Data {pct : 62, mode : file})
09-29 00:11:15.074  7613  7613 D WM-SystemFgDispatcher: Notifying with (id:6101, workSpecId: 8e399662-9d01-476c-b6ad-3ca2e397fbb9, notificationType :1)
09-29 00:11:15.075  7613  7665 I WM-Processor: Moving WorkSpec (9483589e-cfcb-4744-96df-d67bb1af297e) to the foreground
09-29 00:11:15.076  7613  7613 D WM-SystemFgDispatcher: Notifying with (id:6569, workSpecId: 9483589e-cfcb-4744-96df-d67bb1af297e, notificationType :1)
09-29 00:11:15.077  7613  7665 D WM-WorkProgressUpdater: Updating progress for 8e399662-9d01-476c-b6ad-3ca2e397fbb9 (Data {pct : 50, mode : file})
09-29 00:11:15.078  7613  7665 I WM-Processor: Moving WorkSpec (8e399662-9d01-476c-b6ad-3ca2e397fbb9) to the foreground
09-29 00:11:15.080  7613  7664 D WM-WorkProgressUpdater: Updating progress for 9483589e-cfcb-4744-96df-d67bb1af297e (Data {pct : 64, mode : file})
09-29 00:11:15.081  7613  7613 D WM-SystemFgDispatcher: Notifying with (id:6101, workSpecId: 8e399662-9d01-476c-b6ad-3ca2e397fbb9, notificationType :1)
09-29 00:11:15.081  7613  7664 I WM-Processor: Moving WorkSpec (9483589e-cfcb-4744-96df-d67bb1af297e) to the foreground
09-29 00:11:15.083  7613  7664 D WM-WorkProgressUpdater: Updating progress for 8e399662-9d01-476c-b6ad-3ca2e397fbb9 (Data {pct : 51, mode : file})
09-29 00:11:15.083  7613  7613 D WM-SystemFgDispatcher: Notifying with (id:6569, workSpecId: 9483589e-cfcb-4744-96df-d67bb1af297e, notificationType :1)
09-29 00:11:15.084  7613  7664 D WM-WorkProgressUpdater: Updating progress for 9483589e-cfcb-4744-96df-d67bb1af297e (Data {pct : 65, mode : file})
09-29 00:11:15.085  7613  7664 I WM-Processor: Moving WorkSpec (9483589e-cfcb-4744-96df-d67bb1af297e) to the foreground
09-29 00:11:15.086  7613  7664 D WM-WorkProgressUpdater: Updating progress for 9483589e-cfcb-4744-96df-d67bb1af297e (Data {pct : 67, mode : file})
09-29 00:11:15.087  7613  7664 I WM-Processor: Moving WorkSpec (9483589e-cfcb-4744-96df-d67bb1af297e) to the foreground
09-29 00:11:15.088  7613  7664 D WM-WorkProgressUpdater: Updating progress for 9483589e-cfcb-4744-96df-d67bb1af297e (Data {pct : 69, mode : file})
09-29 00:11:15.088  7613  7613 D WM-SystemFgDispatcher: Notifying with (id:6569, workSpecId: 9483589e-cfcb-4744-96df-d67bb1af297e, notificationType :1)
09-29 00:11:15.089  7613  7655 I WM-Processor: Moving WorkSpec (8e399662-9d01-476c-b6ad-3ca2e397fbb9) to the foreground
09-29 00:11:15.089  7613  7613 D WM-SystemFgDispatcher: Notifying with (id:6569, workSpecId: 9483589e-cfcb-4744-96df-d67bb1af297e, notificationType :1)
09-29 00:11:15.090  7613  7655 I WM-Processor: Moving WorkSpec (9483589e-cfcb-4744-96df-d67bb1af297e) to the foreground
09-29 00:11:15.091  7613  7613 D WM-SystemFgDispatcher: Notifying with (id:6101, workSpecId: 8e399662-9d01-476c-b6ad-3ca2e397fbb9, notificationType :1)
09-29 00:11:15.091  7613  7655 D WM-WorkProgressUpdater: Updating progress for 8e399662-9d01-476c-b6ad-3ca2e397fbb9 (Data {pct : 52, mode : file})
09-29 00:11:15.092  7613  7613 D WM-SystemFgDispatcher: Notifying with (id:6569, workSpecId: 9483589e-cfcb-4744-96df-d67bb1af297e, notificationType :1)
09-29 00:11:15.094  7613  7655 I WM-Processor: Moving WorkSpec (8e399662-9d01-476c-b6ad-3ca2e397fbb9) to the foreground
09-29 00:11:15.095  7613  7655 D WM-WorkProgressUpdater: Updating progress for 9483589e-cfcb-4744-96df-d67bb1af297e (Data {pct : 71, mode : file})
09-29 00:11:15.097  7613  7655 I WM-Processor: Moving WorkSpec (9483589e-cfcb-4744-96df-d67bb1af297e) to the foreground
09-29 00:11:15.097  7613  7613 D WM-SystemFgDispatcher: Notifying with (id:6101, workSpecId: 8e399662-9d01-476c-b6ad-3ca2e397fbb9, notificationType :1)
09-29 00:11:15.098  7613  7655 D WM-WorkProgressUpdater: Updating progress for 8e399662-9d01-476c-b6ad-3ca2e397fbb9 (Data {pct : 53, mode : file})
09-29 00:11:15.098  7613  7613 D WM-SystemFgDispatcher: Notifying with (id:6569, workSpecId: 9483589e-cfcb-4744-96df-d67bb1af297e, notificationType :1)
09-29 00:11:15.100  7613  7655 I WM-Processor: Moving WorkSpec (8e399662-9d01-476c-b6ad-3ca2e397fbb9) to the foreground
09-29 00:11:15.101  7613  7655 D WM-WorkProgressUpdater: Updating progress for 9483589e-cfcb-4744-96df-d67bb1af297e (Data {pct : 73, mode : file})
09-29 00:11:15.101  7613  7613 D WM-SystemFgDispatcher: Notifying with (id:6101, workSpecId: 8e399662-9d01-476c-b6ad-3ca2e397fbb9, notificationType :1)
09-29 00:11:15.103  7613  7655 I WM-Processor: Moving WorkSpec (9483589e-cfcb-4744-96df-d67bb1af297e) to the foreground
09-29 00:11:15.103  7613  7655 D WM-WorkProgressUpdater: Updating progress for 8e399662-9d01-476c-b6ad-3ca2e397fbb9 (Data {pct : 54, mode : file})
09-29 00:11:15.104  7613  7655 D WM-WorkProgressUpdater: Updating progress for 9483589e-cfcb-4744-96df-d67bb1af297e (Data {pct : 75, mode : file})
09-29 00:11:15.106  7613  7613 D WM-SystemFgDispatcher: Notifying with (id:6569, workSpecId: 9483589e-cfcb-4744-96df-d67bb1af297e, notificationType :1)
09-29 00:11:15.106  7613  7655 I WM-Processor: Moving WorkSpec (8e399662-9d01-476c-b6ad-3ca2e397fbb9) to the foreground
09-29 00:11:15.107  7613  7613 D WM-SystemFgDispatcher: Notifying with (id:6101, workSpecId: 8e399662-9d01-476c-b6ad-3ca2e397fbb9, notificationType :1)
09-29 00:11:15.107  7613  7655 I WM-Processor: Moving WorkSpec (9483589e-cfcb-4744-96df-d67bb1af297e) to the foreground
09-29 00:11:15.108  7613  7613 D WM-SystemFgDispatcher: Notifying with (id:6569, workSpecId: 9483589e-cfcb-4744-96df-d67bb1af297e, notificationType :1)
09-29 00:11:15.108  7613  7655 D WM-WorkProgressUpdater: Updating progress for 8e399662-9d01-476c-b6ad-3ca2e397fbb9 (Data {pct : 55, mode : file})
09-29 00:11:15.109  7613  7655 D WM-WorkProgressUpdater: Updating progress for 9483589e-cfcb-4744-96df-d67bb1af297e (Data {pct : 77, mode : file})
09-29 00:11:15.111  7613  7655 I WM-Processor: Moving WorkSpec (8e399662-9d01-476c-b6ad-3ca2e397fbb9) to the foreground
09-29 00:11:15.112  7613  7655 I WM-Processor: Moving WorkSpec (9483589e-cfcb-4744-96df-d67bb1af297e) to the foreground
09-29 00:11:15.113  7613  7655 D WM-WorkProgressUpdater: Updating progress for 8e399662-9d01-476c-b6ad-3ca2e397fbb9 (Data {pct : 56, mode : file})
09-29 00:11:15.114  7613  7613 D WM-SystemFgDispatcher: Notifying with (id:6101, workSpecId: 8e399662-9d01-476c-b6ad-3ca2e397fbb9, notificationType :1)
09-29 00:11:15.114  7613  7655 D WM-WorkProgressUpdater: Updating progress for 9483589e-cfcb-4744-96df-d67bb1af297e (Data {pct : 78, mode : file})
09-29 00:11:15.114  7613  7613 D WM-SystemFgDispatcher: Notifying with (id:6569, workSpecId: 9483589e-cfcb-4744-96df-d67bb1af297e, notificationType :1)
09-29 00:11:15.115  7613  7655 I WM-Processor: Moving WorkSpec (8e399662-9d01-476c-b6ad-3ca2e397fbb9) to the foreground
09-29 00:11:15.116  7613  7613 D WM-SystemFgDispatcher: Notifying with (id:6101, workSpecId: 8e399662-9d01-476c-b6ad-3ca2e397fbb9, notificationType :1)
09-29 00:11:15.117  7613  7655 I WM-Processor: Moving WorkSpec (9483589e-cfcb-4744-96df-d67bb1af297e) to the foreground
09-29 00:11:15.118  7613  7613 D WM-SystemFgDispatcher: Notifying with (id:6569, workSpecId: 9483589e-cfcb-4744-96df-d67bb1af297e, notificationType :1)
09-29 00:11:15.118  7613  7655 D WM-WorkProgressUpdater: Updating progress for 8e399662-9d01-476c-b6ad-3ca2e397fbb9 (Data {pct : 57, mode : file})
09-29 00:11:15.119  7613  7655 I WM-Processor: Moving WorkSpec (8e399662-9d01-476c-b6ad-3ca2e397fbb9) to the foreground
09-29 00:11:15.120  7613  7655 D WM-WorkProgressUpdater: Updating progress for 8e399662-9d01-476c-b6ad-3ca2e397fbb9 (Data {pct : 58, mode : file})
09-29 00:11:15.122  7613  7655 I WM-Processor: Moving WorkSpec (8e399662-9d01-476c-b6ad-3ca2e397fbb9) to the foreground
09-29 00:11:15.122  7613  7613 D WM-SystemFgDispatcher: Notifying with (id:6101, workSpecId: 8e399662-9d01-476c-b6ad-3ca2e397fbb9, notificationType :1)
09-29 00:11:15.123  7613  7655 D WM-WorkProgressUpdater: Updating progress for 9483589e-cfcb-4744-96df-d67bb1af297e (Data {pct : 80, mode : file})
09-29 00:11:15.123  7613  7613 D WM-SystemFgDispatcher: Notifying with (id:6101, workSpecId: 8e399662-9d01-476c-b6ad-3ca2e397fbb9, notificationType :1)
09-29 00:11:15.124  7613  7655 I WM-Processor: Moving WorkSpec (9483589e-cfcb-4744-96df-d67bb1af297e) to the foreground
09-29 00:11:15.125  7613  7655 D WM-WorkProgressUpdater: Updating progress for 8e399662-9d01-476c-b6ad-3ca2e397fbb9 (Data {pct : 59, mode : file})
09-29 00:11:15.125  7613  7613 D WM-SystemFgDispatcher: Notifying with (id:6569, workSpecId: 9483589e-cfcb-4744-96df-d67bb1af297e, notificationType :1)
09-29 00:11:15.126  7613  7655 I WM-Processor: Moving WorkSpec (8e399662-9d01-476c-b6ad-3ca2e397fbb9) to the foreground
09-29 00:11:15.127  7613  7655 D WM-WorkProgressUpdater: Updating progress for 9483589e-cfcb-4744-96df-d67bb1af297e (Data {pct : 82, mode : file})
09-29 00:11:15.127  7613  7613 D WM-SystemFgDispatcher: Notifying with (id:6101, workSpecId: 8e399662-9d01-476c-b6ad-3ca2e397fbb9, notificationType :1)
09-29 00:11:15.128  7613  7655 I WM-Processor: Moving WorkSpec (9483589e-cfcb-4744-96df-d67bb1af297e) to the foreground
09-29 00:11:15.130  7613  7655 D WM-WorkProgressUpdater: Updating progress for 9483589e-cfcb-4744-96df-d67bb1af297e (Data {pct : 84, mode : file})
09-29 00:11:15.131  7613  7655 I WM-Processor: Moving WorkSpec (9483589e-cfcb-4744-96df-d67bb1af297e) to the foreground
09-29 00:11:15.131  7613  7613 D WM-SystemFgDispatcher: Notifying with (id:6569, workSpecId: 9483589e-cfcb-4744-96df-d67bb1af297e, notificationType :1)
09-29 00:11:15.132  7613  7655 D WM-WorkProgressUpdater: Updating progress for 8e399662-9d01-476c-b6ad-3ca2e397fbb9 (Data {pct : 60, mode : file})
09-29 00:11:15.133  7613  7613 D WM-SystemFgDispatcher: Notifying with (id:6569, workSpecId: 9483589e-cfcb-4744-96df-d67bb1af297e, notificationType :1)
09-29 00:11:15.134  7613  7655 I WM-Processor: Moving WorkSpec (8e399662-9d01-476c-b6ad-3ca2e397fbb9) to the foreground
09-29 00:11:15.135  7613  7613 D WM-SystemFgDispatcher: Notifying with (id:6101, workSpecId: 8e399662-9d01-476c-b6ad-3ca2e397fbb9, notificationType :1)
09-29 00:11:15.135  7613  7664 D WM-WorkProgressUpdater: Updating progress for 9483589e-cfcb-4744-96df-d67bb1af297e (Data {pct : 86, mode : file})
09-29 00:11:15.136  7613  7664 I WM-Processor: Moving WorkSpec (9483589e-cfcb-4744-96df-d67bb1af297e) to the foreground
09-29 00:11:15.137  7613  7666 D WM-WorkProgressUpdater: Updating progress for 8e399662-9d01-476c-b6ad-3ca2e397fbb9 (Data {pct : 61, mode : file})
09-29 00:11:15.138  7613  7666 I WM-Processor: Moving WorkSpec (8e399662-9d01-476c-b6ad-3ca2e397fbb9) to the foreground
09-29 00:11:15.139  7613  7666 D WM-WorkProgressUpdater: Updating progress for 9483589e-cfcb-4744-96df-d67bb1af297e (Data {pct : 88, mode : file})
09-29 00:11:15.139  7613  7613 D WM-SystemFgDispatcher: Notifying with (id:6569, workSpecId: 9483589e-cfcb-4744-96df-d67bb1af297e, notificationType :1)
09-29 00:11:15.140  7613  7613 D WM-SystemFgDispatcher: Notifying with (id:6101, workSpecId: 8e399662-9d01-476c-b6ad-3ca2e397fbb9, notificationType :1)
09-29 00:11:15.140  7613  7666 I WM-Processor: Moving WorkSpec (9483589e-cfcb-4744-96df-d67bb1af297e) to the foreground
09-29 00:11:15.142  7613  7666 D WM-WorkProgressUpdater: Updating progress for 8e399662-9d01-476c-b6ad-3ca2e397fbb9 (Data {pct : 62, mode : file})
09-29 00:11:15.142  7613  7613 D WM-SystemFgDispatcher: Notifying with (id:6569, workSpecId: 9483589e-cfcb-4744-96df-d67bb1af297e, notificationType :1)
09-29 00:11:15.153  7613  7666 I WM-Processor: Moving WorkSpec (8e399662-9d01-476c-b6ad-3ca2e397fbb9) to the foreground
09-29 00:11:15.155  7613  7666 D WM-WorkProgressUpdater: Updating progress for 9483589e-cfcb-4744-96df-d67bb1af297e (Data {pct : 90, mode : file})
09-29 00:11:15.156  7613  7613 D WM-SystemFgDispatcher: Notifying with (id:6101, workSpecId: 8e399662-9d01-476c-b6ad-3ca2e397fbb9, notificationType :1)
09-29 00:11:15.157  7613  7666 I WM-Processor: Moving WorkSpec (9483589e-cfcb-4744-96df-d67bb1af297e) to the foreground
09-29 00:11:15.159  7613  7613 D WM-SystemFgDispatcher: Notifying with (id:6569, workSpecId: 9483589e-cfcb-4744-96df-d67bb1af297e, notificationType :1)
09-29 00:11:15.159  7613  7666 D WM-WorkProgressUpdater: Updating progress for 8e399662-9d01-476c-b6ad-3ca2e397fbb9 (Data {pct : 63, mode : file})
09-29 00:11:15.160  7613  7666 I WM-Processor: Moving WorkSpec (8e399662-9d01-476c-b6ad-3ca2e397fbb9) to the foreground
09-29 00:11:15.161  7613  7666 D WM-WorkProgressUpdater: Updating progress for 8e399662-9d01-476c-b6ad-3ca2e397fbb9 (Data {pct : 64, mode : file})
09-29 00:11:15.163  7613  7666 I WM-Processor: Moving WorkSpec (8e399662-9d01-476c-b6ad-3ca2e397fbb9) to the foreground
09-29 00:11:15.164  7613  7613 D WM-SystemFgDispatcher: Notifying with (id:6101, workSpecId: 8e399662-9d01-476c-b6ad-3ca2e397fbb9, notificationType :1)
09-29 00:11:15.165  7613  7613 D WM-SystemFgDispatcher: Notifying with (id:6101, workSpecId: 8e399662-9d01-476c-b6ad-3ca2e397fbb9, notificationType :1)
09-29 00:11:15.174  7613  7666 D WM-WorkProgressUpdater: Updating progress for 8e399662-9d01-476c-b6ad-3ca2e397fbb9 (Data {pct : 65, mode : file})
09-29 00:11:15.176  7613  7666 I WM-Processor: Moving WorkSpec (8e399662-9d01-476c-b6ad-3ca2e397fbb9) to the foreground
09-29 00:11:15.177  7613  7666 D WM-WorkProgressUpdater: Updating progress for 8e399662-9d01-476c-b6ad-3ca2e397fbb9 (Data {pct : 66, mode : file})
09-29 00:11:15.177  7613  7613 D WM-SystemFgDispatcher: Notifying with (id:6101, workSpecId: 8e399662-9d01-476c-b6ad-3ca2e397fbb9, notificationType :1)
09-29 00:11:15.177  7613  7613 I NotificationManager: com.negi.survey: notify(6101, null, Notification(channel=uploads shortcut=null contentView=null vibrate=null sound=null defaults=0 flags=ONGOING_EVENT|ONLY_ALERT_ONCE color=0x00000000 category=progress vis=PRIVATE semFlags=0x0 semPriority=0 semMissedCount=0 semScenarioType=0)) as user
09-29 00:11:15.178  7613  7666 I WM-Processor: Moving WorkSpec (8e399662-9d01-476c-b6ad-3ca2e397fbb9) to the foreground
09-29 00:11:15.180  7613  7666 D WM-WorkProgressUpdater: Updating progress for 8e399662-9d01-476c-b6ad-3ca2e397fbb9 (Data {pct : 67, mode : file})
09-29 00:11:15.181  7613  7664 I WM-Processor: Moving WorkSpec (8e399662-9d01-476c-b6ad-3ca2e397fbb9) to the foreground
09-29 00:11:15.182  7613  7664 D WM-WorkProgressUpdater: Updating progress for 8e399662-9d01-476c-b6ad-3ca2e397fbb9 (Data {pct : 68, mode : file})
09-29 00:11:15.183  7613  7664 I WM-Processor: Moving WorkSpec (8e399662-9d01-476c-b6ad-3ca2e397fbb9) to the foreground
09-29 00:11:15.183  7613  7613 D WM-SystemFgDispatcher: Notifying with (id:6101, workSpecId: 8e399662-9d01-476c-b6ad-3ca2e397fbb9, notificationType :1)
09-29 00:11:15.185  7613  7613 D WM-SystemFgDispatcher: Notifying with (id:6101, workSpecId: 8e399662-9d01-476c-b6ad-3ca2e397fbb9, notificationType :1)
09-29 00:11:15.187  7613  7664 D WM-WorkProgressUpdater: Updating progress for 8e399662-9d01-476c-b6ad-3ca2e397fbb9 (Data {pct : 69, mode : file})
09-29 00:11:15.189  7613  7613 D WM-SystemFgDispatcher: Notifying with (id:6101, workSpecId: 8e399662-9d01-476c-b6ad-3ca2e397fbb9, notificationType :1)
09-29 00:11:15.189  7613  7664 I WM-Processor: Moving WorkSpec (8e399662-9d01-476c-b6ad-3ca2e397fbb9) to the foreground
09-29 00:11:15.190  7613  7613 D WM-SystemFgDispatcher: Notifying with (id:6101, workSpecId: 8e399662-9d01-476c-b6ad-3ca2e397fbb9, notificationType :1)
09-29 00:11:15.190  7613  7664 D WM-WorkProgressUpdater: Updating progress for 8e399662-9d01-476c-b6ad-3ca2e397fbb9 (Data {pct : 70, mode : file})
09-29 00:11:15.191  7613  7664 I WM-Processor: Moving WorkSpec (8e399662-9d01-476c-b6ad-3ca2e397fbb9) to the foreground
09-29 00:11:15.192  7613  7613 D WM-SystemFgDispatcher: Notifying with (id:6101, workSpecId: 8e399662-9d01-476c-b6ad-3ca2e397fbb9, notificationType :1)
09-29 00:11:15.192  7613  7664 D WM-WorkProgressUpdater: Updating progress for 8e399662-9d01-476c-b6ad-3ca2e397fbb9 (Data {pct : 71, mode : file})
09-29 00:11:15.194  7613  7664 I WM-Processor: Moving WorkSpec (8e399662-9d01-476c-b6ad-3ca2e397fbb9) to the foreground
09-29 00:11:15.195  7613  7664 D WM-WorkProgressUpdater: Updating progress for 8e399662-9d01-476c-b6ad-3ca2e397fbb9 (Data {pct : 72, mode : file})
09-29 00:11:15.196  7613  7664 I WM-Processor: Moving WorkSpec (8e399662-9d01-476c-b6ad-3ca2e397fbb9) to the foreground
09-29 00:11:15.197  7613  7613 D WM-SystemFgDispatcher: Notifying with (id:6101, workSpecId: 8e399662-9d01-476c-b6ad-3ca2e397fbb9, notificationType :1)
09-29 00:11:15.197  7613  7665 D WM-WorkProgressUpdater: Updating progress for 8e399662-9d01-476c-b6ad-3ca2e397fbb9 (Data {pct : 73, mode : file})
09-29 00:11:15.198  7613  7613 D WM-SystemFgDispatcher: Notifying with (id:6101, workSpecId: 8e399662-9d01-476c-b6ad-3ca2e397fbb9, notificationType :1)
09-29 00:11:15.199  7613  7665 I WM-Processor: Moving WorkSpec (8e399662-9d01-476c-b6ad-3ca2e397fbb9) to the foreground
09-29 00:11:15.200  7613  7665 D WM-WorkProgressUpdater: Updating progress for 8e399662-9d01-476c-b6ad-3ca2e397fbb9 (Data {pct : 74, mode : file})
09-29 00:11:15.200  7613  7613 D WM-SystemFgDispatcher: Notifying with (id:6101, workSpecId: 8e399662-9d01-476c-b6ad-3ca2e397fbb9, notificationType :1)
09-29 00:11:15.201  7613  7665 I WM-Processor: Moving WorkSpec (8e399662-9d01-476c-b6ad-3ca2e397fbb9) to the foreground
09-29 00:11:15.202  7613  7665 D WM-WorkProgressUpdater: Updating progress for 8e399662-9d01-476c-b6ad-3ca2e397fbb9 (Data {pct : 75, mode : file})
09-29 00:11:15.202  7613  7613 D WM-SystemFgDispatcher: Notifying with (id:6101, workSpecId: 8e399662-9d01-476c-b6ad-3ca2e397fbb9, notificationType :1)
09-29 00:11:15.204  7613  7665 I WM-Processor: Moving WorkSpec (8e399662-9d01-476c-b6ad-3ca2e397fbb9) to the foreground
09-29 00:11:15.205  7613  7665 D WM-WorkProgressUpdater: Updating progress for 8e399662-9d01-476c-b6ad-3ca2e397fbb9 (Data {pct : 76, mode : file})
09-29 00:11:15.206  7613  7665 I WM-Processor: Moving WorkSpec (8e399662-9d01-476c-b6ad-3ca2e397fbb9) to the foreground
09-29 00:11:15.207  7613  7613 D WM-SystemFgDispatcher: Notifying with (id:6101, workSpecId: 8e399662-9d01-476c-b6ad-3ca2e397fbb9, notificationType :1)
09-29 00:11:15.207  7613  7665 D WM-WorkProgressUpdater: Updating progress for 8e399662-9d01-476c-b6ad-3ca2e397fbb9 (Data {pct : 77, mode : file})
09-29 00:11:15.208  7613  7613 D WM-SystemFgDispatcher: Notifying with (id:6101, workSpecId: 8e399662-9d01-476c-b6ad-3ca2e397fbb9, notificationType :1)
09-29 00:11:15.210  7613  7665 I WM-Processor: Moving WorkSpec (8e399662-9d01-476c-b6ad-3ca2e397fbb9) to the foreground
09-29 00:11:15.211  7613  7613 D WM-SystemFgDispatcher: Notifying with (id:6101, workSpecId: 8e399662-9d01-476c-b6ad-3ca2e397fbb9, notificationType :1)
09-29 00:11:15.211  7613  7665 D WM-WorkProgressUpdater: Updating progress for 8e399662-9d01-476c-b6ad-3ca2e397fbb9 (Data {pct : 79, mode : file})
09-29 00:11:15.213  7613  7665 I WM-Processor: Moving WorkSpec (8e399662-9d01-476c-b6ad-3ca2e397fbb9) to the foreground
09-29 00:11:15.214  7613  7665 D WM-WorkProgressUpdater: Updating progress for 8e399662-9d01-476c-b6ad-3ca2e397fbb9 (Data {pct : 80, mode : file})
09-29 00:11:15.215  7613  7613 D WM-SystemFgDispatcher: Notifying with (id:6101, workSpecId: 8e399662-9d01-476c-b6ad-3ca2e397fbb9, notificationType :1)
09-29 00:11:15.216  7613  7665 I WM-Processor: Moving WorkSpec (8e399662-9d01-476c-b6ad-3ca2e397fbb9) to the foreground
09-29 00:11:15.217  7613  7613 D WM-SystemFgDispatcher: Notifying with (id:6101, workSpecId: 8e399662-9d01-476c-b6ad-3ca2e397fbb9, notificationType :1)
09-29 00:11:15.217  7613  7655 D WM-WorkProgressUpdater: Updating progress for 8e399662-9d01-476c-b6ad-3ca2e397fbb9 (Data {pct : 81, mode : file})
09-29 00:11:15.219  7613  7655 I WM-Processor: Moving WorkSpec (8e399662-9d01-476c-b6ad-3ca2e397fbb9) to the foreground
09-29 00:11:15.220  7613  7655 D WM-WorkProgressUpdater: Updating progress for 8e399662-9d01-476c-b6ad-3ca2e397fbb9 (Data {pct : 82, mode : file})
09-29 00:11:15.221  7613  7655 I WM-Processor: Moving WorkSpec (8e399662-9d01-476c-b6ad-3ca2e397fbb9) to the foreground
09-29 00:11:15.222  7613  7613 D WM-SystemFgDispatcher: Notifying with (id:6101, workSpecId: 8e399662-9d01-476c-b6ad-3ca2e397fbb9, notificationType :1)
09-29 00:11:15.222  7613  7655 D WM-WorkProgressUpdater: Updating progress for 8e399662-9d01-476c-b6ad-3ca2e397fbb9 (Data {pct : 83, mode : file})
09-29 00:11:15.223  7613  7613 D WM-SystemFgDispatcher: Notifying with (id:6101, workSpecId: 8e399662-9d01-476c-b6ad-3ca2e397fbb9, notificationType :1)
09-29 00:11:15.224  7613  7655 I WM-Processor: Moving WorkSpec (8e399662-9d01-476c-b6ad-3ca2e397fbb9) to the foreground
09-29 00:11:15.225  7613  7613 D WM-SystemFgDispatcher: Notifying with (id:6101, workSpecId: 8e399662-9d01-476c-b6ad-3ca2e397fbb9, notificationType :1)
09-29 00:11:15.225  7613  7655 D WM-WorkProgressUpdater: Updating progress for 8e399662-9d01-476c-b6ad-3ca2e397fbb9 (Data {pct : 84, mode : file})
09-29 00:11:15.226  7613  7655 I WM-Processor: Moving WorkSpec (8e399662-9d01-476c-b6ad-3ca2e397fbb9) to the foreground
09-29 00:11:15.227  7613  7655 D WM-WorkProgressUpdater: Updating progress for 8e399662-9d01-476c-b6ad-3ca2e397fbb9 (Data {pct : 85, mode : file})
09-29 00:11:15.227  7613  7613 D WM-SystemFgDispatcher: Notifying with (id:6101, workSpecId: 8e399662-9d01-476c-b6ad-3ca2e397fbb9, notificationType :1)
09-29 00:11:15.228  7613  7655 I WM-Processor: Moving WorkSpec (8e399662-9d01-476c-b6ad-3ca2e397fbb9) to the foreground
09-29 00:11:15.230  7613  7655 D WM-WorkProgressUpdater: Updating progress for 8e399662-9d01-476c-b6ad-3ca2e397fbb9 (Data {pct : 86, mode : file})
09-29 00:11:15.231  7613  7613 D WM-SystemFgDispatcher: Notifying with (id:6101, workSpecId: 8e399662-9d01-476c-b6ad-3ca2e397fbb9, notificationType :1)
09-29 00:11:15.232  7613  7666 I WM-Processor: Moving WorkSpec (8e399662-9d01-476c-b6ad-3ca2e397fbb9) to the foreground
09-29 00:11:15.233  7613  7666 D WM-WorkProgressUpdater: Updating progress for 8e399662-9d01-476c-b6ad-3ca2e397fbb9 (Data {pct : 87, mode : file})
09-29 00:11:15.233  7613  7613 D WM-SystemFgDispatcher: Notifying with (id:6101, workSpecId: 8e399662-9d01-476c-b6ad-3ca2e397fbb9, notificationType :1)
09-29 00:11:15.234  7613  7666 I WM-Processor: Moving WorkSpec (8e399662-9d01-476c-b6ad-3ca2e397fbb9) to the foreground
09-29 00:11:15.235  7613  7666 D WM-WorkProgressUpdater: Updating progress for 8e399662-9d01-476c-b6ad-3ca2e397fbb9 (Data {pct : 88, mode : file})
09-29 00:11:15.235  7613  7613 D WM-SystemFgDispatcher: Notifying with (id:6101, workSpecId: 8e399662-9d01-476c-b6ad-3ca2e397fbb9, notificationType :1)
09-29 00:11:15.236  7613  7666 I WM-Processor: Moving WorkSpec (8e399662-9d01-476c-b6ad-3ca2e397fbb9) to the foreground
09-29 00:11:15.237  7613  7666 D WM-WorkProgressUpdater: Updating progress for 8e399662-9d01-476c-b6ad-3ca2e397fbb9 (Data {pct : 89, mode : file})
09-29 00:11:15.239  7613  7613 D WM-SystemFgDispatcher: Notifying with (id:6101, workSpecId: 8e399662-9d01-476c-b6ad-3ca2e397fbb9, notificationType :1)
09-29 00:11:15.239  7613  7666 I WM-Processor: Moving WorkSpec (8e399662-9d01-476c-b6ad-3ca2e397fbb9) to the foreground
09-29 00:11:15.241  7613  7613 D WM-SystemFgDispatcher: Notifying with (id:6101, workSpecId: 8e399662-9d01-476c-b6ad-3ca2e397fbb9, notificationType :1)
09-29 00:11:15.241  7613  7666 D WM-WorkProgressUpdater: Updating progress for 8e399662-9d01-476c-b6ad-3ca2e397fbb9 (Data {pct : 90, mode : file})
09-29 00:11:15.242  7613  7666 I WM-Processor: Moving WorkSpec (8e399662-9d01-476c-b6ad-3ca2e397fbb9) to the foreground
09-29 00:11:15.243  7613  7613 D WM-SystemFgDispatcher: Notifying with (id:6101, workSpecId: 8e399662-9d01-476c-b6ad-3ca2e397fbb9, notificationType :1)
09-29 00:11:15.344  7613  7655 D WM-WorkProgressUpdater: Updating progress for 9747308a-ae12-44c2-a176-0a5a00ff3d08 (Data {pct : 95, mode : file})
09-29 00:11:15.345  7613  7677 D GitHubUploader: uploadStream: done url=https://github.com/ishizuki-tech/SurveyExports/blob/main/diagnostics/crash/2026-09-29/prevlog_20260929_040312_pid24508.log sha=5444d55d01e64032f5b17eb43fcec7dfeadff6aa
09-29 00:11:15.346  7613  7655 I WM-Processor: Moving WorkSpec (9747308a-ae12-44c2-a176-0a5a00ff3d08) to the foreground
09-29 00:11:15.347  7613  7613 D WM-SystemFgDispatcher: Notifying with (id:3220, workSpecId: 9747308a-ae12-44c2-a176-0a5a00ff3d08, notificationType :1)
09-29 00:11:15.347  7613  7655 I WM-Processor: Moving WorkSpec (9747308a-ae12-44c2-a176-0a5a00ff3d08) to the foreground
09-29 00:11:15.349  7613  7613 D WM-SystemFgDispatcher: Notifying with (id:3220, workSpecId: 9747308a-ae12-44c2-a176-0a5a00ff3d08, notificationType :1)
09-29 00:11:15.349  7613  7613 I NotificationManager: com.negi.survey: notify(3220, null, Notification(channel=uploads shortcut=null contentView=null vibrate=null sound=null defaults=0 flags=ONLY_ALERT_ONCE color=0x00000000 category=progress vis=PRIVATE semFlags=0x0 semPriority=0 semMissedCount=0 semScenarioType=0)) as user
09-29 00:11:15.351  7613  7655 I WM-WorkerWrapper: Worker result SUCCESS for Work [ id=9747308a-ae12-44c2-a176-0a5a00ff3d08, tags={ com.negi.survey.net.GitHubUploadWorker,github_upload,github_upload:crash:diagnostics_crash_prevlog_20260929_040312_pid24508.log_451a2de9 } ]
09-29 00:11:15.352  7613  7613 D WM-Processor: Processor 9747308a-ae12-44c2-a176-0a5a00ff3d08 executed; reschedule = false
09-29 00:11:15.352  7613  7613 D WM-GreedyScheduler: Stopping tracking for WorkGenerationalId(workSpecId=9747308a-ae12-44c2-a176-0a5a00ff3d08, generation=0)
09-29 00:11:15.352  7613  7613 D WM-SystemJobService: 9747308a-ae12-44c2-a176-0a5a00ff3d08 executed on JobScheduler
09-29 00:11:15.353  7613  7613 D WM-SystemFgDispatcher: Removing Notification (id: 3220, workSpecId: WorkGenerationalId(workSpecId=9747308a-ae12-44c2-a176-0a5a00ff3d08, generation=0), notificationType: 1
09-29 00:11:15.363  7613  7655 D WM-GreedyScheduler: Cancelling work ID 9747308a-ae12-44c2-a176-0a5a00ff3d08
09-29 00:11:15.603  7613  7664 D WM-WorkProgressUpdater: Updating progress for 0a41d9da-64f6-4a6a-a847-34e18f759560 (Data {pct : 27, mode : file})
09-29 00:11:15.606  7613  7664 I WM-Processor: Moving WorkSpec (0a41d9da-64f6-4a6a-a847-34e18f759560) to the foreground
09-29 00:11:15.607  7613  7664 D WM-WorkProgressUpdater: Updating progress for 0a41d9da-64f6-4a6a-a847-34e18f759560 (Data {pct : 44, mode : file})
09-29 00:11:15.607  7613  7613 D WM-SystemFgDispatcher: Notifying with (id:8187, workSpecId: 0a41d9da-64f6-4a6a-a847-34e18f759560, notificationType :1)
09-29 00:11:15.607  7613  7613 I NotificationManager: com.negi.survey: notify(8187, null, Notification(channel=uploads shortcut=null contentView=null vibrate=null sound=null defaults=0 flags=ONGOING_EVENT|ONLY_ALERT_ONCE color=0x00000000 category=progress vis=PRIVATE semFlags=0x0 semPriority=0 semMissedCount=0 semScenarioType=0)) as user
09-29 00:11:15.610  7613  7664 I WM-Processor: Moving WorkSpec (0a41d9da-64f6-4a6a-a847-34e18f759560) to the foreground
09-29 00:11:15.611  7613  7664 D WM-WorkProgressUpdater: Updating progress for 0a41d9da-64f6-4a6a-a847-34e18f759560 (Data {pct : 61, mode : file})
09-29 00:11:15.614  7613  7666 I WM-Processor: Moving WorkSpec (0a41d9da-64f6-4a6a-a847-34e18f759560) to the foreground
09-29 00:11:15.616  7613  7613 D WM-SystemFgDispatcher: Notifying with (id:8187, workSpecId: 0a41d9da-64f6-4a6a-a847-34e18f759560, notificationType :1)
09-29 00:11:15.617  7613  7666 D WM-WorkProgressUpdater: Updating progress for 0a41d9da-64f6-4a6a-a847-34e18f759560 (Data {pct : 78, mode : file})
09-29 00:11:15.618  7613  7613 D WM-SystemFgDispatcher: Notifying with (id:8187, workSpecId: 0a41d9da-64f6-4a6a-a847-34e18f759560, notificationType :1)
09-29 00:11:15.619  7613  7666 I WM-Processor: Moving WorkSpec (0a41d9da-64f6-4a6a-a847-34e18f759560) to the foreground
09-29 00:11:15.622  7613  7666 D WM-WorkProgressUpdater: Updating progress for 0a41d9da-64f6-4a6a-a847-34e18f759560 (Data {pct : 90, mode : file})
09-29 00:11:15.624  7613  7613 D WM-SystemFgDispatcher: Notifying with (id:8187, workSpecId: 0a41d9da-64f6-4a6a-a847-34e18f759560, notificationType :1)
09-29 00:11:15.625  7613  7666 I WM-Processor: Moving WorkSpec (0a41d9da-64f6-4a6a-a847-34e18f759560) to the foreground
09-29 00:11:15.626  7613  7613 D WM-SystemFgDispatcher: Notifying with (id:8187, workSpecId: 0a41d9da-64f6-4a6a-a847-34e18f759560, notificationType :1)
09-29 00:11:15.626  7613  7613 W NotificationManager: Shedding notify (update) of NotificationKey[user=UserHandle{0}, pkg=com.negi.survey, tag=null, id=8187], rate limit (5.0) exceeded: input 51.571217, output would be 5.1103845
09-29 00:11:15.792  7613  7664 D WM-WorkProgressUpdater: Updating progress for 62393af5-049b-499b-9946-5f6ae35af179 (Data {pct : 34, mode : file})
09-29 00:11:15.794  7613  7664 I WM-Processor: Moving WorkSpec (62393af5-049b-499b-9946-5f6ae35af179) to the foreground
09-29 00:11:15.797  7613  7664 D WM-WorkProgressUpdater: Updating progress for 62393af5-049b-499b-9946-5f6ae35af179 (Data {pct : 58, mode : file})
09-29 00:11:15.798  7613  7613 D WM-SystemFgDispatcher: Notifying with (id:7517, workSpecId: 62393af5-049b-499b-9946-5f6ae35af179, notificationType :1)
09-29 00:11:15.798  7613  7613 I NotificationManager: com.negi.survey: notify(7517, null, Notification(channel=uploads shortcut=null contentView=null vibrate=null sound=null defaults=0 flags=ONGOING_EVENT|ONLY_ALERT_ONCE color=0x00000000 category=progress vis=PRIVATE semFlags=0x0 semPriority=0 semMissedCount=0 semScenarioType=0)) as user
09-29 00:11:15.798  7613  7664 I WM-Processor: Moving WorkSpec (62393af5-049b-499b-9946-5f6ae35af179) to the foreground
09-29 00:11:15.803  7613  7664 D WM-WorkProgressUpdater: Updating progress for 62393af5-049b-499b-9946-5f6ae35af179 (Data {pct : 82, mode : file})
09-29 00:11:15.805  7613  7664 I WM-Processor: Moving WorkSpec (62393af5-049b-499b-9946-5f6ae35af179) to the foreground
09-29 00:11:15.810  7613  7613 D WM-SystemFgDispatcher: Notifying with (id:7517, workSpecId: 62393af5-049b-499b-9946-5f6ae35af179, notificationType :1)
09-29 00:11:15.814  7613  7664 D WM-WorkProgressUpdater: Updating progress for 62393af5-049b-499b-9946-5f6ae35af179 (Data {pct : 90, mode : file})
09-29 00:11:15.815  7613  7664 I WM-Processor: Moving WorkSpec (62393af5-049b-499b-9946-5f6ae35af179) to the foreground
09-29 00:11:15.817  7613  7613 D WM-SystemFgDispatcher: Notifying with (id:7517, workSpecId: 62393af5-049b-499b-9946-5f6ae35af179, notificationType :1)
09-29 00:11:15.819  7613  7613 D WM-SystemFgDispatcher: Notifying with (id:7517, workSpecId: 62393af5-049b-499b-9946-5f6ae35af179, notificationType :1)
09-29 00:11:15.851  7613  7634 I com.negi.survey: Explicit concurrent mark compact GC freed 8136KB AllocSpace bytes, 43(844KB) LOS objects, 73% free, 9054KB/32MB, paused 433us,1.777ms total 27.556ms
09-29 00:11:15.997  7613  7665 D WM-WorkProgressUpdater: Updating progress for fdb2def7-3b18-4194-8f3a-0ab9c8e17363 (Data {pct : 27, mode : file})
09-29 00:11:15.999  7613  7665 I WM-Processor: Moving WorkSpec (fdb2def7-3b18-4194-8f3a-0ab9c8e17363) to the foreground
09-29 00:11:16.001  7613  7665 D WM-WorkProgressUpdater: Updating progress for fdb2def7-3b18-4194-8f3a-0ab9c8e17363 (Data {pct : 44, mode : file})
09-29 00:11:16.001  7613  7613 D WM-SystemFgDispatcher: Notifying with (id:7492, workSpecId: fdb2def7-3b18-4194-8f3a-0ab9c8e17363, notificationType :1)
09-29 00:11:16.001  7613  7613 I NotificationManager: com.negi.survey: notify(7492, null, Notification(channel=uploads shortcut=null contentView=null vibrate=null sound=null defaults=0 flags=ONGOING_EVENT|ONLY_ALERT_ONCE color=0x00000000 category=progress vis=PRIVATE semFlags=0x0 semPriority=0 semMissedCount=0 semScenarioType=0)) as user
09-29 00:11:16.003  7613  7666 I WM-Processor: Moving WorkSpec (fdb2def7-3b18-4194-8f3a-0ab9c8e17363) to the foreground
09-29 00:11:16.003  7613  7666 D WM-WorkProgressUpdater: Updating progress for fdb2def7-3b18-4194-8f3a-0ab9c8e17363 (Data {pct : 61, mode : file})
09-29 00:11:16.005  7613  7666 I WM-Processor: Moving WorkSpec (fdb2def7-3b18-4194-8f3a-0ab9c8e17363) to the foreground
09-29 00:11:16.006  7613  7613 D WM-SystemFgDispatcher: Notifying with (id:7492, workSpecId: fdb2def7-3b18-4194-8f3a-0ab9c8e17363, notificationType :1)
09-29 00:11:16.006  7613  7666 D WM-WorkProgressUpdater: Updating progress for fdb2def7-3b18-4194-8f3a-0ab9c8e17363 (Data {pct : 78, mode : file})
09-29 00:11:16.008  7613  7613 D WM-SystemFgDispatcher: Notifying with (id:7492, workSpecId: fdb2def7-3b18-4194-8f3a-0ab9c8e17363, notificationType :1)
09-29 00:11:16.009  7613  7666 I WM-Processor: Moving WorkSpec (fdb2def7-3b18-4194-8f3a-0ab9c8e17363) to the foreground
09-29 00:11:16.010  7613  7613 D WM-SystemFgDispatcher: Notifying with (id:7492, workSpecId: fdb2def7-3b18-4194-8f3a-0ab9c8e17363, notificationType :1)
09-29 00:11:16.010  7613  7666 D WM-WorkProgressUpdater: Updating progress for fdb2def7-3b18-4194-8f3a-0ab9c8e17363 (Data {pct : 90, mode : file})
09-29 00:11:16.011  7613  7666 I WM-Processor: Moving WorkSpec (fdb2def7-3b18-4194-8f3a-0ab9c8e17363) to the foreground
09-29 00:11:16.014  7613  7613 D WM-SystemFgDispatcher: Notifying with (id:7492, workSpecId: fdb2def7-3b18-4194-8f3a-0ab9c8e17363, notificationType :1)
09-29 00:11:16.054  7613  7655 D WM-WorkProgressUpdater: Updating progress for addf75e8-c004-42df-b8b8-31b3d025e91b (Data {pct : 27, mode : file})
09-29 00:11:16.056  7613  7655 I WM-Processor: Moving WorkSpec (addf75e8-c004-42df-b8b8-31b3d025e91b) to the foreground
09-29 00:11:16.057  7613  7613 D WM-SystemFgDispatcher: Notifying with (id:5944, workSpecId: addf75e8-c004-42df-b8b8-31b3d025e91b, notificationType :1)
09-29 00:11:16.058  7613  7655 D WM-WorkProgressUpdater: Updating progress for addf75e8-c004-42df-b8b8-31b3d025e91b (Data {pct : 44, mode : file})
09-29 00:11:16.059  7613  7655 I WM-Processor: Moving WorkSpec (addf75e8-c004-42df-b8b8-31b3d025e91b) to the foreground
09-29 00:11:16.061  7613  7655 D WM-WorkProgressUpdater: Updating progress for addf75e8-c004-42df-b8b8-31b3d025e91b (Data {pct : 61, mode : file})
09-29 00:11:16.062  7613  7655 I WM-Processor: Moving WorkSpec (addf75e8-c004-42df-b8b8-31b3d025e91b) to the foreground
09-29 00:11:16.063  7613  7613 D WM-SystemFgDispatcher: Notifying with (id:5944, workSpecId: addf75e8-c004-42df-b8b8-31b3d025e91b, notificationType :1)
09-29 00:11:16.064  7613  7655 D WM-WorkProgressUpdater: Updating progress for addf75e8-c004-42df-b8b8-31b3d025e91b (Data {pct : 79, mode : file})
09-29 00:11:16.064  7613  7613 D WM-SystemFgDispatcher: Notifying with (id:5944, workSpecId: addf75e8-c004-42df-b8b8-31b3d025e91b, notificationType :1)
09-29 00:11:16.065  7613  7655 I WM-Processor: Moving WorkSpec (addf75e8-c004-42df-b8b8-31b3d025e91b) to the foreground
09-29 00:11:16.066  7613  7613 D WM-SystemFgDispatcher: Notifying with (id:5944, workSpecId: addf75e8-c004-42df-b8b8-31b3d025e91b, notificationType :1)
09-29 00:11:16.066  7613  7655 D WM-WorkProgressUpdater: Updating progress for addf75e8-c004-42df-b8b8-31b3d025e91b (Data {pct : 90, mode : file})
09-29 00:11:16.068  7613  7655 I WM-Processor: Moving WorkSpec (addf75e8-c004-42df-b8b8-31b3d025e91b) to the foreground
09-29 00:11:16.072  7613  7613 D WM-SystemFgDispatcher: Notifying with (id:5944, workSpecId: addf75e8-c004-42df-b8b8-31b3d025e91b, notificationType :1)
09-29 00:11:16.264  7613  7655 D WM-WorkProgressUpdater: Updating progress for 8e399662-9d01-476c-b6ad-3ca2e397fbb9 (Data {pct : 95, mode : file})
09-29 00:11:16.264  7613  7745 D GitHubUploader: uploadStream: done url=https://github.com/ishizuki-tech/SurveyExports/blob/main/diagnostics/crash/2026-09-29/prevlog_20260929_050456_pid5727.log sha=346735eec8c0b18c74587266302084712637989e
09-29 00:11:16.280  7613  7655 I WM-Processor: Moving WorkSpec (8e399662-9d01-476c-b6ad-3ca2e397fbb9) to the foreground
09-29 00:11:16.282  7613  7613 D WM-SystemFgDispatcher: Notifying with (id:6101, workSpecId: 8e399662-9d01-476c-b6ad-3ca2e397fbb9, notificationType :1)
09-29 00:11:16.282  7613  7655 I WM-Processor: Moving WorkSpec (8e399662-9d01-476c-b6ad-3ca2e397fbb9) to the foreground
09-29 00:11:16.282  7613  7613 I NotificationManager: com.negi.survey: notify(6101, null, Notification(channel=uploads shortcut=null contentView=null vibrate=null sound=null defaults=0 flags=ONGOING_EVENT|ONLY_ALERT_ONCE color=0x00000000 category=progress vis=PRIVATE semFlags=0x0 semPriority=0 semMissedCount=0 semScenarioType=0)) as user
09-29 00:11:16.283  7613  7655 I WM-WorkerWrapper: Worker result SUCCESS for Work [ id=8e399662-9d01-476c-b6ad-3ca2e397fbb9, tags={ com.negi.survey.net.GitHubUploadWorker,github_upload,github_upload:crash:diagnostics_crash_prevlog_20260929_050456_pid5727.log_f9a85367 } ]
09-29 00:11:16.285  7613  7613 D WM-SystemFgDispatcher: Notifying with (id:6101, workSpecId: 8e399662-9d01-476c-b6ad-3ca2e397fbb9, notificationType :1)
09-29 00:11:16.285  7613  7655 D WM-WorkProgressUpdater: Updating progress for 0de5c876-7b7e-42d7-a8f3-3a0716deff56 (Data {pct : 26, mode : file})
09-29 00:11:16.285  7613  7613 I NotificationManager: com.negi.survey: notify(6101, null, Notification(channel=uploads shortcut=null contentView=null vibrate=null sound=null defaults=0 flags=ONLY_ALERT_ONCE color=0x00000000 category=progress vis=PRIVATE semFlags=0x0 semPriority=0 semMissedCount=0 semScenarioType=0)) as user
09-29 00:11:16.286  7613  7655 I WM-Processor: Moving WorkSpec (0de5c876-7b7e-42d7-a8f3-3a0716deff56) to the foreground
09-29 00:11:16.289  7613  7655 D WM-WorkProgressUpdater: Updating progress for 0de5c876-7b7e-42d7-a8f3-3a0716deff56 (Data {pct : 43, mode : file})
09-29 00:11:16.290  7613  7613 D WM-Processor: Processor 8e399662-9d01-476c-b6ad-3ca2e397fbb9 executed; reschedule = false
09-29 00:11:16.290  7613  7613 D WM-GreedyScheduler: Stopping tracking for WorkGenerationalId(workSpecId=8e399662-9d01-476c-b6ad-3ca2e397fbb9, generation=0)
09-29 00:11:16.290  7613  7613 D WM-SystemJobService: 8e399662-9d01-476c-b6ad-3ca2e397fbb9 executed on JobScheduler
09-29 00:11:16.290  7613  7613 D WM-SystemFgDispatcher: Removing Notification (id: 6101, workSpecId: WorkGenerationalId(workSpecId=8e399662-9d01-476c-b6ad-3ca2e397fbb9, generation=0), notificationType: 1
09-29 00:11:16.291  7613  7655 I WM-Processor: Moving WorkSpec (0de5c876-7b7e-42d7-a8f3-3a0716deff56) to the foreground
09-29 00:11:16.292  7613  7655 D WM-WorkProgressUpdater: Updating progress for 0de5c876-7b7e-42d7-a8f3-3a0716deff56 (Data {pct : 60, mode : file})
09-29 00:11:16.294  7613  7613 D WM-SystemFgDispatcher: Notifying with (id:3300, workSpecId: 0de5c876-7b7e-42d7-a8f3-3a0716deff56, notificationType :1)
09-29 00:11:16.294  7613  7655 I WM-Processor: Moving WorkSpec (0de5c876-7b7e-42d7-a8f3-3a0716deff56) to the foreground
09-29 00:11:16.295  7613  7655 D WM-WorkProgressUpdater: Updating progress for 0de5c876-7b7e-42d7-a8f3-3a0716deff56 (Data {pct : 77, mode : file})
09-29 00:11:16.297  7613  7613 D WM-SystemFgDispatcher: Notifying with (id:3300, workSpecId: 0de5c876-7b7e-42d7-a8f3-3a0716deff56, notificationType :1)
09-29 00:11:16.297  7613  7655 I WM-Processor: Moving WorkSpec (0de5c876-7b7e-42d7-a8f3-3a0716deff56) to the foreground
09-29 00:11:16.300  7613  7655 D WM-WorkProgressUpdater: Updating progress for 0de5c876-7b7e-42d7-a8f3-3a0716deff56 (Data {pct : 90, mode : file})
09-29 00:11:16.301  7613  7613 D WM-SystemFgDispatcher: Notifying with (id:3300, workSpecId: 0de5c876-7b7e-42d7-a8f3-3a0716deff56, notificationType :1)
09-29 00:11:16.302  7613  7655 I WM-Processor: Moving WorkSpec (0de5c876-7b7e-42d7-a8f3-3a0716deff56) to the foreground
09-29 00:11:16.302  7613  7613 D WM-SystemFgDispatcher: Notifying with (id:3300, workSpecId: 0de5c876-7b7e-42d7-a8f3-3a0716deff56, notificationType :1)
09-29 00:11:16.304  7613  7655 D WM-GreedyScheduler: Cancelling work ID 8e399662-9d01-476c-b6ad-3ca2e397fbb9
09-29 00:11:16.306  7613  7613 D WM-SystemFgDispatcher: Notifying with (id:3300, workSpecId: 0de5c876-7b7e-42d7-a8f3-3a0716deff56, notificationType :1)
09-29 00:11:16.373  7613  7665 D WM-WorkProgressUpdater: Updating progress for 09608abf-e8ec-4f2e-b25d-6a9afc07890c (Data {pct : 26, mode : file})
09-29 00:11:16.375  7613  7665 I WM-Processor: Moving WorkSpec (09608abf-e8ec-4f2e-b25d-6a9afc07890c) to the foreground
09-29 00:11:16.377  7613  7665 D WM-WorkProgressUpdater: Updating progress for 09608abf-e8ec-4f2e-b25d-6a9afc07890c (Data {pct : 43, mode : file})
09-29 00:11:16.377  7613  7613 D WM-SystemFgDispatcher: Notifying with (id:8012, workSpecId: 09608abf-e8ec-4f2e-b25d-6a9afc07890c, notificationType :1)
09-29 00:11:16.377  7613  7613 I NotificationManager: com.negi.survey: notify(8012, null, Notification(channel=uploads shortcut=null contentView=null vibrate=null sound=null defaults=0 flags=ONGOING_EVENT|ONLY_ALERT_ONCE color=0x00000000 category=progress vis=PRIVATE semFlags=0x0 semPriority=0 semMissedCount=0 semScenarioType=0)) as user
09-29 00:11:16.379  7613  7665 I WM-Processor: Moving WorkSpec (09608abf-e8ec-4f2e-b25d-6a9afc07890c) to the foreground
09-29 00:11:16.381  7613  7665 D WM-WorkProgressUpdater: Updating progress for 09608abf-e8ec-4f2e-b25d-6a9afc07890c (Data {pct : 60, mode : file})
09-29 00:11:16.382  7613  7613 D WM-SystemFgDispatcher: Notifying with (id:8012, workSpecId: 09608abf-e8ec-4f2e-b25d-6a9afc07890c, notificationType :1)
09-29 00:11:16.384  7613  7665 I WM-Processor: Moving WorkSpec (09608abf-e8ec-4f2e-b25d-6a9afc07890c) to the foreground
09-29 00:11:16.386  7613  7665 D WM-WorkProgressUpdater: Updating progress for 09608abf-e8ec-4f2e-b25d-6a9afc07890c (Data {pct : 77, mode : file})
09-29 00:11:16.388  7613  7613 D WM-SystemFgDispatcher: Notifying with (id:8012, workSpecId: 09608abf-e8ec-4f2e-b25d-6a9afc07890c, notificationType :1)
09-29 00:11:16.388  7613  7664 I WM-Processor: Moving WorkSpec (09608abf-e8ec-4f2e-b25d-6a9afc07890c) to the foreground
09-29 00:11:16.391  7613  7664 D WM-WorkProgressUpdater: Updating progress for 09608abf-e8ec-4f2e-b25d-6a9afc07890c (Data {pct : 90, mode : file})
09-29 00:11:16.391  7613  7613 D WM-SystemFgDispatcher: Notifying with (id:8012, workSpecId: 09608abf-e8ec-4f2e-b25d-6a9afc07890c, notificationType :1)
09-29 00:11:16.394  7613  7664 I WM-Processor: Moving WorkSpec (09608abf-e8ec-4f2e-b25d-6a9afc07890c) to the foreground
09-29 00:11:16.397  7613  7613 D WM-SystemFgDispatcher: Notifying with (id:8012, workSpecId: 09608abf-e8ec-4f2e-b25d-6a9afc07890c, notificationType :1)
09-29 00:11:16.476  7613  7666 D WM-WorkProgressUpdater: Updating progress for e232e0ed-f2cb-4277-9cb1-0dea725ce196 (Data {pct : 27, mode : file})
09-29 00:11:16.479  7613  7666 I WM-Processor: Moving WorkSpec (e232e0ed-f2cb-4277-9cb1-0dea725ce196) to the foreground
09-29 00:11:16.481  7613  7666 D WM-WorkProgressUpdater: Updating progress for e232e0ed-f2cb-4277-9cb1-0dea725ce196 (Data {pct : 44, mode : file})
09-29 00:11:16.482  7613  7613 D WM-SystemFgDispatcher: Notifying with (id:11118, workSpecId: e232e0ed-f2cb-4277-9cb1-0dea725ce196, notificationType :1)
09-29 00:11:16.484  7613  7666 I WM-Processor: Moving WorkSpec (e232e0ed-f2cb-4277-9cb1-0dea725ce196) to the foreground
09-29 00:11:16.486  7613  7666 D WM-WorkProgressUpdater: Updating progress for e232e0ed-f2cb-4277-9cb1-0dea725ce196 (Data {pct : 61, mode : file})
09-29 00:11:16.488  7613  7655 I WM-Processor: Moving WorkSpec (e232e0ed-f2cb-4277-9cb1-0dea725ce196) to the foreground
09-29 00:11:16.489  7613  7613 D WM-SystemFgDispatcher: Notifying with (id:11118, workSpecId: e232e0ed-f2cb-4277-9cb1-0dea725ce196, notificationType :1)
09-29 00:11:16.489  7613  7655 D WM-WorkProgressUpdater: Updating progress for e232e0ed-f2cb-4277-9cb1-0dea725ce196 (Data {pct : 78, mode : file})
09-29 00:11:16.491  7613  7613 D WM-SystemFgDispatcher: Notifying with (id:11118, workSpecId: e232e0ed-f2cb-4277-9cb1-0dea725ce196, notificationType :1)
09-29 00:11:16.492  7613  7655 I WM-Processor: Moving WorkSpec (e232e0ed-f2cb-4277-9cb1-0dea725ce196) to the foreground
09-29 00:11:16.494  7613  7613 D WM-SystemFgDispatcher: Notifying with (id:11118, workSpecId: e232e0ed-f2cb-4277-9cb1-0dea725ce196, notificationType :1)
09-29 00:11:16.494  7613  7655 D WM-WorkProgressUpdater: Updating progress for e232e0ed-f2cb-4277-9cb1-0dea725ce196 (Data {pct : 90, mode : file})
09-29 00:11:16.496  7613  7655 I WM-Processor: Moving WorkSpec (e232e0ed-f2cb-4277-9cb1-0dea725ce196) to the foreground
09-29 00:11:16.499  7613  7613 D WM-SystemFgDispatcher: Notifying with (id:11118, workSpecId: e232e0ed-f2cb-4277-9cb1-0dea725ce196, notificationType :1)
09-29 00:11:16.516  7613  7666 D WM-WorkProgressUpdater: Updating progress for a1f51c6c-d591-48e6-9e54-1869a68d8ba3 (Data {pct : 95, mode : file})
09-29 00:11:16.516  7613  7721 D GitHubUploader: uploadStream: done url=https://github.com/ishizuki-tech/SurveyExports/blob/main/diagnostics/crash/2026-09-29/exit_20260928_231221_1790637141222_pid22443_r3.log sha=7b7111af98a4919270e9572e9b1fd273a4fe370f
09-29 00:11:16.518  7613  7666 I WM-Processor: Moving WorkSpec (a1f51c6c-d591-48e6-9e54-1869a68d8ba3) to the foreground
09-29 00:11:16.519  7613  7613 D WM-SystemFgDispatcher: Notifying with (id:5314, workSpecId: a1f51c6c-d591-48e6-9e54-1869a68d8ba3, notificationType :1)
09-29 00:11:16.519  7613  7666 I WM-Processor: Moving WorkSpec (a1f51c6c-d591-48e6-9e54-1869a68d8ba3) to the foreground
09-29 00:11:16.523  7613  7666 I WM-WorkerWrapper: Worker result SUCCESS for Work [ id=a1f51c6c-d591-48e6-9e54-1869a68d8ba3, tags={ com.negi.survey.net.GitHubUploadWorker,github_upload,github_upload:crash:diagnostics_crash_exit_20260928_231221_1790637141222_pid22443_r3.log_221d4ca } ]
09-29 00:11:16.523  7613  7613 D WM-SystemFgDispatcher: Notifying with (id:5314, workSpecId: a1f51c6c-d591-48e6-9e54-1869a68d8ba3, notificationType :1)
09-29 00:11:16.523  7613  7613 I NotificationManager: com.negi.survey: notify(5314, null, Notification(channel=uploads shortcut=null contentView=null vibrate=null sound=null defaults=0 flags=ONLY_ALERT_ONCE color=0x00000000 category=progress vis=PRIVATE semFlags=0x0 semPriority=0 semMissedCount=0 semScenarioType=0)) as user
09-29 00:11:16.526  7613  7613 D WM-Processor: Processor a1f51c6c-d591-48e6-9e54-1869a68d8ba3 executed; reschedule = false
09-29 00:11:16.526  7613  7613 D WM-GreedyScheduler: Stopping tracking for WorkGenerationalId(workSpecId=a1f51c6c-d591-48e6-9e54-1869a68d8ba3, generation=0)
09-29 00:11:16.526  7613  7613 D WM-SystemJobService: a1f51c6c-d591-48e6-9e54-1869a68d8ba3 executed on JobScheduler
09-29 00:11:16.526  7613  7613 D WM-SystemFgDispatcher: Removing Notification (id: 5314, workSpecId: WorkGenerationalId(workSpecId=a1f51c6c-d591-48e6-9e54-1869a68d8ba3, generation=0), notificationType: 1
09-29 00:11:16.536  7613  7666 D WM-GreedyScheduler: Cancelling work ID a1f51c6c-d591-48e6-9e54-1869a68d8ba3
09-29 00:11:16.626  7613  7655 D WM-WorkProgressUpdater: Updating progress for acae73cc-e56f-4e18-834a-03c7284f1238 (Data {pct : 30, mode : file})
09-29 00:11:16.629  7613  7655 I WM-Processor: Moving WorkSpec (acae73cc-e56f-4e18-834a-03c7284f1238) to the foreground
09-29 00:11:16.631  7613  7655 D WM-WorkProgressUpdater: Updating progress for acae73cc-e56f-4e18-834a-03c7284f1238 (Data {pct : 50, mode : file})
09-29 00:11:16.631  7613  7613 D WM-SystemFgDispatcher: Notifying with (id:3523, workSpecId: acae73cc-e56f-4e18-834a-03c7284f1238, notificationType :1)
09-29 00:11:16.631  7613  7613 I NotificationManager: com.negi.survey: notify(3523, null, Notification(channel=uploads shortcut=null contentView=null vibrate=null sound=null defaults=0 flags=ONGOING_EVENT|ONLY_ALERT_ONCE color=0x00000000 category=progress vis=PRIVATE semFlags=0x0 semPriority=0 semMissedCount=0 semScenarioType=0)) as user
09-29 00:11:16.633  7613  7655 I WM-Processor: Moving WorkSpec (acae73cc-e56f-4e18-834a-03c7284f1238) to the foreground
09-29 00:11:16.634  7613  7655 D WM-WorkProgressUpdater: Updating progress for acae73cc-e56f-4e18-834a-03c7284f1238 (Data {pct : 70, mode : file})
09-29 00:11:16.635  7613  7613 D WM-SystemFgDispatcher: Notifying with (id:3523, workSpecId: acae73cc-e56f-4e18-834a-03c7284f1238, notificationType :1)
09-29 00:11:16.635  7613  7613 W NotificationManager: Shedding notify (update) of NotificationKey[user=UserHandle{0}, pkg=com.negi.survey, tag=null, id=3523], rate limit (5.0) exceeded: input 44.96489, output would be 6.505427
09-29 00:11:16.636  7613  7655 I WM-Processor: Moving WorkSpec (acae73cc-e56f-4e18-834a-03c7284f1238) to the foreground
09-29 00:11:16.637  7613  7736 W GitHubUploader: uploadStream: 409 Conflict; refreshing SHA and retrying once.
09-29 00:11:16.638  7613  7655 D WM-WorkProgressUpdater: Updating progress for acae73cc-e56f-4e18-834a-03c7284f1238 (Data {pct : 90, mode : file})
09-29 00:11:16.640  7613  7613 D WM-SystemFgDispatcher: Notifying with (id:3523, workSpecId: acae73cc-e56f-4e18-834a-03c7284f1238, notificationType :1)
09-29 00:11:16.640  7613  7655 I WM-Processor: Moving WorkSpec (acae73cc-e56f-4e18-834a-03c7284f1238) to the foreground
09-29 00:11:16.643  7613  7613 D WM-SystemFgDispatcher: Notifying with (id:3523, workSpecId: acae73cc-e56f-4e18-834a-03c7284f1238, notificationType :1)
09-29 00:11:16.678  7613  7724 W GitHubUploader: uploadStream: 409 Conflict; refreshing SHA and retrying once.
09-29 00:11:16.802  7613  7666 D WM-WorkProgressUpdater: Updating progress for 5771bf82-917e-4abf-a6e1-db2f39ea7153 (Data {pct : 27, mode : file})
09-29 00:11:16.805  7613  7666 I WM-Processor: Moving WorkSpec (5771bf82-917e-4abf-a6e1-db2f39ea7153) to the foreground
09-29 00:11:16.807  7613  7666 D WM-WorkProgressUpdater: Updating progress for 5771bf82-917e-4abf-a6e1-db2f39ea7153 (Data {pct : 44, mode : file})
09-29 00:11:16.807  7613  7613 D WM-SystemFgDispatcher: Notifying with (id:8044, workSpecId: 5771bf82-917e-4abf-a6e1-db2f39ea7153, notificationType :1)
09-29 00:11:16.807  7613  7613 I NotificationManager: com.negi.survey: notify(8044, null, Notification(channel=uploads shortcut=null contentView=null vibrate=null sound=null defaults=0 flags=ONGOING_EVENT|ONLY_ALERT_ONCE color=0x00000000 category=progress vis=PRIVATE semFlags=0x0 semPriority=0 semMissedCount=0 semScenarioType=0)) as user
09-29 00:11:16.809  7613  7666 I WM-Processor: Moving WorkSpec (5771bf82-917e-4abf-a6e1-db2f39ea7153) to the foreground
09-29 00:11:16.812  7613  7666 D WM-WorkProgressUpdater: Updating progress for 5771bf82-917e-4abf-a6e1-db2f39ea7153 (Data {pct : 61, mode : file})
09-29 00:11:16.813  7613  7613 D WM-SystemFgDispatcher: Notifying with (id:8044, workSpecId: 5771bf82-917e-4abf-a6e1-db2f39ea7153, notificationType :1)
09-29 00:11:16.814  7613  7666 I WM-Processor: Moving WorkSpec (5771bf82-917e-4abf-a6e1-db2f39ea7153) to the foreground
09-29 00:11:16.815  7613  7613 D WM-SystemFgDispatcher: Notifying with (id:8044, workSpecId: 5771bf82-917e-4abf-a6e1-db2f39ea7153, notificationType :1)
09-29 00:11:16.815  7613  7666 D WM-WorkProgressUpdater: Updating progress for 5771bf82-917e-4abf-a6e1-db2f39ea7153 (Data {pct : 79, mode : file})
09-29 00:11:16.818  7613  7666 I WM-Processor: Moving WorkSpec (5771bf82-917e-4abf-a6e1-db2f39ea7153) to the foreground
09-29 00:11:16.819  7613  7613 D WM-SystemFgDispatcher: Notifying with (id:8044, workSpecId: 5771bf82-917e-4abf-a6e1-db2f39ea7153, notificationType :1)
09-29 00:11:16.820  7613  7666 D WM-WorkProgressUpdater: Updating progress for 5771bf82-917e-4abf-a6e1-db2f39ea7153 (Data {pct : 90, mode : file})
09-29 00:11:16.822  7613  7666 I WM-Processor: Moving WorkSpec (5771bf82-917e-4abf-a6e1-db2f39ea7153) to the foreground
09-29 00:11:16.824  7613  7613 D WM-SystemFgDispatcher: Notifying with (id:8044, workSpecId: 5771bf82-917e-4abf-a6e1-db2f39ea7153, notificationType :1)
09-29 00:11:16.856  7613  7665 D WM-WorkProgressUpdater: Updating progress for 0a41d9da-64f6-4a6a-a847-34e18f759560 (Data {pct : 27, mode : file})
09-29 00:11:16.858  7613  7665 I WM-Processor: Moving WorkSpec (0a41d9da-64f6-4a6a-a847-34e18f759560) to the foreground
09-29 00:11:16.860  7613  7665 D WM-WorkProgressUpdater: Updating progress for 0a41d9da-64f6-4a6a-a847-34e18f759560 (Data {pct : 44, mode : file})
09-29 00:11:16.860  7613  7613 D WM-SystemFgDispatcher: Notifying with (id:8187, workSpecId: 0a41d9da-64f6-4a6a-a847-34e18f759560, notificationType :1)
09-29 00:11:16.862  7613  7665 I WM-Processor: Moving WorkSpec (0a41d9da-64f6-4a6a-a847-34e18f759560) to the foreground
09-29 00:11:16.865  7613  7613 D WM-SystemFgDispatcher: Notifying with (id:8187, workSpecId: 0a41d9da-64f6-4a6a-a847-34e18f759560, notificationType :1)
09-29 00:11:16.866  7613  7665 D WM-WorkProgressUpdater: Updating progress for 0a41d9da-64f6-4a6a-a847-34e18f759560 (Data {pct : 61, mode : file})
09-29 00:11:16.868  7613  7665 I WM-Processor: Moving WorkSpec (0a41d9da-64f6-4a6a-a847-34e18f759560) to the foreground
09-29 00:11:16.871  7613  7665 D WM-WorkProgressUpdater: Updating progress for 0a41d9da-64f6-4a6a-a847-34e18f759560 (Data {pct : 78, mode : file})
09-29 00:11:16.872  7613  7613 D WM-SystemFgDispatcher: Notifying with (id:8187, workSpecId: 0a41d9da-64f6-4a6a-a847-34e18f759560, notificationType :1)
09-29 00:11:16.873  7613  7665 I WM-Processor: Moving WorkSpec (0a41d9da-64f6-4a6a-a847-34e18f759560) to the foreground
09-29 00:11:16.875  7613  7665 D WM-WorkProgressUpdater: Updating progress for 0a41d9da-64f6-4a6a-a847-34e18f759560 (Data {pct : 90, mode : file})
09-29 00:11:16.875  7613  7613 D WM-SystemFgDispatcher: Notifying with (id:8187, workSpecId: 0a41d9da-64f6-4a6a-a847-34e18f759560, notificationType :1)
09-29 00:11:16.877  7613  7665 I WM-Processor: Moving WorkSpec (0a41d9da-64f6-4a6a-a847-34e18f759560) to the foreground
09-29 00:11:16.880  7613  7613 D WM-SystemFgDispatcher: Notifying with (id:8187, workSpecId: 0a41d9da-64f6-4a6a-a847-34e18f759560, notificationType :1)
09-29 00:11:16.890  7613  7727 W GitHubUploader: uploadStream: 409 Conflict; refreshing SHA and retrying once.
09-29 00:11:16.956  7613  7664 D WM-WorkProgressUpdater: Updating progress for 3a0a720a-c641-4298-8e74-66b8360904f9 (Data {pct : 27, mode : file})
09-29 00:11:16.958  7613  7664 I WM-Processor: Moving WorkSpec (3a0a720a-c641-4298-8e74-66b8360904f9) to the foreground
09-29 00:11:16.959  7613  7664 D WM-WorkProgressUpdater: Updating progress for 3a0a720a-c641-4298-8e74-66b8360904f9 (Data {pct : 44, mode : file})
09-29 00:11:16.960  7613  7613 D WM-SystemFgDispatcher: Notifying with (id:4931, workSpecId: 3a0a720a-c641-4298-8e74-66b8360904f9, notificationType :1)
09-29 00:11:16.962  7613  7664 I WM-Processor: Moving WorkSpec (3a0a720a-c641-4298-8e74-66b8360904f9) to the foreground
09-29 00:11:16.964  7613  7613 D WM-SystemFgDispatcher: Notifying with (id:4931, workSpecId: 3a0a720a-c641-4298-8e74-66b8360904f9, notificationType :1)
09-29 00:11:16.964  7613  7664 D WM-WorkProgressUpdater: Updating progress for 3a0a720a-c641-4298-8e74-66b8360904f9 (Data {pct : 61, mode : file})
09-29 00:11:16.966  7613  7664 I WM-Processor: Moving WorkSpec (3a0a720a-c641-4298-8e74-66b8360904f9) to the foreground
09-29 00:11:16.967  7613  7666 D WM-WorkProgressUpdater: Updating progress for 3a0a720a-c641-4298-8e74-66b8360904f9 (Data {pct : 78, mode : file})
09-29 00:11:16.967  7613  7613 D WM-SystemFgDispatcher: Notifying with (id:4931, workSpecId: 3a0a720a-c641-4298-8e74-66b8360904f9, notificationType :1)
09-29 00:11:16.969  7613  7666 I WM-Processor: Moving WorkSpec (3a0a720a-c641-4298-8e74-66b8360904f9) to the foreground
09-29 00:11:16.972  7613  7613 D WM-SystemFgDispatcher: Notifying with (id:4931, workSpecId: 3a0a720a-c641-4298-8e74-66b8360904f9, notificationType :1)
09-29 00:11:16.972  7613  7666 D WM-WorkProgressUpdater: Updating progress for 3a0a720a-c641-4298-8e74-66b8360904f9 (Data {pct : 90, mode : file})
09-29 00:11:16.974  7613  7666 I WM-Processor: Moving WorkSpec (3a0a720a-c641-4298-8e74-66b8360904f9) to the foreground
09-29 00:11:16.976  7613  7613 D WM-SystemFgDispatcher: Notifying with (id:4931, workSpecId: 3a0a720a-c641-4298-8e74-66b8360904f9, notificationType :1)
09-29 00:11:16.976  7613  7666 D WM-WorkProgressUpdater: Updating progress for cdf06544-dc01-453d-9cb5-b12a24ba2253 (Data {pct : 26, mode : file})
09-29 00:11:16.979  7613  7666 I WM-Processor: Moving WorkSpec (cdf06544-dc01-453d-9cb5-b12a24ba2253) to the foreground
09-29 00:11:16.982  7613  7613 D WM-SystemFgDispatcher: Notifying with (id:7832, workSpecId: cdf06544-dc01-453d-9cb5-b12a24ba2253, notificationType :1)
09-29 00:11:16.983  7613  7666 D WM-WorkProgressUpdater: Updating progress for cdf06544-dc01-453d-9cb5-b12a24ba2253 (Data {pct : 42, mode : file})
09-29 00:11:16.985  7613  7666 I WM-Processor: Moving WorkSpec (cdf06544-dc01-453d-9cb5-b12a24ba2253) to the foreground
09-29 00:11:16.989  7613  7729 W GitHubUploader: uploadStream: 409 Conflict; refreshing SHA and retrying once.
09-29 00:11:16.989  7613  7666 D WM-WorkProgressUpdater: Updating progress for cdf06544-dc01-453d-9cb5-b12a24ba2253 (Data {pct : 58, mode : file})
09-29 00:11:16.990  7613  7613 D WM-SystemFgDispatcher: Notifying with (id:7832, workSpecId: cdf06544-dc01-453d-9cb5-b12a24ba2253, notificationType :1)
09-29 00:11:16.992  7613  7666 I WM-Processor: Moving WorkSpec (cdf06544-dc01-453d-9cb5-b12a24ba2253) to the foreground
09-29 00:11:16.993  7613  7666 D WM-WorkProgressUpdater: Updating progress for cdf06544-dc01-453d-9cb5-b12a24ba2253 (Data {pct : 74, mode : file})
09-29 00:11:16.993  7613  7613 D WM-SystemFgDispatcher: Notifying with (id:7832, workSpecId: cdf06544-dc01-453d-9cb5-b12a24ba2253, notificationType :1)
09-29 00:11:16.995  7613  7664 I WM-Processor: Moving WorkSpec (cdf06544-dc01-453d-9cb5-b12a24ba2253) to the foreground
09-29 00:11:16.997  7613  7664 D WM-WorkProgressUpdater: Updating progress for cdf06544-dc01-453d-9cb5-b12a24ba2253 (Data {pct : 90, mode : file})
09-29 00:11:16.998  7613  7613 D WM-SystemFgDispatcher: Notifying with (id:7832, workSpecId: cdf06544-dc01-453d-9cb5-b12a24ba2253, notificationType :1)
09-29 00:11:16.999  7613  7613 I NotificationManager: com.negi.survey: notify(7832, null, Notification(channel=uploads shortcut=null contentView=null vibrate=null sound=null defaults=0 flags=ONGOING_EVENT|ONLY_ALERT_ONCE color=0x00000000 category=progress vis=PRIVATE semFlags=0x0 semPriority=0 semMissedCount=0 semScenarioType=0)) as user
09-29 00:11:16.999  7613  7664 I WM-Processor: Moving WorkSpec (cdf06544-dc01-453d-9cb5-b12a24ba2253) to the foreground
09-29 00:11:17.006  7613  7613 D WM-SystemFgDispatcher: Notifying with (id:7832, workSpecId: cdf06544-dc01-453d-9cb5-b12a24ba2253, notificationType :1)
09-29 00:11:17.017  7613  7666 D WM-WorkProgressUpdater: Updating progress for 62393af5-049b-499b-9946-5f6ae35af179 (Data {pct : 34, mode : file})
09-29 00:11:17.020  7613  7665 I WM-Processor: Moving WorkSpec (62393af5-049b-499b-9946-5f6ae35af179) to the foreground
09-29 00:11:17.021  7613  7665 D WM-WorkProgressUpdater: Updating progress for 62393af5-049b-499b-9946-5f6ae35af179 (Data {pct : 58, mode : file})
09-29 00:11:17.029  7613  7665 I WM-Processor: Moving WorkSpec (62393af5-049b-499b-9946-5f6ae35af179) to the foreground
09-29 00:11:17.030  7613  7666 D WM-WorkProgressUpdater: Updating progress for 62393af5-049b-499b-9946-5f6ae35af179 (Data {pct : 82, mode : file})
09-29 00:11:17.033  7613  7666 I WM-Processor: Moving WorkSpec (62393af5-049b-499b-9946-5f6ae35af179) to the foreground
09-29 00:11:17.035  7613  7630 I com.negi.survey: Explicit concurrent mark compact GC freed 7141KB AllocSpace bytes, 65(1556KB) LOS objects, 73% free, 8810KB/32MB, paused 675us,2.234ms total 32.659ms
09-29 00:11:17.047  7613  7666 D WM-WorkProgressUpdater: Updating progress for 62393af5-049b-499b-9946-5f6ae35af179 (Data {pct : 90, mode : file})
09-29 00:11:17.050  7613  7613 D WM-SystemFgDispatcher: Notifying with (id:7517, workSpecId: 62393af5-049b-499b-9946-5f6ae35af179, notificationType :1)
09-29 00:11:17.051  7613  7666 I WM-Processor: Moving WorkSpec (62393af5-049b-499b-9946-5f6ae35af179) to the foreground
09-29 00:11:17.051  7613  7613 D WM-SystemFgDispatcher: Notifying with (id:7517, workSpecId: 62393af5-049b-499b-9946-5f6ae35af179, notificationType :1)
09-29 00:11:17.057  7613  7666 D WM-WorkProgressUpdater: Updating progress for 61a8429b-302c-422b-8adc-bdcb3213b867 (Data {pct : 27, mode : file})
09-29 00:11:17.057  7613  7613 D WM-SystemFgDispatcher: Notifying with (id:7517, workSpecId: 62393af5-049b-499b-9946-5f6ae35af179, notificationType :1)
09-29 00:11:17.061  7613  7666 I WM-Processor: Moving WorkSpec (61a8429b-302c-422b-8adc-bdcb3213b867) to the foreground
09-29 00:11:17.061  7613  7613 D WM-SystemFgDispatcher: Notifying with (id:7517, workSpecId: 62393af5-049b-499b-9946-5f6ae35af179, notificationType :1)
09-29 00:11:17.062  7613  7666 D WM-WorkProgressUpdater: Updating progress for 61a8429b-302c-422b-8adc-bdcb3213b867 (Data {pct : 45, mode : file})
09-29 00:11:17.064  7613  7666 I WM-Processor: Moving WorkSpec (61a8429b-302c-422b-8adc-bdcb3213b867) to the foreground
09-29 00:11:17.065  7613  7613 D WM-SystemFgDispatcher: Notifying with (id:5734, workSpecId: 61a8429b-302c-422b-8adc-bdcb3213b867, notificationType :1)
09-29 00:11:17.065  7613  7666 D WM-WorkProgressUpdater: Updating progress for 61a8429b-302c-422b-8adc-bdcb3213b867 (Data {pct : 62, mode : file})
09-29 00:11:17.066  7613  7613 D WM-SystemFgDispatcher: Notifying with (id:5734, workSpecId: 61a8429b-302c-422b-8adc-bdcb3213b867, notificationType :1)
09-29 00:11:17.067  7613  7666 I WM-Processor: Moving WorkSpec (61a8429b-302c-422b-8adc-bdcb3213b867) to the foreground
09-29 00:11:17.068  7613  7666 D WM-WorkProgressUpdater: Updating progress for 61a8429b-302c-422b-8adc-bdcb3213b867 (Data {pct : 80, mode : file})
09-29 00:11:17.069  7613  7613 D WM-SystemFgDispatcher: Notifying with (id:5734, workSpecId: 61a8429b-302c-422b-8adc-bdcb3213b867, notificationType :1)
09-29 00:11:17.070  7613  7666 I WM-Processor: Moving WorkSpec (61a8429b-302c-422b-8adc-bdcb3213b867) to the foreground
09-29 00:11:17.072  7613  7666 D WM-WorkProgressUpdater: Updating progress for 61a8429b-302c-422b-8adc-bdcb3213b867 (Data {pct : 90, mode : file})
09-29 00:11:17.074  7613  7613 D WM-SystemFgDispatcher: Notifying with (id:5734, workSpecId: 61a8429b-302c-422b-8adc-bdcb3213b867, notificationType :1)
09-29 00:11:17.075  7613  7666 I WM-Processor: Moving WorkSpec (61a8429b-302c-422b-8adc-bdcb3213b867) to the foreground
09-29 00:11:17.076  7613  7613 D WM-SystemFgDispatcher: Notifying with (id:5734, workSpecId: 61a8429b-302c-422b-8adc-bdcb3213b867, notificationType :1)
09-29 00:11:17.112  7613  7655 D WM-WorkProgressUpdater: Updating progress for addf75e8-c004-42df-b8b8-31b3d025e91b (Data {pct : 27, mode : file})
09-29 00:11:17.115  7613  7655 I WM-Processor: Moving WorkSpec (addf75e8-c004-42df-b8b8-31b3d025e91b) to the foreground
09-29 00:11:17.116  7613  7655 D WM-WorkProgressUpdater: Updating progress for addf75e8-c004-42df-b8b8-31b3d025e91b (Data {pct : 44, mode : file})
09-29 00:11:17.116  7613  7613 D WM-SystemFgDispatcher: Notifying with (id:5944, workSpecId: addf75e8-c004-42df-b8b8-31b3d025e91b, notificationType :1)
09-29 00:11:17.120  7613  7655 I WM-Processor: Moving WorkSpec (addf75e8-c004-42df-b8b8-31b3d025e91b) to the foreground
09-29 00:11:17.121  7613  7664 D WM-WorkProgressUpdater: Updating progress for addf75e8-c004-42df-b8b8-31b3d025e91b (Data {pct : 61, mode : file})
09-29 00:11:17.122  7613  7613 D WM-SystemFgDispatcher: Notifying with (id:5944, workSpecId: addf75e8-c004-42df-b8b8-31b3d025e91b, notificationType :1)
09-29 00:11:17.124  7613  7664 I WM-Processor: Moving WorkSpec (addf75e8-c004-42df-b8b8-31b3d025e91b) to the foreground
09-29 00:11:17.126  7613  7613 D WM-SystemFgDispatcher: Notifying with (id:5944, workSpecId: addf75e8-c004-42df-b8b8-31b3d025e91b, notificationType :1)
09-29 00:11:17.126  7613  7664 D WM-WorkProgressUpdater: Updating progress for addf75e8-c004-42df-b8b8-31b3d025e91b (Data {pct : 79, mode : file})
09-29 00:11:17.129  7613  7664 I WM-Processor: Moving WorkSpec (addf75e8-c004-42df-b8b8-31b3d025e91b) to the foreground
09-29 00:11:17.131  7613  7613 D WM-SystemFgDispatcher: Notifying with (id:5944, workSpecId: addf75e8-c004-42df-b8b8-31b3d025e91b, notificationType :1)
09-29 00:11:17.131  7613  7666 D WM-WorkProgressUpdater: Updating progress for addf75e8-c004-42df-b8b8-31b3d025e91b (Data {pct : 90, mode : file})
09-29 00:11:17.134  7613  7665 I WM-Processor: Moving WorkSpec (addf75e8-c004-42df-b8b8-31b3d025e91b) to the foreground
09-29 00:11:17.135  7613  7613 D WM-SystemFgDispatcher: Notifying with (id:5944, workSpecId: addf75e8-c004-42df-b8b8-31b3d025e91b, notificationType :1)
09-29 00:11:17.168  7613  7665 D WM-WorkProgressUpdater: Updating progress for 09608abf-e8ec-4f2e-b25d-6a9afc07890c (Data {pct : 95, mode : file})
09-29 00:11:17.168  7613  7732 D GitHubUploader: uploadStream: done url=https://github.com/ishizuki-tech/SurveyExports/blob/main/diagnostics/crash/2026-09-29/prevlog_20260929_050248_pid5044.log sha=b8d7b96a3928f5430666ba18bb3a5612a5b8b637
09-29 00:11:17.171  7613  7665 I WM-Processor: Moving WorkSpec (09608abf-e8ec-4f2e-b25d-6a9afc07890c) to the foreground
09-29 00:11:17.173  7613  7613 D WM-SystemFgDispatcher: Notifying with (id:8012, workSpecId: 09608abf-e8ec-4f2e-b25d-6a9afc07890c, notificationType :1)
09-29 00:11:17.173  7613  7665 I WM-Processor: Moving WorkSpec (09608abf-e8ec-4f2e-b25d-6a9afc07890c) to the foreground
09-29 00:11:17.175  7613  7613 D WM-SystemFgDispatcher: Notifying with (id:8012, workSpecId: 09608abf-e8ec-4f2e-b25d-6a9afc07890c, notificationType :1)
09-29 00:11:17.175  7613  7613 I NotificationManager: com.negi.survey: notify(8012, null, Notification(channel=uploads shortcut=null contentView=null vibrate=null sound=null defaults=0 flags=ONLY_ALERT_ONCE color=0x00000000 category=progress vis=PRIVATE semFlags=0x0 semPriority=0 semMissedCount=0 semScenarioType=0)) as user
09-29 00:11:17.176  7613  7665 I WM-WorkerWrapper: Worker result SUCCESS for Work [ id=09608abf-e8ec-4f2e-b25d-6a9afc07890c, tags={ com.negi.survey.net.GitHubUploadWorker,github_upload,github_upload:crash:diagnostics_crash_prevlog_20260929_050248_pid5044.log_d20d8e3c } ]
09-29 00:11:17.184  7613  7613 D WM-Processor: Processor 09608abf-e8ec-4f2e-b25d-6a9afc07890c executed; reschedule = false
09-29 00:11:17.184  7613  7613 D WM-GreedyScheduler: Stopping tracking for WorkGenerationalId(workSpecId=09608abf-e8ec-4f2e-b25d-6a9afc07890c, generation=0)
09-29 00:11:17.184  7613  7613 D WM-SystemJobService: 09608abf-e8ec-4f2e-b25d-6a9afc07890c executed on JobScheduler
09-29 00:11:17.184  7613  7613 D WM-SystemFgDispatcher: Removing Notification (id: 8012, workSpecId: WorkGenerationalId(workSpecId=09608abf-e8ec-4f2e-b25d-6a9afc07890c, generation=0), notificationType: 1
09-29 00:11:17.191  7613  7664 D WM-GreedyScheduler: Cancelling work ID 09608abf-e8ec-4f2e-b25d-6a9afc07890c
09-29 00:11:17.197  7613  7664 D WM-WorkProgressUpdater: Updating progress for fdb2def7-3b18-4194-8f3a-0ab9c8e17363 (Data {pct : 27, mode : file})
09-29 00:11:17.200  7613  7664 I WM-Processor: Moving WorkSpec (fdb2def7-3b18-4194-8f3a-0ab9c8e17363) to the foreground
09-29 00:11:17.201  7613  7664 D WM-WorkProgressUpdater: Updating progress for fdb2def7-3b18-4194-8f3a-0ab9c8e17363 (Data {pct : 44, mode : file})
09-29 00:11:17.201  7613  7613 D WM-SystemFgDispatcher: Notifying with (id:7492, workSpecId: fdb2def7-3b18-4194-8f3a-0ab9c8e17363, notificationType :1)
09-29 00:11:17.201  7613  7613 I NotificationManager: com.negi.survey: notify(7492, null, Notification(channel=uploads shortcut=null contentView=null vibrate=null sound=null defaults=0 flags=ONGOING_EVENT|ONLY_ALERT_ONCE color=0x00000000 category=progress vis=PRIVATE semFlags=0x0 semPriority=0 semMissedCount=0 semScenarioType=0)) as user
09-29 00:11:17.203  7613  7664 I WM-Processor: Moving WorkSpec (fdb2def7-3b18-4194-8f3a-0ab9c8e17363) to the foreground
09-29 00:11:17.205  7613  7664 D WM-WorkProgressUpdater: Updating progress for fdb2def7-3b18-4194-8f3a-0ab9c8e17363 (Data {pct : 61, mode : file})
09-29 00:11:17.208  7613  7664 I WM-Processor: Moving WorkSpec (fdb2def7-3b18-4194-8f3a-0ab9c8e17363) to the foreground
09-29 00:11:17.209  7613  7664 D WM-WorkProgressUpdater: Updating progress for fdb2def7-3b18-4194-8f3a-0ab9c8e17363 (Data {pct : 78, mode : file})
09-29 00:11:17.209  7613  7613 D WM-SystemFgDispatcher: Notifying with (id:7492, workSpecId: fdb2def7-3b18-4194-8f3a-0ab9c8e17363, notificationType :1)
09-29 00:11:17.211  7613  7613 D WM-SystemFgDispatcher: Notifying with (id:7492, workSpecId: fdb2def7-3b18-4194-8f3a-0ab9c8e17363, notificationType :1)
09-29 00:11:17.214  7613  7666 I WM-Processor: Moving WorkSpec (fdb2def7-3b18-4194-8f3a-0ab9c8e17363) to the foreground
09-29 00:11:17.215  7613  7613 D WM-SystemFgDispatcher: Notifying with (id:7492, workSpecId: fdb2def7-3b18-4194-8f3a-0ab9c8e17363, notificationType :1)
09-29 00:11:17.215  7613  7666 D WM-WorkProgressUpdater: Updating progress for fdb2def7-3b18-4194-8f3a-0ab9c8e17363 (Data {pct : 90, mode : file})
09-29 00:11:17.218  7613  7666 I WM-Processor: Moving WorkSpec (fdb2def7-3b18-4194-8f3a-0ab9c8e17363) to the foreground
09-29 00:11:17.219  7613  7613 D WM-SystemFgDispatcher: Notifying with (id:7492, workSpecId: fdb2def7-3b18-4194-8f3a-0ab9c8e17363, notificationType :1)
09-29 00:11:17.219  7613  7666 D WM-WorkProgressUpdater: Updating progress for dd9182fc-8432-48c5-8979-71de7938cdd7 (Data {pct : 19, mode : file})
09-29 00:11:17.222  7613  7666 I WM-Processor: Moving WorkSpec (dd9182fc-8432-48c5-8979-71de7938cdd7) to the foreground
09-29 00:11:17.223  7613  7666 D WM-WorkProgressUpdater: Updating progress for dd9182fc-8432-48c5-8979-71de7938cdd7 (Data {pct : 28, mode : file})
09-29 00:11:17.223  7613  7613 D WM-SystemFgDispatcher: Notifying with (id:4313, workSpecId: dd9182fc-8432-48c5-8979-71de7938cdd7, notificationType :1)
09-29 00:11:17.223  7613  7745 W GitHubUploader: uploadStream: 409 Conflict; refreshing SHA and retrying once.
09-29 00:11:17.226  7613  7666 I WM-Processor: Moving WorkSpec (dd9182fc-8432-48c5-8979-71de7938cdd7) to the foreground
09-29 00:11:17.227  7613  7613 D WM-SystemFgDispatcher: Notifying with (id:4313, workSpecId: dd9182fc-8432-48c5-8979-71de7938cdd7, notificationType :1)
09-29 00:11:17.227  7613  7666 D WM-WorkProgressUpdater: Updating progress for dd9182fc-8432-48c5-8979-71de7938cdd7 (Data {pct : 37, mode : file})
09-29 00:11:17.230  7613  7666 I WM-Processor: Moving WorkSpec (dd9182fc-8432-48c5-8979-71de7938cdd7) to the foreground
09-29 00:11:17.231  7613  7666 D WM-WorkProgressUpdater: Updating progress for dd9182fc-8432-48c5-8979-71de7938cdd7 (Data {pct : 46, mode : file})
09-29 00:11:17.231  7613  7613 D WM-SystemFgDispatcher: Notifying with (id:4313, workSpecId: dd9182fc-8432-48c5-8979-71de7938cdd7, notificationType :1)
09-29 00:11:17.234  7613  7666 I WM-Processor: Moving WorkSpec (dd9182fc-8432-48c5-8979-71de7938cdd7) to the foreground
09-29 00:11:17.235  7613  7613 D WM-SystemFgDispatcher: Notifying with (id:4313, workSpecId: dd9182fc-8432-48c5-8979-71de7938cdd7, notificationType :1)
09-29 00:11:17.235  7613  7666 D WM-WorkProgressUpdater: Updating progress for dd9182fc-8432-48c5-8979-71de7938cdd7 (Data {pct : 56, mode : file})
09-29 00:11:17.238  7613  7666 I WM-Processor: Moving WorkSpec (dd9182fc-8432-48c5-8979-71de7938cdd7) to the foreground
09-29 00:11:17.239  7613  7613 D WM-SystemFgDispatcher: Notifying with (id:4313, workSpecId: dd9182fc-8432-48c5-8979-71de7938cdd7, notificationType :1)
09-29 00:11:17.239  7613  7666 D WM-WorkProgressUpdater: Updating progress for dd9182fc-8432-48c5-8979-71de7938cdd7 (Data {pct : 65, mode : file})
09-29 00:11:17.240  7613  7666 I WM-Processor: Moving WorkSpec (dd9182fc-8432-48c5-8979-71de7938cdd7) to the foreground
09-29 00:11:17.243  7613  7666 D WM-WorkProgressUpdater: Updating progress for dd9182fc-8432-48c5-8979-71de7938cdd7 (Data {pct : 74, mode : file})
09-29 00:11:17.243  7613  7613 D WM-SystemFgDispatcher: Notifying with (id:4313, workSpecId: dd9182fc-8432-48c5-8979-71de7938cdd7, notificationType :1)
09-29 00:11:17.244  7613  7666 I WM-Processor: Moving WorkSpec (dd9182fc-8432-48c5-8979-71de7938cdd7) to the foreground
09-29 00:11:17.245  7613  7666 D WM-WorkProgressUpdater: Updating progress for dd9182fc-8432-48c5-8979-71de7938cdd7 (Data {pct : 83, mode : file})
09-29 00:11:17.247  7613  7666 I WM-Processor: Moving WorkSpec (dd9182fc-8432-48c5-8979-71de7938cdd7) to the foreground
09-29 00:11:17.247  7613  7613 D WM-SystemFgDispatcher: Notifying with (id:4313, workSpecId: dd9182fc-8432-48c5-8979-71de7938cdd7, notificationType :1)
09-29 00:11:17.247  7613  7666 D WM-WorkProgressUpdater: Updating progress for dd9182fc-8432-48c5-8979-71de7938cdd7 (Data {pct : 90, mode : file})
09-29 00:11:17.248  7613  7613 D WM-SystemFgDispatcher: Notifying with (id:4313, workSpecId: dd9182fc-8432-48c5-8979-71de7938cdd7, notificationType :1)
09-29 00:11:17.249  7613  7666 I WM-Processor: Moving WorkSpec (dd9182fc-8432-48c5-8979-71de7938cdd7) to the foreground
09-29 00:11:17.251  7613  7613 D WM-SystemFgDispatcher: Notifying with (id:4313, workSpecId: dd9182fc-8432-48c5-8979-71de7938cdd7, notificationType :1)
09-29 00:11:17.272  7613  7664 D WM-WorkProgressUpdater: Updating progress for 719b4369-62e5-4050-a85c-dca1f31313a3 (Data {pct : 26, mode : file})
09-29 00:11:17.274  7613  7664 I WM-Processor: Moving WorkSpec (719b4369-62e5-4050-a85c-dca1f31313a3) to the foreground
09-29 00:11:17.275  7613  7664 D WM-WorkProgressUpdater: Updating progress for 719b4369-62e5-4050-a85c-dca1f31313a3 (Data {pct : 43, mode : file})
09-29 00:11:17.275  7613  7613 D WM-SystemFgDispatcher: Notifying with (id:10841, workSpecId: 719b4369-62e5-4050-a85c-dca1f31313a3, notificationType :1)
09-29 00:11:17.276  7613  7664 I WM-Processor: Moving WorkSpec (719b4369-62e5-4050-a85c-dca1f31313a3) to the foreground
09-29 00:11:17.277  7613  7664 D WM-WorkProgressUpdater: Updating progress for 719b4369-62e5-4050-a85c-dca1f31313a3 (Data {pct : 60, mode : file})
09-29 00:11:17.279  7613  7664 I WM-Processor: Moving WorkSpec (719b4369-62e5-4050-a85c-dca1f31313a3) to the foreground
09-29 00:11:17.279  7613  7664 D WM-WorkProgressUpdater: Updating progress for 719b4369-62e5-4050-a85c-dca1f31313a3 (Data {pct : 77, mode : file})
09-29 00:11:17.280  7613  7613 D WM-SystemFgDispatcher: Notifying with (id:10841, workSpecId: 719b4369-62e5-4050-a85c-dca1f31313a3, notificationType :1)
09-29 00:11:17.281  7613  7613 D WM-SystemFgDispatcher: Notifying with (id:10841, workSpecId: 719b4369-62e5-4050-a85c-dca1f31313a3, notificationType :1)
09-29 00:11:17.281  7613  7664 I WM-Processor: Moving WorkSpec (719b4369-62e5-4050-a85c-dca1f31313a3) to the foreground
09-29 00:11:17.283  7613  7613 D WM-SystemFgDispatcher: Notifying with (id:10841, workSpecId: 719b4369-62e5-4050-a85c-dca1f31313a3, notificationType :1)
09-29 00:11:17.283  7613  7664 D WM-WorkProgressUpdater: Updating progress for 719b4369-62e5-4050-a85c-dca1f31313a3 (Data {pct : 90, mode : file})
09-29 00:11:17.286  7613  7664 I WM-Processor: Moving WorkSpec (719b4369-62e5-4050-a85c-dca1f31313a3) to the foreground
09-29 00:11:17.288  7613  7613 D WM-SystemFgDispatcher: Notifying with (id:10841, workSpecId: 719b4369-62e5-4050-a85c-dca1f31313a3, notificationType :1)
09-29 00:11:17.315  7613  7677 W GitHubUploader: uploadStream: 409 Conflict; refreshing SHA and retrying once.
09-29 00:11:17.349  7613  7665 D WM-WorkProgressUpdater: Updating progress for b8199543-e27e-491c-8f43-8e417567c754 (Data {pct : 14, mode : file})
09-29 00:11:17.351  7613  7665 I WM-Processor: Moving WorkSpec (b8199543-e27e-491c-8f43-8e417567c754) to the foreground
09-29 00:11:17.352  7613  7665 D WM-WorkProgressUpdater: Updating progress for b8199543-e27e-491c-8f43-8e417567c754 (Data {pct : 18, mode : file})
09-29 00:11:17.352  7613  7613 D WM-SystemFgDispatcher: Notifying with (id:10208, workSpecId: b8199543-e27e-491c-8f43-8e417567c754, notificationType :1)
09-29 00:11:17.355  7613  7665 I WM-Processor: Moving WorkSpec (b8199543-e27e-491c-8f43-8e417567c754) to the foreground
09-29 00:11:17.356  7613  7665 D WM-WorkProgressUpdater: Updating progress for b8199543-e27e-491c-8f43-8e417567c754 (Data {pct : 22, mode : file})
09-29 00:11:17.356  7613  7613 D WM-SystemFgDispatcher: Notifying with (id:10208, workSpecId: b8199543-e27e-491c-8f43-8e417567c754, notificationType :1)
09-29 00:11:17.358  7613  7665 I WM-Processor: Moving WorkSpec (b8199543-e27e-491c-8f43-8e417567c754) to the foreground
09-29 00:11:17.358  7613  7655 D WM-WorkProgressUpdater: Updating progress for b8199543-e27e-491c-8f43-8e417567c754 (Data {pct : 26, mode : file})
09-29 00:11:17.358  7613  7613 D WM-SystemFgDispatcher: Notifying with (id:10208, workSpecId: b8199543-e27e-491c-8f43-8e417567c754, notificationType :1)
09-29 00:11:17.360  7613  7655 I WM-Processor: Moving WorkSpec (b8199543-e27e-491c-8f43-8e417567c754) to the foreground
09-29 00:11:17.363  7613  7655 D WM-WorkProgressUpdater: Updating progress for b8199543-e27e-491c-8f43-8e417567c754 (Data {pct : 31, mode : file})
09-29 00:11:17.364  7613  7613 D WM-SystemFgDispatcher: Notifying with (id:10208, workSpecId: b8199543-e27e-491c-8f43-8e417567c754, notificationType :1)
09-29 00:11:17.365  7613  7655 I WM-Processor: Moving WorkSpec (b8199543-e27e-491c-8f43-8e417567c754) to the foreground
09-29 00:11:17.366  7613  7655 D WM-WorkProgressUpdater: Updating progress for b8199543-e27e-491c-8f43-8e417567c754 (Data {pct : 35, mode : file})
09-29 00:11:17.366  7613  7613 D WM-SystemFgDispatcher: Notifying with (id:10208, workSpecId: b8199543-e27e-491c-8f43-8e417567c754, notificationType :1)
09-29 00:11:17.368  7613  7655 I WM-Processor: Moving WorkSpec (b8199543-e27e-491c-8f43-8e417567c754) to the foreground
09-29 00:11:17.369  7613  7655 D WM-WorkProgressUpdater: Updating progress for b8199543-e27e-491c-8f43-8e417567c754 (Data {pct : 39, mode : file})
09-29 00:11:17.369  7613  7613 D WM-SystemFgDispatcher: Notifying with (id:10208, workSpecId: b8199543-e27e-491c-8f43-8e417567c754, notificationType :1)
09-29 00:11:17.370  7613  7655 I WM-Processor: Moving WorkSpec (b8199543-e27e-491c-8f43-8e417567c754) to the foreground
09-29 00:11:17.371  7613  7655 D WM-WorkProgressUpdater: Updating progress for b8199543-e27e-491c-8f43-8e417567c754 (Data {pct : 43, mode : file})
09-29 00:11:17.373  7613  7655 I WM-Processor: Moving WorkSpec (b8199543-e27e-491c-8f43-8e417567c754) to the foreground
09-29 00:11:17.373  7613  7613 D WM-SystemFgDispatcher: Notifying with (id:10208, workSpecId: b8199543-e27e-491c-8f43-8e417567c754, notificationType :1)
09-29 00:11:17.375  7613  7664 D WM-WorkProgressUpdater: Updating progress for b8199543-e27e-491c-8f43-8e417567c754 (Data {pct : 47, mode : file})
09-29 00:11:17.376  7613  7613 D WM-SystemFgDispatcher: Notifying with (id:10208, workSpecId: b8199543-e27e-491c-8f43-8e417567c754, notificationType :1)
09-29 00:11:17.377  7613  7664 I WM-Processor: Moving WorkSpec (b8199543-e27e-491c-8f43-8e417567c754) to the foreground
09-29 00:11:17.379  7613  7664 D WM-WorkProgressUpdater: Updating progress for b8199543-e27e-491c-8f43-8e417567c754 (Data {pct : 52, mode : file})
09-29 00:11:17.380  7613  7613 D WM-SystemFgDispatcher: Notifying with (id:10208, workSpecId: b8199543-e27e-491c-8f43-8e417567c754, notificationType :1)
09-29 00:11:17.380  7613  7664 I WM-Processor: Moving WorkSpec (b8199543-e27e-491c-8f43-8e417567c754) to the foreground
09-29 00:11:17.382  7613  7613 D WM-SystemFgDispatcher: Notifying with (id:10208, workSpecId: b8199543-e27e-491c-8f43-8e417567c754, notificationType :1)
09-29 00:11:17.382  7613  7664 D WM-WorkProgressUpdater: Updating progress for b8199543-e27e-491c-8f43-8e417567c754 (Data {pct : 56, mode : file})
09-29 00:11:17.384  7613  7664 I WM-Processor: Moving WorkSpec (b8199543-e27e-491c-8f43-8e417567c754) to the foreground
09-29 00:11:17.385  7613  7664 D WM-WorkProgressUpdater: Updating progress for b8199543-e27e-491c-8f43-8e417567c754 (Data {pct : 60, mode : file})
09-29 00:11:17.385  7613  7613 D WM-SystemFgDispatcher: Notifying with (id:10208, workSpecId: b8199543-e27e-491c-8f43-8e417567c754, notificationType :1)
09-29 00:11:17.388  7613  7665 I WM-Processor: Moving WorkSpec (b8199543-e27e-491c-8f43-8e417567c754) to the foreground
09-29 00:11:17.389  7613  7665 D WM-WorkProgressUpdater: Updating progress for b8199543-e27e-491c-8f43-8e417567c754 (Data {pct : 64, mode : file})
09-29 00:11:17.389  7613  7613 D WM-SystemFgDispatcher: Notifying with (id:10208, workSpecId: b8199543-e27e-491c-8f43-8e417567c754, notificationType :1)
09-29 00:11:17.393  7613  7665 I WM-Processor: Moving WorkSpec (b8199543-e27e-491c-8f43-8e417567c754) to the foreground
09-29 00:11:17.394  7613  7665 D WM-WorkProgressUpdater: Updating progress for b8199543-e27e-491c-8f43-8e417567c754 (Data {pct : 68, mode : file})
09-29 00:11:17.394  7613  7613 D WM-SystemFgDispatcher: Notifying with (id:10208, workSpecId: b8199543-e27e-491c-8f43-8e417567c754, notificationType :1)
09-29 00:11:17.396  7613  7665 I WM-Processor: Moving WorkSpec (b8199543-e27e-491c-8f43-8e417567c754) to the foreground
09-29 00:11:17.397  7613  7665 D WM-WorkProgressUpdater: Updating progress for b8199543-e27e-491c-8f43-8e417567c754 (Data {pct : 73, mode : file})
09-29 00:11:17.397  7613  7613 D WM-SystemFgDispatcher: Notifying with (id:10208, workSpecId: b8199543-e27e-491c-8f43-8e417567c754, notificationType :1)
09-29 00:11:17.399  7613  7665 I WM-Processor: Moving WorkSpec (b8199543-e27e-491c-8f43-8e417567c754) to the foreground
09-29 00:11:17.400  7613  7665 D WM-WorkProgressUpdater: Updating progress for b8199543-e27e-491c-8f43-8e417567c754 (Data {pct : 77, mode : file})
09-29 00:11:17.400  7613  7613 D WM-SystemFgDispatcher: Notifying with (id:10208, workSpecId: b8199543-e27e-491c-8f43-8e417567c754, notificationType :1)
09-29 00:11:17.400  7613  7613 I NotificationManager: com.negi.survey: notify(10208, null, Notification(channel=uploads shortcut=null contentView=null vibrate=null sound=null defaults=0 flags=ONGOING_EVENT|ONLY_ALERT_ONCE color=0x00000000 category=progress vis=PRIVATE semFlags=0x0 semPriority=0 semMissedCount=0 semScenarioType=0)) as user
09-29 00:11:17.401  7613  7665 I WM-Processor: Moving WorkSpec (b8199543-e27e-491c-8f43-8e417567c754) to the foreground
09-29 00:11:17.402  7613  7664 D WM-WorkProgressUpdater: Updating progress for b8199543-e27e-491c-8f43-8e417567c754 (Data {pct : 81, mode : file})
09-29 00:11:17.404  7613  7666 I WM-Processor: Moving WorkSpec (b8199543-e27e-491c-8f43-8e417567c754) to the foreground
09-29 00:11:17.404  7613  7730 W GitHubUploader: uploadStream: 409 Conflict; refreshing SHA and retrying once.
09-29 00:11:17.405  7613  7666 D WM-WorkProgressUpdater: Updating progress for b8199543-e27e-491c-8f43-8e417567c754 (Data {pct : 85, mode : file})
09-29 00:11:17.406  7613  7613 D WM-SystemFgDispatcher: Notifying with (id:10208, workSpecId: b8199543-e27e-491c-8f43-8e417567c754, notificationType :1)
09-29 00:11:17.407  7613  7613 D WM-SystemFgDispatcher: Notifying with (id:10208, workSpecId: b8199543-e27e-491c-8f43-8e417567c754, notificationType :1)
09-29 00:11:17.407  7613  7666 I WM-Processor: Moving WorkSpec (b8199543-e27e-491c-8f43-8e417567c754) to the foreground
09-29 00:11:17.408  7613  7666 D WM-WorkProgressUpdater: Updating progress for b8199543-e27e-491c-8f43-8e417567c754 (Data {pct : 89, mode : file})
09-29 00:11:17.408  7613  7613 D WM-SystemFgDispatcher: Notifying with (id:10208, workSpecId: b8199543-e27e-491c-8f43-8e417567c754, notificationType :1)
09-29 00:11:17.411  7613  7666 I WM-Processor: Moving WorkSpec (b8199543-e27e-491c-8f43-8e417567c754) to the foreground
09-29 00:11:17.412  7613  7666 D WM-WorkProgressUpdater: Updating progress for b8199543-e27e-491c-8f43-8e417567c754 (Data {pct : 90, mode : file})
09-29 00:11:17.413  7613  7613 D WM-SystemFgDispatcher: Notifying with (id:10208, workSpecId: b8199543-e27e-491c-8f43-8e417567c754, notificationType :1)
09-29 00:11:17.435  7613  7666 I WM-Processor: Moving WorkSpec (b8199543-e27e-491c-8f43-8e417567c754) to the foreground
09-29 00:11:17.438  7613  7613 D WM-SystemFgDispatcher: Notifying with (id:10208, workSpecId: b8199543-e27e-491c-8f43-8e417567c754, notificationType :1)
09-29 00:11:17.446  7613  7666 D WM-WorkProgressUpdater: Updating progress for 0de5c876-7b7e-42d7-a8f3-3a0716deff56 (Data {pct : 26, mode : file})
09-29 00:11:17.448  7613  7666 I WM-Processor: Moving WorkSpec (0de5c876-7b7e-42d7-a8f3-3a0716deff56) to the foreground
09-29 00:11:17.449  7613  7666 D WM-WorkProgressUpdater: Updating progress for 0de5c876-7b7e-42d7-a8f3-3a0716deff56 (Data {pct : 43, mode : file})
09-29 00:11:17.449  7613  7613 D WM-SystemFgDispatcher: Notifying with (id:3300, workSpecId: 0de5c876-7b7e-42d7-a8f3-3a0716deff56, notificationType :1)
09-29 00:11:17.450  7613  7666 I WM-Processor: Moving WorkSpec (0de5c876-7b7e-42d7-a8f3-3a0716deff56) to the foreground
09-29 00:11:17.452  7613  7613 D WM-SystemFgDispatcher: Notifying with (id:3300, workSpecId: 0de5c876-7b7e-42d7-a8f3-3a0716deff56, notificationType :1)
09-29 00:11:17.452  7613  7666 D WM-WorkProgressUpdater: Updating progress for 0de5c876-7b7e-42d7-a8f3-3a0716deff56 (Data {pct : 60, mode : file})
09-29 00:11:17.453  7613  7666 I WM-Processor: Moving WorkSpec (0de5c876-7b7e-42d7-a8f3-3a0716deff56) to the foreground
09-29 00:11:17.454  7613  7666 D WM-WorkProgressUpdater: Updating progress for 0de5c876-7b7e-42d7-a8f3-3a0716deff56 (Data {pct : 77, mode : file})
09-29 00:11:17.455  7613  7613 D WM-SystemFgDispatcher: Notifying with (id:3300, workSpecId: 0de5c876-7b7e-42d7-a8f3-3a0716deff56, notificationType :1)
09-29 00:11:17.456  7613  7666 I WM-Processor: Moving WorkSpec (0de5c876-7b7e-42d7-a8f3-3a0716deff56) to the foreground
09-29 00:11:17.458  7613  7666 D WM-WorkProgressUpdater: Updating progress for 0de5c876-7b7e-42d7-a8f3-3a0716deff56 (Data {pct : 90, mode : file})
09-29 00:11:17.458  7613  7613 D WM-SystemFgDispatcher: Notifying with (id:3300, workSpecId: 0de5c876-7b7e-42d7-a8f3-3a0716deff56, notificationType :1)
09-29 00:11:17.459  7613  7666 I WM-Processor: Moving WorkSpec (0de5c876-7b7e-42d7-a8f3-3a0716deff56) to the foreground
09-29 00:11:17.463  7613  7613 D WM-SystemFgDispatcher: Notifying with (id:3300, workSpecId: 0de5c876-7b7e-42d7-a8f3-3a0716deff56, notificationType :1)
09-29 00:11:17.463  7613  7666 D WM-WorkProgressUpdater: Updating progress for 16ce5bd7-c8c8-4f83-be5f-2ea3b1b46167 (Data {pct : 26, mode : file})
09-29 00:11:17.465  7613  7666 I WM-Processor: Moving WorkSpec (16ce5bd7-c8c8-4f83-be5f-2ea3b1b46167) to the foreground
09-29 00:11:17.466  7613  7666 D WM-WorkProgressUpdater: Updating progress for 16ce5bd7-c8c8-4f83-be5f-2ea3b1b46167 (Data {pct : 43, mode : file})
09-29 00:11:17.466  7613  7613 D WM-SystemFgDispatcher: Notifying with (id:6356, workSpecId: 16ce5bd7-c8c8-4f83-be5f-2ea3b1b46167, notificationType :1)
09-29 00:11:17.467  7613  7666 I WM-Processor: Moving WorkSpec (16ce5bd7-c8c8-4f83-be5f-2ea3b1b46167) to the foreground
09-29 00:11:17.468  7613  7666 D WM-WorkProgressUpdater: Updating progress for 16ce5bd7-c8c8-4f83-be5f-2ea3b1b46167 (Data {pct : 60, mode : file})
09-29 00:11:17.468  7613  7613 D WM-SystemFgDispatcher: Notifying with (id:6356, workSpecId: 16ce5bd7-c8c8-4f83-be5f-2ea3b1b46167, notificationType :1)
09-29 00:11:17.470  7613  7666 I WM-Processor: Moving WorkSpec (16ce5bd7-c8c8-4f83-be5f-2ea3b1b46167) to the foreground
09-29 00:11:17.471  7613  7666 D WM-WorkProgressUpdater: Updating progress for 16ce5bd7-c8c8-4f83-be5f-2ea3b1b46167 (Data {pct : 77, mode : file})
09-29 00:11:17.472  7613  7613 D WM-SystemFgDispatcher: Notifying with (id:6356, workSpecId: 16ce5bd7-c8c8-4f83-be5f-2ea3b1b46167, notificationType :1)
09-29 00:11:17.473  7613  7666 I WM-Processor: Moving WorkSpec (16ce5bd7-c8c8-4f83-be5f-2ea3b1b46167) to the foreground
09-29 00:11:17.474  7613  7666 D WM-WorkProgressUpdater: Updating progress for 16ce5bd7-c8c8-4f83-be5f-2ea3b1b46167 (Data {pct : 90, mode : file})
09-29 00:11:17.474  7613  7613 D WM-SystemFgDispatcher: Notifying with (id:6356, workSpecId: 16ce5bd7-c8c8-4f83-be5f-2ea3b1b46167, notificationType :1)
09-29 00:11:17.475  7613  7666 I WM-Processor: Moving WorkSpec (16ce5bd7-c8c8-4f83-be5f-2ea3b1b46167) to the foreground
09-29 00:11:17.476  7613  7613 D WM-SystemFgDispatcher: Notifying with (id:6356, workSpecId: 16ce5bd7-c8c8-4f83-be5f-2ea3b1b46167, notificationType :1)
09-29 00:11:17.558  7613  7665 D WM-WorkProgressUpdater: Updating progress for e232e0ed-f2cb-4277-9cb1-0dea725ce196 (Data {pct : 27, mode : file})
09-29 00:11:17.560  7613  7665 I WM-Processor: Moving WorkSpec (e232e0ed-f2cb-4277-9cb1-0dea725ce196) to the foreground
09-29 00:11:17.562  7613  7665 D WM-WorkProgressUpdater: Updating progress for e232e0ed-f2cb-4277-9cb1-0dea725ce196 (Data {pct : 44, mode : file})
09-29 00:11:17.563  7613  7613 D WM-SystemFgDispatcher: Notifying with (id:11118, workSpecId: e232e0ed-f2cb-4277-9cb1-0dea725ce196, notificationType :1)
09-29 00:11:17.563  7613  7665 I WM-Processor: Moving WorkSpec (e232e0ed-f2cb-4277-9cb1-0dea725ce196) to the foreground
09-29 00:11:17.565  7613  7613 D WM-SystemFgDispatcher: Notifying with (id:11118, workSpecId: e232e0ed-f2cb-4277-9cb1-0dea725ce196, notificationType :1)
09-29 00:11:17.565  7613  7665 D WM-WorkProgressUpdater: Updating progress for e232e0ed-f2cb-4277-9cb1-0dea725ce196 (Data {pct : 61, mode : file})
09-29 00:11:17.567  7613  7665 I WM-Processor: Moving WorkSpec (e232e0ed-f2cb-4277-9cb1-0dea725ce196) to the foreground
09-29 00:11:17.568  7613  7613 D WM-SystemFgDispatcher: Notifying with (id:11118, workSpecId: e232e0ed-f2cb-4277-9cb1-0dea725ce196, notificationType :1)
09-29 00:11:17.568  7613  7665 D WM-WorkProgressUpdater: Updating progress for e232e0ed-f2cb-4277-9cb1-0dea725ce196 (Data {pct : 78, mode : file})
09-29 00:11:17.571  7613  7665 I WM-Processor: Moving WorkSpec (e232e0ed-f2cb-4277-9cb1-0dea725ce196) to the foreground
09-29 00:11:17.572  7613  7665 D WM-WorkProgressUpdater: Updating progress for e232e0ed-f2cb-4277-9cb1-0dea725ce196 (Data {pct : 90, mode : file})
09-29 00:11:17.572  7613  7613 D WM-SystemFgDispatcher: Notifying with (id:11118, workSpecId: e232e0ed-f2cb-4277-9cb1-0dea725ce196, notificationType :1)
09-29 00:11:17.574  7613  7665 I WM-Processor: Moving WorkSpec (e232e0ed-f2cb-4277-9cb1-0dea725ce196) to the foreground
09-29 00:11:17.575  7613  7613 D WM-SystemFgDispatcher: Notifying with (id:11118, workSpecId: e232e0ed-f2cb-4277-9cb1-0dea725ce196, notificationType :1)
09-29 00:11:17.580  7613  7733 W GitHubUploader: uploadStream: 409 Conflict; refreshing SHA and retrying once.
09-29 00:11:17.655  7613  7666 D WM-WorkProgressUpdater: Updating progress for c131dc6b-42ab-44bf-a392-17d7b3d3a6fc (Data {pct : 11, mode : file})
09-29 00:11:17.658  7613  7666 I WM-Processor: Moving WorkSpec (c131dc6b-42ab-44bf-a392-17d7b3d3a6fc) to the foreground
09-29 00:11:17.659  7613  7666 D WM-WorkProgressUpdater: Updating progress for c131dc6b-42ab-44bf-a392-17d7b3d3a6fc (Data {pct : 12, mode : file})
09-29 00:11:17.659  7613  7613 D WM-SystemFgDispatcher: Notifying with (id:9368, workSpecId: c131dc6b-42ab-44bf-a392-17d7b3d3a6fc, notificationType :1)
09-29 00:11:17.659  7613  7613 I NotificationManager: com.negi.survey: notify(9368, null, Notification(channel=uploads shortcut=null contentView=null vibrate=null sound=null defaults=0 flags=ONGOING_EVENT|ONLY_ALERT_ONCE color=0x00000000 category=progress vis=PRIVATE semFlags=0x0 semPriority=0 semMissedCount=0 semScenarioType=0)) as user
09-29 00:11:17.661  7613  7666 I WM-Processor: Moving WorkSpec (c131dc6b-42ab-44bf-a392-17d7b3d3a6fc) to the foreground
09-29 00:11:17.664  7613  7666 D WM-WorkProgressUpdater: Updating progress for c131dc6b-42ab-44bf-a392-17d7b3d3a6fc (Data {pct : 13, mode : file})
09-29 00:11:17.666  7613  7613 D WM-SystemFgDispatcher: Notifying with (id:9368, workSpecId: c131dc6b-42ab-44bf-a392-17d7b3d3a6fc, notificationType :1)
09-29 00:11:17.666  7613  7613 W NotificationManager: Shedding notify (update) of NotificationKey[user=UserHandle{0}, pkg=com.negi.survey, tag=null, id=9368], rate limit (5.0) exceeded: input 59.1855, output would be 6.4684224
09-29 00:11:17.666  7613  7666 I WM-Processor: Moving WorkSpec (c131dc6b-42ab-44bf-a392-17d7b3d3a6fc) to the foreground
09-29 00:11:17.668  7613  7613 D WM-SystemFgDispatcher: Notifying with (id:9368, workSpecId: c131dc6b-42ab-44bf-a392-17d7b3d3a6fc, notificationType :1)
09-29 00:11:17.668  7613  7664 D WM-WorkProgressUpdater: Updating progress for c131dc6b-42ab-44bf-a392-17d7b3d3a6fc (Data {pct : 14, mode : file})
09-29 00:11:17.670  7613  7664 I WM-Processor: Moving WorkSpec (c131dc6b-42ab-44bf-a392-17d7b3d3a6fc) to the foreground
09-29 00:11:17.674  7613  7664 D WM-WorkProgressUpdater: Updating progress for c131dc6b-42ab-44bf-a392-17d7b3d3a6fc (Data {pct : 15, mode : file})
09-29 00:11:17.674  7613  7613 D WM-SystemFgDispatcher: Notifying with (id:9368, workSpecId: c131dc6b-42ab-44bf-a392-17d7b3d3a6fc, notificationType :1)
09-29 00:11:17.677  7613  7664 I WM-Processor: Moving WorkSpec (c131dc6b-42ab-44bf-a392-17d7b3d3a6fc) to the foreground
09-29 00:11:17.678  7613  7664 D WM-WorkProgressUpdater: Updating progress for c131dc6b-42ab-44bf-a392-17d7b3d3a6fc (Data {pct : 17, mode : file})
09-29 00:11:17.680  7613  7613 D WM-SystemFgDispatcher: Notifying with (id:9368, workSpecId: c131dc6b-42ab-44bf-a392-17d7b3d3a6fc, notificationType :1)
09-29 00:11:17.680  7613  7664 I WM-Processor: Moving WorkSpec (c131dc6b-42ab-44bf-a392-17d7b3d3a6fc) to the foreground
09-29 00:11:17.681  7613  7664 D WM-WorkProgressUpdater: Updating progress for c131dc6b-42ab-44bf-a392-17d7b3d3a6fc (Data {pct : 18, mode : file})
09-29 00:11:17.681  7613  7613 D WM-SystemFgDispatcher: Notifying with (id:9368, workSpecId: c131dc6b-42ab-44bf-a392-17d7b3d3a6fc, notificationType :1)
09-29 00:11:17.683  7613  7664 I WM-Processor: Moving WorkSpec (c131dc6b-42ab-44bf-a392-17d7b3d3a6fc) to the foreground
09-29 00:11:17.685  7613  7613 D WM-SystemFgDispatcher: Notifying with (id:9368, workSpecId: c131dc6b-42ab-44bf-a392-17d7b3d3a6fc, notificationType :1)
09-29 00:11:17.685  7613  7664 D WM-WorkProgressUpdater: Updating progress for c131dc6b-42ab-44bf-a392-17d7b3d3a6fc (Data {pct : 19, mode : file})
09-29 00:11:17.688  7613  7664 I WM-Processor: Moving WorkSpec (c131dc6b-42ab-44bf-a392-17d7b3d3a6fc) to the foreground
09-29 00:11:17.689  7613  7664 D WM-WorkProgressUpdater: Updating progress for c131dc6b-42ab-44bf-a392-17d7b3d3a6fc (Data {pct : 20, mode : file})
09-29 00:11:17.689  7613  7613 D WM-SystemFgDispatcher: Notifying with (id:9368, workSpecId: c131dc6b-42ab-44bf-a392-17d7b3d3a6fc, notificationType :1)
09-29 00:11:17.691  7613  7664 I WM-Processor: Moving WorkSpec (c131dc6b-42ab-44bf-a392-17d7b3d3a6fc) to the foreground
09-29 00:11:17.693  7613  7664 D WM-WorkProgressUpdater: Updating progress for c131dc6b-42ab-44bf-a392-17d7b3d3a6fc (Data {pct : 21, mode : file})
09-29 00:11:17.693  7613  7613 D WM-SystemFgDispatcher: Notifying with (id:9368, workSpecId: c131dc6b-42ab-44bf-a392-17d7b3d3a6fc, notificationType :1)
09-29 00:11:17.695  7613  7664 I WM-Processor: Moving WorkSpec (c131dc6b-42ab-44bf-a392-17d7b3d3a6fc) to the foreground
09-29 00:11:17.697  7613  7613 D WM-SystemFgDispatcher: Notifying with (id:9368, workSpecId: c131dc6b-42ab-44bf-a392-17d7b3d3a6fc, notificationType :1)
09-29 00:11:17.697  7613  7664 D WM-WorkProgressUpdater: Updating progress for c131dc6b-42ab-44bf-a392-17d7b3d3a6fc (Data {pct : 23, mode : file})
09-29 00:11:17.699  7613  7664 I WM-Processor: Moving WorkSpec (c131dc6b-42ab-44bf-a392-17d7b3d3a6fc) to the foreground
09-29 00:11:17.701  7613  7613 D WM-SystemFgDispatcher: Notifying with (id:9368, workSpecId: c131dc6b-42ab-44bf-a392-17d7b3d3a6fc, notificationType :1)
09-29 00:11:17.701  7613  7664 D WM-WorkProgressUpdater: Updating progress for c131dc6b-42ab-44bf-a392-17d7b3d3a6fc (Data {pct : 24, mode : file})
09-29 00:11:17.703  7613  7664 I WM-Processor: Moving WorkSpec (c131dc6b-42ab-44bf-a392-17d7b3d3a6fc) to the foreground
09-29 00:11:17.704  7613  7664 D WM-WorkProgressUpdater: Updating progress for c131dc6b-42ab-44bf-a392-17d7b3d3a6fc (Data {pct : 25, mode : file})
09-29 00:11:17.705  7613  7613 D WM-SystemFgDispatcher: Notifying with (id:9368, workSpecId: c131dc6b-42ab-44bf-a392-17d7b3d3a6fc, notificationType :1)
09-29 00:11:17.707  7613  7664 I WM-Processor: Moving WorkSpec (c131dc6b-42ab-44bf-a392-17d7b3d3a6fc) to the foreground
09-29 00:11:17.710  7613  7613 D WM-SystemFgDispatcher: Notifying with (id:9368, workSpecId: c131dc6b-42ab-44bf-a392-17d7b3d3a6fc, notificationType :1)
09-29 00:11:17.710  7613  7664 D WM-WorkProgressUpdater: Updating progress for c131dc6b-42ab-44bf-a392-17d7b3d3a6fc (Data {pct : 26, mode : file})
09-29 00:11:17.713  7613  7664 I WM-Processor: Moving WorkSpec (c131dc6b-42ab-44bf-a392-17d7b3d3a6fc) to the foreground
09-29 00:11:17.715  7613  7613 D WM-SystemFgDispatcher: Notifying with (id:9368, workSpecId: c131dc6b-42ab-44bf-a392-17d7b3d3a6fc, notificationType :1)
09-29 00:11:17.715  7613  7664 D WM-WorkProgressUpdater: Updating progress for 77c43d23-cdf2-45c6-b1b4-91d9fe8c57e7 (Data {pct : 26, mode : file})
09-29 00:11:17.718  7613  7664 I WM-Processor: Moving WorkSpec (77c43d23-cdf2-45c6-b1b4-91d9fe8c57e7) to the foreground
09-29 00:11:17.720  7613  7664 D WM-WorkProgressUpdater: Updating progress for 77c43d23-cdf2-45c6-b1b4-91d9fe8c57e7 (Data {pct : 43, mode : file})
09-29 00:11:17.721  7613  7613 D WM-SystemFgDispatcher: Notifying with (id:10160, workSpecId: 77c43d23-cdf2-45c6-b1b4-91d9fe8c57e7, notificationType :1)
09-29 00:11:17.723  7613  7664 I WM-Processor: Moving WorkSpec (77c43d23-cdf2-45c6-b1b4-91d9fe8c57e7) to the foreground
09-29 00:11:17.725  7613  7664 D WM-WorkProgressUpdater: Updating progress for 77c43d23-cdf2-45c6-b1b4-91d9fe8c57e7 (Data {pct : 60, mode : file})
09-29 00:11:17.725  7613  7613 D WM-SystemFgDispatcher: Notifying with (id:10160, workSpecId: 77c43d23-cdf2-45c6-b1b4-91d9fe8c57e7, notificationType :1)
09-29 00:11:17.727  7613  7664 I WM-Processor: Moving WorkSpec (77c43d23-cdf2-45c6-b1b4-91d9fe8c57e7) to the foreground
09-29 00:11:17.729  7613  7721 D GitHubUploader: uploadStream: done url=https://github.com/ishizuki-tech/SurveyExports/blob/main/diagnostics/crash/2026-09-29/prevlog_20260929_034820_pid20468.log sha=3c1d21d7fae84742427688aabfa47fde97322b37
09-29 00:11:17.730  7613  7613 D WM-SystemFgDispatcher: Notifying with (id:10160, workSpecId: 77c43d23-cdf2-45c6-b1b4-91d9fe8c57e7, notificationType :1)
09-29 00:11:17.730  7613  7664 D WM-WorkProgressUpdater: Updating progress for c131dc6b-42ab-44bf-a392-17d7b3d3a6fc (Data {pct : 27, mode : file})
09-29 00:11:17.732  7613  7664 I WM-Processor: Moving WorkSpec (c131dc6b-42ab-44bf-a392-17d7b3d3a6fc) to the foreground
09-29 00:11:17.733  7613  7664 D WM-WorkProgressUpdater: Updating progress for 77c43d23-cdf2-45c6-b1b4-91d9fe8c57e7 (Data {pct : 77, mode : file})
09-29 00:11:17.734  7613  7613 D WM-SystemFgDispatcher: Notifying with (id:9368, workSpecId: c131dc6b-42ab-44bf-a392-17d7b3d3a6fc, notificationType :1)
09-29 00:11:17.735  7613  7664 D WM-WorkProgressUpdater: Updating progress for c131dc6b-42ab-44bf-a392-17d7b3d3a6fc (Data {pct : 29, mode : file})
09-29 00:11:17.737  7613  7664 I WM-Processor: Moving WorkSpec (c131dc6b-42ab-44bf-a392-17d7b3d3a6fc) to the foreground
09-29 00:11:17.738  7613  7613 D WM-SystemFgDispatcher: Notifying with (id:9368, workSpecId: c131dc6b-42ab-44bf-a392-17d7b3d3a6fc, notificationType :1)
09-29 00:11:17.738  7613  7664 I WM-Processor: Moving WorkSpec (77c43d23-cdf2-45c6-b1b4-91d9fe8c57e7) to the foreground
09-29 00:11:17.740  7613  7613 D WM-SystemFgDispatcher: Notifying with (id:10160, workSpecId: 77c43d23-cdf2-45c6-b1b4-91d9fe8c57e7, notificationType :1)
09-29 00:11:17.741  7613  7664 D WM-WorkProgressUpdater: Updating progress for c131dc6b-42ab-44bf-a392-17d7b3d3a6fc (Data {pct : 30, mode : file})
09-29 00:11:17.743  7613  7664 I WM-Processor: Moving WorkSpec (c131dc6b-42ab-44bf-a392-17d7b3d3a6fc) to the foreground
09-29 00:11:17.744  7613  7664 D WM-WorkProgressUpdater: Updating progress for c131dc6b-42ab-44bf-a392-17d7b3d3a6fc (Data {pct : 31, mode : file})
09-29 00:11:17.744  7613  7613 D WM-SystemFgDispatcher: Notifying with (id:9368, workSpecId: c131dc6b-42ab-44bf-a392-17d7b3d3a6fc, notificationType :1)
09-29 00:11:17.745  7613  7664 I WM-Processor: Moving WorkSpec (c131dc6b-42ab-44bf-a392-17d7b3d3a6fc) to the foreground
09-29 00:11:17.746  7613  7664 D WM-WorkProgressUpdater: Updating progress for 77c43d23-cdf2-45c6-b1b4-91d9fe8c57e7 (Data {pct : 90, mode : file})
09-29 00:11:17.747  7613  7613 D WM-SystemFgDispatcher: Notifying with (id:9368, workSpecId: c131dc6b-42ab-44bf-a392-17d7b3d3a6fc, notificationType :1)
09-29 00:11:17.748  7613  7664 I WM-Processor: Moving WorkSpec (77c43d23-cdf2-45c6-b1b4-91d9fe8c57e7) to the foreground
09-29 00:11:17.749  7613  7664 D WM-WorkProgressUpdater: Updating progress for c131dc6b-42ab-44bf-a392-17d7b3d3a6fc (Data {pct : 32, mode : file})
09-29 00:11:17.749  7613  7613 D WM-SystemFgDispatcher: Notifying with (id:10160, workSpecId: 77c43d23-cdf2-45c6-b1b4-91d9fe8c57e7, notificationType :1)
09-29 00:11:17.751  7613  7664 I WM-Processor: Moving WorkSpec (c131dc6b-42ab-44bf-a392-17d7b3d3a6fc) to the foreground
09-29 00:11:17.752  7613  7664 D WM-WorkProgressUpdater: Updating progress for c131dc6b-42ab-44bf-a392-17d7b3d3a6fc (Data {pct : 33, mode : file})
09-29 00:11:17.754  7613  7664 I WM-Processor: Moving WorkSpec (c131dc6b-42ab-44bf-a392-17d7b3d3a6fc) to the foreground
09-29 00:11:17.755  7613  7664 D WM-WorkProgressUpdater: Updating progress for c131dc6b-42ab-44bf-a392-17d7b3d3a6fc (Data {pct : 34, mode : file})
09-29 00:11:17.755  7613  7613 D WM-SystemFgDispatcher: Notifying with (id:9368, workSpecId: c131dc6b-42ab-44bf-a392-17d7b3d3a6fc, notificationType :1)
09-29 00:11:17.756  7613  7613 D WM-SystemFgDispatcher: Notifying with (id:9368, workSpecId: c131dc6b-42ab-44bf-a392-17d7b3d3a6fc, notificationType :1)
09-29 00:11:17.757  7613  7664 I WM-Processor: Moving WorkSpec (c131dc6b-42ab-44bf-a392-17d7b3d3a6fc) to the foreground
09-29 00:11:17.758  7613  7664 D WM-WorkProgressUpdater: Updating progress for c131dc6b-42ab-44bf-a392-17d7b3d3a6fc (Data {pct : 36, mode : file})
09-29 00:11:17.758  7613  7613 D WM-SystemFgDispatcher: Notifying with (id:9368, workSpecId: c131dc6b-42ab-44bf-a392-17d7b3d3a6fc, notificationType :1)
09-29 00:11:17.760  7613  7664 I WM-Processor: Moving WorkSpec (c131dc6b-42ab-44bf-a392-17d7b3d3a6fc) to the foreground
09-29 00:11:17.762  7613  7664 D WM-WorkProgressUpdater: Updating progress for c131dc6b-42ab-44bf-a392-17d7b3d3a6fc (Data {pct : 37, mode : file})
09-29 00:11:17.763  7613  7664 I WM-Processor: Moving WorkSpec (c131dc6b-42ab-44bf-a392-17d7b3d3a6fc) to the foreground
09-29 00:11:17.763  7613  7613 D WM-SystemFgDispatcher: Notifying with (id:9368, workSpecId: c131dc6b-42ab-44bf-a392-17d7b3d3a6fc, notificationType :1)
09-29 00:11:17.764  7613  7664 D WM-WorkProgressUpdater: Updating progress for c131dc6b-42ab-44bf-a392-17d7b3d3a6fc (Data {pct : 38, mode : file})
09-29 00:11:17.765  7613  7613 D WM-SystemFgDispatcher: Notifying with (id:9368, workSpecId: c131dc6b-42ab-44bf-a392-17d7b3d3a6fc, notificationType :1)
09-29 00:11:17.766  7613  7664 I WM-Processor: Moving WorkSpec (c131dc6b-42ab-44bf-a392-17d7b3d3a6fc) to the foreground
09-29 00:11:17.767  7613  7613 D WM-SystemFgDispatcher: Notifying with (id:9368, workSpecId: c131dc6b-42ab-44bf-a392-17d7b3d3a6fc, notificationType :1)
09-29 00:11:17.767  7613  7664 D WM-WorkProgressUpdater: Updating progress for c131dc6b-42ab-44bf-a392-17d7b3d3a6fc (Data {pct : 39, mode : file})
09-29 00:11:17.769  7613  7664 I WM-Processor: Moving WorkSpec (c131dc6b-42ab-44bf-a392-17d7b3d3a6fc) to the foreground
09-29 00:11:17.771  7613  7664 D WM-WorkProgressUpdater: Updating progress for c131dc6b-42ab-44bf-a392-17d7b3d3a6fc (Data {pct : 40, mode : file})
09-29 00:11:17.772  7613  7613 D WM-SystemFgDispatcher: Notifying with (id:9368, workSpecId: c131dc6b-42ab-44bf-a392-17d7b3d3a6fc, notificationType :1)
09-29 00:11:17.772  7613  7664 I WM-Processor: Moving WorkSpec (c131dc6b-42ab-44bf-a392-17d7b3d3a6fc) to the foreground
09-29 00:11:17.773  7613  7613 D WM-SystemFgDispatcher: Notifying with (id:9368, workSpecId: c131dc6b-42ab-44bf-a392-17d7b3d3a6fc, notificationType :1)
09-29 00:11:17.774  7613  7664 D WM-WorkProgressUpdater: Updating progress for c131dc6b-42ab-44bf-a392-17d7b3d3a6fc (Data {pct : 42, mode : file})
09-29 00:11:17.775  7613  7664 I WM-Processor: Moving WorkSpec (c131dc6b-42ab-44bf-a392-17d7b3d3a6fc) to the foreground
09-29 00:11:17.776  7613  7613 D WM-SystemFgDispatcher: Notifying with (id:9368, workSpecId: c131dc6b-42ab-44bf-a392-17d7b3d3a6fc, notificationType :1)
09-29 00:11:17.776  7613  7664 D WM-WorkProgressUpdater: Updating progress for c131dc6b-42ab-44bf-a392-17d7b3d3a6fc (Data {pct : 43, mode : file})
09-29 00:11:17.777  7613  7664 I WM-Processor: Moving WorkSpec (c131dc6b-42ab-44bf-a392-17d7b3d3a6fc) to the foreground
09-29 00:11:17.780  7613  7613 D WM-SystemFgDispatcher: Notifying with (id:9368, workSpecId: c131dc6b-42ab-44bf-a392-17d7b3d3a6fc, notificationType :1)
09-29 00:11:17.780  7613  7664 D WM-WorkProgressUpdater: Updating progress for c131dc6b-42ab-44bf-a392-17d7b3d3a6fc (Data {pct : 44, mode : file})
09-29 00:11:17.782  7613  7664 I WM-Processor: Moving WorkSpec (c131dc6b-42ab-44bf-a392-17d7b3d3a6fc) to the foreground
09-29 00:11:17.783  7613  7613 D WM-SystemFgDispatcher: Notifying with (id:9368, workSpecId: c131dc6b-42ab-44bf-a392-17d7b3d3a6fc, notificationType :1)
09-29 00:11:17.783  7613  7664 D WM-WorkProgressUpdater: Updating progress for c131dc6b-42ab-44bf-a392-17d7b3d3a6fc (Data {pct : 45, mode : file})
09-29 00:11:17.784  7613  7645 W GitHubUploader: uploadStream: 409 Conflict; refreshing SHA and retrying once.
09-29 00:11:17.796  7613  7664 I WM-Processor: Moving WorkSpec (c131dc6b-42ab-44bf-a392-17d7b3d3a6fc) to the foreground
09-29 00:11:17.797  7613  7664 D WM-WorkProgressUpdater: Updating progress for c131dc6b-42ab-44bf-a392-17d7b3d3a6fc (Data {pct : 46, mode : file})
09-29 00:11:17.797  7613  7613 D WM-SystemFgDispatcher: Notifying with (id:9368, workSpecId: c131dc6b-42ab-44bf-a392-17d7b3d3a6fc, notificationType :1)
09-29 00:11:17.799  7613  7664 I WM-Processor: Moving WorkSpec (c131dc6b-42ab-44bf-a392-17d7b3d3a6fc) to the foreground
09-29 00:11:17.800  7613  7664 D WM-WorkProgressUpdater: Updating progress for c131dc6b-42ab-44bf-a392-17d7b3d3a6fc (Data {pct : 48, mode : file})
09-29 00:11:17.800  7613  7613 D WM-SystemFgDispatcher: Notifying with (id:9368, workSpecId: c131dc6b-42ab-44bf-a392-17d7b3d3a6fc, notificationType :1)
09-29 00:11:17.801  7613  7664 I WM-Processor: Moving WorkSpec (c131dc6b-42ab-44bf-a392-17d7b3d3a6fc) to the foreground
09-29 00:11:17.803  7613  7664 D WM-WorkProgressUpdater: Updating progress for c131dc6b-42ab-44bf-a392-17d7b3d3a6fc (Data {pct : 49, mode : file})
09-29 00:11:17.804  7613  7664 I WM-Processor: Moving WorkSpec (c131dc6b-42ab-44bf-a392-17d7b3d3a6fc) to the foreground
09-29 00:11:17.805  7613  7613 D WM-SystemFgDispatcher: Notifying with (id:9368, workSpecId: c131dc6b-42ab-44bf-a392-17d7b3d3a6fc, notificationType :1)
09-29 00:11:17.807  7613  7613 D WM-SystemFgDispatcher: Notifying with (id:9368, workSpecId: c131dc6b-42ab-44bf-a392-17d7b3d3a6fc, notificationType :1)
09-29 00:11:17.807  7613  7664 D WM-WorkProgressUpdater: Updating progress for c131dc6b-42ab-44bf-a392-17d7b3d3a6fc (Data {pct : 50, mode : file})
09-29 00:11:17.809  7613  7664 I WM-Processor: Moving WorkSpec (c131dc6b-42ab-44bf-a392-17d7b3d3a6fc) to the foreground
09-29 00:11:17.822  7613  7664 D WM-WorkProgressUpdater: Updating progress for c131dc6b-42ab-44bf-a392-17d7b3d3a6fc (Data {pct : 51, mode : file})
09-29 00:11:17.822  7613  7613 D WM-SystemFgDispatcher: Notifying with (id:9368, workSpecId: c131dc6b-42ab-44bf-a392-17d7b3d3a6fc, notificationType :1)
09-29 00:11:17.822  7613  7613 I NotificationManager: com.negi.survey: notify(9368, null, Notification(channel=uploads shortcut=null contentView=null vibrate=null sound=null defaults=0 flags=ONGOING_EVENT|ONLY_ALERT_ONCE color=0x00000000 category=progress vis=PRIVATE semFlags=0x0 semPriority=0 semMissedCount=0 semScenarioType=0)) as user
09-29 00:11:17.823  7613  7664 I WM-Processor: Moving WorkSpec (c131dc6b-42ab-44bf-a392-17d7b3d3a6fc) to the foreground
09-29 00:11:17.824  7613  7664 D WM-WorkProgressUpdater: Updating progress for c131dc6b-42ab-44bf-a392-17d7b3d3a6fc (Data {pct : 52, mode : file})
09-29 00:11:17.825  7613  7664 I WM-Processor: Moving WorkSpec (c131dc6b-42ab-44bf-a392-17d7b3d3a6fc) to the foreground
09-29 00:11:17.826  7613  7664 D WM-WorkProgressUpdater: Updating progress for c131dc6b-42ab-44bf-a392-17d7b3d3a6fc (Data {pct : 54, mode : file})
09-29 00:11:17.827  7613  7613 D WM-SystemFgDispatcher: Notifying with (id:9368, workSpecId: c131dc6b-42ab-44bf-a392-17d7b3d3a6fc, notificationType :1)
09-29 00:11:17.827  7613  7664 I WM-Processor: Moving WorkSpec (c131dc6b-42ab-44bf-a392-17d7b3d3a6fc) to the foreground
09-29 00:11:17.829  7613  7613 D WM-SystemFgDispatcher: Notifying with (id:9368, workSpecId: c131dc6b-42ab-44bf-a392-17d7b3d3a6fc, notificationType :1)
09-29 00:11:17.830  7613  7664 D WM-WorkProgressUpdater: Updating progress for c131dc6b-42ab-44bf-a392-17d7b3d3a6fc (Data {pct : 55, mode : file})
09-29 00:11:17.831  7613  7655 I WM-Processor: Moving WorkSpec (c131dc6b-42ab-44bf-a392-17d7b3d3a6fc) to the foreground
09-29 00:11:17.833  7613  7613 D WM-SystemFgDispatcher: Notifying with (id:9368, workSpecId: c131dc6b-42ab-44bf-a392-17d7b3d3a6fc, notificationType :1)
09-29 00:11:17.833  7613  7655 D WM-WorkProgressUpdater: Updating progress for c131dc6b-42ab-44bf-a392-17d7b3d3a6fc (Data {pct : 56, mode : file})
09-29 00:11:17.834  7613  7613 D WM-SystemFgDispatcher: Notifying with (id:9368, workSpecId: c131dc6b-42ab-44bf-a392-17d7b3d3a6fc, notificationType :1)
09-29 00:11:17.834  7613  7655 I WM-Processor: Moving WorkSpec (c131dc6b-42ab-44bf-a392-17d7b3d3a6fc) to the foreground
09-29 00:11:17.836  7613  7655 D WM-WorkProgressUpdater: Updating progress for c131dc6b-42ab-44bf-a392-17d7b3d3a6fc (Data {pct : 57, mode : file})
09-29 00:11:17.838  7613  7613 D WM-SystemFgDispatcher: Notifying with (id:9368, workSpecId: c131dc6b-42ab-44bf-a392-17d7b3d3a6fc, notificationType :1)
09-29 00:11:17.838  7613  7655 I WM-Processor: Moving WorkSpec (c131dc6b-42ab-44bf-a392-17d7b3d3a6fc) to the foreground
09-29 00:11:17.841  7613  7613 D WM-SystemFgDispatcher: Notifying with (id:9368, workSpecId: c131dc6b-42ab-44bf-a392-17d7b3d3a6fc, notificationType :1)
09-29 00:11:17.841  7613  7655 D WM-WorkProgressUpdater: Updating progress for c131dc6b-42ab-44bf-a392-17d7b3d3a6fc (Data {pct : 58, mode : file})
09-29 00:11:17.843  7613  7655 I WM-Processor: Moving WorkSpec (c131dc6b-42ab-44bf-a392-17d7b3d3a6fc) to the foreground
09-29 00:11:17.843  7613  7655 D WM-WorkProgressUpdater: Updating progress for c131dc6b-42ab-44bf-a392-17d7b3d3a6fc (Data {pct : 59, mode : file})
09-29 00:11:17.843  7613  7613 D WM-SystemFgDispatcher: Notifying with (id:9368, workSpecId: c131dc6b-42ab-44bf-a392-17d7b3d3a6fc, notificationType :1)
09-29 00:11:17.844  7613  7655 I WM-Processor: Moving WorkSpec (c131dc6b-42ab-44bf-a392-17d7b3d3a6fc) to the foreground
09-29 00:11:17.847  7613  7666 D WM-WorkProgressUpdater: Updating progress for c131dc6b-42ab-44bf-a392-17d7b3d3a6fc (Data {pct : 61, mode : file})
09-29 00:11:17.847  7613  7613 D WM-SystemFgDispatcher: Notifying with (id:9368, workSpecId: c131dc6b-42ab-44bf-a392-17d7b3d3a6fc, notificationType :1)
09-29 00:11:17.849  7613  7666 I WM-Processor: Moving WorkSpec (c131dc6b-42ab-44bf-a392-17d7b3d3a6fc) to the foreground
09-29 00:11:17.850  7613  7613 D WM-SystemFgDispatcher: Notifying with (id:9368, workSpecId: c131dc6b-42ab-44bf-a392-17d7b3d3a6fc, notificationType :1)
09-29 00:11:17.850  7613  7666 D WM-WorkProgressUpdater: Updating progress for c131dc6b-42ab-44bf-a392-17d7b3d3a6fc (Data {pct : 62, mode : file})
09-29 00:11:17.852  7613  7666 I WM-Processor: Moving WorkSpec (c131dc6b-42ab-44bf-a392-17d7b3d3a6fc) to the foreground
09-29 00:11:17.853  7613  7666 D WM-WorkProgressUpdater: Updating progress for c131dc6b-42ab-44bf-a392-17d7b3d3a6fc (Data {pct : 63, mode : file})
09-29 00:11:17.854  7613  7666 I WM-Processor: Moving WorkSpec (c131dc6b-42ab-44bf-a392-17d7b3d3a6fc) to the foreground
09-29 00:11:17.854  7613  7613 D WM-SystemFgDispatcher: Notifying with (id:9368, workSpecId: c131dc6b-42ab-44bf-a392-17d7b3d3a6fc, notificationType :1)
09-29 00:11:17.855  7613  7666 D WM-WorkProgressUpdater: Updating progress for c131dc6b-42ab-44bf-a392-17d7b3d3a6fc (Data {pct : 64, mode : file})
09-29 00:11:17.856  7613  7613 D WM-SystemFgDispatcher: Notifying with (id:9368, workSpecId: c131dc6b-42ab-44bf-a392-17d7b3d3a6fc, notificationType :1)
09-29 00:11:17.857  7613  7666 I WM-Processor: Moving WorkSpec (c131dc6b-42ab-44bf-a392-17d7b3d3a6fc) to the foreground
09-29 00:11:17.859  7613  7613 D WM-SystemFgDispatcher: Notifying with (id:9368, workSpecId: c131dc6b-42ab-44bf-a392-17d7b3d3a6fc, notificationType :1)
09-29 00:11:17.859  7613  7666 D WM-WorkProgressUpdater: Updating progress for c131dc6b-42ab-44bf-a392-17d7b3d3a6fc (Data {pct : 65, mode : file})
09-29 00:11:17.860  7613  7666 I WM-Processor: Moving WorkSpec (c131dc6b-42ab-44bf-a392-17d7b3d3a6fc) to the foreground
09-29 00:11:17.861  7613  7666 D WM-WorkProgressUpdater: Updating progress for c131dc6b-42ab-44bf-a392-17d7b3d3a6fc (Data {pct : 67, mode : file})
09-29 00:11:17.863  7613  7666 I WM-Processor: Moving WorkSpec (c131dc6b-42ab-44bf-a392-17d7b3d3a6fc) to the foreground
09-29 00:11:17.863  7613  7613 D WM-SystemFgDispatcher: Notifying with (id:9368, workSpecId: c131dc6b-42ab-44bf-a392-17d7b3d3a6fc, notificationType :1)
09-29 00:11:17.863  7613  7666 D WM-WorkProgressUpdater: Updating progress for c131dc6b-42ab-44bf-a392-17d7b3d3a6fc (Data {pct : 68, mode : file})
09-29 00:11:17.865  7613  7613 D WM-SystemFgDispatcher: Notifying with (id:9368, workSpecId: c131dc6b-42ab-44bf-a392-17d7b3d3a6fc, notificationType :1)
09-29 00:11:17.865  7613  7666 I WM-Processor: Moving WorkSpec (c131dc6b-42ab-44bf-a392-17d7b3d3a6fc) to the foreground
09-29 00:11:17.867  7613  7613 D WM-SystemFgDispatcher: Notifying with (id:9368, workSpecId: c131dc6b-42ab-44bf-a392-17d7b3d3a6fc, notificationType :1)
09-29 00:11:17.867  7613  7664 D WM-WorkProgressUpdater: Updating progress for c131dc6b-42ab-44bf-a392-17d7b3d3a6fc (Data {pct : 69, mode : file})
09-29 00:11:17.868  7613  7664 I WM-Processor: Moving WorkSpec (c131dc6b-42ab-44bf-a392-17d7b3d3a6fc) to the foreground
09-29 00:11:17.869  7613  7664 D WM-WorkProgressUpdater: Updating progress for c131dc6b-42ab-44bf-a392-17d7b3d3a6fc (Data {pct : 70, mode : file})
09-29 00:11:17.869  7613  7613 D WM-SystemFgDispatcher: Notifying with (id:9368, workSpecId: c131dc6b-42ab-44bf-a392-17d7b3d3a6fc, notificationType :1)
09-29 00:11:17.870  7613  7664 I WM-Processor: Moving WorkSpec (c131dc6b-42ab-44bf-a392-17d7b3d3a6fc) to the foreground
09-29 00:11:17.872  7613  7664 D WM-WorkProgressUpdater: Updating progress for c131dc6b-42ab-44bf-a392-17d7b3d3a6fc (Data {pct : 71, mode : file})
09-29 00:11:17.873  7613  7664 I WM-Processor: Moving WorkSpec (c131dc6b-42ab-44bf-a392-17d7b3d3a6fc) to the foreground
09-29 00:11:17.873  7613  7613 D WM-SystemFgDispatcher: Notifying with (id:9368, workSpecId: c131dc6b-42ab-44bf-a392-17d7b3d3a6fc, notificationType :1)
09-29 00:11:17.875  7613  7613 D WM-SystemFgDispatcher: Notifying with (id:9368, workSpecId: c131dc6b-42ab-44bf-a392-17d7b3d3a6fc, notificationType :1)
09-29 00:11:17.875  7613  7664 D WM-WorkProgressUpdater: Updating progress for c131dc6b-42ab-44bf-a392-17d7b3d3a6fc (Data {pct : 73, mode : file})
09-29 00:11:17.876  7613  7664 I WM-Processor: Moving WorkSpec (c131dc6b-42ab-44bf-a392-17d7b3d3a6fc) to the foreground
09-29 00:11:17.877  7613  7664 D WM-WorkProgressUpdater: Updating progress for c131dc6b-42ab-44bf-a392-17d7b3d3a6fc (Data {pct : 74, mode : file})
09-29 00:11:17.878  7613  7664 I WM-Processor: Moving WorkSpec (c131dc6b-42ab-44bf-a392-17d7b3d3a6fc) to the foreground
09-29 00:11:17.879  7613  7664 D WM-WorkProgressUpdater: Updating progress for c131dc6b-42ab-44bf-a392-17d7b3d3a6fc (Data {pct : 75, mode : file})
09-29 00:11:17.879  7613  7613 D WM-SystemFgDispatcher: Notifying with (id:9368, workSpecId: c131dc6b-42ab-44bf-a392-17d7b3d3a6fc, notificationType :1)
09-29 00:11:17.880  7613  7613 D WM-SystemFgDispatcher: Notifying with (id:9368, workSpecId: c131dc6b-42ab-44bf-a392-17d7b3d3a6fc, notificationType :1)
09-29 00:11:17.881  7613  7665 I WM-Processor: Moving WorkSpec (c131dc6b-42ab-44bf-a392-17d7b3d3a6fc) to the foreground
09-29 00:11:17.881  7613  7665 D WM-WorkProgressUpdater: Updating progress for c131dc6b-42ab-44bf-a392-17d7b3d3a6fc (Data {pct : 76, mode : file})
09-29 00:11:17.882  7613  7613 D WM-SystemFgDispatcher: Notifying with (id:9368, workSpecId: c131dc6b-42ab-44bf-a392-17d7b3d3a6fc, notificationType :1)
09-29 00:11:17.883  7613  7665 I WM-Processor: Moving WorkSpec (c131dc6b-42ab-44bf-a392-17d7b3d3a6fc) to the foreground
09-29 00:11:17.884  7613  7665 D WM-WorkProgressUpdater: Updating progress for c131dc6b-42ab-44bf-a392-17d7b3d3a6fc (Data {pct : 77, mode : file})
09-29 00:11:17.884  7613  7613 D WM-SystemFgDispatcher: Notifying with (id:9368, workSpecId: c131dc6b-42ab-44bf-a392-17d7b3d3a6fc, notificationType :1)
09-29 00:11:17.886  7613  7665 I WM-Processor: Moving WorkSpec (c131dc6b-42ab-44bf-a392-17d7b3d3a6fc) to the foreground
09-29 00:11:17.887  7613  7665 D WM-WorkProgressUpdater: Updating progress for c131dc6b-42ab-44bf-a392-17d7b3d3a6fc (Data {pct : 79, mode : file})
09-29 00:11:17.888  7613  7613 D WM-SystemFgDispatcher: Notifying with (id:9368, workSpecId: c131dc6b-42ab-44bf-a392-17d7b3d3a6fc, notificationType :1)
09-29 00:11:17.889  7613  7665 I WM-Processor: Moving WorkSpec (c131dc6b-42ab-44bf-a392-17d7b3d3a6fc) to the foreground
09-29 00:11:17.891  7613  7613 D WM-SystemFgDispatcher: Notifying with (id:9368, workSpecId: c131dc6b-42ab-44bf-a392-17d7b3d3a6fc, notificationType :1)
09-29 00:11:17.891  7613  7665 D WM-WorkProgressUpdater: Updating progress for c131dc6b-42ab-44bf-a392-17d7b3d3a6fc (Data {pct : 80, mode : file})
09-29 00:11:17.892  7613  7665 I WM-Processor: Moving WorkSpec (c131dc6b-42ab-44bf-a392-17d7b3d3a6fc) to the foreground
09-29 00:11:17.893  7613  7613 D WM-SystemFgDispatcher: Notifying with (id:9368, workSpecId: c131dc6b-42ab-44bf-a392-17d7b3d3a6fc, notificationType :1)
09-29 00:11:17.893  7613  7665 D WM-WorkProgressUpdater: Updating progress for c131dc6b-42ab-44bf-a392-17d7b3d3a6fc (Data {pct : 81, mode : file})
09-29 00:11:17.895  7613  7665 I WM-Processor: Moving WorkSpec (c131dc6b-42ab-44bf-a392-17d7b3d3a6fc) to the foreground
09-29 00:11:17.896  7613  7665 D WM-WorkProgressUpdater: Updating progress for c131dc6b-42ab-44bf-a392-17d7b3d3a6fc (Data {pct : 82, mode : file})
09-29 00:11:17.897  7613  7613 D WM-SystemFgDispatcher: Notifying with (id:9368, workSpecId: c131dc6b-42ab-44bf-a392-17d7b3d3a6fc, notificationType :1)
09-29 00:11:17.897  7613  7665 I WM-Processor: Moving WorkSpec (c131dc6b-42ab-44bf-a392-17d7b3d3a6fc) to the foreground
09-29 00:11:17.899  7613  7613 D WM-SystemFgDispatcher: Notifying with (id:9368, workSpecId: c131dc6b-42ab-44bf-a392-17d7b3d3a6fc, notificationType :1)
09-29 00:11:17.899  7613  7666 D WM-WorkProgressUpdater: Updating progress for c131dc6b-42ab-44bf-a392-17d7b3d3a6fc (Data {pct : 83, mode : file})
09-29 00:11:17.901  7613  7666 I WM-Processor: Moving WorkSpec (c131dc6b-42ab-44bf-a392-17d7b3d3a6fc) to the foreground
09-29 00:11:17.902  7613  7613 D WM-SystemFgDispatcher: Notifying with (id:9368, workSpecId: c131dc6b-42ab-44bf-a392-17d7b3d3a6fc, notificationType :1)
09-29 00:11:17.902  7613  7666 D WM-WorkProgressUpdater: Updating progress for c131dc6b-42ab-44bf-a392-17d7b3d3a6fc (Data {pct : 84, mode : file})
09-29 00:11:17.903  7613  7666 I WM-Processor: Moving WorkSpec (c131dc6b-42ab-44bf-a392-17d7b3d3a6fc) to the foreground
09-29 00:11:17.904  7613  7666 D WM-WorkProgressUpdater: Updating progress for c131dc6b-42ab-44bf-a392-17d7b3d3a6fc (Data {pct : 86, mode : file})
09-29 00:11:17.905  7613  7613 D WM-SystemFgDispatcher: Notifying with (id:9368, workSpecId: c131dc6b-42ab-44bf-a392-17d7b3d3a6fc, notificationType :1)
09-29 00:11:17.905  7613  7666 I WM-Processor: Moving WorkSpec (c131dc6b-42ab-44bf-a392-17d7b3d3a6fc) to the foreground
09-29 00:11:17.907  7613  7666 D WM-WorkProgressUpdater: Updating progress for c131dc6b-42ab-44bf-a392-17d7b3d3a6fc (Data {pct : 87, mode : file})
09-29 00:11:17.907  7613  7613 D WM-SystemFgDispatcher: Notifying with (id:9368, workSpecId: c131dc6b-42ab-44bf-a392-17d7b3d3a6fc, notificationType :1)
09-29 00:11:17.908  7613  7666 I WM-Processor: Moving WorkSpec (c131dc6b-42ab-44bf-a392-17d7b3d3a6fc) to the foreground
09-29 00:11:17.909  7613  7613 D WM-SystemFgDispatcher: Notifying with (id:9368, workSpecId: c131dc6b-42ab-44bf-a392-17d7b3d3a6fc, notificationType :1)
09-29 00:11:17.909  7613  7666 D WM-WorkProgressUpdater: Updating progress for c131dc6b-42ab-44bf-a392-17d7b3d3a6fc (Data {pct : 88, mode : file})
09-29 00:11:17.911  7613  7666 I WM-Processor: Moving WorkSpec (c131dc6b-42ab-44bf-a392-17d7b3d3a6fc) to the foreground
09-29 00:11:17.911  7613  7666 D WM-WorkProgressUpdater: Updating progress for c131dc6b-42ab-44bf-a392-17d7b3d3a6fc (Data {pct : 89, mode : file})
09-29 00:11:17.913  7613  7666 I WM-Processor: Moving WorkSpec (c131dc6b-42ab-44bf-a392-17d7b3d3a6fc) to the foreground
09-29 00:11:17.913  7613  7613 D WM-SystemFgDispatcher: Notifying with (id:9368, workSpecId: c131dc6b-42ab-44bf-a392-17d7b3d3a6fc, notificationType :1)
09-29 00:11:17.913  7613  7666 D WM-WorkProgressUpdater: Updating progress for c131dc6b-42ab-44bf-a392-17d7b3d3a6fc (Data {pct : 90, mode : file})
09-29 00:11:17.914  7613  7613 D WM-SystemFgDispatcher: Notifying with (id:9368, workSpecId: c131dc6b-42ab-44bf-a392-17d7b3d3a6fc, notificationType :1)
09-29 00:11:17.915  7613  7666 I WM-Processor: Moving WorkSpec (c131dc6b-42ab-44bf-a392-17d7b3d3a6fc) to the foreground
09-29 00:11:17.916  7613  7613 D WM-SystemFgDispatcher: Notifying with (id:9368, workSpecId: c131dc6b-42ab-44bf-a392-17d7b3d3a6fc, notificationType :1)
09-29 00:11:17.925  7613  7666 D WM-WorkProgressUpdater: Updating progress for 5771bf82-917e-4abf-a6e1-db2f39ea7153 (Data {pct : 95, mode : file})
09-29 00:11:17.926  7613  7666 I WM-Processor: Moving WorkSpec (5771bf82-917e-4abf-a6e1-db2f39ea7153) to the foreground
09-29 00:11:17.928  7613  7666 I WM-Processor: Moving WorkSpec (5771bf82-917e-4abf-a6e1-db2f39ea7153) to the foreground
09-29 00:11:17.929  7613  7666 I WM-WorkerWrapper: Worker result SUCCESS for Work [ id=5771bf82-917e-4abf-a6e1-db2f39ea7153, tags={ com.negi.survey.net.GitHubUploadWorker,github_upload,github_upload:crash:diagnostics_crash_prevlog_20260929_034820_pid20468.log_f6fb1529 } ]
09-29 00:11:17.929  7613  7613 D WM-SystemFgDispatcher: Notifying with (id:8044, workSpecId: 5771bf82-917e-4abf-a6e1-db2f39ea7153, notificationType :1)
09-29 00:11:17.930  7613  7666 D WM-WorkProgressUpdater: Updating progress for acae73cc-e56f-4e18-834a-03c7284f1238 (Data {pct : 30, mode : file})
09-29 00:11:17.930  7613  7613 D WM-SystemFgDispatcher: Notifying with (id:8044, workSpecId: 5771bf82-917e-4abf-a6e1-db2f39ea7153, notificationType :1)
09-29 00:11:17.930  7613  7613 I NotificationManager: com.negi.survey: notify(8044, null, Notification(channel=uploads shortcut=null contentView=null vibrate=null sound=null defaults=0 flags=ONLY_ALERT_ONCE color=0x00000000 category=progress vis=PRIVATE semFlags=0x0 semPriority=0 semMissedCount=0 semScenarioType=0)) as user
09-29 00:11:17.931  7613  7666 I WM-Processor: Moving WorkSpec (acae73cc-e56f-4e18-834a-03c7284f1238) to the foreground
09-29 00:11:17.932  7613  7666 D WM-WorkProgressUpdater: Updating progress for acae73cc-e56f-4e18-834a-03c7284f1238 (Data {pct : 50, mode : file})
09-29 00:11:17.933  7613  7613 D WM-Processor: Processor 5771bf82-917e-4abf-a6e1-db2f39ea7153 executed; reschedule = false
09-29 00:11:17.933  7613  7613 D WM-GreedyScheduler: Stopping tracking for WorkGenerationalId(workSpecId=5771bf82-917e-4abf-a6e1-db2f39ea7153, generation=0)
09-29 00:11:17.934  7613  7613 D WM-SystemJobService: 5771bf82-917e-4abf-a6e1-db2f39ea7153 executed on JobScheduler
09-29 00:11:17.934  7613  7613 D WM-SystemFgDispatcher: Removing Notification (id: 8044, workSpecId: WorkGenerationalId(workSpecId=5771bf82-917e-4abf-a6e1-db2f39ea7153, generation=0), notificationType: 1
09-29 00:11:17.934  7613  7666 I WM-Processor: Moving WorkSpec (acae73cc-e56f-4e18-834a-03c7284f1238) to the foreground
09-29 00:11:17.934  7613  7613 D WM-SystemFgDispatcher: Notifying with (id:3523, workSpecId: acae73cc-e56f-4e18-834a-03c7284f1238, notificationType :1)
09-29 00:11:17.936  7613  7666 D WM-WorkProgressUpdater: Updating progress for acae73cc-e56f-4e18-834a-03c7284f1238 (Data {pct : 70, mode : file})
09-29 00:11:17.936  7613  7613 D WM-SystemFgDispatcher: Notifying with (id:3523, workSpecId: acae73cc-e56f-4e18-834a-03c7284f1238, notificationType :1)
09-29 00:11:17.937  7613  7666 I WM-Processor: Moving WorkSpec (acae73cc-e56f-4e18-834a-03c7284f1238) to the foreground
09-29 00:11:17.938  7613  7666 D WM-WorkProgressUpdater: Updating progress for acae73cc-e56f-4e18-834a-03c7284f1238 (Data {pct : 90, mode : file})
09-29 00:11:17.939  7613  7666 I WM-Processor: Moving WorkSpec (acae73cc-e56f-4e18-834a-03c7284f1238) to the foreground
09-29 00:11:17.939  7613  7613 D WM-SystemFgDispatcher: Notifying with (id:3523, workSpecId: acae73cc-e56f-4e18-834a-03c7284f1238, notificationType :1)
09-29 00:11:17.941  7613  7613 D WM-SystemFgDispatcher: Notifying with (id:3523, workSpecId: acae73cc-e56f-4e18-834a-03c7284f1238, notificationType :1)
09-29 00:11:17.946  7613  7666 D WM-GreedyScheduler: Cancelling work ID 5771bf82-917e-4abf-a6e1-db2f39ea7153
09-29 00:11:17.949  7613  7666 D WM-WorkProgressUpdater: Updating progress for 9483589e-cfcb-4744-96df-d67bb1af297e (Data {pct : 11, mode : file})
09-29 00:11:17.950  7613  7666 I WM-Processor: Moving WorkSpec (9483589e-cfcb-4744-96df-d67bb1af297e) to the foreground
09-29 00:11:17.951  7613  7613 D WM-SystemFgDispatcher: Notifying with (id:6569, workSpecId: 9483589e-cfcb-4744-96df-d67bb1af297e, notificationType :1)
09-29 00:11:17.951  7613  7666 D WM-WorkProgressUpdater: Updating progress for 9483589e-cfcb-4744-96df-d67bb1af297e (Data {pct : 13, mode : file})
09-29 00:11:17.953  7613  7666 I WM-Processor: Moving WorkSpec (9483589e-cfcb-4744-96df-d67bb1af297e) to the foreground
09-29 00:11:17.953  7613  7666 D WM-WorkProgressUpdater: Updating progress for 9483589e-cfcb-4744-96df-d67bb1af297e (Data {pct : 15, mode : file})
09-29 00:11:17.955  7613  7613 D WM-SystemFgDispatcher: Notifying with (id:6569, workSpecId: 9483589e-cfcb-4744-96df-d67bb1af297e, notificationType :1)
09-29 00:11:17.955  7613  7666 I WM-Processor: Moving WorkSpec (9483589e-cfcb-4744-96df-d67bb1af297e) to the foreground
09-29 00:11:17.956  7613  7613 D WM-SystemFgDispatcher: Notifying with (id:6569, workSpecId: 9483589e-cfcb-4744-96df-d67bb1af297e, notificationType :1)
09-29 00:11:17.956  7613  7666 D WM-WorkProgressUpdater: Updating progress for 9483589e-cfcb-4744-96df-d67bb1af297e (Data {pct : 17, mode : file})
09-29 00:11:17.957  7613  7666 I WM-Processor: Moving WorkSpec (9483589e-cfcb-4744-96df-d67bb1af297e) to the foreground
09-29 00:11:17.958  7613  7613 D WM-SystemFgDispatcher: Notifying with (id:6569, workSpecId: 9483589e-cfcb-4744-96df-d67bb1af297e, notificationType :1)
09-29 00:11:17.958  7613  7666 D WM-WorkProgressUpdater: Updating progress for 9483589e-cfcb-4744-96df-d67bb1af297e (Data {pct : 19, mode : file})
09-29 00:11:17.960  7613  7666 I WM-Processor: Moving WorkSpec (9483589e-cfcb-4744-96df-d67bb1af297e) to the foreground
09-29 00:11:17.961  7613  7666 D WM-WorkProgressUpdater: Updating progress for 9483589e-cfcb-4744-96df-d67bb1af297e (Data {pct : 21, mode : file})
09-29 00:11:17.963  7613  7613 D WM-SystemFgDispatcher: Notifying with (id:6569, workSpecId: 9483589e-cfcb-4744-96df-d67bb1af297e, notificationType :1)
09-29 00:11:17.975  7613  7666 I WM-Processor: Moving WorkSpec (9483589e-cfcb-4744-96df-d67bb1af297e) to the foreground
09-29 00:11:17.976  7613  7666 D WM-WorkProgressUpdater: Updating progress for 9483589e-cfcb-4744-96df-d67bb1af297e (Data {pct : 23, mode : file})
09-29 00:11:17.976  7613  7613 D WM-SystemFgDispatcher: Notifying with (id:6569, workSpecId: 9483589e-cfcb-4744-96df-d67bb1af297e, notificationType :1)
09-29 00:11:17.978  7613  7666 I WM-Processor: Moving WorkSpec (9483589e-cfcb-4744-96df-d67bb1af297e) to the foreground
09-29 00:11:17.980  7613  7666 D WM-WorkProgressUpdater: Updating progress for 9483589e-cfcb-4744-96df-d67bb1af297e (Data {pct : 24, mode : file})
09-29 00:11:17.980  7613  7613 D WM-SystemFgDispatcher: Notifying with (id:6569, workSpecId: 9483589e-cfcb-4744-96df-d67bb1af297e, notificationType :1)
09-29 00:11:17.981  7613  7666 I WM-Processor: Moving WorkSpec (9483589e-cfcb-4744-96df-d67bb1af297e) to the foreground
09-29 00:11:17.982  7613  7613 D WM-SystemFgDispatcher: Notifying with (id:6569, workSpecId: 9483589e-cfcb-4744-96df-d67bb1af297e, notificationType :1)
09-29 00:11:17.982  7613  7666 D WM-WorkProgressUpdater: Updating progress for 9483589e-cfcb-4744-96df-d67bb1af297e (Data {pct : 26, mode : file})
09-29 00:11:17.984  7613  7666 I WM-Processor: Moving WorkSpec (9483589e-cfcb-4744-96df-d67bb1af297e) to the foreground
09-29 00:11:17.985  7613  7666 D WM-WorkProgressUpdater: Updating progress for 9483589e-cfcb-4744-96df-d67bb1af297e (Data {pct : 28, mode : file})
09-29 00:11:17.985  7613  7613 D WM-SystemFgDispatcher: Notifying with (id:6569, workSpecId: 9483589e-cfcb-4744-96df-d67bb1af297e, notificationType :1)
09-29 00:11:17.986  7613  7666 I WM-Processor: Moving WorkSpec (9483589e-cfcb-4744-96df-d67bb1af297e) to the foreground
09-29 00:11:17.987  7613  7666 D WM-WorkProgressUpdater: Updating progress for 9483589e-cfcb-4744-96df-d67bb1af297e (Data {pct : 30, mode : file})
09-29 00:11:17.988  7613  7613 D WM-SystemFgDispatcher: Notifying with (id:6569, workSpecId: 9483589e-cfcb-4744-96df-d67bb1af297e, notificationType :1)
09-29 00:11:17.989  7613  7666 I WM-Processor: Moving WorkSpec (9483589e-cfcb-4744-96df-d67bb1af297e) to the foreground
09-29 00:11:17.990  7613  7613 D WM-SystemFgDispatcher: Notifying with (id:6569, workSpecId: 9483589e-cfcb-4744-96df-d67bb1af297e, notificationType :1)
09-29 00:11:17.990  7613  7666 D WM-WorkProgressUpdater: Updating progress for 9483589e-cfcb-4744-96df-d67bb1af297e (Data {pct : 32, mode : file})
09-29 00:11:17.991  7613  7666 I WM-Processor: Moving WorkSpec (9483589e-cfcb-4744-96df-d67bb1af297e) to the foreground
09-29 00:11:17.992  7613  7666 D WM-WorkProgressUpdater: Updating progress for 9483589e-cfcb-4744-96df-d67bb1af297e (Data {pct : 34, mode : file})
09-29 00:11:17.992  7613  7613 D WM-SystemFgDispatcher: Notifying with (id:6569, workSpecId: 9483589e-cfcb-4744-96df-d67bb1af297e, notificationType :1)
09-29 00:11:17.993  7613  7666 I WM-Processor: Moving WorkSpec (9483589e-cfcb-4744-96df-d67bb1af297e) to the foreground
09-29 00:11:17.996  7613  7666 D WM-WorkProgressUpdater: Updating progress for 9483589e-cfcb-4744-96df-d67bb1af297e (Data {pct : 36, mode : file})
09-29 00:11:17.997  7613  7613 D WM-SystemFgDispatcher: Notifying with (id:6569, workSpecId: 9483589e-cfcb-4744-96df-d67bb1af297e, notificationType :1)
09-29 00:11:17.998  7613  7666 I WM-Processor: Moving WorkSpec (9483589e-cfcb-4744-96df-d67bb1af297e) to the foreground
09-29 00:11:17.999  7613  7666 D WM-WorkProgressUpdater: Updating progress for 9483589e-cfcb-4744-96df-d67bb1af297e (Data {pct : 37, mode : file})
09-29 00:11:17.999  7613  7613 D WM-SystemFgDispatcher: Notifying with (id:6569, workSpecId: 9483589e-cfcb-4744-96df-d67bb1af297e, notificationType :1)
09-29 00:11:18.000  7613  7666 I WM-Processor: Moving WorkSpec (9483589e-cfcb-4744-96df-d67bb1af297e) to the foreground
09-29 00:11:18.001  7613  7613 D WM-SystemFgDispatcher: Notifying with (id:6569, workSpecId: 9483589e-cfcb-4744-96df-d67bb1af297e, notificationType :1)
09-29 00:11:18.001  7613  7666 D WM-WorkProgressUpdater: Updating progress for 9483589e-cfcb-4744-96df-d67bb1af297e (Data {pct : 39, mode : file})
09-29 00:11:18.003  7613  7666 I WM-Processor: Moving WorkSpec (9483589e-cfcb-4744-96df-d67bb1af297e) to the foreground
09-29 00:11:18.004  7613  7666 D WM-WorkProgressUpdater: Updating progress for 9483589e-cfcb-4744-96df-d67bb1af297e (Data {pct : 41, mode : file})
09-29 00:11:18.004  7613  7613 D WM-SystemFgDispatcher: Notifying with (id:6569, workSpecId: 9483589e-cfcb-4744-96df-d67bb1af297e, notificationType :1)
09-29 00:11:18.005  7613  7666 I WM-Processor: Moving WorkSpec (9483589e-cfcb-4744-96df-d67bb1af297e) to the foreground
09-29 00:11:18.006  7613  7664 D WM-WorkProgressUpdater: Updating progress for 9483589e-cfcb-4744-96df-d67bb1af297e (Data {pct : 43, mode : file})
09-29 00:11:18.006  7613  7613 D WM-SystemFgDispatcher: Notifying with (id:6569, workSpecId: 9483589e-cfcb-4744-96df-d67bb1af297e, notificationType :1)
09-29 00:11:18.007  7613  7664 I WM-Processor: Moving WorkSpec (9483589e-cfcb-4744-96df-d67bb1af297e) to the foreground
09-29 00:11:18.008  7613  7613 D WM-SystemFgDispatcher: Notifying with (id:6569, workSpecId: 9483589e-cfcb-4744-96df-d67bb1af297e, notificationType :1)
09-29 00:11:18.008  7613  7664 D WM-WorkProgressUpdater: Updating progress for 9483589e-cfcb-4744-96df-d67bb1af297e (Data {pct : 45, mode : file})
09-29 00:11:18.009  7613  7664 I WM-Processor: Moving WorkSpec (9483589e-cfcb-4744-96df-d67bb1af297e) to the foreground
09-29 00:11:18.011  7613  7664 D WM-WorkProgressUpdater: Updating progress for 9483589e-cfcb-4744-96df-d67bb1af297e (Data {pct : 47, mode : file})
09-29 00:11:18.012  7613  7664 I WM-Processor: Moving WorkSpec (9483589e-cfcb-4744-96df-d67bb1af297e) to the foreground
09-29 00:11:18.013  7613  7664 D WM-WorkProgressUpdater: Updating progress for 9483589e-cfcb-4744-96df-d67bb1af297e (Data {pct : 49, mode : file})
09-29 00:11:18.013  7613  7613 D WM-SystemFgDispatcher: Notifying with (id:6569, workSpecId: 9483589e-cfcb-4744-96df-d67bb1af297e, notificationType :1)
09-29 00:11:18.014  7613  7613 D WM-SystemFgDispatcher: Notifying with (id:6569, workSpecId: 9483589e-cfcb-4744-96df-d67bb1af297e, notificationType :1)
09-29 00:11:18.014  7613  7664 I WM-Processor: Moving WorkSpec (9483589e-cfcb-4744-96df-d67bb1af297e) to the foreground
09-29 00:11:18.015  7613  7664 D WM-WorkProgressUpdater: Updating progress for 9483589e-cfcb-4744-96df-d67bb1af297e (Data {pct : 50, mode : file})
09-29 00:11:18.015  7613  7613 D WM-SystemFgDispatcher: Notifying with (id:6569, workSpecId: 9483589e-cfcb-4744-96df-d67bb1af297e, notificationType :1)
09-29 00:11:18.016  7613  7664 I WM-Processor: Moving WorkSpec (9483589e-cfcb-4744-96df-d67bb1af297e) to the foreground
09-29 00:11:18.017  7613  7664 D WM-WorkProgressUpdater: Updating progress for 9483589e-cfcb-4744-96df-d67bb1af297e (Data {pct : 52, mode : file})
09-29 00:11:18.018  7613  7613 D WM-SystemFgDispatcher: Notifying with (id:6569, workSpecId: 9483589e-cfcb-4744-96df-d67bb1af297e, notificationType :1)
09-29 00:11:18.019  7613  7664 I WM-Processor: Moving WorkSpec (9483589e-cfcb-4744-96df-d67bb1af297e) to the foreground
09-29 00:11:18.020  7613  7664 D WM-WorkProgressUpdater: Updating progress for 9483589e-cfcb-4744-96df-d67bb1af297e (Data {pct : 54, mode : file})
09-29 00:11:18.021  7613  7613 D WM-SystemFgDispatcher: Notifying with (id:6569, workSpecId: 9483589e-cfcb-4744-96df-d67bb1af297e, notificationType :1)
09-29 00:11:18.021  7613  7613 I NotificationManager: com.negi.survey: notify(6569, null, Notification(channel=uploads shortcut=null contentView=null vibrate=null sound=null defaults=0 flags=ONGOING_EVENT|ONLY_ALERT_ONCE color=0x00000000 category=progress vis=PRIVATE semFlags=0x0 semPriority=0 semMissedCount=0 semScenarioType=0)) as user
09-29 00:11:18.022  7613  7664 I WM-Processor: Moving WorkSpec (9483589e-cfcb-4744-96df-d67bb1af297e) to the foreground
09-29 00:11:18.023  7613  7664 D WM-WorkProgressUpdater: Updating progress for 9483589e-cfcb-4744-96df-d67bb1af297e (Data {pct : 56, mode : file})
09-29 00:11:18.023  7613  7613 D WM-SystemFgDispatcher: Notifying with (id:6569, workSpecId: 9483589e-cfcb-4744-96df-d67bb1af297e, notificationType :1)
09-29 00:11:18.024  7613  7664 I WM-Processor: Moving WorkSpec (9483589e-cfcb-4744-96df-d67bb1af297e) to the foreground
09-29 00:11:18.025  7613  7664 D WM-WorkProgressUpdater: Updating progress for 9483589e-cfcb-4744-96df-d67bb1af297e (Data {pct : 58, mode : file})
09-29 00:11:18.025  7613  7613 D WM-SystemFgDispatcher: Notifying with (id:6569, workSpecId: 9483589e-cfcb-4744-96df-d67bb1af297e, notificationType :1)
09-29 00:11:18.026  7613  7664 I WM-Processor: Moving WorkSpec (9483589e-cfcb-4744-96df-d67bb1af297e) to the foreground
09-29 00:11:18.028  7613  7664 D WM-WorkProgressUpdater: Updating progress for 9483589e-cfcb-4744-96df-d67bb1af297e (Data {pct : 60, mode : file})
09-29 00:11:18.029  7613  7664 I WM-Processor: Moving WorkSpec (9483589e-cfcb-4744-96df-d67bb1af297e) to the foreground
09-29 00:11:18.030  7613  7613 D WM-SystemFgDispatcher: Notifying with (id:6569, workSpecId: 9483589e-cfcb-4744-96df-d67bb1af297e, notificationType :1)
09-29 00:11:18.030  7613  7664 D WM-WorkProgressUpdater: Updating progress for 9483589e-cfcb-4744-96df-d67bb1af297e (Data {pct : 62, mode : file})
09-29 00:11:18.031  7613  7613 D WM-SystemFgDispatcher: Notifying with (id:6569, workSpecId: 9483589e-cfcb-4744-96df-d67bb1af297e, notificationType :1)
09-29 00:11:18.031  7613  7664 I WM-Processor: Moving WorkSpec (9483589e-cfcb-4744-96df-d67bb1af297e) to the foreground
09-29 00:11:18.035  7613  7664 D WM-WorkProgressUpdater: Updating progress for 9483589e-cfcb-4744-96df-d67bb1af297e (Data {pct : 64, mode : file})
09-29 00:11:18.035  7613  7613 D WM-SystemFgDispatcher: Notifying with (id:6569, workSpecId: 9483589e-cfcb-4744-96df-d67bb1af297e, notificationType :1)
09-29 00:11:18.036  7613  7664 I WM-Processor: Moving WorkSpec (9483589e-cfcb-4744-96df-d67bb1af297e) to the foreground
09-29 00:11:18.037  7613  7664 D WM-WorkProgressUpdater: Updating progress for 9483589e-cfcb-4744-96df-d67bb1af297e (Data {pct : 65, mode : file})
09-29 00:11:18.038  7613  7613 D WM-SystemFgDispatcher: Notifying with (id:6569, workSpecId: 9483589e-cfcb-4744-96df-d67bb1af297e, notificationType :1)
09-29 00:11:18.039  7613  7664 I WM-Processor: Moving WorkSpec (9483589e-cfcb-4744-96df-d67bb1af297e) to the foreground
09-29 00:11:18.040  7613  7613 D WM-SystemFgDispatcher: Notifying with (id:6569, workSpecId: 9483589e-cfcb-4744-96df-d67bb1af297e, notificationType :1)
09-29 00:11:18.041  7613  7664 D WM-WorkProgressUpdater: Updating progress for 9483589e-cfcb-4744-96df-d67bb1af297e (Data {pct : 67, mode : file})
09-29 00:11:18.042  7613  7664 I WM-Processor: Moving WorkSpec (9483589e-cfcb-4744-96df-d67bb1af297e) to the foreground
09-29 00:11:18.043  7613  7664 D WM-WorkProgressUpdater: Updating progress for 9483589e-cfcb-4744-96df-d67bb1af297e (Data {pct : 69, mode : file})
09-29 00:11:18.043  7613  7613 D WM-SystemFgDispatcher: Notifying with (id:6569, workSpecId: 9483589e-cfcb-4744-96df-d67bb1af297e, notificationType :1)
09-29 00:11:18.044  7613  7664 I WM-Processor: Moving WorkSpec (9483589e-cfcb-4744-96df-d67bb1af297e) to the foreground
09-29 00:11:18.045  7613  7664 D WM-WorkProgressUpdater: Updating progress for 9483589e-cfcb-4744-96df-d67bb1af297e (Data {pct : 71, mode : file})
09-29 00:11:18.046  7613  7613 D WM-SystemFgDispatcher: Notifying with (id:6569, workSpecId: 9483589e-cfcb-4744-96df-d67bb1af297e, notificationType :1)
09-29 00:11:18.047  7613  7664 I WM-Processor: Moving WorkSpec (9483589e-cfcb-4744-96df-d67bb1af297e) to the foreground
09-29 00:11:18.048  7613  7613 D WM-SystemFgDispatcher: Notifying with (id:6569, workSpecId: 9483589e-cfcb-4744-96df-d67bb1af297e, notificationType :1)
09-29 00:11:18.048  7613  7664 D WM-WorkProgressUpdater: Updating progress for 9483589e-cfcb-4744-96df-d67bb1af297e (Data {pct : 73, mode : file})
09-29 00:11:18.050  7613  7664 I WM-Processor: Moving WorkSpec (9483589e-cfcb-4744-96df-d67bb1af297e) to the foreground
09-29 00:11:18.051  7613  7664 D WM-WorkProgressUpdater: Updating progress for 9483589e-cfcb-4744-96df-d67bb1af297e (Data {pct : 75, mode : file})
09-29 00:11:18.051  7613  7613 D WM-SystemFgDispatcher: Notifying with (id:6569, workSpecId: 9483589e-cfcb-4744-96df-d67bb1af297e, notificationType :1)
09-29 00:11:18.052  7613  7664 I WM-Processor: Moving WorkSpec (9483589e-cfcb-4744-96df-d67bb1af297e) to the foreground
09-29 00:11:18.053  7613  7664 D WM-WorkProgressUpdater: Updating progress for 9483589e-cfcb-4744-96df-d67bb1af297e (Data {pct : 77, mode : file})
09-29 00:11:18.055  7613  7613 D WM-SystemFgDispatcher: Notifying with (id:6569, workSpecId: 9483589e-cfcb-4744-96df-d67bb1af297e, notificationType :1)
09-29 00:11:18.055  7613  7664 I WM-Processor: Moving WorkSpec (9483589e-cfcb-4744-96df-d67bb1af297e) to the foreground
09-29 00:11:18.056  7613  7664 D WM-WorkProgressUpdater: Updating progress for 9483589e-cfcb-4744-96df-d67bb1af297e (Data {pct : 78, mode : file})
09-29 00:11:18.056  7613  7613 D WM-SystemFgDispatcher: Notifying with (id:6569, workSpecId: 9483589e-cfcb-4744-96df-d67bb1af297e, notificationType :1)
09-29 00:11:18.057  7613  7664 I WM-Processor: Moving WorkSpec (9483589e-cfcb-4744-96df-d67bb1af297e) to the foreground
09-29 00:11:18.059  7613  7613 D WM-SystemFgDispatcher: Notifying with (id:6569, workSpecId: 9483589e-cfcb-4744-96df-d67bb1af297e, notificationType :1)
09-29 00:11:18.059  7613  7664 D WM-WorkProgressUpdater: Updating progress for 9483589e-cfcb-4744-96df-d67bb1af297e (Data {pct : 80, mode : file})
09-29 00:11:18.060  7613  7664 I WM-Processor: Moving WorkSpec (9483589e-cfcb-4744-96df-d67bb1af297e) to the foreground
09-29 00:11:18.061  7613  7664 D WM-WorkProgressUpdater: Updating progress for 9483589e-cfcb-4744-96df-d67bb1af297e (Data {pct : 82, mode : file})
09-29 00:11:18.063  7613  7664 I WM-Processor: Moving WorkSpec (9483589e-cfcb-4744-96df-d67bb1af297e) to the foreground
09-29 00:11:18.064  7613  7613 D WM-SystemFgDispatcher: Notifying with (id:6569, workSpecId: 9483589e-cfcb-4744-96df-d67bb1af297e, notificationType :1)
09-29 00:11:18.064  7613  7664 D WM-WorkProgressUpdater: Updating progress for 9483589e-cfcb-4744-96df-d67bb1af297e (Data {pct : 84, mode : file})
09-29 00:11:18.065  7613  7613 D WM-SystemFgDispatcher: Notifying with (id:6569, workSpecId: 9483589e-cfcb-4744-96df-d67bb1af297e, notificationType :1)
09-29 00:11:18.066  7613  7664 I WM-Processor: Moving WorkSpec (9483589e-cfcb-4744-96df-d67bb1af297e) to the foreground
09-29 00:11:18.067  7613  7664 D WM-WorkProgressUpdater: Updating progress for 9483589e-cfcb-4744-96df-d67bb1af297e (Data {pct : 86, mode : file})
09-29 00:11:18.067  7613  7613 D WM-SystemFgDispatcher: Notifying with (id:6569, workSpecId: 9483589e-cfcb-4744-96df-d67bb1af297e, notificationType :1)
09-29 00:11:18.069  7613  7664 I WM-Processor: Moving WorkSpec (9483589e-cfcb-4744-96df-d67bb1af297e) to the foreground
09-29 00:11:18.070  7613  7664 D WM-WorkProgressUpdater: Updating progress for 9483589e-cfcb-4744-96df-d67bb1af297e (Data {pct : 88, mode : file})
09-29 00:11:18.071  7613  7664 I WM-Processor: Moving WorkSpec (9483589e-cfcb-4744-96df-d67bb1af297e) to the foreground
09-29 00:11:18.071  7613  7613 D WM-SystemFgDispatcher: Notifying with (id:6569, workSpecId: 9483589e-cfcb-4744-96df-d67bb1af297e, notificationType :1)
09-29 00:11:18.072  7613  7664 D WM-WorkProgressUpdater: Updating progress for 9483589e-cfcb-4744-96df-d67bb1af297e (Data {pct : 90, mode : file})
09-29 00:11:18.072  7613  7613 D WM-SystemFgDispatcher: Notifying with (id:6569, workSpecId: 9483589e-cfcb-4744-96df-d67bb1af297e, notificationType :1)
09-29 00:11:18.073  7613  7664 I WM-Processor: Moving WorkSpec (9483589e-cfcb-4744-96df-d67bb1af297e) to the foreground
09-29 00:11:18.074  7613  7613 D WM-SystemFgDispatcher: Notifying with (id:6569, workSpecId: 9483589e-cfcb-4744-96df-d67bb1af297e, notificationType :1)
09-29 00:11:18.085  7613  7738 W GitHubUploader: uploadStream: 409 Conflict; refreshing SHA and retrying once.
09-29 00:11:18.089  7613  7665 D WM-WorkProgressUpdater: Updating progress for 61a8429b-302c-422b-8adc-bdcb3213b867 (Data {pct : 27, mode : file})
09-29 00:11:18.091  7613  7665 I WM-Processor: Moving WorkSpec (61a8429b-302c-422b-8adc-bdcb3213b867) to the foreground
09-29 00:11:18.092  7613  7665 D WM-WorkProgressUpdater: Updating progress for 61a8429b-302c-422b-8adc-bdcb3213b867 (Data {pct : 45, mode : file})
09-29 00:11:18.092  7613  7613 D WM-SystemFgDispatcher: Notifying with (id:5734, workSpecId: 61a8429b-302c-422b-8adc-bdcb3213b867, notificationType :1)
09-29 00:11:18.094  7613  7665 I WM-Processor: Moving WorkSpec (61a8429b-302c-422b-8adc-bdcb3213b867) to the foreground
09-29 00:11:18.095  7613  7665 D WM-WorkProgressUpdater: Updating progress for 61a8429b-302c-422b-8adc-bdcb3213b867 (Data {pct : 62, mode : file})
09-29 00:11:18.096  7613  7613 D WM-SystemFgDispatcher: Notifying with (id:5734, workSpecId: 61a8429b-302c-422b-8adc-bdcb3213b867, notificationType :1)
09-29 00:11:18.097  7613  7665 I WM-Processor: Moving WorkSpec (61a8429b-302c-422b-8adc-bdcb3213b867) to the foreground
09-29 00:11:18.099  7613  7613 D WM-SystemFgDispatcher: Notifying with (id:5734, workSpecId: 61a8429b-302c-422b-8adc-bdcb3213b867, notificationType :1)
09-29 00:11:18.099  7613  7665 D WM-WorkProgressUpdater: Updating progress for 61a8429b-302c-422b-8adc-bdcb3213b867 (Data {pct : 80, mode : file})
09-29 00:11:18.100  7613  7665 I WM-Processor: Moving WorkSpec (61a8429b-302c-422b-8adc-bdcb3213b867) to the foreground
09-29 00:11:18.101  7613  7613 D WM-SystemFgDispatcher: Notifying with (id:5734, workSpecId: 61a8429b-302c-422b-8adc-bdcb3213b867, notificationType :1)
09-29 00:11:18.102  7613  7665 D WM-WorkProgressUpdater: Updating progress for 61a8429b-302c-422b-8adc-bdcb3213b867 (Data {pct : 90, mode : file})
09-29 00:11:18.103  7613  7665 I WM-Processor: Moving WorkSpec (61a8429b-302c-422b-8adc-bdcb3213b867) to the foreground
09-29 00:11:18.105  7613  7613 D WM-SystemFgDispatcher: Notifying with (id:5734, workSpecId: 61a8429b-302c-422b-8adc-bdcb3213b867, notificationType :1)
09-29 00:11:18.235  7613  7634 I com.negi.survey: Explicit concurrent mark compact GC freed 12MB AllocSpace bytes, 92(2840KB) LOS objects, 71% free, 9594KB/33MB, paused 481us,2.509ms total 38.372ms
09-29 00:11:18.315  7613  7725 W GitHubUploader: uploadStream: 409 Conflict; refreshing SHA and retrying once.
09-29 00:11:18.321  7613  7666 D WM-WorkProgressUpdater: Updating progress for cdf06544-dc01-453d-9cb5-b12a24ba2253 (Data {pct : 26, mode : file})
09-29 00:11:18.324  7613  7666 I WM-Processor: Moving WorkSpec (cdf06544-dc01-453d-9cb5-b12a24ba2253) to the foreground
09-29 00:11:18.326  7613  7666 D WM-WorkProgressUpdater: Updating progress for cdf06544-dc01-453d-9cb5-b12a24ba2253 (Data {pct : 42, mode : file})
09-29 00:11:18.326  7613  7613 D WM-SystemFgDispatcher: Notifying with (id:7832, workSpecId: cdf06544-dc01-453d-9cb5-b12a24ba2253, notificationType :1)
09-29 00:11:18.326  7613  7613 I NotificationManager: com.negi.survey: notify(7832, null, Notification(channel=uploads shortcut=null contentView=null vibrate=null sound=null defaults=0 flags=ONGOING_EVENT|ONLY_ALERT_ONCE color=0x00000000 category=progress vis=PRIVATE semFlags=0x0 semPriority=0 semMissedCount=0 semScenarioType=0)) as user
09-29 00:11:18.328  7613  7666 I WM-Processor: Moving WorkSpec (cdf06544-dc01-453d-9cb5-b12a24ba2253) to the foreground
09-29 00:11:18.330  7613  7664 D WM-WorkProgressUpdater: Updating progress for cdf06544-dc01-453d-9cb5-b12a24ba2253 (Data {pct : 58, mode : file})
09-29 00:11:18.332  7613  7664 I WM-Processor: Moving WorkSpec (cdf06544-dc01-453d-9cb5-b12a24ba2253) to the foreground
09-29 00:11:18.332  7613  7613 D WM-SystemFgDispatcher: Notifying with (id:7832, workSpecId: cdf06544-dc01-453d-9cb5-b12a24ba2253, notificationType :1)
09-29 00:11:18.333  7613  7664 D WM-WorkProgressUpdater: Updating progress for cdf06544-dc01-453d-9cb5-b12a24ba2253 (Data {pct : 74, mode : file})
09-29 00:11:18.334  7613  7613 D WM-SystemFgDispatcher: Notifying with (id:7832, workSpecId: cdf06544-dc01-453d-9cb5-b12a24ba2253, notificationType :1)
09-29 00:11:18.335  7613  7664 I WM-Processor: Moving WorkSpec (cdf06544-dc01-453d-9cb5-b12a24ba2253) to the foreground
09-29 00:11:18.336  7613  7664 D WM-WorkProgressUpdater: Updating progress for cdf06544-dc01-453d-9cb5-b12a24ba2253 (Data {pct : 90, mode : file})
09-29 00:11:18.338  7613  7664 I WM-Processor: Moving WorkSpec (cdf06544-dc01-453d-9cb5-b12a24ba2253) to the foreground
09-29 00:11:18.339  7613  7613 D WM-SystemFgDispatcher: Notifying with (id:7832, workSpecId: cdf06544-dc01-453d-9cb5-b12a24ba2253, notificationType :1)
09-29 00:11:18.340  7613  7613 D WM-SystemFgDispatcher: Notifying with (id:7832, workSpecId: cdf06544-dc01-453d-9cb5-b12a24ba2253, notificationType :1)
09-29 00:11:18.356  7613  7748 W GitHubUploader: uploadStream: 409 Conflict; refreshing SHA and retrying once.
09-29 00:11:18.517  7613  7735 W GitHubUploader: uploadStream: 409 Conflict; refreshing SHA and retrying once.
09-29 00:11:18.520  7613  7655 D WM-WorkProgressUpdater: Updating progress for 3a0a720a-c641-4298-8e74-66b8360904f9 (Data {pct : 27, mode : file})
09-29 00:11:18.523  7613  7655 I WM-Processor: Moving WorkSpec (3a0a720a-c641-4298-8e74-66b8360904f9) to the foreground
09-29 00:11:18.525  7613  7655 D WM-WorkProgressUpdater: Updating progress for 3a0a720a-c641-4298-8e74-66b8360904f9 (Data {pct : 44, mode : file})
09-29 00:11:18.525  7613  7613 D WM-SystemFgDispatcher: Notifying with (id:4931, workSpecId: 3a0a720a-c641-4298-8e74-66b8360904f9, notificationType :1)
09-29 00:11:18.526  7613  7613 I NotificationManager: com.negi.survey: notify(4931, null, Notification(channel=uploads shortcut=null contentView=null vibrate=null sound=null defaults=0 flags=ONGOING_EVENT|ONLY_ALERT_ONCE color=0x00000000 category=progress vis=PRIVATE semFlags=0x0 semPriority=0 semMissedCount=0 semScenarioType=0)) as user
09-29 00:11:18.527  7613  7655 I WM-Processor: Moving WorkSpec (3a0a720a-c641-4298-8e74-66b8360904f9) to the foreground
09-29 00:11:18.529  7613  7655 D WM-WorkProgressUpdater: Updating progress for 3a0a720a-c641-4298-8e74-66b8360904f9 (Data {pct : 61, mode : file})
09-29 00:11:18.533  7613  7613 D WM-SystemFgDispatcher: Notifying with (id:4931, workSpecId: 3a0a720a-c641-4298-8e74-66b8360904f9, notificationType :1)
09-29 00:11:18.541  7613  7655 I WM-Processor: Moving WorkSpec (3a0a720a-c641-4298-8e74-66b8360904f9) to the foreground
09-29 00:11:18.543  7613  7655 D WM-WorkProgressUpdater: Updating progress for 3a0a720a-c641-4298-8e74-66b8360904f9 (Data {pct : 78, mode : file})
09-29 00:11:18.543  7613  7613 D WM-SystemFgDispatcher: Notifying with (id:4931, workSpecId: 3a0a720a-c641-4298-8e74-66b8360904f9, notificationType :1)
09-29 00:11:18.545  7613  7655 I WM-Processor: Moving WorkSpec (3a0a720a-c641-4298-8e74-66b8360904f9) to the foreground
09-29 00:11:18.547  7613  7655 D WM-WorkProgressUpdater: Updating progress for 3a0a720a-c641-4298-8e74-66b8360904f9 (Data {pct : 90, mode : file})
09-29 00:11:18.548  7613  7613 D WM-SystemFgDispatcher: Notifying with (id:4931, workSpecId: 3a0a720a-c641-4298-8e74-66b8360904f9, notificationType :1)
09-29 00:11:18.549  7613  7655 I WM-Processor: Moving WorkSpec (3a0a720a-c641-4298-8e74-66b8360904f9) to the foreground
09-29 00:11:18.550  7613  7613 D WM-SystemFgDispatcher: Notifying with (id:4931, workSpecId: 3a0a720a-c641-4298-8e74-66b8360904f9, notificationType :1)
09-29 00:11:18.723  7613  7732 W GitHubUploader: uploadStream: 409 Conflict; refreshing SHA and retrying once.
09-29 00:11:18.728  7613  7665 D WM-WorkProgressUpdater: Updating progress for 62393af5-049b-499b-9946-5f6ae35af179 (Data {pct : 34, mode : file})
09-29 00:11:18.731  7613  7665 I WM-Processor: Moving WorkSpec (62393af5-049b-499b-9946-5f6ae35af179) to the foreground
09-29 00:11:18.733  7613  7665 D WM-WorkProgressUpdater: Updating progress for 62393af5-049b-499b-9946-5f6ae35af179 (Data {pct : 58, mode : file})
09-29 00:11:18.733  7613  7613 D WM-SystemFgDispatcher: Notifying with (id:7517, workSpecId: 62393af5-049b-499b-9946-5f6ae35af179, notificationType :1)
09-29 00:11:18.733  7613  7613 I NotificationManager: com.negi.survey: notify(7517, null, Notification(channel=uploads shortcut=null contentView=null vibrate=null sound=null defaults=0 flags=ONGOING_EVENT|ONLY_ALERT_ONCE color=0x00000000 category=progress vis=PRIVATE semFlags=0x0 semPriority=0 semMissedCount=0 semScenarioType=0)) as user
09-29 00:11:18.735  7613  7664 I WM-Processor: Moving WorkSpec (62393af5-049b-499b-9946-5f6ae35af179) to the foreground
09-29 00:11:18.736  7613  7664 D WM-WorkProgressUpdater: Updating progress for 62393af5-049b-499b-9946-5f6ae35af179 (Data {pct : 82, mode : file})
09-29 00:11:18.738  7613  7664 I WM-Processor: Moving WorkSpec (62393af5-049b-499b-9946-5f6ae35af179) to the foreground
09-29 00:11:18.739  7613  7664 D WM-WorkProgressUpdater: Updating progress for 62393af5-049b-499b-9946-5f6ae35af179 (Data {pct : 90, mode : file})
09-29 00:11:18.740  7613  7664 I WM-Processor: Moving WorkSpec (62393af5-049b-499b-9946-5f6ae35af179) to the foreground
09-29 00:11:18.743  7613  7613 D WM-SystemFgDispatcher: Notifying with (id:7517, workSpecId: 62393af5-049b-499b-9946-5f6ae35af179, notificationType :1)
09-29 00:11:18.743  7613  7613 W NotificationManager: Shedding notify (update) of NotificationKey[user=UserHandle{0}, pkg=com.negi.survey, tag=null, id=7517], rate limit (5.0) exceeded: input 27.620806, output would be 6.4269495
09-29 00:11:18.744  7613  7613 D WM-SystemFgDispatcher: Notifying with (id:7517, workSpecId: 62393af5-049b-499b-9946-5f6ae35af179, notificationType :1)
09-29 00:11:18.747  7613  7613 D WM-SystemFgDispatcher: Notifying with (id:7517, workSpecId: 62393af5-049b-499b-9946-5f6ae35af179, notificationType :1)
09-29 00:11:18.755  7613  7666 D WM-WorkProgressUpdater: Updating progress for 719b4369-62e5-4050-a85c-dca1f31313a3 (Data {pct : 26, mode : file})
09-29 00:11:18.757  7613  7666 I WM-Processor: Moving WorkSpec (719b4369-62e5-4050-a85c-dca1f31313a3) to the foreground
09-29 00:11:18.759  7613  7666 D WM-WorkProgressUpdater: Updating progress for 719b4369-62e5-4050-a85c-dca1f31313a3 (Data {pct : 43, mode : file})
09-29 00:11:18.759  7613  7613 D WM-SystemFgDispatcher: Notifying with (id:10841, workSpecId: 719b4369-62e5-4050-a85c-dca1f31313a3, notificationType :1)
09-29 00:11:18.761  7613  7655 I WM-Processor: Moving WorkSpec (719b4369-62e5-4050-a85c-dca1f31313a3) to the foreground
09-29 00:11:18.762  7613  7655 D WM-WorkProgressUpdater: Updating progress for 719b4369-62e5-4050-a85c-dca1f31313a3 (Data {pct : 60, mode : file})
09-29 00:11:18.763  7613  7665 I WM-Processor: Moving WorkSpec (719b4369-62e5-4050-a85c-dca1f31313a3) to the foreground
09-29 00:11:18.763  7613  7613 D WM-SystemFgDispatcher: Notifying with (id:10841, workSpecId: 719b4369-62e5-4050-a85c-dca1f31313a3, notificationType :1)
09-29 00:11:18.765  7613  7613 D WM-SystemFgDispatcher: Notifying with (id:10841, workSpecId: 719b4369-62e5-4050-a85c-dca1f31313a3, notificationType :1)
09-29 00:11:18.765  7613  7665 D WM-WorkProgressUpdater: Updating progress for 719b4369-62e5-4050-a85c-dca1f31313a3 (Data {pct : 77, mode : file})
09-29 00:11:18.767  7613  7665 I WM-Processor: Moving WorkSpec (719b4369-62e5-4050-a85c-dca1f31313a3) to the foreground
09-29 00:11:18.769  7613  7665 D WM-WorkProgressUpdater: Updating progress for 719b4369-62e5-4050-a85c-dca1f31313a3 (Data {pct : 90, mode : file})
09-29 00:11:18.769  7613  7613 D WM-SystemFgDispatcher: Notifying with (id:10841, workSpecId: 719b4369-62e5-4050-a85c-dca1f31313a3, notificationType :1)
09-29 00:11:18.770  7613  7665 I WM-Processor: Moving WorkSpec (719b4369-62e5-4050-a85c-dca1f31313a3) to the foreground
09-29 00:11:18.774  7613  7613 D WM-SystemFgDispatcher: Notifying with (id:10841, workSpecId: 719b4369-62e5-4050-a85c-dca1f31313a3, notificationType :1)
09-29 00:11:18.817  7613  7666 D WM-WorkProgressUpdater: Updating progress for 16ce5bd7-c8c8-4f83-be5f-2ea3b1b46167 (Data {pct : 95, mode : file})
09-29 00:11:18.817  7613  7728 D GitHubUploader: uploadStream: done url=https://github.com/ishizuki-tech/SurveyExports/blob/main/diagnostics/crash/2026-09-29/prevlog_20260929_033604_pid16917.log sha=1a14869a5b7e23d52b570bb1bb570f0d90e794ad
09-29 00:11:18.820  7613  7666 I WM-Processor: Moving WorkSpec (16ce5bd7-c8c8-4f83-be5f-2ea3b1b46167) to the foreground
09-29 00:11:18.823  7613  7613 D WM-SystemFgDispatcher: Notifying with (id:6356, workSpecId: 16ce5bd7-c8c8-4f83-be5f-2ea3b1b46167, notificationType :1)
09-29 00:11:18.823  7613  7666 I WM-Processor: Moving WorkSpec (16ce5bd7-c8c8-4f83-be5f-2ea3b1b46167) to the foreground
09-29 00:11:18.826  7613  7613 D WM-SystemFgDispatcher: Notifying with (id:6356, workSpecId: 16ce5bd7-c8c8-4f83-be5f-2ea3b1b46167, notificationType :1)
09-29 00:11:18.827  7613  7613 I NotificationManager: com.negi.survey: notify(6356, null, Notification(channel=uploads shortcut=null contentView=null vibrate=null sound=null defaults=0 flags=ONLY_ALERT_ONCE color=0x00000000 category=progress vis=PRIVATE semFlags=0x0 semPriority=0 semMissedCount=0 semScenarioType=0)) as user
09-29 00:11:18.828  7613  7666 I WM-WorkerWrapper: Worker result SUCCESS for Work [ id=16ce5bd7-c8c8-4f83-be5f-2ea3b1b46167, tags={ com.negi.survey.net.GitHubUploadWorker,github_upload,github_upload:crash:diagnostics_crash_prevlog_20260929_033604_pid16917.log_91d94146 } ]
09-29 00:11:18.833  7613  7613 D WM-Processor: Processor 16ce5bd7-c8c8-4f83-be5f-2ea3b1b46167 executed; reschedule = false
09-29 00:11:18.834  7613  7613 D WM-GreedyScheduler: Stopping tracking for WorkGenerationalId(workSpecId=16ce5bd7-c8c8-4f83-be5f-2ea3b1b46167, generation=0)
09-29 00:11:18.834  7613  7613 D WM-SystemJobService: 16ce5bd7-c8c8-4f83-be5f-2ea3b1b46167 executed on JobScheduler
09-29 00:11:18.834  7613  7613 D WM-SystemFgDispatcher: Removing Notification (id: 6356, workSpecId: WorkGenerationalId(workSpecId=16ce5bd7-c8c8-4f83-be5f-2ea3b1b46167, generation=0), notificationType: 1
09-29 00:11:18.841  7613  7664 D WM-GreedyScheduler: Cancelling work ID 16ce5bd7-c8c8-4f83-be5f-2ea3b1b46167
09-29 00:11:18.844  7613  7613 D WM-SystemJobService: onStopJob for WorkGenerationalId(workSpecId=16ce5bd7-c8c8-4f83-be5f-2ea3b1b46167, generation=0)
09-29 00:11:18.899  7613  7665 D WM-WorkProgressUpdater: Updating progress for 0a41d9da-64f6-4a6a-a847-34e18f759560 (Data {pct : 27, mode : file})
09-29 00:11:18.901  7613  7655 I WM-Processor: Moving WorkSpec (0a41d9da-64f6-4a6a-a847-34e18f759560) to the foreground
09-29 00:11:18.903  7613  7655 D WM-WorkProgressUpdater: Updating progress for 0a41d9da-64f6-4a6a-a847-34e18f759560 (Data {pct : 44, mode : file})
09-29 00:11:18.905  7613  7655 I WM-Processor: Moving WorkSpec (0a41d9da-64f6-4a6a-a847-34e18f759560) to the foreground
09-29 00:11:18.905  7613  7613 D WM-SystemFgDispatcher: Notifying with (id:8187, workSpecId: 0a41d9da-64f6-4a6a-a847-34e18f759560, notificationType :1)
09-29 00:11:18.906  7613  7613 I NotificationManager: com.negi.survey: notify(8187, null, Notification(channel=uploads shortcut=null contentView=null vibrate=null sound=null defaults=0 flags=ONGOING_EVENT|ONLY_ALERT_ONCE color=0x00000000 category=progress vis=PRIVATE semFlags=0x0 semPriority=0 semMissedCount=0 semScenarioType=0)) as user
09-29 00:11:18.907  7613  7655 D WM-WorkProgressUpdater: Updating progress for 0a41d9da-64f6-4a6a-a847-34e18f759560 (Data {pct : 61, mode : file})
09-29 00:11:18.908  7613  7655 I WM-Processor: Moving WorkSpec (0a41d9da-64f6-4a6a-a847-34e18f759560) to the foreground
09-29 00:11:18.910  7613  7613 D WM-SystemFgDispatcher: Notifying with (id:8187, workSpecId: 0a41d9da-64f6-4a6a-a847-34e18f759560, notificationType :1)
09-29 00:11:18.913  7613  7655 D WM-WorkProgressUpdater: Updating progress for 0a41d9da-64f6-4a6a-a847-34e18f759560 (Data {pct : 78, mode : file})
09-29 00:11:18.914  7613  7655 I WM-Processor: Moving WorkSpec (0a41d9da-64f6-4a6a-a847-34e18f759560) to the foreground
09-29 00:11:18.915  7613  7655 D WM-WorkProgressUpdater: Updating progress for 0a41d9da-64f6-4a6a-a847-34e18f759560 (Data {pct : 90, mode : file})
09-29 00:11:18.917  7613  7613 D WM-SystemFgDispatcher: Notifying with (id:8187, workSpecId: 0a41d9da-64f6-4a6a-a847-34e18f759560, notificationType :1)
09-29 00:11:18.918  7613  7655 I WM-Processor: Moving WorkSpec (0a41d9da-64f6-4a6a-a847-34e18f759560) to the foreground
09-29 00:11:18.919  7613  7613 D WM-SystemFgDispatcher: Notifying with (id:8187, workSpecId: 0a41d9da-64f6-4a6a-a847-34e18f759560, notificationType :1)
09-29 00:11:18.921  7613  7613 D WM-SystemFgDispatcher: Notifying with (id:8187, workSpecId: 0a41d9da-64f6-4a6a-a847-34e18f759560, notificationType :1)
09-29 00:11:19.016  7613  7739 W GitHubUploader: uploadStream: 409 Conflict; refreshing SHA and retrying once.
09-29 00:11:19.032  7613  7666 D WM-WorkProgressUpdater: Updating progress for addf75e8-c004-42df-b8b8-31b3d025e91b (Data {pct : 27, mode : file})
09-29 00:11:19.035  7613  7666 I WM-Processor: Moving WorkSpec (addf75e8-c004-42df-b8b8-31b3d025e91b) to the foreground
09-29 00:11:19.037  7613  7666 D WM-WorkProgressUpdater: Updating progress for addf75e8-c004-42df-b8b8-31b3d025e91b (Data {pct : 44, mode : file})
09-29 00:11:19.039  7613  7613 D WM-SystemFgDispatcher: Notifying with (id:5944, workSpecId: addf75e8-c004-42df-b8b8-31b3d025e91b, notificationType :1)
09-29 00:11:19.039  7613  7665 I WM-Processor: Moving WorkSpec (addf75e8-c004-42df-b8b8-31b3d025e91b) to the foreground
09-29 00:11:19.041  7613  7665 D WM-WorkProgressUpdater: Updating progress for addf75e8-c004-42df-b8b8-31b3d025e91b (Data {pct : 61, mode : file})
09-29 00:11:19.041  7613  7613 D WM-SystemFgDispatcher: Notifying with (id:5944, workSpecId: addf75e8-c004-42df-b8b8-31b3d025e91b, notificationType :1)
09-29 00:11:19.043  7613  7665 I WM-Processor: Moving WorkSpec (addf75e8-c004-42df-b8b8-31b3d025e91b) to the foreground
09-29 00:11:19.045  7613  7665 D WM-WorkProgressUpdater: Updating progress for addf75e8-c004-42df-b8b8-31b3d025e91b (Data {pct : 79, mode : file})
09-29 00:11:19.046  7613  7665 I WM-Processor: Moving WorkSpec (addf75e8-c004-42df-b8b8-31b3d025e91b) to the foreground
09-29 00:11:19.047  7613  7613 D WM-SystemFgDispatcher: Notifying with (id:5944, workSpecId: addf75e8-c004-42df-b8b8-31b3d025e91b, notificationType :1)
09-29 00:11:19.047  7613  7665 D WM-WorkProgressUpdater: Updating progress for addf75e8-c004-42df-b8b8-31b3d025e91b (Data {pct : 90, mode : file})
09-29 00:11:19.049  7613  7613 D WM-SystemFgDispatcher: Notifying with (id:5944, workSpecId: addf75e8-c004-42df-b8b8-31b3d025e91b, notificationType :1)
09-29 00:11:19.051  7613  7665 I WM-Processor: Moving WorkSpec (addf75e8-c004-42df-b8b8-31b3d025e91b) to the foreground
09-29 00:11:19.056  7613  7613 D WM-SystemFgDispatcher: Notifying with (id:5944, workSpecId: addf75e8-c004-42df-b8b8-31b3d025e91b, notificationType :1)
09-29 00:11:19.087  7613  7664 D WM-WorkProgressUpdater: Updating progress for dd9182fc-8432-48c5-8979-71de7938cdd7 (Data {pct : 19, mode : file})
09-29 00:11:19.090  7613  7664 I WM-Processor: Moving WorkSpec (dd9182fc-8432-48c5-8979-71de7938cdd7) to the foreground
09-29 00:11:19.091  7613  7664 D WM-WorkProgressUpdater: Updating progress for dd9182fc-8432-48c5-8979-71de7938cdd7 (Data {pct : 28, mode : file})
09-29 00:11:19.091  7613  7613 D WM-SystemFgDispatcher: Notifying with (id:4313, workSpecId: dd9182fc-8432-48c5-8979-71de7938cdd7, notificationType :1)
09-29 00:11:19.093  7613  7664 I WM-Processor: Moving WorkSpec (dd9182fc-8432-48c5-8979-71de7938cdd7) to the foreground
09-29 00:11:19.095  7613  7664 D WM-WorkProgressUpdater: Updating progress for dd9182fc-8432-48c5-8979-71de7938cdd7 (Data {pct : 37, mode : file})
09-29 00:11:19.097  7613  7664 I WM-Processor: Moving WorkSpec (dd9182fc-8432-48c5-8979-71de7938cdd7) to the foreground
09-29 00:11:19.097  7613  7613 D WM-SystemFgDispatcher: Notifying with (id:4313, workSpecId: dd9182fc-8432-48c5-8979-71de7938cdd7, notificationType :1)
09-29 00:11:19.097  7613  7613 I NotificationManager: com.negi.survey: notify(4313, null, Notification(channel=uploads shortcut=null contentView=null vibrate=null sound=null defaults=0 flags=ONGOING_EVENT|ONLY_ALERT_ONCE color=0x00000000 category=progress vis=PRIVATE semFlags=0x0 semPriority=0 semMissedCount=0 semScenarioType=0)) as user
09-29 00:11:19.098  7613  7655 D WM-WorkProgressUpdater: Updating progress for dd9182fc-8432-48c5-8979-71de7938cdd7 (Data {pct : 46, mode : file})
09-29 00:11:19.099  7613  7655 I WM-Processor: Moving WorkSpec (dd9182fc-8432-48c5-8979-71de7938cdd7) to the foreground
09-29 00:11:19.100  7613  7655 D WM-WorkProgressUpdater: Updating progress for dd9182fc-8432-48c5-8979-71de7938cdd7 (Data {pct : 56, mode : file})
09-29 00:11:19.101  7613  7613 D WM-SystemFgDispatcher: Notifying with (id:4313, workSpecId: dd9182fc-8432-48c5-8979-71de7938cdd7, notificationType :1)
09-29 00:11:19.102  7613  7655 I WM-Processor: Moving WorkSpec (dd9182fc-8432-48c5-8979-71de7938cdd7) to the foreground
09-29 00:11:19.104  7613  7613 D WM-SystemFgDispatcher: Notifying with (id:4313, workSpecId: dd9182fc-8432-48c5-8979-71de7938cdd7, notificationType :1)
09-29 00:11:19.104  7613  7731 W GitHubUploader: uploadStream: 409 Conflict; refreshing SHA and retrying once.
09-29 00:11:19.106  7613  7655 D WM-WorkProgressUpdater: Updating progress for dd9182fc-8432-48c5-8979-71de7938cdd7 (Data {pct : 65, mode : file})
09-29 00:11:19.108  7613  7613 D WM-SystemFgDispatcher: Notifying with (id:4313, workSpecId: dd9182fc-8432-48c5-8979-71de7938cdd7, notificationType :1)
09-29 00:11:19.108  7613  7655 I WM-Processor: Moving WorkSpec (dd9182fc-8432-48c5-8979-71de7938cdd7) to the foreground
09-29 00:11:19.110  7613  7613 D WM-SystemFgDispatcher: Notifying with (id:4313, workSpecId: dd9182fc-8432-48c5-8979-71de7938cdd7, notificationType :1)
09-29 00:11:19.110  7613  7655 D WM-WorkProgressUpdater: Updating progress for dd9182fc-8432-48c5-8979-71de7938cdd7 (Data {pct : 74, mode : file})
09-29 00:11:19.112  7613  7655 I WM-Processor: Moving WorkSpec (dd9182fc-8432-48c5-8979-71de7938cdd7) to the foreground
09-29 00:11:19.113  7613  7655 D WM-WorkProgressUpdater: Updating progress for dd9182fc-8432-48c5-8979-71de7938cdd7 (Data {pct : 83, mode : file})
09-29 00:11:19.114  7613  7613 D WM-SystemFgDispatcher: Notifying with (id:4313, workSpecId: dd9182fc-8432-48c5-8979-71de7938cdd7, notificationType :1)
09-29 00:11:19.115  7613  7655 I WM-Processor: Moving WorkSpec (dd9182fc-8432-48c5-8979-71de7938cdd7) to the foreground
09-29 00:11:19.116  7613  7655 D WM-WorkProgressUpdater: Updating progress for dd9182fc-8432-48c5-8979-71de7938cdd7 (Data {pct : 90, mode : file})
09-29 00:11:19.116  7613  7613 D WM-SystemFgDispatcher: Notifying with (id:4313, workSpecId: dd9182fc-8432-48c5-8979-71de7938cdd7, notificationType :1)
09-29 00:11:19.117  7613  7655 I WM-Processor: Moving WorkSpec (dd9182fc-8432-48c5-8979-71de7938cdd7) to the foreground
09-29 00:11:19.122  7613  7613 D WM-SystemFgDispatcher: Notifying with (id:4313, workSpecId: dd9182fc-8432-48c5-8979-71de7938cdd7, notificationType :1)
09-29 00:11:19.342  7613  7743 W GitHubUploader: uploadStream: 409 Conflict; refreshing SHA and retrying once.
09-29 00:11:19.388  7613  7665 D WM-WorkProgressUpdater: Updating progress for 77c43d23-cdf2-45c6-b1b4-91d9fe8c57e7 (Data {pct : 26, mode : file})
09-29 00:11:19.390  7613  7665 I WM-Processor: Moving WorkSpec (77c43d23-cdf2-45c6-b1b4-91d9fe8c57e7) to the foreground
09-29 00:11:19.392  7613  7665 D WM-WorkProgressUpdater: Updating progress for 77c43d23-cdf2-45c6-b1b4-91d9fe8c57e7 (Data {pct : 43, mode : file})
09-29 00:11:19.393  7613  7665 I WM-Processor: Moving WorkSpec (77c43d23-cdf2-45c6-b1b4-91d9fe8c57e7) to the foreground
09-29 00:11:19.394  7613  7665 D WM-WorkProgressUpdater: Updating progress for 77c43d23-cdf2-45c6-b1b4-91d9fe8c57e7 (Data {pct : 60, mode : file})
09-29 00:11:19.395  7613  7665 I WM-Processor: Moving WorkSpec (77c43d23-cdf2-45c6-b1b4-91d9fe8c57e7) to the foreground
09-29 00:11:19.396  7613  7665 D WM-WorkProgressUpdater: Updating progress for 77c43d23-cdf2-45c6-b1b4-91d9fe8c57e7 (Data {pct : 77, mode : file})
09-29 00:11:19.397  7613  7665 I WM-Processor: Moving WorkSpec (77c43d23-cdf2-45c6-b1b4-91d9fe8c57e7) to the foreground
09-29 00:11:19.398  7613  7665 D WM-WorkProgressUpdater: Updating progress for 77c43d23-cdf2-45c6-b1b4-91d9fe8c57e7 (Data {pct : 90, mode : file})
09-29 00:11:19.399  7613  7665 I WM-Processor: Moving WorkSpec (77c43d23-cdf2-45c6-b1b4-91d9fe8c57e7) to the foreground
09-29 00:11:19.401  7613  7665 D WM-WorkProgressUpdater: Updating progress for b8199543-e27e-491c-8f43-8e417567c754 (Data {pct : 14, mode : file})
09-29 00:11:19.402  7613  7665 I WM-Processor: Moving WorkSpec (b8199543-e27e-491c-8f43-8e417567c754) to the foreground
09-29 00:11:19.403  7613  7665 D WM-WorkProgressUpdater: Updating progress for b8199543-e27e-491c-8f43-8e417567c754 (Data {pct : 18, mode : file})
09-29 00:11:19.404  7613  7665 I WM-Processor: Moving WorkSpec (b8199543-e27e-491c-8f43-8e417567c754) to the foreground
09-29 00:11:19.405  7613  7665 D WM-WorkProgressUpdater: Updating progress for b8199543-e27e-491c-8f43-8e417567c754 (Data {pct : 22, mode : file})
09-29 00:11:19.406  7613  7665 I WM-Processor: Moving WorkSpec (b8199543-e27e-491c-8f43-8e417567c754) to the foreground
09-29 00:11:19.407  7613  7665 D WM-WorkProgressUpdater: Updating progress for b8199543-e27e-491c-8f43-8e417567c754 (Data {pct : 26, mode : file})
09-29 00:11:19.409  7613  7665 I WM-Processor: Moving WorkSpec (b8199543-e27e-491c-8f43-8e417567c754) to the foreground
09-29 00:11:19.410  7613  7665 D WM-WorkProgressUpdater: Updating progress for b8199543-e27e-491c-8f43-8e417567c754 (Data {pct : 31, mode : file})
09-29 00:11:19.411  7613  7665 I WM-Processor: Moving WorkSpec (b8199543-e27e-491c-8f43-8e417567c754) to the foreground
09-29 00:11:19.413  7613  7665 D WM-WorkProgressUpdater: Updating progress for b8199543-e27e-491c-8f43-8e417567c754 (Data {pct : 35, mode : file})
09-29 00:11:19.414  7613  7665 I WM-Processor: Moving WorkSpec (b8199543-e27e-491c-8f43-8e417567c754) to the foreground
09-29 00:11:19.415  7613  7665 D WM-WorkProgressUpdater: Updating progress for b8199543-e27e-491c-8f43-8e417567c754 (Data {pct : 39, mode : file})
09-29 00:11:19.422  7613  7665 I WM-Processor: Moving WorkSpec (b8199543-e27e-491c-8f43-8e417567c754) to the foreground
09-29 00:11:19.424  7613  7665 D WM-WorkProgressUpdater: Updating progress for b8199543-e27e-491c-8f43-8e417567c754 (Data {pct : 43, mode : file})
09-29 00:11:19.425  7613  7724 W GitHubUploader: uploadStream: 409 Conflict; refreshing SHA and retrying once.
09-29 00:11:19.425  7613  7665 I WM-Processor: Moving WorkSpec (b8199543-e27e-491c-8f43-8e417567c754) to the foreground
09-29 00:11:19.426  7613  7665 D WM-WorkProgressUpdater: Updating progress for b8199543-e27e-491c-8f43-8e417567c754 (Data {pct : 47, mode : file})
09-29 00:11:19.427  7613  7634 I com.negi.survey: Explicit concurrent mark compact GC freed 6672KB AllocSpace bytes, 100(4528KB) LOS objects, 72% free, 9186KB/32MB, paused 855us,2.541ms total 38.050ms
09-29 00:11:19.440  7613  7665 I WM-Processor: Moving WorkSpec (b8199543-e27e-491c-8f43-8e417567c754) to the foreground
09-29 00:11:19.441  7613  7665 D WM-WorkProgressUpdater: Updating progress for b8199543-e27e-491c-8f43-8e417567c754 (Data {pct : 52, mode : file})
09-29 00:11:19.443  7613  7665 I WM-Processor: Moving WorkSpec (b8199543-e27e-491c-8f43-8e417567c754) to the foreground
09-29 00:11:19.444  7613  7665 D WM-WorkProgressUpdater: Updating progress for b8199543-e27e-491c-8f43-8e417567c754 (Data {pct : 56, mode : file})
09-29 00:11:19.444  7613  7613 D WM-SystemFgDispatcher: Notifying with (id:10160, workSpecId: 77c43d23-cdf2-45c6-b1b4-91d9fe8c57e7, notificationType :1)
09-29 00:11:19.445  7613  7613 I NotificationManager: com.negi.survey: notify(10160, null, Notification(channel=uploads shortcut=null contentView=null vibrate=null sound=null defaults=0 flags=ONGOING_EVENT|ONLY_ALERT_ONCE color=0x00000000 category=progress vis=PRIVATE semFlags=0x0 semPriority=0 semMissedCount=0 semScenarioType=0)) as user
09-29 00:11:19.446  7613  7665 I WM-Processor: Moving WorkSpec (b8199543-e27e-491c-8f43-8e417567c754) to the foreground
09-29 00:11:19.447  7613  7665 D WM-WorkProgressUpdater: Updating progress for b8199543-e27e-491c-8f43-8e417567c754 (Data {pct : 60, mode : file})
09-29 00:11:19.448  7613  7613 D WM-SystemFgDispatcher: Notifying with (id:10160, workSpecId: 77c43d23-cdf2-45c6-b1b4-91d9fe8c57e7, notificationType :1)
09-29 00:11:19.450  7613  7613 D WM-SystemFgDispatcher: Notifying with (id:10160, workSpecId: 77c43d23-cdf2-45c6-b1b4-91d9fe8c57e7, notificationType :1)
09-29 00:11:19.451  7613  7613 D WM-SystemFgDispatcher: Notifying with (id:10160, workSpecId: 77c43d23-cdf2-45c6-b1b4-91d9fe8c57e7, notificationType :1)
09-29 00:11:19.453  7613  7613 D WM-SystemFgDispatcher: Notifying with (id:10160, workSpecId: 77c43d23-cdf2-45c6-b1b4-91d9fe8c57e7, notificationType :1)
09-29 00:11:19.454  7613  7613 D WM-SystemFgDispatcher: Notifying with (id:10208, workSpecId: b8199543-e27e-491c-8f43-8e417567c754, notificationType :1)
09-29 00:11:19.455  7613  7665 I WM-Processor: Moving WorkSpec (b8199543-e27e-491c-8f43-8e417567c754) to the foreground
09-29 00:11:19.456  7613  7613 D WM-SystemFgDispatcher: Notifying with (id:10208, workSpecId: b8199543-e27e-491c-8f43-8e417567c754, notificationType :1)
09-29 00:11:19.457  7613  7613 D WM-SystemFgDispatcher: Notifying with (id:10208, workSpecId: b8199543-e27e-491c-8f43-8e417567c754, notificationType :1)
09-29 00:11:19.457  7613  7665 D WM-WorkProgressUpdater: Updating progress for b8199543-e27e-491c-8f43-8e417567c754 (Data {pct : 64, mode : file})
09-29 00:11:19.458  7613  7613 D WM-SystemFgDispatcher: Notifying with (id:10208, workSpecId: b8199543-e27e-491c-8f43-8e417567c754, notificationType :1)
09-29 00:11:19.458  7613  7613 D WM-SystemFgDispatcher: Notifying with (id:10208, workSpecId: b8199543-e27e-491c-8f43-8e417567c754, notificationType :1)
09-29 00:11:19.459  7613  7613 D WM-SystemFgDispatcher: Notifying with (id:10208, workSpecId: b8199543-e27e-491c-8f43-8e417567c754, notificationType :1)
09-29 00:11:19.460  7613  7665 I WM-Processor: Moving WorkSpec (b8199543-e27e-491c-8f43-8e417567c754) to the foreground
09-29 00:11:19.460  7613  7613 D WM-SystemFgDispatcher: Notifying with (id:10208, workSpecId: b8199543-e27e-491c-8f43-8e417567c754, notificationType :1)
09-29 00:11:19.461  7613  7665 D WM-WorkProgressUpdater: Updating progress for b8199543-e27e-491c-8f43-8e417567c754 (Data {pct : 68, mode : file})
09-29 00:11:19.462  7613  7665 I WM-Processor: Moving WorkSpec (b8199543-e27e-491c-8f43-8e417567c754) to the foreground
09-29 00:11:19.462  7613  7613 D WM-SystemFgDispatcher: Notifying with (id:10208, workSpecId: b8199543-e27e-491c-8f43-8e417567c754, notificationType :1)
09-29 00:11:19.463  7613  7665 D WM-WorkProgressUpdater: Updating progress for b8199543-e27e-491c-8f43-8e417567c754 (Data {pct : 73, mode : file})
09-29 00:11:19.464  7613  7613 D WM-SystemFgDispatcher: Notifying with (id:10208, workSpecId: b8199543-e27e-491c-8f43-8e417567c754, notificationType :1)
09-29 00:11:19.465  7613  7665 I WM-Processor: Moving WorkSpec (b8199543-e27e-491c-8f43-8e417567c754) to the foreground
09-29 00:11:19.466  7613  7613 D WM-SystemFgDispatcher: Notifying with (id:10208, workSpecId: b8199543-e27e-491c-8f43-8e417567c754, notificationType :1)
09-29 00:11:19.466  7613  7665 D WM-WorkProgressUpdater: Updating progress for b8199543-e27e-491c-8f43-8e417567c754 (Data {pct : 77, mode : file})
09-29 00:11:19.468  7613  7665 I WM-Processor: Moving WorkSpec (b8199543-e27e-491c-8f43-8e417567c754) to the foreground
09-29 00:11:19.470  7613  7665 D WM-WorkProgressUpdater: Updating progress for b8199543-e27e-491c-8f43-8e417567c754 (Data {pct : 81, mode : file})
09-29 00:11:19.470  7613  7613 D WM-SystemFgDispatcher: Notifying with (id:10208, workSpecId: b8199543-e27e-491c-8f43-8e417567c754, notificationType :1)
09-29 00:11:19.471  7613  7665 I WM-Processor: Moving WorkSpec (b8199543-e27e-491c-8f43-8e417567c754) to the foreground
09-29 00:11:19.471  7613  7613 D WM-SystemFgDispatcher: Notifying with (id:10208, workSpecId: b8199543-e27e-491c-8f43-8e417567c754, notificationType :1)
09-29 00:11:19.472  7613  7665 D WM-WorkProgressUpdater: Updating progress for b8199543-e27e-491c-8f43-8e417567c754 (Data {pct : 85, mode : file})
09-29 00:11:19.473  7613  7613 D WM-SystemFgDispatcher: Notifying with (id:10208, workSpecId: b8199543-e27e-491c-8f43-8e417567c754, notificationType :1)
09-29 00:11:19.474  7613  7665 I WM-Processor: Moving WorkSpec (b8199543-e27e-491c-8f43-8e417567c754) to the foreground
09-29 00:11:19.474  7613  7613 D WM-SystemFgDispatcher: Notifying with (id:10208, workSpecId: b8199543-e27e-491c-8f43-8e417567c754, notificationType :1)
09-29 00:11:19.475  7613  7665 D WM-WorkProgressUpdater: Updating progress for b8199543-e27e-491c-8f43-8e417567c754 (Data {pct : 89, mode : file})
09-29 00:11:19.475  7613  7613 D WM-SystemFgDispatcher: Notifying with (id:10208, workSpecId: b8199543-e27e-491c-8f43-8e417567c754, notificationType :1)
09-29 00:11:19.476  7613  7665 I WM-Processor: Moving WorkSpec (b8199543-e27e-491c-8f43-8e417567c754) to the foreground
09-29 00:11:19.478  7613  7665 D WM-WorkProgressUpdater: Updating progress for b8199543-e27e-491c-8f43-8e417567c754 (Data {pct : 90, mode : file})
09-29 00:11:19.479  7613  7613 D WM-SystemFgDispatcher: Notifying with (id:10208, workSpecId: b8199543-e27e-491c-8f43-8e417567c754, notificationType :1)
09-29 00:11:19.480  7613  7665 I WM-Processor: Moving WorkSpec (b8199543-e27e-491c-8f43-8e417567c754) to the foreground
09-29 00:11:19.481  7613  7613 D WM-SystemFgDispatcher: Notifying with (id:10208, workSpecId: b8199543-e27e-491c-8f43-8e417567c754, notificationType :1)
09-29 00:11:19.483  7613  7613 D WM-SystemFgDispatcher: Notifying with (id:10208, workSpecId: b8199543-e27e-491c-8f43-8e417567c754, notificationType :1)
09-29 00:11:19.484  7613  7613 D WM-SystemFgDispatcher: Notifying with (id:10208, workSpecId: b8199543-e27e-491c-8f43-8e417567c754, notificationType :1)
09-29 00:11:19.485  7613  7613 D WM-SystemFgDispatcher: Notifying with (id:10208, workSpecId: b8199543-e27e-491c-8f43-8e417567c754, notificationType :1)
09-29 00:11:19.521  7613  7665 D WM-WorkProgressUpdater: Updating progress for fdb2def7-3b18-4194-8f3a-0ab9c8e17363 (Data {pct : 27, mode : file})
09-29 00:11:19.524  7613  7665 I WM-Processor: Moving WorkSpec (fdb2def7-3b18-4194-8f3a-0ab9c8e17363) to the foreground
09-29 00:11:19.525  7613  7665 D WM-WorkProgressUpdater: Updating progress for fdb2def7-3b18-4194-8f3a-0ab9c8e17363 (Data {pct : 44, mode : file})
09-29 00:11:19.525  7613  7613 D WM-SystemFgDispatcher: Notifying with (id:7492, workSpecId: fdb2def7-3b18-4194-8f3a-0ab9c8e17363, notificationType :1)
09-29 00:11:19.527  7613  7665 I WM-Processor: Moving WorkSpec (fdb2def7-3b18-4194-8f3a-0ab9c8e17363) to the foreground
09-29 00:11:19.528  7613  7665 D WM-WorkProgressUpdater: Updating progress for fdb2def7-3b18-4194-8f3a-0ab9c8e17363 (Data {pct : 61, mode : file})
09-29 00:11:19.530  7613  7665 I WM-Processor: Moving WorkSpec (fdb2def7-3b18-4194-8f3a-0ab9c8e17363) to the foreground
09-29 00:11:19.530  7613  7613 D WM-SystemFgDispatcher: Notifying with (id:7492, workSpecId: fdb2def7-3b18-4194-8f3a-0ab9c8e17363, notificationType :1)
09-29 00:11:19.531  7613  7665 D WM-WorkProgressUpdater: Updating progress for fdb2def7-3b18-4194-8f3a-0ab9c8e17363 (Data {pct : 78, mode : file})
09-29 00:11:19.531  7613  7613 D WM-SystemFgDispatcher: Notifying with (id:7492, workSpecId: fdb2def7-3b18-4194-8f3a-0ab9c8e17363, notificationType :1)
09-29 00:11:19.532  7613  7665 I WM-Processor: Moving WorkSpec (fdb2def7-3b18-4194-8f3a-0ab9c8e17363) to the foreground
09-29 00:11:19.533  7613  7613 D WM-SystemFgDispatcher: Notifying with (id:7492, workSpecId: fdb2def7-3b18-4194-8f3a-0ab9c8e17363, notificationType :1)
09-29 00:11:19.534  7613  7665 D WM-WorkProgressUpdater: Updating progress for fdb2def7-3b18-4194-8f3a-0ab9c8e17363 (Data {pct : 90, mode : file})
09-29 00:11:19.536  7613  7665 I WM-Processor: Moving WorkSpec (fdb2def7-3b18-4194-8f3a-0ab9c8e17363) to the foreground
09-29 00:11:19.538  7613  7613 D WM-SystemFgDispatcher: Notifying with (id:7492, workSpecId: fdb2def7-3b18-4194-8f3a-0ab9c8e17363, notificationType :1)
09-29 00:11:19.676  7613  7666 D WM-WorkProgressUpdater: Updating progress for 9483589e-cfcb-4744-96df-d67bb1af297e (Data {pct : 11, mode : file})
09-29 00:11:19.678  7613  7666 I WM-Processor: Moving WorkSpec (9483589e-cfcb-4744-96df-d67bb1af297e) to the foreground
09-29 00:11:19.680  7613  7613 D WM-SystemFgDispatcher: Notifying with (id:6569, workSpecId: 9483589e-cfcb-4744-96df-d67bb1af297e, notificationType :1)
09-29 00:11:19.680  7613  7613 I NotificationManager: com.negi.survey: notify(6569, null, Notification(channel=uploads shortcut=null contentView=null vibrate=null sound=null defaults=0 flags=ONGOING_EVENT|ONLY_ALERT_ONCE color=0x00000000 category=progress vis=PRIVATE semFlags=0x0 semPriority=0 semMissedCount=0 semScenarioType=0)) as user
09-29 00:11:19.680  7613  7666 D WM-WorkProgressUpdater: Updating progress for 9483589e-cfcb-4744-96df-d67bb1af297e (Data {pct : 13, mode : file})
09-29 00:11:19.682  7613  7666 I WM-Processor: Moving WorkSpec (9483589e-cfcb-4744-96df-d67bb1af297e) to the foreground
09-29 00:11:19.684  7613  7666 D WM-WorkProgressUpdater: Updating progress for 9483589e-cfcb-4744-96df-d67bb1af297e (Data {pct : 15, mode : file})
09-29 00:11:19.684  7613  7613 D WM-SystemFgDispatcher: Notifying with (id:6569, workSpecId: 9483589e-cfcb-4744-96df-d67bb1af297e, notificationType :1)
09-29 00:11:19.686  7613  7666 I WM-Processor: Moving WorkSpec (9483589e-cfcb-4744-96df-d67bb1af297e) to the foreground
09-29 00:11:19.688  7613  7666 D WM-WorkProgressUpdater: Updating progress for 9483589e-cfcb-4744-96df-d67bb1af297e (Data {pct : 17, mode : file})
09-29 00:11:19.689  7613  7613 D WM-SystemFgDispatcher: Notifying with (id:6569, workSpecId: 9483589e-cfcb-4744-96df-d67bb1af297e, notificationType :1)
09-29 00:11:19.690  7613  7666 I WM-Processor: Moving WorkSpec (9483589e-cfcb-4744-96df-d67bb1af297e) to the foreground
09-29 00:11:19.692  7613  7613 D WM-SystemFgDispatcher: Notifying with (id:6569, workSpecId: 9483589e-cfcb-4744-96df-d67bb1af297e, notificationType :1)
09-29 00:11:19.692  7613  7666 D WM-WorkProgressUpdater: Updating progress for 9483589e-cfcb-4744-96df-d67bb1af297e (Data {pct : 19, mode : file})
09-29 00:11:19.693  7613  7666 I WM-Processor: Moving WorkSpec (9483589e-cfcb-4744-96df-d67bb1af297e) to the foreground
09-29 00:11:19.694  7613  7666 D WM-WorkProgressUpdater: Updating progress for 9483589e-cfcb-4744-96df-d67bb1af297e (Data {pct : 21, mode : file})
09-29 00:11:19.695  7613  7666 I WM-Processor: Moving WorkSpec (9483589e-cfcb-4744-96df-d67bb1af297e) to the foreground
09-29 00:11:19.696  7613  7613 D WM-SystemFgDispatcher: Notifying with (id:6569, workSpecId: 9483589e-cfcb-4744-96df-d67bb1af297e, notificationType :1)
09-29 00:11:19.697  7613  7666 D WM-WorkProgressUpdater: Updating progress for 9483589e-cfcb-4744-96df-d67bb1af297e (Data {pct : 23, mode : file})
09-29 00:11:19.697  7613  7613 D WM-SystemFgDispatcher: Notifying with (id:6569, workSpecId: 9483589e-cfcb-4744-96df-d67bb1af297e, notificationType :1)
09-29 00:11:19.698  7613  7666 I WM-Processor: Moving WorkSpec (9483589e-cfcb-4744-96df-d67bb1af297e) to the foreground
09-29 00:11:19.700  7613  7666 D WM-WorkProgressUpdater: Updating progress for 9483589e-cfcb-4744-96df-d67bb1af297e (Data {pct : 24, mode : file})
09-29 00:11:19.700  7613  7613 D WM-SystemFgDispatcher: Notifying with (id:6569, workSpecId: 9483589e-cfcb-4744-96df-d67bb1af297e, notificationType :1)
09-29 00:11:19.701  7613  7666 I WM-Processor: Moving WorkSpec (9483589e-cfcb-4744-96df-d67bb1af297e) to the foreground
09-29 00:11:19.704  7613  7666 D WM-WorkProgressUpdater: Updating progress for 9483589e-cfcb-4744-96df-d67bb1af297e (Data {pct : 26, mode : file})
09-29 00:11:19.705  7613  7613 D WM-SystemFgDispatcher: Notifying with (id:6569, workSpecId: 9483589e-cfcb-4744-96df-d67bb1af297e, notificationType :1)
09-29 00:11:19.705  7613  7666 I WM-Processor: Moving WorkSpec (9483589e-cfcb-4744-96df-d67bb1af297e) to the foreground
09-29 00:11:19.707  7613  7613 D WM-SystemFgDispatcher: Notifying with (id:6569, workSpecId: 9483589e-cfcb-4744-96df-d67bb1af297e, notificationType :1)
09-29 00:11:19.708  7613  7666 D WM-WorkProgressUpdater: Updating progress for 9483589e-cfcb-4744-96df-d67bb1af297e (Data {pct : 28, mode : file})
09-29 00:11:19.709  7613  7666 I WM-Processor: Moving WorkSpec (9483589e-cfcb-4744-96df-d67bb1af297e) to the foreground
09-29 00:11:19.710  7613  7666 D WM-WorkProgressUpdater: Updating progress for 9483589e-cfcb-4744-96df-d67bb1af297e (Data {pct : 30, mode : file})
09-29 00:11:19.712  7613  7666 I WM-Processor: Moving WorkSpec (9483589e-cfcb-4744-96df-d67bb1af297e) to the foreground
09-29 00:11:19.713  7613  7666 D WM-WorkProgressUpdater: Updating progress for 9483589e-cfcb-4744-96df-d67bb1af297e (Data {pct : 32, mode : file})
09-29 00:11:19.713  7613  7613 D WM-SystemFgDispatcher: Notifying with (id:6569, workSpecId: 9483589e-cfcb-4744-96df-d67bb1af297e, notificationType :1)
09-29 00:11:19.714  7613  7666 I WM-Processor: Moving WorkSpec (9483589e-cfcb-4744-96df-d67bb1af297e) to the foreground
09-29 00:11:19.714  7613  7613 D WM-SystemFgDispatcher: Notifying with (id:6569, workSpecId: 9483589e-cfcb-4744-96df-d67bb1af297e, notificationType :1)
09-29 00:11:19.716  7613  7666 D WM-WorkProgressUpdater: Updating progress for 9483589e-cfcb-4744-96df-d67bb1af297e (Data {pct : 34, mode : file})
09-29 00:11:19.716  7613  7613 D WM-SystemFgDispatcher: Notifying with (id:6569, workSpecId: 9483589e-cfcb-4744-96df-d67bb1af297e, notificationType :1)
09-29 00:11:19.717  7613  7666 I WM-Processor: Moving WorkSpec (9483589e-cfcb-4744-96df-d67bb1af297e) to the foreground
09-29 00:11:19.718  7613  7613 D WM-SystemFgDispatcher: Notifying with (id:6569, workSpecId: 9483589e-cfcb-4744-96df-d67bb1af297e, notificationType :1)
09-29 00:11:19.718  7613  7666 D WM-WorkProgressUpdater: Updating progress for 9483589e-cfcb-4744-96df-d67bb1af297e (Data {pct : 36, mode : file})
09-29 00:11:19.720  7613  7666 I WM-Processor: Moving WorkSpec (9483589e-cfcb-4744-96df-d67bb1af297e) to the foreground
09-29 00:11:19.726  7613  7613 D WM-SystemFgDispatcher: Notifying with (id:6569, workSpecId: 9483589e-cfcb-4744-96df-d67bb1af297e, notificationType :1)
09-29 00:11:19.726  7613  7666 D WM-WorkProgressUpdater: Updating progress for 9483589e-cfcb-4744-96df-d67bb1af297e (Data {pct : 37, mode : file})
09-29 00:11:19.728  7613  7666 I WM-Processor: Moving WorkSpec (9483589e-cfcb-4744-96df-d67bb1af297e) to the foreground
09-29 00:11:19.729  7613  7666 D WM-WorkProgressUpdater: Updating progress for 9483589e-cfcb-4744-96df-d67bb1af297e (Data {pct : 39, mode : file})
09-29 00:11:19.730  7613  7613 D WM-SystemFgDispatcher: Notifying with (id:6569, workSpecId: 9483589e-cfcb-4744-96df-d67bb1af297e, notificationType :1)
09-29 00:11:19.731  7613  7666 I WM-Processor: Moving WorkSpec (9483589e-cfcb-4744-96df-d67bb1af297e) to the foreground
09-29 00:11:19.732  7613  7666 D WM-WorkProgressUpdater: Updating progress for 9483589e-cfcb-4744-96df-d67bb1af297e (Data {pct : 41, mode : file})
09-29 00:11:19.732  7613  7613 D WM-SystemFgDispatcher: Notifying with (id:6569, workSpecId: 9483589e-cfcb-4744-96df-d67bb1af297e, notificationType :1)
09-29 00:11:19.734  7613  7666 I WM-Processor: Moving WorkSpec (9483589e-cfcb-4744-96df-d67bb1af297e) to the foreground
09-29 00:11:19.734  7613  7725 D GitHubUploader: uploadStream: done url=https://github.com/ishizuki-tech/SurveyExports/blob/main/diagnostics/crash/2026-09-29/prevlog_20260929_051109_pid7613.log sha=7571900f7ca3f82fd515d2602323da83bda50529
09-29 00:11:19.735  7613  7666 D WM-WorkProgressUpdater: Updating progress for 9483589e-cfcb-4744-96df-d67bb1af297e (Data {pct : 43, mode : file})
09-29 00:11:19.735  7613  7613 D WM-SystemFgDispatcher: Notifying with (id:6569, workSpecId: 9483589e-cfcb-4744-96df-d67bb1af297e, notificationType :1)
09-29 00:11:19.736  7613  7666 I WM-Processor: Moving WorkSpec (9483589e-cfcb-4744-96df-d67bb1af297e) to the foreground
09-29 00:11:19.738  7613  7666 D WM-WorkProgressUpdater: Updating progress for 9483589e-cfcb-4744-96df-d67bb1af297e (Data {pct : 45, mode : file})
09-29 00:11:19.739  7613  7613 D WM-SystemFgDispatcher: Notifying with (id:6569, workSpecId: 9483589e-cfcb-4744-96df-d67bb1af297e, notificationType :1)
09-29 00:11:19.739  7613  7666 I WM-Processor: Moving WorkSpec (9483589e-cfcb-4744-96df-d67bb1af297e) to the foreground
09-29 00:11:19.744  7613  7666 D WM-WorkProgressUpdater: Updating progress for 9483589e-cfcb-4744-96df-d67bb1af297e (Data {pct : 47, mode : file})
09-29 00:11:19.746  7613  7666 I WM-Processor: Moving WorkSpec (9483589e-cfcb-4744-96df-d67bb1af297e) to the foreground
09-29 00:11:19.746  7613  7613 D WM-SystemFgDispatcher: Notifying with (id:6569, workSpecId: 9483589e-cfcb-4744-96df-d67bb1af297e, notificationType :1)
09-29 00:11:19.746  7613  7613 W NotificationManager: Shedding notify (update) of NotificationKey[user=UserHandle{0}, pkg=com.negi.survey, tag=null, id=6569], rate limit (5.0) exceeded: input 286.42084, output would be 5.284212
09-29 00:11:19.747  7613  7666 D WM-WorkProgressUpdater: Updating progress for 9483589e-cfcb-4744-96df-d67bb1af297e (Data {pct : 49, mode : file})
09-29 00:11:19.748  7613  7613 D WM-SystemFgDispatcher: Notifying with (id:6569, workSpecId: 9483589e-cfcb-4744-96df-d67bb1af297e, notificationType :1)
09-29 00:11:19.749  7613  7666 I WM-Processor: Moving WorkSpec (9483589e-cfcb-4744-96df-d67bb1af297e) to the foreground
09-29 00:11:19.750  7613  7666 D WM-WorkProgressUpdater: Updating progress for 9483589e-cfcb-4744-96df-d67bb1af297e (Data {pct : 50, mode : file})
09-29 00:11:19.750  7613  7613 D WM-SystemFgDispatcher: Notifying with (id:6569, workSpecId: 9483589e-cfcb-4744-96df-d67bb1af297e, notificationType :1)
09-29 00:11:19.751  7613  7666 I WM-Processor: Moving WorkSpec (9483589e-cfcb-4744-96df-d67bb1af297e) to the foreground
09-29 00:11:19.753  7613  7666 D WM-WorkProgressUpdater: Updating progress for 9483589e-cfcb-4744-96df-d67bb1af297e (Data {pct : 52, mode : file})
09-29 00:11:19.755  7613  7666 I WM-Processor: Moving WorkSpec (9483589e-cfcb-4744-96df-d67bb1af297e) to the foreground
09-29 00:11:19.756  7613  7613 D WM-SystemFgDispatcher: Notifying with (id:6569, workSpecId: 9483589e-cfcb-4744-96df-d67bb1af297e, notificationType :1)
09-29 00:11:19.756  7613  7666 D WM-WorkProgressUpdater: Updating progress for 9483589e-cfcb-4744-96df-d67bb1af297e (Data {pct : 54, mode : file})
09-29 00:11:19.757  7613  7613 D WM-SystemFgDispatcher: Notifying with (id:6569, workSpecId: 9483589e-cfcb-4744-96df-d67bb1af297e, notificationType :1)
09-29 00:11:19.758  7613  7666 I WM-Processor: Moving WorkSpec (9483589e-cfcb-4744-96df-d67bb1af297e) to the foreground
09-29 00:11:19.759  7613  7666 D WM-WorkProgressUpdater: Updating progress for 9483589e-cfcb-4744-96df-d67bb1af297e (Data {pct : 56, mode : file})
09-29 00:11:19.759  7613  7613 D WM-SystemFgDispatcher: Notifying with (id:6569, workSpecId: 9483589e-cfcb-4744-96df-d67bb1af297e, notificationType :1)
09-29 00:11:19.761  7613  7666 I WM-Processor: Moving WorkSpec (9483589e-cfcb-4744-96df-d67bb1af297e) to the foreground
09-29 00:11:19.762  7613  7666 D WM-WorkProgressUpdater: Updating progress for 9483589e-cfcb-4744-96df-d67bb1af297e (Data {pct : 58, mode : file})
09-29 00:11:19.764  7613  7666 I WM-Processor: Moving WorkSpec (9483589e-cfcb-4744-96df-d67bb1af297e) to the foreground
09-29 00:11:19.764  7613  7613 D WM-SystemFgDispatcher: Notifying with (id:6569, workSpecId: 9483589e-cfcb-4744-96df-d67bb1af297e, notificationType :1)
09-29 00:11:19.765  7613  7666 D WM-WorkProgressUpdater: Updating progress for 9483589e-cfcb-4744-96df-d67bb1af297e (Data {pct : 60, mode : file})
09-29 00:11:19.766  7613  7613 D WM-SystemFgDispatcher: Notifying with (id:6569, workSpecId: 9483589e-cfcb-4744-96df-d67bb1af297e, notificationType :1)
09-29 00:11:19.767  7613  7666 I WM-Processor: Moving WorkSpec (9483589e-cfcb-4744-96df-d67bb1af297e) to the foreground
09-29 00:11:19.768  7613  7666 D WM-WorkProgressUpdater: Updating progress for 9483589e-cfcb-4744-96df-d67bb1af297e (Data {pct : 62, mode : file})
09-29 00:11:19.768  7613  7613 D WM-SystemFgDispatcher: Notifying with (id:6569, workSpecId: 9483589e-cfcb-4744-96df-d67bb1af297e, notificationType :1)
09-29 00:11:19.770  7613  7666 I WM-Processor: Moving WorkSpec (9483589e-cfcb-4744-96df-d67bb1af297e) to the foreground
09-29 00:11:19.771  7613  7666 D WM-WorkProgressUpdater: Updating progress for 9483589e-cfcb-4744-96df-d67bb1af297e (Data {pct : 64, mode : file})
09-29 00:11:19.772  7613  7613 D WM-SystemFgDispatcher: Notifying with (id:6569, workSpecId: 9483589e-cfcb-4744-96df-d67bb1af297e, notificationType :1)
09-29 00:11:19.773  7613  7666 I WM-Processor: Moving WorkSpec (9483589e-cfcb-4744-96df-d67bb1af297e) to the foreground
09-29 00:11:19.775  7613  7613 D WM-SystemFgDispatcher: Notifying with (id:6569, workSpecId: 9483589e-cfcb-4744-96df-d67bb1af297e, notificationType :1)
09-29 00:11:19.775  7613  7666 D WM-WorkProgressUpdater: Updating progress for 9483589e-cfcb-4744-96df-d67bb1af297e (Data {pct : 65, mode : file})
09-29 00:11:19.776  7613  7666 I WM-Processor: Moving WorkSpec (9483589e-cfcb-4744-96df-d67bb1af297e) to the foreground
09-29 00:11:19.778  7613  7666 D WM-WorkProgressUpdater: Updating progress for 9483589e-cfcb-4744-96df-d67bb1af297e (Data {pct : 67, mode : file})
09-29 00:11:19.779  7613  7666 I WM-Processor: Moving WorkSpec (9483589e-cfcb-4744-96df-d67bb1af297e) to the foreground
09-29 00:11:19.780  7613  7613 D WM-SystemFgDispatcher: Notifying with (id:6569, workSpecId: 9483589e-cfcb-4744-96df-d67bb1af297e, notificationType :1)
09-29 00:11:19.780  7613  7666 D WM-WorkProgressUpdater: Updating progress for 9483589e-cfcb-4744-96df-d67bb1af297e (Data {pct : 69, mode : file})
09-29 00:11:19.781  7613  7613 D WM-SystemFgDispatcher: Notifying with (id:6569, workSpecId: 9483589e-cfcb-4744-96df-d67bb1af297e, notificationType :1)
09-29 00:11:19.781  7613  7666 I WM-Processor: Moving WorkSpec (9483589e-cfcb-4744-96df-d67bb1af297e) to the foreground
09-29 00:11:19.782  7613  7666 D WM-WorkProgressUpdater: Updating progress for 9483589e-cfcb-4744-96df-d67bb1af297e (Data {pct : 71, mode : file})
09-29 00:11:19.782  7613  7613 D WM-SystemFgDispatcher: Notifying with (id:6569, workSpecId: 9483589e-cfcb-4744-96df-d67bb1af297e, notificationType :1)
09-29 00:11:19.783  7613  7613 I NotificationManager: com.negi.survey: notify(6569, null, Notification(channel=uploads shortcut=null contentView=null vibrate=null sound=null defaults=0 flags=ONGOING_EVENT|ONLY_ALERT_ONCE color=0x00000000 category=progress vis=PRIVATE semFlags=0x0 semPriority=0 semMissedCount=0 semScenarioType=0)) as user
09-29 00:11:19.784  7613  7666 I WM-Processor: Moving WorkSpec (9483589e-cfcb-4744-96df-d67bb1af297e) to the foreground
09-29 00:11:19.785  7613  7666 D WM-WorkProgressUpdater: Updating progress for 9483589e-cfcb-4744-96df-d67bb1af297e (Data {pct : 73, mode : file})
09-29 00:11:19.785  7613  7613 D WM-SystemFgDispatcher: Notifying with (id:6569, workSpecId: 9483589e-cfcb-4744-96df-d67bb1af297e, notificationType :1)
09-29 00:11:19.786  7613  7666 I WM-Processor: Moving WorkSpec (9483589e-cfcb-4744-96df-d67bb1af297e) to the foreground
09-29 00:11:19.789  7613  7666 D WM-WorkProgressUpdater: Updating progress for 9483589e-cfcb-4744-96df-d67bb1af297e (Data {pct : 75, mode : file})
09-29 00:11:19.789  7613  7613 D WM-SystemFgDispatcher: Notifying with (id:6569, workSpecId: 9483589e-cfcb-4744-96df-d67bb1af297e, notificationType :1)
09-29 00:11:19.790  7613  7666 I WM-Processor: Moving WorkSpec (9483589e-cfcb-4744-96df-d67bb1af297e) to the foreground
09-29 00:11:19.791  7613  7666 D WM-WorkProgressUpdater: Updating progress for 9483589e-cfcb-4744-96df-d67bb1af297e (Data {pct : 77, mode : file})
09-29 00:11:19.791  7613  7613 D WM-SystemFgDispatcher: Notifying with (id:6569, workSpecId: 9483589e-cfcb-4744-96df-d67bb1af297e, notificationType :1)
09-29 00:11:19.792  7613  7666 I WM-Processor: Moving WorkSpec (9483589e-cfcb-4744-96df-d67bb1af297e) to the foreground
09-29 00:11:19.794  7613  7666 D WM-WorkProgressUpdater: Updating progress for 9483589e-cfcb-4744-96df-d67bb1af297e (Data {pct : 78, mode : file})
09-29 00:11:19.794  7613  7613 D WM-SystemFgDispatcher: Notifying with (id:6569, workSpecId: 9483589e-cfcb-4744-96df-d67bb1af297e, notificationType :1)
09-29 00:11:19.802  7613  7666 I WM-Processor: Moving WorkSpec (9483589e-cfcb-4744-96df-d67bb1af297e) to the foreground
09-29 00:11:19.803  7613  7666 D WM-WorkProgressUpdater: Updating progress for 9483589e-cfcb-4744-96df-d67bb1af297e (Data {pct : 80, mode : file})
09-29 00:11:19.804  7613  7613 D WM-SystemFgDispatcher: Notifying with (id:6569, workSpecId: 9483589e-cfcb-4744-96df-d67bb1af297e, notificationType :1)
09-29 00:11:19.806  7613  7666 I WM-Processor: Moving WorkSpec (9483589e-cfcb-4744-96df-d67bb1af297e) to the foreground
09-29 00:11:19.807  7613  7666 D WM-WorkProgressUpdater: Updating progress for 9483589e-cfcb-4744-96df-d67bb1af297e (Data {pct : 82, mode : file})
09-29 00:11:19.807  7613  7613 D WM-SystemFgDispatcher: Notifying with (id:6569, workSpecId: 9483589e-cfcb-4744-96df-d67bb1af297e, notificationType :1)
09-29 00:11:19.808  7613  7666 I WM-Processor: Moving WorkSpec (9483589e-cfcb-4744-96df-d67bb1af297e) to the foreground
09-29 00:11:19.809  7613  7613 D WM-SystemFgDispatcher: Notifying with (id:6569, workSpecId: 9483589e-cfcb-4744-96df-d67bb1af297e, notificationType :1)
09-29 00:11:19.809  7613  7666 D WM-WorkProgressUpdater: Updating progress for 9483589e-cfcb-4744-96df-d67bb1af297e (Data {pct : 84, mode : file})
09-29 00:11:19.811  7613  7666 I WM-Processor: Moving WorkSpec (9483589e-cfcb-4744-96df-d67bb1af297e) to the foreground
09-29 00:11:19.812  7613  7666 D WM-WorkProgressUpdater: Updating progress for 9483589e-cfcb-4744-96df-d67bb1af297e (Data {pct : 86, mode : file})
09-29 00:11:19.813  7613  7613 D WM-SystemFgDispatcher: Notifying with (id:6569, workSpecId: 9483589e-cfcb-4744-96df-d67bb1af297e, notificationType :1)
09-29 00:11:19.813  7613  7666 I WM-Processor: Moving WorkSpec (9483589e-cfcb-4744-96df-d67bb1af297e) to the foreground
09-29 00:11:19.815  7613  7666 D WM-WorkProgressUpdater: Updating progress for 9483589e-cfcb-4744-96df-d67bb1af297e (Data {pct : 88, mode : file})
09-29 00:11:19.815  7613  7613 D WM-SystemFgDispatcher: Notifying with (id:6569, workSpecId: 9483589e-cfcb-4744-96df-d67bb1af297e, notificationType :1)
09-29 00:11:19.817  7613  7666 I WM-Processor: Moving WorkSpec (9483589e-cfcb-4744-96df-d67bb1af297e) to the foreground
09-29 00:11:19.818  7613  7666 D WM-WorkProgressUpdater: Updating progress for 9483589e-cfcb-4744-96df-d67bb1af297e (Data {pct : 90, mode : file})
09-29 00:11:19.818  7613  7613 D WM-SystemFgDispatcher: Notifying with (id:6569, workSpecId: 9483589e-cfcb-4744-96df-d67bb1af297e, notificationType :1)
09-29 00:11:19.819  7613  7666 I WM-Processor: Moving WorkSpec (9483589e-cfcb-4744-96df-d67bb1af297e) to the foreground
09-29 00:11:19.822  7613  7613 D WM-SystemFgDispatcher: Notifying with (id:6569, workSpecId: 9483589e-cfcb-4744-96df-d67bb1af297e, notificationType :1)
09-29 00:11:19.830  7613  7666 D WM-WorkProgressUpdater: Updating progress for 3a0a720a-c641-4298-8e74-66b8360904f9 (Data {pct : 95, mode : file})
09-29 00:11:19.831  7613  7666 I WM-Processor: Moving WorkSpec (3a0a720a-c641-4298-8e74-66b8360904f9) to the foreground
09-29 00:11:19.832  7613  7613 D WM-SystemFgDispatcher: Notifying with (id:4931, workSpecId: 3a0a720a-c641-4298-8e74-66b8360904f9, notificationType :1)
09-29 00:11:19.833  7613  7666 I WM-Processor: Moving WorkSpec (3a0a720a-c641-4298-8e74-66b8360904f9) to the foreground
09-29 00:11:19.834  7613  7613 D WM-SystemFgDispatcher: Notifying with (id:4931, workSpecId: 3a0a720a-c641-4298-8e74-66b8360904f9, notificationType :1)
09-29 00:11:19.834  7613  7613 I NotificationManager: com.negi.survey: notify(4931, null, Notification(channel=uploads shortcut=null contentView=null vibrate=null sound=null defaults=0 flags=ONLY_ALERT_ONCE color=0x00000000 category=progress vis=PRIVATE semFlags=0x0 semPriority=0 semMissedCount=0 semScenarioType=0)) as user
09-29 00:11:19.835  7613  7666 I WM-WorkerWrapper: Worker result SUCCESS for Work [ id=3a0a720a-c641-4298-8e74-66b8360904f9, tags={ com.negi.survey.net.GitHubUploadWorker,github_upload,github_upload:crash:diagnostics_crash_prevlog_20260929_051109_pid7613.log_c8cafdc5 } ]
09-29 00:11:19.836  7613  7666 D WM-WorkProgressUpdater: Updating progress for e232e0ed-f2cb-4277-9cb1-0dea725ce196 (Data {pct : 27, mode : file})
09-29 00:11:19.836  7613  7613 D WM-Processor: Processor 3a0a720a-c641-4298-8e74-66b8360904f9 executed; reschedule = false
09-29 00:11:19.836  7613  7613 D WM-GreedyScheduler: Stopping tracking for WorkGenerationalId(workSpecId=3a0a720a-c641-4298-8e74-66b8360904f9, generation=0)
09-29 00:11:19.837  7613  7613 D WM-SystemJobService: 3a0a720a-c641-4298-8e74-66b8360904f9 executed on JobScheduler
09-29 00:11:19.837  7613  7613 D WM-SystemFgDispatcher: Removing Notification (id: 4931, workSpecId: WorkGenerationalId(workSpecId=3a0a720a-c641-4298-8e74-66b8360904f9, generation=0), notificationType: 1
09-29 00:11:19.837  7613  7666 I WM-Processor: Moving WorkSpec (e232e0ed-f2cb-4277-9cb1-0dea725ce196) to the foreground
09-29 00:11:19.838  7613  7666 D WM-WorkProgressUpdater: Updating progress for e232e0ed-f2cb-4277-9cb1-0dea725ce196 (Data {pct : 44, mode : file})
09-29 00:11:19.839  7613  7666 I WM-Processor: Moving WorkSpec (e232e0ed-f2cb-4277-9cb1-0dea725ce196) to the foreground
09-29 00:11:19.841  7613  7666 D WM-WorkProgressUpdater: Updating progress for e232e0ed-f2cb-4277-9cb1-0dea725ce196 (Data {pct : 61, mode : file})
09-29 00:11:19.841  7613  7613 D WM-SystemFgDispatcher: Notifying with (id:11118, workSpecId: e232e0ed-f2cb-4277-9cb1-0dea725ce196, notificationType :1)
09-29 00:11:19.842  7613  7666 I WM-Processor: Moving WorkSpec (e232e0ed-f2cb-4277-9cb1-0dea725ce196) to the foreground
09-29 00:11:19.842  7613  7613 D WM-SystemFgDispatcher: Notifying with (id:11118, workSpecId: e232e0ed-f2cb-4277-9cb1-0dea725ce196, notificationType :1)
09-29 00:11:19.843  7613  7666 D WM-WorkProgressUpdater: Updating progress for e232e0ed-f2cb-4277-9cb1-0dea725ce196 (Data {pct : 78, mode : file})
09-29 00:11:19.844  7613  7613 D WM-SystemFgDispatcher: Notifying with (id:11118, workSpecId: e232e0ed-f2cb-4277-9cb1-0dea725ce196, notificationType :1)
09-29 00:11:19.845  7613  7666 I WM-Processor: Moving WorkSpec (e232e0ed-f2cb-4277-9cb1-0dea725ce196) to the foreground
09-29 00:11:19.846  7613  7666 D WM-WorkProgressUpdater: Updating progress for e232e0ed-f2cb-4277-9cb1-0dea725ce196 (Data {pct : 90, mode : file})
09-29 00:11:19.847  7613  7666 I WM-Processor: Moving WorkSpec (e232e0ed-f2cb-4277-9cb1-0dea725ce196) to the foreground
09-29 00:11:19.848  7613  7613 D WM-SystemFgDispatcher: Notifying with (id:11118, workSpecId: e232e0ed-f2cb-4277-9cb1-0dea725ce196, notificationType :1)
09-29 00:11:19.849  7613  7613 D WM-SystemFgDispatcher: Notifying with (id:11118, workSpecId: e232e0ed-f2cb-4277-9cb1-0dea725ce196, notificationType :1)
09-29 00:11:19.851  7613  7666 D WM-GreedyScheduler: Cancelling work ID 3a0a720a-c641-4298-8e74-66b8360904f9
09-29 00:11:19.924  7613  7655 D WM-WorkProgressUpdater: Updating progress for 0de5c876-7b7e-42d7-a8f3-3a0716deff56 (Data {pct : 26, mode : file})
09-29 00:11:19.927  7613  7655 I WM-Processor: Moving WorkSpec (0de5c876-7b7e-42d7-a8f3-3a0716deff56) to the foreground
09-29 00:11:19.929  7613  7655 D WM-WorkProgressUpdater: Updating progress for 0de5c876-7b7e-42d7-a8f3-3a0716deff56 (Data {pct : 43, mode : file})
09-29 00:11:19.931  7613  7613 D WM-SystemFgDispatcher: Notifying with (id:3300, workSpecId: 0de5c876-7b7e-42d7-a8f3-3a0716deff56, notificationType :1)
09-29 00:11:19.932  7613  7655 I WM-Processor: Moving WorkSpec (0de5c876-7b7e-42d7-a8f3-3a0716deff56) to the foreground
09-29 00:11:19.935  7613  7613 D WM-SystemFgDispatcher: Notifying with (id:3300, workSpecId: 0de5c876-7b7e-42d7-a8f3-3a0716deff56, notificationType :1)
09-29 00:11:19.935  7613  7655 D WM-WorkProgressUpdater: Updating progress for 0de5c876-7b7e-42d7-a8f3-3a0716deff56 (Data {pct : 60, mode : file})
09-29 00:11:19.937  7613  7655 I WM-Processor: Moving WorkSpec (0de5c876-7b7e-42d7-a8f3-3a0716deff56) to the foreground
09-29 00:11:19.938  7613  7655 D WM-WorkProgressUpdater: Updating progress for 0de5c876-7b7e-42d7-a8f3-3a0716deff56 (Data {pct : 77, mode : file})
09-29 00:11:19.938  7613  7613 D WM-SystemFgDispatcher: Notifying with (id:3300, workSpecId: 0de5c876-7b7e-42d7-a8f3-3a0716deff56, notificationType :1)
09-29 00:11:19.940  7613  7655 I WM-Processor: Moving WorkSpec (0de5c876-7b7e-42d7-a8f3-3a0716deff56) to the foreground
09-29 00:11:19.941  7613  7655 D WM-WorkProgressUpdater: Updating progress for 0de5c876-7b7e-42d7-a8f3-3a0716deff56 (Data {pct : 90, mode : file})
09-29 00:11:19.941  7613  7613 D WM-SystemFgDispatcher: Notifying with (id:3300, workSpecId: 0de5c876-7b7e-42d7-a8f3-3a0716deff56, notificationType :1)
09-29 00:11:19.943  7613  7655 I WM-Processor: Moving WorkSpec (0de5c876-7b7e-42d7-a8f3-3a0716deff56) to the foreground
09-29 00:11:19.946  7613  7613 D WM-SystemFgDispatcher: Notifying with (id:3300, workSpecId: 0de5c876-7b7e-42d7-a8f3-3a0716deff56, notificationType :1)
09-29 00:11:20.144  7613  7664 D WM-WorkProgressUpdater: Updating progress for c131dc6b-42ab-44bf-a392-17d7b3d3a6fc (Data {pct : 11, mode : file})
09-29 00:11:20.147  7613  7664 I WM-Processor: Moving WorkSpec (c131dc6b-42ab-44bf-a392-17d7b3d3a6fc) to the foreground
09-29 00:11:20.148  7613  7664 D WM-WorkProgressUpdater: Updating progress for c131dc6b-42ab-44bf-a392-17d7b3d3a6fc (Data {pct : 12, mode : file})
09-29 00:11:20.148  7613  7613 D WM-SystemFgDispatcher: Notifying with (id:9368, workSpecId: c131dc6b-42ab-44bf-a392-17d7b3d3a6fc, notificationType :1)
09-29 00:11:20.148  7613  7613 I NotificationManager: com.negi.survey: notify(9368, null, Notification(channel=uploads shortcut=null contentView=null vibrate=null sound=null defaults=0 flags=ONGOING_EVENT|ONLY_ALERT_ONCE color=0x00000000 category=progress vis=PRIVATE semFlags=0x0 semPriority=0 semMissedCount=0 semScenarioType=0)) as user
09-29 00:11:20.149  7613  7664 I WM-Processor: Moving WorkSpec (c131dc6b-42ab-44bf-a392-17d7b3d3a6fc) to the foreground
09-29 00:11:20.151  7613  7664 D WM-WorkProgressUpdater: Updating progress for c131dc6b-42ab-44bf-a392-17d7b3d3a6fc (Data {pct : 13, mode : file})
09-29 00:11:20.152  7613  7613 D WM-SystemFgDispatcher: Notifying with (id:9368, workSpecId: c131dc6b-42ab-44bf-a392-17d7b3d3a6fc, notificationType :1)
09-29 00:11:20.152  7613  7666 I WM-Processor: Moving WorkSpec (c131dc6b-42ab-44bf-a392-17d7b3d3a6fc) to the foreground
09-29 00:11:20.155  7613  7666 D WM-WorkProgressUpdater: Updating progress for c131dc6b-42ab-44bf-a392-17d7b3d3a6fc (Data {pct : 14, mode : file})
09-29 00:11:20.156  7613  7666 I WM-Processor: Moving WorkSpec (c131dc6b-42ab-44bf-a392-17d7b3d3a6fc) to the foreground
09-29 00:11:20.157  7613  7666 D WM-WorkProgressUpdater: Updating progress for c131dc6b-42ab-44bf-a392-17d7b3d3a6fc (Data {pct : 15, mode : file})
09-29 00:11:20.157  7613  7613 D WM-SystemFgDispatcher: Notifying with (id:9368, workSpecId: c131dc6b-42ab-44bf-a392-17d7b3d3a6fc, notificationType :1)
09-29 00:11:20.158  7613  7613 D WM-SystemFgDispatcher: Notifying with (id:9368, workSpecId: c131dc6b-42ab-44bf-a392-17d7b3d3a6fc, notificationType :1)
09-29 00:11:20.159  7613  7666 I WM-Processor: Moving WorkSpec (c131dc6b-42ab-44bf-a392-17d7b3d3a6fc) to the foreground
09-29 00:11:20.161  7613  7666 D WM-WorkProgressUpdater: Updating progress for c131dc6b-42ab-44bf-a392-17d7b3d3a6fc (Data {pct : 17, mode : file})
09-29 00:11:20.162  7613  7666 I WM-Processor: Moving WorkSpec (c131dc6b-42ab-44bf-a392-17d7b3d3a6fc) to the foreground
09-29 00:11:20.163  7613  7613 D WM-SystemFgDispatcher: Notifying with (id:9368, workSpecId: c131dc6b-42ab-44bf-a392-17d7b3d3a6fc, notificationType :1)
09-29 00:11:20.163  7613  7666 D WM-WorkProgressUpdater: Updating progress for c131dc6b-42ab-44bf-a392-17d7b3d3a6fc (Data {pct : 18, mode : file})
09-29 00:11:20.164  7613  7613 D WM-SystemFgDispatcher: Notifying with (id:9368, workSpecId: c131dc6b-42ab-44bf-a392-17d7b3d3a6fc, notificationType :1)
09-29 00:11:20.165  7613  7666 I WM-Processor: Moving WorkSpec (c131dc6b-42ab-44bf-a392-17d7b3d3a6fc) to the foreground
09-29 00:11:20.166  7613  7613 D WM-SystemFgDispatcher: Notifying with (id:9368, workSpecId: c131dc6b-42ab-44bf-a392-17d7b3d3a6fc, notificationType :1)
09-29 00:11:20.167  7613  7666 D WM-WorkProgressUpdater: Updating progress for c131dc6b-42ab-44bf-a392-17d7b3d3a6fc (Data {pct : 19, mode : file})
09-29 00:11:20.168  7613  7666 I WM-Processor: Moving WorkSpec (c131dc6b-42ab-44bf-a392-17d7b3d3a6fc) to the foreground
09-29 00:11:20.170  7613  7666 D WM-WorkProgressUpdater: Updating progress for c131dc6b-42ab-44bf-a392-17d7b3d3a6fc (Data {pct : 20, mode : file})
09-29 00:11:20.172  7613  7613 D WM-SystemFgDispatcher: Notifying with (id:9368, workSpecId: c131dc6b-42ab-44bf-a392-17d7b3d3a6fc, notificationType :1)
09-29 00:11:20.172  7613  7666 I WM-Processor: Moving WorkSpec (c131dc6b-42ab-44bf-a392-17d7b3d3a6fc) to the foreground
09-29 00:11:20.174  7613  7666 D WM-WorkProgressUpdater: Updating progress for c131dc6b-42ab-44bf-a392-17d7b3d3a6fc (Data {pct : 21, mode : file})
09-29 00:11:20.174  7613  7613 D WM-SystemFgDispatcher: Notifying with (id:9368, workSpecId: c131dc6b-42ab-44bf-a392-17d7b3d3a6fc, notificationType :1)
09-29 00:11:20.176  7613  7666 I WM-Processor: Moving WorkSpec (c131dc6b-42ab-44bf-a392-17d7b3d3a6fc) to the foreground
09-29 00:11:20.177  7613  7666 D WM-WorkProgressUpdater: Updating progress for c131dc6b-42ab-44bf-a392-17d7b3d3a6fc (Data {pct : 23, mode : file})
09-29 00:11:20.179  7613  7666 I WM-Processor: Moving WorkSpec (c131dc6b-42ab-44bf-a392-17d7b3d3a6fc) to the foreground
09-29 00:11:20.180  7613  7666 D WM-WorkProgressUpdater: Updating progress for c131dc6b-42ab-44bf-a392-17d7b3d3a6fc (Data {pct : 24, mode : file})
09-29 00:11:20.180  7613  7613 D WM-SystemFgDispatcher: Notifying with (id:9368, workSpecId: c131dc6b-42ab-44bf-a392-17d7b3d3a6fc, notificationType :1)
09-29 00:11:20.182  7613  7613 D WM-SystemFgDispatcher: Notifying with (id:9368, workSpecId: c131dc6b-42ab-44bf-a392-17d7b3d3a6fc, notificationType :1)
09-29 00:11:20.182  7613  7666 I WM-Processor: Moving WorkSpec (c131dc6b-42ab-44bf-a392-17d7b3d3a6fc) to the foreground
09-29 00:11:20.184  7613  7613 D WM-SystemFgDispatcher: Notifying with (id:9368, workSpecId: c131dc6b-42ab-44bf-a392-17d7b3d3a6fc, notificationType :1)
09-29 00:11:20.184  7613  7666 D WM-WorkProgressUpdater: Updating progress for c131dc6b-42ab-44bf-a392-17d7b3d3a6fc (Data {pct : 25, mode : file})
09-29 00:11:20.185  7613  7666 I WM-Processor: Moving WorkSpec (c131dc6b-42ab-44bf-a392-17d7b3d3a6fc) to the foreground
09-29 00:11:20.186  7613  7666 D WM-WorkProgressUpdater: Updating progress for c131dc6b-42ab-44bf-a392-17d7b3d3a6fc (Data {pct : 26, mode : file})
09-29 00:11:20.188  7613  7666 I WM-Processor: Moving WorkSpec (c131dc6b-42ab-44bf-a392-17d7b3d3a6fc) to the foreground
09-29 00:11:20.188  7613  7613 D WM-SystemFgDispatcher: Notifying with (id:9368, workSpecId: c131dc6b-42ab-44bf-a392-17d7b3d3a6fc, notificationType :1)
09-29 00:11:20.189  7613  7666 D WM-WorkProgressUpdater: Updating progress for c131dc6b-42ab-44bf-a392-17d7b3d3a6fc (Data {pct : 27, mode : file})
09-29 00:11:20.190  7613  7613 D WM-SystemFgDispatcher: Notifying with (id:9368, workSpecId: c131dc6b-42ab-44bf-a392-17d7b3d3a6fc, notificationType :1)
09-29 00:11:20.190  7613  7666 I WM-Processor: Moving WorkSpec (c131dc6b-42ab-44bf-a392-17d7b3d3a6fc) to the foreground
09-29 00:11:20.191  7613  7613 D WM-SystemFgDispatcher: Notifying with (id:9368, workSpecId: c131dc6b-42ab-44bf-a392-17d7b3d3a6fc, notificationType :1)
09-29 00:11:20.193  7613  7666 D WM-WorkProgressUpdater: Updating progress for c131dc6b-42ab-44bf-a392-17d7b3d3a6fc (Data {pct : 29, mode : file})
09-29 00:11:20.194  7613  7666 I WM-Processor: Moving WorkSpec (c131dc6b-42ab-44bf-a392-17d7b3d3a6fc) to the foreground
09-29 00:11:20.196  7613  7666 D WM-WorkProgressUpdater: Updating progress for c131dc6b-42ab-44bf-a392-17d7b3d3a6fc (Data {pct : 30, mode : file})
09-29 00:11:20.196  7613  7613 D WM-SystemFgDispatcher: Notifying with (id:9368, workSpecId: c131dc6b-42ab-44bf-a392-17d7b3d3a6fc, notificationType :1)
09-29 00:11:20.198  7613  7666 I WM-Processor: Moving WorkSpec (c131dc6b-42ab-44bf-a392-17d7b3d3a6fc) to the foreground
09-29 00:11:20.198  7613  7666 D WM-WorkProgressUpdater: Updating progress for c131dc6b-42ab-44bf-a392-17d7b3d3a6fc (Data {pct : 31, mode : file})
09-29 00:11:20.199  7613  7613 D WM-SystemFgDispatcher: Notifying with (id:9368, workSpecId: c131dc6b-42ab-44bf-a392-17d7b3d3a6fc, notificationType :1)
09-29 00:11:20.200  7613  7666 I WM-Processor: Moving WorkSpec (c131dc6b-42ab-44bf-a392-17d7b3d3a6fc) to the foreground
09-29 00:11:20.201  7613  7613 D WM-SystemFgDispatcher: Notifying with (id:9368, workSpecId: c131dc6b-42ab-44bf-a392-17d7b3d3a6fc, notificationType :1)
09-29 00:11:20.202  7613  7666 D WM-WorkProgressUpdater: Updating progress for c131dc6b-42ab-44bf-a392-17d7b3d3a6fc (Data {pct : 32, mode : file})
09-29 00:11:20.203  7613  7666 I WM-Processor: Moving WorkSpec (c131dc6b-42ab-44bf-a392-17d7b3d3a6fc) to the foreground
09-29 00:11:20.204  7613  7666 D WM-WorkProgressUpdater: Updating progress for c131dc6b-42ab-44bf-a392-17d7b3d3a6fc (Data {pct : 33, mode : file})
09-29 00:11:20.205  7613  7613 D WM-SystemFgDispatcher: Notifying with (id:9368, workSpecId: c131dc6b-42ab-44bf-a392-17d7b3d3a6fc, notificationType :1)
09-29 00:11:20.206  7613  7666 I WM-Processor: Moving WorkSpec (c131dc6b-42ab-44bf-a392-17d7b3d3a6fc) to the foreground
09-29 00:11:20.207  7613  7613 D WM-SystemFgDispatcher: Notifying with (id:9368, workSpecId: c131dc6b-42ab-44bf-a392-17d7b3d3a6fc, notificationType :1)
09-29 00:11:20.207  7613  7666 D WM-WorkProgressUpdater: Updating progress for c131dc6b-42ab-44bf-a392-17d7b3d3a6fc (Data {pct : 34, mode : file})
09-29 00:11:20.209  7613  7666 I WM-Processor: Moving WorkSpec (c131dc6b-42ab-44bf-a392-17d7b3d3a6fc) to the foreground
09-29 00:11:20.210  7613  7666 D WM-WorkProgressUpdater: Updating progress for c131dc6b-42ab-44bf-a392-17d7b3d3a6fc (Data {pct : 36, mode : file})
09-29 00:11:20.210  7613  7613 D WM-SystemFgDispatcher: Notifying with (id:9368, workSpecId: c131dc6b-42ab-44bf-a392-17d7b3d3a6fc, notificationType :1)
09-29 00:11:20.211  7613  7666 I WM-Processor: Moving WorkSpec (c131dc6b-42ab-44bf-a392-17d7b3d3a6fc) to the foreground
09-29 00:11:20.212  7613  7666 D WM-WorkProgressUpdater: Updating progress for c131dc6b-42ab-44bf-a392-17d7b3d3a6fc (Data {pct : 37, mode : file})
09-29 00:11:20.213  7613  7613 D WM-SystemFgDispatcher: Notifying with (id:9368, workSpecId: c131dc6b-42ab-44bf-a392-17d7b3d3a6fc, notificationType :1)
09-29 00:11:20.214  7613  7666 I WM-Processor: Moving WorkSpec (c131dc6b-42ab-44bf-a392-17d7b3d3a6fc) to the foreground
09-29 00:11:20.216  7613  7666 D WM-WorkProgressUpdater: Updating progress for c131dc6b-42ab-44bf-a392-17d7b3d3a6fc (Data {pct : 38, mode : file})
09-29 00:11:20.216  7613  7613 D WM-SystemFgDispatcher: Notifying with (id:9368, workSpecId: c131dc6b-42ab-44bf-a392-17d7b3d3a6fc, notificationType :1)
09-29 00:11:20.217  7613  7666 I WM-Processor: Moving WorkSpec (c131dc6b-42ab-44bf-a392-17d7b3d3a6fc) to the foreground
09-29 00:11:20.219  7613  7666 D WM-WorkProgressUpdater: Updating progress for c131dc6b-42ab-44bf-a392-17d7b3d3a6fc (Data {pct : 39, mode : file})
09-29 00:11:20.221  7613  7666 I WM-Processor: Moving WorkSpec (c131dc6b-42ab-44bf-a392-17d7b3d3a6fc) to the foreground
09-29 00:11:20.222  7613  7666 D WM-WorkProgressUpdater: Updating progress for c131dc6b-42ab-44bf-a392-17d7b3d3a6fc (Data {pct : 40, mode : file})
09-29 00:11:20.222  7613  7613 D WM-SystemFgDispatcher: Notifying with (id:9368, workSpecId: c131dc6b-42ab-44bf-a392-17d7b3d3a6fc, notificationType :1)
09-29 00:11:20.223  7613  7613 D WM-SystemFgDispatcher: Notifying with (id:9368, workSpecId: c131dc6b-42ab-44bf-a392-17d7b3d3a6fc, notificationType :1)
09-29 00:11:20.223  7613  7666 I WM-Processor: Moving WorkSpec (c131dc6b-42ab-44bf-a392-17d7b3d3a6fc) to the foreground
09-29 00:11:20.224  7613  7666 D WM-WorkProgressUpdater: Updating progress for c131dc6b-42ab-44bf-a392-17d7b3d3a6fc (Data {pct : 42, mode : file})
09-29 00:11:20.225  7613  7613 D WM-SystemFgDispatcher: Notifying with (id:9368, workSpecId: c131dc6b-42ab-44bf-a392-17d7b3d3a6fc, notificationType :1)
09-29 00:11:20.226  7613  7666 I WM-Processor: Moving WorkSpec (c131dc6b-42ab-44bf-a392-17d7b3d3a6fc) to the foreground
09-29 00:11:20.228  7613  7666 D WM-WorkProgressUpdater: Updating progress for c131dc6b-42ab-44bf-a392-17d7b3d3a6fc (Data {pct : 43, mode : file})
09-29 00:11:20.229  7613  7666 I WM-Processor: Moving WorkSpec (c131dc6b-42ab-44bf-a392-17d7b3d3a6fc) to the foreground
09-29 00:11:20.230  7613  7613 D WM-SystemFgDispatcher: Notifying with (id:9368, workSpecId: c131dc6b-42ab-44bf-a392-17d7b3d3a6fc, notificationType :1)
09-29 00:11:20.230  7613  7666 D WM-WorkProgressUpdater: Updating progress for c131dc6b-42ab-44bf-a392-17d7b3d3a6fc (Data {pct : 44, mode : file})
09-29 00:11:20.231  7613  7613 D WM-SystemFgDispatcher: Notifying with (id:9368, workSpecId: c131dc6b-42ab-44bf-a392-17d7b3d3a6fc, notificationType :1)
09-29 00:11:20.232  7613  7666 I WM-Processor: Moving WorkSpec (c131dc6b-42ab-44bf-a392-17d7b3d3a6fc) to the foreground
09-29 00:11:20.234  7613  7613 D WM-SystemFgDispatcher: Notifying with (id:9368, workSpecId: c131dc6b-42ab-44bf-a392-17d7b3d3a6fc, notificationType :1)
09-29 00:11:20.234  7613  7666 D WM-WorkProgressUpdater: Updating progress for c131dc6b-42ab-44bf-a392-17d7b3d3a6fc (Data {pct : 45, mode : file})
09-29 00:11:20.234  7613  7613 I NotificationManager: com.negi.survey: notify(9368, null, Notification(channel=uploads shortcut=null contentView=null vibrate=null sound=null defaults=0 flags=ONGOING_EVENT|ONLY_ALERT_ONCE color=0x00000000 category=progress vis=PRIVATE semFlags=0x0 semPriority=0 semMissedCount=0 semScenarioType=0)) as user
09-29 00:11:20.235  7613  7666 I WM-Processor: Moving WorkSpec (c131dc6b-42ab-44bf-a392-17d7b3d3a6fc) to the foreground
09-29 00:11:20.236  7613  7666 D WM-WorkProgressUpdater: Updating progress for c131dc6b-42ab-44bf-a392-17d7b3d3a6fc (Data {pct : 46, mode : file})
09-29 00:11:20.237  7613  7666 I WM-Processor: Moving WorkSpec (c131dc6b-42ab-44bf-a392-17d7b3d3a6fc) to the foreground
09-29 00:11:20.238  7613  7666 D WM-WorkProgressUpdater: Updating progress for c131dc6b-42ab-44bf-a392-17d7b3d3a6fc (Data {pct : 48, mode : file})
09-29 00:11:20.239  7613  7613 D WM-SystemFgDispatcher: Notifying with (id:9368, workSpecId: c131dc6b-42ab-44bf-a392-17d7b3d3a6fc, notificationType :1)
09-29 00:11:20.240  7613  7613 D WM-SystemFgDispatcher: Notifying with (id:9368, workSpecId: c131dc6b-42ab-44bf-a392-17d7b3d3a6fc, notificationType :1)
09-29 00:11:20.246  7613  7666 I WM-Processor: Moving WorkSpec (c131dc6b-42ab-44bf-a392-17d7b3d3a6fc) to the foreground
09-29 00:11:20.247  7613  7666 D WM-WorkProgressUpdater: Updating progress for c131dc6b-42ab-44bf-a392-17d7b3d3a6fc (Data {pct : 49, mode : file})
09-29 00:11:20.247  7613  7613 D WM-SystemFgDispatcher: Notifying with (id:9368, workSpecId: c131dc6b-42ab-44bf-a392-17d7b3d3a6fc, notificationType :1)
09-29 00:11:20.249  7613  7666 I WM-Processor: Moving WorkSpec (c131dc6b-42ab-44bf-a392-17d7b3d3a6fc) to the foreground
09-29 00:11:20.250  7613  7666 D WM-WorkProgressUpdater: Updating progress for c131dc6b-42ab-44bf-a392-17d7b3d3a6fc (Data {pct : 50, mode : file})
09-29 00:11:20.250  7613  7613 D WM-SystemFgDispatcher: Notifying with (id:9368, workSpecId: c131dc6b-42ab-44bf-a392-17d7b3d3a6fc, notificationType :1)
09-29 00:11:20.252  7613  7666 I WM-Processor: Moving WorkSpec (c131dc6b-42ab-44bf-a392-17d7b3d3a6fc) to the foreground
09-29 00:11:20.253  7613  7666 D WM-WorkProgressUpdater: Updating progress for c131dc6b-42ab-44bf-a392-17d7b3d3a6fc (Data {pct : 51, mode : file})
09-29 00:11:20.254  7613  7666 I WM-Processor: Moving WorkSpec (c131dc6b-42ab-44bf-a392-17d7b3d3a6fc) to the foreground
09-29 00:11:20.255  7613  7613 D WM-SystemFgDispatcher: Notifying with (id:9368, workSpecId: c131dc6b-42ab-44bf-a392-17d7b3d3a6fc, notificationType :1)
09-29 00:11:20.255  7613  7666 D WM-WorkProgressUpdater: Updating progress for c131dc6b-42ab-44bf-a392-17d7b3d3a6fc (Data {pct : 52, mode : file})
09-29 00:11:20.256  7613  7613 D WM-SystemFgDispatcher: Notifying with (id:9368, workSpecId: c131dc6b-42ab-44bf-a392-17d7b3d3a6fc, notificationType :1)
09-29 00:11:20.256  7613  7666 I WM-Processor: Moving WorkSpec (c131dc6b-42ab-44bf-a392-17d7b3d3a6fc) to the foreground
09-29 00:11:20.258  7613  7613 D WM-SystemFgDispatcher: Notifying with (id:9368, workSpecId: c131dc6b-42ab-44bf-a392-17d7b3d3a6fc, notificationType :1)
09-29 00:11:20.258  7613  7666 D WM-WorkProgressUpdater: Updating progress for c131dc6b-42ab-44bf-a392-17d7b3d3a6fc (Data {pct : 54, mode : file})
09-29 00:11:20.260  7613  7666 I WM-Processor: Moving WorkSpec (c131dc6b-42ab-44bf-a392-17d7b3d3a6fc) to the foreground
09-29 00:11:20.260  7613  7666 D WM-WorkProgressUpdater: Updating progress for c131dc6b-42ab-44bf-a392-17d7b3d3a6fc (Data {pct : 55, mode : file})
09-29 00:11:20.262  7613  7666 I WM-Processor: Moving WorkSpec (c131dc6b-42ab-44bf-a392-17d7b3d3a6fc) to the foreground
09-29 00:11:20.262  7613  7613 D WM-SystemFgDispatcher: Notifying with (id:9368, workSpecId: c131dc6b-42ab-44bf-a392-17d7b3d3a6fc, notificationType :1)
09-29 00:11:20.263  7613  7666 D WM-WorkProgressUpdater: Updating progress for c131dc6b-42ab-44bf-a392-17d7b3d3a6fc (Data {pct : 56, mode : file})
09-29 00:11:20.264  7613  7613 D WM-SystemFgDispatcher: Notifying with (id:9368, workSpecId: c131dc6b-42ab-44bf-a392-17d7b3d3a6fc, notificationType :1)
09-29 00:11:20.264  7613  7666 I WM-Processor: Moving WorkSpec (c131dc6b-42ab-44bf-a392-17d7b3d3a6fc) to the foreground
09-29 00:11:20.265  7613  7613 D WM-SystemFgDispatcher: Notifying with (id:9368, workSpecId: c131dc6b-42ab-44bf-a392-17d7b3d3a6fc, notificationType :1)
09-29 00:11:20.265  7613  7666 D WM-WorkProgressUpdater: Updating progress for c131dc6b-42ab-44bf-a392-17d7b3d3a6fc (Data {pct : 57, mode : file})
09-29 00:11:20.266  7613  7666 I WM-Processor: Moving WorkSpec (c131dc6b-42ab-44bf-a392-17d7b3d3a6fc) to the foreground
09-29 00:11:20.267  7613  7613 D WM-SystemFgDispatcher: Notifying with (id:9368, workSpecId: c131dc6b-42ab-44bf-a392-17d7b3d3a6fc, notificationType :1)
09-29 00:11:20.267  7613  7666 D WM-WorkProgressUpdater: Updating progress for c131dc6b-42ab-44bf-a392-17d7b3d3a6fc (Data {pct : 58, mode : file})
09-29 00:11:20.269  7613  7666 I WM-Processor: Moving WorkSpec (c131dc6b-42ab-44bf-a392-17d7b3d3a6fc) to the foreground
09-29 00:11:20.270  7613  7666 D WM-WorkProgressUpdater: Updating progress for c131dc6b-42ab-44bf-a392-17d7b3d3a6fc (Data {pct : 59, mode : file})
09-29 00:11:20.271  7613  7666 I WM-Processor: Moving WorkSpec (c131dc6b-42ab-44bf-a392-17d7b3d3a6fc) to the foreground
09-29 00:11:20.271  7613  7613 D WM-SystemFgDispatcher: Notifying with (id:9368, workSpecId: c131dc6b-42ab-44bf-a392-17d7b3d3a6fc, notificationType :1)
09-29 00:11:20.274  7613  7613 D WM-SystemFgDispatcher: Notifying with (id:9368, workSpecId: c131dc6b-42ab-44bf-a392-17d7b3d3a6fc, notificationType :1)
09-29 00:11:20.274  7613  7666 D WM-WorkProgressUpdater: Updating progress for c131dc6b-42ab-44bf-a392-17d7b3d3a6fc (Data {pct : 61, mode : file})
09-29 00:11:20.275  7613  7666 I WM-Processor: Moving WorkSpec (c131dc6b-42ab-44bf-a392-17d7b3d3a6fc) to the foreground
09-29 00:11:20.276  7613  7666 D WM-WorkProgressUpdater: Updating progress for c131dc6b-42ab-44bf-a392-17d7b3d3a6fc (Data {pct : 62, mode : file})
09-29 00:11:20.276  7613  7613 D WM-SystemFgDispatcher: Notifying with (id:9368, workSpecId: c131dc6b-42ab-44bf-a392-17d7b3d3a6fc, notificationType :1)
09-29 00:11:20.278  7613  7666 I WM-Processor: Moving WorkSpec (c131dc6b-42ab-44bf-a392-17d7b3d3a6fc) to the foreground
09-29 00:11:20.280  7613  7613 D WM-SystemFgDispatcher: Notifying with (id:9368, workSpecId: c131dc6b-42ab-44bf-a392-17d7b3d3a6fc, notificationType :1)
09-29 00:11:20.281  7613  7666 D WM-WorkProgressUpdater: Updating progress for c131dc6b-42ab-44bf-a392-17d7b3d3a6fc (Data {pct : 63, mode : file})
09-29 00:11:20.283  7613  7666 I WM-Processor: Moving WorkSpec (c131dc6b-42ab-44bf-a392-17d7b3d3a6fc) to the foreground
09-29 00:11:20.284  7613  7666 D WM-WorkProgressUpdater: Updating progress for c131dc6b-42ab-44bf-a392-17d7b3d3a6fc (Data {pct : 64, mode : file})
09-29 00:11:20.284  7613  7613 D WM-SystemFgDispatcher: Notifying with (id:9368, workSpecId: c131dc6b-42ab-44bf-a392-17d7b3d3a6fc, notificationType :1)
09-29 00:11:20.286  7613  7667 D WM-WorkConstraintsTrack: NetworkRequestConstraintController onCapabilitiesChanged callback
09-29 00:11:20.286  7613  7666 I WM-Processor: Moving WorkSpec (c131dc6b-42ab-44bf-a392-17d7b3d3a6fc) to the foreground
09-29 00:11:20.287  7613  7666 D WM-WorkProgressUpdater: Updating progress for c131dc6b-42ab-44bf-a392-17d7b3d3a6fc (Data {pct : 65, mode : file})
09-29 00:11:20.289  7613  7613 D WM-SystemFgDispatcher: Notifying with (id:9368, workSpecId: c131dc6b-42ab-44bf-a392-17d7b3d3a6fc, notificationType :1)
09-29 00:11:20.289  7613  7666 I WM-Processor: Moving WorkSpec (c131dc6b-42ab-44bf-a392-17d7b3d3a6fc) to the foreground
09-29 00:11:20.293  7613  7666 D WM-WorkProgressUpdater: Updating progress for c131dc6b-42ab-44bf-a392-17d7b3d3a6fc (Data {pct : 67, mode : file})
09-29 00:11:20.294  7613  7613 D WM-SystemFgDispatcher: Notifying with (id:9368, workSpecId: c131dc6b-42ab-44bf-a392-17d7b3d3a6fc, notificationType :1)
09-29 00:11:20.295  7613  7666 I WM-Processor: Moving WorkSpec (c131dc6b-42ab-44bf-a392-17d7b3d3a6fc) to the foreground
09-29 00:11:20.296  7613  7666 D WM-WorkProgressUpdater: Updating progress for c131dc6b-42ab-44bf-a392-17d7b3d3a6fc (Data {pct : 68, mode : file})
09-29 00:11:20.298  7613  7666 I WM-Processor: Moving WorkSpec (c131dc6b-42ab-44bf-a392-17d7b3d3a6fc) to the foreground
09-29 00:11:20.298  7613  7613 D WM-SystemFgDispatcher: Notifying with (id:9368, workSpecId: c131dc6b-42ab-44bf-a392-17d7b3d3a6fc, notificationType :1)
09-29 00:11:20.298  7613  7666 D WM-WorkProgressUpdater: Updating progress for c131dc6b-42ab-44bf-a392-17d7b3d3a6fc (Data {pct : 69, mode : file})
09-29 00:11:20.299  7613  7613 D WM-SystemFgDispatcher: Notifying with (id:9368, workSpecId: c131dc6b-42ab-44bf-a392-17d7b3d3a6fc, notificationType :1)
09-29 00:11:20.300  7613  7666 I WM-Processor: Moving WorkSpec (c131dc6b-42ab-44bf-a392-17d7b3d3a6fc) to the foreground
09-29 00:11:20.301  7613  7666 D WM-WorkProgressUpdater: Updating progress for c131dc6b-42ab-44bf-a392-17d7b3d3a6fc (Data {pct : 70, mode : file})
09-29 00:11:20.301  7613  7613 D WM-SystemFgDispatcher: Notifying with (id:9368, workSpecId: c131dc6b-42ab-44bf-a392-17d7b3d3a6fc, notificationType :1)
09-29 00:11:20.302  7613  7666 I WM-Processor: Moving WorkSpec (c131dc6b-42ab-44bf-a392-17d7b3d3a6fc) to the foreground
09-29 00:11:20.303  7613  7666 D WM-WorkProgressUpdater: Updating progress for c131dc6b-42ab-44bf-a392-17d7b3d3a6fc (Data {pct : 71, mode : file})
09-29 00:11:20.305  7613  7613 D WM-SystemFgDispatcher: Notifying with (id:9368, workSpecId: c131dc6b-42ab-44bf-a392-17d7b3d3a6fc, notificationType :1)
09-29 00:11:20.305  7613  7666 I WM-Processor: Moving WorkSpec (c131dc6b-42ab-44bf-a392-17d7b3d3a6fc) to the foreground
09-29 00:11:20.306  7613  7666 D WM-WorkProgressUpdater: Updating progress for c131dc6b-42ab-44bf-a392-17d7b3d3a6fc (Data {pct : 73, mode : file})
09-29 00:11:20.306  7613  7613 D WM-SystemFgDispatcher: Notifying with (id:9368, workSpecId: c131dc6b-42ab-44bf-a392-17d7b3d3a6fc, notificationType :1)
09-29 00:11:20.308  7613  7666 I WM-Processor: Moving WorkSpec (c131dc6b-42ab-44bf-a392-17d7b3d3a6fc) to the foreground
09-29 00:11:20.308  7613  7613 W JobService: onNetworkChanged() not implemented in androidx.work.impl.background.systemjob.SystemJobService. Must override in a subclass.
09-29 00:11:20.308  7613  7613 W JobService: onNetworkChanged() not implemented in androidx.work.impl.background.systemjob.SystemJobService. Must override in a subclass.
09-29 00:11:20.308  7613  7613 W JobService: onNetworkChanged() not implemented in androidx.work.impl.background.systemjob.SystemJobService. Must override in a subclass.
09-29 00:11:20.308  7613  7613 W JobService: onNetworkChanged() not implemented in androidx.work.impl.background.systemjob.SystemJobService. Must override in a subclass.
09-29 00:11:20.308  7613  7613 W JobService: onNetworkChanged() not implemented in androidx.work.impl.background.systemjob.SystemJobService. Must override in a subclass.
09-29 00:11:20.308  7613  7613 W JobService: onNetworkChanged() not implemented in androidx.work.impl.background.systemjob.SystemJobService. Must override in a subclass.
09-29 00:11:20.309  7613  7613 W JobService: onNetworkChanged() not implemented in androidx.work.impl.background.systemjob.SystemJobService. Must override in a subclass.
09-29 00:11:20.309  7613  7613 W JobService: onNetworkChanged() not implemented in androidx.work.impl.background.systemjob.SystemJobService. Must override in a subclass.
09-29 00:11:20.309  7613  7613 W JobService: onNetworkChanged() not implemented in androidx.work.impl.background.systemjob.SystemJobService. Must override in a subclass.
09-29 00:11:20.309  7613  7613 W JobService: onNetworkChanged() not implemented in androidx.work.impl.background.systemjob.SystemJobService. Must override in a subclass.
09-29 00:11:20.309  7613  7613 W JobService: onNetworkChanged() not implemented in androidx.work.impl.background.systemjob.SystemJobService. Must override in a subclass.
09-29 00:11:20.309  7613  7613 W JobService: onNetworkChanged() not implemented in androidx.work.impl.background.systemjob.SystemJobService. Must override in a subclass.
09-29 00:11:20.310  7613  7613 D WM-SystemFgDispatcher: Notifying with (id:9368, workSpecId: c131dc6b-42ab-44bf-a392-17d7b3d3a6fc, notificationType :1)
09-29 00:11:20.310  7613  7666 D WM-WorkProgressUpdater: Updating progress for c131dc6b-42ab-44bf-a392-17d7b3d3a6fc (Data {pct : 74, mode : file})
09-29 00:11:20.312  7613  7666 I WM-Processor: Moving WorkSpec (c131dc6b-42ab-44bf-a392-17d7b3d3a6fc) to the foreground
09-29 00:11:20.313  7613  7666 D WM-WorkProgressUpdater: Updating progress for c131dc6b-42ab-44bf-a392-17d7b3d3a6fc (Data {pct : 75, mode : file})
09-29 00:11:20.314  7613  7666 I WM-Processor: Moving WorkSpec (c131dc6b-42ab-44bf-a392-17d7b3d3a6fc) to the foreground
09-29 00:11:20.315  7613  7613 D WM-SystemFgDispatcher: Notifying with (id:9368, workSpecId: c131dc6b-42ab-44bf-a392-17d7b3d3a6fc, notificationType :1)
09-29 00:11:20.315  7613  7666 D WM-WorkProgressUpdater: Updating progress for c131dc6b-42ab-44bf-a392-17d7b3d3a6fc (Data {pct : 76, mode : file})
09-29 00:11:20.316  7613  7613 D WM-SystemFgDispatcher: Notifying with (id:9368, workSpecId: c131dc6b-42ab-44bf-a392-17d7b3d3a6fc, notificationType :1)
09-29 00:11:20.316  7613  7666 I WM-Processor: Moving WorkSpec (c131dc6b-42ab-44bf-a392-17d7b3d3a6fc) to the foreground
09-29 00:11:20.318  7613  7666 D WM-WorkProgressUpdater: Updating progress for c131dc6b-42ab-44bf-a392-17d7b3d3a6fc (Data {pct : 77, mode : file})
09-29 00:11:20.318  7613  7613 D WM-SystemFgDispatcher: Notifying with (id:9368, workSpecId: c131dc6b-42ab-44bf-a392-17d7b3d3a6fc, notificationType :1)
09-29 00:11:20.319  7613  7666 I WM-Processor: Moving WorkSpec (c131dc6b-42ab-44bf-a392-17d7b3d3a6fc) to the foreground
09-29 00:11:20.320  7613  7666 D WM-WorkProgressUpdater: Updating progress for c131dc6b-42ab-44bf-a392-17d7b3d3a6fc (Data {pct : 79, mode : file})
09-29 00:11:20.321  7613  7666 I WM-Processor: Moving WorkSpec (c131dc6b-42ab-44bf-a392-17d7b3d3a6fc) to the foreground
09-29 00:11:20.322  7613  7613 D WM-SystemFgDispatcher: Notifying with (id:9368, workSpecId: c131dc6b-42ab-44bf-a392-17d7b3d3a6fc, notificationType :1)
09-29 00:11:20.323  7613  7666 D WM-WorkProgressUpdater: Updating progress for c131dc6b-42ab-44bf-a392-17d7b3d3a6fc (Data {pct : 80, mode : file})
09-29 00:11:20.324  7613  7613 D WM-SystemFgDispatcher: Notifying with (id:9368, workSpecId: c131dc6b-42ab-44bf-a392-17d7b3d3a6fc, notificationType :1)
09-29 00:11:20.325  7613  7666 I WM-Processor: Moving WorkSpec (c131dc6b-42ab-44bf-a392-17d7b3d3a6fc) to the foreground
09-29 00:11:20.325  7613  7666 D WM-WorkProgressUpdater: Updating progress for c131dc6b-42ab-44bf-a392-17d7b3d3a6fc (Data {pct : 81, mode : file})
09-29 00:11:20.326  7613  7613 D WM-SystemFgDispatcher: Notifying with (id:9368, workSpecId: c131dc6b-42ab-44bf-a392-17d7b3d3a6fc, notificationType :1)
09-29 00:11:20.327  7613  7666 I WM-Processor: Moving WorkSpec (c131dc6b-42ab-44bf-a392-17d7b3d3a6fc) to the foreground
09-29 00:11:20.330  7613  7666 D WM-WorkProgressUpdater: Updating progress for c131dc6b-42ab-44bf-a392-17d7b3d3a6fc (Data {pct : 82, mode : file})
09-29 00:11:20.330  7613  7613 D WM-SystemFgDispatcher: Notifying with (id:9368, workSpecId: c131dc6b-42ab-44bf-a392-17d7b3d3a6fc, notificationType :1)
09-29 00:11:20.332  7613  7666 I WM-Processor: Moving WorkSpec (c131dc6b-42ab-44bf-a392-17d7b3d3a6fc) to the foreground
09-29 00:11:20.334  7613  7666 D WM-WorkProgressUpdater: Updating progress for c131dc6b-42ab-44bf-a392-17d7b3d3a6fc (Data {pct : 83, mode : file})
09-29 00:11:20.334  7613  7613 D WM-SystemFgDispatcher: Notifying with (id:9368, workSpecId: c131dc6b-42ab-44bf-a392-17d7b3d3a6fc, notificationType :1)
09-29 00:11:20.335  7613  7666 I WM-Processor: Moving WorkSpec (c131dc6b-42ab-44bf-a392-17d7b3d3a6fc) to the foreground
09-29 00:11:20.336  7613  7666 D WM-WorkProgressUpdater: Updating progress for c131dc6b-42ab-44bf-a392-17d7b3d3a6fc (Data {pct : 84, mode : file})
09-29 00:11:20.338  7613  7666 I WM-Processor: Moving WorkSpec (c131dc6b-42ab-44bf-a392-17d7b3d3a6fc) to the foreground
09-29 00:11:20.338  7613  7613 D WM-SystemFgDispatcher: Notifying with (id:9368, workSpecId: c131dc6b-42ab-44bf-a392-17d7b3d3a6fc, notificationType :1)
09-29 00:11:20.339  7613  7666 D WM-WorkProgressUpdater: Updating progress for c131dc6b-42ab-44bf-a392-17d7b3d3a6fc (Data {pct : 86, mode : file})
09-29 00:11:20.339  7613  7613 D WM-SystemFgDispatcher: Notifying with (id:9368, workSpecId: c131dc6b-42ab-44bf-a392-17d7b3d3a6fc, notificationType :1)
09-29 00:11:20.340  7613  7666 I WM-Processor: Moving WorkSpec (c131dc6b-42ab-44bf-a392-17d7b3d3a6fc) to the foreground
09-29 00:11:20.341  7613  7613 D WM-SystemFgDispatcher: Notifying with (id:9368, workSpecId: c131dc6b-42ab-44bf-a392-17d7b3d3a6fc, notificationType :1)
09-29 00:11:20.342  7613  7666 D WM-WorkProgressUpdater: Updating progress for c131dc6b-42ab-44bf-a392-17d7b3d3a6fc (Data {pct : 87, mode : file})
09-29 00:11:20.343  7613  7666 I WM-Processor: Moving WorkSpec (c131dc6b-42ab-44bf-a392-17d7b3d3a6fc) to the foreground
09-29 00:11:20.345  7613  7666 D WM-WorkProgressUpdater: Updating progress for c131dc6b-42ab-44bf-a392-17d7b3d3a6fc (Data {pct : 88, mode : file})
09-29 00:11:20.346  7613  7666 I WM-Processor: Moving WorkSpec (c131dc6b-42ab-44bf-a392-17d7b3d3a6fc) to the foreground
09-29 00:11:20.347  7613  7613 D WM-SystemFgDispatcher: Notifying with (id:9368, workSpecId: c131dc6b-42ab-44bf-a392-17d7b3d3a6fc, notificationType :1)
09-29 00:11:20.347  7613  7666 D WM-WorkProgressUpdater: Updating progress for c131dc6b-42ab-44bf-a392-17d7b3d3a6fc (Data {pct : 89, mode : file})
09-29 00:11:20.348  7613  7613 D WM-SystemFgDispatcher: Notifying with (id:9368, workSpecId: c131dc6b-42ab-44bf-a392-17d7b3d3a6fc, notificationType :1)
09-29 00:11:20.349  7613  7666 I WM-Processor: Moving WorkSpec (c131dc6b-42ab-44bf-a392-17d7b3d3a6fc) to the foreground
09-29 00:11:20.350  7613  7666 D WM-WorkProgressUpdater: Updating progress for c131dc6b-42ab-44bf-a392-17d7b3d3a6fc (Data {pct : 90, mode : file})
09-29 00:11:20.350  7613  7613 D WM-SystemFgDispatcher: Notifying with (id:9368, workSpecId: c131dc6b-42ab-44bf-a392-17d7b3d3a6fc, notificationType :1)
09-29 00:11:20.352  7613  7666 I WM-Processor: Moving WorkSpec (c131dc6b-42ab-44bf-a392-17d7b3d3a6fc) to the foreground
09-29 00:11:20.356  7613  7613 D WM-SystemFgDispatcher: Notifying with (id:9368, workSpecId: c131dc6b-42ab-44bf-a392-17d7b3d3a6fc, notificationType :1)
09-29 00:11:20.359  7613  7666 D WM-WorkProgressUpdater: Updating progress for acae73cc-e56f-4e18-834a-03c7284f1238 (Data {pct : 30, mode : file})
09-29 00:11:20.361  7613  7666 I WM-Processor: Moving WorkSpec (acae73cc-e56f-4e18-834a-03c7284f1238) to the foreground
09-29 00:11:20.362  7613  7666 D WM-WorkProgressUpdater: Updating progress for acae73cc-e56f-4e18-834a-03c7284f1238 (Data {pct : 50, mode : file})
09-29 00:11:20.363  7613  7613 D WM-SystemFgDispatcher: Notifying with (id:3523, workSpecId: acae73cc-e56f-4e18-834a-03c7284f1238, notificationType :1)
09-29 00:11:20.363  7613  7666 I WM-Processor: Moving WorkSpec (acae73cc-e56f-4e18-834a-03c7284f1238) to the foreground
09-29 00:11:20.366  7613  7613 D WM-SystemFgDispatcher: Notifying with (id:3523, workSpecId: acae73cc-e56f-4e18-834a-03c7284f1238, notificationType :1)
09-29 00:11:20.366  7613  7666 D WM-WorkProgressUpdater: Updating progress for acae73cc-e56f-4e18-834a-03c7284f1238 (Data {pct : 70, mode : file})
09-29 00:11:20.367  7613  7666 I WM-Processor: Moving WorkSpec (acae73cc-e56f-4e18-834a-03c7284f1238) to the foreground
09-29 00:11:20.368  7613  7666 D WM-WorkProgressUpdater: Updating progress for acae73cc-e56f-4e18-834a-03c7284f1238 (Data {pct : 90, mode : file})
09-29 00:11:20.368  7613  7613 D WM-SystemFgDispatcher: Notifying with (id:3523, workSpecId: acae73cc-e56f-4e18-834a-03c7284f1238, notificationType :1)
09-29 00:11:20.369  7613  7666 I WM-Processor: Moving WorkSpec (acae73cc-e56f-4e18-834a-03c7284f1238) to the foreground
09-29 00:11:20.371  7613  7613 D WM-SystemFgDispatcher: Notifying with (id:3523, workSpecId: acae73cc-e56f-4e18-834a-03c7284f1238, notificationType :1)
09-29 00:11:20.526  7613  7664 D WM-WorkProgressUpdater: Updating progress for cdf06544-dc01-453d-9cb5-b12a24ba2253 (Data {pct : 26, mode : file})
09-29 00:11:20.529  7613  7664 I WM-Processor: Moving WorkSpec (cdf06544-dc01-453d-9cb5-b12a24ba2253) to the foreground
09-29 00:11:20.531  7613  7664 D WM-WorkProgressUpdater: Updating progress for cdf06544-dc01-453d-9cb5-b12a24ba2253 (Data {pct : 42, mode : file})
09-29 00:11:20.531  7613  7613 D WM-SystemFgDispatcher: Notifying with (id:7832, workSpecId: cdf06544-dc01-453d-9cb5-b12a24ba2253, notificationType :1)
09-29 00:11:20.531  7613  7613 I NotificationManager: com.negi.survey: notify(7832, null, Notification(channel=uploads shortcut=null contentView=null vibrate=null sound=null defaults=0 flags=ONGOING_EVENT|ONLY_ALERT_ONCE color=0x00000000 category=progress vis=PRIVATE semFlags=0x0 semPriority=0 semMissedCount=0 semScenarioType=0)) as user
09-29 00:11:20.532  7613  7664 I WM-Processor: Moving WorkSpec (cdf06544-dc01-453d-9cb5-b12a24ba2253) to the foreground
09-29 00:11:20.534  7613  7664 D WM-WorkProgressUpdater: Updating progress for cdf06544-dc01-453d-9cb5-b12a24ba2253 (Data {pct : 58, mode : file})
09-29 00:11:20.535  7613  7664 I WM-Processor: Moving WorkSpec (cdf06544-dc01-453d-9cb5-b12a24ba2253) to the foreground
09-29 00:11:20.536  7613  7613 D WM-SystemFgDispatcher: Notifying with (id:7832, workSpecId: cdf06544-dc01-453d-9cb5-b12a24ba2253, notificationType :1)
09-29 00:11:20.536  7613  7739 D GitHubUploader: uploadStream: done url=https://github.com/ishizuki-tech/SurveyExports/blob/main/diagnostics/crash/2026-09-29/prevlog_20260929_013024_pid4504.log sha=1b80a1d506a07ea06331d72052028668d5d209bb
09-29 00:11:20.539  7613  7664 D WM-WorkProgressUpdater: Updating progress for cdf06544-dc01-453d-9cb5-b12a24ba2253 (Data {pct : 74, mode : file})
09-29 00:11:20.541  7613  7613 D WM-SystemFgDispatcher: Notifying with (id:7832, workSpecId: cdf06544-dc01-453d-9cb5-b12a24ba2253, notificationType :1)
09-29 00:11:20.541  7613  7664 I WM-Processor: Moving WorkSpec (cdf06544-dc01-453d-9cb5-b12a24ba2253) to the foreground
09-29 00:11:20.544  7613  7664 D WM-WorkProgressUpdater: Updating progress for cdf06544-dc01-453d-9cb5-b12a24ba2253 (Data {pct : 90, mode : file})
09-29 00:11:20.546  7613  7664 I WM-Processor: Moving WorkSpec (cdf06544-dc01-453d-9cb5-b12a24ba2253) to the foreground
09-29 00:11:20.546  7613  7613 D WM-SystemFgDispatcher: Notifying with (id:7832, workSpecId: cdf06544-dc01-453d-9cb5-b12a24ba2253, notificationType :1)
09-29 00:11:20.548  7613  7664 D WM-WorkProgressUpdater: Updating progress for b8199543-e27e-491c-8f43-8e417567c754 (Data {pct : 95, mode : file})
09-29 00:11:20.549  7613  7613 D WM-SystemFgDispatcher: Notifying with (id:7832, workSpecId: cdf06544-dc01-453d-9cb5-b12a24ba2253, notificationType :1)
09-29 00:11:20.549  7613  7664 I WM-Processor: Moving WorkSpec (b8199543-e27e-491c-8f43-8e417567c754) to the foreground
09-29 00:11:20.551  7613  7613 D WM-SystemFgDispatcher: Notifying with (id:10208, workSpecId: b8199543-e27e-491c-8f43-8e417567c754, notificationType :1)
09-29 00:11:20.551  7613  7664 I WM-Processor: Moving WorkSpec (b8199543-e27e-491c-8f43-8e417567c754) to the foreground
09-29 00:11:20.558  7613  7664 I WM-WorkerWrapper: Worker result SUCCESS for Work [ id=b8199543-e27e-491c-8f43-8e417567c754, tags={ com.negi.survey.net.GitHubUploadWorker,github_upload,github_upload:crash:diagnostics_crash_prevlog_20260929_013024_pid4504.log_9c67c6fb } ]
09-29 00:11:20.559  7613  7613 D WM-SystemFgDispatcher: Notifying with (id:10208, workSpecId: b8199543-e27e-491c-8f43-8e417567c754, notificationType :1)
09-29 00:11:20.559  7613  7613 I NotificationManager: com.negi.survey: notify(10208, null, Notification(channel=uploads shortcut=null contentView=null vibrate=null sound=null defaults=0 flags=ONLY_ALERT_ONCE color=0x00000000 category=progress vis=PRIVATE semFlags=0x0 semPriority=0 semMissedCount=0 semScenarioType=0)) as user
09-29 00:11:20.564  7613  7613 D WM-Processor: Processor b8199543-e27e-491c-8f43-8e417567c754 executed; reschedule = false
09-29 00:11:20.564  7613  7613 D WM-GreedyScheduler: Stopping tracking for WorkGenerationalId(workSpecId=b8199543-e27e-491c-8f43-8e417567c754, generation=0)
09-29 00:11:20.565  7613  7613 D WM-SystemJobService: b8199543-e27e-491c-8f43-8e417567c754 executed on JobScheduler
09-29 00:11:20.565  7613  7613 D WM-SystemFgDispatcher: Removing Notification (id: 10208, workSpecId: WorkGenerationalId(workSpecId=b8199543-e27e-491c-8f43-8e417567c754, generation=0), notificationType: 1
09-29 00:11:20.573  7613  7664 D WM-GreedyScheduler: Cancelling work ID b8199543-e27e-491c-8f43-8e417567c754
09-29 00:11:20.619  7613  7630 I com.negi.survey: Explicit concurrent mark compact GC freed 9376KB AllocSpace bytes, 92(10MB) LOS objects, 74% free, 8610KB/32MB, paused 393us,2.291ms total 32.716ms
09-29 00:11:20.659  7613  7665 D WM-WorkProgressUpdater: Updating progress for 61a8429b-302c-422b-8adc-bdcb3213b867 (Data {pct : 27, mode : file})
09-29 00:11:20.662  7613  7665 I WM-Processor: Moving WorkSpec (61a8429b-302c-422b-8adc-bdcb3213b867) to the foreground
09-29 00:11:20.663  7613  7665 D WM-WorkProgressUpdater: Updating progress for 61a8429b-302c-422b-8adc-bdcb3213b867 (Data {pct : 45, mode : file})
09-29 00:11:20.664  7613  7613 D WM-SystemFgDispatcher: Notifying with (id:5734, workSpecId: 61a8429b-302c-422b-8adc-bdcb3213b867, notificationType :1)
09-29 00:11:20.664  7613  7613 I NotificationManager: com.negi.survey: notify(5734, null, Notification(channel=uploads shortcut=null contentView=null vibrate=null sound=null defaults=0 flags=ONGOING_EVENT|ONLY_ALERT_ONCE color=0x00000000 category=progress vis=PRIVATE semFlags=0x0 semPriority=0 semMissedCount=0 semScenarioType=0)) as user
09-29 00:11:20.665  7613  7665 I WM-Processor: Moving WorkSpec (61a8429b-302c-422b-8adc-bdcb3213b867) to the foreground
09-29 00:11:20.666  7613  7665 D WM-WorkProgressUpdater: Updating progress for 61a8429b-302c-422b-8adc-bdcb3213b867 (Data {pct : 62, mode : file})
09-29 00:11:20.667  7613  7613 D WM-SystemFgDispatcher: Notifying with (id:5734, workSpecId: 61a8429b-302c-422b-8adc-bdcb3213b867, notificationType :1)
09-29 00:11:20.672  7613  7665 I WM-Processor: Moving WorkSpec (61a8429b-302c-422b-8adc-bdcb3213b867) to the foreground
09-29 00:11:20.673  7613  7665 D WM-WorkProgressUpdater: Updating progress for 61a8429b-302c-422b-8adc-bdcb3213b867 (Data {pct : 80, mode : file})
09-29 00:11:20.673  7613  7613 D WM-SystemFgDispatcher: Notifying with (id:5734, workSpecId: 61a8429b-302c-422b-8adc-bdcb3213b867, notificationType :1)
09-29 00:11:20.676  7613  7665 I WM-Processor: Moving WorkSpec (61a8429b-302c-422b-8adc-bdcb3213b867) to the foreground
09-29 00:11:20.676  7613  7665 D WM-WorkProgressUpdater: Updating progress for 61a8429b-302c-422b-8adc-bdcb3213b867 (Data {pct : 90, mode : file})
09-29 00:11:20.677  7613  7613 D WM-SystemFgDispatcher: Notifying with (id:5734, workSpecId: 61a8429b-302c-422b-8adc-bdcb3213b867, notificationType :1)
09-29 00:11:20.679  7613  7665 I WM-Processor: Moving WorkSpec (61a8429b-302c-422b-8adc-bdcb3213b867) to the foreground
09-29 00:11:20.680  7613  7613 D WM-SystemFgDispatcher: Notifying with (id:5734, workSpecId: 61a8429b-302c-422b-8adc-bdcb3213b867, notificationType :1)
09-29 00:11:20.874  7613  7742 I native  : I0000 00:00:1790658680.872115    7742 delegate_kernel.cc:330] Total 81 external tensors are used for delegate inputs and outputs
09-29 00:11:20.875  7613  7742 I native  : I0000 00:00:1790658680.875053    7742 delegate_kernel.cc:906] Initializing OpenCL-based API from serialized data.
09-29 00:11:21.033  7613  7655 D WM-WorkProgressUpdater: Updating progress for 719b4369-62e5-4050-a85c-dca1f31313a3 (Data {pct : 26, mode : file})
09-29 00:11:21.036  7613  7655 I WM-Processor: Moving WorkSpec (719b4369-62e5-4050-a85c-dca1f31313a3) to the foreground
09-29 00:11:21.039  7613  7655 D WM-WorkProgressUpdater: Updating progress for 719b4369-62e5-4050-a85c-dca1f31313a3 (Data {pct : 43, mode : file})
09-29 00:11:21.040  7613  7613 D WM-SystemFgDispatcher: Notifying with (id:10841, workSpecId: 719b4369-62e5-4050-a85c-dca1f31313a3, notificationType :1)
09-29 00:11:21.040  7613  7613 I NotificationManager: com.negi.survey: notify(10841, null, Notification(channel=uploads shortcut=null contentView=null vibrate=null sound=null defaults=0 flags=ONGOING_EVENT|ONLY_ALERT_ONCE color=0x00000000 category=progress vis=PRIVATE semFlags=0x0 semPriority=0 semMissedCount=0 semScenarioType=0)) as user
09-29 00:11:21.042  7613  7655 I WM-Processor: Moving WorkSpec (719b4369-62e5-4050-a85c-dca1f31313a3) to the foreground
09-29 00:11:21.071  7613  7655 D WM-WorkProgressUpdater: Updating progress for 719b4369-62e5-4050-a85c-dca1f31313a3 (Data {pct : 60, mode : file})
09-29 00:11:21.075  7613  7613 D WM-SystemFgDispatcher: Notifying with (id:10841, workSpecId: 719b4369-62e5-4050-a85c-dca1f31313a3, notificationType :1)
09-29 00:11:21.075  7613  7613 W NotificationManager: Shedding notify (update) of NotificationKey[user=UserHandle{0}, pkg=com.negi.survey, tag=null, id=10841], rate limit (5.0) exceeded: input 15.393179, output would be 5.32303
09-29 00:11:21.076  7613  7655 I WM-Processor: Moving WorkSpec (719b4369-62e5-4050-a85c-dca1f31313a3) to the foreground
09-29 00:11:21.081  7613  7655 D WM-WorkProgressUpdater: Updating progress for 719b4369-62e5-4050-a85c-dca1f31313a3 (Data {pct : 77, mode : file})
09-29 00:11:21.082  7613  7613 D WM-SystemFgDispatcher: Notifying with (id:10841, workSpecId: 719b4369-62e5-4050-a85c-dca1f31313a3, notificationType :1)
09-29 00:11:21.084  7613  7655 I WM-Processor: Moving WorkSpec (719b4369-62e5-4050-a85c-dca1f31313a3) to the foreground
09-29 00:11:21.090  7613  7655 D WM-WorkProgressUpdater: Updating progress for 719b4369-62e5-4050-a85c-dca1f31313a3 (Data {pct : 90, mode : file})
09-29 00:11:21.090  7613  7613 D WM-SystemFgDispatcher: Notifying with (id:10841, workSpecId: 719b4369-62e5-4050-a85c-dca1f31313a3, notificationType :1)
09-29 00:11:21.094  7613  7655 I WM-Processor: Moving WorkSpec (719b4369-62e5-4050-a85c-dca1f31313a3) to the foreground
09-29 00:11:21.097  7613  7613 D WM-SystemFgDispatcher: Notifying with (id:10841, workSpecId: 719b4369-62e5-4050-a85c-dca1f31313a3, notificationType :1)
09-29 00:11:21.131  7613  7742 I native  : I0000 00:00:1790658681.130854    7742 delegate_kernel.cc:804] Initialized InferenceContext from serialized data.
09-29 00:11:21.195  7613  7665 D WM-WorkProgressUpdater: Updating progress for dd9182fc-8432-48c5-8979-71de7938cdd7 (Data {pct : 19, mode : file})
09-29 00:11:21.197  7613  7665 I WM-Processor: Moving WorkSpec (dd9182fc-8432-48c5-8979-71de7938cdd7) to the foreground
09-29 00:11:21.198  7613  7665 D WM-WorkProgressUpdater: Updating progress for dd9182fc-8432-48c5-8979-71de7938cdd7 (Data {pct : 28, mode : file})
09-29 00:11:21.198  7613  7613 D WM-SystemFgDispatcher: Notifying with (id:4313, workSpecId: dd9182fc-8432-48c5-8979-71de7938cdd7, notificationType :1)
09-29 00:11:21.199  7613  7613 I NotificationManager: com.negi.survey: notify(4313, null, Notification(channel=uploads shortcut=null contentView=null vibrate=null sound=null defaults=0 flags=ONGOING_EVENT|ONLY_ALERT_ONCE color=0x00000000 category=progress vis=PRIVATE semFlags=0x0 semPriority=0 semMissedCount=0 semScenarioType=0)) as user
09-29 00:11:21.200  7613  7665 I WM-Processor: Moving WorkSpec (dd9182fc-8432-48c5-8979-71de7938cdd7) to the foreground
09-29 00:11:21.202  7613  7665 D WM-WorkProgressUpdater: Updating progress for dd9182fc-8432-48c5-8979-71de7938cdd7 (Data {pct : 37, mode : file})
09-29 00:11:21.203  7613  7613 D WM-SystemFgDispatcher: Notifying with (id:4313, workSpecId: dd9182fc-8432-48c5-8979-71de7938cdd7, notificationType :1)
09-29 00:11:21.204  7613  7665 I WM-Processor: Moving WorkSpec (dd9182fc-8432-48c5-8979-71de7938cdd7) to the foreground
09-29 00:11:21.207  7613  7664 D WM-WorkProgressUpdater: Updating progress for dd9182fc-8432-48c5-8979-71de7938cdd7 (Data {pct : 46, mode : file})
09-29 00:11:21.209  7613  7664 I WM-Processor: Moving WorkSpec (dd9182fc-8432-48c5-8979-71de7938cdd7) to the foreground
09-29 00:11:21.210  7613  7613 D WM-SystemFgDispatcher: Notifying with (id:4313, workSpecId: dd9182fc-8432-48c5-8979-71de7938cdd7, notificationType :1)
09-29 00:11:21.212  7613  7664 D WM-WorkProgressUpdater: Updating progress for dd9182fc-8432-48c5-8979-71de7938cdd7 (Data {pct : 56, mode : file})
09-29 00:11:21.214  7613  7664 I WM-Processor: Moving WorkSpec (dd9182fc-8432-48c5-8979-71de7938cdd7) to the foreground
09-29 00:11:21.215  7613  7613 D WM-SystemFgDispatcher: Notifying with (id:4313, workSpecId: dd9182fc-8432-48c5-8979-71de7938cdd7, notificationType :1)
09-29 00:11:21.215  7613  7664 D WM-WorkProgressUpdater: Updating progress for dd9182fc-8432-48c5-8979-71de7938cdd7 (Data {pct : 65, mode : file})
09-29 00:11:21.216  7613  7613 D WM-SystemFgDispatcher: Notifying with (id:4313, workSpecId: dd9182fc-8432-48c5-8979-71de7938cdd7, notificationType :1)
09-29 00:11:21.217  7613  7664 I WM-Processor: Moving WorkSpec (dd9182fc-8432-48c5-8979-71de7938cdd7) to the foreground
09-29 00:11:21.219  7613  7664 D WM-WorkProgressUpdater: Updating progress for dd9182fc-8432-48c5-8979-71de7938cdd7 (Data {pct : 74, mode : file})
09-29 00:11:21.221  7613  7613 D WM-SystemFgDispatcher: Notifying with (id:4313, workSpecId: dd9182fc-8432-48c5-8979-71de7938cdd7, notificationType :1)
09-29 00:11:21.222  7613  7664 I WM-Processor: Moving WorkSpec (dd9182fc-8432-48c5-8979-71de7938cdd7) to the foreground
09-29 00:11:21.224  7613  7613 D WM-SystemFgDispatcher: Notifying with (id:4313, workSpecId: dd9182fc-8432-48c5-8979-71de7938cdd7, notificationType :1)
09-29 00:11:21.224  7613  7664 D WM-WorkProgressUpdater: Updating progress for dd9182fc-8432-48c5-8979-71de7938cdd7 (Data {pct : 83, mode : file})
09-29 00:11:21.226  7613  7664 I WM-Processor: Moving WorkSpec (dd9182fc-8432-48c5-8979-71de7938cdd7) to the foreground
09-29 00:11:21.246  7613  7664 D WM-WorkProgressUpdater: Updating progress for dd9182fc-8432-48c5-8979-71de7938cdd7 (Data {pct : 90, mode : file})
09-29 00:11:21.247  7613  7613 D WM-SystemFgDispatcher: Notifying with (id:4313, workSpecId: dd9182fc-8432-48c5-8979-71de7938cdd7, notificationType :1)
09-29 00:11:21.248  7613  7664 I WM-Processor: Moving WorkSpec (dd9182fc-8432-48c5-8979-71de7938cdd7) to the foreground
09-29 00:11:21.250  7613  7613 D WM-SystemFgDispatcher: Notifying with (id:4313, workSpecId: dd9182fc-8432-48c5-8979-71de7938cdd7, notificationType :1)
09-29 00:11:21.446  7613  7742 I tflite  : Replacing 2145 out of 2145 node(s) with delegate (LITERT_CL) node, yielding 1 partitions for subgraph 1 (prefill_16).
09-29 00:11:21.485  7613  7742 I native  : I0000 00:00:1790658681.485534    7742 delegate_kernel.cc:330] Total 80 external tensors are used for delegate inputs and outputs
09-29 00:11:21.485  7613  7742 I native  : I0000 00:00:1790658681.485608    7742 delegate_kernel.cc:906] Initializing OpenCL-based API from serialized data.
09-29 00:11:21.561  7613  7742 I native  : I0000 00:00:1790658681.561496    7742 delegate_kernel.cc:804] Initialized InferenceContext from serialized data.
09-29 00:11:21.604  7613  7742 I tflite  : Replacing 2145 out of 2145 node(s) with delegate (LITERT_CL) node, yielding 1 partitions for subgraph 2 (prefill_256).
09-29 00:11:21.618  7613  7666 D WM-WorkProgressUpdater: Updating progress for f5502e1c-ae43-462f-92a9-b075b92d78ea (Data {pct : 68, mode : startup_runtime_logs})
09-29 00:11:21.618  7613  7745 D GitHubUploader: uploadStream: done url=https://github.com/ishizuki-tech/SurveyExports/blob/main/diagnostics/runtime_logs/2026-09-29/runtime_logs_startup_runtime_20260929_051106_992bdff7_receiver_boot_completed/runtime_log_20260929_051108_448_pid7613_receiver_boot_completed__rtlog_20260929_050935_259_pid6929_seq2.log sha=6a11160657ec4d6d72d9ec8ece0330c860378cb3
09-29 00:11:21.621  7613  7666 I WM-Processor: Moving WorkSpec (f5502e1c-ae43-462f-92a9-b075b92d78ea) to the foreground
09-29 00:11:21.625  7613  7613 D WM-SystemFgDispatcher: Notifying with (id:6811, workSpecId: f5502e1c-ae43-462f-92a9-b075b92d78ea, notificationType :1)
09-29 00:11:21.625  7613  7613 I NotificationManager: com.negi.survey: notify(6811, null, Notification(channel=uploads shortcut=null contentView=null vibrate=null sound=null defaults=0 flags=ONGOING_EVENT|ONLY_ALERT_ONCE color=0x00000000 category=progress vis=PRIVATE semFlags=0x0 semPriority=0 semMissedCount=0 semScenarioType=0)) as user
09-29 00:11:21.628  7613  7745 D RuntimeLogStore: deleteRolledLogFiles: deleted=1 excludeActive=true active=rtlog_20260929_051108_443_pid7613_seq2.log
09-29 00:11:21.628  7613  7745 D GitHubUploader: uploadStream: owner=ishizuki-tech repo=SurveyExports branch=main path=diagnostics/runtime_logs/2026-09-29/runtime_logs_startup_runtime_20260929_051106_992bdff7_receiver_boot_completed/runtime_log_20260929_051108_448_pid7613_receiver_boot_completed__rtlog_20260929_050722_621_pid6169_seq2.log size=8940 maxRawBytesHint=1000000 maxRequestBytesHint=2800000
09-29 00:11:21.628  7613  7655 D WM-WorkProgressUpdater: Updating progress for f5502e1c-ae43-462f-92a9-b075b92d78ea (Data {pct : 70, mode : startup_runtime_logs})
09-29 00:11:21.631  7613  7655 I WM-Processor: Moving WorkSpec (f5502e1c-ae43-462f-92a9-b075b92d78ea) to the foreground
09-29 00:11:21.634  7613  7742 I native  : I0000 00:00:1790658681.634814    7742 delegate_kernel.cc:330] Total 80 external tensors are used for delegate inputs and outputs
09-29 00:11:21.634  7613  7742 I native  : I0000 00:00:1790658681.634886    7742 delegate_kernel.cc:906] Initializing OpenCL-based API from serialized data.
09-29 00:11:21.635  7613  7613 D WM-SystemFgDispatcher: Notifying with (id:6811, workSpecId: f5502e1c-ae43-462f-92a9-b075b92d78ea, notificationType :1)
09-29 00:11:21.635  7613  7613 I NotificationManager: com.negi.survey: notify(6811, null, Notification(channel=uploads shortcut=null contentView=null vibrate=null sound=null defaults=0 flags=ONGOING_EVENT|ONLY_ALERT_ONCE color=0x00000000 category=progress vis=PRIVATE semFlags=0x0 semPriority=0 semMissedCount=0 semScenarioType=0)) as user
09-29 00:11:21.649  7613  7665 D WM-WorkProgressUpdater: Updating progress for 9483589e-cfcb-4744-96df-d67bb1af297e (Data {pct : 11, mode : file})
09-29 00:11:21.651  7613  7665 I WM-Processor: Moving WorkSpec (9483589e-cfcb-4744-96df-d67bb1af297e) to the foreground
09-29 00:11:21.652  7613  7665 D WM-WorkProgressUpdater: Updating progress for 9483589e-cfcb-4744-96df-d67bb1af297e (Data {pct : 13, mode : file})
09-29 00:11:21.654  7613  7665 I WM-Processor: Moving WorkSpec (9483589e-cfcb-4744-96df-d67bb1af297e) to the foreground
09-29 00:11:21.655  7613  7613 D WM-SystemFgDispatcher: Notifying with (id:6569, workSpecId: 9483589e-cfcb-4744-96df-d67bb1af297e, notificationType :1)
09-29 00:11:21.656  7613  7665 D WM-WorkProgressUpdater: Updating progress for 9483589e-cfcb-4744-96df-d67bb1af297e (Data {pct : 15, mode : file})
09-29 00:11:21.657  7613  7613 D WM-SystemFgDispatcher: Notifying with (id:6569, workSpecId: 9483589e-cfcb-4744-96df-d67bb1af297e, notificationType :1)
09-29 00:11:21.658  7613  7665 I WM-Processor: Moving WorkSpec (9483589e-cfcb-4744-96df-d67bb1af297e) to the foreground
09-29 00:11:21.663  7613  7613 D WM-SystemFgDispatcher: Notifying with (id:6569, workSpecId: 9483589e-cfcb-4744-96df-d67bb1af297e, notificationType :1)
09-29 00:11:21.663  7613  7665 D WM-WorkProgressUpdater: Updating progress for 9483589e-cfcb-4744-96df-d67bb1af297e (Data {pct : 17, mode : file})
09-29 00:11:21.665  7613  7665 I WM-Processor: Moving WorkSpec (9483589e-cfcb-4744-96df-d67bb1af297e) to the foreground
09-29 00:11:21.666  7613  7665 D WM-WorkProgressUpdater: Updating progress for 9483589e-cfcb-4744-96df-d67bb1af297e (Data {pct : 19, mode : file})
09-29 00:11:21.667  7613  7613 D WM-SystemFgDispatcher: Notifying with (id:6569, workSpecId: 9483589e-cfcb-4744-96df-d67bb1af297e, notificationType :1)
09-29 00:11:21.667  7613  7665 I WM-Processor: Moving WorkSpec (9483589e-cfcb-4744-96df-d67bb1af297e) to the foreground
09-29 00:11:21.671  7613  7665 D WM-WorkProgressUpdater: Updating progress for 9483589e-cfcb-4744-96df-d67bb1af297e (Data {pct : 21, mode : file})
09-29 00:11:21.672  7613  7665 I WM-Processor: Moving WorkSpec (9483589e-cfcb-4744-96df-d67bb1af297e) to the foreground
09-29 00:11:21.673  7613  7613 D WM-SystemFgDispatcher: Notifying with (id:6569, workSpecId: 9483589e-cfcb-4744-96df-d67bb1af297e, notificationType :1)
09-29 00:11:21.674  7613  7665 D WM-WorkProgressUpdater: Updating progress for 9483589e-cfcb-4744-96df-d67bb1af297e (Data {pct : 23, mode : file})
09-29 00:11:21.675  7613  7613 D WM-SystemFgDispatcher: Notifying with (id:6569, workSpecId: 9483589e-cfcb-4744-96df-d67bb1af297e, notificationType :1)
09-29 00:11:21.676  7613  7665 I WM-Processor: Moving WorkSpec (9483589e-cfcb-4744-96df-d67bb1af297e) to the foreground
09-29 00:11:21.680  7613  7613 D WM-SystemFgDispatcher: Notifying with (id:6569, workSpecId: 9483589e-cfcb-4744-96df-d67bb1af297e, notificationType :1)
09-29 00:11:21.680  7613  7665 D WM-WorkProgressUpdater: Updating progress for 9483589e-cfcb-4744-96df-d67bb1af297e (Data {pct : 24, mode : file})
09-29 00:11:21.682  7613  7665 I WM-Processor: Moving WorkSpec (9483589e-cfcb-4744-96df-d67bb1af297e) to the foreground
09-29 00:11:21.685  7613  7613 D WM-SystemFgDispatcher: Notifying with (id:6569, workSpecId: 9483589e-cfcb-4744-96df-d67bb1af297e, notificationType :1)
09-29 00:11:21.686  7613  7665 D WM-WorkProgressUpdater: Updating progress for 9483589e-cfcb-4744-96df-d67bb1af297e (Data {pct : 26, mode : file})
09-29 00:11:21.688  7613  7665 I WM-Processor: Moving WorkSpec (9483589e-cfcb-4744-96df-d67bb1af297e) to the foreground
09-29 00:11:21.691  7613  7665 D WM-WorkProgressUpdater: Updating progress for 9483589e-cfcb-4744-96df-d67bb1af297e (Data {pct : 28, mode : file})
09-29 00:11:21.691  7613  7613 D WM-SystemFgDispatcher: Notifying with (id:6569, workSpecId: 9483589e-cfcb-4744-96df-d67bb1af297e, notificationType :1)
09-29 00:11:21.692  7613  7665 I WM-Processor: Moving WorkSpec (9483589e-cfcb-4744-96df-d67bb1af297e) to the foreground
09-29 00:11:21.697  7613  7665 D WM-WorkProgressUpdater: Updating progress for 9483589e-cfcb-4744-96df-d67bb1af297e (Data {pct : 30, mode : file})
09-29 00:11:21.699  7613  7665 I WM-Processor: Moving WorkSpec (9483589e-cfcb-4744-96df-d67bb1af297e) to the foreground
09-29 00:11:21.700  7613  7665 D WM-WorkProgressUpdater: Updating progress for 9483589e-cfcb-4744-96df-d67bb1af297e (Data {pct : 32, mode : file})
09-29 00:11:21.701  7613  7665 I WM-Processor: Moving WorkSpec (9483589e-cfcb-4744-96df-d67bb1af297e) to the foreground
09-29 00:11:21.703  7613  7665 D WM-WorkProgressUpdater: Updating progress for 9483589e-cfcb-4744-96df-d67bb1af297e (Data {pct : 34, mode : file})
09-29 00:11:21.703  7613  7613 D WM-SystemFgDispatcher: Notifying with (id:6569, workSpecId: 9483589e-cfcb-4744-96df-d67bb1af297e, notificationType :1)
09-29 00:11:21.704  7613  7613 D WM-SystemFgDispatcher: Notifying with (id:6569, workSpecId: 9483589e-cfcb-4744-96df-d67bb1af297e, notificationType :1)
09-29 00:11:21.706  7613  7665 I WM-Processor: Moving WorkSpec (9483589e-cfcb-4744-96df-d67bb1af297e) to the foreground
09-29 00:11:21.708  7613  7665 D WM-WorkProgressUpdater: Updating progress for 9483589e-cfcb-4744-96df-d67bb1af297e (Data {pct : 36, mode : file})
09-29 00:11:21.710  7613  7613 D WM-SystemFgDispatcher: Notifying with (id:6569, workSpecId: 9483589e-cfcb-4744-96df-d67bb1af297e, notificationType :1)
09-29 00:11:21.711  7613  7613 D WM-SystemFgDispatcher: Notifying with (id:6569, workSpecId: 9483589e-cfcb-4744-96df-d67bb1af297e, notificationType :1)
09-29 00:11:21.712  7613  7664 I WM-Processor: Moving WorkSpec (9483589e-cfcb-4744-96df-d67bb1af297e) to the foreground
09-29 00:11:21.715  7613  7664 D WM-WorkProgressUpdater: Updating progress for 9483589e-cfcb-4744-96df-d67bb1af297e (Data {pct : 37, mode : file})
09-29 00:11:21.717  7613  7664 I WM-Processor: Moving WorkSpec (9483589e-cfcb-4744-96df-d67bb1af297e) to the foreground
09-29 00:11:21.717  7613  7613 D WM-SystemFgDispatcher: Notifying with (id:6569, workSpecId: 9483589e-cfcb-4744-96df-d67bb1af297e, notificationType :1)
09-29 00:11:21.718  7613  7664 D WM-WorkProgressUpdater: Updating progress for 9483589e-cfcb-4744-96df-d67bb1af297e (Data {pct : 39, mode : file})
09-29 00:11:21.718  7613  7613 D WM-SystemFgDispatcher: Notifying with (id:6569, workSpecId: 9483589e-cfcb-4744-96df-d67bb1af297e, notificationType :1)
09-29 00:11:21.720  7613  7664 I WM-Processor: Moving WorkSpec (9483589e-cfcb-4744-96df-d67bb1af297e) to the foreground
09-29 00:11:21.722  7613  7664 D WM-WorkProgressUpdater: Updating progress for 9483589e-cfcb-4744-96df-d67bb1af297e (Data {pct : 41, mode : file})
09-29 00:11:21.722  7613  7613 D WM-SystemFgDispatcher: Notifying with (id:6569, workSpecId: 9483589e-cfcb-4744-96df-d67bb1af297e, notificationType :1)
09-29 00:11:21.723  7613  7664 I WM-Processor: Moving WorkSpec (9483589e-cfcb-4744-96df-d67bb1af297e) to the foreground
09-29 00:11:21.724  7613  7613 D WM-SystemFgDispatcher: Notifying with (id:6569, workSpecId: 9483589e-cfcb-4744-96df-d67bb1af297e, notificationType :1)
09-29 00:11:21.724  7613  7664 D WM-WorkProgressUpdater: Updating progress for 9483589e-cfcb-4744-96df-d67bb1af297e (Data {pct : 43, mode : file})
09-29 00:11:21.726  7613  7664 I WM-Processor: Moving WorkSpec (9483589e-cfcb-4744-96df-d67bb1af297e) to the foreground
09-29 00:11:21.727  7613  7664 D WM-WorkProgressUpdater: Updating progress for 9483589e-cfcb-4744-96df-d67bb1af297e (Data {pct : 45, mode : file})
09-29 00:11:21.728  7613  7664 I WM-Processor: Moving WorkSpec (9483589e-cfcb-4744-96df-d67bb1af297e) to the foreground
09-29 00:11:21.729  7613  7613 D WM-SystemFgDispatcher: Notifying with (id:6569, workSpecId: 9483589e-cfcb-4744-96df-d67bb1af297e, notificationType :1)
09-29 00:11:21.729  7613  7664 D WM-WorkProgressUpdater: Updating progress for 9483589e-cfcb-4744-96df-d67bb1af297e (Data {pct : 47, mode : file})
09-29 00:11:21.730  7613  7613 D WM-SystemFgDispatcher: Notifying with (id:6569, workSpecId: 9483589e-cfcb-4744-96df-d67bb1af297e, notificationType :1)
09-29 00:11:21.731  7613  7664 I WM-Processor: Moving WorkSpec (9483589e-cfcb-4744-96df-d67bb1af297e) to the foreground
09-29 00:11:21.734  7613  7613 D WM-SystemFgDispatcher: Notifying with (id:6569, workSpecId: 9483589e-cfcb-4744-96df-d67bb1af297e, notificationType :1)
09-29 00:11:21.734  7613  7664 D WM-WorkProgressUpdater: Updating progress for 9483589e-cfcb-4744-96df-d67bb1af297e (Data {pct : 49, mode : file})
09-29 00:11:21.737  7613  7666 I WM-Processor: Moving WorkSpec (9483589e-cfcb-4744-96df-d67bb1af297e) to the foreground
09-29 00:11:21.738  7613  7613 D WM-SystemFgDispatcher: Notifying with (id:6569, workSpecId: 9483589e-cfcb-4744-96df-d67bb1af297e, notificationType :1)
09-29 00:11:21.739  7613  7666 D WM-WorkProgressUpdater: Updating progress for 9483589e-cfcb-4744-96df-d67bb1af297e (Data {pct : 50, mode : file})
09-29 00:11:21.740  7613  7666 I WM-Processor: Moving WorkSpec (9483589e-cfcb-4744-96df-d67bb1af297e) to the foreground
09-29 00:11:21.741  7613  7666 D WM-WorkProgressUpdater: Updating progress for 9483589e-cfcb-4744-96df-d67bb1af297e (Data {pct : 52, mode : file})
09-29 00:11:21.741  7613  7613 D WM-SystemFgDispatcher: Notifying with (id:6569, workSpecId: 9483589e-cfcb-4744-96df-d67bb1af297e, notificationType :1)
09-29 00:11:21.743  7613  7666 I WM-Processor: Moving WorkSpec (9483589e-cfcb-4744-96df-d67bb1af297e) to the foreground
09-29 00:11:21.746  7613  7613 D WM-SystemFgDispatcher: Notifying with (id:6569, workSpecId: 9483589e-cfcb-4744-96df-d67bb1af297e, notificationType :1)
09-29 00:11:21.746  7613  7666 D WM-WorkProgressUpdater: Updating progress for 9483589e-cfcb-4744-96df-d67bb1af297e (Data {pct : 54, mode : file})
09-29 00:11:21.750  7613  7666 I WM-Processor: Moving WorkSpec (9483589e-cfcb-4744-96df-d67bb1af297e) to the foreground
09-29 00:11:21.751  7613  7666 D WM-WorkProgressUpdater: Updating progress for 9483589e-cfcb-4744-96df-d67bb1af297e (Data {pct : 56, mode : file})
09-29 00:11:21.751  7613  7613 D WM-SystemFgDispatcher: Notifying with (id:6569, workSpecId: 9483589e-cfcb-4744-96df-d67bb1af297e, notificationType :1)
09-29 00:11:21.752  7613  7742 I native  : I0000 00:00:1790658681.751973    7742 delegate_kernel.cc:804] Initialized InferenceContext from serialized data.
09-29 00:11:21.754  7613  7666 I WM-Processor: Moving WorkSpec (9483589e-cfcb-4744-96df-d67bb1af297e) to the foreground
09-29 00:11:21.755  7613  7613 D WM-SystemFgDispatcher: Notifying with (id:6569, workSpecId: 9483589e-cfcb-4744-96df-d67bb1af297e, notificationType :1)
09-29 00:11:21.756  7613  7666 D WM-WorkProgressUpdater: Updating progress for 9483589e-cfcb-4744-96df-d67bb1af297e (Data {pct : 58, mode : file})
09-29 00:11:21.758  7613  7666 I WM-Processor: Moving WorkSpec (9483589e-cfcb-4744-96df-d67bb1af297e) to the foreground
09-29 00:11:21.759  7613  7666 D WM-WorkProgressUpdater: Updating progress for 9483589e-cfcb-4744-96df-d67bb1af297e (Data {pct : 60, mode : file})
09-29 00:11:21.760  7613  7666 I WM-Processor: Moving WorkSpec (9483589e-cfcb-4744-96df-d67bb1af297e) to the foreground
09-29 00:11:21.761  7613  7666 D WM-WorkProgressUpdater: Updating progress for 9483589e-cfcb-4744-96df-d67bb1af297e (Data {pct : 62, mode : file})
09-29 00:11:21.763  7613  7666 I WM-Processor: Moving WorkSpec (9483589e-cfcb-4744-96df-d67bb1af297e) to the foreground
09-29 00:11:21.763  7613  7666 D WM-WorkProgressUpdater: Updating progress for 9483589e-cfcb-4744-96df-d67bb1af297e (Data {pct : 64, mode : file})
09-29 00:11:21.765  7613  7666 I WM-Processor: Moving WorkSpec (9483589e-cfcb-4744-96df-d67bb1af297e) to the foreground
09-29 00:11:21.765  7613  7666 D WM-WorkProgressUpdater: Updating progress for 9483589e-cfcb-4744-96df-d67bb1af297e (Data {pct : 65, mode : file})
09-29 00:11:21.766  7613  7666 I WM-Processor: Moving WorkSpec (9483589e-cfcb-4744-96df-d67bb1af297e) to the foreground
09-29 00:11:21.767  7613  7666 D WM-WorkProgressUpdater: Updating progress for 9483589e-cfcb-4744-96df-d67bb1af297e (Data {pct : 67, mode : file})
09-29 00:11:21.769  7613  7666 I WM-Processor: Moving WorkSpec (9483589e-cfcb-4744-96df-d67bb1af297e) to the foreground
09-29 00:11:21.770  7613  7742 I litert  : [environment.cc:36] Creating LiteRT environment with options
09-29 00:11:21.770  7613  7666 D WM-WorkProgressUpdater: Updating progress for 9483589e-cfcb-4744-96df-d67bb1af297e (Data {pct : 69, mode : file})
09-29 00:11:21.770  7613  7742 W litert  : [npu_registry.cc:34] NPU accelerator could not be loaded and registered: kLiteRtStatusErrorInvalidArgument.
09-29 00:11:21.770  7613  7742 I litert  : [accelerator_registry.cc:54] RegisterAccelerator: ptr=0xb400007968c27b90, name=LiteRT GPU
09-29 00:11:21.770  7613  7742 I litert  : [gpu_registry.cc:87] Statically linked GPU accelerator registered.
09-29 00:11:21.770  7613  7742 I litert  : [accelerator_registry.cc:54] RegisterAccelerator: ptr=0xb400007968017150, name=CpuAccelerator
09-29 00:11:21.770  7613  7742 I litert  : [cpu_registry.cc:75] XNNPACK CPU accelerator registered.
09-29 00:11:21.779  7613  7666 I WM-Processor: Moving WorkSpec (9483589e-cfcb-4744-96df-d67bb1af297e) to the foreground
09-29 00:11:21.780  7613  7666 D WM-WorkProgressUpdater: Updating progress for 9483589e-cfcb-4744-96df-d67bb1af297e (Data {pct : 71, mode : file})
09-29 00:11:21.784  7613  7666 I WM-Processor: Moving WorkSpec (9483589e-cfcb-4744-96df-d67bb1af297e) to the foreground
09-29 00:11:21.784  7613  7633 I com.negi.survey: Explicit concurrent mark compact GC freed 5092KB AllocSpace bytes, 51(1004KB) LOS objects, 75% free, 7846KB/31MB, paused 385us,2.236ms total 28.201ms
09-29 00:11:21.796  7613  7655 D WM-WorkProgressUpdater: Updating progress for 9483589e-cfcb-4744-96df-d67bb1af297e (Data {pct : 73, mode : file})
09-29 00:11:21.797  7613  7613 D WM-SystemFgDispatcher: Notifying with (id:6569, workSpecId: 9483589e-cfcb-4744-96df-d67bb1af297e, notificationType :1)
09-29 00:11:21.798  7613  7655 I WM-Processor: Moving WorkSpec (9483589e-cfcb-4744-96df-d67bb1af297e) to the foreground
09-29 00:11:21.798  7613  7613 D WM-SystemFgDispatcher: Notifying with (id:6569, workSpecId: 9483589e-cfcb-4744-96df-d67bb1af297e, notificationType :1)
09-29 00:11:21.802  7613  7655 D WM-WorkProgressUpdater: Updating progress for 9483589e-cfcb-4744-96df-d67bb1af297e (Data {pct : 75, mode : file})
09-29 00:11:21.804  7613  7613 D WM-SystemFgDispatcher: Notifying with (id:6569, workSpecId: 9483589e-cfcb-4744-96df-d67bb1af297e, notificationType :1)
09-29 00:11:21.805  7613  7655 I WM-Processor: Moving WorkSpec (9483589e-cfcb-4744-96df-d67bb1af297e) to the foreground
09-29 00:11:21.807  7613  7613 D WM-SystemFgDispatcher: Notifying with (id:6569, workSpecId: 9483589e-cfcb-4744-96df-d67bb1af297e, notificationType :1)
09-29 00:11:21.810  7613  7655 D WM-WorkProgressUpdater: Updating progress for 9483589e-cfcb-4744-96df-d67bb1af297e (Data {pct : 77, mode : file})
09-29 00:11:21.811  7613  7613 D WM-SystemFgDispatcher: Notifying with (id:6569, workSpecId: 9483589e-cfcb-4744-96df-d67bb1af297e, notificationType :1)
09-29 00:11:21.812  7613  7655 I WM-Processor: Moving WorkSpec (9483589e-cfcb-4744-96df-d67bb1af297e) to the foreground
09-29 00:11:21.813  7613  7613 D WM-SystemFgDispatcher: Notifying with (id:6569, workSpecId: 9483589e-cfcb-4744-96df-d67bb1af297e, notificationType :1)
09-29 00:11:21.814  7613  7655 D WM-WorkProgressUpdater: Updating progress for 9483589e-cfcb-4744-96df-d67bb1af297e (Data {pct : 78, mode : file})
09-29 00:11:21.815  7613  7613 D WM-SystemFgDispatcher: Notifying with (id:6569, workSpecId: 9483589e-cfcb-4744-96df-d67bb1af297e, notificationType :1)
09-29 00:11:21.816  7613  7655 I WM-Processor: Moving WorkSpec (9483589e-cfcb-4744-96df-d67bb1af297e) to the foreground
09-29 00:11:21.817  7613  7613 D WM-SystemFgDispatcher: Notifying with (id:6569, workSpecId: 9483589e-cfcb-4744-96df-d67bb1af297e, notificationType :1)
09-29 00:11:21.819  7613  7655 D WM-WorkProgressUpdater: Updating progress for 9483589e-cfcb-4744-96df-d67bb1af297e (Data {pct : 80, mode : file})
09-29 00:11:21.820  7613  7613 D WM-SystemFgDispatcher: Notifying with (id:6569, workSpecId: 9483589e-cfcb-4744-96df-d67bb1af297e, notificationType :1)
09-29 00:11:21.820  7613  7655 I WM-Processor: Moving WorkSpec (9483589e-cfcb-4744-96df-d67bb1af297e) to the foreground
09-29 00:11:21.821  7613  7655 D WM-WorkProgressUpdater: Updating progress for 9483589e-cfcb-4744-96df-d67bb1af297e (Data {pct : 82, mode : file})
09-29 00:11:21.823  7613  7613 D WM-SystemFgDispatcher: Notifying with (id:6569, workSpecId: 9483589e-cfcb-4744-96df-d67bb1af297e, notificationType :1)
09-29 00:11:21.824  7613  7655 I WM-Processor: Moving WorkSpec (9483589e-cfcb-4744-96df-d67bb1af297e) to the foreground
09-29 00:11:21.824  7613  7613 D WM-SystemFgDispatcher: Notifying with (id:6569, workSpecId: 9483589e-cfcb-4744-96df-d67bb1af297e, notificationType :1)
09-29 00:11:21.826  7613  7655 D WM-WorkProgressUpdater: Updating progress for 9483589e-cfcb-4744-96df-d67bb1af297e (Data {pct : 84, mode : file})
09-29 00:11:21.827  7613  7613 D WM-SystemFgDispatcher: Notifying with (id:6569, workSpecId: 9483589e-cfcb-4744-96df-d67bb1af297e, notificationType :1)
09-29 00:11:21.827  7613  7655 I WM-Processor: Moving WorkSpec (9483589e-cfcb-4744-96df-d67bb1af297e) to the foreground
09-29 00:11:21.828  7613  7655 D WM-WorkProgressUpdater: Updating progress for 9483589e-cfcb-4744-96df-d67bb1af297e (Data {pct : 86, mode : file})
09-29 00:11:21.830  7613  7655 I WM-Processor: Moving WorkSpec (9483589e-cfcb-4744-96df-d67bb1af297e) to the foreground
09-29 00:11:21.831  7613  7655 D WM-WorkProgressUpdater: Updating progress for 9483589e-cfcb-4744-96df-d67bb1af297e (Data {pct : 88, mode : file})
09-29 00:11:21.831  7613  7613 D WM-SystemFgDispatcher: Notifying with (id:6569, workSpecId: 9483589e-cfcb-4744-96df-d67bb1af297e, notificationType :1)
09-29 00:11:21.831  7613  7613 I NotificationManager: com.negi.survey: notify(6569, null, Notification(channel=uploads shortcut=null contentView=null vibrate=null sound=null defaults=0 flags=ONGOING_EVENT|ONLY_ALERT_ONCE color=0x00000000 category=progress vis=PRIVATE semFlags=0x0 semPriority=0 semMissedCount=0 semScenarioType=0)) as user
09-29 00:11:21.833  7613  7655 I WM-Processor: Moving WorkSpec (9483589e-cfcb-4744-96df-d67bb1af297e) to the foreground
09-29 00:11:21.834  7613  7613 D WM-SystemFgDispatcher: Notifying with (id:6569, workSpecId: 9483589e-cfcb-4744-96df-d67bb1af297e, notificationType :1)
09-29 00:11:21.837  7613  7655 D WM-WorkProgressUpdater: Updating progress for 9483589e-cfcb-4744-96df-d67bb1af297e (Data {pct : 90, mode : file})
09-29 00:11:21.839  7613  7655 I WM-Processor: Moving WorkSpec (9483589e-cfcb-4744-96df-d67bb1af297e) to the foreground
09-29 00:11:21.840  7613  7613 D WM-SystemFgDispatcher: Notifying with (id:6569, workSpecId: 9483589e-cfcb-4744-96df-d67bb1af297e, notificationType :1)
09-29 00:11:21.842  7613  7613 D WM-SystemFgDispatcher: Notifying with (id:6569, workSpecId: 9483589e-cfcb-4744-96df-d67bb1af297e, notificationType :1)
09-29 00:11:21.844  7613  7613 D WM-SystemFgDispatcher: Notifying with (id:6569, workSpecId: 9483589e-cfcb-4744-96df-d67bb1af297e, notificationType :1)
09-29 00:11:21.847  7613  7613 D WM-SystemFgDispatcher: Notifying with (id:6569, workSpecId: 9483589e-cfcb-4744-96df-d67bb1af297e, notificationType :1)
09-29 00:11:21.848  7613  7655 D WM-WorkProgressUpdater: Updating progress for 62393af5-049b-499b-9946-5f6ae35af179 (Data {pct : 34, mode : file})
09-29 00:11:21.851  7613  7655 I WM-Processor: Moving WorkSpec (62393af5-049b-499b-9946-5f6ae35af179) to the foreground
09-29 00:11:21.854  7613  7655 D WM-WorkProgressUpdater: Updating progress for 62393af5-049b-499b-9946-5f6ae35af179 (Data {pct : 58, mode : file})
09-29 00:11:21.855  7613  7613 D WM-SystemFgDispatcher: Notifying with (id:7517, workSpecId: 62393af5-049b-499b-9946-5f6ae35af179, notificationType :1)
09-29 00:11:21.857  7613  7655 I WM-Processor: Moving WorkSpec (62393af5-049b-499b-9946-5f6ae35af179) to the foreground
09-29 00:11:21.858  7613  7613 D WM-SystemFgDispatcher: Notifying with (id:7517, workSpecId: 62393af5-049b-499b-9946-5f6ae35af179, notificationType :1)
09-29 00:11:21.858  7613  7655 D WM-WorkProgressUpdater: Updating progress for 62393af5-049b-499b-9946-5f6ae35af179 (Data {pct : 82, mode : file})
09-29 00:11:21.861  7613  7655 I WM-Processor: Moving WorkSpec (62393af5-049b-499b-9946-5f6ae35af179) to the foreground
09-29 00:11:21.862  7613  7655 D WM-WorkProgressUpdater: Updating progress for 62393af5-049b-499b-9946-5f6ae35af179 (Data {pct : 90, mode : file})
09-29 00:11:21.863  7613  7613 D WM-SystemFgDispatcher: Notifying with (id:7517, workSpecId: 62393af5-049b-499b-9946-5f6ae35af179, notificationType :1)
09-29 00:11:21.865  7613  7655 I WM-Processor: Moving WorkSpec (62393af5-049b-499b-9946-5f6ae35af179) to the foreground
09-29 00:11:21.867  7613  7655 D WM-WorkProgressUpdater: Updating progress for 77c43d23-cdf2-45c6-b1b4-91d9fe8c57e7 (Data {pct : 26, mode : file})
09-29 00:11:21.867  7613  7613 D WM-SystemFgDispatcher: Notifying with (id:7517, workSpecId: 62393af5-049b-499b-9946-5f6ae35af179, notificationType :1)
09-29 00:11:21.870  7613  7655 I WM-Processor: Moving WorkSpec (77c43d23-cdf2-45c6-b1b4-91d9fe8c57e7) to the foreground
09-29 00:11:21.873  7613  7655 D WM-WorkProgressUpdater: Updating progress for 77c43d23-cdf2-45c6-b1b4-91d9fe8c57e7 (Data {pct : 43, mode : file})
09-29 00:11:21.873  7613  7613 D WM-SystemFgDispatcher: Notifying with (id:10160, workSpecId: 77c43d23-cdf2-45c6-b1b4-91d9fe8c57e7, notificationType :1)
09-29 00:11:21.876  7613  7655 I WM-Processor: Moving WorkSpec (77c43d23-cdf2-45c6-b1b4-91d9fe8c57e7) to the foreground
09-29 00:11:21.877  7613  7655 D WM-WorkProgressUpdater: Updating progress for 77c43d23-cdf2-45c6-b1b4-91d9fe8c57e7 (Data {pct : 60, mode : file})
09-29 00:11:21.877  7613  7613 D WM-SystemFgDispatcher: Notifying with (id:10160, workSpecId: 77c43d23-cdf2-45c6-b1b4-91d9fe8c57e7, notificationType :1)
09-29 00:11:21.880  7613  7655 I WM-Processor: Moving WorkSpec (77c43d23-cdf2-45c6-b1b4-91d9fe8c57e7) to the foreground
09-29 00:11:21.882  7613  7666 D WM-WorkProgressUpdater: Updating progress for 77c43d23-cdf2-45c6-b1b4-91d9fe8c57e7 (Data {pct : 77, mode : file})
09-29 00:11:21.883  7613  7613 D WM-SystemFgDispatcher: Notifying with (id:10160, workSpecId: 77c43d23-cdf2-45c6-b1b4-91d9fe8c57e7, notificationType :1)
09-29 00:11:21.886  7613  7666 I WM-Processor: Moving WorkSpec (77c43d23-cdf2-45c6-b1b4-91d9fe8c57e7) to the foreground
09-29 00:11:21.889  7613  7666 D WM-WorkProgressUpdater: Updating progress for 77c43d23-cdf2-45c6-b1b4-91d9fe8c57e7 (Data {pct : 90, mode : file})
09-29 00:11:21.889  7613  7613 D WM-SystemFgDispatcher: Notifying with (id:10160, workSpecId: 77c43d23-cdf2-45c6-b1b4-91d9fe8c57e7, notificationType :1)
09-29 00:11:21.893  7613  7666 I WM-Processor: Moving WorkSpec (77c43d23-cdf2-45c6-b1b4-91d9fe8c57e7) to the foreground
09-29 00:11:21.898  7613  7613 D WM-SystemFgDispatcher: Notifying with (id:10160, workSpecId: 77c43d23-cdf2-45c6-b1b4-91d9fe8c57e7, notificationType :1)
09-29 00:11:21.898  7613  7666 D WM-WorkProgressUpdater: Updating progress for addf75e8-c004-42df-b8b8-31b3d025e91b (Data {pct : 27, mode : file})
09-29 00:11:21.902  7613  7666 I WM-Processor: Moving WorkSpec (addf75e8-c004-42df-b8b8-31b3d025e91b) to the foreground
09-29 00:11:21.904  7613  7666 D WM-WorkProgressUpdater: Updating progress for addf75e8-c004-42df-b8b8-31b3d025e91b (Data {pct : 44, mode : file})
09-29 00:11:21.906  7613  7613 D WM-SystemFgDispatcher: Notifying with (id:5944, workSpecId: addf75e8-c004-42df-b8b8-31b3d025e91b, notificationType :1)
09-29 00:11:21.908  7613  7666 I WM-Processor: Moving WorkSpec (addf75e8-c004-42df-b8b8-31b3d025e91b) to the foreground
09-29 00:11:21.910  7613  7666 D WM-WorkProgressUpdater: Updating progress for addf75e8-c004-42df-b8b8-31b3d025e91b (Data {pct : 61, mode : file})
09-29 00:11:21.913  7613  7613 D WM-SystemFgDispatcher: Notifying with (id:5944, workSpecId: addf75e8-c004-42df-b8b8-31b3d025e91b, notificationType :1)
09-29 00:11:21.914  7613  7666 I WM-Processor: Moving WorkSpec (addf75e8-c004-42df-b8b8-31b3d025e91b) to the foreground
09-29 00:11:21.920  7613  7666 D WM-WorkProgressUpdater: Updating progress for addf75e8-c004-42df-b8b8-31b3d025e91b (Data {pct : 79, mode : file})
09-29 00:11:21.922  7613  7613 D WM-SystemFgDispatcher: Notifying with (id:5944, workSpecId: addf75e8-c004-42df-b8b8-31b3d025e91b, notificationType :1)
09-29 00:11:21.923  7613  7666 I WM-Processor: Moving WorkSpec (addf75e8-c004-42df-b8b8-31b3d025e91b) to the foreground
09-29 00:11:21.925  7613  7742 W native  : W0000 00:00:1790658681.925198    7742 litert_lm_loader.cc:291] Section not found: 
09-29 00:11:21.925  7613  7742 W native  : W0000 00:00:1790658681.925242    7742 litert_lm_loader.h:129] TFLite model for type: TF_LITE_END_OF_VISION not found. Skipping.
09-29 00:11:21.925  7613  7613 D WM-SystemFgDispatcher: Notifying with (id:5944, workSpecId: addf75e8-c004-42df-b8b8-31b3d025e91b, notificationType :1)
09-29 00:11:21.925  7613  7666 D WM-WorkProgressUpdater: Updating progress for addf75e8-c004-42df-b8b8-31b3d025e91b (Data {pct : 90, mode : file})
09-29 00:11:21.928  7613  7666 I WM-Processor: Moving WorkSpec (addf75e8-c004-42df-b8b8-31b3d025e91b) to the foreground
09-29 00:11:21.928  7613  7742 I litert  : [compiled_model.cc:833] Flatbuffer model initialized directly from incoming litert model.
09-29 00:11:21.929  7613  7664 D WM-WorkProgressUpdater: Updating progress for f5502e1c-ae43-462f-92a9-b075b92d78ea (Data {pct : 73, mode : startup_runtime_logs})
09-29 00:11:21.930  7613  7613 D WM-SystemFgDispatcher: Notifying with (id:5944, workSpecId: addf75e8-c004-42df-b8b8-31b3d025e91b, notificationType :1)
09-29 00:11:21.932  7613  7664 I WM-Processor: Moving WorkSpec (f5502e1c-ae43-462f-92a9-b075b92d78ea) to the foreground
09-29 00:11:21.933  7613  7613 D WM-SystemFgDispatcher: Notifying with (id:6811, workSpecId: f5502e1c-ae43-462f-92a9-b075b92d78ea, notificationType :1)
09-29 00:11:21.933  7613  7664 D WM-WorkProgressUpdater: Updating progress for f5502e1c-ae43-462f-92a9-b075b92d78ea (Data {pct : 94, mode : startup_runtime_logs})
09-29 00:11:21.935  7613  7664 I WM-Processor: Moving WorkSpec (f5502e1c-ae43-462f-92a9-b075b92d78ea) to the foreground
09-29 00:11:21.936  7613  7664 D WM-WorkProgressUpdater: Updating progress for f5502e1c-ae43-462f-92a9-b075b92d78ea (Data {pct : 97, mode : startup_runtime_logs})
09-29 00:11:21.938  7613  7613 D WM-SystemFgDispatcher: Notifying with (id:6811, workSpecId: f5502e1c-ae43-462f-92a9-b075b92d78ea, notificationType :1)
09-29 00:11:21.938  7613  7664 I WM-Processor: Moving WorkSpec (f5502e1c-ae43-462f-92a9-b075b92d78ea) to the foreground
09-29 00:11:21.938  7613  7742 W litert  : [compiled_model.cc:986] You should provide the `DispatchLibraryDir` option to use NPU.
09-29 00:11:21.939  7613  7742 I tflite  : Created TensorFlow Lite XNNPACK delegate for CPU.
09-29 00:11:21.939  7613  7742 I tflite  : Replacing 2 out of 10 node(s) with delegate (TfLiteXNNPackDelegate) node, yielding 2 partitions for subgraph 0 (main).
09-29 00:11:21.940  7613  7613 D WM-SystemFgDispatcher: Notifying with (id:6811, workSpecId: f5502e1c-ae43-462f-92a9-b075b92d78ea, notificationType :1)
09-29 00:11:21.941  7613  7742 I litert  : [compiled_model.cc:833] Flatbuffer model initialized directly from incoming litert model.
09-29 00:11:21.941  7613  7742 W litert  : [compiled_model.cc:986] You should provide the `DispatchLibraryDir` option to use NPU.
09-29 00:11:21.941  7613  7742 I litert  : [compiled_model.cc:1790] Tracked constant output tensor eoa_embedding with locked address
09-29 00:11:21.978  7613  7742 I litert  : [compiled_model.cc:833] Flatbuffer model initialized directly from incoming litert model.
09-29 00:11:21.980  7613  7655 D WM-WorkProgressUpdater: Updating progress for 0a41d9da-64f6-4a6a-a847-34e18f759560 (Data {pct : 27, mode : file})
09-29 00:11:21.982  7613  7655 I WM-Processor: Moving WorkSpec (0a41d9da-64f6-4a6a-a847-34e18f759560) to the foreground
09-29 00:11:21.984  7613  7613 D WM-SystemFgDispatcher: Notifying with (id:8187, workSpecId: 0a41d9da-64f6-4a6a-a847-34e18f759560, notificationType :1)
09-29 00:11:21.984  7613  7655 D WM-WorkProgressUpdater: Updating progress for 0a41d9da-64f6-4a6a-a847-34e18f759560 (Data {pct : 44, mode : file})
09-29 00:11:21.986  7613  7655 I WM-Processor: Moving WorkSpec (0a41d9da-64f6-4a6a-a847-34e18f759560) to the foreground
09-29 00:11:21.988  7613  7655 D WM-WorkProgressUpdater: Updating progress for 0a41d9da-64f6-4a6a-a847-34e18f759560 (Data {pct : 61, mode : file})
09-29 00:11:21.988  7613  7613 D WM-SystemFgDispatcher: Notifying with (id:8187, workSpecId: 0a41d9da-64f6-4a6a-a847-34e18f759560, notificationType :1)
09-29 00:11:21.990  7613  7655 I WM-Processor: Moving WorkSpec (0a41d9da-64f6-4a6a-a847-34e18f759560) to the foreground
09-29 00:11:21.992  7613  7613 D WM-SystemFgDispatcher: Notifying with (id:8187, workSpecId: 0a41d9da-64f6-4a6a-a847-34e18f759560, notificationType :1)
09-29 00:11:21.992  7613  7665 D WM-WorkProgressUpdater: Updating progress for 0a41d9da-64f6-4a6a-a847-34e18f759560 (Data {pct : 78, mode : file})
09-29 00:11:21.996  7613  7665 I WM-Processor: Moving WorkSpec (0a41d9da-64f6-4a6a-a847-34e18f759560) to the foreground
09-29 00:11:21.997  7613  7665 D WM-WorkProgressUpdater: Updating progress for 0a41d9da-64f6-4a6a-a847-34e18f759560 (Data {pct : 90, mode : file})
09-29 00:11:21.997  7613  7613 D WM-SystemFgDispatcher: Notifying with (id:8187, workSpecId: 0a41d9da-64f6-4a6a-a847-34e18f759560, notificationType :1)
09-29 00:11:22.000  7613  7665 I WM-Processor: Moving WorkSpec (0a41d9da-64f6-4a6a-a847-34e18f759560) to the foreground
09-29 00:11:22.002  7613  7613 D WM-SystemFgDispatcher: Notifying with (id:8187, workSpecId: 0a41d9da-64f6-4a6a-a847-34e18f759560, notificationType :1)
09-29 00:11:22.050  7613  7748 D GitHubUploader: uploadStream: done url=https://github.com/ishizuki-tech/SurveyExports/blob/main/diagnostics/crash/2026-09-29/prevlog_20260929_040452_pid25868.log sha=aab4341fd03662df1d2297c92e3669c03f345c6e
09-29 00:11:22.050  7613  7665 D WM-WorkProgressUpdater: Updating progress for 719b4369-62e5-4050-a85c-dca1f31313a3 (Data {pct : 95, mode : file})
09-29 00:11:22.054  7613  7665 I WM-Processor: Moving WorkSpec (719b4369-62e5-4050-a85c-dca1f31313a3) to the foreground
09-29 00:11:22.057  7613  7613 D WM-SystemFgDispatcher: Notifying with (id:10841, workSpecId: 719b4369-62e5-4050-a85c-dca1f31313a3, notificationType :1)
09-29 00:11:22.057  7613  7613 I NotificationManager: com.negi.survey: notify(10841, null, Notification(channel=uploads shortcut=null contentView=null vibrate=null sound=null defaults=0 flags=ONGOING_EVENT|ONLY_ALERT_ONCE color=0x00000000 category=progress vis=PRIVATE semFlags=0x0 semPriority=0 semMissedCount=0 semScenarioType=0)) as user
09-29 00:11:22.060  7613  7665 I WM-Processor: Moving WorkSpec (719b4369-62e5-4050-a85c-dca1f31313a3) to the foreground
09-29 00:11:22.062  7613  7666 I WM-WorkerWrapper: Worker result SUCCESS for Work [ id=719b4369-62e5-4050-a85c-dca1f31313a3, tags={ com.negi.survey.net.GitHubUploadWorker,github_upload,github_upload:crash:diagnostics_crash_prevlog_20260929_040452_pid25868.log_9eeaa728 } ]
09-29 00:11:22.063  7613  7613 D WM-SystemFgDispatcher: Notifying with (id:10841, workSpecId: 719b4369-62e5-4050-a85c-dca1f31313a3, notificationType :1)
09-29 00:11:22.063  7613  7613 I NotificationManager: com.negi.survey: notify(10841, null, Notification(channel=uploads shortcut=null contentView=null vibrate=null sound=null defaults=0 flags=ONLY_ALERT_ONCE color=0x00000000 category=progress vis=PRIVATE semFlags=0x0 semPriority=0 semMissedCount=0 semScenarioType=0)) as user
09-29 00:11:22.065  7613  7613 D WM-Processor: Processor 719b4369-62e5-4050-a85c-dca1f31313a3 executed; reschedule = false
09-29 00:11:22.066  7613  7613 D WM-GreedyScheduler: Stopping tracking for WorkGenerationalId(workSpecId=719b4369-62e5-4050-a85c-dca1f31313a3, generation=0)
09-29 00:11:22.066  7613  7613 D WM-SystemJobService: 719b4369-62e5-4050-a85c-dca1f31313a3 executed on JobScheduler
09-29 00:11:22.066  7613  7613 D WM-SystemFgDispatcher: Removing Notification (id: 10841, workSpecId: WorkGenerationalId(workSpecId=719b4369-62e5-4050-a85c-dca1f31313a3, generation=0), notificationType: 1
09-29 00:11:22.083  7613  7666 D WM-GreedyScheduler: Cancelling work ID 719b4369-62e5-4050-a85c-dca1f31313a3
09-29 00:11:22.136  7613  7742 W litert  : [compiled_model.cc:986] You should provide the `DispatchLibraryDir` option to use NPU.
09-29 00:11:22.136  7613  7742 I tflite  : Replacing 1 out of 44 node(s) with delegate (TfLiteXNNPackDelegate) node, yielding 2 partitions for subgraph 0 (main).
09-29 00:11:22.138  7613  7742 W LiteRtLM: Engine.initialize completed: key='fs|dev=65088|ino=23726|size=4919541760|mtime=1790636955288' backend=com.google.ai.edge.litertlm.Backend$GPU@d94fd86 took=8612ms cacheFilesAfter=2
09-29 00:11:22.141  7613  7742 W LiteRtLM: Engine.initialize completed: key='fs|dev=65088|ino=23726|size=4919541760|mtime=1790636955288' backend=com.google.ai.edge.litertlm.Backend$GPU@d94fd86 took=8612ms cacheFilesAfter=2
09-29 00:11:22.152  7613  7742 D LiteRtLM: createConversation completed: key='fs|dev=65088|ino=23726|size=4919541760|mtime=1790636955288' took=10ms
09-29 00:11:22.152  7613  7742 D LiteRtLM: LiteRT-LM initialization succeeded: model='Gemma3n4B', key='fs|dev=65088|ino=23726|size=4919541760|mtime=1790636955288' engineMs=8612 conversationMs=10 totalMs=8631
09-29 00:11:22.155  7613  7742 D HeavyModelRuntime: SLM lease released
09-29 00:11:22.168  7613  7665 D WM-WorkProgressUpdater: Updating progress for fdb2def7-3b18-4194-8f3a-0ab9c8e17363 (Data {pct : 27, mode : file})
09-29 00:11:22.170  7613  7613 D AiTrace : Installed (enabled=true ringEnabled=true)
09-29 00:11:22.172  7613  7665 I WM-Processor: Moving WorkSpec (fdb2def7-3b18-4194-8f3a-0ab9c8e17363) to the foreground
09-29 00:11:22.173  7613  7665 D WM-WorkProgressUpdater: Updating progress for fdb2def7-3b18-4194-8f3a-0ab9c8e17363 (Data {pct : 44, mode : file})
09-29 00:11:22.174  7613  7665 I WM-Processor: Moving WorkSpec (fdb2def7-3b18-4194-8f3a-0ab9c8e17363) to the foreground
09-29 00:11:22.175  7613  7613 D SurveyVM: init -> Start, session=0, uuid=34143edb-b5df-494c-a468-03318e74713a, navSize=1, graphSize=22
09-29 00:11:22.175  7613  7665 D WM-WorkProgressUpdater: Updating progress for fdb2def7-3b18-4194-8f3a-0ab9c8e17363 (Data {pct : 61, mode : file})
09-29 00:11:22.177  7613  7665 I WM-Processor: Moving WorkSpec (fdb2def7-3b18-4194-8f3a-0ab9c8e17363) to the foreground
09-29 00:11:22.178  7613  7665 D WM-WorkProgressUpdater: Updating progress for fdb2def7-3b18-4194-8f3a-0ab9c8e17363 (Data {pct : 78, mode : file})
09-29 00:11:22.182  7613  7613 D SurveyVM: config.validate -> issues=0
09-29 00:11:22.182  7613  7613 D SurveyVM: promptSources -> legacy=10, eval=0, follow=0
09-29 00:11:22.182  7613  7613 D SurveyVM: promptSources.preview -> legacy=[Q10, Q11, Q12, Q13, Q14, Q15, Q16, Q7, Q8, Q9], eval=[], follow=[]
09-29 00:11:22.182  7613  7613 D SurveyVM: hasTwoStepPrompt[Q10] -> true (eval=219, fu=244)
09-29 00:11:22.183  7613  7665 I WM-Processor: Moving WorkSpec (fdb2def7-3b18-4194-8f3a-0ab9c8e17363) to the foreground
09-29 00:11:22.183  7613  7613 D SurveyVM: hasTwoStepPrompt[Q11] -> true (eval=229, fu=254)
09-29 00:11:22.183  7613  7613 D SurveyVM: hasTwoStepPrompt[Q12] -> true (eval=184, fu=209)
09-29 00:11:22.183  7613  7613 D SurveyVM: hasTwoStepPrompt[Q13] -> true (eval=221, fu=246)
09-29 00:11:22.183  7613  7613 D SurveyVM: hasTwoStepPrompt[Q14] -> true (eval=160, fu=185)
09-29 00:11:22.183  7613  7613 D SurveyVM: hasTwoStepPrompt[Q15] -> true (eval=185, fu=210)
09-29 00:11:22.183  7613  7613 D SurveyVM: hasTwoStepPrompt[Q16] -> true (eval=200, fu=225)
09-29 00:11:22.183  7613  7613 D SurveyVM: hasTwoStepPrompt[Q7] -> true (eval=248, fu=273)
09-29 00:11:22.183  7613  7613 D SurveyVM: hasTwoStepPrompt[Q8] -> true (eval=190, fu=215)
09-29 00:11:22.183  7613  7613 D SurveyVM: hasTwoStepPrompt[Q9] -> true (eval=195, fu=220)
09-29 00:11:22.183  7613  7613 D SurveyVM: AI prompt coverage OK (aiCount=10)
09-29 00:11:22.184  7613  7665 D WM-WorkProgressUpdater: Updating progress for fdb2def7-3b18-4194-8f3a-0ab9c8e17363 (Data {pct : 90, mode : file})
09-29 00:11:22.185  7613  7665 I WM-Processor: Moving WorkSpec (fdb2def7-3b18-4194-8f3a-0ab9c8e17363) to the foreground
09-29 00:11:22.199  7613  7613 I TextToSpeech: Create TextToSpeech : caller process id[7613] / name[com.negi.survey] / target[null]
09-29 00:11:22.230  7613  7613 I TextToSpeech: com.negi.survey is not allowed to bind to private engine.
09-29 00:11:22.237  7613  7613 I TextToSpeech: getHighestRankedPublicEngineName = com.google.android.tts
09-29 00:11:22.240  7613  7613 I TextToSpeech: Sucessfully bound to com.google.android.tts
09-29 00:11:22.401  7613  7613 I View    : setRequestedFrameRate frameRate=-4.0, this=android.view.View{240bb52 V.ED..... ........ 0,0-0,0}, caller=androidx.compose.ui.platform.Api35Impl.setRequestedFrameRate:4047 androidx.compose.ui.platform.AndroidComposeView.dispatchDraw:2282 android.view.View.draw:26758 android.view.View.updateDisplayListIfDirty:25577 android.view.View.draw:26477 
09-29 00:11:22.403  7613  7613 D MainActivity: SLM Engine warm-up started. session=survey_config10.yaml@1 model=Gemma3n4B
09-29 00:11:22.403  7613  7613 D HeavyModelRuntime: Whisper -> SLM: releasing Whisper
09-29 00:11:22.403  7613  7613 D HeavyModelRuntime: Whisper -> SLM: Whisper released
09-29 00:11:22.404  7613  7954 D SLM     : initializeIfNeeded: model='Gemma3n4B' image=false audio=false
09-29 00:11:22.405  7613  7613 D WhisperSpeechController: updateContext: surveyId=34143edb-b5df-494c-a468-03318e74713a, questionId=Start
09-29 00:11:22.405  7613  7954 D LiteRtLM: initializeIfNeeded: warm runtime already ready: key='fs|dev=65088|ino=23726|size=4919541760|mtime=1790636955288'
09-29 00:11:22.408  7613  7613 D LiteRtRepository: warmUp: initializeIfNeeded ok gateWaitMs=0 initMs=4
09-29 00:11:22.408  7613  7613 D HeavyModelRuntime: SLM lease released
09-29 00:11:22.408  7613  7613 D LiteRtRepository: warmUp: Engine ready; representative inference disabled totalMs=5
09-29 00:11:22.408  7613  7613 D MainActivity: SLM Engine warm-up finished. session=survey_config10.yaml@1 model=Gemma3n4B elapsedMs=5
09-29 00:11:22.409  7613  7613 W MainActivity: SLM diagnostic inference start: session=survey_config10.yaml@1 promptChars=111
09-29 00:11:22.411  7613  7613 I View    : setRequestedFrameRate frameRate=NaN, this=android.view.View{240bb52 V.ED..... ........ 0,0-0,0}, caller=androidx.compose.ui.platform.Api35Impl.setRequestedFrameRate:4047 androidx.compose.ui.platform.AndroidComposeView.dispatchDraw:2282 android.view.View.draw:26758 android.view.View.updateDisplayListIfDirty:25577 android.view.ViewGroup.recreateChildDisplayList:4881 
09-29 00:11:22.412  7613  7748 D HeavyModelRuntime: Whisper -> SLM: releasing Whisper
09-29 00:11:22.412  7613  7748 D HeavyModelRuntime: Whisper -> SLM: Whisper released
09-29 00:11:22.412  7613  7748 D LiteRtRepository: [1] request start model='Gemma3n4B' prompt.len=111 sha=19a803cba166cfa8 gateWaitMs=3
09-29 00:11:22.413  7613  7748 D LiteRtRepository: [part=000] [1] PROMPT (FULL) sha=19a803cba166cfa8
09-29 00:11:22.413  7613  7748 D LiteRtRepository: Evaluate only the original survey target using all supplied answers.
09-29 00:11:22.413  7613  7748 D LiteRtRepository: INPUT:
09-29 00:11:22.413  7613  7748 D LiteRtRepository: Reply with exactly one word: ready.
09-29 00:11:22.413  7613  7954 D SLM     : initializeIfNeeded: model='Gemma3n4B' image=false audio=false
09-29 00:11:22.413  7613  7954 D LiteRtLM: initializeIfNeeded: warm runtime already ready: key='fs|dev=65088|ino=23726|size=4919541760|mtime=1790636955288'
09-29 00:11:22.414  7613  7748 D LiteRtRepository: [1] initializeIfNeeded ok initMs=2
09-29 00:11:22.415  7613  7954 D SLM     : runInference: model='Gemma3n4B' textLen=111 images=0 audio=0
09-29 00:11:22.416  7613  7748 D LiteRtLM: state[run:start] key='fs|dev=65088|ino=23726|size=4919541760|mtime=1790636955288' runId=1 active=true terminated=false logicalDone=false cancel=false pendingCancel=false lastMsgAt=617586983 lastTermAt=0
09-29 00:11:22.417  7613  7748 D LiteRtLM: runInference start: key='fs|dev=65088|ino=23726|size=4919541760|mtime=1790636955288' runId=1 hasText=true originalTextLen=111 effectiveTextLen=111 images=0 audioClips=0
09-29 00:11:22.417  7613  7748 D LiteRtLM: LiteRT-LM sendMessageAsync(text): key='fs|dev=65088|ino=23726|size=4919541760|mtime=1790636955288' runId=1 len=111 maxOutputTokens=64
09-29 00:11:22.424  7613  7748 D LiteRtLM: sendMessageAsync accepted: key='fs|dev=65088|ino=23726|size=4919541760|mtime=1790636955288' runId=1 dispatchMs=8
09-29 00:11:22.428  7613  7613 D WM-SystemFgDispatcher: Notifying with (id:7492, workSpecId: fdb2def7-3b18-4194-8f3a-0ab9c8e17363, notificationType :1)
09-29 00:11:22.428  7613  7613 I NotificationManager: com.negi.survey: notify(7492, null, Notification(channel=uploads shortcut=null contentView=null vibrate=null sound=null defaults=0 flags=ONGOING_EVENT|ONLY_ALERT_ONCE color=0x00000000 category=progress vis=PRIVATE semFlags=0x0 semPriority=0 semMissedCount=0 semScenarioType=0)) as user
09-29 00:11:22.434  7613  7613 D WM-SystemFgDispatcher: Notifying with (id:7492, workSpecId: fdb2def7-3b18-4194-8f3a-0ab9c8e17363, notificationType :1)
09-29 00:11:22.434  7613  7613 W NotificationManager: Shedding notify (update) of NotificationKey[user=UserHandle{0}, pkg=com.negi.survey, tag=null, id=7492], rate limit (5.0) exceeded: input 15.78788, output would be 5.5022697
09-29 00:11:22.436  7613  7613 D WM-SystemFgDispatcher: Notifying with (id:7492, workSpecId: fdb2def7-3b18-4194-8f3a-0ab9c8e17363, notificationType :1)
09-29 00:11:22.436  7613  7613 D WM-SystemFgDispatcher: Notifying with (id:7492, workSpecId: fdb2def7-3b18-4194-8f3a-0ab9c8e17363, notificationType :1)
09-29 00:11:22.439  7613  7613 D WM-SystemFgDispatcher: Notifying with (id:7492, workSpecId: fdb2def7-3b18-4194-8f3a-0ab9c8e17363, notificationType :1)
09-29 00:11:22.554  7613  7724 W github_upload: doFileUpload: upload failed for /data/user/0/com.negi.survey/files/diagnostics/crash_github_mirror/prevlog_20260928_230702_pid22188.log
09-29 00:11:22.554  7613  7724 W github_upload: com.negi.survey.net.GitHubUploader$HttpFailureException: GitHub request failed (409): {"message":"is at aab4341fd03662df1d2297c92e3669c03f345c6e but expected 6a11160657ec4d6d72d9ec8ece0330c860378cb3","documentation_url":"https://docs.github.com/rest/repos/contents#create-or-update-file-contents","status":"409"}
09-29 00:11:22.554  7613  7724 W github_upload: 	at com.negi.survey.net.GitHubUploader.executeWithRetry(GitHubUploader.kt:689)
09-29 00:11:22.554  7613  7724 W github_upload: 	at com.negi.survey.net.GitHubUploader.access$executeWithRetry(GitHubUploader.kt:51)
09-29 00:11:22.554  7613  7724 W github_upload: 	at com.negi.survey.net.GitHubUploader$executeWithRetry$1.invokeSuspend(Unknown Source:22)
09-29 00:11:22.554  7613  7724 W github_upload: 	at kotlin.coroutines.jvm.internal.BaseContinuationImpl.resumeWith(ContinuationImpl.kt:34)
09-29 00:11:22.554  7613  7724 W github_upload: 	at kotlinx.coroutines.DispatchedTask.run(DispatchedTask.kt:100)
09-29 00:11:22.554  7613  7724 W github_upload: 	at kotlinx.coroutines.internal.LimitedDispatcher$Worker.run(LimitedDispatcher.kt:124)
09-29 00:11:22.554  7613  7724 W github_upload: 	at kotlinx.coroutines.scheduling.TaskImpl.run(Tasks.kt:89)
09-29 00:11:22.554  7613  7724 W github_upload: 	at kotlinx.coroutines.scheduling.CoroutineScheduler.runSafely(CoroutineScheduler.kt:586)
09-29 00:11:22.554  7613  7724 W github_upload: 	at kotlinx.coroutines.scheduling.CoroutineScheduler$Worker.executeTask(CoroutineScheduler.kt:798)
09-29 00:11:22.554  7613  7724 W github_upload: 	at kotlinx.coroutines.scheduling.CoroutineScheduler$Worker.runWorker(CoroutineScheduler.kt:717)
09-29 00:11:22.554  7613  7724 W github_upload: 	at kotlinx.coroutines.scheduling.CoroutineScheduler$Worker.run(CoroutineScheduler.kt:704)
09-29 00:11:22.556  7613  7666 I WM-Processor: Moving WorkSpec (62393af5-049b-499b-9946-5f6ae35af179) to the foreground
09-29 00:11:22.558  7613  7666 I WM-WorkerWrapper: Worker result FAILURE for Work [ id=62393af5-049b-499b-9946-5f6ae35af179, tags={ com.negi.survey.net.GitHubUploadWorker,github_upload,github_upload:crash:diagnostics_crash_prevlog_20260928_230702_pid22188.log_a5fba53c } ]
09-29 00:11:22.558  7613  7613 D WM-SystemFgDispatcher: Notifying with (id:7517, workSpecId: 62393af5-049b-499b-9946-5f6ae35af179, notificationType :1)
09-29 00:11:22.558  7613  7613 I NotificationManager: com.negi.survey: notify(7517, null, Notification(channel=uploads shortcut=null contentView=null vibrate=null sound=null defaults=0 flags=ONLY_ALERT_ONCE color=0x00000000 category=progress vis=PRIVATE semFlags=0x0 semPriority=0 semMissedCount=0 semScenarioType=0)) as user
09-29 00:11:22.560  7613  7613 D WM-Processor: Processor 62393af5-049b-499b-9946-5f6ae35af179 executed; reschedule = false
09-29 00:11:22.561  7613  7613 D WM-GreedyScheduler: Stopping tracking for WorkGenerationalId(workSpecId=62393af5-049b-499b-9946-5f6ae35af179, generation=0)
09-29 00:11:22.561  7613  7613 D WM-SystemJobService: 62393af5-049b-499b-9946-5f6ae35af179 executed on JobScheduler
09-29 00:11:22.561  7613  7613 D WM-SystemFgDispatcher: Removing Notification (id: 7517, workSpecId: WorkGenerationalId(workSpecId=62393af5-049b-499b-9946-5f6ae35af179, generation=0), notificationType: 1
09-29 00:11:22.562  7613  7666 D WM-GreedyScheduler: Cancelling work ID 62393af5-049b-499b-9946-5f6ae35af179
09-29 00:11:22.584  7613  7665 D WM-WorkProgressUpdater: Updating progress for e232e0ed-f2cb-4277-9cb1-0dea725ce196 (Data {pct : 27, mode : file})
09-29 00:11:22.586  7613  7665 I WM-Processor: Moving WorkSpec (e232e0ed-f2cb-4277-9cb1-0dea725ce196) to the foreground
09-29 00:11:22.587  7613  7665 D WM-WorkProgressUpdater: Updating progress for e232e0ed-f2cb-4277-9cb1-0dea725ce196 (Data {pct : 44, mode : file})
09-29 00:11:22.587  7613  7613 D WM-SystemFgDispatcher: Notifying with (id:11118, workSpecId: e232e0ed-f2cb-4277-9cb1-0dea725ce196, notificationType :1)
09-29 00:11:22.588  7613  7613 I NotificationManager: com.negi.survey: notify(11118, null, Notification(channel=uploads shortcut=null contentView=null vibrate=null sound=null defaults=0 flags=ONGOING_EVENT|ONLY_ALERT_ONCE color=0x00000000 category=progress vis=PRIVATE semFlags=0x0 semPriority=0 semMissedCount=0 semScenarioType=0)) as user
09-29 00:11:22.590  7613  7665 I WM-Processor: Moving WorkSpec (e232e0ed-f2cb-4277-9cb1-0dea725ce196) to the foreground
09-29 00:11:22.591  7613  7665 D WM-WorkProgressUpdater: Updating progress for e232e0ed-f2cb-4277-9cb1-0dea725ce196 (Data {pct : 61, mode : file})
09-29 00:11:22.591  7613  7613 D WM-SystemFgDispatcher: Notifying with (id:11118, workSpecId: e232e0ed-f2cb-4277-9cb1-0dea725ce196, notificationType :1)
09-29 00:11:22.593  7613  7665 I WM-Processor: Moving WorkSpec (e232e0ed-f2cb-4277-9cb1-0dea725ce196) to the foreground
09-29 00:11:22.594  7613  7732 D GitHubUploader: uploadStream: done url=https://github.com/ishizuki-tech/SurveyExports/blob/main/diagnostics/crash/2026-09-29/prevlog_20260929_040138_pid23536.log sha=dcee4dd4652d787ac37d9d10d1e1be767b5eaa55
09-29 00:11:22.597  7613  7613 D WM-SystemFgDispatcher: Notifying with (id:11118, workSpecId: e232e0ed-f2cb-4277-9cb1-0dea725ce196, notificationType :1)
09-29 00:11:22.597  7613  7665 D WM-WorkProgressUpdater: Updating progress for e232e0ed-f2cb-4277-9cb1-0dea725ce196 (Data {pct : 78, mode : file})
09-29 00:11:22.599  7613  7665 I WM-Processor: Moving WorkSpec (e232e0ed-f2cb-4277-9cb1-0dea725ce196) to the foreground
09-29 00:11:22.601  7613  7613 D WM-SystemFgDispatcher: Notifying with (id:11118, workSpecId: e232e0ed-f2cb-4277-9cb1-0dea725ce196, notificationType :1)
09-29 00:11:22.601  7613  7665 D WM-WorkProgressUpdater: Updating progress for e232e0ed-f2cb-4277-9cb1-0dea725ce196 (Data {pct : 90, mode : file})
09-29 00:11:22.603  7613  7665 I WM-Processor: Moving WorkSpec (e232e0ed-f2cb-4277-9cb1-0dea725ce196) to the foreground
09-29 00:11:22.605  7613  7613 D WM-SystemFgDispatcher: Notifying with (id:11118, workSpecId: e232e0ed-f2cb-4277-9cb1-0dea725ce196, notificationType :1)
09-29 00:11:22.605  7613  7665 D WM-WorkProgressUpdater: Updating progress for 77c43d23-cdf2-45c6-b1b4-91d9fe8c57e7 (Data {pct : 95, mode : file})
09-29 00:11:22.608  7613  7665 I WM-Processor: Moving WorkSpec (77c43d23-cdf2-45c6-b1b4-91d9fe8c57e7) to the foreground
09-29 00:11:22.609  7613  7613 D WM-SystemFgDispatcher: Notifying with (id:10160, workSpecId: 77c43d23-cdf2-45c6-b1b4-91d9fe8c57e7, notificationType :1)
09-29 00:11:22.609  7613  7665 I WM-Processor: Moving WorkSpec (77c43d23-cdf2-45c6-b1b4-91d9fe8c57e7) to the foreground
09-29 00:11:22.610  7613  7613 D WM-SystemFgDispatcher: Notifying with (id:10160, workSpecId: 77c43d23-cdf2-45c6-b1b4-91d9fe8c57e7, notificationType :1)
09-29 00:11:22.611  7613  7613 I NotificationManager: com.negi.survey: notify(10160, null, Notification(channel=uploads shortcut=null contentView=null vibrate=null sound=null defaults=0 flags=ONLY_ALERT_ONCE color=0x00000000 category=progress vis=PRIVATE semFlags=0x0 semPriority=0 semMissedCount=0 semScenarioType=0)) as user
09-29 00:11:22.611  7613  7665 I WM-WorkerWrapper: Worker result SUCCESS for Work [ id=77c43d23-cdf2-45c6-b1b4-91d9fe8c57e7, tags={ com.negi.survey.net.GitHubUploadWorker,github_upload,github_upload:crash:diagnostics_crash_prevlog_20260929_040138_pid23536.log_1e012e63 } ]
09-29 00:11:22.613  7613  7613 D WM-Processor: Processor 77c43d23-cdf2-45c6-b1b4-91d9fe8c57e7 executed; reschedule = false
09-29 00:11:22.613  7613  7613 D WM-GreedyScheduler: Stopping tracking for WorkGenerationalId(workSpecId=77c43d23-cdf2-45c6-b1b4-91d9fe8c57e7, generation=0)
09-29 00:11:22.614  7613  7613 D WM-SystemJobService: 77c43d23-cdf2-45c6-b1b4-91d9fe8c57e7 executed on JobScheduler
09-29 00:11:22.614  7613  7613 D WM-SystemFgDispatcher: Removing Notification (id: 10160, workSpecId: WorkGenerationalId(workSpecId=77c43d23-cdf2-45c6-b1b4-91d9fe8c57e7, generation=0), notificationType: 1
09-29 00:11:22.619  7613  7665 D WM-GreedyScheduler: Cancelling work ID 77c43d23-cdf2-45c6-b1b4-91d9fe8c57e7
09-29 00:11:22.629  7613  7664 D WM-WorkProgressUpdater: Updating progress for c131dc6b-42ab-44bf-a392-17d7b3d3a6fc (Data {pct : 11, mode : file})
09-29 00:11:22.634  7613  7664 I WM-Processor: Moving WorkSpec (c131dc6b-42ab-44bf-a392-17d7b3d3a6fc) to the foreground
09-29 00:11:22.636  7613  7664 D WM-WorkProgressUpdater: Updating progress for c131dc6b-42ab-44bf-a392-17d7b3d3a6fc (Data {pct : 12, mode : file})
09-29 00:11:22.636  7613  7613 D WM-SystemFgDispatcher: Notifying with (id:9368, workSpecId: c131dc6b-42ab-44bf-a392-17d7b3d3a6fc, notificationType :1)
09-29 00:11:22.638  7613  7664 I WM-Processor: Moving WorkSpec (c131dc6b-42ab-44bf-a392-17d7b3d3a6fc) to the foreground
09-29 00:11:22.639  7613  7664 D WM-WorkProgressUpdater: Updating progress for c131dc6b-42ab-44bf-a392-17d7b3d3a6fc (Data {pct : 13, mode : file})
09-29 00:11:22.639  7613  7613 D WM-SystemFgDispatcher: Notifying with (id:9368, workSpecId: c131dc6b-42ab-44bf-a392-17d7b3d3a6fc, notificationType :1)
09-29 00:11:22.641  7613  7664 I WM-Processor: Moving WorkSpec (c131dc6b-42ab-44bf-a392-17d7b3d3a6fc) to the foreground
09-29 00:11:22.643  7613  7664 D WM-WorkProgressUpdater: Updating progress for c131dc6b-42ab-44bf-a392-17d7b3d3a6fc (Data {pct : 14, mode : file})
09-29 00:11:22.643  7613  7613 D WM-SystemFgDispatcher: Notifying with (id:9368, workSpecId: c131dc6b-42ab-44bf-a392-17d7b3d3a6fc, notificationType :1)
09-29 00:11:22.644  7613  7664 I WM-Processor: Moving WorkSpec (c131dc6b-42ab-44bf-a392-17d7b3d3a6fc) to the foreground
09-29 00:11:22.646  7613  7664 D WM-WorkProgressUpdater: Updating progress for c131dc6b-42ab-44bf-a392-17d7b3d3a6fc (Data {pct : 15, mode : file})
09-29 00:11:22.646  7613  7613 D WM-SystemFgDispatcher: Notifying with (id:9368, workSpecId: c131dc6b-42ab-44bf-a392-17d7b3d3a6fc, notificationType :1)
09-29 00:11:22.647  7613  7664 I WM-Processor: Moving WorkSpec (c131dc6b-42ab-44bf-a392-17d7b3d3a6fc) to the foreground
09-29 00:11:22.648  7613  7613 D WM-SystemFgDispatcher: Notifying with (id:9368, workSpecId: c131dc6b-42ab-44bf-a392-17d7b3d3a6fc, notificationType :1)
09-29 00:11:22.648  7613  7664 D WM-WorkProgressUpdater: Updating progress for c131dc6b-42ab-44bf-a392-17d7b3d3a6fc (Data {pct : 17, mode : file})
09-29 00:11:22.649  7613  7664 I WM-Processor: Moving WorkSpec (c131dc6b-42ab-44bf-a392-17d7b3d3a6fc) to the foreground
09-29 00:11:22.651  7613  7613 D WM-SystemFgDispatcher: Notifying with (id:9368, workSpecId: c131dc6b-42ab-44bf-a392-17d7b3d3a6fc, notificationType :1)
09-29 00:11:22.651  7613  7664 D WM-WorkProgressUpdater: Updating progress for c131dc6b-42ab-44bf-a392-17d7b3d3a6fc (Data {pct : 18, mode : file})
09-29 00:11:22.652  7613  7664 I WM-Processor: Moving WorkSpec (c131dc6b-42ab-44bf-a392-17d7b3d3a6fc) to the foreground
09-29 00:11:22.654  7613  7613 D WM-SystemFgDispatcher: Notifying with (id:9368, workSpecId: c131dc6b-42ab-44bf-a392-17d7b3d3a6fc, notificationType :1)
09-29 00:11:22.654  7613  7664 D WM-WorkProgressUpdater: Updating progress for c131dc6b-42ab-44bf-a392-17d7b3d3a6fc (Data {pct : 19, mode : file})
09-29 00:11:22.655  7613  7664 I WM-Processor: Moving WorkSpec (c131dc6b-42ab-44bf-a392-17d7b3d3a6fc) to the foreground
09-29 00:11:22.656  7613  7664 D WM-WorkProgressUpdater: Updating progress for c131dc6b-42ab-44bf-a392-17d7b3d3a6fc (Data {pct : 20, mode : file})
09-29 00:11:22.656  7613  7613 D WM-SystemFgDispatcher: Notifying with (id:9368, workSpecId: c131dc6b-42ab-44bf-a392-17d7b3d3a6fc, notificationType :1)
09-29 00:11:22.658  7613  7664 I WM-Processor: Moving WorkSpec (c131dc6b-42ab-44bf-a392-17d7b3d3a6fc) to the foreground
09-29 00:11:22.660  7613  7613 D WM-SystemFgDispatcher: Notifying with (id:9368, workSpecId: c131dc6b-42ab-44bf-a392-17d7b3d3a6fc, notificationType :1)
09-29 00:11:22.660  7613  7664 D WM-WorkProgressUpdater: Updating progress for c131dc6b-42ab-44bf-a392-17d7b3d3a6fc (Data {pct : 21, mode : file})
09-29 00:11:22.661  7613  7664 I WM-Processor: Moving WorkSpec (c131dc6b-42ab-44bf-a392-17d7b3d3a6fc) to the foreground
09-29 00:11:22.662  7613  7664 D WM-WorkProgressUpdater: Updating progress for c131dc6b-42ab-44bf-a392-17d7b3d3a6fc (Data {pct : 23, mode : file})
09-29 00:11:22.662  7613  7613 D WM-SystemFgDispatcher: Notifying with (id:9368, workSpecId: c131dc6b-42ab-44bf-a392-17d7b3d3a6fc, notificationType :1)
09-29 00:11:22.663  7613  7664 I WM-Processor: Moving WorkSpec (c131dc6b-42ab-44bf-a392-17d7b3d3a6fc) to the foreground
09-29 00:11:22.664  7613  7664 D WM-WorkProgressUpdater: Updating progress for c131dc6b-42ab-44bf-a392-17d7b3d3a6fc (Data {pct : 24, mode : file})
09-29 00:11:22.664  7613  7613 D WM-SystemFgDispatcher: Notifying with (id:9368, workSpecId: c131dc6b-42ab-44bf-a392-17d7b3d3a6fc, notificationType :1)
09-29 00:11:22.666  7613  7664 I WM-Processor: Moving WorkSpec (c131dc6b-42ab-44bf-a392-17d7b3d3a6fc) to the foreground
09-29 00:11:22.666  7613  7664 D WM-WorkProgressUpdater: Updating progress for c131dc6b-42ab-44bf-a392-17d7b3d3a6fc (Data {pct : 25, mode : file})
09-29 00:11:22.666  7613  7613 D WM-SystemFgDispatcher: Notifying with (id:9368, workSpecId: c131dc6b-42ab-44bf-a392-17d7b3d3a6fc, notificationType :1)
09-29 00:11:22.668  7613  7664 I WM-Processor: Moving WorkSpec (c131dc6b-42ab-44bf-a392-17d7b3d3a6fc) to the foreground
09-29 00:11:22.669  7613  7664 D WM-WorkProgressUpdater: Updating progress for c131dc6b-42ab-44bf-a392-17d7b3d3a6fc (Data {pct : 26, mode : file})
09-29 00:11:22.669  7613  7613 D WM-SystemFgDispatcher: Notifying with (id:9368, workSpecId: c131dc6b-42ab-44bf-a392-17d7b3d3a6fc, notificationType :1)
09-29 00:11:22.670  7613  7664 I WM-Processor: Moving WorkSpec (c131dc6b-42ab-44bf-a392-17d7b3d3a6fc) to the foreground
09-29 00:11:22.671  7613  7664 D WM-WorkProgressUpdater: Updating progress for c131dc6b-42ab-44bf-a392-17d7b3d3a6fc (Data {pct : 27, mode : file})
09-29 00:11:22.671  7613  7613 D WM-SystemFgDispatcher: Notifying with (id:9368, workSpecId: c131dc6b-42ab-44bf-a392-17d7b3d3a6fc, notificationType :1)
09-29 00:11:22.672  7613  7664 I WM-Processor: Moving WorkSpec (c131dc6b-42ab-44bf-a392-17d7b3d3a6fc) to the foreground
09-29 00:11:22.673  7613  7664 D WM-WorkProgressUpdater: Updating progress for c131dc6b-42ab-44bf-a392-17d7b3d3a6fc (Data {pct : 29, mode : file})
09-29 00:11:22.673  7613  7613 D WM-SystemFgDispatcher: Notifying with (id:9368, workSpecId: c131dc6b-42ab-44bf-a392-17d7b3d3a6fc, notificationType :1)
09-29 00:11:22.674  7613  7664 I WM-Processor: Moving WorkSpec (c131dc6b-42ab-44bf-a392-17d7b3d3a6fc) to the foreground
09-29 00:11:22.675  7613  7613 D WM-SystemFgDispatcher: Notifying with (id:9368, workSpecId: c131dc6b-42ab-44bf-a392-17d7b3d3a6fc, notificationType :1)
09-29 00:11:22.676  7613  7664 D WM-WorkProgressUpdater: Updating progress for c131dc6b-42ab-44bf-a392-17d7b3d3a6fc (Data {pct : 30, mode : file})
09-29 00:11:22.678  7613  7664 I WM-Processor: Moving WorkSpec (c131dc6b-42ab-44bf-a392-17d7b3d3a6fc) to the foreground
09-29 00:11:22.679  7613  7664 D WM-WorkProgressUpdater: Updating progress for c131dc6b-42ab-44bf-a392-17d7b3d3a6fc (Data {pct : 31, mode : file})
09-29 00:11:22.679  7613  7613 D WM-SystemFgDispatcher: Notifying with (id:9368, workSpecId: c131dc6b-42ab-44bf-a392-17d7b3d3a6fc, notificationType :1)
09-29 00:11:22.680  7613  7664 I WM-Processor: Moving WorkSpec (c131dc6b-42ab-44bf-a392-17d7b3d3a6fc) to the foreground
09-29 00:11:22.681  7613  7613 D WM-SystemFgDispatcher: Notifying with (id:9368, workSpecId: c131dc6b-42ab-44bf-a392-17d7b3d3a6fc, notificationType :1)
09-29 00:11:22.681  7613  7664 D WM-WorkProgressUpdater: Updating progress for c131dc6b-42ab-44bf-a392-17d7b3d3a6fc (Data {pct : 32, mode : file})
09-29 00:11:22.682  7613  7664 I WM-Processor: Moving WorkSpec (c131dc6b-42ab-44bf-a392-17d7b3d3a6fc) to the foreground
09-29 00:11:22.686  7613  7613 D WM-SystemFgDispatcher: Notifying with (id:9368, workSpecId: c131dc6b-42ab-44bf-a392-17d7b3d3a6fc, notificationType :1)
09-29 00:11:22.686  7613  7664 D WM-WorkProgressUpdater: Updating progress for c131dc6b-42ab-44bf-a392-17d7b3d3a6fc (Data {pct : 33, mode : file})
09-29 00:11:22.687  7613  7664 I WM-Processor: Moving WorkSpec (c131dc6b-42ab-44bf-a392-17d7b3d3a6fc) to the foreground
09-29 00:11:22.688  7613  7664 D WM-WorkProgressUpdater: Updating progress for c131dc6b-42ab-44bf-a392-17d7b3d3a6fc (Data {pct : 34, mode : file})
09-29 00:11:22.688  7613  7613 D WM-SystemFgDispatcher: Notifying with (id:9368, workSpecId: c131dc6b-42ab-44bf-a392-17d7b3d3a6fc, notificationType :1)
09-29 00:11:22.689  7613  7664 I WM-Processor: Moving WorkSpec (c131dc6b-42ab-44bf-a392-17d7b3d3a6fc) to the foreground
09-29 00:11:22.691  7613  7613 D WM-SystemFgDispatcher: Notifying with (id:9368, workSpecId: c131dc6b-42ab-44bf-a392-17d7b3d3a6fc, notificationType :1)
09-29 00:11:22.691  7613  7664 D WM-WorkProgressUpdater: Updating progress for c131dc6b-42ab-44bf-a392-17d7b3d3a6fc (Data {pct : 36, mode : file})
09-29 00:11:22.692  7613  7664 I WM-Processor: Moving WorkSpec (c131dc6b-42ab-44bf-a392-17d7b3d3a6fc) to the foreground
09-29 00:11:22.694  7613  7664 D WM-WorkProgressUpdater: Updating progress for c131dc6b-42ab-44bf-a392-17d7b3d3a6fc (Data {pct : 37, mode : file})
09-29 00:11:22.694  7613  7613 D WM-SystemFgDispatcher: Notifying with (id:9368, workSpecId: c131dc6b-42ab-44bf-a392-17d7b3d3a6fc, notificationType :1)
09-29 00:11:22.696  7613  7664 I WM-Processor: Moving WorkSpec (c131dc6b-42ab-44bf-a392-17d7b3d3a6fc) to the foreground
09-29 00:11:22.699  7613  7613 D WM-SystemFgDispatcher: Notifying with (id:9368, workSpecId: c131dc6b-42ab-44bf-a392-17d7b3d3a6fc, notificationType :1)
09-29 00:11:22.699  7613  7664 D WM-WorkProgressUpdater: Updating progress for c131dc6b-42ab-44bf-a392-17d7b3d3a6fc (Data {pct : 38, mode : file})
09-29 00:11:22.700  7613  7664 I WM-Processor: Moving WorkSpec (c131dc6b-42ab-44bf-a392-17d7b3d3a6fc) to the foreground
09-29 00:11:22.703  7613  7613 D WM-SystemFgDispatcher: Notifying with (id:9368, workSpecId: c131dc6b-42ab-44bf-a392-17d7b3d3a6fc, notificationType :1)
09-29 00:11:22.703  7613  7664 D WM-WorkProgressUpdater: Updating progress for c131dc6b-42ab-44bf-a392-17d7b3d3a6fc (Data {pct : 39, mode : file})
09-29 00:11:22.705  7613  7664 I WM-Processor: Moving WorkSpec (c131dc6b-42ab-44bf-a392-17d7b3d3a6fc) to the foreground
09-29 00:11:22.706  7613  7664 D WM-WorkProgressUpdater: Updating progress for c131dc6b-42ab-44bf-a392-17d7b3d3a6fc (Data {pct : 40, mode : file})
09-29 00:11:22.706  7613  7613 D WM-SystemFgDispatcher: Notifying with (id:9368, workSpecId: c131dc6b-42ab-44bf-a392-17d7b3d3a6fc, notificationType :1)
09-29 00:11:22.707  7613  7664 I WM-Processor: Moving WorkSpec (c131dc6b-42ab-44bf-a392-17d7b3d3a6fc) to the foreground
09-29 00:11:22.708  7613  7664 D WM-WorkProgressUpdater: Updating progress for c131dc6b-42ab-44bf-a392-17d7b3d3a6fc (Data {pct : 42, mode : file})
09-29 00:11:22.708  7613  7613 D WM-SystemFgDispatcher: Notifying with (id:9368, workSpecId: c131dc6b-42ab-44bf-a392-17d7b3d3a6fc, notificationType :1)
09-29 00:11:22.709  7613  7665 I WM-Processor: Moving WorkSpec (c131dc6b-42ab-44bf-a392-17d7b3d3a6fc) to the foreground
09-29 00:11:22.711  7613  7665 D WM-WorkProgressUpdater: Updating progress for c131dc6b-42ab-44bf-a392-17d7b3d3a6fc (Data {pct : 43, mode : file})
09-29 00:11:22.711  7613  7613 D WM-SystemFgDispatcher: Notifying with (id:9368, workSpecId: c131dc6b-42ab-44bf-a392-17d7b3d3a6fc, notificationType :1)
09-29 00:11:22.712  7613  7665 I WM-Processor: Moving WorkSpec (c131dc6b-42ab-44bf-a392-17d7b3d3a6fc) to the foreground
09-29 00:11:22.713  7613  7613 D WM-SystemFgDispatcher: Notifying with (id:9368, workSpecId: c131dc6b-42ab-44bf-a392-17d7b3d3a6fc, notificationType :1)
09-29 00:11:22.714  7613  7665 D WM-WorkProgressUpdater: Updating progress for c131dc6b-42ab-44bf-a392-17d7b3d3a6fc (Data {pct : 44, mode : file})
09-29 00:11:22.715  7613  7665 I WM-Processor: Moving WorkSpec (c131dc6b-42ab-44bf-a392-17d7b3d3a6fc) to the foreground
09-29 00:11:22.716  7613  7665 D WM-WorkProgressUpdater: Updating progress for c131dc6b-42ab-44bf-a392-17d7b3d3a6fc (Data {pct : 45, mode : file})
09-29 00:11:22.716  7613  7613 D WM-SystemFgDispatcher: Notifying with (id:9368, workSpecId: c131dc6b-42ab-44bf-a392-17d7b3d3a6fc, notificationType :1)
09-29 00:11:22.717  7613  7665 I WM-Processor: Moving WorkSpec (c131dc6b-42ab-44bf-a392-17d7b3d3a6fc) to the foreground
09-29 00:11:22.719  7613  7613 D WM-SystemFgDispatcher: Notifying with (id:9368, workSpecId: c131dc6b-42ab-44bf-a392-17d7b3d3a6fc, notificationType :1)
09-29 00:11:22.719  7613  7665 D WM-WorkProgressUpdater: Updating progress for c131dc6b-42ab-44bf-a392-17d7b3d3a6fc (Data {pct : 46, mode : file})
09-29 00:11:22.720  7613  7665 I WM-Processor: Moving WorkSpec (c131dc6b-42ab-44bf-a392-17d7b3d3a6fc) to the foreground
09-29 00:11:22.721  7613  7665 D WM-WorkProgressUpdater: Updating progress for c131dc6b-42ab-44bf-a392-17d7b3d3a6fc (Data {pct : 48, mode : file})
09-29 00:11:22.721  7613  7613 D WM-SystemFgDispatcher: Notifying with (id:9368, workSpecId: c131dc6b-42ab-44bf-a392-17d7b3d3a6fc, notificationType :1)
09-29 00:11:22.723  7613  7665 I WM-Processor: Moving WorkSpec (c131dc6b-42ab-44bf-a392-17d7b3d3a6fc) to the foreground
09-29 00:11:22.724  7613  7613 D WM-SystemFgDispatcher: Notifying with (id:9368, workSpecId: c131dc6b-42ab-44bf-a392-17d7b3d3a6fc, notificationType :1)
09-29 00:11:22.724  7613  7665 D WM-WorkProgressUpdater: Updating progress for c131dc6b-42ab-44bf-a392-17d7b3d3a6fc (Data {pct : 49, mode : file})
09-29 00:11:22.724  7613  7613 I NotificationManager: com.negi.survey: notify(9368, null, Notification(channel=uploads shortcut=null contentView=null vibrate=null sound=null defaults=0 flags=ONGOING_EVENT|ONLY_ALERT_ONCE color=0x00000000 category=progress vis=PRIVATE semFlags=0x0 semPriority=0 semMissedCount=0 semScenarioType=0)) as user
09-29 00:11:22.725  7613  7665 I WM-Processor: Moving WorkSpec (c131dc6b-42ab-44bf-a392-17d7b3d3a6fc) to the foreground
09-29 00:11:22.727  7613  7613 D WM-SystemFgDispatcher: Notifying with (id:9368, workSpecId: c131dc6b-42ab-44bf-a392-17d7b3d3a6fc, notificationType :1)
09-29 00:11:22.727  7613  7665 D WM-WorkProgressUpdater: Updating progress for c131dc6b-42ab-44bf-a392-17d7b3d3a6fc (Data {pct : 50, mode : file})
09-29 00:11:22.728  7613  7665 I WM-Processor: Moving WorkSpec (c131dc6b-42ab-44bf-a392-17d7b3d3a6fc) to the foreground
09-29 00:11:22.729  7613  7665 D WM-WorkProgressUpdater: Updating progress for c131dc6b-42ab-44bf-a392-17d7b3d3a6fc (Data {pct : 51, mode : file})
09-29 00:11:22.729  7613  7613 D WM-SystemFgDispatcher: Notifying with (id:9368, workSpecId: c131dc6b-42ab-44bf-a392-17d7b3d3a6fc, notificationType :1)
09-29 00:11:22.730  7613  7665 I WM-Processor: Moving WorkSpec (c131dc6b-42ab-44bf-a392-17d7b3d3a6fc) to the foreground
09-29 00:11:22.731  7613  7665 D WM-WorkProgressUpdater: Updating progress for c131dc6b-42ab-44bf-a392-17d7b3d3a6fc (Data {pct : 52, mode : file})
09-29 00:11:22.731  7613  7613 D WM-SystemFgDispatcher: Notifying with (id:9368, workSpecId: c131dc6b-42ab-44bf-a392-17d7b3d3a6fc, notificationType :1)
09-29 00:11:22.732  7613  7665 I WM-Processor: Moving WorkSpec (c131dc6b-42ab-44bf-a392-17d7b3d3a6fc) to the foreground
09-29 00:11:22.733  7613  7613 D WM-SystemFgDispatcher: Notifying with (id:9368, workSpecId: c131dc6b-42ab-44bf-a392-17d7b3d3a6fc, notificationType :1)
09-29 00:11:22.734  7613  7665 D WM-WorkProgressUpdater: Updating progress for c131dc6b-42ab-44bf-a392-17d7b3d3a6fc (Data {pct : 54, mode : file})
09-29 00:11:22.735  7613  7665 I WM-Processor: Moving WorkSpec (c131dc6b-42ab-44bf-a392-17d7b3d3a6fc) to the foreground
09-29 00:11:22.736  7613  7665 D WM-WorkProgressUpdater: Updating progress for c131dc6b-42ab-44bf-a392-17d7b3d3a6fc (Data {pct : 55, mode : file})
09-29 00:11:22.736  7613  7613 D WM-SystemFgDispatcher: Notifying with (id:9368, workSpecId: c131dc6b-42ab-44bf-a392-17d7b3d3a6fc, notificationType :1)
09-29 00:11:22.737  7613  7665 I WM-Processor: Moving WorkSpec (c131dc6b-42ab-44bf-a392-17d7b3d3a6fc) to the foreground
09-29 00:11:22.738  7613  7613 D WM-SystemFgDispatcher: Notifying with (id:9368, workSpecId: c131dc6b-42ab-44bf-a392-17d7b3d3a6fc, notificationType :1)
09-29 00:11:22.738  7613  7665 D WM-WorkProgressUpdater: Updating progress for c131dc6b-42ab-44bf-a392-17d7b3d3a6fc (Data {pct : 56, mode : file})
09-29 00:11:22.739  7613  7665 I WM-Processor: Moving WorkSpec (c131dc6b-42ab-44bf-a392-17d7b3d3a6fc) to the foreground
09-29 00:11:22.741  7613  7665 D WM-WorkProgressUpdater: Updating progress for c131dc6b-42ab-44bf-a392-17d7b3d3a6fc (Data {pct : 57, mode : file})
09-29 00:11:22.741  7613  7613 D WM-SystemFgDispatcher: Notifying with (id:9368, workSpecId: c131dc6b-42ab-44bf-a392-17d7b3d3a6fc, notificationType :1)
09-29 00:11:22.742  7613  7665 I WM-Processor: Moving WorkSpec (c131dc6b-42ab-44bf-a392-17d7b3d3a6fc) to the foreground
09-29 00:11:22.744  7613  7665 D WM-WorkProgressUpdater: Updating progress for c131dc6b-42ab-44bf-a392-17d7b3d3a6fc (Data {pct : 58, mode : file})
09-29 00:11:22.744  7613  7613 D WM-SystemFgDispatcher: Notifying with (id:9368, workSpecId: c131dc6b-42ab-44bf-a392-17d7b3d3a6fc, notificationType :1)
09-29 00:11:22.745  7613  7665 I WM-Processor: Moving WorkSpec (c131dc6b-42ab-44bf-a392-17d7b3d3a6fc) to the foreground
09-29 00:11:22.746  7613  7613 D WM-SystemFgDispatcher: Notifying with (id:9368, workSpecId: c131dc6b-42ab-44bf-a392-17d7b3d3a6fc, notificationType :1)
09-29 00:11:22.746  7613  7665 D WM-WorkProgressUpdater: Updating progress for c131dc6b-42ab-44bf-a392-17d7b3d3a6fc (Data {pct : 59, mode : file})
09-29 00:11:22.748  7613  7665 I WM-Processor: Moving WorkSpec (c131dc6b-42ab-44bf-a392-17d7b3d3a6fc) to the foreground
09-29 00:11:22.749  7613  7613 D WM-SystemFgDispatcher: Notifying with (id:9368, workSpecId: c131dc6b-42ab-44bf-a392-17d7b3d3a6fc, notificationType :1)
09-29 00:11:22.749  7613  7665 D WM-WorkProgressUpdater: Updating progress for c131dc6b-42ab-44bf-a392-17d7b3d3a6fc (Data {pct : 61, mode : file})
09-29 00:11:22.750  7613  7665 I WM-Processor: Moving WorkSpec (c131dc6b-42ab-44bf-a392-17d7b3d3a6fc) to the foreground
09-29 00:11:22.751  7613  7665 D WM-WorkProgressUpdater: Updating progress for c131dc6b-42ab-44bf-a392-17d7b3d3a6fc (Data {pct : 62, mode : file})
09-29 00:11:22.751  7613  7613 D WM-SystemFgDispatcher: Notifying with (id:9368, workSpecId: c131dc6b-42ab-44bf-a392-17d7b3d3a6fc, notificationType :1)
09-29 00:11:22.752  7613  7665 I WM-Processor: Moving WorkSpec (c131dc6b-42ab-44bf-a392-17d7b3d3a6fc) to the foreground
09-29 00:11:22.753  7613  7665 D WM-WorkProgressUpdater: Updating progress for c131dc6b-42ab-44bf-a392-17d7b3d3a6fc (Data {pct : 63, mode : file})
09-29 00:11:22.753  7613  7613 D WM-SystemFgDispatcher: Notifying with (id:9368, workSpecId: c131dc6b-42ab-44bf-a392-17d7b3d3a6fc, notificationType :1)
09-29 00:11:22.755  7613  7665 I WM-Processor: Moving WorkSpec (c131dc6b-42ab-44bf-a392-17d7b3d3a6fc) to the foreground
09-29 00:11:22.755  7613  7665 D WM-WorkProgressUpdater: Updating progress for c131dc6b-42ab-44bf-a392-17d7b3d3a6fc (Data {pct : 64, mode : file})
09-29 00:11:22.755  7613  7613 D WM-SystemFgDispatcher: Notifying with (id:9368, workSpecId: c131dc6b-42ab-44bf-a392-17d7b3d3a6fc, notificationType :1)
09-29 00:11:22.757  7613  7665 I WM-Processor: Moving WorkSpec (c131dc6b-42ab-44bf-a392-17d7b3d3a6fc) to the foreground
09-29 00:11:22.758  7613  7665 D WM-WorkProgressUpdater: Updating progress for c131dc6b-42ab-44bf-a392-17d7b3d3a6fc (Data {pct : 65, mode : file})
09-29 00:11:22.758  7613  7613 D WM-SystemFgDispatcher: Notifying with (id:9368, workSpecId: c131dc6b-42ab-44bf-a392-17d7b3d3a6fc, notificationType :1)
09-29 00:11:22.759  7613  7665 I WM-Processor: Moving WorkSpec (c131dc6b-42ab-44bf-a392-17d7b3d3a6fc) to the foreground
09-29 00:11:22.760  7613  7613 D WM-SystemFgDispatcher: Notifying with (id:9368, workSpecId: c131dc6b-42ab-44bf-a392-17d7b3d3a6fc, notificationType :1)
09-29 00:11:22.760  7613  7665 D WM-WorkProgressUpdater: Updating progress for c131dc6b-42ab-44bf-a392-17d7b3d3a6fc (Data {pct : 67, mode : file})
09-29 00:11:22.760  7613  7665 I WM-Processor: Moving WorkSpec (c131dc6b-42ab-44bf-a392-17d7b3d3a6fc) to the foreground
09-29 00:11:22.761  7613  7665 D WM-WorkProgressUpdater: Updating progress for c131dc6b-42ab-44bf-a392-17d7b3d3a6fc (Data {pct : 68, mode : file})
09-29 00:11:22.761  7613  7613 D WM-SystemFgDispatcher: Notifying with (id:9368, workSpecId: c131dc6b-42ab-44bf-a392-17d7b3d3a6fc, notificationType :1)
09-29 00:11:22.762  7613  7665 I WM-Processor: Moving WorkSpec (c131dc6b-42ab-44bf-a392-17d7b3d3a6fc) to the foreground
09-29 00:11:22.763  7613  7613 D WM-SystemFgDispatcher: Notifying with (id:9368, workSpecId: c131dc6b-42ab-44bf-a392-17d7b3d3a6fc, notificationType :1)
09-29 00:11:22.764  7613  7665 D WM-WorkProgressUpdater: Updating progress for c131dc6b-42ab-44bf-a392-17d7b3d3a6fc (Data {pct : 69, mode : file})
09-29 00:11:22.765  7613  7665 I WM-Processor: Moving WorkSpec (c131dc6b-42ab-44bf-a392-17d7b3d3a6fc) to the foreground
09-29 00:11:22.766  7613  7665 D WM-WorkProgressUpdater: Updating progress for c131dc6b-42ab-44bf-a392-17d7b3d3a6fc (Data {pct : 70, mode : file})
09-29 00:11:22.766  7613  7613 D WM-SystemFgDispatcher: Notifying with (id:9368, workSpecId: c131dc6b-42ab-44bf-a392-17d7b3d3a6fc, notificationType :1)
09-29 00:11:22.773  7613  7665 I WM-Processor: Moving WorkSpec (c131dc6b-42ab-44bf-a392-17d7b3d3a6fc) to the foreground
09-29 00:11:22.774  7613  7665 D WM-WorkProgressUpdater: Updating progress for c131dc6b-42ab-44bf-a392-17d7b3d3a6fc (Data {pct : 71, mode : file})
09-29 00:11:22.774  7613  7613 D WM-SystemFgDispatcher: Notifying with (id:9368, workSpecId: c131dc6b-42ab-44bf-a392-17d7b3d3a6fc, notificationType :1)
09-29 00:11:22.775  7613  7665 I WM-Processor: Moving WorkSpec (c131dc6b-42ab-44bf-a392-17d7b3d3a6fc) to the foreground
09-29 00:11:22.776  7613  7665 D WM-WorkProgressUpdater: Updating progress for c131dc6b-42ab-44bf-a392-17d7b3d3a6fc (Data {pct : 73, mode : file})
09-29 00:11:22.776  7613  7613 D WM-SystemFgDispatcher: Notifying with (id:9368, workSpecId: c131dc6b-42ab-44bf-a392-17d7b3d3a6fc, notificationType :1)
09-29 00:11:22.778  7613  7665 I WM-Processor: Moving WorkSpec (c131dc6b-42ab-44bf-a392-17d7b3d3a6fc) to the foreground
09-29 00:11:22.778  7613  7665 D WM-WorkProgressUpdater: Updating progress for c131dc6b-42ab-44bf-a392-17d7b3d3a6fc (Data {pct : 74, mode : file})
09-29 00:11:22.779  7613  7613 D WM-SystemFgDispatcher: Notifying with (id:9368, workSpecId: c131dc6b-42ab-44bf-a392-17d7b3d3a6fc, notificationType :1)
09-29 00:11:22.780  7613  7665 I WM-Processor: Moving WorkSpec (c131dc6b-42ab-44bf-a392-17d7b3d3a6fc) to the foreground
09-29 00:11:22.781  7613  7665 D WM-WorkProgressUpdater: Updating progress for c131dc6b-42ab-44bf-a392-17d7b3d3a6fc (Data {pct : 75, mode : file})
09-29 00:11:22.781  7613  7613 D WM-SystemFgDispatcher: Notifying with (id:9368, workSpecId: c131dc6b-42ab-44bf-a392-17d7b3d3a6fc, notificationType :1)
09-29 00:11:22.782  7613  7665 I WM-Processor: Moving WorkSpec (c131dc6b-42ab-44bf-a392-17d7b3d3a6fc) to the foreground
09-29 00:11:22.782  7613  7665 D WM-WorkProgressUpdater: Updating progress for c131dc6b-42ab-44bf-a392-17d7b3d3a6fc (Data {pct : 76, mode : file})
09-29 00:11:22.783  7613  7613 D WM-SystemFgDispatcher: Notifying with (id:9368, workSpecId: c131dc6b-42ab-44bf-a392-17d7b3d3a6fc, notificationType :1)
09-29 00:11:22.784  7613  7665 I WM-Processor: Moving WorkSpec (c131dc6b-42ab-44bf-a392-17d7b3d3a6fc) to the foreground
09-29 00:11:22.785  7613  7613 D WM-SystemFgDispatcher: Notifying with (id:9368, workSpecId: c131dc6b-42ab-44bf-a392-17d7b3d3a6fc, notificationType :1)
09-29 00:11:22.785  7613  7665 D WM-WorkProgressUpdater: Updating progress for c131dc6b-42ab-44bf-a392-17d7b3d3a6fc (Data {pct : 77, mode : file})
09-29 00:11:22.786  7613  7665 I WM-Processor: Moving WorkSpec (c131dc6b-42ab-44bf-a392-17d7b3d3a6fc) to the foreground
09-29 00:11:22.787  7613  7665 D WM-WorkProgressUpdater: Updating progress for c131dc6b-42ab-44bf-a392-17d7b3d3a6fc (Data {pct : 79, mode : file})
09-29 00:11:22.787  7613  7613 D WM-SystemFgDispatcher: Notifying with (id:9368, workSpecId: c131dc6b-42ab-44bf-a392-17d7b3d3a6fc, notificationType :1)
09-29 00:11:22.788  7613  7666 I WM-Processor: Moving WorkSpec (c131dc6b-42ab-44bf-a392-17d7b3d3a6fc) to the foreground
09-29 00:11:22.789  7613  7666 D WM-WorkProgressUpdater: Updating progress for c131dc6b-42ab-44bf-a392-17d7b3d3a6fc (Data {pct : 80, mode : file})
09-29 00:11:22.789  7613  7613 D WM-SystemFgDispatcher: Notifying with (id:9368, workSpecId: c131dc6b-42ab-44bf-a392-17d7b3d3a6fc, notificationType :1)
09-29 00:11:22.790  7613  7666 I WM-Processor: Moving WorkSpec (c131dc6b-42ab-44bf-a392-17d7b3d3a6fc) to the foreground
09-29 00:11:22.791  7613  7666 D WM-WorkProgressUpdater: Updating progress for c131dc6b-42ab-44bf-a392-17d7b3d3a6fc (Data {pct : 81, mode : file})
09-29 00:11:22.791  7613  7613 D WM-SystemFgDispatcher: Notifying with (id:9368, workSpecId: c131dc6b-42ab-44bf-a392-17d7b3d3a6fc, notificationType :1)
09-29 00:11:22.793  7613  7666 I WM-Processor: Moving WorkSpec (c131dc6b-42ab-44bf-a392-17d7b3d3a6fc) to the foreground
09-29 00:11:22.793  7613  7666 D WM-WorkProgressUpdater: Updating progress for c131dc6b-42ab-44bf-a392-17d7b3d3a6fc (Data {pct : 82, mode : file})
09-29 00:11:22.793  7613  7613 D WM-SystemFgDispatcher: Notifying with (id:9368, workSpecId: c131dc6b-42ab-44bf-a392-17d7b3d3a6fc, notificationType :1)
09-29 00:11:22.795  7613  7666 I WM-Processor: Moving WorkSpec (c131dc6b-42ab-44bf-a392-17d7b3d3a6fc) to the foreground
09-29 00:11:22.795  7613  7666 D WM-WorkProgressUpdater: Updating progress for c131dc6b-42ab-44bf-a392-17d7b3d3a6fc (Data {pct : 83, mode : file})
09-29 00:11:22.795  7613  7613 D WM-SystemFgDispatcher: Notifying with (id:9368, workSpecId: c131dc6b-42ab-44bf-a392-17d7b3d3a6fc, notificationType :1)
09-29 00:11:22.796  7613  7666 I WM-Processor: Moving WorkSpec (c131dc6b-42ab-44bf-a392-17d7b3d3a6fc) to the foreground
09-29 00:11:22.797  7613  7666 D WM-WorkProgressUpdater: Updating progress for c131dc6b-42ab-44bf-a392-17d7b3d3a6fc (Data {pct : 84, mode : file})
09-29 00:11:22.797  7613  7613 D WM-SystemFgDispatcher: Notifying with (id:9368, workSpecId: c131dc6b-42ab-44bf-a392-17d7b3d3a6fc, notificationType :1)
09-29 00:11:22.798  7613  7666 I WM-Processor: Moving WorkSpec (c131dc6b-42ab-44bf-a392-17d7b3d3a6fc) to the foreground
09-29 00:11:22.799  7613  7666 D WM-WorkProgressUpdater: Updating progress for c131dc6b-42ab-44bf-a392-17d7b3d3a6fc (Data {pct : 86, mode : file})
09-29 00:11:22.799  7613  7613 D WM-SystemFgDispatcher: Notifying with (id:9368, workSpecId: c131dc6b-42ab-44bf-a392-17d7b3d3a6fc, notificationType :1)
09-29 00:11:22.800  7613  7666 I WM-Processor: Moving WorkSpec (c131dc6b-42ab-44bf-a392-17d7b3d3a6fc) to the foreground
09-29 00:11:22.801  7613  7666 D WM-WorkProgressUpdater: Updating progress for c131dc6b-42ab-44bf-a392-17d7b3d3a6fc (Data {pct : 87, mode : file})
09-29 00:11:22.801  7613  7613 D WM-SystemFgDispatcher: Notifying with (id:9368, workSpecId: c131dc6b-42ab-44bf-a392-17d7b3d3a6fc, notificationType :1)
09-29 00:11:22.802  7613  7666 I WM-Processor: Moving WorkSpec (c131dc6b-42ab-44bf-a392-17d7b3d3a6fc) to the foreground
09-29 00:11:22.803  7613  7666 D WM-WorkProgressUpdater: Updating progress for c131dc6b-42ab-44bf-a392-17d7b3d3a6fc (Data {pct : 88, mode : file})
09-29 00:11:22.803  7613  7613 D WM-SystemFgDispatcher: Notifying with (id:9368, workSpecId: c131dc6b-42ab-44bf-a392-17d7b3d3a6fc, notificationType :1)
09-29 00:11:22.804  7613  7666 I WM-Processor: Moving WorkSpec (c131dc6b-42ab-44bf-a392-17d7b3d3a6fc) to the foreground
09-29 00:11:22.805  7613  7613 D WM-SystemFgDispatcher: Notifying with (id:9368, workSpecId: c131dc6b-42ab-44bf-a392-17d7b3d3a6fc, notificationType :1)
09-29 00:11:22.805  7613  7666 D WM-WorkProgressUpdater: Updating progress for c131dc6b-42ab-44bf-a392-17d7b3d3a6fc (Data {pct : 89, mode : file})
09-29 00:11:22.807  7613  7666 I WM-Processor: Moving WorkSpec (c131dc6b-42ab-44bf-a392-17d7b3d3a6fc) to the foreground
09-29 00:11:22.808  7613  7613 D WM-SystemFgDispatcher: Notifying with (id:9368, workSpecId: c131dc6b-42ab-44bf-a392-17d7b3d3a6fc, notificationType :1)
09-29 00:11:22.809  7613  7666 D WM-WorkProgressUpdater: Updating progress for c131dc6b-42ab-44bf-a392-17d7b3d3a6fc (Data {pct : 90, mode : file})
09-29 00:11:22.810  7613  7666 I WM-Processor: Moving WorkSpec (c131dc6b-42ab-44bf-a392-17d7b3d3a6fc) to the foreground
09-29 00:11:22.810  7613  7743 W github_upload: doFileUpload: upload failed for /data/user/0/com.negi.survey/files/diagnostics/crash_github_mirror/prevlog_20260929_032149_pid13009.log
09-29 00:11:22.810  7613  7743 W github_upload: com.negi.survey.net.GitHubUploader$HttpFailureException: GitHub request failed (409): {"message":"is at dcee4dd4652d787ac37d9d10d1e1be767b5eaa55 but expected aab4341fd03662df1d2297c92e3669c03f345c6e","documentation_url":"https://docs.github.com/rest/repos/contents#create-or-update-file-contents","status":"409"}
09-29 00:11:22.810  7613  7743 W github_upload: 	at com.negi.survey.net.GitHubUploader.executeWithRetry(GitHubUploader.kt:689)
09-29 00:11:22.810  7613  7743 W github_upload: 	at com.negi.survey.net.GitHubUploader.access$executeWithRetry(GitHubUploader.kt:51)
09-29 00:11:22.810  7613  7743 W github_upload: 	at com.negi.survey.net.GitHubUploader$executeWithRetry$1.invokeSuspend(Unknown Source:22)
09-29 00:11:22.810  7613  7743 W github_upload: 	at kotlin.coroutines.jvm.internal.BaseContinuationImpl.resumeWith(ContinuationImpl.kt:34)
09-29 00:11:22.810  7613  7743 W github_upload: 	at kotlinx.coroutines.DispatchedTask.run(DispatchedTask.kt:100)
09-29 00:11:22.810  7613  7743 W github_upload: 	at kotlinx.coroutines.internal.LimitedDispatcher$Worker.run(LimitedDispatcher.kt:124)
09-29 00:11:22.810  7613  7743 W github_upload: 	at kotlinx.coroutines.scheduling.TaskImpl.run(Tasks.kt:89)
09-29 00:11:22.810  7613  7743 W github_upload: 	at kotlinx.coroutines.scheduling.CoroutineScheduler.runSafely(CoroutineScheduler.kt:586)
09-29 00:11:22.810  7613  7743 W github_upload: 	at kotlinx.coroutines.scheduling.CoroutineScheduler$Worker.executeTask(CoroutineScheduler.kt:798)
09-29 00:11:22.810  7613  7743 W github_upload: 	at kotlinx.coroutines.scheduling.CoroutineScheduler$Worker.runWorker(CoroutineScheduler.kt:717)
09-29 00:11:22.810  7613  7743 W github_upload: 	at kotlinx.coroutines.scheduling.CoroutineScheduler$Worker.run(CoroutineScheduler.kt:704)
09-29 00:11:22.811  7613  7613 D WM-SystemFgDispatcher: Notifying with (id:9368, workSpecId: c131dc6b-42ab-44bf-a392-17d7b3d3a6fc, notificationType :1)
09-29 00:11:22.820  7613  7666 I WM-Processor: Moving WorkSpec (addf75e8-c004-42df-b8b8-31b3d025e91b) to the foreground
09-29 00:11:22.822  7613  7613 D WM-SystemFgDispatcher: Notifying with (id:5944, workSpecId: addf75e8-c004-42df-b8b8-31b3d025e91b, notificationType :1)
09-29 00:11:22.822  7613  7613 I NotificationManager: com.negi.survey: notify(5944, null, Notification(channel=uploads shortcut=null contentView=null vibrate=null sound=null defaults=0 flags=ONLY_ALERT_ONCE color=0x00000000 category=progress vis=PRIVATE semFlags=0x0 semPriority=0 semMissedCount=0 semScenarioType=0)) as user
09-29 00:11:22.823  7613  7666 I WM-WorkerWrapper: Worker result FAILURE for Work [ id=addf75e8-c004-42df-b8b8-31b3d025e91b, tags={ com.negi.survey.net.GitHubUploadWorker,github_upload,github_upload:crash:diagnostics_crash_prevlog_20260929_032149_pid13009.log_94c46186 } ]
09-29 00:11:22.824  7613  7613 D WM-Processor: Processor addf75e8-c004-42df-b8b8-31b3d025e91b executed; reschedule = false
09-29 00:11:22.825  7613  7613 D WM-GreedyScheduler: Stopping tracking for WorkGenerationalId(workSpecId=addf75e8-c004-42df-b8b8-31b3d025e91b, generation=0)
09-29 00:11:22.825  7613  7613 D WM-SystemJobService: addf75e8-c004-42df-b8b8-31b3d025e91b executed on JobScheduler
09-29 00:11:22.825  7613  7613 D WM-SystemFgDispatcher: Removing Notification (id: 5944, workSpecId: WorkGenerationalId(workSpecId=addf75e8-c004-42df-b8b8-31b3d025e91b, generation=0), notificationType: 1
09-29 00:11:22.834  7613  7666 D WM-GreedyScheduler: Cancelling work ID addf75e8-c004-42df-b8b8-31b3d025e91b
09-29 00:11:22.856  7613  7633 I TextToSpeech: Connected to TTS engine
09-29 00:11:22.885  7613  7649 I TextToSpeech: Setting up the connection to TTS engine...
09-29 00:11:22.886  7613  7645 W github_upload: doFileUpload: upload failed for /data/user/0/com.negi.survey/files/diagnostics/crash_github_mirror/prevlog_20260929_050723_pid6169.log
09-29 00:11:22.886  7613  7645 W github_upload: com.negi.survey.net.GitHubUploader$HttpFailureException: GitHub request failed (409): {"message":"is at dcee4dd4652d787ac37d9d10d1e1be767b5eaa55 but expected aab4341fd03662df1d2297c92e3669c03f345c6e","documentation_url":"https://docs.github.com/rest/repos/contents#create-or-update-file-contents","status":"409"}
09-29 00:11:22.886  7613  7645 W github_upload: 	at com.negi.survey.net.GitHubUploader.executeWithRetry(GitHubUploader.kt:689)
09-29 00:11:22.886  7613  7645 W github_upload: 	at com.negi.survey.net.GitHubUploader.access$executeWithRetry(GitHubUploader.kt:51)
09-29 00:11:22.886  7613  7645 W github_upload: 	at com.negi.survey.net.GitHubUploader$executeWithRetry$1.invokeSuspend(Unknown Source:22)
09-29 00:11:22.886  7613  7645 W github_upload: 	at kotlin.coroutines.jvm.internal.BaseContinuationImpl.resumeWith(ContinuationImpl.kt:34)
09-29 00:11:22.886  7613  7645 W github_upload: 	at kotlinx.coroutines.DispatchedTask.run(DispatchedTask.kt:100)
09-29 00:11:22.886  7613  7645 W github_upload: 	at kotlinx.coroutines.internal.LimitedDispatcher$Worker.run(LimitedDispatcher.kt:124)
09-29 00:11:22.886  7613  7645 W github_upload: 	at kotlinx.coroutines.scheduling.TaskImpl.run(Tasks.kt:89)
09-29 00:11:22.886  7613  7645 W github_upload: 	at kotlinx.coroutines.scheduling.CoroutineScheduler.runSafely(CoroutineScheduler.kt:586)
09-29 00:11:22.886  7613  7645 W github_upload: 	at kotlinx.coroutines.scheduling.CoroutineScheduler$Worker.executeTask(CoroutineScheduler.kt:798)
09-29 00:11:22.886  7613  7645 W github_upload: 	at kotlinx.coroutines.scheduling.CoroutineScheduler$Worker.runWorker(CoroutineScheduler.kt:717)
09-29 00:11:22.886  7613  7645 W github_upload: 	at kotlinx.coroutines.scheduling.CoroutineScheduler$Worker.run(CoroutineScheduler.kt:704)
09-29 00:11:22.887  7613  7665 I WM-Processor: Moving WorkSpec (0a41d9da-64f6-4a6a-a847-34e18f759560) to the foreground
09-29 00:11:22.895  7613  7655 D WM-WorkProgressUpdater: Updating progress for 0de5c876-7b7e-42d7-a8f3-3a0716deff56 (Data {pct : 26, mode : file})
09-29 00:11:22.897  7613  7655 I WM-Processor: Moving WorkSpec (0de5c876-7b7e-42d7-a8f3-3a0716deff56) to the foreground
09-29 00:11:22.899  7613  7655 D WM-WorkProgressUpdater: Updating progress for 0de5c876-7b7e-42d7-a8f3-3a0716deff56 (Data {pct : 43, mode : file})
09-29 00:11:22.901  7613  7655 I WM-Processor: Moving WorkSpec (0de5c876-7b7e-42d7-a8f3-3a0716deff56) to the foreground
09-29 00:11:22.903  7613  7655 D WM-WorkProgressUpdater: Updating progress for 0de5c876-7b7e-42d7-a8f3-3a0716deff56 (Data {pct : 60, mode : file})
09-29 00:11:22.905  7613  7655 I WM-Processor: Moving WorkSpec (0de5c876-7b7e-42d7-a8f3-3a0716deff56) to the foreground
09-29 00:11:22.906  7613  7655 D WM-WorkProgressUpdater: Updating progress for 0de5c876-7b7e-42d7-a8f3-3a0716deff56 (Data {pct : 77, mode : file})
09-29 00:11:22.912  7613  7655 I WM-Processor: Moving WorkSpec (0de5c876-7b7e-42d7-a8f3-3a0716deff56) to the foreground
09-29 00:11:22.913  7613  7655 D WM-WorkProgressUpdater: Updating progress for 0de5c876-7b7e-42d7-a8f3-3a0716deff56 (Data {pct : 90, mode : file})
09-29 00:11:22.924  7613  7655 I WM-Processor: Moving WorkSpec (0de5c876-7b7e-42d7-a8f3-3a0716deff56) to the foreground
09-29 00:11:22.939  7613  7613 D TtsController: TextToSpeech ready: locale=en_US rate=1.0 pitch=1.0
09-29 00:11:22.939  7613  7613 D WM-SystemFgDispatcher: Notifying with (id:8187, workSpecId: 0a41d9da-64f6-4a6a-a847-34e18f759560, notificationType :1)
09-29 00:11:22.940  7613  7613 I NotificationManager: com.negi.survey: notify(8187, null, Notification(channel=uploads shortcut=null contentView=null vibrate=null sound=null defaults=0 flags=ONLY_ALERT_ONCE color=0x00000000 category=progress vis=PRIVATE semFlags=0x0 semPriority=0 semMissedCount=0 semScenarioType=0)) as user
09-29 00:11:22.941  7613  7665 I WM-WorkerWrapper: Worker result FAILURE for Work [ id=0a41d9da-64f6-4a6a-a847-34e18f759560, tags={ com.negi.survey.net.GitHubUploadWorker,github_upload,github_upload:crash:diagnostics_crash_prevlog_20260929_050723_pid6169.log_c7837ca1 } ]
09-29 00:11:22.943  7613  7958 W native  : W0000 00:00:1790658682.943695    7958 sampler_factory.cc:403] OpenCL sampler not available, falling back to statically linked C API: UNAVAILABLE: ERROR: [third_party/odml/litert_lm/runtime/components/sampler_factory.cc:319]
09-29 00:11:22.943  7613  7958 W native  : └ Could not load shared library libLiteRtTopKOpenClSampler.so: dlopen failed: library "libLiteRtTopKOpenClSampler.so" not found.
09-29 00:11:22.943  7613  7958 W native  : === Source Location Trace: ===
09-29 00:11:22.943  7613  7958 W native  : ./third_party/odml/litert/litert/cc/litert_macros.h:573
09-29 00:11:22.946  7613  7613 D WM-SystemFgDispatcher: Notifying with (id:3300, workSpecId: 0de5c876-7b7e-42d7-a8f3-3a0716deff56, notificationType :1)
09-29 00:11:22.946  7613  7613 I NotificationManager: com.negi.survey: notify(3300, null, Notification(channel=uploads shortcut=null contentView=null vibrate=null sound=null defaults=0 flags=ONGOING_EVENT|ONLY_ALERT_ONCE color=0x00000000 category=progress vis=PRIVATE semFlags=0x0 semPriority=0 semMissedCount=0 semScenarioType=0)) as user
09-29 00:11:22.949  7613  7613 D WM-SystemFgDispatcher: Notifying with (id:3300, workSpecId: 0de5c876-7b7e-42d7-a8f3-3a0716deff56, notificationType :1)
09-29 00:11:22.952  7613  7613 D WM-SystemFgDispatcher: Notifying with (id:3300, workSpecId: 0de5c876-7b7e-42d7-a8f3-3a0716deff56, notificationType :1)
09-29 00:11:22.953  7613  7613 D WM-SystemFgDispatcher: Notifying with (id:3300, workSpecId: 0de5c876-7b7e-42d7-a8f3-3a0716deff56, notificationType :1)
09-29 00:11:22.955  7613  7613 D WM-SystemFgDispatcher: Notifying with (id:3300, workSpecId: 0de5c876-7b7e-42d7-a8f3-3a0716deff56, notificationType :1)
09-29 00:11:22.957  7613  7742 W github_upload: doFileUpload: upload failed for /data/user/0/com.negi.survey/files/diagnostics/crash_github_mirror/prevlog_20260929_035000_pid21454.log
09-29 00:11:22.957  7613  7742 W github_upload: com.negi.survey.net.GitHubUploader$HttpFailureException: GitHub request failed (409): {"message":"is at dcee4dd4652d787ac37d9d10d1e1be767b5eaa55 but expected aab4341fd03662df1d2297c92e3669c03f345c6e","documentation_url":"https://docs.github.com/rest/repos/contents#create-or-update-file-contents","status":"409"}
09-29 00:11:22.957  7613  7742 W github_upload: 	at com.negi.survey.net.GitHubUploader.executeWithRetry(GitHubUploader.kt:689)
09-29 00:11:22.957  7613  7742 W github_upload: 	at com.negi.survey.net.GitHubUploader.access$executeWithRetry(GitHubUploader.kt:51)
09-29 00:11:22.957  7613  7742 W github_upload: 	at com.negi.survey.net.GitHubUploader$executeWithRetry$1.invokeSuspend(Unknown Source:22)
09-29 00:11:22.957  7613  7742 W github_upload: 	at kotlin.coroutines.jvm.internal.BaseContinuationImpl.resumeWith(ContinuationImpl.kt:34)
09-29 00:11:22.957  7613  7742 W github_upload: 	at kotlinx.coroutines.DispatchedTask.run(DispatchedTask.kt:100)
09-29 00:11:22.957  7613  7742 W github_upload: 	at kotlinx.coroutines.internal.LimitedDispatcher$Worker.run(LimitedDispatcher.kt:124)
09-29 00:11:22.957  7613  7742 W github_upload: 	at kotlinx.coroutines.scheduling.TaskImpl.run(Tasks.kt:89)
09-29 00:11:22.957  7613  7742 W github_upload: 	at kotlinx.coroutines.scheduling.CoroutineScheduler.runSafely(CoroutineScheduler.kt:586)
09-29 00:11:22.957  7613  7742 W github_upload: 	at kotlinx.coroutines.scheduling.CoroutineScheduler$Worker.executeTask(CoroutineScheduler.kt:798)
09-29 00:11:22.957  7613  7742 W github_upload: 	at kotlinx.coroutines.scheduling.CoroutineScheduler$Worker.runWorker(CoroutineScheduler.kt:717)
09-29 00:11:22.957  7613  7742 W github_upload: 	at kotlinx.coroutines.scheduling.CoroutineScheduler$Worker.run(CoroutineScheduler.kt:704)
09-29 00:11:22.957  7613  7613 D WM-Processor: Processor 0a41d9da-64f6-4a6a-a847-34e18f759560 executed; reschedule = false
09-29 00:11:22.958  7613  7613 D WM-GreedyScheduler: Stopping tracking for WorkGenerationalId(workSpecId=0a41d9da-64f6-4a6a-a847-34e18f759560, generation=0)
09-29 00:11:22.958  7613  7613 D WM-SystemJobService: 0a41d9da-64f6-4a6a-a847-34e18f759560 executed on JobScheduler
09-29 00:11:22.960  7613  7613 D WM-SystemFgDispatcher: Removing Notification (id: 8187, workSpecId: WorkGenerationalId(workSpecId=0a41d9da-64f6-4a6a-a847-34e18f759560, generation=0), notificationType: 1
09-29 00:11:22.967  7613  7666 I WM-Processor: Moving WorkSpec (fdb2def7-3b18-4194-8f3a-0ab9c8e17363) to the foreground
09-29 00:11:22.975  7613  7666 D WM-GreedyScheduler: Cancelling work ID 0a41d9da-64f6-4a6a-a847-34e18f759560
09-29 00:11:22.983  7613  7666 I WM-WorkerWrapper: Worker result FAILURE for Work [ id=fdb2def7-3b18-4194-8f3a-0ab9c8e17363, tags={ com.negi.survey.net.GitHubUploadWorker,github_upload,github_upload:crash:diagnostics_crash_prevlog_20260929_035000_pid21454.log_ed5325ec } ]
09-29 00:11:22.986  7613  7613 D WM-Processor: Processor fdb2def7-3b18-4194-8f3a-0ab9c8e17363 executed; reschedule = false
09-29 00:11:22.986  7613  7613 D WM-GreedyScheduler: Stopping tracking for WorkGenerationalId(workSpecId=fdb2def7-3b18-4194-8f3a-0ab9c8e17363, generation=0)
09-29 00:11:22.987  7613  7613 D WM-SystemJobService: fdb2def7-3b18-4194-8f3a-0ab9c8e17363 executed on JobScheduler
09-29 00:11:22.987  7613  7613 D WM-SystemFgDispatcher: Removing Notification (id: 7492, workSpecId: WorkGenerationalId(workSpecId=fdb2def7-3b18-4194-8f3a-0ab9c8e17363, generation=0), notificationType: 1
09-29 00:11:22.990  7613  7664 D WM-GreedyScheduler: Cancelling work ID fdb2def7-3b18-4194-8f3a-0ab9c8e17363
09-29 00:11:22.993  7613  7633 I com.negi.survey: Explicit concurrent mark compact GC freed 11MB AllocSpace bytes, 34(736KB) LOS objects, 72% free, 9164KB/32MB, paused 418us,3.993ms total 50.530ms
09-29 00:11:23.009  7613  7613 D WM-SystemFgDispatcher: Notifying with (id:7492, workSpecId: fdb2def7-3b18-4194-8f3a-0ab9c8e17363, notificationType :1)
09-29 00:11:23.009  7613  7613 I NotificationManager: com.negi.survey: notify(7492, null, Notification(channel=uploads shortcut=null contentView=null vibrate=null sound=null defaults=0 flags=ONLY_ALERT_ONCE color=0x00000000 category=progress vis=PRIVATE semFlags=0x0 semPriority=0 semMissedCount=0 semScenarioType=0)) as user
09-29 00:11:23.286  7613  7665 D WM-WorkProgressUpdater: Updating progress for acae73cc-e56f-4e18-834a-03c7284f1238 (Data {pct : 30, mode : file})
09-29 00:11:23.288  7613  7665 I WM-Processor: Moving WorkSpec (acae73cc-e56f-4e18-834a-03c7284f1238) to the foreground
09-29 00:11:23.290  7613  7613 D WM-SystemFgDispatcher: Notifying with (id:3523, workSpecId: acae73cc-e56f-4e18-834a-03c7284f1238, notificationType :1)
09-29 00:11:23.290  7613  7665 D WM-WorkProgressUpdater: Updating progress for acae73cc-e56f-4e18-834a-03c7284f1238 (Data {pct : 50, mode : file})
09-29 00:11:23.290  7613  7613 I NotificationManager: com.negi.survey: notify(3523, null, Notification(channel=uploads shortcut=null contentView=null vibrate=null sound=null defaults=0 flags=ONGOING_EVENT|ONLY_ALERT_ONCE color=0x00000000 category=progress vis=PRIVATE semFlags=0x0 semPriority=0 semMissedCount=0 semScenarioType=0)) as user
09-29 00:11:23.292  7613  7665 I WM-Processor: Moving WorkSpec (acae73cc-e56f-4e18-834a-03c7284f1238) to the foreground
09-29 00:11:23.293  7613  7655 D WM-WorkProgressUpdater: Updating progress for acae73cc-e56f-4e18-834a-03c7284f1238 (Data {pct : 70, mode : file})
09-29 00:11:23.294  7613  7613 D WM-SystemFgDispatcher: Notifying with (id:3523, workSpecId: acae73cc-e56f-4e18-834a-03c7284f1238, notificationType :1)
09-29 00:11:23.295  7613  7655 I WM-Processor: Moving WorkSpec (acae73cc-e56f-4e18-834a-03c7284f1238) to the foreground
09-29 00:11:23.296  7613  7613 D WM-SystemFgDispatcher: Notifying with (id:3523, workSpecId: acae73cc-e56f-4e18-834a-03c7284f1238, notificationType :1)
09-29 00:11:23.296  7613  7655 D WM-WorkProgressUpdater: Updating progress for acae73cc-e56f-4e18-834a-03c7284f1238 (Data {pct : 90, mode : file})
09-29 00:11:23.298  7613  7655 I WM-Processor: Moving WorkSpec (acae73cc-e56f-4e18-834a-03c7284f1238) to the foreground
09-29 00:11:23.300  7613  7613 D WM-SystemFgDispatcher: Notifying with (id:3523, workSpecId: acae73cc-e56f-4e18-834a-03c7284f1238, notificationType :1)
09-29 00:11:23.495  7613  7664 D WM-WorkProgressUpdater: Updating progress for 61a8429b-302c-422b-8adc-bdcb3213b867 (Data {pct : 27, mode : file})
09-29 00:11:23.497  7613  7664 I WM-Processor: Moving WorkSpec (61a8429b-302c-422b-8adc-bdcb3213b867) to the foreground
09-29 00:11:23.497  7613  7958 W LiteRtLM: Inference first output: key='fs|dev=65088|ino=23726|size=4919541760|mtime=1790636955288' runId=1 ttftMs=1081 dispatchMs=8 postDispatchTtftMs=1073 requestToFirstOutputMs=1082
09-29 00:11:23.497  7613  7958 W LiteRtLM: Inference first output: key='fs|dev=65088|ino=23726|size=4919541760|mtime=1790636955288' runId=1 ttftMs=1081 dispatchMs=8 postDispatchTtftMs=1073 requestToFirstOutputMs=1082
09-29 00:11:23.498  7613  7958 D LiteRtLM: stream[key=fs|dev=65088|ino=23726|size=4919541760|mtime=1790636955288 runId=1] msg#1 rawChunkLen=5 deltaLen=5 emittedChars=5
09-29 00:11:23.498  7613  7613 D LiteRtRepository: stream[rid=1 msg#1] done=false deltaLen=5 outLen=5 outPreview='ready' deltaPreview='ready'
09-29 00:11:23.499  7613  7664 D WM-WorkProgressUpdater: Updating progress for 61a8429b-302c-422b-8adc-bdcb3213b867 (Data {pct : 45, mode : file})
09-29 00:11:23.499  7613  7613 D WM-SystemFgDispatcher: Notifying with (id:5734, workSpecId: 61a8429b-302c-422b-8adc-bdcb3213b867, notificationType :1)
09-29 00:11:23.499  7613  7613 I NotificationManager: com.negi.survey: notify(5734, null, Notification(channel=uploads shortcut=null contentView=null vibrate=null sound=null defaults=0 flags=ONGOING_EVENT|ONLY_ALERT_ONCE color=0x00000000 category=progress vis=PRIVATE semFlags=0x0 semPriority=0 semMissedCount=0 semScenarioType=0)) as user
09-29 00:11:23.501  7613  7664 I WM-Processor: Moving WorkSpec (61a8429b-302c-422b-8adc-bdcb3213b867) to the foreground
09-29 00:11:23.503  7613  7664 D WM-WorkProgressUpdater: Updating progress for 61a8429b-302c-422b-8adc-bdcb3213b867 (Data {pct : 62, mode : file})
09-29 00:11:23.503  7613  7613 D WM-SystemFgDispatcher: Notifying with (id:5734, workSpecId: 61a8429b-302c-422b-8adc-bdcb3213b867, notificationType :1)
09-29 00:11:23.503  7613  7613 W NotificationManager: Shedding notify (update) of NotificationKey[user=UserHandle{0}, pkg=com.negi.survey, tag=null, id=5734], rate limit (5.0) exceeded: input 22.793777, output would be 5.9940066
09-29 00:11:23.506  7613  7664 I WM-Processor: Moving WorkSpec (61a8429b-302c-422b-8adc-bdcb3213b867) to the foreground
09-29 00:11:23.507  7613  7613 D WM-SystemFgDispatcher: Notifying with (id:5734, workSpecId: 61a8429b-302c-422b-8adc-bdcb3213b867, notificationType :1)
09-29 00:11:23.508  7613  7664 D WM-WorkProgressUpdater: Updating progress for 61a8429b-302c-422b-8adc-bdcb3213b867 (Data {pct : 80, mode : file})
09-29 00:11:23.511  7613  7664 I WM-Processor: Moving WorkSpec (61a8429b-302c-422b-8adc-bdcb3213b867) to the foreground
09-29 00:11:23.512  7613  7664 D WM-WorkProgressUpdater: Updating progress for 61a8429b-302c-422b-8adc-bdcb3213b867 (Data {pct : 90, mode : file})
09-29 00:11:23.512  7613  7613 D WM-SystemFgDispatcher: Notifying with (id:5734, workSpecId: 61a8429b-302c-422b-8adc-bdcb3213b867, notificationType :1)
09-29 00:11:23.514  7613  7664 I WM-Processor: Moving WorkSpec (61a8429b-302c-422b-8adc-bdcb3213b867) to the foreground
09-29 00:11:23.515  7613  7613 D WM-SystemFgDispatcher: Notifying with (id:5734, workSpecId: 61a8429b-302c-422b-8adc-bdcb3213b867, notificationType :1)
09-29 00:11:23.578  7613  7665 D WM-WorkProgressUpdater: Updating progress for cdf06544-dc01-453d-9cb5-b12a24ba2253 (Data {pct : 26, mode : file})
09-29 00:11:23.582  7613  7665 I WM-Processor: Moving WorkSpec (cdf06544-dc01-453d-9cb5-b12a24ba2253) to the foreground
09-29 00:11:23.584  7613  7665 D WM-WorkProgressUpdater: Updating progress for cdf06544-dc01-453d-9cb5-b12a24ba2253 (Data {pct : 42, mode : file})
09-29 00:11:23.584  7613  7613 D WM-SystemFgDispatcher: Notifying with (id:7832, workSpecId: cdf06544-dc01-453d-9cb5-b12a24ba2253, notificationType :1)
09-29 00:11:23.586  7613  7665 I WM-Processor: Moving WorkSpec (cdf06544-dc01-453d-9cb5-b12a24ba2253) to the foreground
09-29 00:11:23.587  7613  7665 D WM-WorkProgressUpdater: Updating progress for cdf06544-dc01-453d-9cb5-b12a24ba2253 (Data {pct : 58, mode : file})
09-29 00:11:23.588  7613  7613 D WM-SystemFgDispatcher: Notifying with (id:7832, workSpecId: cdf06544-dc01-453d-9cb5-b12a24ba2253, notificationType :1)
09-29 00:11:23.590  7613  7665 I WM-Processor: Moving WorkSpec (cdf06544-dc01-453d-9cb5-b12a24ba2253) to the foreground
09-29 00:11:23.591  7613  7665 D WM-WorkProgressUpdater: Updating progress for cdf06544-dc01-453d-9cb5-b12a24ba2253 (Data {pct : 74, mode : file})
09-29 00:11:23.591  7613  7613 D WM-SystemFgDispatcher: Notifying with (id:7832, workSpecId: cdf06544-dc01-453d-9cb5-b12a24ba2253, notificationType :1)
09-29 00:11:23.593  7613  7665 I WM-Processor: Moving WorkSpec (cdf06544-dc01-453d-9cb5-b12a24ba2253) to the foreground
09-29 00:11:23.594  7613  7665 D WM-WorkProgressUpdater: Updating progress for cdf06544-dc01-453d-9cb5-b12a24ba2253 (Data {pct : 90, mode : file})
09-29 00:11:23.594  7613  7613 D WM-SystemFgDispatcher: Notifying with (id:7832, workSpecId: cdf06544-dc01-453d-9cb5-b12a24ba2253, notificationType :1)
09-29 00:11:23.597  7613  7665 I WM-Processor: Moving WorkSpec (cdf06544-dc01-453d-9cb5-b12a24ba2253) to the foreground
09-29 00:11:23.598  7613  7613 D WM-SystemFgDispatcher: Notifying with (id:7832, workSpecId: cdf06544-dc01-453d-9cb5-b12a24ba2253, notificationType :1)
09-29 00:11:23.716  7613  7981 D LiteRtLM: state[logicalDone] key='fs|dev=65088|ino=23726|size=4919541760|mtime=1790636955288' runId=1 active=true terminated=true logicalDone=true cancel=false pendingCancel=false lastMsgAt=617588175 lastTermAt=617588282
09-29 00:11:23.717  7613  7981 D LiteRtLM: state[nativeDone:beforeRelease] key='fs|dev=65088|ino=23726|size=4919541760|mtime=1790636955288' runId=1 active=true terminated=true logicalDone=true cancel=false pendingCancel=false lastMsgAt=617588175 lastTermAt=617588282
09-29 00:11:23.717  7613  7981 W LiteRtLM: Inference timing: key='fs|dev=65088|ino=23726|size=4919541760|mtime=1790636955288' runId=1 ttftMs=1081 dispatchMs=8 postDispatchTtftMs=1073 totalMs=1299 callbacks=2 outputChars=6 cancelled=false error=false requestTotalMs=1300
09-29 00:11:23.718  7613  7981 W LiteRtLM: Inference timing: key='fs|dev=65088|ino=23726|size=4919541760|mtime=1790636955288' runId=1 ttftMs=1081 dispatchMs=8 postDispatchTtftMs=1073 totalMs=1299 callbacks=2 outputChars=6 cancelled=false error=false requestTotalMs=1300
09-29 00:11:23.718  7613  7981 I LiteRtLM: LiteRT completion: runId=1 terminal=normal_onDone phase=unavailable engineTokenCapacity=1024 prefillTokens=-1 decodeTokens=-1 kvTokens=-1 outputChars=6 callbacks=2
09-29 00:11:23.718  7613  7981 I LiteRtLM: LiteRT completion: runId=1 terminal=normal_onDone phase=unavailable engineTokenCapacity=1024 prefillTokens=-1 decodeTokens=-1 kvTokens=-1 outputChars=6 callbacks=2
09-29 00:11:23.719  7613  7613 D LiteRtRepository: [1] logical done=true; responseClosed=true; waiting native cleanup
09-29 00:11:23.720  7613  7613 D LiteRtRepository: [1] native cleanup safepoint
09-29 00:11:23.721  7613  7954 D SLM     : resetConversationAndWait: model='Gemma3n4B' image=false audio=false
09-29 00:11:23.722  7613  7613 W MainActivity: SLM diagnostic inference completed: session=survey_config10.yaml@1 elapsedMs=1313 outputChars=6
09-29 00:11:23.726  7613  7743 D LiteRtRepository: [1] Conversation reset completed after safepoint
09-29 00:11:23.727  7613  7743 D HeavyModelRuntime: SLM lease released
09-29 00:11:23.727  7613  7748 D LiteRtRepository: [part=000] [1] FINALIZE: native-terminated
09-29 00:11:23.727  7613  7748 D LiteRtRepository: === AI TRACE STATS (LiteRtRepository) ===
09-29 00:11:23.727  7613  7748 D LiteRtRepository: rid=1 model='Gemma3n4B' reason=native-terminated
09-29 00:11:23.727  7613  7748 D LiteRtRepository: totalMs=1315 inferenceMs=1312 firstTokenMs=1083
09-29 00:11:23.727  7613  7748 D LiteRtRepository: logicalDone=true logicalDoneAt=617588285
09-29 00:11:23.727  7613  7748 D LiteRtRepository: nativeTerminated=true cancelTag='null'
09-29 00:11:23.727  7613  7748 D LiteRtRepository: lastDeltaMsAgo=118 lastEventMsAgo=7
09-29 00:11:23.727  7613  7748 D LiteRtRepository: chunks=2 emittedChars=6 capturedAll=true out.len=6
09-29 00:11:23.727  7613  7748 D LiteRtRepository: === OUTPUT (FULL) ===
09-29 00:11:23.727  7613  7748 D LiteRtRepository: ready
09-29 00:11:24.206  7613  7633 I com.negi.survey: Explicit concurrent mark compact GC freed 3076KB AllocSpace bytes, 24(524KB) LOS objects, 75% free, 7936KB/31MB, paused 240us,1.864ms total 27.680ms
09-29 00:11:24.530  7613  7666 D WM-WorkProgressUpdater: Updating progress for dd9182fc-8432-48c5-8979-71de7938cdd7 (Data {pct : 19, mode : file})
09-29 00:11:24.532  7613  7666 I WM-Processor: Moving WorkSpec (dd9182fc-8432-48c5-8979-71de7938cdd7) to the foreground
09-29 00:11:24.534  7613  7666 D WM-WorkProgressUpdater: Updating progress for dd9182fc-8432-48c5-8979-71de7938cdd7 (Data {pct : 28, mode : file})
09-29 00:11:24.535  7613  7613 D WM-SystemFgDispatcher: Notifying with (id:4313, workSpecId: dd9182fc-8432-48c5-8979-71de7938cdd7, notificationType :1)
09-29 00:11:24.535  7613  7613 I NotificationManager: com.negi.survey: notify(4313, null, Notification(channel=uploads shortcut=null contentView=null vibrate=null sound=null defaults=0 flags=ONGOING_EVENT|ONLY_ALERT_ONCE color=0x00000000 category=progress vis=PRIVATE semFlags=0x0 semPriority=0 semMissedCount=0 semScenarioType=0)) as user
09-29 00:11:24.537  7613  7666 I WM-Processor: Moving WorkSpec (dd9182fc-8432-48c5-8979-71de7938cdd7) to the foreground
09-29 00:11:24.540  7613  7613 D WM-SystemFgDispatcher: Notifying with (id:4313, workSpecId: dd9182fc-8432-48c5-8979-71de7938cdd7, notificationType :1)
09-29 00:11:24.540  7613  7666 D WM-WorkProgressUpdater: Updating progress for dd9182fc-8432-48c5-8979-71de7938cdd7 (Data {pct : 37, mode : file})
09-29 00:11:24.540  7613  7613 I NotificationManager: com.negi.survey: notify(4313, null, Notification(channel=uploads shortcut=null contentView=null vibrate=null sound=null defaults=0 flags=ONGOING_EVENT|ONLY_ALERT_ONCE color=0x00000000 category=progress vis=PRIVATE semFlags=0x0 semPriority=0 semMissedCount=0 semScenarioType=0)) as user
09-29 00:11:24.542  7613  7666 I WM-Processor: Moving WorkSpec (dd9182fc-8432-48c5-8979-71de7938cdd7) to the foreground
09-29 00:11:24.544  7613  7666 D WM-WorkProgressUpdater: Updating progress for dd9182fc-8432-48c5-8979-71de7938cdd7 (Data {pct : 46, mode : file})
09-29 00:11:24.544  7613  7613 D WM-SystemFgDispatcher: Notifying with (id:4313, workSpecId: dd9182fc-8432-48c5-8979-71de7938cdd7, notificationType :1)
09-29 00:11:24.545  7613  7613 I NotificationManager: com.negi.survey: notify(4313, null, Notification(channel=uploads shortcut=null contentView=null vibrate=null sound=null defaults=0 flags=ONGOING_EVENT|ONLY_ALERT_ONCE color=0x00000000 category=progress vis=PRIVATE semFlags=0x0 semPriority=0 semMissedCount=0 semScenarioType=0)) as user
09-29 00:11:24.546  7613  7666 I WM-Processor: Moving WorkSpec (dd9182fc-8432-48c5-8979-71de7938cdd7) to the foreground
09-29 00:11:24.547  7613  7666 D WM-WorkProgressUpdater: Updating progress for dd9182fc-8432-48c5-8979-71de7938cdd7 (Data {pct : 56, mode : file})
09-29 00:11:24.549  7613  7613 D WM-SystemFgDispatcher: Notifying with (id:4313, workSpecId: dd9182fc-8432-48c5-8979-71de7938cdd7, notificationType :1)
09-29 00:11:24.549  7613  7613 W NotificationManager: Shedding notify (update) of NotificationKey[user=UserHandle{0}, pkg=com.negi.survey, tag=null, id=4313], rate limit (5.0) exceeded: input 13.960625, output would be 6.013275
09-29 00:11:24.550  7613  7666 I WM-Processor: Moving WorkSpec (dd9182fc-8432-48c5-8979-71de7938cdd7) to the foreground
09-29 00:11:24.551  7613  7666 D WM-WorkProgressUpdater: Updating progress for dd9182fc-8432-48c5-8979-71de7938cdd7 (Data {pct : 65, mode : file})
09-29 00:11:24.551  7613  7613 D WM-SystemFgDispatcher: Notifying with (id:4313, workSpecId: dd9182fc-8432-48c5-8979-71de7938cdd7, notificationType :1)
09-29 00:11:24.553  7613  7666 I WM-Processor: Moving WorkSpec (dd9182fc-8432-48c5-8979-71de7938cdd7) to the foreground
09-29 00:11:24.554  7613  7666 D WM-WorkProgressUpdater: Updating progress for dd9182fc-8432-48c5-8979-71de7938cdd7 (Data {pct : 74, mode : file})
09-29 00:11:24.555  7613  7613 D WM-SystemFgDispatcher: Notifying with (id:4313, workSpecId: dd9182fc-8432-48c5-8979-71de7938cdd7, notificationType :1)
09-29 00:11:24.557  7613  7666 I WM-Processor: Moving WorkSpec (dd9182fc-8432-48c5-8979-71de7938cdd7) to the foreground
09-29 00:11:24.558  7613  7613 D WM-SystemFgDispatcher: Notifying with (id:4313, workSpecId: dd9182fc-8432-48c5-8979-71de7938cdd7, notificationType :1)
09-29 00:11:24.559  7613  7666 D WM-WorkProgressUpdater: Updating progress for dd9182fc-8432-48c5-8979-71de7938cdd7 (Data {pct : 83, mode : file})
09-29 00:11:24.562  7613  7666 I WM-Processor: Moving WorkSpec (dd9182fc-8432-48c5-8979-71de7938cdd7) to the foreground
09-29 00:11:24.563  7613  7666 D WM-WorkProgressUpdater: Updating progress for dd9182fc-8432-48c5-8979-71de7938cdd7 (Data {pct : 90, mode : file})
09-29 00:11:24.563  7613  7613 D WM-SystemFgDispatcher: Notifying with (id:4313, workSpecId: dd9182fc-8432-48c5-8979-71de7938cdd7, notificationType :1)
09-29 00:11:24.565  7613  7666 I WM-Processor: Moving WorkSpec (dd9182fc-8432-48c5-8979-71de7938cdd7) to the foreground
09-29 00:11:24.566  7613  7613 D WM-SystemFgDispatcher: Notifying with (id:4313, workSpecId: dd9182fc-8432-48c5-8979-71de7938cdd7, notificationType :1)
09-29 00:11:24.766  7613  7655 D WM-WorkProgressUpdater: Updating progress for e232e0ed-f2cb-4277-9cb1-0dea725ce196 (Data {pct : 95, mode : file})
09-29 00:11:24.766  7613  7724 D GitHubUploader: uploadStream: done url=https://github.com/ishizuki-tech/SurveyExports/blob/main/diagnostics/crash/2026-09-29/prevlog_20260929_050936_pid6929.log sha=71a80d91563db41eac9e1cfe42b84e60911c14c5
09-29 00:11:24.779  7613  7655 I WM-Processor: Moving WorkSpec (e232e0ed-f2cb-4277-9cb1-0dea725ce196) to the foreground
09-29 00:11:24.782  7613  7613 D WM-SystemFgDispatcher: Notifying with (id:11118, workSpecId: e232e0ed-f2cb-4277-9cb1-0dea725ce196, notificationType :1)
09-29 00:11:24.783  7613  7655 I WM-Processor: Moving WorkSpec (e232e0ed-f2cb-4277-9cb1-0dea725ce196) to the foreground
09-29 00:11:24.783  7613  7613 I NotificationManager: com.negi.survey: notify(11118, null, Notification(channel=uploads shortcut=null contentView=null vibrate=null sound=null defaults=0 flags=ONGOING_EVENT|ONLY_ALERT_ONCE color=0x00000000 category=progress vis=PRIVATE semFlags=0x0 semPriority=0 semMissedCount=0 semScenarioType=0)) as user
09-29 00:11:24.786  7613  7655 I WM-WorkerWrapper: Worker result SUCCESS for Work [ id=e232e0ed-f2cb-4277-9cb1-0dea725ce196, tags={ com.negi.survey.net.GitHubUploadWorker,github_upload,github_upload:crash:diagnostics_crash_prevlog_20260929_050936_pid6929.log_c8ffa5d1 } ]
09-29 00:11:24.789  7613  7613 D WM-SystemFgDispatcher: Notifying with (id:11118, workSpecId: e232e0ed-f2cb-4277-9cb1-0dea725ce196, notificationType :1)
09-29 00:11:24.789  7613  7613 I NotificationManager: com.negi.survey: notify(11118, null, Notification(channel=uploads shortcut=null contentView=null vibrate=null sound=null defaults=0 flags=ONLY_ALERT_ONCE color=0x00000000 category=progress vis=PRIVATE semFlags=0x0 semPriority=0 semMissedCount=0 semScenarioType=0)) as user
09-29 00:11:24.793  7613  7613 D WM-Processor: Processor e232e0ed-f2cb-4277-9cb1-0dea725ce196 executed; reschedule = false
09-29 00:11:24.794  7613  7613 D WM-GreedyScheduler: Stopping tracking for WorkGenerationalId(workSpecId=e232e0ed-f2cb-4277-9cb1-0dea725ce196, generation=0)
09-29 00:11:24.795  7613  7613 D WM-SystemJobService: e232e0ed-f2cb-4277-9cb1-0dea725ce196 executed on JobScheduler
09-29 00:11:24.795  7613  7666 D WM-GreedyScheduler: Cancelling work ID e232e0ed-f2cb-4277-9cb1-0dea725ce196
09-29 00:11:24.796  7613  7613 D WM-SystemFgDispatcher: Removing Notification (id: 11118, workSpecId: WorkGenerationalId(workSpecId=e232e0ed-f2cb-4277-9cb1-0dea725ce196, generation=0), notificationType: 1
09-29 00:11:24.796  7613  7613 D WM-SystemJobService: onStopJob for WorkGenerationalId(workSpecId=e232e0ed-f2cb-4277-9cb1-0dea725ce196, generation=0)
09-29 00:11:24.867  7613  7645 W github_upload: doFileUpload: upload failed for /data/user/0/com.negi.survey/files/diagnostics/crash_github_mirror/prevlog_20260929_033935_pid19041.log
09-29 00:11:24.867  7613  7645 W github_upload: com.negi.survey.net.GitHubUploader$HttpFailureException: GitHub request failed (409): {"message":"is at 71a80d91563db41eac9e1cfe42b84e60911c14c5 but expected dcee4dd4652d787ac37d9d10d1e1be767b5eaa55","documentation_url":"https://docs.github.com/rest/repos/contents#create-or-update-file-contents","status":"409"}
09-29 00:11:24.867  7613  7645 W github_upload: 	at com.negi.survey.net.GitHubUploader.executeWithRetry(GitHubUploader.kt:689)
09-29 00:11:24.867  7613  7645 W github_upload: 	at com.negi.survey.net.GitHubUploader.access$executeWithRetry(GitHubUploader.kt:51)
09-29 00:11:24.867  7613  7645 W github_upload: 	at com.negi.survey.net.GitHubUploader$executeWithRetry$1.invokeSuspend(Unknown Source:22)
09-29 00:11:24.867  7613  7645 W github_upload: 	at kotlin.coroutines.jvm.internal.BaseContinuationImpl.resumeWith(ContinuationImpl.kt:34)
09-29 00:11:24.867  7613  7645 W github_upload: 	at kotlinx.coroutines.DispatchedTask.run(DispatchedTask.kt:100)
09-29 00:11:24.867  7613  7645 W github_upload: 	at kotlinx.coroutines.internal.LimitedDispatcher$Worker.run(LimitedDispatcher.kt:124)
09-29 00:11:24.867  7613  7645 W github_upload: 	at kotlinx.coroutines.scheduling.TaskImpl.run(Tasks.kt:89)
09-29 00:11:24.867  7613  7645 W github_upload: 	at kotlinx.coroutines.scheduling.CoroutineScheduler.runSafely(CoroutineScheduler.kt:586)
09-29 00:11:24.867  7613  7645 W github_upload: 	at kotlinx.coroutines.scheduling.CoroutineScheduler$Worker.executeTask(CoroutineScheduler.kt:798)
09-29 00:11:24.867  7613  7645 W github_upload: 	at kotlinx.coroutines.scheduling.CoroutineScheduler$Worker.runWorker(CoroutineScheduler.kt:717)
09-29 00:11:24.867  7613  7645 W github_upload: 	at kotlinx.coroutines.scheduling.CoroutineScheduler$Worker.run(CoroutineScheduler.kt:704)
09-29 00:11:24.870  7613  7665 I WM-Processor: Moving WorkSpec (0de5c876-7b7e-42d7-a8f3-3a0716deff56) to the foreground
09-29 00:11:24.873  7613  7613 D WM-SystemFgDispatcher: Notifying with (id:3300, workSpecId: 0de5c876-7b7e-42d7-a8f3-3a0716deff56, notificationType :1)
09-29 00:11:24.874  7613  7613 I NotificationManager: com.negi.survey: notify(3300, null, Notification(channel=uploads shortcut=null contentView=null vibrate=null sound=null defaults=0 flags=ONLY_ALERT_ONCE color=0x00000000 category=progress vis=PRIVATE semFlags=0x0 semPriority=0 semMissedCount=0 semScenarioType=0)) as user
09-29 00:11:24.875  7613  7665 I WM-WorkerWrapper: Worker result FAILURE for Work [ id=0de5c876-7b7e-42d7-a8f3-3a0716deff56, tags={ com.negi.survey.net.GitHubUploadWorker,github_upload,github_upload:crash:diagnostics_crash_prevlog_20260929_033935_pid19041.log_86545170 } ]
09-29 00:11:24.879  7613  7613 D WM-Processor: Processor 0de5c876-7b7e-42d7-a8f3-3a0716deff56 executed; reschedule = false
09-29 00:11:24.879  7613  7613 D WM-GreedyScheduler: Stopping tracking for WorkGenerationalId(workSpecId=0de5c876-7b7e-42d7-a8f3-3a0716deff56, generation=0)
09-29 00:11:24.880  7613  7613 D WM-SystemJobService: 0de5c876-7b7e-42d7-a8f3-3a0716deff56 executed on JobScheduler
09-29 00:11:24.881  7613  7613 D WM-SystemFgDispatcher: Removing Notification (id: 3300, workSpecId: WorkGenerationalId(workSpecId=0de5c876-7b7e-42d7-a8f3-3a0716deff56, generation=0), notificationType: 1
09-29 00:11:24.881  7613  7665 D WM-GreedyScheduler: Cancelling work ID 0de5c876-7b7e-42d7-a8f3-3a0716deff56
09-29 00:11:24.883  7613  7613 D WM-SystemJobService: onStopJob for WorkGenerationalId(workSpecId=0de5c876-7b7e-42d7-a8f3-3a0716deff56, generation=0)
09-29 00:11:24.892  7613  7742 W github_upload: doFileUpload: upload failed for /data/user/0/com.negi.survey/files/diagnostics/crash_github_mirror/prevlog_20260928_230800_pid22443.log
09-29 00:11:24.892  7613  7742 W github_upload: com.negi.survey.net.GitHubUploader$HttpFailureException: GitHub request failed (409): {"message":"is at 71a80d91563db41eac9e1cfe42b84e60911c14c5 but expected dcee4dd4652d787ac37d9d10d1e1be767b5eaa55","documentation_url":"https://docs.github.com/rest/repos/contents#create-or-update-file-contents","status":"409"}
09-29 00:11:24.892  7613  7742 W github_upload: 	at com.negi.survey.net.GitHubUploader.executeWithRetry(GitHubUploader.kt:689)
09-29 00:11:24.892  7613  7742 W github_upload: 	at com.negi.survey.net.GitHubUploader.access$executeWithRetry(GitHubUploader.kt:51)
09-29 00:11:24.892  7613  7742 W github_upload: 	at com.negi.survey.net.GitHubUploader$executeWithRetry$1.invokeSuspend(Unknown Source:22)
09-29 00:11:24.892  7613  7742 W github_upload: 	at kotlin.coroutines.jvm.internal.BaseContinuationImpl.resumeWith(ContinuationImpl.kt:34)
09-29 00:11:24.892  7613  7742 W github_upload: 	at kotlinx.coroutines.DispatchedTask.run(DispatchedTask.kt:100)
09-29 00:11:24.892  7613  7742 W github_upload: 	at kotlinx.coroutines.internal.LimitedDispatcher$Worker.run(LimitedDispatcher.kt:124)
09-29 00:11:24.892  7613  7742 W github_upload: 	at kotlinx.coroutines.scheduling.TaskImpl.run(Tasks.kt:89)
09-29 00:11:24.892  7613  7742 W github_upload: 	at kotlinx.coroutines.scheduling.CoroutineScheduler.runSafely(CoroutineScheduler.kt:586)
09-29 00:11:24.892  7613  7742 W github_upload: 	at kotlinx.coroutines.scheduling.CoroutineScheduler$Worker.executeTask(CoroutineScheduler.kt:798)
09-29 00:11:24.892  7613  7742 W github_upload: 	at kotlinx.coroutines.scheduling.CoroutineScheduler$Worker.runWorker(CoroutineScheduler.kt:717)
09-29 00:11:24.892  7613  7742 W github_upload: 	at kotlinx.coroutines.scheduling.CoroutineScheduler$Worker.run(CoroutineScheduler.kt:704)
09-29 00:11:24.893  7613  7664 I WM-Processor: Moving WorkSpec (61a8429b-302c-422b-8adc-bdcb3213b867) to the foreground
09-29 00:11:24.895  7613  7613 D WM-SystemFgDispatcher: Notifying with (id:5734, workSpecId: 61a8429b-302c-422b-8adc-bdcb3213b867, notificationType :1)
09-29 00:11:24.895  7613  7613 I NotificationManager: com.negi.survey: notify(5734, null, Notification(channel=uploads shortcut=null contentView=null vibrate=null sound=null defaults=0 flags=ONLY_ALERT_ONCE color=0x00000000 category=progress vis=PRIVATE semFlags=0x0 semPriority=0 semMissedCount=0 semScenarioType=0)) as user
09-29 00:11:24.896  7613  7664 I WM-WorkerWrapper: Worker result FAILURE for Work [ id=61a8429b-302c-422b-8adc-bdcb3213b867, tags={ com.negi.survey.net.GitHubUploadWorker,github_upload,github_upload:crash:diagnostics_crash_prevlog_20260928_230800_pid22443.log_5b6ac99f } ]
09-29 00:11:24.899  7613  7613 D WM-Processor: Processor 61a8429b-302c-422b-8adc-bdcb3213b867 executed; reschedule = false
09-29 00:11:24.899  7613  7613 D WM-GreedyScheduler: Stopping tracking for WorkGenerationalId(workSpecId=61a8429b-302c-422b-8adc-bdcb3213b867, generation=0)
09-29 00:11:24.900  7613  7613 D WM-SystemJobService: 61a8429b-302c-422b-8adc-bdcb3213b867 executed on JobScheduler
09-29 00:11:24.901  7613  7613 D WM-SystemFgDispatcher: Removing Notification (id: 5734, workSpecId: WorkGenerationalId(workSpecId=61a8429b-302c-422b-8adc-bdcb3213b867, generation=0), notificationType: 1
09-29 00:11:24.901  7613  7664 D WM-GreedyScheduler: Cancelling work ID 61a8429b-302c-422b-8adc-bdcb3213b867
09-29 00:11:25.071  7613  7748 W github_upload: doRingLogsUpload: upload failed
09-29 00:11:25.071  7613  7748 W github_upload: com.negi.survey.net.GitHubUploader$HttpFailureException: GitHub request failed (409): {"message":"is at 71a80d91563db41eac9e1cfe42b84e60911c14c5 but expected dcee4dd4652d787ac37d9d10d1e1be767b5eaa55","documentation_url":"https://docs.github.com/rest/repos/contents#create-or-update-file-contents","status":"409"}
09-29 00:11:25.071  7613  7748 W github_upload: 	at com.negi.survey.net.GitHubUploader.executeWithRetry(GitHubUploader.kt:689)
09-29 00:11:25.071  7613  7748 W github_upload: 	at com.negi.survey.net.GitHubUploader.access$executeWithRetry(GitHubUploader.kt:51)
09-29 00:11:25.071  7613  7748 W github_upload: 	at com.negi.survey.net.GitHubUploader$executeWithRetry$1.invokeSuspend(Unknown Source:22)
09-29 00:11:25.071  7613  7748 W github_upload: 	at kotlin.coroutines.jvm.internal.BaseContinuationImpl.resumeWith(ContinuationImpl.kt:34)
09-29 00:11:25.071  7613  7748 W github_upload: 	at kotlinx.coroutines.DispatchedTask.run(DispatchedTask.kt:100)
09-29 00:11:25.071  7613  7748 W github_upload: 	at kotlinx.coroutines.internal.LimitedDispatcher$Worker.run(LimitedDispatcher.kt:124)
09-29 00:11:25.071  7613  7748 W github_upload: 	at kotlinx.coroutines.scheduling.TaskImpl.run(Tasks.kt:89)
09-29 00:11:25.071  7613  7748 W github_upload: 	at kotlinx.coroutines.scheduling.CoroutineScheduler.runSafely(CoroutineScheduler.kt:586)
09-29 00:11:25.071  7613  7748 W github_upload: 	at kotlinx.coroutines.scheduling.CoroutineScheduler$Worker.executeTask(CoroutineScheduler.kt:798)
09-29 00:11:25.071  7613  7748 W github_upload: 	at kotlinx.coroutines.scheduling.CoroutineScheduler$Worker.runWorker(CoroutineScheduler.kt:717)
09-29 00:11:25.071  7613  7748 W github_upload: 	at kotlinx.coroutines.scheduling.CoroutineScheduler$Worker.run(CoroutineScheduler.kt:704)
09-29 00:11:25.075  7613  7666 I WM-Processor: Moving WorkSpec (74632972-b93d-415f-b4d3-f58c83de803b) to the foreground
09-29 00:11:25.083  7613  7613 D WM-SystemFgDispatcher: Notifying with (id:6010, workSpecId: 74632972-b93d-415f-b4d3-f58c83de803b, notificationType :1)
09-29 00:11:25.084  7613  7613 I NotificationManager: com.negi.survey: notify(6010, null, Notification(channel=uploads shortcut=null contentView=null vibrate=null sound=null defaults=0 flags=ONLY_ALERT_ONCE color=0x00000000 category=progress vis=PRIVATE semFlags=0x0 semPriority=0 semMissedCount=0 semScenarioType=0)) as user
09-29 00:11:25.084  7613  7666 I WM-WorkerWrapper: Worker result FAILURE for Work [ id=74632972-b93d-415f-b4d3-f58c83de803b, tags={ com.negi.survey.net.GitHubUploadWorker,github_upload,github_upload:ring_logs } ]
09-29 00:11:25.086  7613  7666 D WM-WorkProgressUpdater: Updating progress for 9483589e-cfcb-4744-96df-d67bb1af297e (Data {pct : 11, mode : file})
09-29 00:11:25.089  7613  7666 I WM-Processor: Moving WorkSpec (9483589e-cfcb-4744-96df-d67bb1af297e) to the foreground
09-29 00:11:25.091  7613  7666 D WM-WorkProgressUpdater: Updating progress for 9483589e-cfcb-4744-96df-d67bb1af297e (Data {pct : 13, mode : file})
09-29 00:11:25.091  7613  7613 D WM-Processor: Processor 74632972-b93d-415f-b4d3-f58c83de803b executed; reschedule = false
09-29 00:11:25.092  7613  7613 D WM-GreedyScheduler: Stopping tracking for WorkGenerationalId(workSpecId=74632972-b93d-415f-b4d3-f58c83de803b, generation=0)
09-29 00:11:25.092  7613  7613 D WM-SystemJobService: 74632972-b93d-415f-b4d3-f58c83de803b executed on JobScheduler
09-29 00:11:25.093  7613  7613 D WM-SystemFgDispatcher: Removing Notification (id: 6010, workSpecId: WorkGenerationalId(workSpecId=74632972-b93d-415f-b4d3-f58c83de803b, generation=0), notificationType: 1
09-29 00:11:25.094  7613  7666 I WM-Processor: Moving WorkSpec (9483589e-cfcb-4744-96df-d67bb1af297e) to the foreground
09-29 00:11:25.094  7613  7613 D WM-SystemFgDispatcher: Notifying with (id:6569, workSpecId: 9483589e-cfcb-4744-96df-d67bb1af297e, notificationType :1)
09-29 00:11:25.094  7613  7613 I NotificationManager: com.negi.survey: notify(6569, null, Notification(channel=uploads shortcut=null contentView=null vibrate=null sound=null defaults=0 flags=ONGOING_EVENT|ONLY_ALERT_ONCE color=0x00000000 category=progress vis=PRIVATE semFlags=0x0 semPriority=0 semMissedCount=0 semScenarioType=0)) as user
09-29 00:11:25.095  7613  7666 D WM-WorkProgressUpdater: Updating progress for 9483589e-cfcb-4744-96df-d67bb1af297e (Data {pct : 15, mode : file})
09-29 00:11:25.096  7613  7666 I WM-Processor: Moving WorkSpec (9483589e-cfcb-4744-96df-d67bb1af297e) to the foreground
09-29 00:11:25.097  7613  7664 D WM-WorkProgressUpdater: Updating progress for 9483589e-cfcb-4744-96df-d67bb1af297e (Data {pct : 17, mode : file})
09-29 00:11:25.099  7613  7664 I WM-Processor: Moving WorkSpec (9483589e-cfcb-4744-96df-d67bb1af297e) to the foreground
09-29 00:11:25.101  7613  7664 D WM-WorkProgressUpdater: Updating progress for 9483589e-cfcb-4744-96df-d67bb1af297e (Data {pct : 19, mode : file})
09-29 00:11:25.102  7613  7613 D WM-SystemFgDispatcher: Notifying with (id:6569, workSpecId: 9483589e-cfcb-4744-96df-d67bb1af297e, notificationType :1)
09-29 00:11:25.102  7613  7664 I WM-Processor: Moving WorkSpec (9483589e-cfcb-4744-96df-d67bb1af297e) to the foreground
09-29 00:11:25.103  7613  7613 D WM-SystemFgDispatcher: Notifying with (id:6569, workSpecId: 9483589e-cfcb-4744-96df-d67bb1af297e, notificationType :1)
09-29 00:11:25.104  7613  7664 D WM-WorkProgressUpdater: Updating progress for 9483589e-cfcb-4744-96df-d67bb1af297e (Data {pct : 21, mode : file})
09-29 00:11:25.105  7613  7664 I WM-Processor: Moving WorkSpec (9483589e-cfcb-4744-96df-d67bb1af297e) to the foreground
09-29 00:11:25.105  7613  7613 D WM-SystemFgDispatcher: Notifying with (id:6569, workSpecId: 9483589e-cfcb-4744-96df-d67bb1af297e, notificationType :1)
09-29 00:11:25.106  7613  7664 D WM-WorkProgressUpdater: Updating progress for 9483589e-cfcb-4744-96df-d67bb1af297e (Data {pct : 23, mode : file})
09-29 00:11:25.107  7613  7613 D WM-SystemFgDispatcher: Notifying with (id:6569, workSpecId: 9483589e-cfcb-4744-96df-d67bb1af297e, notificationType :1)
09-29 00:11:25.108  7613  7664 I WM-Processor: Moving WorkSpec (9483589e-cfcb-4744-96df-d67bb1af297e) to the foreground
09-29 00:11:25.109  7613  7613 D WM-SystemFgDispatcher: Notifying with (id:6569, workSpecId: 9483589e-cfcb-4744-96df-d67bb1af297e, notificationType :1)
09-29 00:11:25.110  7613  7664 D WM-WorkProgressUpdater: Updating progress for 9483589e-cfcb-4744-96df-d67bb1af297e (Data {pct : 24, mode : file})
09-29 00:11:25.111  7613  7613 D WM-SystemFgDispatcher: Notifying with (id:6569, workSpecId: 9483589e-cfcb-4744-96df-d67bb1af297e, notificationType :1)
09-29 00:11:25.111  7613  7664 I WM-Processor: Moving WorkSpec (9483589e-cfcb-4744-96df-d67bb1af297e) to the foreground
09-29 00:11:25.114  7613  7664 D WM-WorkProgressUpdater: Updating progress for 9483589e-cfcb-4744-96df-d67bb1af297e (Data {pct : 26, mode : file})
09-29 00:11:25.114  7613  7613 D WM-SystemFgDispatcher: Notifying with (id:6569, workSpecId: 9483589e-cfcb-4744-96df-d67bb1af297e, notificationType :1)
09-29 00:11:25.115  7613  7664 I WM-Processor: Moving WorkSpec (9483589e-cfcb-4744-96df-d67bb1af297e) to the foreground
09-29 00:11:25.117  7613  7664 D WM-WorkProgressUpdater: Updating progress for 9483589e-cfcb-4744-96df-d67bb1af297e (Data {pct : 28, mode : file})
09-29 00:11:25.117  7613  7613 D WM-SystemFgDispatcher: Notifying with (id:6569, workSpecId: 9483589e-cfcb-4744-96df-d67bb1af297e, notificationType :1)
09-29 00:11:25.119  7613  7664 I WM-Processor: Moving WorkSpec (9483589e-cfcb-4744-96df-d67bb1af297e) to the foreground
09-29 00:11:25.120  7613  7664 D WM-WorkProgressUpdater: Updating progress for 9483589e-cfcb-4744-96df-d67bb1af297e (Data {pct : 30, mode : file})
09-29 00:11:25.120  7613  7613 D WM-SystemFgDispatcher: Notifying with (id:6569, workSpecId: 9483589e-cfcb-4744-96df-d67bb1af297e, notificationType :1)
09-29 00:11:25.121  7613  7664 I WM-Processor: Moving WorkSpec (9483589e-cfcb-4744-96df-d67bb1af297e) to the foreground
09-29 00:11:25.124  7613  7613 D WM-SystemFgDispatcher: Notifying with (id:6569, workSpecId: 9483589e-cfcb-4744-96df-d67bb1af297e, notificationType :1)
09-29 00:11:25.124  7613  7664 D WM-WorkProgressUpdater: Updating progress for 9483589e-cfcb-4744-96df-d67bb1af297e (Data {pct : 32, mode : file})
09-29 00:11:25.126  7613  7664 I WM-Processor: Moving WorkSpec (9483589e-cfcb-4744-96df-d67bb1af297e) to the foreground
09-29 00:11:25.128  7613  7613 D WM-SystemFgDispatcher: Notifying with (id:6569, workSpecId: 9483589e-cfcb-4744-96df-d67bb1af297e, notificationType :1)
09-29 00:11:25.128  7613  7664 D WM-WorkProgressUpdater: Updating progress for 9483589e-cfcb-4744-96df-d67bb1af297e (Data {pct : 34, mode : file})
09-29 00:11:25.129  7613  7664 I WM-Processor: Moving WorkSpec (9483589e-cfcb-4744-96df-d67bb1af297e) to the foreground
09-29 00:11:25.131  7613  7664 D WM-WorkProgressUpdater: Updating progress for 9483589e-cfcb-4744-96df-d67bb1af297e (Data {pct : 36, mode : file})
09-29 00:11:25.131  7613  7613 D WM-SystemFgDispatcher: Notifying with (id:6569, workSpecId: 9483589e-cfcb-4744-96df-d67bb1af297e, notificationType :1)
09-29 00:11:25.132  7613  7664 I WM-Processor: Moving WorkSpec (9483589e-cfcb-4744-96df-d67bb1af297e) to the foreground
09-29 00:11:25.134  7613  7664 D WM-WorkProgressUpdater: Updating progress for 9483589e-cfcb-4744-96df-d67bb1af297e (Data {pct : 37, mode : file})
09-29 00:11:25.134  7613  7613 D WM-SystemFgDispatcher: Notifying with (id:6569, workSpecId: 9483589e-cfcb-4744-96df-d67bb1af297e, notificationType :1)
09-29 00:11:25.136  7613  7664 I WM-Processor: Moving WorkSpec (9483589e-cfcb-4744-96df-d67bb1af297e) to the foreground
09-29 00:11:25.137  7613  7664 D WM-WorkProgressUpdater: Updating progress for 9483589e-cfcb-4744-96df-d67bb1af297e (Data {pct : 39, mode : file})
09-29 00:11:25.137  7613  7613 D WM-SystemFgDispatcher: Notifying with (id:6569, workSpecId: 9483589e-cfcb-4744-96df-d67bb1af297e, notificationType :1)
09-29 00:11:25.138  7613  7664 D WM-GreedyScheduler: Cancelling work ID 74632972-b93d-415f-b4d3-f58c83de803b
09-29 00:11:25.140  7613  7664 I WM-Processor: Moving WorkSpec (9483589e-cfcb-4744-96df-d67bb1af297e) to the foreground
09-29 00:11:25.141  7613  7664 D WM-WorkProgressUpdater: Updating progress for 9483589e-cfcb-4744-96df-d67bb1af297e (Data {pct : 41, mode : file})
09-29 00:11:25.141  7613  7613 D WM-SystemFgDispatcher: Notifying with (id:6569, workSpecId: 9483589e-cfcb-4744-96df-d67bb1af297e, notificationType :1)
09-29 00:11:25.142  7613  7664 I WM-Processor: Moving WorkSpec (9483589e-cfcb-4744-96df-d67bb1af297e) to the foreground
09-29 00:11:25.144  7613  7664 D WM-WorkProgressUpdater: Updating progress for 9483589e-cfcb-4744-96df-d67bb1af297e (Data {pct : 43, mode : file})
09-29 00:11:25.144  7613  7613 D WM-SystemFgDispatcher: Notifying with (id:6569, workSpecId: 9483589e-cfcb-4744-96df-d67bb1af297e, notificationType :1)
09-29 00:11:25.146  7613  7664 I WM-Processor: Moving WorkSpec (9483589e-cfcb-4744-96df-d67bb1af297e) to the foreground
09-29 00:11:25.147  7613  7613 D WM-SystemFgDispatcher: Notifying with (id:6569, workSpecId: 9483589e-cfcb-4744-96df-d67bb1af297e, notificationType :1)
09-29 00:11:25.147  7613  7664 D WM-WorkProgressUpdater: Updating progress for 9483589e-cfcb-4744-96df-d67bb1af297e (Data {pct : 45, mode : file})
09-29 00:11:25.149  7613  7664 I WM-Processor: Moving WorkSpec (9483589e-cfcb-4744-96df-d67bb1af297e) to the foreground
09-29 00:11:25.150  7613  7664 D WM-WorkProgressUpdater: Updating progress for 9483589e-cfcb-4744-96df-d67bb1af297e (Data {pct : 47, mode : file})
09-29 00:11:25.150  7613  7613 D WM-SystemFgDispatcher: Notifying with (id:6569, workSpecId: 9483589e-cfcb-4744-96df-d67bb1af297e, notificationType :1)
09-29 00:11:25.151  7613  7664 I WM-Processor: Moving WorkSpec (9483589e-cfcb-4744-96df-d67bb1af297e) to the foreground
09-29 00:11:25.153  7613  7613 D WM-SystemFgDispatcher: Notifying with (id:6569, workSpecId: 9483589e-cfcb-4744-96df-d67bb1af297e, notificationType :1)
09-29 00:11:25.154  7613  7664 D WM-WorkProgressUpdater: Updating progress for 9483589e-cfcb-4744-96df-d67bb1af297e (Data {pct : 49, mode : file})
09-29 00:11:25.154  7613  7745 W github_upload: doFileUpload: upload failed for /data/user/0/com.negi.survey/files/diagnostics/crash_github_mirror/prevlog_20260928_235012_pid31473.log
09-29 00:11:25.154  7613  7745 W github_upload: com.negi.survey.net.GitHubUploader$HttpFailureException: GitHub request failed (409): {"message":"is at 71a80d91563db41eac9e1cfe42b84e60911c14c5 but expected dcee4dd4652d787ac37d9d10d1e1be767b5eaa55","documentation_url":"https://docs.github.com/rest/repos/contents#create-or-update-file-contents","status":"409"}
09-29 00:11:25.154  7613  7745 W github_upload: 	at com.negi.survey.net.GitHubUploader.executeWithRetry(GitHubUploader.kt:689)
09-29 00:11:25.154  7613  7745 W github_upload: 	at com.negi.survey.net.GitHubUploader.access$executeWithRetry(GitHubUploader.kt:51)
09-29 00:11:25.154  7613  7745 W github_upload: 	at com.negi.survey.net.GitHubUploader$executeWithRetry$1.invokeSuspend(Unknown Source:22)
09-29 00:11:25.154  7613  7745 W github_upload: 	at kotlin.coroutines.jvm.internal.BaseContinuationImpl.resumeWith(ContinuationImpl.kt:34)
09-29 00:11:25.154  7613  7745 W github_upload: 	at kotlinx.coroutines.DispatchedTask.run(DispatchedTask.kt:100)
09-29 00:11:25.154  7613  7745 W github_upload: 	at kotlinx.coroutines.internal.LimitedDispatcher$Worker.run(LimitedDispatcher.kt:124)
09-29 00:11:25.154  7613  7745 W github_upload: 	at kotlinx.coroutines.scheduling.TaskImpl.run(Tasks.kt:89)
09-29 00:11:25.154  7613  7745 W github_upload: 	at kotlinx.coroutines.scheduling.CoroutineScheduler.runSafely(CoroutineScheduler.kt:586)
09-29 00:11:25.154  7613  7745 W github_upload: 	at kotlinx.coroutines.scheduling.CoroutineScheduler$Worker.executeTask(CoroutineScheduler.kt:798)
09-29 00:11:25.154  7613  7745 W github_upload: 	at kotlinx.coroutines.scheduling.CoroutineScheduler$Worker.runWorker(CoroutineScheduler.kt:717)
09-29 00:11:25.154  7613  7745 W github_upload: 	at kotlinx.coroutines.scheduling.CoroutineScheduler$Worker.run(CoroutineScheduler.kt:704)
09-29 00:11:25.155  7613  7664 I WM-Processor: Moving WorkSpec (9483589e-cfcb-4744-96df-d67bb1af297e) to the foreground
09-29 00:11:25.156  7613  7664 D WM-WorkProgressUpdater: Updating progress for 9483589e-cfcb-4744-96df-d67bb1af297e (Data {pct : 50, mode : file})
09-29 00:11:25.156  7613  7613 D WM-SystemFgDispatcher: Notifying with (id:6569, workSpecId: 9483589e-cfcb-4744-96df-d67bb1af297e, notificationType :1)
09-29 00:11:25.157  7613  7613 I NotificationManager: com.negi.survey: notify(6569, null, Notification(channel=uploads shortcut=null contentView=null vibrate=null sound=null defaults=0 flags=ONGOING_EVENT|ONLY_ALERT_ONCE color=0x00000000 category=progress vis=PRIVATE semFlags=0x0 semPriority=0 semMissedCount=0 semScenarioType=0)) as user
09-29 00:11:25.158  7613  7664 I WM-Processor: Moving WorkSpec (9483589e-cfcb-4744-96df-d67bb1af297e) to the foreground
09-29 00:11:25.159  7613  7613 D WM-SystemFgDispatcher: Notifying with (id:6569, workSpecId: 9483589e-cfcb-4744-96df-d67bb1af297e, notificationType :1)
09-29 00:11:25.159  7613  7664 D WM-WorkProgressUpdater: Updating progress for 9483589e-cfcb-4744-96df-d67bb1af297e (Data {pct : 52, mode : file})
09-29 00:11:25.161  7613  7664 I WM-Processor: Moving WorkSpec (9483589e-cfcb-4744-96df-d67bb1af297e) to the foreground
09-29 00:11:25.162  7613  7613 D WM-SystemFgDispatcher: Notifying with (id:6569, workSpecId: 9483589e-cfcb-4744-96df-d67bb1af297e, notificationType :1)
09-29 00:11:25.162  7613  7664 D WM-WorkProgressUpdater: Updating progress for 9483589e-cfcb-4744-96df-d67bb1af297e (Data {pct : 54, mode : file})
09-29 00:11:25.164  7613  7664 I WM-Processor: Moving WorkSpec (9483589e-cfcb-4744-96df-d67bb1af297e) to the foreground
09-29 00:11:25.165  7613  7664 D WM-WorkProgressUpdater: Updating progress for 9483589e-cfcb-4744-96df-d67bb1af297e (Data {pct : 56, mode : file})
09-29 00:11:25.165  7613  7613 D WM-SystemFgDispatcher: Notifying with (id:6569, workSpecId: 9483589e-cfcb-4744-96df-d67bb1af297e, notificationType :1)
09-29 00:11:25.166  7613  7664 I WM-Processor: Moving WorkSpec (9483589e-cfcb-4744-96df-d67bb1af297e) to the foreground
09-29 00:11:25.167  7613  7664 D WM-WorkProgressUpdater: Updating progress for 9483589e-cfcb-4744-96df-d67bb1af297e (Data {pct : 58, mode : file})
09-29 00:11:25.167  7613  7613 D WM-SystemFgDispatcher: Notifying with (id:6569, workSpecId: 9483589e-cfcb-4744-96df-d67bb1af297e, notificationType :1)
09-29 00:11:25.168  7613  7664 I WM-Processor: Moving WorkSpec (9483589e-cfcb-4744-96df-d67bb1af297e) to the foreground
09-29 00:11:25.170  7613  7664 D WM-WorkProgressUpdater: Updating progress for 9483589e-cfcb-4744-96df-d67bb1af297e (Data {pct : 60, mode : file})
09-29 00:11:25.170  7613  7613 D WM-SystemFgDispatcher: Notifying with (id:6569, workSpecId: 9483589e-cfcb-4744-96df-d67bb1af297e, notificationType :1)
09-29 00:11:25.171  7613  7664 I WM-Processor: Moving WorkSpec (9483589e-cfcb-4744-96df-d67bb1af297e) to the foreground
09-29 00:11:25.172  7613  7613 D WM-SystemFgDispatcher: Notifying with (id:6569, workSpecId: 9483589e-cfcb-4744-96df-d67bb1af297e, notificationType :1)
09-29 00:11:25.172  7613  7664 D WM-WorkProgressUpdater: Updating progress for 9483589e-cfcb-4744-96df-d67bb1af297e (Data {pct : 62, mode : file})
09-29 00:11:25.174  7613  7664 I WM-Processor: Moving WorkSpec (9483589e-cfcb-4744-96df-d67bb1af297e) to the foreground
09-29 00:11:25.175  7613  7664 D WM-WorkProgressUpdater: Updating progress for 9483589e-cfcb-4744-96df-d67bb1af297e (Data {pct : 64, mode : file})
09-29 00:11:25.175  7613  7613 D WM-SystemFgDispatcher: Notifying with (id:6569, workSpecId: 9483589e-cfcb-4744-96df-d67bb1af297e, notificationType :1)
09-29 00:11:25.176  7613  7664 I WM-Processor: Moving WorkSpec (9483589e-cfcb-4744-96df-d67bb1af297e) to the foreground
09-29 00:11:25.177  7613  7664 D WM-WorkProgressUpdater: Updating progress for 9483589e-cfcb-4744-96df-d67bb1af297e (Data {pct : 65, mode : file})
09-29 00:11:25.177  7613  7613 D WM-SystemFgDispatcher: Notifying with (id:6569, workSpecId: 9483589e-cfcb-4744-96df-d67bb1af297e, notificationType :1)
09-29 00:11:25.178  7613  7664 I WM-Processor: Moving WorkSpec (9483589e-cfcb-4744-96df-d67bb1af297e) to the foreground
09-29 00:11:25.180  7613  7664 D WM-WorkProgressUpdater: Updating progress for 9483589e-cfcb-4744-96df-d67bb1af297e (Data {pct : 67, mode : file})
09-29 00:11:25.180  7613  7613 D WM-SystemFgDispatcher: Notifying with (id:6569, workSpecId: 9483589e-cfcb-4744-96df-d67bb1af297e, notificationType :1)
09-29 00:11:25.181  7613  7664 I WM-Processor: Moving WorkSpec (9483589e-cfcb-4744-96df-d67bb1af297e) to the foreground
09-29 00:11:25.182  7613  7664 D WM-WorkProgressUpdater: Updating progress for 9483589e-cfcb-4744-96df-d67bb1af297e (Data {pct : 69, mode : file})
09-29 00:11:25.182  7613  7613 D WM-SystemFgDispatcher: Notifying with (id:6569, workSpecId: 9483589e-cfcb-4744-96df-d67bb1af297e, notificationType :1)
09-29 00:11:25.183  7613  7664 I WM-Processor: Moving WorkSpec (9483589e-cfcb-4744-96df-d67bb1af297e) to the foreground
09-29 00:11:25.184  7613  7664 D WM-WorkProgressUpdater: Updating progress for 9483589e-cfcb-4744-96df-d67bb1af297e (Data {pct : 71, mode : file})
09-29 00:11:25.184  7613  7613 D WM-SystemFgDispatcher: Notifying with (id:6569, workSpecId: 9483589e-cfcb-4744-96df-d67bb1af297e, notificationType :1)
09-29 00:11:25.186  7613  7664 I WM-Processor: Moving WorkSpec (9483589e-cfcb-4744-96df-d67bb1af297e) to the foreground
09-29 00:11:25.187  7613  7613 D WM-SystemFgDispatcher: Notifying with (id:6569, workSpecId: 9483589e-cfcb-4744-96df-d67bb1af297e, notificationType :1)
09-29 00:11:25.187  7613  7664 D WM-WorkProgressUpdater: Updating progress for 9483589e-cfcb-4744-96df-d67bb1af297e (Data {pct : 73, mode : file})
09-29 00:11:25.188  7613  7664 I WM-Processor: Moving WorkSpec (9483589e-cfcb-4744-96df-d67bb1af297e) to the foreground
09-29 00:11:25.189  7613  7664 D WM-WorkProgressUpdater: Updating progress for 9483589e-cfcb-4744-96df-d67bb1af297e (Data {pct : 75, mode : file})
09-29 00:11:25.189  7613  7613 D WM-SystemFgDispatcher: Notifying with (id:6569, workSpecId: 9483589e-cfcb-4744-96df-d67bb1af297e, notificationType :1)
09-29 00:11:25.190  7613  7664 I WM-Processor: Moving WorkSpec (9483589e-cfcb-4744-96df-d67bb1af297e) to the foreground
09-29 00:11:25.191  7613  7664 D WM-WorkProgressUpdater: Updating progress for 9483589e-cfcb-4744-96df-d67bb1af297e (Data {pct : 77, mode : file})
09-29 00:11:25.191  7613  7613 D WM-SystemFgDispatcher: Notifying with (id:6569, workSpecId: 9483589e-cfcb-4744-96df-d67bb1af297e, notificationType :1)
09-29 00:11:25.193  7613  7664 I WM-Processor: Moving WorkSpec (9483589e-cfcb-4744-96df-d67bb1af297e) to the foreground
09-29 00:11:25.194  7613  7664 D WM-WorkProgressUpdater: Updating progress for 9483589e-cfcb-4744-96df-d67bb1af297e (Data {pct : 78, mode : file})
09-29 00:11:25.194  7613  7613 D WM-SystemFgDispatcher: Notifying with (id:6569, workSpecId: 9483589e-cfcb-4744-96df-d67bb1af297e, notificationType :1)
09-29 00:11:25.195  7613  7664 I WM-Processor: Moving WorkSpec (9483589e-cfcb-4744-96df-d67bb1af297e) to the foreground
09-29 00:11:25.196  7613  7664 D WM-WorkProgressUpdater: Updating progress for 9483589e-cfcb-4744-96df-d67bb1af297e (Data {pct : 80, mode : file})
09-29 00:11:25.196  7613  7613 D WM-SystemFgDispatcher: Notifying with (id:6569, workSpecId: 9483589e-cfcb-4744-96df-d67bb1af297e, notificationType :1)
09-29 00:11:25.197  7613  7664 I WM-Processor: Moving WorkSpec (9483589e-cfcb-4744-96df-d67bb1af297e) to the foreground
09-29 00:11:25.198  7613  7613 D WM-SystemFgDispatcher: Notifying with (id:6569, workSpecId: 9483589e-cfcb-4744-96df-d67bb1af297e, notificationType :1)
09-29 00:11:25.198  7613  7664 D WM-WorkProgressUpdater: Updating progress for 9483589e-cfcb-4744-96df-d67bb1af297e (Data {pct : 82, mode : file})
09-29 00:11:25.199  7613  7664 I WM-Processor: Moving WorkSpec (9483589e-cfcb-4744-96df-d67bb1af297e) to the foreground
09-29 00:11:25.201  7613  7664 D WM-WorkProgressUpdater: Updating progress for 9483589e-cfcb-4744-96df-d67bb1af297e (Data {pct : 84, mode : file})
09-29 00:11:25.201  7613  7613 D WM-SystemFgDispatcher: Notifying with (id:6569, workSpecId: 9483589e-cfcb-4744-96df-d67bb1af297e, notificationType :1)
09-29 00:11:25.202  7613  7664 I WM-Processor: Moving WorkSpec (9483589e-cfcb-4744-96df-d67bb1af297e) to the foreground
09-29 00:11:25.203  7613  7664 D WM-WorkProgressUpdater: Updating progress for 9483589e-cfcb-4744-96df-d67bb1af297e (Data {pct : 86, mode : file})
09-29 00:11:25.203  7613  7613 D WM-SystemFgDispatcher: Notifying with (id:6569, workSpecId: 9483589e-cfcb-4744-96df-d67bb1af297e, notificationType :1)
09-29 00:11:25.212  7613  7664 I WM-Processor: Moving WorkSpec (9483589e-cfcb-4744-96df-d67bb1af297e) to the foreground
09-29 00:11:25.213  7613  7613 D WM-SystemFgDispatcher: Notifying with (id:6569, workSpecId: 9483589e-cfcb-4744-96df-d67bb1af297e, notificationType :1)
09-29 00:11:25.218  7613  7664 D WM-WorkProgressUpdater: Updating progress for 9483589e-cfcb-4744-96df-d67bb1af297e (Data {pct : 88, mode : file})
09-29 00:11:25.221  7613  7664 I WM-Processor: Moving WorkSpec (9483589e-cfcb-4744-96df-d67bb1af297e) to the foreground
09-29 00:11:25.222  7613  7664 D WM-WorkProgressUpdater: Updating progress for 9483589e-cfcb-4744-96df-d67bb1af297e (Data {pct : 90, mode : file})
09-29 00:11:25.222  7613  7613 D WM-SystemFgDispatcher: Notifying with (id:6569, workSpecId: 9483589e-cfcb-4744-96df-d67bb1af297e, notificationType :1)
09-29 00:11:25.223  7613  7664 I WM-Processor: Moving WorkSpec (9483589e-cfcb-4744-96df-d67bb1af297e) to the foreground
09-29 00:11:25.224  7613  7613 D WM-SystemFgDispatcher: Notifying with (id:6569, workSpecId: 9483589e-cfcb-4744-96df-d67bb1af297e, notificationType :1)
09-29 00:11:25.226  7613  7664 I WM-Processor: Moving WorkSpec (cdf06544-dc01-453d-9cb5-b12a24ba2253) to the foreground
09-29 00:11:25.227  7613  7613 D WM-SystemFgDispatcher: Notifying with (id:7832, workSpecId: cdf06544-dc01-453d-9cb5-b12a24ba2253, notificationType :1)
09-29 00:11:25.227  7613  7613 I NotificationManager: com.negi.survey: notify(7832, null, Notification(channel=uploads shortcut=null contentView=null vibrate=null sound=null defaults=0 flags=ONLY_ALERT_ONCE color=0x00000000 category=progress vis=PRIVATE semFlags=0x0 semPriority=0 semMissedCount=0 semScenarioType=0)) as user
09-29 00:11:25.227  7613  7664 I WM-WorkerWrapper: Worker result FAILURE for Work [ id=cdf06544-dc01-453d-9cb5-b12a24ba2253, tags={ com.negi.survey.net.GitHubUploadWorker,github_upload,github_upload:crash:diagnostics_crash_prevlog_20260928_235012_pid31473.log_3145fa2a } ]
09-29 00:11:25.230  7613  7613 D WM-Processor: Processor cdf06544-dc01-453d-9cb5-b12a24ba2253 executed; reschedule = false
09-29 00:11:25.230  7613  7613 D WM-GreedyScheduler: Stopping tracking for WorkGenerationalId(workSpecId=cdf06544-dc01-453d-9cb5-b12a24ba2253, generation=0)
09-29 00:11:25.230  7613  7613 D WM-SystemJobService: cdf06544-dc01-453d-9cb5-b12a24ba2253 executed on JobScheduler
09-29 00:11:25.230  7613  7613 D WM-SystemFgDispatcher: Removing Notification (id: 7832, workSpecId: WorkGenerationalId(workSpecId=cdf06544-dc01-453d-9cb5-b12a24ba2253, generation=0), notificationType: 1
09-29 00:11:25.236  7613  7664 D WM-GreedyScheduler: Cancelling work ID cdf06544-dc01-453d-9cb5-b12a24ba2253
09-29 00:11:25.275  7613  7731 W github_upload: doFileUpload: upload failed for /data/user/0/com.negi.survey/files/diagnostics/crash_github_mirror/ring_store/20260929_051109_pid7613_u574169/seg_00.log
09-29 00:11:25.275  7613  7731 W github_upload: com.negi.survey.net.GitHubUploader$HttpFailureException: GitHub request failed (409): {"message":"is at 71a80d91563db41eac9e1cfe42b84e60911c14c5 but expected dcee4dd4652d787ac37d9d10d1e1be767b5eaa55","documentation_url":"https://docs.github.com/rest/repos/contents#create-or-update-file-contents","status":"409"}
09-29 00:11:25.275  7613  7731 W github_upload: 	at com.negi.survey.net.GitHubUploader.executeWithRetry(GitHubUploader.kt:689)
09-29 00:11:25.275  7613  7731 W github_upload: 	at com.negi.survey.net.GitHubUploader.access$executeWithRetry(GitHubUploader.kt:51)
09-29 00:11:25.275  7613  7731 W github_upload: 	at com.negi.survey.net.GitHubUploader$executeWithRetry$1.invokeSuspend(Unknown Source:22)
09-29 00:11:25.275  7613  7731 W github_upload: 	at kotlin.coroutines.jvm.internal.BaseContinuationImpl.resumeWith(ContinuationImpl.kt:34)
09-29 00:11:25.275  7613  7731 W github_upload: 	at kotlinx.coroutines.DispatchedTask.run(DispatchedTask.kt:100)
09-29 00:11:25.275  7613  7731 W github_upload: 	at kotlinx.coroutines.internal.LimitedDispatcher$Worker.run(LimitedDispatcher.kt:124)
09-29 00:11:25.275  7613  7731 W github_upload: 	at kotlinx.coroutines.scheduling.TaskImpl.run(Tasks.kt:89)
09-29 00:11:25.275  7613  7731 W github_upload: 	at kotlinx.coroutines.scheduling.CoroutineScheduler.runSafely(CoroutineScheduler.kt:586)
09-29 00:11:25.275  7613  7731 W github_upload: 	at kotlinx.coroutines.scheduling.CoroutineScheduler$Worker.executeTask(CoroutineScheduler.kt:798)
09-29 00:11:25.275  7613  7731 W github_upload: 	at kotlinx.coroutines.scheduling.CoroutineScheduler$Worker.runWorker(CoroutineScheduler.kt:717)
09-29 00:11:25.275  7613  7731 W github_upload: 	at kotlinx.coroutines.scheduling.CoroutineScheduler$Worker.run(CoroutineScheduler.kt:704)
09-29 00:11:25.276  7613  7666 I WM-Processor: Moving WorkSpec (acae73cc-e56f-4e18-834a-03c7284f1238) to the foreground
09-29 00:11:25.278  7613  7613 D WM-SystemFgDispatcher: Notifying with (id:3523, workSpecId: acae73cc-e56f-4e18-834a-03c7284f1238, notificationType :1)
09-29 00:11:25.279  7613  7613 I NotificationManager: com.negi.survey: notify(3523, null, Notification(channel=uploads shortcut=null contentView=null vibrate=null sound=null defaults=0 flags=ONLY_ALERT_ONCE color=0x00000000 category=progress vis=PRIVATE semFlags=0x0 semPriority=0 semMissedCount=0 semScenarioType=0)) as user
09-29 00:11:25.280  7613  7666 I WM-WorkerWrapper: Worker result FAILURE for Work [ id=acae73cc-e56f-4e18-834a-03c7284f1238, tags={ com.negi.survey.net.GitHubUploadWorker,github_upload,github_upload:ring:diagnostics_crash_ring_store_20260929_051109_pid7613_u574169_seg_00.log_3546ba21 } ]
09-29 00:11:25.282  7613  7613 D WM-Processor: Processor acae73cc-e56f-4e18-834a-03c7284f1238 executed; reschedule = false
09-29 00:11:25.282  7613  7613 D WM-GreedyScheduler: Stopping tracking for WorkGenerationalId(workSpecId=acae73cc-e56f-4e18-834a-03c7284f1238, generation=0)
09-29 00:11:25.282  7613  7613 D WM-SystemJobService: acae73cc-e56f-4e18-834a-03c7284f1238 executed on JobScheduler
09-29 00:11:25.283  7613  7613 D WM-SystemFgDispatcher: Removing Notification (id: 3523, workSpecId: WorkGenerationalId(workSpecId=acae73cc-e56f-4e18-834a-03c7284f1238, generation=0), notificationType: 1
09-29 00:11:25.283  7613  7666 D WM-GreedyScheduler: Cancelling work ID acae73cc-e56f-4e18-834a-03c7284f1238
09-29 00:11:25.397  7613  7633 I com.negi.survey: Explicit concurrent mark compact GC freed 5100KB AllocSpace bytes, 23(452KB) LOS objects, 75% free, 7964KB/31MB, paused 205us,1.422ms total 33.311ms
09-29 00:11:25.482  7613  7735 D GitHubUploader: uploadStream: done url=https://github.com/ishizuki-tech/SurveyExports/blob/main/diagnostics/crash/2026-09-29/prevlog_20260929_050153_pid4771.log sha=bece7ef561755d1570f395cbfdecf33c18fff84e
09-29 00:11:25.483  7613  7665 D WM-WorkProgressUpdater: Updating progress for dd9182fc-8432-48c5-8979-71de7938cdd7 (Data {pct : 95, mode : file})
09-29 00:11:25.489  7613  7665 I WM-Processor: Moving WorkSpec (dd9182fc-8432-48c5-8979-71de7938cdd7) to the foreground
09-29 00:11:25.490  7613  7613 D WM-SystemFgDispatcher: Notifying with (id:4313, workSpecId: dd9182fc-8432-48c5-8979-71de7938cdd7, notificationType :1)
09-29 00:11:25.491  7613  7613 I NotificationManager: com.negi.survey: notify(4313, null, Notification(channel=uploads shortcut=null contentView=null vibrate=null sound=null defaults=0 flags=ONGOING_EVENT|ONLY_ALERT_ONCE color=0x00000000 category=progress vis=PRIVATE semFlags=0x0 semPriority=0 semMissedCount=0 semScenarioType=0)) as user
09-29 00:11:25.491  7613  7665 I WM-Processor: Moving WorkSpec (dd9182fc-8432-48c5-8979-71de7938cdd7) to the foreground
09-29 00:11:25.492  7613  7665 I WM-WorkerWrapper: Worker result SUCCESS for Work [ id=dd9182fc-8432-48c5-8979-71de7938cdd7, tags={ com.negi.survey.net.GitHubUploadWorker,github_upload,github_upload:crash:diagnostics_crash_prevlog_20260929_050153_pid4771.log_c0df8257 } ]
09-29 00:11:25.493  7613  7613 D WM-SystemFgDispatcher: Notifying with (id:4313, workSpecId: dd9182fc-8432-48c5-8979-71de7938cdd7, notificationType :1)
09-29 00:11:25.493  7613  7613 I NotificationManager: com.negi.survey: notify(4313, null, Notification(channel=uploads shortcut=null contentView=null vibrate=null sound=null defaults=0 flags=ONLY_ALERT_ONCE color=0x00000000 category=progress vis=PRIVATE semFlags=0x0 semPriority=0 semMissedCount=0 semScenarioType=0)) as user
09-29 00:11:25.496  7613  7613 D WM-Processor: Processor dd9182fc-8432-48c5-8979-71de7938cdd7 executed; reschedule = false
09-29 00:11:25.496  7613  7613 D WM-GreedyScheduler: Stopping tracking for WorkGenerationalId(workSpecId=dd9182fc-8432-48c5-8979-71de7938cdd7, generation=0)
09-29 00:11:25.496  7613  7613 D WM-SystemJobService: dd9182fc-8432-48c5-8979-71de7938cdd7 executed on JobScheduler
09-29 00:11:25.497  7613  7613 D WM-SystemFgDispatcher: Removing Notification (id: 4313, workSpecId: WorkGenerationalId(workSpecId=dd9182fc-8432-48c5-8979-71de7938cdd7, generation=0), notificationType: 1
09-29 00:11:25.497  7613  7664 D WM-GreedyScheduler: Cancelling work ID dd9182fc-8432-48c5-8979-71de7938cdd7
09-29 00:11:25.498  7613  7613 D WM-SystemJobService: onStopJob for WorkGenerationalId(workSpecId=dd9182fc-8432-48c5-8979-71de7938cdd7, generation=0)
09-29 00:11:26.337  7613  7666 D WM-WorkProgressUpdater: Updating progress for 9483589e-cfcb-4744-96df-d67bb1af297e (Data {pct : 95, mode : file})
09-29 00:11:26.337  7613  7748 D GitHubUploader: uploadStream: done url=https://github.com/ishizuki-tech/SurveyExports/blob/main/diagnostics/crash/2026-09-29/prevlog_20260929_032054_pid12589.log sha=fb3fc373a4611eef9090f6e831c2347cc0d3ddb6
09-29 00:11:26.343  7613  7666 I WM-Processor: Moving WorkSpec (9483589e-cfcb-4744-96df-d67bb1af297e) to the foreground
09-29 00:11:26.349  7613  7666 I WM-Processor: Moving WorkSpec (9483589e-cfcb-4744-96df-d67bb1af297e) to the foreground
09-29 00:11:26.349  7613  7613 D WM-SystemFgDispatcher: Notifying with (id:6569, workSpecId: 9483589e-cfcb-4744-96df-d67bb1af297e, notificationType :1)
09-29 00:11:26.350  7613  7613 I NotificationManager: com.negi.survey: notify(6569, null, Notification(channel=uploads shortcut=null contentView=null vibrate=null sound=null defaults=0 flags=ONGOING_EVENT|ONLY_ALERT_ONCE color=0x00000000 category=progress vis=PRIVATE semFlags=0x0 semPriority=0 semMissedCount=0 semScenarioType=0)) as user
09-29 00:11:26.352  7613  7666 I WM-WorkerWrapper: Worker result SUCCESS for Work [ id=9483589e-cfcb-4744-96df-d67bb1af297e, tags={ com.negi.survey.net.GitHubUploadWorker,github_upload,github_upload:crash:diagnostics_crash_prevlog_20260929_032054_pid12589.log_51fdbe2b } ]
09-29 00:11:26.358  7613  7613 D WM-SystemFgDispatcher: Notifying with (id:6569, workSpecId: 9483589e-cfcb-4744-96df-d67bb1af297e, notificationType :1)
09-29 00:11:26.359  7613  7613 I NotificationManager: com.negi.survey: notify(6569, null, Notification(channel=uploads shortcut=null contentView=null vibrate=null sound=null defaults=0 flags=ONLY_ALERT_ONCE color=0x00000000 category=progress vis=PRIVATE semFlags=0x0 semPriority=0 semMissedCount=0 semScenarioType=0)) as user
09-29 00:11:26.366  7613  7613 D WM-Processor: Processor 9483589e-cfcb-4744-96df-d67bb1af297e executed; reschedule = false
09-29 00:11:26.366  7613  7613 D WM-GreedyScheduler: Stopping tracking for WorkGenerationalId(workSpecId=9483589e-cfcb-4744-96df-d67bb1af297e, generation=0)
09-29 00:11:26.367  7613  7613 D WM-SystemJobService: 9483589e-cfcb-4744-96df-d67bb1af297e executed on JobScheduler
09-29 00:11:26.367  7613  7613 D WM-SystemFgDispatcher: Removing Notification (id: 6569, workSpecId: WorkGenerationalId(workSpecId=9483589e-cfcb-4744-96df-d67bb1af297e, generation=0), notificationType: 1
09-29 00:11:26.379  7613  7655 D WM-GreedyScheduler: Cancelling work ID 9483589e-cfcb-4744-96df-d67bb1af297e
09-29 00:11:26.617  7613  7633 I com.negi.survey: Explicit concurrent mark compact GC freed 1520KB AllocSpace bytes, 9(180KB) LOS objects, 76% free, 7516KB/31MB, paused 168us,1.530ms total 26.336ms
09-29 00:11:26.707  7613  7664 D WM-WorkProgressUpdater: Updating progress for c131dc6b-42ab-44bf-a392-17d7b3d3a6fc (Data {pct : 11, mode : file})
09-29 00:11:26.712  7613  7664 I WM-Processor: Moving WorkSpec (c131dc6b-42ab-44bf-a392-17d7b3d3a6fc) to the foreground
09-29 00:11:26.715  7613  7664 D WM-WorkProgressUpdater: Updating progress for c131dc6b-42ab-44bf-a392-17d7b3d3a6fc (Data {pct : 12, mode : file})
09-29 00:11:26.716  7613  7613 D WM-SystemFgDispatcher: Notifying with (id:9368, workSpecId: c131dc6b-42ab-44bf-a392-17d7b3d3a6fc, notificationType :1)
09-29 00:11:26.716  7613  7664 I WM-Processor: Moving WorkSpec (c131dc6b-42ab-44bf-a392-17d7b3d3a6fc) to the foreground
09-29 00:11:26.716  7613  7613 I NotificationManager: com.negi.survey: notify(9368, null, Notification(channel=uploads shortcut=null contentView=null vibrate=null sound=null defaults=0 flags=ONGOING_EVENT|ONLY_ALERT_ONCE color=0x00000000 category=progress vis=PRIVATE semFlags=0x0 semPriority=0 semMissedCount=0 semScenarioType=0)) as user
09-29 00:11:26.717  7613  7664 D WM-WorkProgressUpdater: Updating progress for c131dc6b-42ab-44bf-a392-17d7b3d3a6fc (Data {pct : 13, mode : file})
09-29 00:11:26.718  7613  7664 I WM-Processor: Moving WorkSpec (c131dc6b-42ab-44bf-a392-17d7b3d3a6fc) to the foreground
09-29 00:11:26.719  7613  7664 D WM-WorkProgressUpdater: Updating progress for c131dc6b-42ab-44bf-a392-17d7b3d3a6fc (Data {pct : 14, mode : file})
09-29 00:11:26.720  7613  7664 I WM-Processor: Moving WorkSpec (c131dc6b-42ab-44bf-a392-17d7b3d3a6fc) to the foreground
09-29 00:11:26.721  7613  7613 D WM-SystemFgDispatcher: Notifying with (id:9368, workSpecId: c131dc6b-42ab-44bf-a392-17d7b3d3a6fc, notificationType :1)
09-29 00:11:26.722  7613  7613 I NotificationManager: com.negi.survey: notify(9368, null, Notification(channel=uploads shortcut=null contentView=null vibrate=null sound=null defaults=0 flags=ONGOING_EVENT|ONLY_ALERT_ONCE color=0x00000000 category=progress vis=PRIVATE semFlags=0x0 semPriority=0 semMissedCount=0 semScenarioType=0)) as user
09-29 00:11:26.722  7613  7655 D WM-WorkProgressUpdater: Updating progress for c131dc6b-42ab-44bf-a392-17d7b3d3a6fc (Data {pct : 15, mode : file})
09-29 00:11:26.725  7613  7655 I WM-Processor: Moving WorkSpec (c131dc6b-42ab-44bf-a392-17d7b3d3a6fc) to the foreground
09-29 00:11:26.727  7613  7655 D WM-WorkProgressUpdater: Updating progress for c131dc6b-42ab-44bf-a392-17d7b3d3a6fc (Data {pct : 17, mode : file})
09-29 00:11:26.729  7613  7655 I WM-Processor: Moving WorkSpec (c131dc6b-42ab-44bf-a392-17d7b3d3a6fc) to the foreground
09-29 00:11:26.730  7613  7613 D WM-SystemFgDispatcher: Notifying with (id:9368, workSpecId: c131dc6b-42ab-44bf-a392-17d7b3d3a6fc, notificationType :1)
09-29 00:11:26.730  7613  7613 I NotificationManager: com.negi.survey: notify(9368, null, Notification(channel=uploads shortcut=null contentView=null vibrate=null sound=null defaults=0 flags=ONGOING_EVENT|ONLY_ALERT_ONCE color=0x00000000 category=progress vis=PRIVATE semFlags=0x0 semPriority=0 semMissedCount=0 semScenarioType=0)) as user
09-29 00:11:26.732  7613  7655 D WM-WorkProgressUpdater: Updating progress for c131dc6b-42ab-44bf-a392-17d7b3d3a6fc (Data {pct : 18, mode : file})
09-29 00:11:26.734  7613  7655 I WM-Processor: Moving WorkSpec (c131dc6b-42ab-44bf-a392-17d7b3d3a6fc) to the foreground
09-29 00:11:26.736  7613  7655 D WM-WorkProgressUpdater: Updating progress for c131dc6b-42ab-44bf-a392-17d7b3d3a6fc (Data {pct : 19, mode : file})
09-29 00:11:26.736  7613  7613 D WM-SystemFgDispatcher: Notifying with (id:9368, workSpecId: c131dc6b-42ab-44bf-a392-17d7b3d3a6fc, notificationType :1)
09-29 00:11:26.736  7613  7613 W NotificationManager: Shedding notify (update) of NotificationKey[user=UserHandle{0}, pkg=com.negi.survey, tag=null, id=9368], rate limit (5.0) exceeded: input 12.105747, output would be 6.9358664
09-29 00:11:26.738  7613  7613 D WM-SystemFgDispatcher: Notifying with (id:9368, workSpecId: c131dc6b-42ab-44bf-a392-17d7b3d3a6fc, notificationType :1)
09-29 00:11:26.738  7613  7655 I WM-Processor: Moving WorkSpec (c131dc6b-42ab-44bf-a392-17d7b3d3a6fc) to the foreground
09-29 00:11:26.739  7613  7655 D WM-WorkProgressUpdater: Updating progress for c131dc6b-42ab-44bf-a392-17d7b3d3a6fc (Data {pct : 20, mode : file})
09-29 00:11:26.741  7613  7613 D WM-SystemFgDispatcher: Notifying with (id:9368, workSpecId: c131dc6b-42ab-44bf-a392-17d7b3d3a6fc, notificationType :1)
09-29 00:11:26.743  7613  7655 I WM-Processor: Moving WorkSpec (c131dc6b-42ab-44bf-a392-17d7b3d3a6fc) to the foreground
09-29 00:11:26.744  7613  7613 D WM-SystemFgDispatcher: Notifying with (id:9368, workSpecId: c131dc6b-42ab-44bf-a392-17d7b3d3a6fc, notificationType :1)
09-29 00:11:26.744  7613  7666 D WM-WorkProgressUpdater: Updating progress for c131dc6b-42ab-44bf-a392-17d7b3d3a6fc (Data {pct : 21, mode : file})
09-29 00:11:26.745  7613  7613 D WM-SystemFgDispatcher: Notifying with (id:9368, workSpecId: c131dc6b-42ab-44bf-a392-17d7b3d3a6fc, notificationType :1)
09-29 00:11:26.746  7613  7666 I WM-Processor: Moving WorkSpec (c131dc6b-42ab-44bf-a392-17d7b3d3a6fc) to the foreground
09-29 00:11:26.749  7613  7613 D WM-SystemFgDispatcher: Notifying with (id:9368, workSpecId: c131dc6b-42ab-44bf-a392-17d7b3d3a6fc, notificationType :1)
09-29 00:11:26.749  7613  7666 D WM-WorkProgressUpdater: Updating progress for c131dc6b-42ab-44bf-a392-17d7b3d3a6fc (Data {pct : 23, mode : file})
09-29 00:11:26.750  7613  7666 I WM-Processor: Moving WorkSpec (c131dc6b-42ab-44bf-a392-17d7b3d3a6fc) to the foreground
09-29 00:11:26.752  7613  7613 D WM-SystemFgDispatcher: Notifying with (id:9368, workSpecId: c131dc6b-42ab-44bf-a392-17d7b3d3a6fc, notificationType :1)
09-29 00:11:26.753  7613  7666 D WM-WorkProgressUpdater: Updating progress for c131dc6b-42ab-44bf-a392-17d7b3d3a6fc (Data {pct : 24, mode : file})
09-29 00:11:26.754  7613  7613 D WM-SystemFgDispatcher: Notifying with (id:9368, workSpecId: c131dc6b-42ab-44bf-a392-17d7b3d3a6fc, notificationType :1)
09-29 00:11:26.756  7613  7666 I WM-Processor: Moving WorkSpec (c131dc6b-42ab-44bf-a392-17d7b3d3a6fc) to the foreground
09-29 00:11:26.759  7613  7613 D WM-SystemFgDispatcher: Notifying with (id:9368, workSpecId: c131dc6b-42ab-44bf-a392-17d7b3d3a6fc, notificationType :1)
09-29 00:11:26.766  7613  7666 D WM-WorkProgressUpdater: Updating progress for c131dc6b-42ab-44bf-a392-17d7b3d3a6fc (Data {pct : 25, mode : file})
09-29 00:11:26.774  7613  7666 I WM-Processor: Moving WorkSpec (c131dc6b-42ab-44bf-a392-17d7b3d3a6fc) to the foreground
09-29 00:11:26.776  7613  7613 D WM-SystemFgDispatcher: Notifying with (id:9368, workSpecId: c131dc6b-42ab-44bf-a392-17d7b3d3a6fc, notificationType :1)
09-29 00:11:26.776  7613  7666 D WM-WorkProgressUpdater: Updating progress for c131dc6b-42ab-44bf-a392-17d7b3d3a6fc (Data {pct : 26, mode : file})
09-29 00:11:26.779  7613  7666 I WM-Processor: Moving WorkSpec (c131dc6b-42ab-44bf-a392-17d7b3d3a6fc) to the foreground
09-29 00:11:26.781  7613  7613 D WM-SystemFgDispatcher: Notifying with (id:9368, workSpecId: c131dc6b-42ab-44bf-a392-17d7b3d3a6fc, notificationType :1)
09-29 00:11:26.782  7613  7666 D WM-WorkProgressUpdater: Updating progress for c131dc6b-42ab-44bf-a392-17d7b3d3a6fc (Data {pct : 27, mode : file})
09-29 00:11:26.784  7613  7666 I WM-Processor: Moving WorkSpec (c131dc6b-42ab-44bf-a392-17d7b3d3a6fc) to the foreground
09-29 00:11:26.786  7613  7666 D WM-WorkProgressUpdater: Updating progress for c131dc6b-42ab-44bf-a392-17d7b3d3a6fc (Data {pct : 29, mode : file})
09-29 00:11:26.786  7613  7613 D WM-SystemFgDispatcher: Notifying with (id:9368, workSpecId: c131dc6b-42ab-44bf-a392-17d7b3d3a6fc, notificationType :1)
09-29 00:11:26.789  7613  7666 I WM-Processor: Moving WorkSpec (c131dc6b-42ab-44bf-a392-17d7b3d3a6fc) to the foreground
09-29 00:11:26.791  7613  7666 D WM-WorkProgressUpdater: Updating progress for c131dc6b-42ab-44bf-a392-17d7b3d3a6fc (Data {pct : 30, mode : file})
09-29 00:11:26.791  7613  7613 D WM-SystemFgDispatcher: Notifying with (id:9368, workSpecId: c131dc6b-42ab-44bf-a392-17d7b3d3a6fc, notificationType :1)
09-29 00:11:26.794  7613  7666 I WM-Processor: Moving WorkSpec (c131dc6b-42ab-44bf-a392-17d7b3d3a6fc) to the foreground
09-29 00:11:26.796  7613  7613 D WM-SystemFgDispatcher: Notifying with (id:9368, workSpecId: c131dc6b-42ab-44bf-a392-17d7b3d3a6fc, notificationType :1)
09-29 00:11:26.796  7613  7666 D WM-WorkProgressUpdater: Updating progress for c131dc6b-42ab-44bf-a392-17d7b3d3a6fc (Data {pct : 31, mode : file})
09-29 00:11:26.799  7613  7666 I WM-Processor: Moving WorkSpec (c131dc6b-42ab-44bf-a392-17d7b3d3a6fc) to the foreground
09-29 00:11:26.801  7613  7666 D WM-WorkProgressUpdater: Updating progress for c131dc6b-42ab-44bf-a392-17d7b3d3a6fc (Data {pct : 32, mode : file})
09-29 00:11:26.801  7613  7613 D WM-SystemFgDispatcher: Notifying with (id:9368, workSpecId: c131dc6b-42ab-44bf-a392-17d7b3d3a6fc, notificationType :1)
09-29 00:11:26.807  7613  7666 I WM-Processor: Moving WorkSpec (c131dc6b-42ab-44bf-a392-17d7b3d3a6fc) to the foreground
09-29 00:11:26.809  7613  7666 D WM-WorkProgressUpdater: Updating progress for c131dc6b-42ab-44bf-a392-17d7b3d3a6fc (Data {pct : 33, mode : file})
09-29 00:11:26.809  7613  7613 D WM-SystemFgDispatcher: Notifying with (id:9368, workSpecId: c131dc6b-42ab-44bf-a392-17d7b3d3a6fc, notificationType :1)
09-29 00:11:26.811  7613  7666 I WM-Processor: Moving WorkSpec (c131dc6b-42ab-44bf-a392-17d7b3d3a6fc) to the foreground
09-29 00:11:26.815  7613  7613 D WM-SystemFgDispatcher: Notifying with (id:9368, workSpecId: c131dc6b-42ab-44bf-a392-17d7b3d3a6fc, notificationType :1)
09-29 00:11:26.815  7613  7666 D WM-WorkProgressUpdater: Updating progress for c131dc6b-42ab-44bf-a392-17d7b3d3a6fc (Data {pct : 34, mode : file})
09-29 00:11:26.817  7613  7666 I WM-Processor: Moving WorkSpec (c131dc6b-42ab-44bf-a392-17d7b3d3a6fc) to the foreground
09-29 00:11:26.820  7613  7613 D WM-SystemFgDispatcher: Notifying with (id:9368, workSpecId: c131dc6b-42ab-44bf-a392-17d7b3d3a6fc, notificationType :1)
09-29 00:11:26.820  7613  7666 D WM-WorkProgressUpdater: Updating progress for c131dc6b-42ab-44bf-a392-17d7b3d3a6fc (Data {pct : 36, mode : file})
09-29 00:11:26.822  7613  7666 I WM-Processor: Moving WorkSpec (c131dc6b-42ab-44bf-a392-17d7b3d3a6fc) to the foreground
09-29 00:11:26.824  7613  7666 D WM-WorkProgressUpdater: Updating progress for c131dc6b-42ab-44bf-a392-17d7b3d3a6fc (Data {pct : 37, mode : file})
09-29 00:11:26.825  7613  7613 D WM-SystemFgDispatcher: Notifying with (id:9368, workSpecId: c131dc6b-42ab-44bf-a392-17d7b3d3a6fc, notificationType :1)
09-29 00:11:26.828  7613  7666 I WM-Processor: Moving WorkSpec (c131dc6b-42ab-44bf-a392-17d7b3d3a6fc) to the foreground
09-29 00:11:26.830  7613  7666 D WM-WorkProgressUpdater: Updating progress for c131dc6b-42ab-44bf-a392-17d7b3d3a6fc (Data {pct : 38, mode : file})
09-29 00:11:26.830  7613  7613 D WM-SystemFgDispatcher: Notifying with (id:9368, workSpecId: c131dc6b-42ab-44bf-a392-17d7b3d3a6fc, notificationType :1)
09-29 00:11:26.832  7613  7666 I WM-Processor: Moving WorkSpec (c131dc6b-42ab-44bf-a392-17d7b3d3a6fc) to the foreground
09-29 00:11:26.834  7613  7613 D WM-SystemFgDispatcher: Notifying with (id:9368, workSpecId: c131dc6b-42ab-44bf-a392-17d7b3d3a6fc, notificationType :1)
09-29 00:11:26.834  7613  7666 D WM-WorkProgressUpdater: Updating progress for c131dc6b-42ab-44bf-a392-17d7b3d3a6fc (Data {pct : 39, mode : file})
09-29 00:11:26.836  7613  7666 I WM-Processor: Moving WorkSpec (c131dc6b-42ab-44bf-a392-17d7b3d3a6fc) to the foreground
09-29 00:11:26.838  7613  7666 D WM-WorkProgressUpdater: Updating progress for c131dc6b-42ab-44bf-a392-17d7b3d3a6fc (Data {pct : 40, mode : file})
09-29 00:11:26.838  7613  7613 D WM-SystemFgDispatcher: Notifying with (id:9368, workSpecId: c131dc6b-42ab-44bf-a392-17d7b3d3a6fc, notificationType :1)
09-29 00:11:26.840  7613  7666 I WM-Processor: Moving WorkSpec (c131dc6b-42ab-44bf-a392-17d7b3d3a6fc) to the foreground
09-29 00:11:26.841  7613  7613 D WM-SystemFgDispatcher: Notifying with (id:9368, workSpecId: c131dc6b-42ab-44bf-a392-17d7b3d3a6fc, notificationType :1)
09-29 00:11:26.841  7613  7666 D WM-WorkProgressUpdater: Updating progress for c131dc6b-42ab-44bf-a392-17d7b3d3a6fc (Data {pct : 42, mode : file})
09-29 00:11:26.844  7613  7666 I WM-Processor: Moving WorkSpec (c131dc6b-42ab-44bf-a392-17d7b3d3a6fc) to the foreground
09-29 00:11:26.845  7613  7666 D WM-WorkProgressUpdater: Updating progress for c131dc6b-42ab-44bf-a392-17d7b3d3a6fc (Data {pct : 43, mode : file})
09-29 00:11:26.845  7613  7613 D WM-SystemFgDispatcher: Notifying with (id:9368, workSpecId: c131dc6b-42ab-44bf-a392-17d7b3d3a6fc, notificationType :1)
09-29 00:11:26.848  7613  7666 I WM-Processor: Moving WorkSpec (c131dc6b-42ab-44bf-a392-17d7b3d3a6fc) to the foreground
09-29 00:11:26.849  7613  7666 D WM-WorkProgressUpdater: Updating progress for c131dc6b-42ab-44bf-a392-17d7b3d3a6fc (Data {pct : 44, mode : file})
09-29 00:11:26.849  7613  7613 D WM-SystemFgDispatcher: Notifying with (id:9368, workSpecId: c131dc6b-42ab-44bf-a392-17d7b3d3a6fc, notificationType :1)
09-29 00:11:26.851  7613  7666 I WM-Processor: Moving WorkSpec (c131dc6b-42ab-44bf-a392-17d7b3d3a6fc) to the foreground
09-29 00:11:26.852  7613  7666 D WM-WorkProgressUpdater: Updating progress for c131dc6b-42ab-44bf-a392-17d7b3d3a6fc (Data {pct : 45, mode : file})
09-29 00:11:26.852  7613  7613 D WM-SystemFgDispatcher: Notifying with (id:9368, workSpecId: c131dc6b-42ab-44bf-a392-17d7b3d3a6fc, notificationType :1)
09-29 00:11:26.854  7613  7666 I WM-Processor: Moving WorkSpec (c131dc6b-42ab-44bf-a392-17d7b3d3a6fc) to the foreground
09-29 00:11:26.855  7613  7666 D WM-WorkProgressUpdater: Updating progress for c131dc6b-42ab-44bf-a392-17d7b3d3a6fc (Data {pct : 46, mode : file})
09-29 00:11:26.856  7613  7613 D WM-SystemFgDispatcher: Notifying with (id:9368, workSpecId: c131dc6b-42ab-44bf-a392-17d7b3d3a6fc, notificationType :1)
09-29 00:11:26.857  7613  7666 I WM-Processor: Moving WorkSpec (c131dc6b-42ab-44bf-a392-17d7b3d3a6fc) to the foreground
09-29 00:11:26.858  7613  7666 D WM-WorkProgressUpdater: Updating progress for c131dc6b-42ab-44bf-a392-17d7b3d3a6fc (Data {pct : 48, mode : file})
09-29 00:11:26.859  7613  7613 D WM-SystemFgDispatcher: Notifying with (id:9368, workSpecId: c131dc6b-42ab-44bf-a392-17d7b3d3a6fc, notificationType :1)
09-29 00:11:26.860  7613  7666 I WM-Processor: Moving WorkSpec (c131dc6b-42ab-44bf-a392-17d7b3d3a6fc) to the foreground
09-29 00:11:26.862  7613  7613 D WM-SystemFgDispatcher: Notifying with (id:9368, workSpecId: c131dc6b-42ab-44bf-a392-17d7b3d3a6fc, notificationType :1)
09-29 00:11:26.862  7613  7666 D WM-WorkProgressUpdater: Updating progress for c131dc6b-42ab-44bf-a392-17d7b3d3a6fc (Data {pct : 49, mode : file})
09-29 00:11:26.863  7613  7666 I WM-Processor: Moving WorkSpec (c131dc6b-42ab-44bf-a392-17d7b3d3a6fc) to the foreground
09-29 00:11:26.864  7613  7666 D WM-WorkProgressUpdater: Updating progress for c131dc6b-42ab-44bf-a392-17d7b3d3a6fc (Data {pct : 50, mode : file})
09-29 00:11:26.865  7613  7613 D WM-SystemFgDispatcher: Notifying with (id:9368, workSpecId: c131dc6b-42ab-44bf-a392-17d7b3d3a6fc, notificationType :1)
09-29 00:11:26.867  7613  7666 I WM-Processor: Moving WorkSpec (c131dc6b-42ab-44bf-a392-17d7b3d3a6fc) to the foreground
09-29 00:11:26.868  7613  7666 D WM-WorkProgressUpdater: Updating progress for c131dc6b-42ab-44bf-a392-17d7b3d3a6fc (Data {pct : 51, mode : file})
09-29 00:11:26.869  7613  7613 D WM-SystemFgDispatcher: Notifying with (id:9368, workSpecId: c131dc6b-42ab-44bf-a392-17d7b3d3a6fc, notificationType :1)
09-29 00:11:26.870  7613  7666 I WM-Processor: Moving WorkSpec (c131dc6b-42ab-44bf-a392-17d7b3d3a6fc) to the foreground
09-29 00:11:26.871  7613  7666 D WM-WorkProgressUpdater: Updating progress for c131dc6b-42ab-44bf-a392-17d7b3d3a6fc (Data {pct : 52, mode : file})
09-29 00:11:26.871  7613  7613 D WM-SystemFgDispatcher: Notifying with (id:9368, workSpecId: c131dc6b-42ab-44bf-a392-17d7b3d3a6fc, notificationType :1)
09-29 00:11:26.873  7613  7666 I WM-Processor: Moving WorkSpec (c131dc6b-42ab-44bf-a392-17d7b3d3a6fc) to the foreground
09-29 00:11:26.876  7613  7613 D WM-SystemFgDispatcher: Notifying with (id:9368, workSpecId: c131dc6b-42ab-44bf-a392-17d7b3d3a6fc, notificationType :1)
09-29 00:11:26.876  7613  7666 D WM-WorkProgressUpdater: Updating progress for c131dc6b-42ab-44bf-a392-17d7b3d3a6fc (Data {pct : 54, mode : file})
09-29 00:11:26.878  7613  7666 I WM-Processor: Moving WorkSpec (c131dc6b-42ab-44bf-a392-17d7b3d3a6fc) to the foreground
09-29 00:11:26.881  7613  7613 D WM-SystemFgDispatcher: Notifying with (id:9368, workSpecId: c131dc6b-42ab-44bf-a392-17d7b3d3a6fc, notificationType :1)
09-29 00:11:26.881  7613  7666 D WM-WorkProgressUpdater: Updating progress for c131dc6b-42ab-44bf-a392-17d7b3d3a6fc (Data {pct : 55, mode : file})
09-29 00:11:26.889  7613  7666 I WM-Processor: Moving WorkSpec (c131dc6b-42ab-44bf-a392-17d7b3d3a6fc) to the foreground
09-29 00:11:26.891  7613  7666 D WM-WorkProgressUpdater: Updating progress for c131dc6b-42ab-44bf-a392-17d7b3d3a6fc (Data {pct : 56, mode : file})
09-29 00:11:26.891  7613  7613 D WM-SystemFgDispatcher: Notifying with (id:9368, workSpecId: c131dc6b-42ab-44bf-a392-17d7b3d3a6fc, notificationType :1)
09-29 00:11:26.894  7613  7666 I WM-Processor: Moving WorkSpec (c131dc6b-42ab-44bf-a392-17d7b3d3a6fc) to the foreground
09-29 00:11:26.896  7613  7613 D WM-SystemFgDispatcher: Notifying with (id:9368, workSpecId: c131dc6b-42ab-44bf-a392-17d7b3d3a6fc, notificationType :1)
09-29 00:11:26.896  7613  7666 D WM-WorkProgressUpdater: Updating progress for c131dc6b-42ab-44bf-a392-17d7b3d3a6fc (Data {pct : 57, mode : file})
09-29 00:11:26.898  7613  7666 I WM-Processor: Moving WorkSpec (c131dc6b-42ab-44bf-a392-17d7b3d3a6fc) to the foreground
09-29 00:11:26.900  7613  7613 D WM-SystemFgDispatcher: Notifying with (id:9368, workSpecId: c131dc6b-42ab-44bf-a392-17d7b3d3a6fc, notificationType :1)
09-29 00:11:26.900  7613  7666 D WM-WorkProgressUpdater: Updating progress for c131dc6b-42ab-44bf-a392-17d7b3d3a6fc (Data {pct : 58, mode : file})
09-29 00:11:26.902  7613  7666 I WM-Processor: Moving WorkSpec (c131dc6b-42ab-44bf-a392-17d7b3d3a6fc) to the foreground
09-29 00:11:26.903  7613  7613 D WM-SystemFgDispatcher: Notifying with (id:9368, workSpecId: c131dc6b-42ab-44bf-a392-17d7b3d3a6fc, notificationType :1)
09-29 00:11:26.903  7613  7666 D WM-WorkProgressUpdater: Updating progress for c131dc6b-42ab-44bf-a392-17d7b3d3a6fc (Data {pct : 59, mode : file})
09-29 00:11:26.907  7613  7666 I WM-Processor: Moving WorkSpec (c131dc6b-42ab-44bf-a392-17d7b3d3a6fc) to the foreground
09-29 00:11:26.908  7613  7666 D WM-WorkProgressUpdater: Updating progress for c131dc6b-42ab-44bf-a392-17d7b3d3a6fc (Data {pct : 61, mode : file})
09-29 00:11:26.908  7613  7613 D WM-SystemFgDispatcher: Notifying with (id:9368, workSpecId: c131dc6b-42ab-44bf-a392-17d7b3d3a6fc, notificationType :1)
09-29 00:11:26.910  7613  7666 I WM-Processor: Moving WorkSpec (c131dc6b-42ab-44bf-a392-17d7b3d3a6fc) to the foreground
09-29 00:11:26.912  7613  7613 D WM-SystemFgDispatcher: Notifying with (id:9368, workSpecId: c131dc6b-42ab-44bf-a392-17d7b3d3a6fc, notificationType :1)
09-29 00:11:26.912  7613  7666 D WM-WorkProgressUpdater: Updating progress for c131dc6b-42ab-44bf-a392-17d7b3d3a6fc (Data {pct : 62, mode : file})
09-29 00:11:26.914  7613  7666 I WM-Processor: Moving WorkSpec (c131dc6b-42ab-44bf-a392-17d7b3d3a6fc) to the foreground
09-29 00:11:26.917  7613  7613 D WM-SystemFgDispatcher: Notifying with (id:9368, workSpecId: c131dc6b-42ab-44bf-a392-17d7b3d3a6fc, notificationType :1)
09-29 00:11:26.917  7613  7666 D WM-WorkProgressUpdater: Updating progress for c131dc6b-42ab-44bf-a392-17d7b3d3a6fc (Data {pct : 63, mode : file})
09-29 00:11:26.920  7613  7666 I WM-Processor: Moving WorkSpec (c131dc6b-42ab-44bf-a392-17d7b3d3a6fc) to the foreground
09-29 00:11:26.921  7613  7666 D WM-WorkProgressUpdater: Updating progress for c131dc6b-42ab-44bf-a392-17d7b3d3a6fc (Data {pct : 64, mode : file})
09-29 00:11:26.921  7613  7613 D WM-SystemFgDispatcher: Notifying with (id:9368, workSpecId: c131dc6b-42ab-44bf-a392-17d7b3d3a6fc, notificationType :1)
09-29 00:11:26.923  7613  7666 I WM-Processor: Moving WorkSpec (c131dc6b-42ab-44bf-a392-17d7b3d3a6fc) to the foreground
09-29 00:11:26.925  7613  7613 D WM-SystemFgDispatcher: Notifying with (id:9368, workSpecId: c131dc6b-42ab-44bf-a392-17d7b3d3a6fc, notificationType :1)
09-29 00:11:26.926  7613  7666 D WM-WorkProgressUpdater: Updating progress for c131dc6b-42ab-44bf-a392-17d7b3d3a6fc (Data {pct : 65, mode : file})
09-29 00:11:26.926  7613  7613 I NotificationManager: com.negi.survey: notify(9368, null, Notification(channel=uploads shortcut=null contentView=null vibrate=null sound=null defaults=0 flags=ONGOING_EVENT|ONLY_ALERT_ONCE color=0x00000000 category=progress vis=PRIVATE semFlags=0x0 semPriority=0 semMissedCount=0 semScenarioType=0)) as user
09-29 00:11:26.929  7613  7666 I WM-Processor: Moving WorkSpec (c131dc6b-42ab-44bf-a392-17d7b3d3a6fc) to the foreground
09-29 00:11:26.931  7613  7666 D WM-WorkProgressUpdater: Updating progress for c131dc6b-42ab-44bf-a392-17d7b3d3a6fc (Data {pct : 67, mode : file})
09-29 00:11:26.932  7613  7613 D WM-SystemFgDispatcher: Notifying with (id:9368, workSpecId: c131dc6b-42ab-44bf-a392-17d7b3d3a6fc, notificationType :1)
09-29 00:11:26.933  7613  7666 I WM-Processor: Moving WorkSpec (c131dc6b-42ab-44bf-a392-17d7b3d3a6fc) to the foreground
09-29 00:11:26.936  7613  7613 D WM-SystemFgDispatcher: Notifying with (id:9368, workSpecId: c131dc6b-42ab-44bf-a392-17d7b3d3a6fc, notificationType :1)
09-29 00:11:26.936  7613  7666 D WM-WorkProgressUpdater: Updating progress for c131dc6b-42ab-44bf-a392-17d7b3d3a6fc (Data {pct : 68, mode : file})
09-29 00:11:26.938  7613  7666 I WM-Processor: Moving WorkSpec (c131dc6b-42ab-44bf-a392-17d7b3d3a6fc) to the foreground
09-29 00:11:26.939  7613  7613 D WM-SystemFgDispatcher: Notifying with (id:9368, workSpecId: c131dc6b-42ab-44bf-a392-17d7b3d3a6fc, notificationType :1)
09-29 00:11:26.939  7613  7666 D WM-WorkProgressUpdater: Updating progress for c131dc6b-42ab-44bf-a392-17d7b3d3a6fc (Data {pct : 69, mode : file})
09-29 00:11:26.943  7613  7664 I WM-Processor: Moving WorkSpec (c131dc6b-42ab-44bf-a392-17d7b3d3a6fc) to the foreground
09-29 00:11:26.946  7613  7613 D WM-SystemFgDispatcher: Notifying with (id:9368, workSpecId: c131dc6b-42ab-44bf-a392-17d7b3d3a6fc, notificationType :1)
09-29 00:11:26.947  7613  7664 D WM-WorkProgressUpdater: Updating progress for c131dc6b-42ab-44bf-a392-17d7b3d3a6fc (Data {pct : 70, mode : file})
09-29 00:11:26.954  7613  7664 I WM-Processor: Moving WorkSpec (c131dc6b-42ab-44bf-a392-17d7b3d3a6fc) to the foreground
09-29 00:11:26.958  7613  7664 D WM-WorkProgressUpdater: Updating progress for c131dc6b-42ab-44bf-a392-17d7b3d3a6fc (Data {pct : 71, mode : file})
09-29 00:11:26.959  7613  7613 D WM-SystemFgDispatcher: Notifying with (id:9368, workSpecId: c131dc6b-42ab-44bf-a392-17d7b3d3a6fc, notificationType :1)
09-29 00:11:26.963  7613  7664 I WM-Processor: Moving WorkSpec (c131dc6b-42ab-44bf-a392-17d7b3d3a6fc) to the foreground
09-29 00:11:26.966  7613  7664 D WM-WorkProgressUpdater: Updating progress for c131dc6b-42ab-44bf-a392-17d7b3d3a6fc (Data {pct : 73, mode : file})
09-29 00:11:26.966  7613  7613 D WM-SystemFgDispatcher: Notifying with (id:9368, workSpecId: c131dc6b-42ab-44bf-a392-17d7b3d3a6fc, notificationType :1)
09-29 00:11:26.973  7613  7664 I WM-Processor: Moving WorkSpec (c131dc6b-42ab-44bf-a392-17d7b3d3a6fc) to the foreground
09-29 00:11:26.975  7613  7664 D WM-WorkProgressUpdater: Updating progress for c131dc6b-42ab-44bf-a392-17d7b3d3a6fc (Data {pct : 74, mode : file})
09-29 00:11:26.975  7613  7613 D WM-SystemFgDispatcher: Notifying with (id:9368, workSpecId: c131dc6b-42ab-44bf-a392-17d7b3d3a6fc, notificationType :1)
09-29 00:11:26.976  7613  7664 I WM-Processor: Moving WorkSpec (c131dc6b-42ab-44bf-a392-17d7b3d3a6fc) to the foreground
09-29 00:11:26.977  7613  7664 D WM-WorkProgressUpdater: Updating progress for c131dc6b-42ab-44bf-a392-17d7b3d3a6fc (Data {pct : 75, mode : file})
09-29 00:11:26.978  7613  7613 D WM-SystemFgDispatcher: Notifying with (id:9368, workSpecId: c131dc6b-42ab-44bf-a392-17d7b3d3a6fc, notificationType :1)
09-29 00:11:26.979  7613  7664 I WM-Processor: Moving WorkSpec (c131dc6b-42ab-44bf-a392-17d7b3d3a6fc) to the foreground
09-29 00:11:26.981  7613  7664 D WM-WorkProgressUpdater: Updating progress for c131dc6b-42ab-44bf-a392-17d7b3d3a6fc (Data {pct : 76, mode : file})
09-29 00:11:26.981  7613  7613 D WM-SystemFgDispatcher: Notifying with (id:9368, workSpecId: c131dc6b-42ab-44bf-a392-17d7b3d3a6fc, notificationType :1)
09-29 00:11:26.983  7613  7664 I WM-Processor: Moving WorkSpec (c131dc6b-42ab-44bf-a392-17d7b3d3a6fc) to the foreground
09-29 00:11:26.985  7613  7664 D WM-WorkProgressUpdater: Updating progress for c131dc6b-42ab-44bf-a392-17d7b3d3a6fc (Data {pct : 77, mode : file})
09-29 00:11:26.985  7613  7613 D WM-SystemFgDispatcher: Notifying with (id:9368, workSpecId: c131dc6b-42ab-44bf-a392-17d7b3d3a6fc, notificationType :1)
09-29 00:11:26.988  7613  7664 I WM-Processor: Moving WorkSpec (c131dc6b-42ab-44bf-a392-17d7b3d3a6fc) to the foreground
09-29 00:11:26.990  7613  7664 D WM-WorkProgressUpdater: Updating progress for c131dc6b-42ab-44bf-a392-17d7b3d3a6fc (Data {pct : 79, mode : file})
09-29 00:11:26.990  7613  7613 D WM-SystemFgDispatcher: Notifying with (id:9368, workSpecId: c131dc6b-42ab-44bf-a392-17d7b3d3a6fc, notificationType :1)
09-29 00:11:26.992  7613  7664 I WM-Processor: Moving WorkSpec (c131dc6b-42ab-44bf-a392-17d7b3d3a6fc) to the foreground
09-29 00:11:26.994  7613  7664 D WM-WorkProgressUpdater: Updating progress for c131dc6b-42ab-44bf-a392-17d7b3d3a6fc (Data {pct : 80, mode : file})
09-29 00:11:26.994  7613  7613 D WM-SystemFgDispatcher: Notifying with (id:9368, workSpecId: c131dc6b-42ab-44bf-a392-17d7b3d3a6fc, notificationType :1)
09-29 00:11:26.996  7613  7664 I WM-Processor: Moving WorkSpec (c131dc6b-42ab-44bf-a392-17d7b3d3a6fc) to the foreground
09-29 00:11:26.998  7613  7664 D WM-WorkProgressUpdater: Updating progress for c131dc6b-42ab-44bf-a392-17d7b3d3a6fc (Data {pct : 81, mode : file})
09-29 00:11:26.998  7613  7613 D WM-SystemFgDispatcher: Notifying with (id:9368, workSpecId: c131dc6b-42ab-44bf-a392-17d7b3d3a6fc, notificationType :1)
09-29 00:11:27.001  7613  7664 I WM-Processor: Moving WorkSpec (c131dc6b-42ab-44bf-a392-17d7b3d3a6fc) to the foreground
09-29 00:11:27.003  7613  7664 D WM-WorkProgressUpdater: Updating progress for c131dc6b-42ab-44bf-a392-17d7b3d3a6fc (Data {pct : 82, mode : file})
09-29 00:11:27.003  7613  7613 D WM-SystemFgDispatcher: Notifying with (id:9368, workSpecId: c131dc6b-42ab-44bf-a392-17d7b3d3a6fc, notificationType :1)
09-29 00:11:27.007  7613  7665 I WM-Processor: Moving WorkSpec (c131dc6b-42ab-44bf-a392-17d7b3d3a6fc) to the foreground
09-29 00:11:27.011  7613  7666 D WM-WorkProgressUpdater: Updating progress for c131dc6b-42ab-44bf-a392-17d7b3d3a6fc (Data {pct : 83, mode : file})
09-29 00:11:27.011  7613  7613 D WM-SystemFgDispatcher: Notifying with (id:9368, workSpecId: c131dc6b-42ab-44bf-a392-17d7b3d3a6fc, notificationType :1)
09-29 00:11:27.014  7613  7666 I WM-Processor: Moving WorkSpec (c131dc6b-42ab-44bf-a392-17d7b3d3a6fc) to the foreground
09-29 00:11:27.016  7613  7666 D WM-WorkProgressUpdater: Updating progress for c131dc6b-42ab-44bf-a392-17d7b3d3a6fc (Data {pct : 84, mode : file})
09-29 00:11:27.016  7613  7613 D WM-SystemFgDispatcher: Notifying with (id:9368, workSpecId: c131dc6b-42ab-44bf-a392-17d7b3d3a6fc, notificationType :1)
09-29 00:11:27.019  7613  7666 I WM-Processor: Moving WorkSpec (c131dc6b-42ab-44bf-a392-17d7b3d3a6fc) to the foreground
09-29 00:11:27.021  7613  7666 D WM-WorkProgressUpdater: Updating progress for c131dc6b-42ab-44bf-a392-17d7b3d3a6fc (Data {pct : 86, mode : file})
09-29 00:11:27.022  7613  7613 D WM-SystemFgDispatcher: Notifying with (id:9368, workSpecId: c131dc6b-42ab-44bf-a392-17d7b3d3a6fc, notificationType :1)
09-29 00:11:27.023  7613  7666 I WM-Processor: Moving WorkSpec (c131dc6b-42ab-44bf-a392-17d7b3d3a6fc) to the foreground
09-29 00:11:27.026  7613  7666 D WM-WorkProgressUpdater: Updating progress for c131dc6b-42ab-44bf-a392-17d7b3d3a6fc (Data {pct : 87, mode : file})
09-29 00:11:27.027  7613  7613 D WM-SystemFgDispatcher: Notifying with (id:9368, workSpecId: c131dc6b-42ab-44bf-a392-17d7b3d3a6fc, notificationType :1)
09-29 00:11:27.028  7613  7666 I WM-Processor: Moving WorkSpec (c131dc6b-42ab-44bf-a392-17d7b3d3a6fc) to the foreground
09-29 00:11:27.031  7613  7613 D WM-SystemFgDispatcher: Notifying with (id:9368, workSpecId: c131dc6b-42ab-44bf-a392-17d7b3d3a6fc, notificationType :1)
09-29 00:11:27.032  7613  7666 D WM-WorkProgressUpdater: Updating progress for c131dc6b-42ab-44bf-a392-17d7b3d3a6fc (Data {pct : 88, mode : file})
09-29 00:11:27.035  7613  7666 I WM-Processor: Moving WorkSpec (c131dc6b-42ab-44bf-a392-17d7b3d3a6fc) to the foreground
09-29 00:11:27.037  7613  7666 D WM-WorkProgressUpdater: Updating progress for c131dc6b-42ab-44bf-a392-17d7b3d3a6fc (Data {pct : 89, mode : file})
09-29 00:11:27.037  7613  7613 D WM-SystemFgDispatcher: Notifying with (id:9368, workSpecId: c131dc6b-42ab-44bf-a392-17d7b3d3a6fc, notificationType :1)
09-29 00:11:27.040  7613  7666 I WM-Processor: Moving WorkSpec (c131dc6b-42ab-44bf-a392-17d7b3d3a6fc) to the foreground
09-29 00:11:27.042  7613  7666 D WM-WorkProgressUpdater: Updating progress for c131dc6b-42ab-44bf-a392-17d7b3d3a6fc (Data {pct : 90, mode : file})
09-29 00:11:27.042  7613  7613 D WM-SystemFgDispatcher: Notifying with (id:9368, workSpecId: c131dc6b-42ab-44bf-a392-17d7b3d3a6fc, notificationType :1)
09-29 00:11:27.044  7613  7666 I WM-Processor: Moving WorkSpec (c131dc6b-42ab-44bf-a392-17d7b3d3a6fc) to the foreground
09-29 00:11:27.047  7613  7613 D WM-SystemFgDispatcher: Notifying with (id:9368, workSpecId: c131dc6b-42ab-44bf-a392-17d7b3d3a6fc, notificationType :1)
09-29 00:11:27.872  7613  7748 D GitHubUploader: uploadStream: done url=https://github.com/ishizuki-tech/SurveyExports/blob/main/diagnostics/runtime_logs/2026-09-29/runtime_logs_startup_runtime_20260929_051106_992bdff7_receiver_boot_completed/runtime_log_20260929_051108_448_pid7613_receiver_boot_completed__rtlog_20260929_050722_621_pid6169_seq2.log sha=ea80d22aea8493005e759d26949ccfcd7e46ffce
09-29 00:11:27.872  7613  7665 D WM-WorkProgressUpdater: Updating progress for f5502e1c-ae43-462f-92a9-b075b92d78ea (Data {pct : 98, mode : startup_runtime_logs})
09-29 00:11:27.877  7613  7633 I com.negi.survey: Explicit concurrent mark compact GC freed 2440KB AllocSpace bytes, 15(292KB) LOS objects, 75% free, 7852KB/31MB, paused 201us,1.584ms total 37.022ms
09-29 00:11:27.877  7613  7748 D RuntimeLogStore: deleteRolledLogFiles: deleted=1 excludeActive=true active=rtlog_20260929_051108_443_pid7613_seq2.log
09-29 00:11:27.896  7613  7665 I WM-Processor: Moving WorkSpec (f5502e1c-ae43-462f-92a9-b075b92d78ea) to the foreground
09-29 00:11:27.900  7613  7613 D WM-SystemFgDispatcher: Notifying with (id:6811, workSpecId: f5502e1c-ae43-462f-92a9-b075b92d78ea, notificationType :1)
09-29 00:11:27.900  7613  7613 I NotificationManager: com.negi.survey: notify(6811, null, Notification(channel=uploads shortcut=null contentView=null vibrate=null sound=null defaults=0 flags=ONGOING_EVENT|ONLY_ALERT_ONCE color=0x00000000 category=progress vis=PRIVATE semFlags=0x0 semPriority=0 semMissedCount=0 semScenarioType=0)) as user
09-29 00:11:27.905  7613  7665 I WM-Processor: Moving WorkSpec (f5502e1c-ae43-462f-92a9-b075b92d78ea) to the foreground
09-29 00:11:27.908  7613  7613 D WM-SystemFgDispatcher: Notifying with (id:6811, workSpecId: f5502e1c-ae43-462f-92a9-b075b92d78ea, notificationType :1)
09-29 00:11:27.908  7613  7613 I NotificationManager: com.negi.survey: notify(6811, null, Notification(channel=uploads shortcut=null contentView=null vibrate=null sound=null defaults=0 flags=ONLY_ALERT_ONCE color=0x00000000 category=progress vis=PRIVATE semFlags=0x0 semPriority=0 semMissedCount=0 semScenarioType=0)) as user
09-29 00:11:27.914  7613  7665 I WM-WorkerWrapper: Worker result SUCCESS for Work [ id=f5502e1c-ae43-462f-92a9-b075b92d78ea, tags={ com.negi.survey.net.GitHubUploadWorker,github_upload,github_upload:startup_runtime_logs } ]
09-29 00:11:27.919  7613  7613 D WM-Processor: Processor f5502e1c-ae43-462f-92a9-b075b92d78ea executed; reschedule = false
09-29 00:11:27.919  7613  7613 D WM-GreedyScheduler: Stopping tracking for WorkGenerationalId(workSpecId=f5502e1c-ae43-462f-92a9-b075b92d78ea, generation=0)
09-29 00:11:27.920  7613  7613 D WM-SystemJobService: f5502e1c-ae43-462f-92a9-b075b92d78ea executed on JobScheduler
09-29 00:11:27.923  7613  7613 D WM-SystemFgDispatcher: Removing Notification (id: 6811, workSpecId: WorkGenerationalId(workSpecId=f5502e1c-ae43-462f-92a9-b075b92d78ea, generation=0), notificationType: 1
09-29 00:11:27.930  7613  7665 D WM-GreedyScheduler: Cancelling work ID f5502e1c-ae43-462f-92a9-b075b92d78ea
09-29 00:11:28.196  7613  7743 W github_upload: doFileUpload: upload failed for /data/user/0/com.negi.survey/files/diagnostics/crash_github_mirror/prevlog_20260929_033543_pid16589.log
09-29 00:11:28.196  7613  7743 W github_upload: com.negi.survey.net.GitHubUploader$HttpFailureException: GitHub request failed (409): {"message":"is at ea80d22aea8493005e759d26949ccfcd7e46ffce but expected fb3fc373a4611eef9090f6e831c2347cc0d3ddb6","documentation_url":"https://docs.github.com/rest/repos/contents#create-or-update-file-contents","status":"409"}
09-29 00:11:28.196  7613  7743 W github_upload: 	at com.negi.survey.net.GitHubUploader.executeWithRetry(GitHubUploader.kt:689)
09-29 00:11:28.196  7613  7743 W github_upload: 	at com.negi.survey.net.GitHubUploader.access$executeWithRetry(GitHubUploader.kt:51)
09-29 00:11:28.196  7613  7743 W github_upload: 	at com.negi.survey.net.GitHubUploader$executeWithRetry$1.invokeSuspend(Unknown Source:22)
09-29 00:11:28.196  7613  7743 W github_upload: 	at kotlin.coroutines.jvm.internal.BaseContinuationImpl.resumeWith(ContinuationImpl.kt:34)
09-29 00:11:28.196  7613  7743 W github_upload: 	at kotlinx.coroutines.DispatchedTask.run(DispatchedTask.kt:100)
09-29 00:11:28.196  7613  7743 W github_upload: 	at kotlinx.coroutines.internal.LimitedDispatcher$Worker.run(LimitedDispatcher.kt:124)
09-29 00:11:28.196  7613  7743 W github_upload: 	at kotlinx.coroutines.scheduling.TaskImpl.run(Tasks.kt:89)
09-29 00:11:28.196  7613  7743 W github_upload: 	at kotlinx.coroutines.scheduling.CoroutineScheduler.runSafely(CoroutineScheduler.kt:586)
09-29 00:11:28.196  7613  7743 W github_upload: 	at kotlinx.coroutines.scheduling.CoroutineScheduler$Worker.executeTask(CoroutineScheduler.kt:798)
09-29 00:11:28.196  7613  7743 W github_upload: 	at kotlinx.coroutines.scheduling.CoroutineScheduler$Worker.runWorker(CoroutineScheduler.kt:717)
09-29 00:11:28.196  7613  7743 W github_upload: 	at kotlinx.coroutines.scheduling.CoroutineScheduler$Worker.run(CoroutineScheduler.kt:704)
09-29 00:11:28.199  7613  7665 I WM-Processor: Moving WorkSpec (c131dc6b-42ab-44bf-a392-17d7b3d3a6fc) to the foreground
09-29 00:11:28.203  7613  7613 D WM-SystemFgDispatcher: Notifying with (id:9368, workSpecId: c131dc6b-42ab-44bf-a392-17d7b3d3a6fc, notificationType :1)
09-29 00:11:28.204  7613  7613 I NotificationManager: com.negi.survey: notify(9368, null, Notification(channel=uploads shortcut=null contentView=null vibrate=null sound=null defaults=0 flags=ONLY_ALERT_ONCE color=0x00000000 category=progress vis=PRIVATE semFlags=0x0 semPriority=0 semMissedCount=0 semScenarioType=0)) as user
09-29 00:11:28.204  7613  7665 I WM-WorkerWrapper: Worker result FAILURE for Work [ id=c131dc6b-42ab-44bf-a392-17d7b3d3a6fc, tags={ com.negi.survey.net.GitHubUploadWorker,github_upload,github_upload:crash:diagnostics_crash_prevlog_20260929_033543_pid16589.log_6e4c7123 } ]
09-29 00:11:28.230  7613  7665 D WM-PackageManagerHelper: androidx.work.impl.background.systemalarm.RescheduleReceiver disabled
09-29 00:11:28.237  7613  7613 D WM-Processor: Processor c131dc6b-42ab-44bf-a392-17d7b3d3a6fc executed; reschedule = false
09-29 00:11:28.238  7613  7613 D WM-GreedyScheduler: Stopping tracking for WorkGenerationalId(workSpecId=c131dc6b-42ab-44bf-a392-17d7b3d3a6fc, generation=0)
09-29 00:11:28.242  7613  7613 D WM-SystemJobService: c131dc6b-42ab-44bf-a392-17d7b3d3a6fc executed on JobScheduler
09-29 00:11:28.243  7613  7655 D WM-GreedyScheduler: Cancelling work ID c131dc6b-42ab-44bf-a392-17d7b3d3a6fc
09-29 00:11:28.246  7613  7613 D WM-SystemFgDispatcher: Removing Notification (id: 9368, workSpecId: WorkGenerationalId(workSpecId=c131dc6b-42ab-44bf-a392-17d7b3d3a6fc, generation=0), notificationType: 1
09-29 00:11:28.248  7613  7613 I WM-SystemFgDispatcher: Stopping foreground service
09-29 00:11:28.248  7613  7613 D WM-SystemFgService: Shutting down.
09-29 00:11:28.252  7613  7665 D WM-WorkConstraintsTrack: NetworkRequestConstraintController unregister shared callback
09-29 00:11:28.253  7613  7665 D ConnectivityManager: StackLog: [android.net.ConnectivityManager.unregisterNetworkCallback(ConnectivityManager.java:5573)] [androidx.work.impl.constraints.SharedNetworkCallback.addCallback$lambda$9(WorkConstraintsTracker.kt:385)] [androidx.work.impl.constraints.SharedNetworkCallback$$ExternalSyntheticLambda0.invoke(D8$$SyntheticClass:0)] [androidx.work.impl.constraints.NetworkRequestConstraintController$track$1.invokeSuspend$lambda$1(WorkConstraintsTracker.kt:191)] [androidx.work.impl.constraints.NetworkRequestConstraintController$track$1$$ExternalSyntheticLambda1.invoke(D8$$SyntheticClass:0)] [kotlinx.coroutines.channels.ProduceKt.awaitClose(Produce.kt:69)] [kotlinx.coroutines.channels.ProduceKt$awaitClose$1.invokeSuspend(Unknown Source:13)] [kotlin.coroutines.jvm.internal.BaseContinuationImpl.resumeWith(ContinuationImpl.kt:34)] [kotlinx.coroutines.DispatchedTask.run(DispatchedTask.kt:98)] [androidx.work.impl.utils.SerialExecutorImpl$Task.run(SerialExecutorImpl.java:96)] [java.util.concurrent.ThreadPoolExecutor.runWorker(ThreadPoolExecutor.java:1154)] [java.util.concurrent.ThreadPoolExecutor$Worker.run(ThreadPoolExecutor.java:652)] [java.lang.Thread.run(Thread.java:1563)]
09-29 00:11:28.275  7613  7613 D WM-SystemJobService: onStopJob for WorkGenerationalId(workSpecId=c131dc6b-42ab-44bf-a392-17d7b3d3a6fc, generation=0)
09-29 00:11:28.588  7613  7875 I com.negi.survey: Explicit concurrent mark compact GC freed 1836KB AllocSpace bytes, 7(156KB) LOS objects, 77% free, 7200KB/31MB, paused 153us,1.462ms total 40.472ms
09-29 00:21:23.741  9572  9572 I Zygote  : Process 9572 created for com.negi.survey
09-29 00:21:23.744  9572  9572 I com.negi.survey: Using CollectorTypeCMC GC.
09-29 00:21:23.756  9572  9572 D nativeloader: Load libframework-connectivity-tiramisu-jni.so using APEX ns com_android_tethering for caller /apex/com.android.tethering/javalib/framework-connectivity-t.jar: ok
09-29 00:21:23.759  9572  9572 D ActivityThread: setConscryptValidator
09-29 00:21:23.760  9572  9572 D ActivityThread: setConscryptValidator - put
09-29 00:21:23.782  9572  9572 D ApplicationLoaders: Returning zygote-cached class loader: /system_ext/framework/androidx.window.extensions.jar
09-29 00:21:23.782  9572  9572 D ApplicationLoaders: Returning zygote-cached class loader: /system_ext/framework/androidx.window.sidecar.jar
09-29 00:21:24.383  9572  9572 D nativeloader: Configuring clns-9 for other apk /data/app/~~zruyVdeLKhjtHaCZun0bBQ==/com.negi.survey-K5D5FG8mUjLx0uj1-ClOdA==/base.apk. target_sdk_version=36, uses_libraries=libOpenCL.so, library_path=/data/app/~~zruyVdeLKhjtHaCZun0bBQ==/com.negi.survey-K5D5FG8mUjLx0uj1-ClOdA==/lib/arm64:/data/app/~~zruyVdeLKhjtHaCZun0bBQ==/com.negi.survey-K5D5FG8mUjLx0uj1-ClOdA==/base.apk!/lib/arm64-v8a, permitted_path=/data:/mnt/expand:/data/user/0/com.negi.survey
09-29 00:21:24.387  9572  9572 V GraphicsEnvironment: Currently set values for:
09-29 00:21:24.387  9572  9572 V GraphicsEnvironment:   angle_gl_driver_selection_pkgs=[]
09-29 00:21:24.387  9572  9572 V GraphicsEnvironment:   angle_gl_driver_selection_values=[]
09-29 00:21:24.387  9572  9572 V GraphicsEnvironment: com.negi.survey is not listed in per-application setting
09-29 00:21:24.387  9572  9572 V GraphicsEnvironment: ANGLE allowlist from config: com.dreamgames.royalmatch com.dts.freefiremax com.dxx.firenow com.gramgames.mergedragons com.ludo.king com.mojang.minecraftpe com.my.defense com.nintendo.zaka com.os.airforce com.playrix.fishdomdd.gplay io.teslatech.callbreak jp.konami.prospia net.peakgames.toonblast
09-29 00:21:24.387  9572  9572 V GraphicsEnvironment: No special selections for ANGLE, returning default driver choice
09-29 00:21:24.387  9572  9572 V GraphicsEnvironment: Neither updatable production driver nor prerelease driver is supported.
09-29 00:21:24.416  9572  9572 D nativeloader: Load /data/app/~~zruyVdeLKhjtHaCZun0bBQ==/com.negi.survey-K5D5FG8mUjLx0uj1-ClOdA==/base.apk!/lib/arm64-v8a/liblitertlm_jni.so using class loader ns clns-9 (caller=/data/app/~~zruyVdeLKhjtHaCZun0bBQ==/com.negi.survey-K5D5FG8mUjLx0uj1-ClOdA==/base.apk!classes4.dex): ok
09-29 00:21:24.416  9572  9572 D SurveyApp: Loaded LiteRTLM JNI: litertlm_jni where=attachBaseContext
09-29 00:21:24.423  9572  9572 D AppRingLogStore: installed: dir=/data/user/0/com.negi.survey/files/diagnostics/applog_ring idx=0
09-29 00:21:24.424  9572  9572 D CrashCapture: install: ensured default handler. where=SurveyApp:attachBaseContext pid=9572 default=com.negi.survey.CrashCapture$CrashHandler@b2054f4
09-29 00:21:24.427  9572  9572 E com.negi.survey: hiddenapi: Accessing hidden method Landroid/net/ssl/EchConfigMismatchException;->getRetryConfigList()Landroid/net/ssl/EchConfigList; (runtime_flags=0, domain=core-platform, api=blocked) from /data/app/~~zruyVdeLKhjtHaCZun0bBQ==/com.negi.survey-K5D5FG8mUjLx0uj1-ClOdA==/base.apk!classes5.dex (domain=app, TargetSdkVersion=36) using linking: denied
09-29 00:21:24.427  9572  9572 E com.negi.survey: hiddenapi: Accessing hidden method Landroid/net/ssl/EchConfigList;->toBytes()[B (runtime_flags=0, domain=core-platform, api=blocked) from /data/app/~~zruyVdeLKhjtHaCZun0bBQ==/com.negi.survey-K5D5FG8mUjLx0uj1-ClOdA==/base.apk!classes5.dex (domain=app, TargetSdkVersion=36) using linking: denied
09-29 00:21:24.427  9572  9572 E com.negi.survey: hiddenapi: Accessing hidden method Landroid/net/ssl/EchConfigList;->fromBytes([B)Landroid/net/ssl/EchConfigList; (runtime_flags=0, domain=core-platform, api=blocked) from /data/app/~~zruyVdeLKhjtHaCZun0bBQ==/com.negi.survey-K5D5FG8mUjLx0uj1-ClOdA==/base.apk!classes5.dex (domain=app, TargetSdkVersion=36) using linking: denied
09-29 00:21:24.427  9572  9572 E com.negi.survey: hiddenapi: Accessing hidden method Landroid/net/ssl/SSLSockets;->setEchConfigList(Ljavax/net/ssl/SSLSocket;Landroid/net/ssl/EchConfigList;)V (runtime_flags=0, domain=core-platform, api=blocked) from /data/app/~~zruyVdeLKhjtHaCZun0bBQ==/com.negi.survey-K5D5FG8mUjLx0uj1-ClOdA==/base.apk!classes5.dex (domain=app, TargetSdkVersion=36) using linking: denied
09-29 00:21:24.430  9572  9700 D RuntimeLogStore: openWriter: start -> /data/user/0/com.negi.survey/files/diagnostics/runtime_logs/rtlog_20260929_052124_421_pid9572_seq1.log (bytes=0 format=LEGACY)
09-29 00:21:24.431  9572  9700 D RuntimeLogStore: retention: start files=2 kept=2 totalBytes=9258
09-29 00:21:24.434  9572  9572 D SurveyApp: LiteRTLM JNI already loaded; skip. where=onCreate(retry)
09-29 00:21:24.437  9572  9572 D CrashCapture: install: ensured default handler. where=SurveyApp:onCreate(rewrap) pid=9572 default=com.negi.survey.CrashCapture$CrashHandler@b2054f4
09-29 00:21:24.437  9572  9572 D CrashCapture: registerSelfHealing: ActivityLifecycleCallbacks registered. mode=onResumedOnly
09-29 00:21:24.468  9572  9709 I UploadRescheduleRcvr: Survey recovery action=android.intent.action.MY_PACKAGE_REPLACED discovered=0 reconciled=0 duplicates=0 unclassified=0 operationalFailures=0 classifications={}
09-29 00:21:24.471  9572  9709 D UploadRescheduleRcvr: No generic GitHub pending files for action=android.intent.action.MY_PACKAGE_REPLACED
09-29 00:21:24.510  9572  9709 D github_upload: enqueueStartupRuntimeLogsUpload: uniqueName=upload_runtime_logs_startup policy=KEEP session=startup_runtime_20260929_052124_3d7e2342
09-29 00:21:24.570  9572  9709 D WM-PackageManagerHelper: Skipping component enablement for androidx.work.impl.background.systemjob.SystemJobService
09-29 00:21:24.570  9572  9709 D WM-Schedulers: Created SystemJobScheduler and enabled SystemJobService
09-29 00:21:24.583  9572  9724 D WM-ForceStopRunnable: Is default app process = true
09-29 00:21:24.584  9572  9724 D WM-ForceStopRunnable: Performing cleanup operations.
09-29 00:21:24.601  9572  9709 D UploadRescheduleRcvr: Enqueued runtime logs upload for action=android.intent.action.MY_PACKAGE_REPLACED reason=receiver_my_package_replaced
09-29 00:21:24.610  9572  9724 E ashmem  : Pinning is deprecated since Android Q. Please use trim or other methods.
09-29 00:21:24.637  9572  9724 D WM-SystemJobScheduler: Reconciling jobs
09-29 00:21:24.661  9572  9724 D WM-ForceStopRunnable: Found unfinished work, scheduling it.
09-29 00:21:24.705  9572  9727 D WM-SystemJobScheduler: Scheduling work ID d0b554b6-4505-4f04-8060-eecb91507319Job ID 330
09-29 00:21:24.713  9572  9727 D WM-GreedyScheduler: Starting tracking for d0b554b6-4505-4f04-8060-eecb91507319
09-29 00:21:24.716  9572  9572 D WM-SystemJobService: onStartJob for WorkGenerationalId(workSpecId=d0b554b6-4505-4f04-8060-eecb91507319, generation=0)
09-29 00:21:24.732  9572  9726 D WM-Processor: Processor: processing WorkGenerationalId(workSpecId=d0b554b6-4505-4f04-8060-eecb91507319, generation=0)
09-29 00:21:24.735  9572  9726 D WM-WorkConstraintsTrack: NetworkRequestConstraintController register shared callback
09-29 00:21:24.743  9572  9726 D ConnectivityManager: StackLog: [android.net.ConnectivityManager.sendRequestForNetwork(ConnectivityManager.java:4738)] [android.net.ConnectivityManager.registerDefaultNetworkCallbackForUid(ConnectivityManager.java:5463)] [android.net.ConnectivityManager.registerDefaultNetworkCallback(ConnectivityManager.java:5430)] [android.net.ConnectivityManager.registerDefaultNetworkCallback(ConnectivityManager.java:5404)] [androidx.work.impl.constraints.SharedNetworkCallback.addCallback(WorkConstraintsTracker.kt:362)] [androidx.work.impl.constraints.NetworkRequestConstraintController$track$1.invokeSuspend(WorkConstraintsTracker.kt:179)] [androidx.work.impl.constraints.NetworkRequestConstraintController$track$1.invoke(Unknown Source:8)] [androidx.work.impl.constraints.NetworkRequestConstraintController$track$1.invoke(Unknown Source:4)] [kotlinx.coroutines.flow.ChannelFlowBuilder.collectTo$suspendImpl(Builders.kt:316)] [kotlinx.coroutines.flow.ChannelFlowBuilder.collectTo(Unknown Source:0)] [kotlinx.coroutines.flow.CallbackFlowBuilder.collectTo(Builders.kt:330)] [kotlinx.coroutines.flow.internal.ChannelFlow$collectToFun$1.invokeSuspend(ChannelFlow.kt:56)] [kotlin.coroutines.jvm.internal.BaseContinuationImpl.resumeWith(ContinuationImpl.kt:34)] [kotlinx.coroutines.DispatchedTask.run(DispatchedTask.kt:100)] [androidx.work.impl.utils.SerialExecutorImpl$Task.run(SerialExecutorImpl.java:96)] [java.util.concurrent.ThreadPoolExecutor.runWorker(ThreadPoolExecutor.java:1154)] [java.util.concurrent.ThreadPoolExecutor$Worker.run(ThreadPoolExecutor.java:652)] [java.lang.Thread.run(Thread.java:1563)]
09-29 00:21:24.747  9572  9730 D WM-WorkConstraintsTrack: NetworkRequestConstraintController onCapabilitiesChanged callback
09-29 00:21:24.747  9572  9730 D WM-WorkConstraintsTrack: Not dispatching constraint state yet: isBlocked=null, capabilitiesInitialized=true
09-29 00:21:24.747  9572  9730 D WM-WorkConstraintsTrack: NetworkRequestConstraintController onBlockedStatusChanged callback false
09-29 00:21:24.754  9572  9572 D WM-WorkerWrapper: Starting work for com.negi.survey.net.GitHubUploadWorker
09-29 00:21:24.756  9572  9726 D WM-PackageManagerHelper: androidx.work.impl.background.systemalarm.RescheduleReceiver enabled
09-29 00:21:24.758  9572  9726 D WM-GreedyScheduler: Constraints met: Scheduling work ID WorkGenerationalId(workSpecId=d0b554b6-4505-4f04-8060-eecb91507319, generation=0)
09-29 00:21:24.762  9572  9726 D WM-Processor: Work WorkGenerationalId(workSpecId=d0b554b6-4505-4f04-8060-eecb91507319, generation=0) is already enqueued for processing
09-29 00:21:24.765  9572  9727 I WM-Processor: Moving WorkSpec (d0b554b6-4505-4f04-8060-eecb91507319) to the foreground
09-29 00:21:24.776  9572  9572 I WM-SystemFgDispatcher: Started foreground service Intent { act=ACTION_START_FOREGROUND xflg=0x4 cmp=com.negi.survey/androidx.work.impl.foreground.SystemForegroundService (has extras) }
09-29 00:21:24.776  9572  9572 D WM-SystemFgDispatcher: Notifying with (id:7422, workSpecId: d0b554b6-4505-4f04-8060-eecb91507319, notificationType :1)
09-29 00:21:24.778  9572  9727 D WM-WorkConstraintsTrack: NetworkRequestConstraintController send initial capabilities
09-29 00:21:24.779  9572  9727 D WM-WorkProgressUpdater: Updating progress for d0b554b6-4505-4f04-8060-eecb91507319 (Data {pct : 3, mode : startup_runtime_logs})
09-29 00:21:24.783  9572  9727 I WM-Processor: Moving WorkSpec (d0b554b6-4505-4f04-8060-eecb91507319) to the foreground
09-29 00:21:24.786  9572  9572 D WM-SystemFgDispatcher: Notifying with (id:7422, workSpecId: d0b554b6-4505-4f04-8060-eecb91507319, notificationType :1)
09-29 00:21:24.786  9572  9572 I NotificationManager: com.negi.survey: notify(7422, null, Notification(channel=uploads shortcut=null contentView=null vibrate=null sound=null defaults=0 flags=ONGOING_EVENT|ONLY_ALERT_ONCE color=0x00000000 category=progress vis=PRIVATE semFlags=0x0 semPriority=0 semMissedCount=0 semScenarioType=0)) as user
09-29 00:21:24.786  9572  9572 D NotificationManager: BOOTING pkg =com.negi.survey mBlockedChannelsForOverflowNoti=[]
09-29 00:21:24.792  9572  9572 D WM-SystemFgDispatcher: Notifying with (id:7422, workSpecId: d0b554b6-4505-4f04-8060-eecb91507319, notificationType :1)
09-29 00:21:24.793  9572  9572 I NotificationManager: com.negi.survey: notify(7422, null, Notification(channel=uploads shortcut=null contentView=null vibrate=null sound=null defaults=0 flags=ONGOING_EVENT|ONLY_ALERT_ONCE color=0x00000000 category=progress vis=PRIVATE semFlags=0x0 semPriority=0 semMissedCount=0 semScenarioType=0)) as user
09-29 00:21:25.986  9572  9700 D RuntimeLogStore: openWriter: rotate:plain_snapshot:receiver_my_package_repl -> /data/user/0/com.negi.survey/files/diagnostics/runtime_logs/rtlog_20260929_052125_985_pid9572_seq2.log (bytes=0 format=LEGACY)
09-29 00:21:25.986  9572  9700 D RuntimeLogStore: retention: rotate:plain_snapshot:receiver_my_package_repl files=3 kept=3 totalBytes=11057
09-29 00:21:25.993  9572  9709 D github_upload: doRuntimeLogsUpload: remoteBaseDir=diagnostics/runtime_logs/2026-09-29/runtime_logs_startup_runtime_20260929_052124_3d7e2342_receiver_my_package_repl toUpload=3 bytes=12240 dedupe=true deleteSource=true deletedSourcePre=0 preview='plain_logs_manifest_20260929_052125_988_pid9572_receiver_my_package_repl.json|runtime_log_20260929_052125_988_pid9572_receiver_my_package_repl__rtlog_20260929_052124_421_pid9572_seq1.log|runtime_log_20260929_052125_988_pid9572_receiver_my_package_repl__rtlog_20260929_051108_443_pid7613_seq2.log'
09-29 00:21:25.995  9572  9709 D GitHubUploader: uploadStream: owner=ishizuki-tech repo=SurveyExports branch=main path=diagnostics/runtime_logs/2026-09-29/runtime_logs_startup_runtime_20260929_052124_3d7e2342_receiver_my_package_repl/plain_logs_manifest_20260929_052125_988_pid9572_receiver_my_package_repl.json size=1520 maxRawBytesHint=1000000 maxRequestBytesHint=2800000
09-29 00:21:25.995  9572  9726 D WM-WorkProgressUpdater: Updating progress for d0b554b6-4505-4f04-8060-eecb91507319 (Data {pct : 10, mode : startup_runtime_logs})
09-29 00:21:25.997  9572  9726 I WM-Processor: Moving WorkSpec (d0b554b6-4505-4f04-8060-eecb91507319) to the foreground
09-29 00:21:25.999  9572  9572 D WM-SystemFgDispatcher: Notifying with (id:7422, workSpecId: d0b554b6-4505-4f04-8060-eecb91507319, notificationType :1)
09-29 00:21:25.999  9572  9572 I NotificationManager: com.negi.survey: notify(7422, null, Notification(channel=uploads shortcut=null contentView=null vibrate=null sound=null defaults=0 flags=ONGOING_EVENT|ONLY_ALERT_ONCE color=0x00000000 category=progress vis=PRIVATE semFlags=0x0 semPriority=0 semMissedCount=0 semScenarioType=0)) as user
09-29 00:21:26.364  9572  9727 D WM-WorkProgressUpdater: Updating progress for d0b554b6-4505-4f04-8060-eecb91507319 (Data {pct : 12, mode : startup_runtime_logs})
09-29 00:21:26.369  9572  9727 I WM-Processor: Moving WorkSpec (d0b554b6-4505-4f04-8060-eecb91507319) to the foreground
09-29 00:21:26.371  9572  9727 D WM-WorkProgressUpdater: Updating progress for d0b554b6-4505-4f04-8060-eecb91507319 (Data {pct : 33, mode : startup_runtime_logs})
09-29 00:21:26.372  9572  9572 D WM-SystemFgDispatcher: Notifying with (id:7422, workSpecId: d0b554b6-4505-4f04-8060-eecb91507319, notificationType :1)
09-29 00:21:26.372  9572  9572 I NotificationManager: com.negi.survey: notify(7422, null, Notification(channel=uploads shortcut=null contentView=null vibrate=null sound=null defaults=0 flags=ONGOING_EVENT|ONLY_ALERT_ONCE color=0x00000000 category=progress vis=PRIVATE semFlags=0x0 semPriority=0 semMissedCount=0 semScenarioType=0)) as user
09-29 00:21:26.375  9572  9727 I WM-Processor: Moving WorkSpec (d0b554b6-4505-4f04-8060-eecb91507319) to the foreground
09-29 00:21:26.376  9572  9572 D WM-SystemFgDispatcher: Notifying with (id:7422, workSpecId: d0b554b6-4505-4f04-8060-eecb91507319, notificationType :1)
09-29 00:21:26.376  9572  9572 I NotificationManager: com.negi.survey: notify(7422, null, Notification(channel=uploads shortcut=null contentView=null vibrate=null sound=null defaults=0 flags=ONGOING_EVENT|ONLY_ALERT_ONCE color=0x00000000 category=progress vis=PRIVATE semFlags=0x0 semPriority=0 semMissedCount=0 semScenarioType=0)) as user
09-29 00:21:26.941  9572  9572 D github_upload: enqueueStartupRuntimeLogsUpload: uniqueName=upload_runtime_logs_startup policy=KEEP session=startup_runtime_20260929_052126_55302311
09-29 00:21:26.943  9572  9572 D github_upload: enqueueStartupRingLogsUpload: uniqueName=upload_ring_logs_startup policy=KEEP session=startup_ring_20260929_052126_7a21a20e
09-29 00:21:26.944  9572  9756 D CrashCapture: enqueuePendingCrashUploadsIfPossible enter where=SurveyApp:enqueuePending(immediate):bg pid=9572 thread=CrashCapture-Enqueue
09-29 00:21:26.958  9572  9724 D WM-SystemJobScheduler: Scheduling work ID 4cd2c54a-30c7-4cf7-979b-f0af1fc94891Job ID 331
09-29 00:21:26.967  9572  9724 D WM-GreedyScheduler: Starting tracking for 4cd2c54a-30c7-4cf7-979b-f0af1fc94891
09-29 00:21:26.967  9572  9572 D WM-SystemJobService: onStartJob for WorkGenerationalId(workSpecId=4cd2c54a-30c7-4cf7-979b-f0af1fc94891, generation=0)
09-29 00:21:26.971  9572  9724 D WM-Processor: Processor: processing WorkGenerationalId(workSpecId=4cd2c54a-30c7-4cf7-979b-f0af1fc94891, generation=0)
09-29 00:21:26.977  9572  9572 D WM-WorkerWrapper: Starting work for com.negi.survey.net.GitHubUploadWorker
09-29 00:21:26.978  9572  9724 D WM-WorkConstraintsTrack: NetworkRequestConstraintController send initial capabilities
09-29 00:21:26.981  9572  9724 I WM-Processor: Moving WorkSpec (4cd2c54a-30c7-4cf7-979b-f0af1fc94891) to the foreground
09-29 00:21:26.983  9572  9572 I WM-SystemFgDispatcher: Started foreground service Intent { act=ACTION_START_FOREGROUND xflg=0x4 cmp=com.negi.survey/androidx.work.impl.foreground.SystemForegroundService (has extras) }
09-29 00:21:26.983  9572  9572 D WM-SystemFgDispatcher: Notifying with (id:6870, workSpecId: 4cd2c54a-30c7-4cf7-979b-f0af1fc94891, notificationType :1)
09-29 00:21:26.983  9572  9572 I NotificationManager: com.negi.survey: notify(6870, null, Notification(channel=uploads shortcut=null contentView=null vibrate=null sound=null defaults=0 flags=ONGOING_EVENT|ONLY_ALERT_ONCE color=0x00000000 category=progress vis=PRIVATE semFlags=0x0 semPriority=0 semMissedCount=0 semScenarioType=0)) as user
09-29 00:21:26.985  9572  9724 D WM-GreedyScheduler: Constraints met: Scheduling work ID WorkGenerationalId(workSpecId=4cd2c54a-30c7-4cf7-979b-f0af1fc94891, generation=0)
09-29 00:21:26.988  9572  9724 D WM-Processor: Work WorkGenerationalId(workSpecId=4cd2c54a-30c7-4cf7-979b-f0af1fc94891, generation=0) is already enqueued for processing
09-29 00:21:26.988  9572  9724 D WM-WorkProgressUpdater: Updating progress for 4cd2c54a-30c7-4cf7-979b-f0af1fc94891 (Data {pct : 3, mode : startup_ring_logs})
09-29 00:21:26.990  9572  9572 D WM-SystemFgDispatcher: Notifying with (id:6870, workSpecId: 4cd2c54a-30c7-4cf7-979b-f0af1fc94891, notificationType :1)
09-29 00:21:26.991  9572  9572 I NotificationManager: com.negi.survey: notify(6870, null, Notification(channel=uploads shortcut=null contentView=null vibrate=null sound=null defaults=0 flags=ONGOING_EVENT|ONLY_ALERT_ONCE color=0x00000000 category=progress vis=PRIVATE semFlags=0x0 semPriority=0 semMissedCount=0 semScenarioType=0)) as user
09-29 00:21:26.992  9572  9724 I WM-Processor: Moving WorkSpec (4cd2c54a-30c7-4cf7-979b-f0af1fc94891) to the foreground
09-29 00:21:26.997  9572  9724 D WM-WorkConstraintsTrack: NetworkRequestConstraintController send initial capabilities
09-29 00:21:26.997  9572  9572 D WM-SystemFgDispatcher: Notifying with (id:6870, workSpecId: 4cd2c54a-30c7-4cf7-979b-f0af1fc94891, notificationType :1)
09-29 00:21:26.998  9572  9572 I NotificationManager: com.negi.survey: notify(6870, null, Notification(channel=uploads shortcut=null contentView=null vibrate=null sound=null defaults=0 flags=ONGOING_EVENT|ONLY_ALERT_ONCE color=0x00000000 category=progress vis=PRIVATE semFlags=0x0 semPriority=0 semMissedCount=0 semScenarioType=0)) as user
