=== Previous Session Logcat ===
captured_time_utc=20260929_032054
captured_time_local=20260928_222054
marker=2026-09-28 20:30:24.942
preferred_prev_pid=-1
note=best-effort; buffers may be overwritten before next start
sdk=36
device=samsung SM-S731U
appId=com.negi.survey
versionName=0.0.1
versionCode=1

=== Logcat (since marker) ===
--------- beginning of main
09-28 20:42:09.970  4504  4535 I com.negi.survey: Explicit concurrent mark compact GC freed 248KB AllocSpace bytes, 21(420KB) LOS objects, 78% free, 6572KB/30MB, paused 150us,1.587ms total 25.924ms
09-28 20:42:11.177  4504  4535 I com.negi.survey: Explicit concurrent mark compact GC freed 192KB AllocSpace bytes, 1(20KB) LOS objects, 78% free, 6572KB/30MB, paused 137us,1.929ms total 26.841ms
09-28 20:42:12.383  4504  4535 I com.negi.survey: Explicit concurrent mark compact GC freed 192KB AllocSpace bytes, 1(20KB) LOS objects, 78% free, 6572KB/30MB, paused 140us,1.798ms total 28.683ms
09-28 20:42:13.620  4504  4535 I com.negi.survey: Explicit concurrent mark compact GC freed 192KB AllocSpace bytes, 1(20KB) LOS objects, 78% free, 6572KB/30MB, paused 124us,1.434ms total 22.897ms
09-28 20:42:14.859  4504  4535 I com.negi.survey: Explicit concurrent mark compact GC freed 192KB AllocSpace bytes, 1(20KB) LOS objects, 78% free, 6572KB/30MB, paused 122us,1.525ms total 22.640ms
09-28 20:42:16.096  4504  4535 I com.negi.survey: Explicit concurrent mark compact GC freed 192KB AllocSpace bytes, 1(20KB) LOS objects, 78% free, 6572KB/30MB, paused 127us,1.741ms total 26.420ms
09-28 20:42:16.384  4504  4504 I VRI[MainActivity]@979a010: ViewPostIme pointer 0
09-28 20:42:16.390  4504  4504 I VRI[MainActivity]@979a010: call setFrameRateCategory for touch hint category=high hint, reason=touch, vri=VRI[MainActivity]@979a010
09-28 20:42:16.457  4504  4504 I VRI[MainActivity]@979a010: ViewPostIme pointer 1
09-28 20:42:16.460  4504  4504 D WhisperSpeechController: stopRecording: not recording, ignoring
09-28 20:42:16.489  4504  4504 I View    : setRequestedFrameRate frameRate=-4.0, this=android.view.View{7aaab67 V.ED..... ........ 0,0-0,0}, caller=androidx.compose.ui.platform.Api35Impl.setRequestedFrameRate:4047 androidx.compose.ui.platform.AndroidComposeView.dispatchDraw:2282 android.view.View.draw:26758 android.view.View.updateDisplayListIfDirty:25577 android.view.ViewGroup.recreateChildDisplayList:4881 
09-28 20:42:16.491  4504  4504 D MainActivity: Home -> Start survey. session=survey_config10.yaml@1 freeTextDraftLen=53 (run-scoped)
09-28 20:42:16.491  4504  4504 D SurveyVM: resetAudioRefs -> cleared
09-28 20:42:16.491  4504  4504 D SurveyVM: resetNavToStart -> key=com.negi.survey.vm.FlowHome@ca964a0, navSize=1
09-28 20:42:16.491  4504  4504 D SurveyVM: resetToStart -> Start, session=1, uuid=ee2b2b0c-a2f5-4bad-bc38-16aad9c5d00d, preserveDraft=true, draftLen=53
09-28 20:42:16.492  4504  4504 D SurveyVM: setRunFreeText(draft) -> len=53
09-28 20:42:16.492  4504  4504 D MainActivity: Home -> Start survey: runNoteLen=53 (restoredAfterReset)
09-28 20:42:16.492  4504  4504 D SurveyVM: activateRunIfNeeded(advanceToNext:Introduction) -> runNoteLen=53, draftCleared=true, uuid=ee2b2b0c-a2f5-4bad-bc38-16aad9c5d00d
09-28 20:42:16.493  4504  4504 D SurveyVM: push -> Introduction, navSize=2, stackSize=2
09-28 20:42:16.509  4504  4504 D WindowOnBackDispatcher: setTopOnBackInvokedCallback (unwrapped): androidx.navigationevent.OnBackInvokedInput$createOnBackAnimationCallback$1@4ef7b54
09-28 20:42:16.517  4504  4504 D WhisperSpeechController: updateContext: surveyId=ee2b2b0c-a2f5-4bad-bc38-16aad9c5d00d, questionId=Introduction
09-28 20:42:16.588  4504  4504 I View    : setRequestedFrameRate frameRate=NaN, this=android.view.View{7aaab67 V.ED..... ........ 0,0-0,0}, caller=androidx.compose.ui.platform.Api35Impl.setRequestedFrameRate:4047 androidx.compose.ui.platform.AndroidComposeView.dispatchDraw:2282 android.view.View.draw:26758 android.view.View.updateDisplayListIfDirty:25577 android.view.ViewGroup.recreateChildDisplayList:4881 
09-28 20:42:17.327  4504  4532 I com.negi.survey: Explicit concurrent mark compact GC freed 1228KB AllocSpace bytes, 1(20KB) LOS objects, 78% free, 6548KB/30MB, paused 143us,1.631ms total 36.686ms
09-28 20:42:17.370  4504  4504 I VRI[MainActivity]@979a010: ViewPostIme pointer 0
09-28 20:42:17.411  4504  4504 I VRI[MainActivity]@979a010: ViewPostIme pointer 1
09-28 20:42:17.418  4504  4504 I View    : setRequestedFrameRate frameRate=-4.0, this=android.view.View{7aaab67 V.ED..... ........ 0,0-0,0}, caller=androidx.compose.ui.platform.Api35Impl.setRequestedFrameRate:4047 androidx.compose.ui.platform.AndroidComposeView.dispatchDraw:2282 android.view.View.draw:26758 android.view.View.updateDisplayListIfDirty:25577 android.view.ViewGroup.recreateChildDisplayList:4881 
09-28 20:42:18.051  4504  4504 I VRI[MainActivity]@979a010: ViewPostIme pointer 0
09-28 20:42:18.151  4504  4504 I VRI[MainActivity]@979a010: ViewPostIme pointer 1
09-28 20:42:18.239  4504  4504 I View    : setRequestedFrameRate frameRate=NaN, this=android.view.View{7aaab67 V.ED..... ........ 0,0-0,0}, caller=androidx.compose.ui.platform.Api35Impl.setRequestedFrameRate:4047 androidx.compose.ui.platform.AndroidComposeView.dispatchDraw:2282 android.view.View.draw:26758 android.view.View.updateDisplayListIfDirty:25577 android.view.ViewGroup.recreateChildDisplayList:4881 
09-28 20:42:18.562  4504  4825 I com.negi.survey: Explicit concurrent mark compact GC freed 688KB AllocSpace bytes, 1(20KB) LOS objects, 78% free, 6564KB/30MB, paused 166us,1.559ms total 42.522ms
09-28 20:42:19.076  4504  4504 I VRI[MainActivity]@979a010: ViewPostIme pointer 0
09-28 20:42:19.166  4504  4504 I VRI[MainActivity]@979a010: ViewPostIme pointer 1
09-28 20:42:19.168  4504  4504 D SurveyVM: push -> Consent, navSize=3, stackSize=3
09-28 20:42:19.184  4504  4504 I View    : setRequestedFrameRate frameRate=-4.0, this=android.view.View{7aaab67 V.ED..... ........ 0,0-0,0}, caller=androidx.compose.ui.platform.Api35Impl.setRequestedFrameRate:4047 androidx.compose.ui.platform.AndroidComposeView.dispatchDraw:2282 android.view.View.draw:26758 android.view.View.updateDisplayListIfDirty:25577 android.view.ViewGroup.recreateChildDisplayList:4881 
09-28 20:42:19.184  4504  4504 D WhisperSpeechController: updateContext: surveyId=ee2b2b0c-a2f5-4bad-bc38-16aad9c5d00d, questionId=Consent
09-28 20:42:19.249  4504  4504 I View    : setRequestedFrameRate frameRate=NaN, this=android.view.View{7aaab67 V.ED..... ........ 0,0-0,0}, caller=androidx.compose.ui.platform.Api35Impl.setRequestedFrameRate:4047 androidx.compose.ui.platform.AndroidComposeView.dispatchDraw:2282 android.view.View.draw:26758 android.view.View.updateDisplayListIfDirty:25577 android.view.ViewGroup.recreateChildDisplayList:4881 
09-28 20:42:19.796  4504  4535 I com.negi.survey: Explicit concurrent mark compact GC freed 788KB AllocSpace bytes, 1(20KB) LOS objects, 78% free, 6864KB/30MB, paused 133us,1.927ms total 37.151ms
09-28 20:42:20.948  4504  4504 I VRI[MainActivity]@979a010: ViewPostIme pointer 0
09-28 20:42:21.007  4504  4504 I VRI[MainActivity]@979a010: ViewPostIme pointer 1
09-28 20:42:21.028  4504  4504 I View    : setRequestedFrameRate frameRate=-4.0, this=android.view.View{7aaab67 V.ED..... ........ 0,0-0,0}, caller=androidx.compose.ui.platform.Api35Impl.setRequestedFrameRate:4047 androidx.compose.ui.platform.AndroidComposeView.dispatchDraw:2282 android.view.View.draw:26758 android.view.View.updateDisplayListIfDirty:25577 android.view.ViewGroup.recreateChildDisplayList:4881 
09-28 20:42:21.030  4504  4504 I View    : setRequestedFrameRate frameRate=NaN, this=android.view.View{7aaab67 V.ED..... ........ 0,0-0,0}, caller=androidx.compose.ui.platform.Api35Impl.setRequestedFrameRate:4047 androidx.compose.ui.platform.AndroidComposeView.dispatchDraw:2282 android.view.View.draw:26758 android.view.View.updateDisplayListIfDirty:25577 android.view.ViewGroup.recreateChildDisplayList:4881 
09-28 20:42:21.039  4504  4554 I com.negi.survey: Explicit concurrent mark compact GC freed 576KB AllocSpace bytes, 2(44KB) LOS objects, 78% free, 6788KB/30MB, paused 189us,1.752ms total 35.208ms
09-28 20:42:21.735  4504  4504 I VRI[MainActivity]@979a010: ViewPostIme pointer 0
09-28 20:42:21.808  4504  4504 I VRI[MainActivity]@979a010: ViewPostIme pointer 1
09-28 20:42:21.812  4504  4504 D SurveyVM: push -> Q1, navSize=4, stackSize=4
09-28 20:42:21.856  4504  4504 I View    : setRequestedFrameRate frameRate=-4.0, this=android.view.View{7aaab67 V.ED..... ........ 0,0-0,0}, caller=androidx.compose.ui.platform.Api35Impl.setRequestedFrameRate:4047 androidx.compose.ui.platform.AndroidComposeView.dispatchDraw:2282 android.view.View.draw:26758 android.view.View.updateDisplayListIfDirty:25577 android.view.ViewGroup.recreateChildDisplayList:4881 
09-28 20:42:21.857  4504  4504 D WhisperSpeechController: updateContext: surveyId=ee2b2b0c-a2f5-4bad-bc38-16aad9c5d00d, questionId=Q1
09-28 20:42:21.861  4504  4504 I View    : setRequestedFrameRate frameRate=NaN, this=android.view.View{7aaab67 V.ED..... ........ 0,0-0,0}, caller=androidx.compose.ui.platform.Api35Impl.setRequestedFrameRate:4047 androidx.compose.ui.platform.AndroidComposeView.dispatchDraw:2282 android.view.View.draw:26758 android.view.View.updateDisplayListIfDirty:25577 android.view.ViewGroup.recreateChildDisplayList:4881 
09-28 20:42:22.278  4504  4554 I com.negi.survey: Explicit concurrent mark compact GC freed 664KB AllocSpace bytes, 1(20KB) LOS objects, 78% free, 6700KB/30MB, paused 144us,1.660ms total 37.975ms
09-28 20:42:23.478  4504  4554 I com.negi.survey: Explicit concurrent mark compact GC freed 196KB AllocSpace bytes, 1(20KB) LOS objects, 78% free, 6696KB/30MB, paused 114us,1.295ms total 23.062ms
09-28 20:42:23.777  4504  4504 I VRI[MainActivity]@979a010: ViewPostIme pointer 0
09-28 20:42:23.886  4504  4504 I VRI[MainActivity]@979a010: ViewPostIme pointer 1
09-28 20:42:23.906  4504  4504 I View    : setRequestedFrameRate frameRate=-4.0, this=android.view.View{7aaab67 V.ED..... ........ 0,0-0,0}, caller=androidx.compose.ui.platform.Api35Impl.setRequestedFrameRate:4047 androidx.compose.ui.platform.AndroidComposeView.dispatchDraw:2282 android.view.View.draw:26758 android.view.View.updateDisplayListIfDirty:25577 android.view.ViewGroup.recreateChildDisplayList:4881 
09-28 20:42:23.910  4504  4504 I View    : setRequestedFrameRate frameRate=NaN, this=android.view.View{7aaab67 V.ED..... ........ 0,0-0,0}, caller=androidx.compose.ui.platform.Api35Impl.setRequestedFrameRate:4047 androidx.compose.ui.platform.AndroidComposeView.dispatchDraw:2282 android.view.View.draw:26758 android.view.View.updateDisplayListIfDirty:25577 android.view.ViewGroup.recreateChildDisplayList:4881 
09-28 20:42:24.715  4504  4554 I com.negi.survey: Explicit concurrent mark compact GC freed 316KB AllocSpace bytes, 1(20KB) LOS objects, 78% free, 6700KB/30MB, paused 141us,1.752ms total 24.320ms
09-28 20:42:24.808  4504  4504 I VRI[MainActivity]@979a010: ViewPostIme pointer 0
09-28 20:42:24.920  4504  4504 I VRI[MainActivity]@979a010: ViewPostIme pointer 1
09-28 20:42:24.924  4504  4504 D SurveyVM: push -> Q2, navSize=5, stackSize=5
09-28 20:42:24.969  4504  4504 I View    : setRequestedFrameRate frameRate=-4.0, this=android.view.View{7aaab67 V.ED..... ........ 0,0-0,0}, caller=androidx.compose.ui.platform.Api35Impl.setRequestedFrameRate:4047 androidx.compose.ui.platform.AndroidComposeView.dispatchDraw:2282 android.view.View.draw:26758 android.view.View.updateDisplayListIfDirty:25577 android.view.ViewGroup.recreateChildDisplayList:4881 
09-28 20:42:24.970  4504  4504 D WhisperSpeechController: updateContext: surveyId=ee2b2b0c-a2f5-4bad-bc38-16aad9c5d00d, questionId=Q2
09-28 20:42:24.978  4504  4504 I View    : setRequestedFrameRate frameRate=NaN, this=android.view.View{7aaab67 V.ED..... ........ 0,0-0,0}, caller=androidx.compose.ui.platform.Api35Impl.setRequestedFrameRate:4047 androidx.compose.ui.platform.AndroidComposeView.dispatchDraw:2282 android.view.View.draw:26758 android.view.View.updateDisplayListIfDirty:25577 android.view.ViewGroup.recreateChildDisplayList:4881 
09-28 20:42:25.954  4504  4535 I com.negi.survey: Explicit concurrent mark compact GC freed 664KB AllocSpace bytes, 1(20KB) LOS objects, 78% free, 6708KB/30MB, paused 124us,1.433ms total 36.606ms
09-28 20:42:26.575  4504  4504 I VRI[MainActivity]@979a010: ViewPostIme pointer 0
09-28 20:42:26.675  4504  4504 I VRI[MainActivity]@979a010: ViewPostIme pointer 1
09-28 20:42:26.703  4504  4504 I View    : setRequestedFrameRate frameRate=-4.0, this=android.view.View{7aaab67 V.ED..... ........ 0,0-0,0}, caller=androidx.compose.ui.platform.Api35Impl.setRequestedFrameRate:4047 androidx.compose.ui.platform.AndroidComposeView.dispatchDraw:2282 android.view.View.draw:26758 android.view.View.updateDisplayListIfDirty:25577 android.view.ViewGroup.recreateChildDisplayList:4881 
09-28 20:42:26.705  4504  4504 I View    : setRequestedFrameRate frameRate=NaN, this=android.view.View{7aaab67 V.ED..... ........ 0,0-0,0}, caller=androidx.compose.ui.platform.Api35Impl.setRequestedFrameRate:4047 androidx.compose.ui.platform.AndroidComposeView.dispatchDraw:2282 android.view.View.draw:26758 android.view.View.updateDisplayListIfDirty:25577 android.view.ViewGroup.recreateChildDisplayList:4881 
09-28 20:42:27.165  4504  4535 I com.negi.survey: Explicit concurrent mark compact GC freed 392KB AllocSpace bytes, 1(20KB) LOS objects, 78% free, 6636KB/30MB, paused 123us,1.449ms total 22.911ms
09-28 20:42:27.453  4504  4504 I VRI[MainActivity]@979a010: ViewPostIme pointer 0
09-28 20:42:27.577  4504  4504 I VRI[MainActivity]@979a010: ViewPostIme pointer 1
09-28 20:42:27.581  4504  4504 D SurveyVM: push -> Q3, navSize=6, stackSize=6
09-28 20:42:27.621  4504  4504 I View    : setRequestedFrameRate frameRate=-4.0, this=android.view.View{7aaab67 V.ED..... ........ 0,0-0,0}, caller=androidx.compose.ui.platform.Api35Impl.setRequestedFrameRate:4047 androidx.compose.ui.platform.AndroidComposeView.dispatchDraw:2282 android.view.View.draw:26758 android.view.View.updateDisplayListIfDirty:25577 android.view.ViewGroup.recreateChildDisplayList:4881 
09-28 20:42:27.622  4504  4504 D WhisperSpeechController: updateContext: surveyId=ee2b2b0c-a2f5-4bad-bc38-16aad9c5d00d, questionId=Q3
09-28 20:42:27.664  4504  4504 I View    : setRequestedFrameRate frameRate=NaN, this=android.view.View{7aaab67 V.ED..... ........ 0,0-0,0}, caller=androidx.compose.ui.platform.Api35Impl.setRequestedFrameRate:4047 androidx.compose.ui.platform.AndroidComposeView.dispatchDraw:2282 android.view.View.draw:26758 android.view.View.updateDisplayListIfDirty:25577 android.view.ViewGroup.recreateChildDisplayList:4881 
09-28 20:42:28.395  4504  4532 I com.negi.survey: Explicit concurrent mark compact GC freed 1224KB AllocSpace bytes, 1(20KB) LOS objects, 78% free, 6692KB/30MB, paused 128us,1.609ms total 35.557ms
09-28 20:42:29.620  4504  4532 I com.negi.survey: Explicit concurrent mark compact GC freed 232KB AllocSpace bytes, 1(20KB) LOS objects, 78% free, 6684KB/30MB, paused 126us,1.634ms total 23.028ms
09-28 20:42:29.882  4504  4504 I VRI[MainActivity]@979a010: ViewPostIme pointer 0
09-28 20:42:29.966  4504  4504 I VRI[MainActivity]@979a010: ViewPostIme pointer 1
09-28 20:42:29.993  4504  4504 I View    : setRequestedFrameRate frameRate=-4.0, this=android.view.View{7aaab67 V.ED..... ........ 0,0-0,0}, caller=androidx.compose.ui.platform.Api35Impl.setRequestedFrameRate:4047 androidx.compose.ui.platform.AndroidComposeView.dispatchDraw:2282 android.view.View.draw:26758 android.view.View.updateDisplayListIfDirty:25577 android.view.ViewGroup.recreateChildDisplayList:4881 
09-28 20:42:29.994  4504  4504 I View    : setRequestedFrameRate frameRate=NaN, this=android.view.View{7aaab67 V.ED..... ........ 0,0-0,0}, caller=androidx.compose.ui.platform.Api35Impl.setRequestedFrameRate:4047 androidx.compose.ui.platform.AndroidComposeView.dispatchDraw:2282 android.view.View.draw:26758 android.view.View.updateDisplayListIfDirty:25577 android.view.ViewGroup.recreateChildDisplayList:4881 
09-28 20:42:30.847  4504  4532 I com.negi.survey: Explicit concurrent mark compact GC freed 316KB AllocSpace bytes, 1(20KB) LOS objects, 78% free, 6688KB/30MB, paused 126us,1.549ms total 23.531ms
09-28 20:42:31.250  4504  4504 I VRI[MainActivity]@979a010: ViewPostIme pointer 0
09-28 20:42:31.334  4504  4504 I VRI[MainActivity]@979a010: ViewPostIme pointer 1
09-28 20:42:31.340  4504  4504 D SurveyVM: push -> Q4, navSize=7, stackSize=7
09-28 20:42:31.365  4504  4504 I View    : setRequestedFrameRate frameRate=-4.0, this=android.view.View{7aaab67 V.ED..... ........ 0,0-0,0}, caller=androidx.compose.ui.platform.Api35Impl.setRequestedFrameRate:4047 androidx.compose.ui.platform.AndroidComposeView.dispatchDraw:2282 android.view.View.draw:26758 android.view.View.updateDisplayListIfDirty:25577 android.view.ViewGroup.recreateChildDisplayList:4881 
09-28 20:42:31.365  4504  4504 D WhisperSpeechController: updateContext: surveyId=ee2b2b0c-a2f5-4bad-bc38-16aad9c5d00d, questionId=Q4
09-28 20:42:31.411  4504  4504 I View    : setRequestedFrameRate frameRate=NaN, this=android.view.View{7aaab67 V.ED..... ........ 0,0-0,0}, caller=androidx.compose.ui.platform.Api35Impl.setRequestedFrameRate:4047 androidx.compose.ui.platform.AndroidComposeView.dispatchDraw:2282 android.view.View.draw:26758 android.view.View.updateDisplayListIfDirty:25577 android.view.ViewGroup.recreateChildDisplayList:4881 
09-28 20:42:32.088  4504  4915 I com.negi.survey: Explicit concurrent mark compact GC freed 860KB AllocSpace bytes, 1(20KB) LOS objects, 78% free, 6892KB/30MB, paused 292us,1.675ms total 32.123ms
09-28 20:42:33.257  4504  4504 I VRI[MainActivity]@979a010: ViewPostIme pointer 0
09-28 20:42:33.299  4504  4727 I com.negi.survey: Explicit concurrent mark compact GC freed 576KB AllocSpace bytes, 1(20KB) LOS objects, 78% free, 6668KB/30MB, paused 129us,1.554ms total 34.310ms
09-28 20:42:33.309  4504  4504 I VRI[MainActivity]@979a010: ViewPostIme pointer 1
09-28 20:42:33.311  4504  4504 D SurveyVM: push -> Q5, navSize=8, stackSize=8
09-28 20:42:33.329  4504  4504 D WhisperSpeechController: updateContext: surveyId=ee2b2b0c-a2f5-4bad-bc38-16aad9c5d00d, questionId=Q5
09-28 20:42:34.208  4504  4504 I VRI[MainActivity]@979a010: ViewPostIme pointer 0
09-28 20:42:34.266  4504  4504 I VRI[MainActivity]@979a010: ViewPostIme pointer 1
09-28 20:42:34.271  4504  4504 D SurveyVM: push -> Q6, navSize=9, stackSize=9
09-28 20:42:34.294  4504  4504 I View    : setRequestedFrameRate frameRate=-4.0, this=android.view.View{7aaab67 V.ED..... ........ 0,0-0,0}, caller=androidx.compose.ui.platform.Api35Impl.setRequestedFrameRate:4047 androidx.compose.ui.platform.AndroidComposeView.dispatchDraw:2282 android.view.View.draw:26758 android.view.View.updateDisplayListIfDirty:25577 android.view.ViewGroup.recreateChildDisplayList:4881 
09-28 20:42:34.295  4504  4504 D WhisperSpeechController: updateContext: surveyId=ee2b2b0c-a2f5-4bad-bc38-16aad9c5d00d, questionId=Q6
09-28 20:42:34.358  4504  4504 I View    : setRequestedFrameRate frameRate=NaN, this=android.view.View{7aaab67 V.ED..... ........ 0,0-0,0}, caller=androidx.compose.ui.platform.Api35Impl.setRequestedFrameRate:4047 androidx.compose.ui.platform.AndroidComposeView.dispatchDraw:2282 android.view.View.draw:26758 android.view.View.updateDisplayListIfDirty:25577 android.view.ViewGroup.recreateChildDisplayList:4881 
09-28 20:42:34.484  4504  4554 I com.negi.survey: Explicit concurrent mark compact GC freed 820KB AllocSpace bytes, 1(20KB) LOS objects, 77% free, 6944KB/30MB, paused 122us,1.533ms total 32.167ms
09-28 20:42:35.229  4504  4504 I VRI[MainActivity]@979a010: ViewPostIme pointer 0
09-28 20:42:35.301  4504  4504 I VRI[MainActivity]@979a010: ViewPostIme pointer 1
09-28 20:42:35.354  4504  4504 D InputMethodManagerUtils: startInputInner - Id : 0
09-28 20:42:35.354  4504  4504 I InputMethodManager: startInputInner - IInputMethodManagerGlobalInvoker.startInputOrWindowGainedFocus
09-28 20:42:35.355  4504  4504 D InputMethodManagerUtils: startInputInner - Id : 0
09-28 20:42:35.355  4504  4504 I InputMethodManager: startInputInner - IInputMethodManagerGlobalInvoker.startInputOrWindowGainedFocus
--------- beginning of system
09-28 20:42:35.356  4504  4504 D InsetsController: show(ime())
09-28 20:42:35.356  4504  4504 I ImeTracker: com.negi.survey:5ef147a3: onRequestShow at ORIGIN_CLIENT reason SHOW_SOFT_INPUT_BY_INSETS_API fromUser false
09-28 20:42:35.360  4504  4504 D InsetsController: Setting requestedVisibleTypes to 511 (was 503)
09-28 20:42:35.361  4504  4504 I InsetsController: setRequestedVisibleTypes: visible=true, mask=ime, host=com.negi.survey/com.negi.survey.MainActivity, from=android.view.InsetsController.controlAnimationUnchecked:1646 android.view.InsetsController.applyAnimation:2278 android.view.InsetsController.applyAnimation:2207 android.view.InsetsController.show:1498 android.view.InsetsController.show:1435 androidx.core.view.SoftwareKeyboardControllerCompat$Impl30.show:189 androidx.core.view.SoftwareKeyboardControllerCompat.show:70 androidx.compose.ui.text.input.InputMethodManagerImpl.showSoftInput:81 androidx.compose.ui.text.input.TextInputServiceAndroid.setKeyboardVisibleImmediately:468 androidx.compose.ui.text.input.TextInputServiceAndroid.processInputCommands:352 
09-28 20:42:35.361  4504  4727 D InputTransport: Input channel constructed: 'ClientS', fd=167
09-28 20:42:35.373  4504  4727 D InputTransport: Input channel constructed: 'ClientS', fd=168
09-28 20:42:35.386  4504  4504 I AssistStructure: Flattened final assist data: 516 bytes, containing 1 windows, 3 views
09-28 20:42:35.387  4504  4504 I InputMethodManager_LC: showSoftInput(View,I)
09-28 20:42:35.387  4504  4504 I ImeTracker: com.negi.survey:1679bdbc: onRequestShow at ORIGIN_CLIENT reason SHOW_SOFT_INPUT fromUser false
09-28 20:42:35.387  4504  4504 I InputMethodManager_LC: ssi(): flags=0 view=com.negi.survey reason=SHOW_SOFT_INPUT
09-28 20:42:35.387  4504  4504 I InputMethodManager_LC: ssi() view is not EditText
09-28 20:42:35.387  4504  4504 D InsetsController: show(ime())
09-28 20:42:35.387  4504  4504 I ImeTracker: com.negi.survey:1679bdbc: onCancelled at PHASE_CLIENT_REPORT_REQUESTED_VISIBLE_TYPES
09-28 20:42:35.390  4504  4504 I VRI[MainActivity]@979a010: handleResized, frames=ClientWindowFrames{frame=[0,0][1080,2340] display=[0,0][1080,2340] parentFrame=[0,0][0,0]} displayId=0 dragResizing=false compatScale=1.0 frameChanged=false attachedFrameChanged=false configChanged=false displayChanged=false compatScaleChanged=false dragResizingChanged=false
09-28 20:42:35.401  4504  4504 I View    : setRequestedFrameRate frameRate=-4.0, this=android.view.View{7aaab67 V.ED..... ........ 0,0-0,0}, caller=androidx.compose.ui.platform.Api35Impl.setRequestedFrameRate:4047 androidx.compose.ui.platform.AndroidComposeView.dispatchDraw:2282 android.view.View.draw:26758 android.view.View.updateDisplayListIfDirty:25577 android.view.ViewGroup.recreateChildDisplayList:4881 
09-28 20:42:35.515  4504  4504 W RemoteInputConnectionImpl: getExtractedText on inactive InputConnection
09-28 20:42:35.532  4504  4504 I View    : setRequestedFrameRate frameRate=NaN, this=android.view.View{7aaab67 V.ED..... ........ 0,0-0,0}, caller=androidx.compose.ui.platform.Api35Impl.setRequestedFrameRate:4047 androidx.compose.ui.platform.AndroidComposeView.dispatchDraw:2282 android.view.View.draw:26758 android.view.View.updateDisplayListIfDirty:25577 android.view.ViewGroup.recreateChildDisplayList:4881 
09-28 20:42:35.540  4504  4504 I View    : setRequestedFrameRate frameRate=-4.0, this=android.view.View{7aaab67 V.ED..... ........ 0,0-0,0}, caller=androidx.compose.ui.platform.Api35Impl.setRequestedFrameRate:4047 androidx.compose.ui.platform.AndroidComposeView.dispatchDraw:2282 android.view.View.draw:26758 android.view.View.updateDisplayListIfDirty:25577 android.view.ViewGroup.recreateChildDisplayList:4881 
09-28 20:42:35.548  4504  4504 I View    : setRequestedFrameRate frameRate=NaN, this=android.view.View{7aaab67 V.ED..... ........ 0,0-0,0}, caller=androidx.compose.ui.platform.Api35Impl.setRequestedFrameRate:4047 androidx.compose.ui.platform.AndroidComposeView.dispatchDraw:2282 android.view.View.draw:26758 android.view.View.updateDisplayListIfDirty:25577 android.view.ViewGroup.recreateChildDisplayList:4881 
09-28 20:42:35.558  4504  4504 I View    : setRequestedFrameRate frameRate=-4.0, this=android.view.View{7aaab67 V.ED..... ........ 0,0-0,0}, caller=androidx.compose.ui.platform.Api35Impl.setRequestedFrameRate:4047 androidx.compose.ui.platform.AndroidComposeView.dispatchDraw:2282 android.view.View.draw:26758 android.view.View.updateDisplayListIfDirty:25577 android.view.ViewGroup.recreateChildDisplayList:4881 
09-28 20:42:35.562  4504  4504 I View    : setRequestedFrameRate frameRate=NaN, this=android.view.View{7aaab67 V.ED..... ........ 0,0-0,0}, caller=androidx.compose.ui.platform.Api35Impl.setRequestedFrameRate:4047 androidx.compose.ui.platform.AndroidComposeView.dispatchDraw:2282 android.view.View.draw:26758 android.view.View.updateDisplayListIfDirty:25577 android.view.ViewGroup.recreateChildDisplayList:4881 
09-28 20:42:35.633  4504  4915 I com.negi.survey: Explicit concurrent mark compact GC freed 1448KB AllocSpace bytes, 1(20KB) LOS objects, 78% free, 6848KB/30MB, paused 128us,1.718ms total 24.682ms
09-28 20:42:35.643  4504  4525 D InputTransport: Input channel destroyed: 'ClientS', fd=167
09-28 20:42:35.644  4504  4525 D InputTransport: Input channel destroyed: 'ClientS', fd=168
09-28 20:42:35.711  4504  4504 D WindowOnBackDispatcher: setTopOnBackInvokedCallback (unwrapped): android.view.ImeBackAnimationController@2d2fafe
09-28 20:42:35.757  4504  4504 I InsetsController: onStateChanged: host=com.negi.survey/com.negi.survey.MainActivity, from=android.view.ViewRootImpl.onInsetsStateChanged:3038, state=InsetsState: {mDisplayFrame=Rect(0, 0 - 1080, 2340), mDisplayCutout=DisplayCutout{insets=Rect(0, 82 - 0, 0) waterfall=Insets{left=0, top=0, right=0, bottom=0} boundingRect={Bounds=[Rect(0, 0 - 0, 0), Rect(511, 24 - 569, 82), Rect(0, 0 - 0, 0), Rect(0, 0 - 0, 0)]} cutoutPathParserInfo={CutoutPathParserInfo{displayWidth=1080 displayHeight=2340 physicalDisplayWidth=1080 physicalDisplayHeight=2340 density={2.8125} cutoutSpec={M 0,0 M 0, 8.533333333333333 a 10.31111111111111,10.31111111111111 0 1,0 0,20.62222222222222 a 10.31111111111111,10.31111111111111 0 1,0 0,-20.62222222222222 Z @dp} rotation={0} scale={1.0} physicalPixelDisplaySizeRatio={1.0}}} sideOverrides={}}, mRoundedCorners=RoundedCorners{[RoundedCorner{position=TopLeft, radius=113, center=Point(113, 113)}, RoundedCorner{position=TopRight, radius=113, center=Point(967, 113)}, RoundedCorner{position=BottomRight, radius=113, center=Point(967, 2227)}, RoundedCorner{position=BottomLeft, radius=113, center=Point(113, 2227)}]}  mRoundedCornerFrame=Rect(0, 0 - 1080, 2340), mPrivacyIndicatorBounds=PrivacyIndicatorBounds {static bounds=Rect(956, 0 - 1080, 97) rotation=0}, mDisplayShape=DisplayShape{ spec=-311912193 displayWidth=1080 displayHeight=2340 physicalPixelDisplaySizeRatio=1.0 rotation=0 offsetX=0 offsetY=0 scale=1.0}, mSources= { InsetsSource: {dc020001 mType=navigationBars mFrame=[0,2205][1080,2340] mAttachedInsets=null mVisible=true mFlags= mSideHint=BOTTOM mBoundingRects=null}, InsetsSource: {dc020004 mType=systemGestures mFrame=[0,0][0,0] mAttachedInsets=null mVisible=true mFlags= mSideHint=NONE mBoundingRects=null}, InsetsSource: {dc020005 mType=mandatorySystemGestures mFrame=[0,2205][1080,2340] mAttachedInsets=null mVisible=true mFlags= mSideHint=BOTTOM mBoundingRects=null}, InsetsSource: {dc020006 mType=tappableElement mFrame=[0,2205][1080,2340] mAttachedInsets=null mVisible=true mFlags= mSideHint=BOTTOM mBoundingRects=null}, InsetsSource: {dc020024 mType=systemGestures mFrame=[0,0][0,0] mAttachedInsets=null mVisible=true mFlags= mSideHint=NONE mBoundingRects=null}, InsetsSource: {3 mType=ime mFrame=[0,1332][1080,2340] mAttachedInsets=null mVisible=true mFlags= mSideHint=BOTTOM mBoundingRects=null}, InsetsSource: {27 mType=displayCutout mFrame=[0,0][1080,82] mAttachedInsets=null mVisible=true mFlags= mSideHint=TOP mBoundingRects=null}, InsetsSource: {23ca0000 mType=statusBars mFrame=[0,0][1080,97] mAttachedInsets=null mVisible=true mFlags= mSideHint=TOP mBoundingRects=null}, InsetsSource: {23ca0005 mType=mandatorySystemGestures mFrame=[0,0][1080,116] mAttachedInsets=null mVisible=true mFlags= mSideHint=TOP mBoundingRects=null}, InsetsSource: {23ca0006 mType=tappableElement mFrame=[0,0][1080,97] mAttachedInsets=null mVisible=true mFlags= mSideHint=TOP mBoundingRects=null} }
09-28 20:42:35.757  4504  4504 I VRI[MainActivity]@979a010: handleResized, frames=ClientWindowFrames{frame=[0,0][1080,2340] display=[0,0][1080,2340] parentFrame=[0,0][0,0]} displayId=0 dragResizing=false compatScale=1.0 frameChanged=false attachedFrameChanged=false configChanged=false displayChanged=false compatScaleChanged=false dragResizingChanged=false
09-28 20:42:35.770  4504  4504 I InsetsController: onStateChanged: host=com.negi.survey/com.negi.survey.MainActivity, from=android.view.ViewRootImpl.onInsetsStateChanged:3038, state=InsetsState: {mDisplayFrame=Rect(0, 0 - 1080, 2340), mDisplayCutout=DisplayCutout{insets=Rect(0, 82 - 0, 0) waterfall=Insets{left=0, top=0, right=0, bottom=0} boundingRect={Bounds=[Rect(0, 0 - 0, 0), Rect(511, 24 - 569, 82), Rect(0, 0 - 0, 0), Rect(0, 0 - 0, 0)]} cutoutPathParserInfo={CutoutPathParserInfo{displayWidth=1080 displayHeight=2340 physicalDisplayWidth=1080 physicalDisplayHeight=2340 density={2.8125} cutoutSpec={M 0,0 M 0, 8.533333333333333 a 10.31111111111111,10.31111111111111 0 1,0 0,20.62222222222222 a 10.31111111111111,10.31111111111111 0 1,0 0,-20.62222222222222 Z @dp} rotation={0} scale={1.0} physicalPixelDisplaySizeRatio={1.0}}} sideOverrides={}}, mRoundedCorners=RoundedCorners{[RoundedCorner{position=TopLeft, radius=113, center=Point(113, 113)}, RoundedCorner{position=TopRight, radius=113, center=Point(967, 113)}, RoundedCorner{position=BottomRight, radius=113, center=Point(967, 2227)}, RoundedCorner{position=BottomLeft, radius=113, center=Point(113, 2227)}]}  mRoundedCornerFrame=Rect(0, 0 - 1080, 2340), mPrivacyIndicatorBounds=PrivacyIndicatorBounds {static bounds=Rect(956, 0 - 1080, 97) rotation=0}, mDisplayShape=DisplayShape{ spec=-311912193 displayWidth=1080 displayHeight=2340 physicalPixelDisplaySizeRatio=1.0 rotation=0 offsetX=0 offsetY=0 scale=1.0}, mSources= { InsetsSource: {dc020001 mType=navigationBars mFrame=[0,2205][1080,2340] mAttachedInsets=null mVisible=true mFlags= mSideHint=BOTTOM mBoundingRects=null}, InsetsSource: {dc020004 mType=systemGestures mFrame=[0,0][0,0] mAttachedInsets=null mVisible=true mFlags= mSideHint=NONE mBoundingRects=null}, InsetsSource: {dc020005 mType=mandatorySystemGestures mFrame=[0,2205][1080,2340] mAttachedInsets=null mVisible=true mFlags= mSideHint=BOTTOM mBoundingRects=null}, InsetsSource: {dc020006 mType=tappableElement mFrame=[0,2205][1080,2340] mAttachedInsets=null mVisible=true mFlags= mSideHint=BOTTOM mBoundingRects=null}, InsetsSource: {dc020024 mType=systemGestures mFrame=[0,0][0,0] mAttachedInsets=null mVisible=true mFlags= mSideHint=NONE mBoundingRects=null}, InsetsSource: {3 mType=ime mFrame=[0,1332][1080,2340] mAttachedInsets=null mVisible=true mFlags= mSideHint=BOTTOM mBoundingRects=null}, InsetsSource: {27 mType=displayCutout mFrame=[0,0][1080,82] mAttachedInsets=null mVisible=true mFlags= mSideHint=TOP mBoundingRects=null}, InsetsSource: {23ca0000 mType=statusBars mFrame=[0,0][1080,97] mAttachedInsets=null mVisible=true mFlags= mSideHint=TOP mBoundingRects=null}, InsetsSource: {23ca0005 mType=mandatorySystemGestures mFrame=[0,0][1080,116] mAttachedInsets=null mVisible=true mFlags= mSideHint=TOP mBoundingRects=null}, InsetsSource: {23ca0006 mType=tappableElement mFrame=[0,0][1080,97] mAttachedInsets=null mVisible=true mFlags= mSideHint=TOP mBoundingRects=null} }
09-28 20:42:35.776  4504  4504 D VRI[MainActivity]@979a010: WindowInsets changed: ime:[0,0,0,1008] 
09-28 20:42:35.777  4504  4504 I BLASTBufferQueue_Java: update, w= 1080 h= 2340 mName = VRI[MainActivity]@979a010 mNativeObject= 0xb400007887f5b3a0 sc.mNativeObject= 0xb400007937f285d0 format= -1 caller= android.view.ViewRootImpl.updateBlastSurfaceIfNeeded:3592 android.view.ViewRootImpl.relayoutWindow:11813 android.view.ViewRootImpl.performTraversals:4840 android.view.ViewRootImpl.doTraversal:3959 android.view.ViewRootImpl$TraversalRunnable.run:13034 android.view.Choreographer$CallbackRecord.run:1961 
09-28 20:42:35.777  4504  4504 I VRI[MainActivity]@979a010: Relayout returned: old=(0,0,1080,2340) new=(0,0,1080,2340) relayoutAsync=true req=(1080,2340)0 dur=0 res=0x0 s={true 0xb4000078c7f55780} ch=false seqId=0
09-28 20:42:35.779  4504  4504 W InteractionJankMonitor: Initializing without READ_DEVICE_CONFIG permission. enabled=false, interval=1, missedFrameThreshold=3, frameTimeThreshold=64, package=com.negi.survey
09-28 20:42:35.780  4504  4504 I VRI[MainActivity]@979a010: registerCallbackForPendingTransactions
09-28 20:42:35.781  4504  4930 I VRI[MainActivity]@979a010: mWNT: t=0xb4000078d7f90730 mBlastBufferQueue=0xb400007887f5b3a0 fn= 2217 HdrRenderState mRenderHdrSdrRatio=1.0 caller= android.view.SyncRtSurfaceTransactionApplier.applyTransaction:102 android.view.SyncRtSurfaceTransactionApplier.lambda$scheduleApply$0:75 android.view.SyncRtSurfaceTransactionApplier.$r8$lambda$afI4fXg3U3-nBZQEDQMiNy-B06s:0 
09-28 20:42:35.781  4504  4930 I VRI[MainActivity]@979a010: mWNT: t=0xb4000078d7f5a8a0 mBlastBufferQueue=0xb400007887f5b3a0 fn= 2217 HdrRenderState mRenderHdrSdrRatio=1.0 caller= android.view.ViewRootImpl$10.onFrameDraw:6615 android.view.ViewRootImpl$4.onFrameDraw:2485 android.view.ThreadedRenderer$1.onFrameDraw:751 
09-28 20:42:35.786  4504  4931 I VRI[MainActivity]@979a010: mWNT: t=0xb4000078d7f8e920 mBlastBufferQueue=0xb400007887f5b3a0 fn= 2218 HdrRenderState mRenderHdrSdrRatio=1.0 caller= android.view.SyncRtSurfaceTransactionApplier.applyTransaction:102 android.view.SyncRtSurfaceTransactionApplier.lambda$scheduleApply$0:75 android.view.SyncRtSurfaceTransactionApplier.$r8$lambda$afI4fXg3U3-nBZQEDQMiNy-B06s:0 
09-28 20:42:35.805  4504  4504 I View    : setRequestedFrameRate frameRate=-4.0, this=android.view.View{7aaab67 V.ED..... ........ 0,0-0,0}, caller=androidx.compose.ui.platform.Api35Impl.setRequestedFrameRate:4047 androidx.compose.ui.platform.AndroidComposeView.dispatchDraw:2282 android.view.View.draw:26758 android.view.View.updateDisplayListIfDirty:25577 android.view.View.draw:26477 
09-28 20:42:35.813  4504  4930 I VRI[MainActivity]@979a010: mWNT: t=0xb4000078d800eea0 mBlastBufferQueue=0xb400007887f5b3a0 fn= 2219 HdrRenderState mRenderHdrSdrRatio=1.0 caller= android.view.SyncRtSurfaceTransactionApplier.applyTransaction:102 android.view.SyncRtSurfaceTransactionApplier.lambda$scheduleApply$0:75 android.view.SyncRtSurfaceTransactionApplier.$r8$lambda$afI4fXg3U3-nBZQEDQMiNy-B06s:0 
09-28 20:42:35.813  4504  4931 I VRI[MainActivity]@979a010: mWNT: t=0xb4000078d8012d10 mBlastBufferQueue=0xb400007887f5b3a0 fn= 2220 HdrRenderState mRenderHdrSdrRatio=1.0 caller= android.view.SyncRtSurfaceTransactionApplier.applyTransaction:102 android.view.SyncRtSurfaceTransactionApplier.lambda$scheduleApply$0:75 android.view.SyncRtSurfaceTransactionApplier.$r8$lambda$afI4fXg3U3-nBZQEDQMiNy-B06s:0 
09-28 20:42:35.819  4504  4930 I VRI[MainActivity]@979a010: mWNT: t=0xb4000078d8015da0 mBlastBufferQueue=0xb400007887f5b3a0 fn= 2221 HdrRenderState mRenderHdrSdrRatio=1.0 caller= android.view.SyncRtSurfaceTransactionApplier.applyTransaction:102 android.view.SyncRtSurfaceTransactionApplier.lambda$scheduleApply$0:75 android.view.SyncRtSurfaceTransactionApplier.$r8$lambda$afI4fXg3U3-nBZQEDQMiNy-B06s:0 
09-28 20:42:35.824  4504  4931 I VRI[MainActivity]@979a010: mWNT: t=0xb4000078d801a9f0 mBlastBufferQueue=0xb400007887f5b3a0 fn= 2222 HdrRenderState mRenderHdrSdrRatio=1.0 caller= android.view.SyncRtSurfaceTransactionApplier.applyTransaction:102 android.view.SyncRtSurfaceTransactionApplier.lambda$scheduleApply$0:75 android.view.SyncRtSurfaceTransactionApplier.$r8$lambda$afI4fXg3U3-nBZQEDQMiNy-B06s:0 
09-28 20:42:35.832  4504  4930 I VRI[MainActivity]@979a010: mWNT: t=0xb4000078d801cca0 mBlastBufferQueue=0xb400007887f5b3a0 fn= 2223 HdrRenderState mRenderHdrSdrRatio=1.0 caller= android.view.SyncRtSurfaceTransactionApplier.applyTransaction:102 android.view.SyncRtSurfaceTransactionApplier.lambda$scheduleApply$0:75 android.view.SyncRtSurfaceTransactionApplier.$r8$lambda$afI4fXg3U3-nBZQEDQMiNy-B06s:0 
09-28 20:42:35.840  4504  4931 I VRI[MainActivity]@979a010: mWNT: t=0xb4000078d7f8e920 mBlastBufferQueue=0xb400007887f5b3a0 fn= 2224 HdrRenderState mRenderHdrSdrRatio=1.0 caller= android.view.SyncRtSurfaceTransactionApplier.applyTransaction:102 android.view.SyncRtSurfaceTransactionApplier.lambda$scheduleApply$0:75 android.view.SyncRtSurfaceTransactionApplier.$r8$lambda$afI4fXg3U3-nBZQEDQMiNy-B06s:0 
09-28 20:42:35.849  4504  4930 I VRI[MainActivity]@979a010: mWNT: t=0xb4000078d7faecd0 mBlastBufferQueue=0xb400007887f5b3a0 fn= 2225 HdrRenderState mRenderHdrSdrRatio=1.0 caller= android.view.SyncRtSurfaceTransactionApplier.applyTransaction:102 android.view.SyncRtSurfaceTransactionApplier.lambda$scheduleApply$0:75 android.view.SyncRtSurfaceTransactionApplier.$r8$lambda$afI4fXg3U3-nBZQEDQMiNy-B06s:0 
09-28 20:42:35.857  4504  4931 I VRI[MainActivity]@979a010: mWNT: t=0xb4000078d801f1a0 mBlastBufferQueue=0xb400007887f5b3a0 fn= 2226 HdrRenderState mRenderHdrSdrRatio=1.0 caller= android.view.SyncRtSurfaceTransactionApplier.applyTransaction:102 android.view.SyncRtSurfaceTransactionApplier.lambda$scheduleApply$0:75 android.view.SyncRtSurfaceTransactionApplier.$r8$lambda$afI4fXg3U3-nBZQEDQMiNy-B06s:0 
09-28 20:42:35.865  4504  4930 I VRI[MainActivity]@979a010: mWNT: t=0xb4000078d801a0b0 mBlastBufferQueue=0xb400007887f5b3a0 fn= 2227 HdrRenderState mRenderHdrSdrRatio=1.0 caller= android.view.SyncRtSurfaceTransactionApplier.applyTransaction:102 android.view.SyncRtSurfaceTransactionApplier.lambda$scheduleApply$0:75 android.view.SyncRtSurfaceTransactionApplier.$r8$lambda$afI4fXg3U3-nBZQEDQMiNy-B06s:0 
09-28 20:42:35.873  4504  4931 I VRI[MainActivity]@979a010: mWNT: t=0xb4000078d801b0e0 mBlastBufferQueue=0xb400007887f5b3a0 fn= 2228 HdrRenderState mRenderHdrSdrRatio=1.0 caller= android.view.SyncRtSurfaceTransactionApplier.applyTransaction:102 android.view.SyncRtSurfaceTransactionApplier.lambda$scheduleApply$0:75 android.view.SyncRtSurfaceTransactionApplier.$r8$lambda$afI4fXg3U3-nBZQEDQMiNy-B06s:0 
09-28 20:42:35.882  4504  4930 I VRI[MainActivity]@979a010: mWNT: t=0xb4000078d801eab0 mBlastBufferQueue=0xb400007887f5b3a0 fn= 2229 HdrRenderState mRenderHdrSdrRatio=1.0 caller= android.view.SyncRtSurfaceTransactionApplier.applyTransaction:102 android.view.SyncRtSurfaceTransactionApplier.lambda$scheduleApply$0:75 android.view.SyncRtSurfaceTransactionApplier.$r8$lambda$afI4fXg3U3-nBZQEDQMiNy-B06s:0 
09-28 20:42:35.890  4504  4931 I VRI[MainActivity]@979a010: mWNT: t=0xb4000078d7f86300 mBlastBufferQueue=0xb400007887f5b3a0 fn= 2230 HdrRenderState mRenderHdrSdrRatio=1.0 caller= android.view.SyncRtSurfaceTransactionApplier.applyTransaction:102 android.view.SyncRtSurfaceTransactionApplier.lambda$scheduleApply$0:75 android.view.SyncRtSurfaceTransactionApplier.$r8$lambda$afI4fXg3U3-nBZQEDQMiNy-B06s:0 
09-28 20:42:35.898  4504  4930 I VRI[MainActivity]@979a010: mWNT: t=0xb4000078d8019770 mBlastBufferQueue=0xb400007887f5b3a0 fn= 2231 HdrRenderState mRenderHdrSdrRatio=1.0 caller= android.view.SyncRtSurfaceTransactionApplier.applyTransaction:102 android.view.SyncRtSurfaceTransactionApplier.lambda$scheduleApply$0:75 android.view.SyncRtSurfaceTransactionApplier.$r8$lambda$afI4fXg3U3-nBZQEDQMiNy-B06s:0 
09-28 20:42:35.907  4504  4931 I VRI[MainActivity]@979a010: mWNT: t=0xb4000078d8010f00 mBlastBufferQueue=0xb400007887f5b3a0 fn= 2232 HdrRenderState mRenderHdrSdrRatio=1.0 caller= android.view.SyncRtSurfaceTransactionApplier.applyTransaction:102 android.view.SyncRtSurfaceTransactionApplier.lambda$scheduleApply$0:75 android.view.SyncRtSurfaceTransactionApplier.$r8$lambda$afI4fXg3U3-nBZQEDQMiNy-B06s:0 
09-28 20:42:35.914  4504  4930 I VRI[MainActivity]@979a010: mWNT: t=0xb4000078d7facc70 mBlastBufferQueue=0xb400007887f5b3a0 fn= 2233 HdrRenderState mRenderHdrSdrRatio=1.0 caller= android.view.SyncRtSurfaceTransactionApplier.applyTransaction:102 android.view.SyncRtSurfaceTransactionApplier.lambda$scheduleApply$0:75 android.view.SyncRtSurfaceTransactionApplier.$r8$lambda$afI4fXg3U3-nBZQEDQMiNy-B06s:0 
09-28 20:42:35.923  4504  4931 I VRI[MainActivity]@979a010: mWNT: t=0xb4000078d7f91760 mBlastBufferQueue=0xb400007887f5b3a0 fn= 2234 HdrRenderState mRenderHdrSdrRatio=1.0 caller= android.view.SyncRtSurfaceTransactionApplier.applyTransaction:102 android.view.SyncRtSurfaceTransactionApplier.lambda$scheduleApply$0:75 android.view.SyncRtSurfaceTransactionApplier.$r8$lambda$afI4fXg3U3-nBZQEDQMiNy-B06s:0 
09-28 20:42:35.931  4504  4930 I VRI[MainActivity]@979a010: mWNT: t=0xb4000078d801a550 mBlastBufferQueue=0xb400007887f5b3a0 fn= 2235 HdrRenderState mRenderHdrSdrRatio=1.0 caller= android.view.SyncRtSurfaceTransactionApplier.applyTransaction:102 android.view.SyncRtSurfaceTransactionApplier.lambda$scheduleApply$0:75 android.view.SyncRtSurfaceTransactionApplier.$r8$lambda$afI4fXg3U3-nBZQEDQMiNy-B06s:0 
09-28 20:42:35.940  4504  4931 I VRI[MainActivity]@979a010: mWNT: t=0xb4000078d801f640 mBlastBufferQueue=0xb400007887f5b3a0 fn= 2236 HdrRenderState mRenderHdrSdrRatio=1.0 caller= android.view.SyncRtSurfaceTransactionApplier.applyTransaction:102 android.view.SyncRtSurfaceTransactionApplier.lambda$scheduleApply$0:75 android.view.SyncRtSurfaceTransactionApplier.$r8$lambda$afI4fXg3U3-nBZQEDQMiNy-B06s:0 
09-28 20:42:35.948  4504  4930 I VRI[MainActivity]@979a010: mWNT: t=0xb4000078d8016490 mBlastBufferQueue=0xb400007887f5b3a0 fn= 2237 HdrRenderState mRenderHdrSdrRatio=1.0 caller= android.view.SyncRtSurfaceTransactionApplier.applyTransaction:102 android.view.SyncRtSurfaceTransactionApplier.lambda$scheduleApply$0:75 android.view.SyncRtSurfaceTransactionApplier.$r8$lambda$afI4fXg3U3-nBZQEDQMiNy-B06s:0 
09-28 20:42:35.956  4504  4931 I VRI[MainActivity]@979a010: mWNT: t=0xb4000078d801ae90 mBlastBufferQueue=0xb400007887f5b3a0 fn= 2238 HdrRenderState mRenderHdrSdrRatio=1.0 caller= android.view.SyncRtSurfaceTransactionApplier.applyTransaction:102 android.view.SyncRtSurfaceTransactionApplier.lambda$scheduleApply$0:75 android.view.SyncRtSurfaceTransactionApplier.$r8$lambda$afI4fXg3U3-nBZQEDQMiNy-B06s:0 
09-28 20:42:35.965  4504  4930 I VRI[MainActivity]@979a010: mWNT: t=0xb4000078d7f9f310 mBlastBufferQueue=0xb400007887f5b3a0 fn= 2239 HdrRenderState mRenderHdrSdrRatio=1.0 caller= android.view.SyncRtSurfaceTransactionApplier.applyTransaction:102 android.view.SyncRtSurfaceTransactionApplier.lambda$scheduleApply$0:75 android.view.SyncRtSurfaceTransactionApplier.$r8$lambda$afI4fXg3U3-nBZQEDQMiNy-B06s:0 
09-28 20:42:35.973  4504  4931 I VRI[MainActivity]@979a010: mWNT: t=0xb4000078d801d830 mBlastBufferQueue=0xb400007887f5b3a0 fn= 2240 HdrRenderState mRenderHdrSdrRatio=1.0 caller= android.view.SyncRtSurfaceTransactionApplier.applyTransaction:102 android.view.SyncRtSurfaceTransactionApplier.lambda$scheduleApply$0:75 android.view.SyncRtSurfaceTransactionApplier.$r8$lambda$afI4fXg3U3-nBZQEDQMiNy-B06s:0 
09-28 20:42:35.981  4504  4930 I VRI[MainActivity]@979a010: mWNT: t=0xb4000078d8014d70 mBlastBufferQueue=0xb400007887f5b3a0 fn= 2241 HdrRenderState mRenderHdrSdrRatio=1.0 caller= android.view.SyncRtSurfaceTransactionApplier.applyTransaction:102 android.view.SyncRtSurfaceTransactionApplier.lambda$scheduleApply$0:75 android.view.SyncRtSurfaceTransactionApplier.$r8$lambda$afI4fXg3U3-nBZQEDQMiNy-B06s:0 
09-28 20:42:35.990  4504  4931 I VRI[MainActivity]@979a010: mWNT: t=0xb4000078d801a300 mBlastBufferQueue=0xb400007887f5b3a0 fn= 2242 HdrRenderState mRenderHdrSdrRatio=1.0 caller= android.view.SyncRtSurfaceTransactionApplier.applyTransaction:102 android.view.SyncRtSurfaceTransactionApplier.lambda$scheduleApply$0:75 android.view.SyncRtSurfaceTransactionApplier.$r8$lambda$afI4fXg3U3-nBZQEDQMiNy-B06s:0 
09-28 20:42:35.998  4504  4930 I VRI[MainActivity]@979a010: mWNT: t=0xb4000078d801a7a0 mBlastBufferQueue=0xb400007887f5b3a0 fn= 2243 HdrRenderState mRenderHdrSdrRatio=1.0 caller= android.view.SyncRtSurfaceTransactionApplier.applyTransaction:102 android.view.SyncRtSurfaceTransactionApplier.lambda$scheduleApply$0:75 android.view.SyncRtSurfaceTransactionApplier.$r8$lambda$afI4fXg3U3-nBZQEDQMiNy-B06s:0 
09-28 20:42:36.006  4504  4931 I VRI[MainActivity]@979a010: mWNT: t=0xb4000078d7f945a0 mBlastBufferQueue=0xb400007887f5b3a0 fn= 2244 HdrRenderState mRenderHdrSdrRatio=1.0 caller= android.view.SyncRtSurfaceTransactionApplier.applyTransaction:102 android.view.SyncRtSurfaceTransactionApplier.lambda$scheduleApply$0:75 android.view.SyncRtSurfaceTransactionApplier.$r8$lambda$afI4fXg3U3-nBZQEDQMiNy-B06s:0 
09-28 20:42:36.015  4504  4930 I VRI[MainActivity]@979a010: mWNT: t=0xb4000078d7fac0e0 mBlastBufferQueue=0xb400007887f5b3a0 fn= 2245 HdrRenderState mRenderHdrSdrRatio=1.0 caller= android.view.SyncRtSurfaceTransactionApplier.applyTransaction:102 android.view.SyncRtSurfaceTransactionApplier.lambda$scheduleApply$0:75 android.view.SyncRtSurfaceTransactionApplier.$r8$lambda$afI4fXg3U3-nBZQEDQMiNy-B06s:0 
09-28 20:42:36.024  4504  4931 I VRI[MainActivity]@979a010: mWNT: t=0xb4000078d801c5b0 mBlastBufferQueue=0xb400007887f5b3a0 fn= 2246 HdrRenderState mRenderHdrSdrRatio=1.0 caller= android.view.SyncRtSurfaceTransactionApplier.applyTransaction:102 android.view.SyncRtSurfaceTransactionApplier.lambda$scheduleApply$0:75 android.view.SyncRtSurfaceTransactionApplier.$r8$lambda$afI4fXg3U3-nBZQEDQMiNy-B06s:0 
09-28 20:42:36.031  4504  4930 I VRI[MainActivity]@979a010: mWNT: t=0xb4000078d8015460 mBlastBufferQueue=0xb400007887f5b3a0 fn= 2247 HdrRenderState mRenderHdrSdrRatio=1.0 caller= android.view.SyncRtSurfaceTransactionApplier.applyTransaction:102 android.view.SyncRtSurfaceTransactionApplier.lambda$scheduleApply$0:75 android.view.SyncRtSurfaceTransactionApplier.$r8$lambda$afI4fXg3U3-nBZQEDQMiNy-B06s:0 
09-28 20:42:36.040  4504  4931 I VRI[MainActivity]@979a010: mWNT: t=0xb4000078d801ed00 mBlastBufferQueue=0xb400007887f5b3a0 fn= 2248 HdrRenderState mRenderHdrSdrRatio=1.0 caller= android.view.SyncRtSurfaceTransactionApplier.applyTransaction:102 android.view.SyncRtSurfaceTransactionApplier.lambda$scheduleApply$0:75 android.view.SyncRtSurfaceTransactionApplier.$r8$lambda$afI4fXg3U3-nBZQEDQMiNy-B06s:0 
09-28 20:42:36.049  4504  4930 I VRI[MainActivity]@979a010: mWNT: t=0xb4000078d80115f0 mBlastBufferQueue=0xb400007887f5b3a0 fn= 2249 HdrRenderState mRenderHdrSdrRatio=1.0 caller= android.view.SyncRtSurfaceTransactionApplier.applyTransaction:102 android.view.SyncRtSurfaceTransactionApplier.lambda$scheduleApply$0:75 android.view.SyncRtSurfaceTransactionApplier.$r8$lambda$afI4fXg3U3-nBZQEDQMiNy-B06s:0 
09-28 20:42:36.056  4504  4931 I VRI[MainActivity]@979a010: mWNT: t=0xb4000078d7f981c0 mBlastBufferQueue=0xb400007887f5b3a0 fn= 2250 HdrRenderState mRenderHdrSdrRatio=1.0 caller= android.view.SyncRtSurfaceTransactionApplier.applyTransaction:102 android.view.SyncRtSurfaceTransactionApplier.lambda$scheduleApply$0:75 android.view.SyncRtSurfaceTransactionApplier.$r8$lambda$afI4fXg3U3-nBZQEDQMiNy-B06s:0 
09-28 20:42:36.065  4504  4930 I VRI[MainActivity]@979a010: mWNT: t=0xb4000078d801b330 mBlastBufferQueue=0xb400007887f5b3a0 fn= 2251 HdrRenderState mRenderHdrSdrRatio=1.0 caller= android.view.SyncRtSurfaceTransactionApplier.applyTransaction:102 android.view.SyncRtSurfaceTransactionApplier.lambda$scheduleApply$0:75 android.view.SyncRtSurfaceTransactionApplier.$r8$lambda$afI4fXg3U3-nBZQEDQMiNy-B06s:0 
09-28 20:42:36.073  4504  4931 I VRI[MainActivity]@979a010: mWNT: t=0xb4000078d7f8a860 mBlastBufferQueue=0xb400007887f5b3a0 fn= 2252 HdrRenderState mRenderHdrSdrRatio=1.0 caller= android.view.SyncRtSurfaceTransactionApplier.applyTransaction:102 android.view.SyncRtSurfaceTransactionApplier.lambda$scheduleApply$0:75 android.view.SyncRtSurfaceTransactionApplier.$r8$lambda$afI4fXg3U3-nBZQEDQMiNy-B06s:0 
09-28 20:42:36.081  4504  4930 I VRI[MainActivity]@979a010: mWNT: t=0xb4000078d7f9c030 mBlastBufferQueue=0xb400007887f5b3a0 fn= 2253 HdrRenderState mRenderHdrSdrRatio=1.0 caller= android.view.SyncRtSurfaceTransactionApplier.applyTransaction:102 android.view.SyncRtSurfaceTransactionApplier.lambda$scheduleApply$0:75 android.view.SyncRtSurfaceTransactionApplier.$r8$lambda$afI4fXg3U3-nBZQEDQMiNy-B06s:0 
09-28 20:42:36.090  4504  4931 I VRI[MainActivity]@979a010: mWNT: t=0xb4000078d7f90730 mBlastBufferQueue=0xb400007887f5b3a0 fn= 2254 HdrRenderState mRenderHdrSdrRatio=1.0 caller= android.view.SyncRtSurfaceTransactionApplier.applyTransaction:102 android.view.SyncRtSurfaceTransactionApplier.lambda$scheduleApply$0:75 android.view.SyncRtSurfaceTransactionApplier.$r8$lambda$afI4fXg3U3-nBZQEDQMiNy-B06s:0 
09-28 20:42:36.098  4504  4930 I VRI[MainActivity]@979a010: mWNT: t=0xb4000078d7f88ef0 mBlastBufferQueue=0xb400007887f5b3a0 fn= 2255 HdrRenderState mRenderHdrSdrRatio=1.0 caller= android.view.SyncRtSurfaceTransactionApplier.applyTransaction:102 android.view.SyncRtSurfaceTransactionApplier.lambda$scheduleApply$0:75 android.view.SyncRtSurfaceTransactionApplier.$r8$lambda$afI4fXg3U3-nBZQEDQMiNy-B06s:0 
09-28 20:42:36.106  4504  4931 I VRI[MainActivity]@979a010: mWNT: t=0xb4000078d8017020 mBlastBufferQueue=0xb400007887f5b3a0 fn= 2256 HdrRenderState mRenderHdrSdrRatio=1.0 caller= android.view.SyncRtSurfaceTransactionApplier.applyTransaction:102 android.view.SyncRtSurfaceTransactionApplier.lambda$scheduleApply$0:75 android.view.SyncRtSurfaceTransactionApplier.$r8$lambda$afI4fXg3U3-nBZQEDQMiNy-B06s:0 
09-28 20:42:36.115  4504  4930 I VRI[MainActivity]@979a010: mWNT: t=0xb4000078d801f890 mBlastBufferQueue=0xb400007887f5b3a0 fn= 2257 HdrRenderState mRenderHdrSdrRatio=1.0 caller= android.view.SyncRtSurfaceTransactionApplier.applyTransaction:102 android.view.SyncRtSurfaceTransactionApplier.lambda$scheduleApply$0:75 android.view.SyncRtSurfaceTransactionApplier.$r8$lambda$afI4fXg3U3-nBZQEDQMiNy-B06s:0 
09-28 20:42:36.119  4504  4931 I VRI[MainActivity]@979a010: mWNT: t=0xb4000078d8016240 mBlastBufferQueue=0xb400007887f5b3a0 fn= 2258 HdrRenderState mRenderHdrSdrRatio=1.0 caller= android.view.SyncRtSurfaceTransactionApplier.applyTransaction:102 android.view.SyncRtSurfaceTransactionApplier.lambda$scheduleApply$0:75 android.view.SyncRtSurfaceTransactionApplier.$r8$lambda$afI4fXg3U3-nBZQEDQMiNy-B06s:0 
09-28 20:42:36.134  4504  4930 I VRI[MainActivity]@979a010: mWNT: t=0xb4000078d7f88360 mBlastBufferQueue=0xb400007887f5b3a0 fn= 2259 HdrRenderState mRenderHdrSdrRatio=1.0 caller= android.view.SyncRtSurfaceTransactionApplier.applyTransaction:102 android.view.SyncRtSurfaceTransactionApplier.lambda$scheduleApply$0:75 android.view.SyncRtSurfaceTransactionApplier.$r8$lambda$afI4fXg3U3-nBZQEDQMiNy-B06s:0 
09-28 20:42:36.136  4504  4504 I ImeTracker: com.negi.survey:5ef147a3: onShown
09-28 20:42:36.141  4504  4931 I VRI[MainActivity]@979a010: mWNT: t=0xb4000078d8015ff0 mBlastBufferQueue=0xb400007887f5b3a0 fn= 2260 HdrRenderState mRenderHdrSdrRatio=1.0 caller= android.view.SyncRtSurfaceTransactionApplier.applyTransaction:102 android.view.SyncRtSurfaceTransactionApplier.lambda$scheduleApply$0:75 android.view.SyncRtSurfaceTransactionApplier.$r8$lambda$afI4fXg3U3-nBZQEDQMiNy-B06s:0 
09-28 20:42:36.403  4504  4504 I View    : setRequestedFrameRate frameRate=NaN, this=android.view.View{7aaab67 V.ED..... ........ 0,0-0,0}, caller=androidx.compose.ui.platform.Api35Impl.setRequestedFrameRate:4047 androidx.compose.ui.platform.AndroidComposeView.dispatchDraw:2282 android.view.View.draw:26758 android.view.View.updateDisplayListIfDirty:25577 android.view.ViewGroup.recreateChildDisplayList:4881 
09-28 20:42:36.848  4504  4727 I com.negi.survey: Explicit concurrent mark compact GC freed 1592KB AllocSpace bytes, 1(20KB) LOS objects, 78% free, 6796KB/30MB, paused 135us,1.688ms total 37.448ms
09-28 20:42:37.766  4504  4504 I VRI[MainActivity]@979a010: ViewPostIme key 0
09-28 20:42:37.778  4504  4504 I VRI[MainActivity]@979a010: ViewPostIme key 1
09-28 20:42:38.050  4504  4727 I com.negi.survey: Explicit concurrent mark compact GC freed 376KB AllocSpace bytes, 1(20KB) LOS objects, 78% free, 6772KB/30MB, paused 132us,1.709ms total 24.452ms
09-28 20:42:38.350  4504  4504 I VRI[MainActivity]@979a010: call setFrameRateCategory for touch hint category=no preference, reason=boost timeout, vri=VRI[MainActivity]@979a010
09-28 20:42:38.479  4504  4504 I VRI[MainActivity]@979a010: ViewPostIme pointer 0
09-28 20:42:38.484  4504  4504 I VRI[MainActivity]@979a010: call setFrameRateCategory for touch hint category=high hint, reason=touch, vri=VRI[MainActivity]@979a010
09-28 20:42:38.582  4504  4504 I VRI[MainActivity]@979a010: ViewPostIme pointer 1
09-28 20:42:38.586  4504  4504 D SurveyVM: push -> Done, navSize=10, stackSize=10
09-28 20:42:38.601  4504  4504 D InputMethodManagerUtils: startInputInner - Id : 0
09-28 20:42:38.601  4504  4504 I InputMethodManager: startInputInner - IInputMethodManagerGlobalInvoker.startInputOrWindowGainedFocus
09-28 20:42:38.609  4504  4825 D InputTransport: Input channel constructed: 'ClientS', fd=114
09-28 20:42:38.618  4504  4504 I View    : setRequestedFrameRate frameRate=-4.0, this=android.view.View{7aaab67 V.ED..... ........ 0,0-0,0}, caller=androidx.compose.ui.platform.Api35Impl.setRequestedFrameRate:4047 androidx.compose.ui.platform.AndroidComposeView.dispatchDraw:2282 android.view.View.draw:26758 android.view.View.updateDisplayListIfDirty:25577 android.view.ViewGroup.recreateChildDisplayList:4881 
09-28 20:42:38.618  4504  4504 D WhisperSpeechController: updateContext: surveyId=ee2b2b0c-a2f5-4bad-bc38-16aad9c5d00d, questionId=Done
09-28 20:42:38.695  4504  4504 I View    : setRequestedFrameRate frameRate=NaN, this=android.view.View{7aaab67 V.ED..... ........ 0,0-0,0}, caller=androidx.compose.ui.platform.Api35Impl.setRequestedFrameRate:4047 androidx.compose.ui.platform.AndroidComposeView.dispatchDraw:2282 android.view.View.draw:26758 android.view.View.updateDisplayListIfDirty:25577 android.view.ViewGroup.recreateChildDisplayList:4881 
09-28 20:42:39.271  4504  4727 I com.negi.survey: Explicit concurrent mark compact GC freed 980KB AllocSpace bytes, 1(20KB) LOS objects, 77% free, 7140KB/30MB, paused 208us,1.468ms total 35.711ms
09-28 20:42:39.282  4504  4525 D InputTransport: Input channel destroyed: 'ClientS', fd=114
09-28 20:42:39.353  4504  4504 D InsetsController: hide(ime())
09-28 20:42:39.353  4504  4504 I ImeTracker: com.negi.survey:8e63c6ef: onRequestHide at ORIGIN_CLIENT reason HIDE_SOFT_INPUT_BY_INSETS_API fromUser false
09-28 20:42:39.353  4504  4504 D WindowOnBackDispatcher: setTopOnBackInvokedCallback (unwrapped): androidx.navigationevent.OnBackInvokedInput$createOnBackAnimationCallback$1@4ef7b54
09-28 20:42:39.353  4504  4504 D InsetsController: Setting requestedVisibleTypes to 503 (was 511)
09-28 20:42:39.353  4504  4504 I InsetsController: setRequestedVisibleTypes: visible=false, mask=ime, host=com.negi.survey/com.negi.survey.MainActivity, from=android.view.InsetsController.controlAnimationUnchecked:1646 android.view.InsetsController.applyAnimation:2278 android.view.InsetsController.applyAnimation:2207 android.view.InsetsController.hide:1581 android.view.InsetsController.hide:1521 androidx.core.view.SoftwareKeyboardControllerCompat$Impl30.hide:222 androidx.core.view.SoftwareKeyboardControllerCompat.hide:80 androidx.compose.ui.text.input.InputMethodManagerImpl.hideSoftInput:85 androidx.compose.ui.text.input.TextInputServiceAndroid.setKeyboardVisibleImmediately:470 androidx.compose.ui.text.input.TextInputServiceAndroid.processInputCommands:352 
09-28 20:42:39.354  4504  4504 D InputMethodManagerUtils: startInputInner - Id : 0
09-28 20:42:39.354  4504  4504 I InputMethodManager: startInputInner - IInputMethodManagerGlobalInvoker.startInputOrWindowGainedFocus
09-28 20:42:39.361  4504  4504 D VRI[MainActivity]@979a010: WindowInsets changed: ime:null 
09-28 20:42:39.362  4504  4504 I BLASTBufferQueue_Java: update, w= 1080 h= 2340 mName = VRI[MainActivity]@979a010 mNativeObject= 0xb400007887f5b3a0 sc.mNativeObject= 0xb400007937f285d0 format= -1 caller= android.view.ViewRootImpl.updateBlastSurfaceIfNeeded:3592 android.view.ViewRootImpl.relayoutWindow:11813 android.view.ViewRootImpl.performTraversals:4840 android.view.ViewRootImpl.doTraversal:3959 android.view.ViewRootImpl$TraversalRunnable.run:13034 android.view.Choreographer$CallbackRecord.run:1961 
09-28 20:42:39.362  4504  4504 I VRI[MainActivity]@979a010: Relayout returned: old=(0,0,1080,2340) new=(0,0,1080,2340) relayoutAsync=true req=(1080,2340)0 dur=0 res=0x0 s={true 0xb4000078c7f55780} ch=false seqId=0
09-28 20:42:39.363  4504  4504 I VRI[MainActivity]@979a010: registerCallbackForPendingTransactions
09-28 20:42:39.364  4504  4930 I VRI[MainActivity]@979a010: mWNT: t=0xb4000078d7f31a30 mBlastBufferQueue=0xb400007887f5b3a0 fn= 2352 HdrRenderState mRenderHdrSdrRatio=1.0 caller= android.view.SyncRtSurfaceTransactionApplier.applyTransaction:102 android.view.SyncRtSurfaceTransactionApplier.lambda$scheduleApply$0:75 android.view.SyncRtSurfaceTransactionApplier.$r8$lambda$afI4fXg3U3-nBZQEDQMiNy-B06s:0 
09-28 20:42:39.364  4504  4504 I InsetsController: onStateChanged: host=com.negi.survey/com.negi.survey.MainActivity, from=android.view.ViewRootImpl.onInsetsStateChanged:3038, state=InsetsState: {mDisplayFrame=Rect(0, 0 - 1080, 2340), mDisplayCutout=DisplayCutout{insets=Rect(0, 82 - 0, 0) waterfall=Insets{left=0, top=0, right=0, bottom=0} boundingRect={Bounds=[Rect(0, 0 - 0, 0), Rect(511, 24 - 569, 82), Rect(0, 0 - 0, 0), Rect(0, 0 - 0, 0)]} cutoutPathParserInfo={CutoutPathParserInfo{displayWidth=1080 displayHeight=2340 physicalDisplayWidth=1080 physicalDisplayHeight=2340 density={2.8125} cutoutSpec={M 0,0 M 0, 8.533333333333333 a 10.31111111111111,10.31111111111111 0 1,0 0,20.62222222222222 a 10.31111111111111,10.31111111111111 0 1,0 0,-20.62222222222222 Z @dp} rotation={0} scale={1.0} physicalPixelDisplaySizeRatio={1.0}}} sideOverrides={}}, mRoundedCorners=RoundedCorners{[RoundedCorner{position=TopLeft, radius=113, center=Point(113, 113)}, RoundedCorner{position=TopRight, radius=113, center=Point(967, 113)}, RoundedCorner{position=BottomRight, radius=113, center=Point(967, 2227)}, RoundedCorner{position=BottomLeft, radius=113, center=Point(113, 2227)}]}  mRoundedCornerFrame=Rect(0, 0 - 1080, 2340), mPrivacyIndicatorBounds=PrivacyIndicatorBounds {static bounds=Rect(956, 0 - 1080, 97) rotation=0}, mDisplayShape=DisplayShape{ spec=-311912193 displayWidth=1080 displayHeight=2340 physicalPixelDisplaySizeRatio=1.0 rotation=0 offsetX=0 offsetY=0 scale=1.0}, mSources= { InsetsSource: {dc020001 mType=navigationBars mFrame=[0,2205][1080,2340] mAttachedInsets=null mVisible=true mFlags= mSideHint=BOTTOM mBoundingRects=null}, InsetsSource: {dc020004 mType=systemGestures mFrame=[0,0][0,0] mAttachedInsets=null mVisible=true mFlags= mSideHint=NONE mBoundingRects=null}, InsetsSource: {dc020005 mType=mandatorySystemGestures mFrame=[0,2205][1080,2340] mAttachedInsets=null mVisible=true mFlags= mSideHint=BOTTOM mBoundingRects=null}, InsetsSource: {dc020006 mType=tappableElement mFrame=[0,2205][1080,2340] mAttachedInsets=null mVisible=true mFlags= mSideHint=BOTTOM mBoundingRects=null}, InsetsSource: {dc020024 mType=systemGestures mFrame=[0,0][0,0] mAttachedInsets=null mVisible=true mFlags= mSideHint=NONE mBoundingRects=null}, InsetsSource: {3 mType=ime mFrame=[0,1332][1080,2340] mAttachedInsets=null mVisible=false mFlags= mSideHint=BOTTOM mBoundingRects=null}, InsetsSource: {27 mType=displayCutout mFrame=[0,0][1080,82] mAttachedInsets=null mVisible=true mFlags= mSideHint=TOP mBoundingRects=null}, InsetsSource: {23ca0000 mType=statusBars mFrame=[0,0][1080,97] mAttachedInsets=null mVisible=true mFlags= mSideHint=TOP mBoundingRects=null}, InsetsSource: {23ca0005 mType=mandatorySystemGestures mFrame=[0,0][1080,116] mAttachedInsets=null mVisible=true mFlags= mSideHint=TOP mBoundingRects=null}, InsetsSource: {23ca0006 mType=tappableElement mFrame=[0,0][1080,97] mAttachedInsets=null mVisible=true mFlags= mSideHint=TOP mBoundingRects=null} }
09-28 20:42:39.364  4504  4504 I VRI[MainActivity]@979a010: handleResized, frames=ClientWindowFrames{frame=[0,0][1080,2340] display=[0,0][1080,2340] parentFrame=[0,0][0,0]} displayId=0 dragResizing=false compatScale=1.0 frameChanged=false attachedFrameChanged=false configChanged=false displayChanged=false compatScaleChanged=false dragResizingChanged=false
09-28 20:42:39.364  4504  4930 I VRI[MainActivity]@979a010: mWNT: t=0xb4000078d800eea0 mBlastBufferQueue=0xb400007887f5b3a0 fn= 2352 HdrRenderState mRenderHdrSdrRatio=1.0 caller= android.view.ViewRootImpl$10.onFrameDraw:6615 android.view.ViewRootImpl$4.onFrameDraw:2485 android.view.ThreadedRenderer$1.onFrameDraw:751 
09-28 20:42:39.368  4504  4727 D InputTransport: Input channel constructed: 'ClientS', fd=134
09-28 20:42:39.369  4504  4931 I VRI[MainActivity]@979a010: mWNT: t=0xb4000078d7fab9f0 mBlastBufferQueue=0xb400007887f5b3a0 fn= 2353 HdrRenderState mRenderHdrSdrRatio=1.0 caller= android.view.SyncRtSurfaceTransactionApplier.applyTransaction:102 android.view.SyncRtSurfaceTransactionApplier.lambda$scheduleApply$0:75 android.view.SyncRtSurfaceTransactionApplier.$r8$lambda$afI4fXg3U3-nBZQEDQMiNy-B06s:0 
09-28 20:42:39.384  4504  4504 I View    : setRequestedFrameRate frameRate=-4.0, this=android.view.View{7aaab67 V.ED..... ........ 0,0-0,0}, caller=androidx.compose.ui.platform.Api35Impl.setRequestedFrameRate:4047 androidx.compose.ui.platform.AndroidComposeView.dispatchDraw:2282 android.view.View.draw:26758 android.view.View.updateDisplayListIfDirty:25577 android.view.View.draw:26477 
09-28 20:42:39.385  4504  4504 I InsetsSourceConsumer: applyRequestedVisibilityToControl: visible=true, type=navigationBars, host=com.negi.survey/com.negi.survey.MainActivity
09-28 20:42:39.385  4504  4504 I ImeTracker: com.negi.survey:8ac60ffe: onCancelled at PHASE_CLIENT_ON_CONTROLS_CHANGED
09-28 20:42:39.386  4504  4930 I VRI[MainActivity]@979a010: mWNT: t=0xb4000078d8015900 mBlastBufferQueue=0xb400007887f5b3a0 fn= 2354 HdrRenderState mRenderHdrSdrRatio=1.0 caller= android.view.SyncRtSurfaceTransactionApplier.applyTransaction:102 android.view.SyncRtSurfaceTransactionApplier.lambda$scheduleApply$0:75 android.view.SyncRtSurfaceTransactionApplier.$r8$lambda$afI4fXg3U3-nBZQEDQMiNy-B06s:0 
09-28 20:42:39.392  4504  4931 I VRI[MainActivity]@979a010: mWNT: t=0xb4000078d801f1a0 mBlastBufferQueue=0xb400007887f5b3a0 fn= 2355 HdrRenderState mRenderHdrSdrRatio=1.0 caller= android.view.SyncRtSurfaceTransactionApplier.applyTransaction:102 android.view.SyncRtSurfaceTransactionApplier.lambda$scheduleApply$0:75 android.view.SyncRtSurfaceTransactionApplier.$r8$lambda$afI4fXg3U3-nBZQEDQMiNy-B06s:0 
09-28 20:42:39.398  4504  4930 I VRI[MainActivity]@979a010: mWNT: t=0xb4000078d7f96cf0 mBlastBufferQueue=0xb400007887f5b3a0 fn= 2356 HdrRenderState mRenderHdrSdrRatio=1.0 caller= android.view.SyncRtSurfaceTransactionApplier.applyTransaction:102 android.view.SyncRtSurfaceTransactionApplier.lambda$scheduleApply$0:75 android.view.SyncRtSurfaceTransactionApplier.$r8$lambda$afI4fXg3U3-nBZQEDQMiNy-B06s:0 
09-28 20:42:39.407  4504  4931 I VRI[MainActivity]@979a010: mWNT: t=0xb4000078d7f8cb10 mBlastBufferQueue=0xb400007887f5b3a0 fn= 2357 HdrRenderState mRenderHdrSdrRatio=1.0 caller= android.view.SyncRtSurfaceTransactionApplier.applyTransaction:102 android.view.SyncRtSurfaceTransactionApplier.lambda$scheduleApply$0:75 android.view.SyncRtSurfaceTransactionApplier.$r8$lambda$afI4fXg3U3-nBZQEDQMiNy-B06s:0 
09-28 20:42:39.415  4504  4930 I VRI[MainActivity]@979a010: mWNT: t=0xb4000078d7f3ff20 mBlastBufferQueue=0xb400007887f5b3a0 fn= 2358 HdrRenderState mRenderHdrSdrRatio=1.0 caller= android.view.SyncRtSurfaceTransactionApplier.applyTransaction:102 android.view.SyncRtSurfaceTransactionApplier.lambda$scheduleApply$0:75 android.view.SyncRtSurfaceTransactionApplier.$r8$lambda$afI4fXg3U3-nBZQEDQMiNy-B06s:0 
09-28 20:42:39.424  4504  4931 I VRI[MainActivity]@979a010: mWNT: t=0xb4000078d801ac40 mBlastBufferQueue=0xb400007887f5b3a0 fn= 2359 HdrRenderState mRenderHdrSdrRatio=1.0 caller= android.view.SyncRtSurfaceTransactionApplier.applyTransaction:102 android.view.SyncRtSurfaceTransactionApplier.lambda$scheduleApply$0:75 android.view.SyncRtSurfaceTransactionApplier.$r8$lambda$afI4fXg3U3-nBZQEDQMiNy-B06s:0 
09-28 20:42:39.432  4504  4930 I VRI[MainActivity]@979a010: mWNT: t=0xb4000078d801fae0 mBlastBufferQueue=0xb400007887f5b3a0 fn= 2360 HdrRenderState mRenderHdrSdrRatio=1.0 caller= android.view.SyncRtSurfaceTransactionApplier.applyTransaction:102 android.view.SyncRtSurfaceTransactionApplier.lambda$scheduleApply$0:75 android.view.SyncRtSurfaceTransactionApplier.$r8$lambda$afI4fXg3U3-nBZQEDQMiNy-B06s:0 
09-28 20:42:39.440  4504  4931 I VRI[MainActivity]@979a010: mWNT: t=0xb4000078d7f91760 mBlastBufferQueue=0xb400007887f5b3a0 fn= 2361 HdrRenderState mRenderHdrSdrRatio=1.0 caller= android.view.SyncRtSurfaceTransactionApplier.applyTransaction:102 android.view.SyncRtSurfaceTransactionApplier.lambda$scheduleApply$0:75 android.view.SyncRtSurfaceTransactionApplier.$r8$lambda$afI4fXg3U3-nBZQEDQMiNy-B06s:0 
09-28 20:42:39.448  4504  4930 I VRI[MainActivity]@979a010: mWNT: t=0xb4000078d8018990 mBlastBufferQueue=0xb400007887f5b3a0 fn= 2362 HdrRenderState mRenderHdrSdrRatio=1.0 caller= android.view.SyncRtSurfaceTransactionApplier.applyTransaction:102 android.view.SyncRtSurfaceTransactionApplier.lambda$scheduleApply$0:75 android.view.SyncRtSurfaceTransactionApplier.$r8$lambda$afI4fXg3U3-nBZQEDQMiNy-B06s:0 
09-28 20:42:39.456  4504  4931 I VRI[MainActivity]@979a010: mWNT: t=0xb4000078d801df20 mBlastBufferQueue=0xb400007887f5b3a0 fn= 2363 HdrRenderState mRenderHdrSdrRatio=1.0 caller= android.view.SyncRtSurfaceTransactionApplier.applyTransaction:102 android.view.SyncRtSurfaceTransactionApplier.lambda$scheduleApply$0:75 android.view.SyncRtSurfaceTransactionApplier.$r8$lambda$afI4fXg3U3-nBZQEDQMiNy-B06s:0 
09-28 20:42:39.465  4504  4930 I VRI[MainActivity]@979a010: mWNT: t=0xb4000078d7f9ec20 mBlastBufferQueue=0xb400007887f5b3a0 fn= 2364 HdrRenderState mRenderHdrSdrRatio=1.0 caller= android.view.SyncRtSurfaceTransactionApplier.applyTransaction:102 android.view.SyncRtSurfaceTransactionApplier.lambda$scheduleApply$0:75 android.view.SyncRtSurfaceTransactionApplier.$r8$lambda$afI4fXg3U3-nBZQEDQMiNy-B06s:0 
09-28 20:42:39.473  4504  4931 I VRI[MainActivity]@979a010: mWNT: t=0xb4000078d80148d0 mBlastBufferQueue=0xb400007887f5b3a0 fn= 2365 HdrRenderState mRenderHdrSdrRatio=1.0 caller= android.view.SyncRtSurfaceTransactionApplier.applyTransaction:102 android.view.SyncRtSurfaceTransactionApplier.lambda$scheduleApply$0:75 android.view.SyncRtSurfaceTransactionApplier.$r8$lambda$afI4fXg3U3-nBZQEDQMiNy-B06s:0 
09-28 20:42:39.481  4504  4930 I VRI[MainActivity]@979a010: mWNT: t=0xb4000078d8018740 mBlastBufferQueue=0xb400007887f5b3a0 fn= 2366 HdrRenderState mRenderHdrSdrRatio=1.0 caller= android.view.SyncRtSurfaceTransactionApplier.applyTransaction:102 android.view.SyncRtSurfaceTransactionApplier.lambda$scheduleApply$0:75 android.view.SyncRtSurfaceTransactionApplier.$r8$lambda$afI4fXg3U3-nBZQEDQMiNy-B06s:0 
09-28 20:42:39.490  4504  4931 I VRI[MainActivity]@979a010: mWNT: t=0xb4000078d80182a0 mBlastBufferQueue=0xb400007887f5b3a0 fn= 2367 HdrRenderState mRenderHdrSdrRatio=1.0 caller= android.view.SyncRtSurfaceTransactionApplier.applyTransaction:102 android.view.SyncRtSurfaceTransactionApplier.lambda$scheduleApply$0:75 android.view.SyncRtSurfaceTransactionApplier.$r8$lambda$afI4fXg3U3-nBZQEDQMiNy-B06s:0 
09-28 20:42:39.498  4504  4930 I VRI[MainActivity]@979a010: mWNT: t=0xb4000078d801bec0 mBlastBufferQueue=0xb400007887f5b3a0 fn= 2368 HdrRenderState mRenderHdrSdrRatio=1.0 caller= android.view.SyncRtSurfaceTransactionApplier.applyTransaction:102 android.view.SyncRtSurfaceTransactionApplier.lambda$scheduleApply$0:75 android.view.SyncRtSurfaceTransactionApplier.$r8$lambda$afI4fXg3U3-nBZQEDQMiNy-B06s:0 
09-28 20:42:39.506  4504  4931 I VRI[MainActivity]@979a010: mWNT: t=0xb4000078d800e7b0 mBlastBufferQueue=0xb400007887f5b3a0 fn= 2369 HdrRenderState mRenderHdrSdrRatio=1.0 caller= android.view.SyncRtSurfaceTransactionApplier.applyTransaction:102 android.view.SyncRtSurfaceTransactionApplier.lambda$scheduleApply$0:75 android.view.SyncRtSurfaceTransactionApplier.$r8$lambda$afI4fXg3U3-nBZQEDQMiNy-B06s:0 
09-28 20:42:39.516  4504  4930 I VRI[MainActivity]@979a010: mWNT: t=0xb4000078d8016490 mBlastBufferQueue=0xb400007887f5b3a0 fn= 2370 HdrRenderState mRenderHdrSdrRatio=1.0 caller= android.view.SyncRtSurfaceTransactionApplier.applyTransaction:102 android.view.SyncRtSurfaceTransactionApplier.lambda$scheduleApply$0:75 android.view.SyncRtSurfaceTransactionApplier.$r8$lambda$afI4fXg3U3-nBZQEDQMiNy-B06s:0 
09-28 20:42:39.523  4504  4931 I VRI[MainActivity]@979a010: mWNT: t=0xb4000078d7faecd0 mBlastBufferQueue=0xb400007887f5b3a0 fn= 2371 HdrRenderState mRenderHdrSdrRatio=1.0 caller= android.view.SyncRtSurfaceTransactionApplier.applyTransaction:102 android.view.SyncRtSurfaceTransactionApplier.lambda$scheduleApply$0:75 android.view.SyncRtSurfaceTransactionApplier.$r8$lambda$afI4fXg3U3-nBZQEDQMiNy-B06s:0 
09-28 20:42:39.531  4504  4930 I VRI[MainActivity]@979a010: mWNT: t=0xb4000078d801a9f0 mBlastBufferQueue=0xb400007887f5b3a0 fn= 2372 HdrRenderState mRenderHdrSdrRatio=1.0 caller= android.view.SyncRtSurfaceTransactionApplier.applyTransaction:102 android.view.SyncRtSurfaceTransactionApplier.lambda$scheduleApply$0:75 android.view.SyncRtSurfaceTransactionApplier.$r8$lambda$afI4fXg3U3-nBZQEDQMiNy-B06s:0 
09-28 20:42:39.539  4504  4931 I VRI[MainActivity]@979a010: mWNT: t=0xb4000078d7f86550 mBlastBufferQueue=0xb400007887f5b3a0 fn= 2373 HdrRenderState mRenderHdrSdrRatio=1.0 caller= android.view.SyncRtSurfaceTransactionApplier.applyTransaction:102 android.view.SyncRtSurfaceTransactionApplier.lambda$scheduleApply$0:75 android.view.SyncRtSurfaceTransactionApplier.$r8$lambda$afI4fXg3U3-nBZQEDQMiNy-B06s:0 
09-28 20:42:39.547  4504  4930 I VRI[MainActivity]@979a010: mWNT: t=0xb4000078d8018be0 mBlastBufferQueue=0xb400007887f5b3a0 fn= 2374 HdrRenderState mRenderHdrSdrRatio=1.0 caller= android.view.SyncRtSurfaceTransactionApplier.applyTransaction:102 android.view.SyncRtSurfaceTransactionApplier.lambda$scheduleApply$0:75 android.view.SyncRtSurfaceTransactionApplier.$r8$lambda$afI4fXg3U3-nBZQEDQMiNy-B06s:0 
09-28 20:42:39.554  4504  4931 I VRI[MainActivity]@979a010: mWNT: t=0xb4000078d7f3f830 mBlastBufferQueue=0xb400007887f5b3a0 fn= 2375 HdrRenderState mRenderHdrSdrRatio=1.0 caller= android.view.SyncRtSurfaceTransactionApplier.applyTransaction:102 android.view.SyncRtSurfaceTransactionApplier.lambda$scheduleApply$0:75 android.view.SyncRtSurfaceTransactionApplier.$r8$lambda$afI4fXg3U3-nBZQEDQMiNy-B06s:0 
09-28 20:42:39.563  4504  4930 I VRI[MainActivity]@979a010: mWNT: t=0xb4000078d8019080 mBlastBufferQueue=0xb400007887f5b3a0 fn= 2376 HdrRenderState mRenderHdrSdrRatio=1.0 caller= android.view.SyncRtSurfaceTransactionApplier.applyTransaction:102 android.view.SyncRtSurfaceTransactionApplier.lambda$scheduleApply$0:75 android.view.SyncRtSurfaceTransactionApplier.$r8$lambda$afI4fXg3U3-nBZQEDQMiNy-B06s:0 
09-28 20:42:39.571  4504  4931 I VRI[MainActivity]@979a010: mWNT: t=0xb4000078d8014d70 mBlastBufferQueue=0xb400007887f5b3a0 fn= 2377 HdrRenderState mRenderHdrSdrRatio=1.0 caller= android.view.SyncRtSurfaceTransactionApplier.applyTransaction:102 android.view.SyncRtSurfaceTransactionApplier.lambda$scheduleApply$0:75 android.view.SyncRtSurfaceTransactionApplier.$r8$lambda$afI4fXg3U3-nBZQEDQMiNy-B06s:0 
09-28 20:42:39.581  4504  4930 I VRI[MainActivity]@979a010: mWNT: t=0xb4000078d80199c0 mBlastBufferQueue=0xb400007887f5b3a0 fn= 2378 HdrRenderState mRenderHdrSdrRatio=1.0 caller= android.view.SyncRtSurfaceTransactionApplier.applyTransaction:102 android.view.SyncRtSurfaceTransactionApplier.lambda$scheduleApply$0:75 android.view.SyncRtSurfaceTransactionApplier.$r8$lambda$afI4fXg3U3-nBZQEDQMiNy-B06s:0 
09-28 20:42:39.589  4504  4931 I VRI[MainActivity]@979a010: mWNT: t=0xb4000078d7f988b0 mBlastBufferQueue=0xb400007887f5b3a0 fn= 2379 HdrRenderState mRenderHdrSdrRatio=1.0 caller= android.view.SyncRtSurfaceTransactionApplier.applyTransaction:102 android.view.SyncRtSurfaceTransactionApplier.lambda$scheduleApply$0:75 android.view.SyncRtSurfaceTransactionApplier.$r8$lambda$afI4fXg3U3-nBZQEDQMiNy-B06s:0 
09-28 20:42:39.597  4504  4930 I VRI[MainActivity]@979a010: mWNT: t=0xb4000078d801e860 mBlastBufferQueue=0xb400007887f5b3a0 fn= 2380 HdrRenderState mRenderHdrSdrRatio=1.0 caller= android.view.SyncRtSurfaceTransactionApplier.applyTransaction:102 android.view.SyncRtSurfaceTransactionApplier.lambda$scheduleApply$0:75 android.view.SyncRtSurfaceTransactionApplier.$r8$lambda$afI4fXg3U3-nBZQEDQMiNy-B06s:0 
09-28 20:42:39.606  4504  4931 I VRI[MainActivity]@979a010: mWNT: t=0xb4000078d7f9f310 mBlastBufferQueue=0xb400007887f5b3a0 fn= 2381 HdrRenderState mRenderHdrSdrRatio=1.0 caller= android.view.SyncRtSurfaceTransactionApplier.applyTransaction:102 android.view.SyncRtSurfaceTransactionApplier.lambda$scheduleApply$0:75 android.view.SyncRtSurfaceTransactionApplier.$r8$lambda$afI4fXg3U3-nBZQEDQMiNy-B06s:0 
09-28 20:42:39.613  4504  4930 I VRI[MainActivity]@979a010: mWNT: t=0xb4000078d7f8e920 mBlastBufferQueue=0xb400007887f5b3a0 fn= 2382 HdrRenderState mRenderHdrSdrRatio=1.0 caller= android.view.SyncRtSurfaceTransactionApplier.applyTransaction:102 android.view.SyncRtSurfaceTransactionApplier.lambda$scheduleApply$0:75 android.view.SyncRtSurfaceTransactionApplier.$r8$lambda$afI4fXg3U3-nBZQEDQMiNy-B06s:0 
09-28 20:42:39.621  4504  4931 I VRI[MainActivity]@979a010: mWNT: t=0xb4000078d7f8a170 mBlastBufferQueue=0xb400007887f5b3a0 fn= 2383 HdrRenderState mRenderHdrSdrRatio=1.0 caller= android.view.SyncRtSurfaceTransactionApplier.applyTransaction:102 android.view.SyncRtSurfaceTransactionApplier.lambda$scheduleApply$0:75 android.view.SyncRtSurfaceTransactionApplier.$r8$lambda$afI4fXg3U3-nBZQEDQMiNy-B06s:0 
09-28 20:42:39.630  4504  4930 I VRI[MainActivity]@979a010: mWNT: t=0xb4000078d8015ff0 mBlastBufferQueue=0xb400007887f5b3a0 fn= 2384 HdrRenderState mRenderHdrSdrRatio=1.0 caller= android.view.SyncRtSurfaceTransactionApplier.applyTransaction:102 android.view.SyncRtSurfaceTransactionApplier.lambda$scheduleApply$0:75 android.view.SyncRtSurfaceTransactionApplier.$r8$lambda$afI4fXg3U3-nBZQEDQMiNy-B06s:0 
09-28 20:42:39.639  4504  4931 I VRI[MainActivity]@979a010: mWNT: t=0xb4000078d7f981c0 mBlastBufferQueue=0xb400007887f5b3a0 fn= 2385 HdrRenderState mRenderHdrSdrRatio=1.0 caller= android.view.SyncRtSurfaceTransactionApplier.applyTransaction:102 android.view.SyncRtSurfaceTransactionApplier.lambda$scheduleApply$0:75 android.view.SyncRtSurfaceTransactionApplier.$r8$lambda$afI4fXg3U3-nBZQEDQMiNy-B06s:0 
09-28 20:42:39.647  4504  4930 I VRI[MainActivity]@979a010: mWNT: t=0xb4000078d801d830 mBlastBufferQueue=0xb400007887f5b3a0 fn= 2386 HdrRenderState mRenderHdrSdrRatio=1.0 caller= android.view.SyncRtSurfaceTransactionApplier.applyTransaction:102 android.view.SyncRtSurfaceTransactionApplier.lambda$scheduleApply$0:75 android.view.SyncRtSurfaceTransactionApplier.$r8$lambda$afI4fXg3U3-nBZQEDQMiNy-B06s:0 
09-28 20:42:39.655  4504  4931 I VRI[MainActivity]@979a010: mWNT: t=0xb4000078d8019520 mBlastBufferQueue=0xb400007887f5b3a0 fn= 2387 HdrRenderState mRenderHdrSdrRatio=1.0 caller= android.view.SyncRtSurfaceTransactionApplier.applyTransaction:102 android.view.SyncRtSurfaceTransactionApplier.lambda$scheduleApply$0:75 android.view.SyncRtSurfaceTransactionApplier.$r8$lambda$afI4fXg3U3-nBZQEDQMiNy-B06s:0 
09-28 20:42:39.664  4504  4930 I VRI[MainActivity]@979a010: mWNT: t=0xb4000078d8013650 mBlastBufferQueue=0xb400007887f5b3a0 fn= 2388 HdrRenderState mRenderHdrSdrRatio=1.0 caller= android.view.SyncRtSurfaceTransactionApplier.applyTransaction:102 android.view.SyncRtSurfaceTransactionApplier.lambda$scheduleApply$0:75 android.view.SyncRtSurfaceTransactionApplier.$r8$lambda$afI4fXg3U3-nBZQEDQMiNy-B06s:0 
09-28 20:42:39.669  4504  4504 I View    : setRequestedFrameRate frameRate=NaN, this=android.view.View{7aaab67 V.ED..... ........ 0,0-0,0}, caller=androidx.compose.ui.platform.Api35Impl.setRequestedFrameRate:4047 androidx.compose.ui.platform.AndroidComposeView.dispatchDraw:2282 android.view.View.draw:26758 android.view.View.updateDisplayListIfDirty:25577 android.view.ViewGroup.recreateChildDisplayList:4881 
09-28 20:42:39.671  4504  4931 I VRI[MainActivity]@979a010: mWNT: t=0xb4000078d801a550 mBlastBufferQueue=0xb400007887f5b3a0 fn= 2389 HdrRenderState mRenderHdrSdrRatio=1.0 caller= android.view.SyncRtSurfaceTransactionApplier.applyTransaction:102 android.view.SyncRtSurfaceTransactionApplier.lambda$scheduleApply$0:75 android.view.SyncRtSurfaceTransactionApplier.$r8$lambda$afI4fXg3U3-nBZQEDQMiNy-B06s:0 
09-28 20:42:40.084  4504  4504 I InsetsController: onStateChanged: host=com.negi.survey/com.negi.survey.MainActivity, from=android.view.ViewRootImpl.onInsetsStateChanged:3038, state=InsetsState: {mDisplayFrame=Rect(0, 0 - 1080, 2340), mDisplayCutout=DisplayCutout{insets=Rect(0, 82 - 0, 0) waterfall=Insets{left=0, top=0, right=0, bottom=0} boundingRect={Bounds=[Rect(0, 0 - 0, 0), Rect(511, 24 - 569, 82), Rect(0, 0 - 0, 0), Rect(0, 0 - 0, 0)]} cutoutPathParserInfo={CutoutPathParserInfo{displayWidth=1080 displayHeight=2340 physicalDisplayWidth=1080 physicalDisplayHeight=2340 density={2.8125} cutoutSpec={M 0,0 M 0, 8.533333333333333 a 10.31111111111111,10.31111111111111 0 1,0 0,20.62222222222222 a 10.31111111111111,10.31111111111111 0 1,0 0,-20.62222222222222 Z @dp} rotation={0} scale={1.0} physicalPixelDisplaySizeRatio={1.0}}} sideOverrides={}}, mRoundedCorners=RoundedCorners{[RoundedCorner{position=TopLeft, radius=113, center=Point(113, 113)}, RoundedCorner{position=TopRight, radius=113, center=Point(967, 113)}, RoundedCorner{position=BottomRight, radius=113, center=Point(967, 2227)}, RoundedCorner{position=BottomLeft, radius=113, center=Point(113, 2227)}]}  mRoundedCornerFrame=Rect(0, 0 - 1080, 2340), mPrivacyIndicatorBounds=PrivacyIndicatorBounds {static bounds=Rect(956, 0 - 1080, 97) rotation=0}, mDisplayShape=DisplayShape{ spec=-311912193 displayWidth=1080 displayHeight=2340 physicalPixelDisplaySizeRatio=1.0 rotation=0 offsetX=0 offsetY=0 scale=1.0}, mSources= { InsetsSource: {dc020001 mType=navigationBars mFrame=[0,2205][1080,2340] mAttachedInsets=null mVisible=true mFlags= mSideHint=BOTTOM mBoundingRects=null}, InsetsSource: {dc020004 mType=systemGestures mFrame=[0,0][0,0] mAttachedInsets=null mVisible=true mFlags= mSideHint=NONE mBoundingRects=null}, InsetsSource: {dc020005 mType=mandatorySystemGestures mFrame=[0,2205][1080,2340] mAttachedInsets=null mVisible=true mFlags= mSideHint=BOTTOM mBoundingRects=null}, InsetsSource: {dc020006 mType=tappableElement mFrame=[0,2205][1080,2340] mAttachedInsets=null mVisible=true mFlags= mSideHint=BOTTOM mBoundingRects=null}, InsetsSource: {dc020024 mType=systemGestures mFrame=[0,0][0,0] mAttachedInsets=null mVisible=true mFlags= mSideHint=NONE mBoundingRects=null}, InsetsSource: {3 mType=ime mFrame=[0,0][0,0] mAttachedInsets=null mVisible=false mFlags=INVALID mSideHint=NONE mBoundingRects=null}, InsetsSource: {27 mType=displayCutout mFrame=[0,0][1080,82] mAttachedInsets=null mVisible=true mFlags= mSideHint=TOP mBoundingRects=null}, InsetsSource: {23ca0000 mType=statusBars mFrame=[0,0][1080,97] mAttachedInsets=null mVisible=true mFlags= mSideHint=TOP mBoundingRects=null}, InsetsSource: {23ca0005 mType=mandatorySystemGestures mFrame=[0,0][1080,116] mAttachedInsets=null mVisible=true mFlags= mSideHint=TOP mBoundingRects=null}, InsetsSource: {23ca0006 mType=tappableElement mFrame=[0,0][1080,97] mAttachedInsets=null mVisible=true mFlags= mSideHint=TOP mBoundingRects=null} }
09-28 20:42:40.085  4504  4504 I VRI[MainActivity]@979a010: handleResized, frames=ClientWindowFrames{frame=[0,0][1080,2340] display=[0,0][1080,2340] parentFrame=[0,0][0,0]} displayId=0 dragResizing=false compatScale=1.0 frameChanged=false attachedFrameChanged=false configChanged=false displayChanged=false compatScaleChanged=false dragResizingChanged=false
09-28 20:42:40.503  4504  4825 I com.negi.survey: Explicit concurrent mark compact GC freed 1488KB AllocSpace bytes, 1(20KB) LOS objects, 78% free, 6868KB/30MB, paused 137us,1.686ms total 35.768ms
09-28 20:42:40.514  4504  4525 D InputTransport: Input channel destroyed: 'ClientS', fd=134
09-28 20:42:41.589  4504  4504 I VRI[MainActivity]@979a010: call setFrameRateCategory for touch hint category=no preference, reason=boost timeout, vri=VRI[MainActivity]@979a010
09-28 20:42:41.741  4504  4825 I com.negi.survey: Explicit concurrent mark compact GC freed 232KB AllocSpace bytes, 1(20KB) LOS objects, 78% free, 6860KB/30MB, paused 145us,2.048ms total 25.151ms
09-28 20:42:42.546  4504  4504 I VRI[MainActivity]@979a010: ViewPostIme pointer 0
09-28 20:42:42.549  4504  4504 I VRI[MainActivity]@979a010: call setFrameRateCategory for touch hint category=high hint, reason=touch, vri=VRI[MainActivity]@979a010
09-28 20:42:42.616  4504  4504 I VRI[MainActivity]@979a010: ViewPostIme pointer 1
09-28 20:42:42.621  4504  4504 D MainActivity: Done -> Restart requested (return to selector)
09-28 20:42:42.621  4504  4504 D SurveyVM: resetAudioRefs -> cleared
09-28 20:42:42.623  4504  4504 D SurveyVM: resetNavToStart -> key=com.negi.survey.vm.FlowHome@ca964a0, navSize=1
09-28 20:42:42.624  4504  4504 D SurveyVM: resetToStart -> Start, session=2, uuid=97c46214-abe7-4725-90de-278298860f6e, preserveDraft=false, draftLen=0
09-28 20:42:42.624  4504  4504 D MainActivity: resetToSelector invoked. session=survey_config10.yaml@1
09-28 20:42:42.631  4504  4504 D HeavyInitializer: cancel: no active initialization
09-28 20:42:42.631  4504  4504 I AiViewModel: onCleared: ViewModel is being cleared -> stopCurrentRunInternal()
09-28 20:42:42.634  4504  4609 D WhisperEngine: Detach called. Keeping native context alive for key=asset:models/ggml-small-q5_1.bin
09-28 20:42:42.646  4504  4825 I TextToSpeech: Disconnected from TTS engine
09-28 20:42:42.669  4504  4504 D WindowOnBackDispatcher: setTopOnBackInvokedCallback (unwrapped): android.app.Activity$$ExternalSyntheticLambda0@a88be41
09-28 20:42:42.669  4504  4504 D WhisperSpeechController: stopRecording: not recording, ignoring
09-28 20:42:42.691  4504  4504 I View    : setRequestedFrameRate frameRate=-4.0, this=android.view.View{7aaab67 V.ED..... ........ 0,0-0,0}, caller=androidx.compose.ui.platform.Api35Impl.setRequestedFrameRate:4047 androidx.compose.ui.platform.AndroidComposeView.dispatchDraw:2282 android.view.View.draw:26758 android.view.View.updateDisplayListIfDirty:25577 android.view.View.draw:26477 
09-28 20:42:42.698  4504  4504 I View    : setRequestedFrameRate frameRate=NaN, this=android.view.View{7aaab67 V.ED..... ........ 0,0-0,0}, caller=androidx.compose.ui.platform.Api35Impl.setRequestedFrameRate:4047 androidx.compose.ui.platform.AndroidComposeView.dispatchDraw:2282 android.view.View.draw:26758 android.view.View.updateDisplayListIfDirty:25577 android.view.ViewGroup.recreateChildDisplayList:4881 
09-28 20:42:42.699  4504  4677 D SurveyConfigLoader: fromString -> format=YAML, reason=file extension .yml/.yaml, firstLine='ai_interaction:', leading='ai_interaction:\n  max_followups...' file='survey_config10.yaml'
09-28 20:42:42.755  4504  4677 D SurveyConfigLoader: fromString loaded (survey_config10.yaml): legacy=10(one=0,inline2=10) splitEval=0 splitFollow=0 followMode=TEXT legacyIds=[Q7,Q8,Q9,Q10,Q11,Q12,Q13,Q14] evalIds=[-] followIds=[-]
09-28 20:42:42.756  4504  4504 D IntroScreen: Resolved config details: id=survey_config10.yaml in 62ms
09-28 20:42:42.780  4504  4504 I View    : setRequestedFrameRate frameRate=-4.0, this=android.view.View{7aaab67 V.ED..... ........ 0,0-0,0}, caller=androidx.compose.ui.platform.Api35Impl.setRequestedFrameRate:4047 androidx.compose.ui.platform.AndroidComposeView.dispatchDraw:2282 android.view.View.draw:26758 android.view.View.updateDisplayListIfDirty:25577 android.view.ViewGroup.recreateChildDisplayList:4881 
09-28 20:42:42.958  4504  4825 I com.negi.survey: Explicit concurrent mark compact GC freed 3764KB AllocSpace bytes, 9(216KB) LOS objects, 77% free, 6952KB/30MB, paused 276us,2.153ms total 38.905ms
09-28 20:42:43.093  4504  4504 I View    : setRequestedFrameRate frameRate=NaN, this=android.view.View{7aaab67 V.ED..... ........ 0,0-0,0}, caller=androidx.compose.ui.platform.Api35Impl.setRequestedFrameRate:4047 androidx.compose.ui.platform.AndroidComposeView.dispatchDraw:2282 android.view.View.draw:26758 android.view.View.updateDisplayListIfDirty:25577 android.view.ViewGroup.recreateChildDisplayList:4881 
09-28 20:42:43.107  4504  4504 I View    : setRequestedFrameRate frameRate=-4.0, this=android.view.View{7aaab67 V.ED..... ........ 0,0-0,0}, caller=androidx.compose.ui.platform.Api35Impl.setRequestedFrameRate:4047 androidx.compose.ui.platform.AndroidComposeView.dispatchDraw:2282 android.view.View.draw:26758 android.view.View.updateDisplayListIfDirty:25577 android.view.ViewGroup.recreateChildDisplayList:4881 
09-28 20:42:43.111  4504  4504 I View    : setRequestedFrameRate frameRate=NaN, this=android.view.View{7aaab67 V.ED..... ........ 0,0-0,0}, caller=androidx.compose.ui.platform.Api35Impl.setRequestedFrameRate:4047 androidx.compose.ui.platform.AndroidComposeView.dispatchDraw:2282 android.view.View.draw:26758 android.view.View.updateDisplayListIfDirty:25577 android.view.ViewGroup.recreateChildDisplayList:4881 
09-28 20:42:43.122  4504  4504 I View    : setRequestedFrameRate frameRate=-4.0, this=android.view.View{7aaab67 V.ED..... ........ 0,0-0,0}, caller=androidx.compose.ui.platform.Api35Impl.setRequestedFrameRate:4047 androidx.compose.ui.platform.AndroidComposeView.dispatchDraw:2282 android.view.View.draw:26758 android.view.View.updateDisplayListIfDirty:25577 android.view.ViewGroup.recreateChildDisplayList:4881 
09-28 20:42:43.127  4504  4504 I View    : setRequestedFrameRate frameRate=NaN, this=android.view.View{7aaab67 V.ED..... ........ 0,0-0,0}, caller=androidx.compose.ui.platform.Api35Impl.setRequestedFrameRate:4047 androidx.compose.ui.platform.AndroidComposeView.dispatchDraw:2282 android.view.View.draw:26758 android.view.View.updateDisplayListIfDirty:25577 android.view.ViewGroup.recreateChildDisplayList:4881 
09-28 20:42:43.159  4504  4504 I View    : setRequestedFrameRate frameRate=-4.0, this=android.view.View{7aaab67 V.ED..... ........ 0,0-0,0}, caller=androidx.compose.ui.platform.Api35Impl.setRequestedFrameRate:4047 androidx.compose.ui.platform.AndroidComposeView.dispatchDraw:2282 android.view.View.draw:26758 android.view.View.updateDisplayListIfDirty:25577 android.view.ViewGroup.recreateChildDisplayList:4881 
09-28 20:42:43.164  4504  4504 I View    : setRequestedFrameRate frameRate=NaN, this=android.view.View{7aaab67 V.ED..... ........ 0,0-0,0}, caller=androidx.compose.ui.platform.Api35Impl.setRequestedFrameRate:4047 androidx.compose.ui.platform.AndroidComposeView.dispatchDraw:2282 android.view.View.draw:26758 android.view.View.updateDisplayListIfDirty:25577 android.view.ViewGroup.recreateChildDisplayList:4881 
09-28 20:42:43.172  4504  4504 I View    : setRequestedFrameRate frameRate=-4.0, this=android.view.View{7aaab67 V.ED..... ........ 0,0-0,0}, caller=androidx.compose.ui.platform.Api35Impl.setRequestedFrameRate:4047 androidx.compose.ui.platform.AndroidComposeView.dispatchDraw:2282 android.view.View.draw:26758 android.view.View.updateDisplayListIfDirty:25577 android.view.ViewGroup.recreateChildDisplayList:4881 
09-28 20:42:43.176  4504  4504 I View    : setRequestedFrameRate frameRate=NaN, this=android.view.View{7aaab67 V.ED..... ........ 0,0-0,0}, caller=androidx.compose.ui.platform.Api35Impl.setRequestedFrameRate:4047 androidx.compose.ui.platform.AndroidComposeView.dispatchDraw:2282 android.view.View.draw:26758 android.view.View.updateDisplayListIfDirty:25577 android.view.ViewGroup.recreateChildDisplayList:4881 
09-28 20:42:44.190  4504  4727 I com.negi.survey: Explicit concurrent mark compact GC freed 1296KB AllocSpace bytes, 1(20KB) LOS objects, 78% free, 6904KB/30MB, paused 145us,1.772ms total 39.970ms
09-28 20:42:44.254  4504  4504 I VRI[MainActivity]@979a010: ViewPostIme pointer 0
09-28 20:42:44.333  4504  4504 I VRI[MainActivity]@979a010: ViewPostIme pointer 1
09-28 20:42:44.336  4504  4504 D MainActivity: Intro -> Start session. epoch=2, file=survey_config10.yaml
09-28 20:42:44.358  4504  4504 I View    : setRequestedFrameRate frameRate=-4.0, this=android.view.View{7aaab67 V.ED..... ........ 0,0-0,0}, caller=androidx.compose.ui.platform.Api35Impl.setRequestedFrameRate:4047 androidx.compose.ui.platform.AndroidComposeView.dispatchDraw:2282 android.view.View.draw:26758 android.view.View.updateDisplayListIfDirty:25577 android.view.View.draw:26477 
09-28 20:42:44.360  4504  4677 D SurveyConfigLoader: fromStringStrictValidated -> format=YAML, reason=file extension .yml/.yaml, firstLine='ai_interaction:', leading='ai_interaction:\n  max_followups...' file='survey_config10.yaml'
09-28 20:42:44.368  4504  4504 I View    : setRequestedFrameRate frameRate=NaN, this=android.view.View{7aaab67 V.ED..... ........ 0,0-0,0}, caller=androidx.compose.ui.platform.Api35Impl.setRequestedFrameRate:4047 androidx.compose.ui.platform.AndroidComposeView.dispatchDraw:2282 android.view.View.draw:26758 android.view.View.updateDisplayListIfDirty:25577 android.view.ViewGroup.recreateChildDisplayList:4881 
09-28 20:42:44.406  4504  4677 D SurveyConfigLoader: strict config loaded (survey_config10.yaml): legacy=10(one=0,inline2=10) splitEval=0 splitFollow=0 followMode=TEXT legacyIds=[Q7,Q8,Q9,Q10,Q11,Q12,Q13,Q14] evalIds=[-] followIds=[-]
09-28 20:42:44.414  4504  4677 D SurveyConfigLoader: fromStringStrictValidated -> issues=0 (legacy=10(one=0,inline2=10) splitEval=0 splitFollow=0 followMode=TEXT legacyIds=[Q7,Q8,Q9,Q10,Q11,Q12,Q13,Q14] evalIds=[-] followIds=[-])
09-28 20:42:44.415  4504  4504 D MainActivity: Config loaded. session=survey_config10.yaml@2
09-28 20:42:44.420  4504  4504 D MainActivity: DownloadGate idle -> start download. session=survey_config10.yaml@2
09-28 20:42:44.422  4504  4504 I AppViewModel: private model reused: name=gemma-3n-E4B-it-int4.litertlm bytes=4919541760
09-28 20:42:44.427  4504  4504 I Dialog  : mIsDeviceDefault = false, mIsSamsungBasicInteraction = false, isMetaDataInActivity = false
09-28 20:42:44.432  4504  4504 I DecorView: setWindowBackground: isPopOver=false color=0 d=android.graphics.drawable.ColorDrawable@442ab1b
09-28 20:42:44.438  4504  4504 I WindowManager: WindowManagerGlobal#addView, ty=2, view=com.android.internal.policy.DecorView{9233e94 V.E...... R.....I. 0,0-0,0}[MainActivity], caller=android.view.WindowManagerImpl.addView:167 android.app.Dialog.show:544 androidx.compose.ui.window.AndroidDialog_androidKt.Dialog$lambda$3$0:272 
09-28 20:42:44.438  4504  4504 D ViewRootImpl: desktopMode is false
09-28 20:42:44.439  4504  4504 I ViewRootImpl: dVRR is disabled
09-28 20:42:44.439  4504  4919 D NativeCustomFrequencyManager: [NativeCFMS] BpCustomFrequencyManager::BpCustomFrequencyManager()
09-28 20:42:44.446  4504  4504 D InputTransport: Input channel constructed: '204d432', fd=120
09-28 20:42:44.447  4504  4504 I InsetsController: onStateChanged: host=com.negi.survey/com.negi.survey.MainActivity, from=android.view.ViewRootImpl.onInsetsStateChanged:3038, state=InsetsState: {mDisplayFrame=Rect(0, 0 - 1080, 2340), mDisplayCutout=DisplayCutout{insets=Rect(0, 82 - 0, 0) waterfall=Insets{left=0, top=0, right=0, bottom=0} boundingRect={Bounds=[Rect(0, 0 - 0, 0), Rect(511, 24 - 569, 82), Rect(0, 0 - 0, 0), Rect(0, 0 - 0, 0)]} cutoutPathParserInfo={CutoutPathParserInfo{displayWidth=1080 displayHeight=2340 physicalDisplayWidth=1080 physicalDisplayHeight=2340 density={2.8125} cutoutSpec={M 0,0 M 0, 8.533333333333333 a 10.31111111111111,10.31111111111111 0 1,0 0,20.62222222222222 a 10.31111111111111,10.31111111111111 0 1,0 0,-20.62222222222222 Z @dp} rotation={0} scale={1.0} physicalPixelDisplaySizeRatio={1.0}}} sideOverrides={}}, mRoundedCorners=RoundedCorners{[RoundedCorner{position=TopLeft, radius=113, center=Point(113, 113)}, RoundedCorner{position=TopRight, radius=113, center=Point(967, 113)}, RoundedCorner{position=BottomRight, radius=113, center=Point(967, 2227)}, RoundedCorner{position=BottomLeft, radius=113, center=Point(113, 2227)}]}  mRoundedCornerFrame=Rect(0, 0 - 1080, 2340), mPrivacyIndicatorBounds=PrivacyIndicatorBounds {static bounds=Rect(956, 0 - 1080, 97) rotation=0}, mDisplayShape=DisplayShape{ spec=-311912193 displayWidth=1080 displayHeight=2340 physicalPixelDisplaySizeRatio=1.0 rotation=0 offsetX=0 offsetY=0 scale=1.0}, mSources= { InsetsSource: {dc020001 mType=navigationBars mFrame=[0,2205][1080,2340] mAttachedInsets=null mVisible=true mFlags= mSideHint=BOTTOM mBoundingRects=null}, InsetsSource: {dc020004 mType=systemGestures mFrame=[0,0][0,0] mAttachedInsets=null mVisible=true mFlags= mSideHint=NONE mBoundingRects=null}, InsetsSource: {dc020005 mType=mandatorySystemGestures mFrame=[0,2205][1080,2340] mAttachedInsets=null mVisible=true mFlags= mSideHint=BOTTOM mBoundingRects=null}, InsetsSource: {dc020006 mType=tappableElement mFrame=[0,2205][1080,2340] mAttachedInsets=null mVisible=true mFlags= mSideHint=BOTTOM mBoundingRects=null}, InsetsSource: {dc020024 mType=systemGestures mFrame=[0,0][0,0] mAttachedInsets=null mVisible=true mFlags= mSideHint=NONE mBoundingRects=null}, InsetsSource: {3 mType=ime mFrame=[0,0][0,0] mAttachedInsets=null mVisible=false mFlags=INVALID mSideHint=NONE mBoundingRects=null}, InsetsSource: {27 mType=displayCutout mFrame=[0,0][1080,82] mAttachedInsets=null mVisible=true mFlags= mSideHint=TOP mBoundingRects=null}, InsetsSource: {23ca0000 mType=statusBars mFrame=[0,0][1080,97] mAttachedInsets=null mVisible=true mFlags= mSideHint=TOP mBoundingRects=null}, InsetsSource: {23ca0005 mType=mandatorySystemGestures mFrame=[0,0][1080,116] mAttachedInsets=null mVisible=true mFlags= mSideHint=TOP mBoundingRects=null}, InsetsSource: {23ca0006 mType=tappableElement mFrame=[0,0][1080,97] mAttachedInsets=null mVisible=true mFlags= mSideHint=TOP mBoundingRects=null} }
09-28 20:42:44.447  4504  4504 I VRI[MainActivity]@b8aed3d: synced displayState. AttachInfo displayState=2
09-28 20:42:44.447  4504  4504 I VRI[MainActivity]@b8aed3d: setView = com.android.internal.policy.DecorView@9233e94 IsHRR=false mFlingFrameRateChange=0 TM=true
09-28 20:42:44.448  4504  4504 D WindowOnBackDispatcher: setTopOnBackInvokedCallback (unwrapped): android.app.Dialog$$ExternalSyntheticLambda4@bbe2039
09-28 20:42:44.448  4504  4504 D WindowOnBackDispatcher: setTopOnBackInvokedCallback (unwrapped): androidx.navigationevent.OnBackInvokedInput$createOnBackAnimationCallback$1@2db467e
09-28 20:42:44.466  4504  4504 I InsetsSourceConsumer: applyRequestedVisibilityToControl: visible=true, type=statusBars, host=com.negi.survey/com.negi.survey.MainActivity
09-28 20:42:44.466  4504  4504 I InsetsSourceConsumer: applyRequestedVisibilityToControl: visible=true, type=navigationBars, host=com.negi.survey/com.negi.survey.MainActivity
09-28 20:42:44.467  4504  4504 W libc    : Access denied finding property "vendor.perf.ems.egg"
09-28 20:42:44.467  4504  4504 I BLASTBufferQueue_Java: new BLASTBufferQueue, mName= VRI[MainActivity]@b8aed3d mNativeObject= 0xb40000788801ffe0 caller= android.view.ViewRootImpl.updateBlastSurfaceIfNeeded:3603 android.view.ViewRootImpl.relayoutWindow:11813 android.view.ViewRootImpl.performTraversals:4840 android.view.ViewRootImpl.doTraversal:3959 android.view.ViewRootImpl$TraversalRunnable.run:13034 android.view.Choreographer$CallbackRecord.run:1961 android.view.Choreographer$CallbackRecord.run:1970 android.view.Choreographer.doCallbacks:1423 android.view.Choreographer.doFrame:1348 android.view.Choreographer$FrameDisplayEventReceiver.run:1930 
09-28 20:42:44.467  4504  4504 I BLASTBufferQueue_Java: update, w= 1170 h= 972 mName = VRI[MainActivity]@b8aed3d mNativeObject= 0xb40000788801ffe0 sc.mNativeObject= 0xb400007937f79ed0 format= -2 caller= android.view.ViewRootImpl.updateBlastSurfaceIfNeeded:3608 android.view.ViewRootImpl.relayoutWindow:11813 android.view.ViewRootImpl.performTraversals:4840 android.view.ViewRootImpl.doTraversal:3959 android.view.ViewRootImpl$TraversalRunnable.run:13034 android.view.Choreographer$CallbackRecord.run:1961 
09-28 20:42:44.468  4504  4504 W libc    : Access denied finding property "vendor.perf.ems.egg"
09-28 20:42:44.468  4504  4504 I VRI[MainActivity]@b8aed3d: Relayout returned: old=(0,97,1080,2205) new=(90,800,990,1502) relayoutAsync=false req=(900,702)0 dur=4 res=0x3 s={true 0xb4000078c7f98a90} ch=true seqId=0
09-28 20:42:44.469  4504  4504 I VRI[MainActivity]@b8aed3d: performConfigurationChange setNightDimText nightDimLevel=0
09-28 20:42:44.469  4504  4504 D VRI[MainActivity]@b8aed3d: mThreadedRenderer.initialize() mSurface={isValid=true 0xb4000078c7f98a90} hwInitialized=true
09-28 20:42:44.474  4504  4504 D VRI[MainActivity]@b8aed3d: reportNextDraw android.view.ViewRootImpl.performTraversals:5507 android.view.ViewRootImpl.doTraversal:3959 android.view.ViewRootImpl$TraversalRunnable.run:13034 android.view.Choreographer$CallbackRecord.run:1961 android.view.Choreographer$CallbackRecord.run:1970 
09-28 20:42:44.474  4504  4504 D VRI[MainActivity]@b8aed3d: Setup new sync=wmsSync-VRI[MainActivity]@b8aed3d#4
09-28 20:42:44.474  4504  4504 I VRI[MainActivity]@b8aed3d: Creating new active sync group VRI[MainActivity]@b8aed3d#5
09-28 20:42:44.475  4504  4504 D VRI[MainActivity]@b8aed3d: registerCallbacksForSync syncBuffer=false
09-28 20:42:44.477  4504  4504 I View    : setRequestedFrameRate frameRate=-4.0, this=android.view.View{77b934a V.ED..... ......I. 0,0-0,0}, caller=androidx.compose.ui.platform.Api35Impl.setRequestedFrameRate:4047 androidx.compose.ui.platform.AndroidComposeView.dispatchDraw:2282 android.view.View.draw:26758 android.view.View.updateDisplayListIfDirty:25577 android.view.View.draw:26477 
09-28 20:42:44.477  4504  4931 D VRI[MainActivity]@b8aed3d: Received frameDrawingCallback syncResult=0 frameNum=1.
09-28 20:42:44.477  4504  4931 I VRI[MainActivity]@b8aed3d: mWNT: t=0xb4000078d801eab0 mBlastBufferQueue=0xb40000788801ffe0 fn= 1 HdrRenderState mRenderHdrSdrRatio=1.0 caller= android.view.ViewRootImpl$12.onFrameDraw:15561 android.view.ThreadedRenderer$1.onFrameDraw:751 <bottom of call stack> 
09-28 20:42:44.477  4504  4931 I VRI[MainActivity]@b8aed3d: Setting up sync and frameCommitCallback
09-28 20:42:44.478  4504  4919 I BLASTBufferQueue: [VRI[MainActivity]@b8aed3d#2](f:0,a:0,s:0) onFrameAvailable the first frame is available
09-28 20:42:44.478  4504  4919 I VRI[MainActivity]@b8aed3d: Received frameCommittedCallback lastAttemptedDrawFrameNum=1 didProduceBuffer=true
09-28 20:42:44.479  4504  4919 D HWUI    : CFMS:: SetUp Pid : 4504    Tid : 4919
09-28 20:42:44.479  4504  4504 D VRI[MainActivity]@b8aed3d: reportDrawFinished seqId=0
09-28 20:42:44.481  4504  4919 D HWUI    : HWUI - treat SMPTE_170M as sRGB
09-28 20:42:44.482  4504  4504 I BLASTBufferQueue_Java: update, w= 1170 h= 972 mName = VRI[MainActivity]@b8aed3d mNativeObject= 0xb40000788801ffe0 sc.mNativeObject= 0xb400007937f79ed0 format= -2 caller= android.view.ViewRootImpl.updateBlastSurfaceIfNeeded:3592 android.view.ViewRootImpl.relayoutWindow:11813 android.view.ViewRootImpl.performTraversals:4840 android.view.ViewRootImpl.doTraversal:3959 android.view.ViewRootImpl$TraversalRunnable.run:13034 android.view.Choreographer$CallbackRecord.run:1961 
09-28 20:42:44.482  4504  4504 I VRI[MainActivity]@b8aed3d: Relayout returned: old=(90,800,990,1502) new=(90,800,990,1502) relayoutAsync=true req=(900,702)0 dur=1 res=0x0 s={true 0xb4000078c7f98a90} ch=false seqId=0
09-28 20:42:44.484  4504  4504 I VRI[MainActivity]@b8aed3d: registerCallbackForPendingTransactions
09-28 20:42:44.484  4504  4930 I VRI[MainActivity]@b8aed3d: mWNT: t=0xb4000078d7ff2710 mBlastBufferQueue=0xb40000788801ffe0 fn= 2 HdrRenderState mRenderHdrSdrRatio=1.0 caller= android.view.ViewRootImpl$10.onFrameDraw:6615 android.view.ViewRootImpl$4.onFrameDraw:2485 android.view.ThreadedRenderer$1.onFrameDraw:751 
09-28 20:42:44.484  4504  4504 I ImeFocusController: onPreWindowFocus: skipped hasWindowFocus=false mHasImeFocus=true
09-28 20:42:44.485  4504  4504 I ImeFocusController: onPostWindowFocus: skipped hasWindowFocus=false mHasImeFocus=true
09-28 20:42:44.514  4504  4504 D VRI[MainActivity]@b8aed3d: mThreadedRenderer.initializeIfNeeded()#2 mSurface={isValid=true 0xb4000078c7f98a90}
09-28 20:42:44.515  4504  4504 D InputMethodManagerUtils: startInputInner - Id : 0
09-28 20:42:44.515  4504  4504 I InputMethodManager: startInputInner - IInputMethodManagerGlobalInvoker.startInputOrWindowGainedFocus
09-28 20:42:44.520  4504  4504 D InsetsController: hide(ime())
09-28 20:42:44.520  4504  4504 I ImeTracker: com.negi.survey:49763fe5: onCancelled at PHASE_CLIENT_ALREADY_HIDDEN
09-28 20:42:44.526  4504  4727 D InputTransport: Input channel constructed: 'ClientS', fd=183
09-28 20:42:45.351  4504  4504 I VRI[MainActivity]@b8aed3d: ViewPostIme pointer 0
09-28 20:42:45.355  4504  4504 I VRI[MainActivity]@b8aed3d: call setFrameRateCategory for touch hint category=high hint, reason=touch, vri=VRI[MainActivity]@b8aed3d
09-28 20:42:45.361  4504  4504 I View    : setRequestedFrameRate frameRate=NaN, this=android.view.View{77b934a V.ED..... ........ 0,0-0,0}, caller=androidx.compose.ui.platform.Api35Impl.setRequestedFrameRate:4047 androidx.compose.ui.platform.AndroidComposeView.dispatchDraw:2282 android.view.View.draw:26758 android.view.View.updateDisplayListIfDirty:25577 android.view.ViewGroup.recreateChildDisplayList:4881 
09-28 20:42:45.433  4504  4504 I VRI[MainActivity]@b8aed3d: ViewPostIme pointer 1
09-28 20:42:45.436  4504  4915 I com.negi.survey: Explicit concurrent mark compact GC freed 3352KB AllocSpace bytes, 10(244KB) LOS objects, 78% free, 6889KB/30MB, paused 175us,1.489ms total 40.623ms
09-28 20:42:45.447  4504  4504 I WindowManager: WindowManagerGlobal#removeView, ty=2, view=com.android.internal.policy.DecorView{9233e94 V.E...... R......D 0,0-900,702 aid=1073741832}[MainActivity], caller=android.view.WindowManagerGlobal.removeView:654 android.view.WindowManagerImpl.removeViewImmediate:254 android.app.Dialog.dismissDialog:854 
09-28 20:42:45.447  4504  4504 D WindowOnBackDispatcher: setTopOnBackInvokedCallback (unwrapped): null
09-28 20:42:45.450  4504  4919 D HWUI    : endAllActiveAnimators on 0xb4000078c7f8d650 (UnprojectedRipple) with handle 0xb400007908019b40
09-28 20:42:45.450  4504  4504 I VRI[MainActivity]@b8aed3d: dispatchDetachedFromWindow
09-28 20:42:45.452  4504  4525 D InputTransport: Input channel destroyed: 'ClientS', fd=183
09-28 20:42:45.454  4504  4504 D InputTransport: Input channel destroyed: '204d432', fd=120
09-28 20:42:45.468  4504  4504 I InsetsSourceConsumer: applyRequestedVisibilityToControl: visible=true, type=statusBars, host=com.negi.survey/com.negi.survey.MainActivity
09-28 20:42:45.469  4504  4504 I InsetsSourceConsumer: applyRequestedVisibilityToControl: visible=true, type=navigationBars, host=com.negi.survey/com.negi.survey.MainActivity
09-28 20:42:45.469  4504  4504 D VRI[MainActivity]@979a010: mThreadedRenderer.initializeIfNeeded()#2 mSurface={isValid=true 0xb4000078c7f55780}
09-28 20:42:45.470  4504  4504 D InputMethodManagerUtils: startInputInner - Id : 0
09-28 20:42:45.470  4504  4504 I InputMethodManager: startInputInner - IInputMethodManagerGlobalInvoker.startInputOrWindowGainedFocus
09-28 20:42:45.471  4504  4504 I InsetsController: onStateChanged: host=com.negi.survey/com.negi.survey.MainActivity, from=android.view.ViewRootImpl.onInsetsStateChanged:3038, state=InsetsState: {mDisplayFrame=Rect(0, 0 - 1080, 2340), mDisplayCutout=DisplayCutout{insets=Rect(0, 82 - 0, 0) waterfall=Insets{left=0, top=0, right=0, bottom=0} boundingRect={Bounds=[Rect(0, 0 - 0, 0), Rect(511, 24 - 569, 82), Rect(0, 0 - 0, 0), Rect(0, 0 - 0, 0)]} cutoutPathParserInfo={CutoutPathParserInfo{displayWidth=1080 displayHeight=2340 physicalDisplayWidth=1080 physicalDisplayHeight=2340 density={2.8125} cutoutSpec={M 0,0 M 0, 8.533333333333333 a 10.31111111111111,10.31111111111111 0 1,0 0,20.62222222222222 a 10.31111111111111,10.31111111111111 0 1,0 0,-20.62222222222222 Z @dp} rotation={0} scale={1.0} physicalPixelDisplaySizeRatio={1.0}}} sideOverrides={}}, mRoundedCorners=RoundedCorners{[RoundedCorner{position=TopLeft, radius=113, center=Point(113, 113)}, RoundedCorner{position=TopRight, radius=113, center=Point(967, 113)}, RoundedCorner{position=BottomRight, radius=113, center=Point(967, 2227)}, RoundedCorner{position=BottomLeft, radius=113, center=Point(113, 2227)}]}  mRoundedCornerFrame=Rect(0, 0 - 1080, 2340), mPrivacyIndicatorBounds=PrivacyIndicatorBounds {static bounds=Rect(956, 0 - 1080, 97) rotation=0}, mDisplayShape=DisplayShape{ spec=-311912193 displayWidth=1080 displayHeight=2340 physicalPixelDisplaySizeRatio=1.0 rotation=0 offsetX=0 offsetY=0 scale=1.0}, mSources= { InsetsSource: {dc020001 mType=navigationBars mFrame=[0,2205][1080,2340] mAttachedInsets=null mVisible=true mFlags= mSideHint=BOTTOM mBoundingRects=null}, InsetsSource: {dc020004 mType=systemGestures mFrame=[0,0][0,0] mAttachedInsets=null mVisible=true mFlags= mSideHint=NONE mBoundingRects=null}, InsetsSource: {dc020005 mType=mandatorySystemGestures mFrame=[0,2205][1080,2340] mAttachedInsets=null mVisible=true mFlags= mSideHint=BOTTOM mBoundingRects=null}, InsetsSource: {dc020006 mType=tappableElement mFrame=[0,2205][1080,2340] mAttachedInsets=null mVisible=true mFlags= mSideHint=BOTTOM mBoundingRects=null}, InsetsSource: {dc020024 mType=systemGestures mFrame=[0,0][0,0] mAttachedInsets=null mVisible=true mFlags= mSideHint=NONE mBoundingRects=null}, InsetsSource: {27 mType=displayCutout mFrame=[0,0][1080,82] mAttachedInsets=null mVisible=true mFlags= mSideHint=TOP mBoundingRects=null}, InsetsSource: {23ca0000 mType=statusBars mFrame=[0,0][1080,97] mAttachedInsets=null mVisible=true mFlags= mSideHint=TOP mBoundingRects=null}, InsetsSource: {23ca0005 mType=mandatorySystemGestures mFrame=[0,0][1080,116] mAttachedInsets=null mVisible=true mFlags= mSideHint=TOP mBoundingRects=null}, InsetsSource: {23ca0006 mType=tappableElement mFrame=[0,0][1080,97] mAttachedInsets=null mVisible=true mFlags= mSideHint=TOP mBoundingRects=null} }
09-28 20:42:45.474  4504  4504 D InsetsController: hide(ime())
09-28 20:42:45.474  4504  4504 I ImeTracker: com.negi.survey:1a3985dd: onCancelled at PHASE_CLIENT_ALREADY_HIDDEN
09-28 20:42:45.477  4504  4915 D InputTransport: Input channel constructed: 'ClientS', fd=120
09-28 20:42:46.659  4504  4915 I com.negi.survey: Explicit concurrent mark compact GC freed 576KB AllocSpace bytes, 1(20KB) LOS objects, 78% free, 6633KB/30MB, paused 139us,1.610ms total 24.016ms
09-28 20:42:46.670  4504  4525 D InputTransport: Input channel destroyed: 'ClientS', fd=120
09-28 20:42:47.340  4504  4504 I VRI[MainActivity]@979a010: call setFrameRateCategory for touch hint category=no preference, reason=boost timeout, vri=VRI[MainActivity]@979a010
09-28 20:42:47.449  4504  4504 D SLM     : buildModelConfig: accel=GPU maxTokens=1024 topK=1 topP=0.0 temperature=0.0
09-28 20:42:47.468  4504  4504 I View    : setRequestedFrameRate frameRate=-4.0, this=android.view.View{7aaab67 V.ED..... ........ 0,0-0,0}, caller=androidx.compose.ui.platform.Api35Impl.setRequestedFrameRate:4047 androidx.compose.ui.platform.AndroidComposeView.dispatchDraw:2282 android.view.View.draw:26758 android.view.View.updateDisplayListIfDirty:25577 android.view.View.draw:26477 
09-28 20:42:47.471  4504  4677 D LiteRtLM: Initializing LiteRT-LM: model='Gemma3n4B', key='fs|dev=65088|ino=23726|size=4919541760|mtime=1790636955288'
09-28 20:42:47.472  4504  4677 D LiteRtLM: Capabilities: image=false audio=false
09-28 20:42:47.472  4504  4677 D LiteRtLM: Backend=com.google.ai.edge.litertlm.Backend$GPU@952bbfe maxNumTokens=1024 (raw=1024) topK=1 topP=0.0 temp=0.0
09-28 20:42:47.472  4504  4677 D LiteRtLM: Model path='/data/user/0/com.negi.survey/files/gemma-3n-E4B-it-int4.litertlm' sizeBytes=4919541760 lastModified=1790636955288
09-28 20:42:47.472  4504  4677 D LiteRtLM: LiteRT-LM native benchmark policy: enabled=false emulator=false
09-28 20:42:47.472  4504  4677 D LiteRtLM: LiteRT-LM native benchmark policy: enabled=false emulator=false
09-28 20:42:47.473  4504  4677 D LiteRtLM: Speculative decoding / MTP policy: enabled=false runtimeFlagUpdated=true model='Gemma3n4B'
09-28 20:42:47.473  4504  4677 D LiteRtLM: Engine cacheDir resolved: key='fs|dev=65088|ino=23726|size=4919541760|mtime=1790636955288' backend=com.google.ai.edge.litertlm.Backend$GPU@952bbfe path='/data/user/0/com.negi.survey/no_backup/litertlm_cache/4549a6c891a4e76dde09c34405530147305a6842' filesBefore=2
09-28 20:42:47.498  4504  4504 I View    : setRequestedFrameRate frameRate=NaN, this=android.view.View{7aaab67 V.ED..... ........ 0,0-0,0}, caller=androidx.compose.ui.platform.Api35Impl.setRequestedFrameRate:4047 androidx.compose.ui.platform.AndroidComposeView.dispatchDraw:2282 android.view.View.draw:26758 android.view.View.updateDisplayListIfDirty:25577 android.view.ViewGroup.recreateChildDisplayList:4881 
09-28 20:42:47.734  4504  4677 I litert  : [environment.cc:36] Creating LiteRT environment with options
09-28 20:42:47.734  4504  4677 W litert  : [npu_registry.cc:34] NPU accelerator could not be loaded and registered: kLiteRtStatusErrorInvalidArgument.
09-28 20:42:47.734  4504  4677 I litert  : [accelerator_registry.cc:54] RegisterAccelerator: ptr=0xb400007967f67cb0, name=LiteRT GPU
09-28 20:42:47.734  4504  4677 I litert  : [gpu_registry.cc:87] Statically linked GPU accelerator registered.
09-28 20:42:47.734  4504  4677 I litert  : [accelerator_registry.cc:54] RegisterAccelerator: ptr=0xb400007967f6e130, name=CpuAccelerator
09-28 20:42:47.734  4504  4677 I litert  : [cpu_registry.cc:75] XNNPACK CPU accelerator registered.
09-28 20:42:47.734  4504  4677 W native  : W0000 00:00:1790646167.734418    4677 litert_lm_loader.cc:291] Section not found: 	
09-28 20:42:47.734  4504  4677 W native  : W0000 00:00:1790646167.734479    4677 litert_lm_loader.cc:291] Section not found: 	
09-28 20:42:47.734  4504  4677 I litert  : [compiled_model.cc:833] Flatbuffer model initialized directly from incoming litert model.
09-28 20:42:47.793  4504  4677 I native  : I0000 00:00:1790646167.793577    4677 delegate_opencl.cc:603] options->hint_waiting_for_completion: false
09-28 20:42:47.793  4504  4677 I native  : I0000 00:00:1790646167.793640    4677 delegate_opencl.cc:605] options->kernel_batch_size: -1
09-28 20:42:47.806  4504  4677 I litert  : [environment.cc:47] Adding options to the existing LiteRT environment
09-28 20:42:47.807  4504  4677 I litert  : [gpu_environment.cc:220] Created OpenCL device from provided device id and platform id.
09-28 20:42:47.807  4504  4677 I litert  : [gpu_environment.cc:283] Reusing provided EGL environment.
09-28 20:42:47.807  4504  4677 I litert  : [gpu_environment.h:155] Created LiteRT GpuEnvironment.
09-28 20:42:47.807  4504  4677 I litert  : [environment.cc:47] Adding options to the existing LiteRT environment
09-28 20:42:47.817  4504  4677 I tflite  : Replacing 3326 out of 3326 node(s) with delegate (LITERT_CL) node, yielding 1 partitions for subgraph 0 (decode).
09-28 20:42:47.871  4504  4727 I com.negi.survey: Explicit concurrent mark compact GC freed 636KB AllocSpace bytes, 1(20KB) LOS objects, 78% free, 6733KB/30MB, paused 150us,1.618ms total 26.118ms
09-28 20:42:49.164  4504  4504 I Choreographer: Skipped 37 frames!  The application may be doing too much work on its main thread.
09-28 20:42:49.405  4504  4727 I com.negi.survey: Explicit concurrent mark compact GC freed 948KB AllocSpace bytes, 1(20KB) LOS objects, 78% free, 6712KB/30MB, paused 180us,2.889ms total 33.569ms
09-28 20:42:50.698  4504  4727 I com.negi.survey: Explicit concurrent mark compact GC freed 1028KB AllocSpace bytes, 1(20KB) LOS objects, 78% free, 6708KB/30MB, paused 259us,2.650ms total 34.924ms
09-28 20:42:51.942  4504  4727 I com.negi.survey: Explicit concurrent mark compact GC freed 992KB AllocSpace bytes, 1(20KB) LOS objects, 78% free, 6740KB/30MB, paused 177us,4.351ms total 41.780ms
09-28 20:42:53.151  4504  4825 I com.negi.survey: Explicit concurrent mark compact GC freed 992KB AllocSpace bytes, 1(20KB) LOS objects, 78% free, 6708KB/30MB, paused 171us,2.299ms total 33.609ms
09-28 20:42:54.338  4504  4825 I com.negi.survey: Explicit concurrent mark compact GC freed 960KB AllocSpace bytes, 1(20KB) LOS objects, 78% free, 6708KB/30MB, paused 213us,4.198ms total 41.407ms
09-28 20:42:54.482  4504  4504 I VRI[MainActivity]@979a010: stopped(true) old = false
09-28 20:42:54.483  4504  4504 D VRI[MainActivity]@979a010: WindowStopped on com.negi.survey/com.negi.survey.MainActivity set to true
09-28 20:42:54.483  4504  4919 D HWUI    : CacheManager::trimMemory(20)
09-28 20:42:54.513  4504  4504 D WindowOnBackDispatcher: setTopOnBackInvokedCallback (unwrapped): null
09-28 20:42:54.528  4504  4919 D HWUI    : CacheManager::trimMemory(20)
09-28 20:42:54.533  4504  4504 D ViewRootImpl: Skipping stats log for color mode
09-28 20:42:54.533  4504  4504 I VRI[MainActivity]@979a010: dispatchDetachedFromWindow
09-28 20:42:54.550  4504  4504 D InputTransport: Input channel destroyed: 'c2783af', fd=136
09-28 20:42:54.556  4504  4504 D ActivityThread: com.negi.survey will use render engine as VK
09-28 20:42:54.595  4504  4504 I DecorView: setWindowBackground: isPopOver=false color=fffafafa d=android.graphics.drawable.ColorDrawable@ff2b19d
09-28 20:42:54.598  4504  4504 D PhoneWindow: forceLight changed to false [] from com.android.internal.policy.PhoneWindow.updateForceLightNavigationBar:663 com.android.internal.policy.PhoneWindow.setNavigationBarColor:4435 androidx.activity.EdgeToEdgeApi35.setUp:353 androidx.activity.EdgeToEdge.enableEdgeToEdge$lambda$1:101 androidx.activity.EdgeToEdge$$ExternalSyntheticLambda0.run:0 
09-28 20:42:54.605  4504  4504 D CrashCapture: install: ensured default handler. where=selfHeal:onActivityResumed pid=4504 default=com.negi.survey.CrashCapture$CrashHandler@b2054f4
09-28 20:42:54.606  4504  4504 D ViewRootImpl: desktopMode is false
09-28 20:42:54.608  4504  4504 I ViewRootImpl: dVRR is disabled
09-28 20:42:54.608  4504  4919 D NativeCustomFrequencyManager: [NativeCFMS] BpCustomFrequencyManager::BpCustomFrequencyManager()
09-28 20:42:54.630  4504  4504 D InputTransport: Input channel constructed: '1093e5f', fd=113
09-28 20:42:54.630  4504  4504 I InsetsController: onStateChanged: host=com.negi.survey/com.negi.survey.MainActivity, from=android.view.ViewRootImpl.onInsetsStateChanged:3038, state=InsetsState: {mDisplayFrame=Rect(0, 0 - 2340, 1080), mDisplayCutout=DisplayCutout{insets=Rect(82, 0 - 0, 0) waterfall=Insets{left=0, top=0, right=0, bottom=0} boundingRect={Bounds=[Rect(24, 511 - 82, 569), Rect(0, 0 - 0, 0), Rect(0, 0 - 0, 0), Rect(0, 0 - 0, 0)]} cutoutPathParserInfo={CutoutPathParserInfo{displayWidth=1080 displayHeight=2340 physicalDisplayWidth=1080 physicalDisplayHeight=2340 density={2.8125} cutoutSpec={M 0,0 M 0, 8.533333333333333 a 10.31111111111111,10.31111111111111 0 1,0 0,20.62222222222222 a 10.31111111111111,10.31111111111111 0 1,0 0,-20.62222222222222 Z @dp} rotation={1} scale={1.0} physicalPixelDisplaySizeRatio={1.0}}} sideOverrides={}}, mRoundedCorners=RoundedCorners{[RoundedCorner{position=TopLeft, radius=113, center=Point(113, 113)}, RoundedCorner{position=TopRight, radius=113, center=Point(2227, 113)}, RoundedCorner{position=BottomRight, radius=113, center=Point(2227, 967)}, RoundedCorner{position=BottomLeft, radius=113, center=Point(113, 967)}]}  mRoundedCornerFrame=Rect(0, 0 - 2340, 1080), mPrivacyIndicatorBounds=PrivacyIndicatorBounds {static bounds=Rect(2216, 0 - 2340, 84) rotation=1}, mDisplayShape=DisplayShape{ spec=-311912193 displayWidth=1080 displayHeight=2340 physicalPixelDisplaySizeRatio=1.0 rotation=1 offsetX=0 offsetY=0 scale=1.0}, mSources= { InsetsSource: {dc020001 mType=navigationBars mFrame=[2205,0][2340,1080] mAttachedInsets=null mVisible=true mFlags= mSideHint=RIGHT mBoundingRects=null}, InsetsSource: {dc020004 mType=systemGestures mFrame=[0,0][0,0] mAttachedInsets=null mVisible=true mFlags= mSideHint=NONE mBoundingRects=null}, InsetsSource: {dc020005 mType=mandatorySystemGestures mFrame=[2205,0][2340,1080] mAttachedInsets=null mVisible=true mFlags= mSideHint=RIGHT mBoundingRects=null}, InsetsSource: {dc020006 mType=tappableElement mFrame=[2205,0][2340,1080] mAttachedInsets=null mVisible=true mFlags= mSideHint=RIGHT mBoundingRects=null}, InsetsSource: {dc020024 mType=systemGestures mFrame=[0,0][0,0] mAttachedInsets=null mVisible=true mFlags= mSideHint=NONE mBoundingRects=null}, InsetsSource: {3 mType=ime mFrame=[0,0][0,0] mAttachedInsets=null mVisible=false mFlags=INVALID mSideHint=NONE mBoundingRects=null}, InsetsSource: {7 mType=displayCutout mFrame=[0,0][82,1080] mAttachedInsets=null mVisible=true mFlags= mSideHint=LEFT mBoundingRects=null}, InsetsSource: {23ca0000 mType=statusBars mFrame=[0,0][2340,84] mAttachedInsets=null mVisible=true mFlags= mSideHint=TOP mBoundingRects=null}, InsetsSource: {23ca0005 mType=mandatorySystemGestures mFrame=[0,0][2340,84] mAttachedInsets=null mVisible=true mFlags= mSideHint=TOP mBoundingRects=null}, InsetsSource: {23ca0006 mType=tappableElement mFrame=[0,0][2340,84] mAttachedInsets=null mVisible=true mFlags= mSideHint=TOP mBoundingRects=null} }
09-28 20:42:54.631  4504  4504 I VRI[MainActivity]@1b407e0: synced displayState. AttachInfo displayState=2
09-28 20:42:54.632  4504  4504 I VRI[MainActivity]@1b407e0: setView = com.android.internal.policy.DecorView@d67e56a IsHRR=false mFlingFrameRateChange=0 TM=true
09-28 20:42:54.636  4504  4504 D WindowOnBackDispatcher: setTopOnBackInvokedCallback (unwrapped): android.app.Activity$$ExternalSyntheticLambda0@71f2a5b
09-28 20:42:54.671  4504  4504 D VRI[MainActivity]@1b407e0: WindowInsets changed: 2340x1080 statusBars:[0,84,0,0] navigationBars:[0,0,135,0] mandatorySystemGestures:[0,84,135,0] 
09-28 20:42:54.694  4504  4504 W libc    : Access denied finding property "vendor.perf.ems.egg"
09-28 20:42:54.695  4504  4504 I BLASTBufferQueue_Java: new BLASTBufferQueue, mName= VRI[MainActivity]@1b407e0 mNativeObject= 0xb400007888005e40 caller= android.view.ViewRootImpl.updateBlastSurfaceIfNeeded:3603 android.view.ViewRootImpl.relayoutWindow:11813 android.view.ViewRootImpl.performTraversals:4840 android.view.ViewRootImpl.doTraversal:3959 android.view.ViewRootImpl$TraversalRunnable.run:13034 android.view.Choreographer$CallbackRecord.run:1961 android.view.Choreographer$CallbackRecord.run:1970 android.view.Choreographer.doCallbacks:1423 android.view.Choreographer.doFrame:1348 android.view.Choreographer$FrameDisplayEventReceiver.run:1930 
09-28 20:42:54.695  4504  4504 I BLASTBufferQueue_Java: update, w= 2340 h= 1080 mName = VRI[MainActivity]@1b407e0 mNativeObject= 0xb400007888005e40 sc.mNativeObject= 0xb400007937f79810 format= -1 caller= android.view.ViewRootImpl.updateBlastSurfaceIfNeeded:3608 android.view.ViewRootImpl.relayoutWindow:11813 android.view.ViewRootImpl.performTraversals:4840 android.view.ViewRootImpl.doTraversal:3959 android.view.ViewRootImpl$TraversalRunnable.run:13034 android.view.Choreographer$CallbackRecord.run:1961 
09-28 20:42:54.695  4504  4504 W libc    : Access denied finding property "vendor.perf.ems.egg"
09-28 20:42:54.696  4504  4504 I VRI[MainActivity]@1b407e0: Relayout returned: old=(0,0,2340,1080) new=(0,0,2340,1080) relayoutAsync=false req=(2340,1080)0 dur=8 res=0x3 s={true 0xb4000078c7fbadc0} ch=true seqId=0
09-28 20:42:54.697  4504  4504 I VRI[MainActivity]@1b407e0: performConfigurationChange setNightDimText nightDimLevel=0
09-28 20:42:54.697  4504  4504 D VRI[MainActivity]@1b407e0: mThreadedRenderer.initialize() mSurface={isValid=true 0xb4000078c7fbadc0} hwInitialized=true
09-28 20:42:54.702  4504  4504 D VRI[MainActivity]@1b407e0: reportNextDraw android.view.ViewRootImpl.performTraversals:5507 android.view.ViewRootImpl.doTraversal:3959 android.view.ViewRootImpl$TraversalRunnable.run:13034 android.view.Choreographer$CallbackRecord.run:1961 android.view.Choreographer$CallbackRecord.run:1970 
09-28 20:42:54.702  4504  4504 D VRI[MainActivity]@1b407e0: Setup new sync=wmsSync-VRI[MainActivity]@1b407e0#6
09-28 20:42:54.702  4504  4504 I VRI[MainActivity]@1b407e0: Creating new active sync group VRI[MainActivity]@1b407e0#7
09-28 20:42:54.702  4504  4504 D VRI[MainActivity]@1b407e0: registerCallbacksForSync syncBuffer=false
09-28 20:42:54.705  4504  4504 I View    : setRequestedFrameRate frameRate=-4.0, this=android.view.View{6ffe65 V.ED..... ......I. 0,0-0,0}, caller=androidx.compose.ui.platform.Api35Impl.setRequestedFrameRate:4047 androidx.compose.ui.platform.AndroidComposeView.dispatchDraw:2282 android.view.View.draw:26758 android.view.View.updateDisplayListIfDirty:25577 android.view.View.draw:26477 
09-28 20:42:54.706  4504  4931 D VRI[MainActivity]@1b407e0: Received frameDrawingCallback syncResult=0 frameNum=1.
09-28 20:42:54.706  4504  4931 I VRI[MainActivity]@1b407e0: mWNT: t=0xb4000078d7f36b20 mBlastBufferQueue=0xb400007888005e40 fn= 1 HdrRenderState mRenderHdrSdrRatio=1.0 caller= android.view.ViewRootImpl$12.onFrameDraw:15561 android.view.ThreadedRenderer$1.onFrameDraw:751 <bottom of call stack> 
09-28 20:42:54.706  4504  4931 I VRI[MainActivity]@1b407e0: Setting up sync and frameCommitCallback
09-28 20:42:54.827  4504  4919 I BLASTBufferQueue: [VRI[MainActivity]@1b407e0#3](f:0,a:0,s:0) onFrameAvailable the first frame is available
09-28 20:42:54.828  4504  4919 I VRI[MainActivity]@1b407e0: Received frameCommittedCallback lastAttemptedDrawFrameNum=1 didProduceBuffer=true
09-28 20:42:54.830  4504  4919 D HWUI    : CFMS:: SetUp Pid : 4504    Tid : 4919
09-28 20:42:54.830  4504  4504 D VRI[MainActivity]@1b407e0: reportDrawFinished seqId=0
09-28 20:42:54.831  4504  4504 I InsetsController: onStateChanged: host=com.negi.survey/com.negi.survey.MainActivity, from=android.view.ViewRootImpl.onInsetsStateChanged:3038, state=InsetsState: {mDisplayFrame=Rect(0, 0 - 2340, 1080), mDisplayCutout=DisplayCutout{insets=Rect(82, 0 - 0, 0) waterfall=Insets{left=0, top=0, right=0, bottom=0} boundingRect={Bounds=[Rect(24, 511 - 82, 569), Rect(0, 0 - 0, 0), Rect(0, 0 - 0, 0), Rect(0, 0 - 0, 0)]} cutoutPathParserInfo={CutoutPathParserInfo{displayWidth=1080 displayHeight=2340 physicalDisplayWidth=1080 physicalDisplayHeight=2340 density={2.8125} cutoutSpec={M 0,0 M 0, 8.533333333333333 a 10.31111111111111,10.31111111111111 0 1,0 0,20.62222222222222 a 10.31111111111111,10.31111111111111 0 1,0 0,-20.62222222222222 Z @dp} rotation={1} scale={1.0} physicalPixelDisplaySizeRatio={1.0}}} sideOverrides={}}, mRoundedCorners=RoundedCorners{[RoundedCorner{position=TopLeft, radius=113, center=Point(113, 113)}, RoundedCorner{position=TopRight, radius=113, center=Point(2227, 113)}, RoundedCorner{position=BottomRight, radius=113, center=Point(2227, 967)}, RoundedCorner{position=BottomLeft, radius=113, center=Point(113, 967)}]}  mRoundedCornerFrame=Rect(0, 0 - 2340, 1080), mPrivacyIndicatorBounds=PrivacyIndicatorBounds {static bounds=Rect(2216, 0 - 2340, 84) rotation=1}, mDisplayShape=DisplayShape{ spec=-311912193 displayWidth=1080 displayHeight=2340 physicalPixelDisplaySizeRatio=1.0 rotation=1 offsetX=0 offsetY=0 scale=1.0}, mSources= { InsetsSource: {dc020001 mType=navigationBars mFrame=[2205,0][2340,1080] mAttachedInsets=null mVisible=true mFlags= mSideHint=RIGHT mBoundingRects=null}, InsetsSource: {dc020004 mType=systemGestures mFrame=[0,0][0,0] mAttachedInsets=null mVisible=true mFlags= mSideHint=NONE mBoundingRects=null}, InsetsSource: {dc020005 mType=mandatorySystemGestures mFrame=[2205,0][2340,1080] mAttachedInsets=null mVisible=true mFlags= mSideHint=RIGHT mBoundingRects=null}, InsetsSource: {dc020006 mType=tappableElement mFrame=[2205,0][2340,1080] mAttachedInsets=null mVisible=true mFlags= mSideHint=RIGHT mBoundingRects=null}, InsetsSource: {dc020024 mType=systemGestures mFrame=[0,0][0,0] mAttachedInsets=null mVisible=true mFlags= mSideHint=NONE mBoundingRects=null}, InsetsSource: {3 mType=ime mFrame=[0,0][0,0] mAttachedInsets=null mVisible=false mFlags=INVALID mSideHint=NONE mBoundingRects=null}, InsetsSource: {7 mType=displayCutout mFrame=[0,0][82,1080] mAttachedInsets=null mVisible=true mFlags= mSideHint=LEFT mBoundingRects=null}, InsetsSource: {23ca0000 mType=statusBars mFrame=[0,0][2340,84] mAttachedInsets=null mVisible=true mFlags= mSideHint=TOP mBoundingRects=null}, InsetsSource: {23ca0005 mType=mandatorySystemGestures mFrame=[0,0][2340,84] mAttachedInsets=null mVisible=true mFlags= mSideHint=TOP mBoundingRects=null}, InsetsSource: {23ca0006 mType=tappableElement mFrame=[0,0][2340,84] mAttachedInsets=null mVisible=true mFlags= mSideHint=TOP mBoundingRects=null} }
09-28 20:42:54.832  4504  4919 D HWUI    : HWUI - treat SMPTE_170M as sRGB
09-28 20:42:54.835  4504  4675 D SurveyConfigLoader: fromStringStrictValidated -> format=YAML, reason=file extension .yml/.yaml, firstLine='ai_interaction:', leading='ai_interaction:\n  max_followups...' file='survey_config10.yaml'
09-28 20:42:54.836  4504  4504 I InsetsSourceConsumer: applyRequestedVisibilityToControl: visible=true, type=statusBars, host=com.negi.survey/com.negi.survey.MainActivity
09-28 20:42:54.842  4504  4504 I View    : setRequestedFrameRate frameRate=NaN, this=android.view.View{6ffe65 V.ED..... ........ 0,0-0,0}, caller=androidx.compose.ui.platform.Api35Impl.setRequestedFrameRate:4047 androidx.compose.ui.platform.AndroidComposeView.dispatchDraw:2282 android.view.View.draw:26758 android.view.View.updateDisplayListIfDirty:25577 android.view.ViewGroup.recreateChildDisplayList:4881 
09-28 20:42:54.892  4504  4675 D SurveyConfigLoader: strict config loaded (survey_config10.yaml): legacy=10(one=0,inline2=10) splitEval=0 splitFollow=0 followMode=TEXT legacyIds=[Q7,Q8,Q9,Q10,Q11,Q12,Q13,Q14] evalIds=[-] followIds=[-]
09-28 20:42:54.897  4504  4504 D VRI[MainActivity]@1b407e0: mThreadedRenderer.initializeIfNeeded()#2 mSurface={isValid=true 0xb4000078c7fbadc0}
09-28 20:42:54.898  4504  4504 D InputMethodManagerUtils: startInputInner - Id : 0
09-28 20:42:54.898  4504  4504 I InputMethodManager: startInputInner - IInputMethodManagerGlobalInvoker.startInputOrWindowGainedFocus
09-28 20:42:54.902  4504  4504 D InsetsController: hide(ime())
09-28 20:42:54.902  4504  4504 I ImeTracker: com.negi.survey:7311ba10: onCancelled at PHASE_CLIENT_ALREADY_HIDDEN
09-28 20:42:54.903  4504  4675 D SurveyConfigLoader: fromStringStrictValidated -> issues=0 (legacy=10(one=0,inline2=10) splitEval=0 splitFollow=0 followMode=TEXT legacyIds=[Q7,Q8,Q9,Q10,Q11,Q12,Q13,Q14] evalIds=[-] followIds=[-])
09-28 20:42:54.904  4504  4504 D MainActivity: Config loaded. session=survey_config10.yaml@2
09-28 20:42:54.907  4504  4825 D InputTransport: Input channel constructed: 'ClientS', fd=140
09-28 20:42:54.910  4504  4504 D SLM     : buildModelConfig: accel=GPU maxTokens=1024 topK=1 topP=0.0 temperature=0.0
09-28 20:42:54.922  4504  4504 I View    : setRequestedFrameRate frameRate=-4.0, this=android.view.View{6ffe65 V.ED..... ........ 0,0-0,0}, caller=androidx.compose.ui.platform.Api35Impl.setRequestedFrameRate:4047 androidx.compose.ui.platform.AndroidComposeView.dispatchDraw:2282 android.view.View.draw:26758 android.view.View.updateDisplayListIfDirty:25577 android.view.View.draw:26477 
09-28 20:42:54.925  4504  4675 D LiteRtLM: Awaiting init in flight: key='fs|dev=65088|ino=23726|size=4919541760|mtime=1790636955288' reason='initializeIfNeeded-precheck'
09-28 20:42:54.935  4504  4504 I View    : setRequestedFrameRate frameRate=NaN, this=android.view.View{6ffe65 V.ED..... ........ 0,0-0,0}, caller=androidx.compose.ui.platform.Api35Impl.setRequestedFrameRate:4047 androidx.compose.ui.platform.AndroidComposeView.dispatchDraw:2282 android.view.View.draw:26758 android.view.View.updateDisplayListIfDirty:25577 android.view.ViewGroup.recreateChildDisplayList:4881 
09-28 20:42:54.953  4504  4504 I InsetsController: onStateChanged: host=com.negi.survey/com.negi.survey.MainActivity, from=android.view.ViewRootImpl.onInsetsStateChanged:3038, state=InsetsState: {mDisplayFrame=Rect(0, 0 - 2340, 1080), mDisplayCutout=DisplayCutout{insets=Rect(82, 0 - 0, 0) waterfall=Insets{left=0, top=0, right=0, bottom=0} boundingRect={Bounds=[Rect(24, 511 - 82, 569), Rect(0, 0 - 0, 0), Rect(0, 0 - 0, 0), Rect(0, 0 - 0, 0)]} cutoutPathParserInfo={CutoutPathParserInfo{displayWidth=1080 displayHeight=2340 physicalDisplayWidth=1080 physicalDisplayHeight=2340 density={2.8125} cutoutSpec={M 0,0 M 0, 8.533333333333333 a 10.31111111111111,10.31111111111111 0 1,0 0,20.62222222222222 a 10.31111111111111,10.31111111111111 0 1,0 0,-20.62222222222222 Z @dp} rotation={1} scale={1.0} physicalPixelDisplaySizeRatio={1.0}}} sideOverrides={}}, mRoundedCorners=RoundedCorners{[RoundedCorner{position=TopLeft, radius=113, center=Point(113, 113)}, RoundedCorner{position=TopRight, radius=113, center=Point(2227, 113)}, RoundedCorner{position=BottomRight, radius=113, center=Point(2227, 967)}, RoundedCorner{position=BottomLeft, radius=113, center=Point(113, 967)}]}  mRoundedCornerFrame=Rect(0, 0 - 2340, 1080), mPrivacyIndicatorBounds=PrivacyIndicatorBounds {static bounds=Rect(2216, 0 - 2340, 84) rotation=1}, mDisplayShape=DisplayShape{ spec=-311912193 displayWidth=1080 displayHeight=2340 physicalPixelDisplaySizeRatio=1.0 rotation=1 offsetX=0 offsetY=0 scale=1.0}, mSources= { InsetsSource: {dc020001 mType=navigationBars mFrame=[2205,0][2340,1080] mAttachedInsets=null mVisible=true mFlags= mSideHint=RIGHT mBoundingRects=null}, InsetsSource: {dc020004 mType=systemGestures mFrame=[0,0][0,0] mAttachedInsets=null mVisible=true mFlags= mSideHint=NONE mBoundingRects=null}, InsetsSource: {dc020005 mType=mandatorySystemGestures mFrame=[2205,0][2340,1080] mAttachedInsets=null mVisible=true mFlags= mSideHint=RIGHT mBoundingRects=null}, InsetsSource: {dc020006 mType=tappableElement mFrame=[2205,0][2340,1080] mAttachedInsets=null mVisible=true mFlags= mSideHint=RIGHT mBoundingRects=null}, InsetsSource: {dc020024 mType=systemGestures mFrame=[0,0][0,0] mAttachedInsets=null mVisible=true mFlags= mSideHint=NONE mBoundingRects=null}, InsetsSource: {3 mType=ime mFrame=[0,0][0,0] mAttachedInsets=null mVisible=false mFlags=INVALID mSideHint=NONE mBoundingRects=null}, InsetsSource: {7 mType=displayCutout mFrame=[0,0][82,1080] mAttachedInsets=null mVisible=true mFlags= mSideHint=LEFT mBoundingRects=null}, InsetsSource: {23ca0000 mType=statusBars mFrame=[0,0][2340,84] mAttachedInsets=null mVisible=true mFlags= mSideHint=TOP mBoundingRects=null}, InsetsSource: {23ca0005 mType=mandatorySystemGestures mFrame=[0,0][2340,84] mAttachedInsets=null mVisible=true mFlags= mSideHint=TOP mBoundingRects=null}, InsetsSource: {23ca0006 mType=tappableElement mFrame=[0,0][2340,84] mAttachedInsets=null mVisible=true mFlags= mSideHint=TOP mBoundingRects=null} }
09-28 20:42:54.972  4504  4523 I com.negi.survey: Compiler allocated 9258KB to compile java.util.List com.negi.survey.config.SurveyConfig.validate()
09-28 20:42:55.119  4504  4504 I InsetsSourceConsumer: applyRequestedVisibilityToControl: visible=true, type=navigationBars, host=com.negi.survey/com.negi.survey.MainActivity
09-28 20:42:55.331  4504  4504 I VRI[MainActivity]@1b407e0: stopped(true) old = false
09-28 20:42:55.331  4504  4504 D VRI[MainActivity]@1b407e0: WindowStopped on com.negi.survey/com.negi.survey.MainActivity set to true
09-28 20:42:55.331  4504  4919 D HWUI    : CacheManager::trimMemory(20)
09-28 20:42:55.336  4504  4504 D WindowOnBackDispatcher: setTopOnBackInvokedCallback (unwrapped): null
09-28 20:42:55.338  4504  4919 D HWUI    : CacheManager::trimMemory(20)
09-28 20:42:55.339  4504  4504 D ViewRootImpl: Skipping stats log for color mode
09-28 20:42:55.339  4504  4504 I VRI[MainActivity]@1b407e0: dispatchDetachedFromWindow
09-28 20:42:55.340  4504  4504 D InputTransport: Input channel destroyed: '1093e5f', fd=113
09-28 20:42:55.341  4504  4504 D ActivityThread: com.negi.survey will use render engine as VK
09-28 20:42:55.348  4504  4504 I DecorView: setWindowBackground: isPopOver=false color=fffafafa d=android.graphics.drawable.ColorDrawable@49bcc4c
09-28 20:42:55.348  4504  4504 D PhoneWindow: forceLight changed to false [] from com.android.internal.policy.PhoneWindow.updateForceLightNavigationBar:663 com.android.internal.policy.PhoneWindow.setNavigationBarColor:4435 androidx.activity.EdgeToEdgeApi35.setUp:353 androidx.activity.EdgeToEdge.enableEdgeToEdge$lambda$1:101 androidx.activity.EdgeToEdge$$ExternalSyntheticLambda0.run:0 
09-28 20:42:55.350  4504  4504 D ViewRootImpl: desktopMode is false
09-28 20:42:55.350  4504  4504 I ViewRootImpl: dVRR is disabled
09-28 20:42:55.350  4504  4919 D NativeCustomFrequencyManager: [NativeCFMS] BpCustomFrequencyManager::BpCustomFrequencyManager()
09-28 20:42:55.358  4504  4504 D InputTransport: Input channel constructed: '77d7806', fd=113
09-28 20:42:55.358  4504  4504 I InsetsController: onStateChanged: host=com.negi.survey/com.negi.survey.MainActivity, from=android.view.ViewRootImpl.onInsetsStateChanged:3038, state=InsetsState: {mDisplayFrame=Rect(0, 0 - 1080, 2340), mDisplayCutout=DisplayCutout{insets=Rect(0, 82 - 0, 0) waterfall=Insets{left=0, top=0, right=0, bottom=0} boundingRect={Bounds=[Rect(0, 0 - 0, 0), Rect(511, 24 - 569, 82), Rect(0, 0 - 0, 0), Rect(0, 0 - 0, 0)]} cutoutPathParserInfo={CutoutPathParserInfo{displayWidth=1080 displayHeight=2340 physicalDisplayWidth=1080 physicalDisplayHeight=2340 density={2.8125} cutoutSpec={M 0,0 M 0, 8.533333333333333 a 10.31111111111111,10.31111111111111 0 1,0 0,20.62222222222222 a 10.31111111111111,10.31111111111111 0 1,0 0,-20.62222222222222 Z @dp} rotation={0} scale={1.0} physicalPixelDisplaySizeRatio={1.0}}} sideOverrides={}}, mRoundedCorners=RoundedCorners{[RoundedCorner{position=TopLeft, radius=113, center=Point(113, 113)}, RoundedCorner{position=TopRight, radius=113, center=Point(967, 113)}, RoundedCorner{position=BottomRight, radius=113, center=Point(967, 2227)}, RoundedCorner{position=BottomLeft, radius=113, center=Point(113, 2227)}]}  mRoundedCornerFrame=Rect(0, 0 - 1080, 2340), mPrivacyIndicatorBounds=PrivacyIndicatorBounds {static bounds=Rect(956, 0 - 1080, 97) rotation=0}, mDisplayShape=DisplayShape{ spec=-311912193 displayWidth=1080 displayHeight=2340 physicalPixelDisplaySizeRatio=1.0 rotation=0 offsetX=0 offsetY=0 scale=1.0}, mSources= { InsetsSource: {dc020001 mType=navigationBars mFrame=[0,2205][1080,2340] mAttachedInsets=null mVisible=true mFlags= mSideHint=BOTTOM mBoundingRects=null}, InsetsSource: {dc020004 mType=systemGestures mFrame=[0,0][0,0] mAttachedInsets=null mVisible=true mFlags= mSideHint=NONE mBoundingRects=null}, InsetsSource: {dc020005 mType=mandatorySystemGestures mFrame=[0,2205][1080,2340] mAttachedInsets=null mVisible=true mFlags= mSideHint=BOTTOM mBoundingRects=null}, InsetsSource: {dc020006 mType=tappableElement mFrame=[0,2205][1080,2340] mAttachedInsets=null mVisible=true mFlags= mSideHint=BOTTOM mBoundingRects=null}, InsetsSource: {dc020024 mType=systemGestures mFrame=[0,0][0,0] mAttachedInsets=null mVisible=true mFlags= mSideHint=NONE mBoundingRects=null}, InsetsSource: {3 mType=ime mFrame=[0,0][0,0] mAttachedInsets=null mVisible=false mFlags=INVALID mSideHint=NONE mBoundingRects=null}, InsetsSource: {27 mType=displayCutout mFrame=[0,0][1080,82] mAttachedInsets=null mVisible=true mFlags= mSideHint=TOP mBoundingRects=null}, InsetsSource: {23ca0000 mType=statusBars mFrame=[0,0][1080,97] mAttachedInsets=null mVisible=true mFlags= mSideHint=TOP mBoundingRects=null}, InsetsSource: {23ca0005 mType=mandatorySystemGestures mFrame=[0,0][1080,116] mAttachedInsets=null mVisible=true mFlags= mSideHint=TOP mBoundingRects=null}, InsetsSource: {23ca0006 mType=tappableElement mFrame=[0,0][1080,97] mAttachedInsets=null mVisible=true mFlags= mSideHint=TOP mBoundingRects=null} }
09-28 20:42:55.359  4504  4504 I VRI[MainActivity]@44f699b: synced displayState. AttachInfo displayState=2
09-28 20:42:55.359  4504  4504 I VRI[MainActivity]@44f699b: setView = com.android.internal.policy.DecorView@274814d IsHRR=false mFlingFrameRateChange=0 TM=true
09-28 20:42:55.362  4504  4504 D WindowOnBackDispatcher: setTopOnBackInvokedCallback (unwrapped): android.app.Activity$$ExternalSyntheticLambda0@98eb402
09-28 20:42:55.377  4504  4504 D VRI[MainActivity]@44f699b: WindowInsets changed: 1080x2340 statusBars:[0,97,0,0] navigationBars:[0,0,0,135] mandatorySystemGestures:[0,116,0,135] 
09-28 20:42:55.385  4504  4504 I InsetsSourceConsumer: applyRequestedVisibilityToControl: visible=true, type=statusBars, host=com.negi.survey/com.negi.survey.MainActivity
09-28 20:42:55.386  4504  4504 W libc    : Access denied finding property "vendor.perf.ems.egg"
09-28 20:42:55.386  4504  4504 I BLASTBufferQueue_Java: new BLASTBufferQueue, mName= VRI[MainActivity]@44f699b mNativeObject= 0xb400007887fffde0 caller= android.view.ViewRootImpl.updateBlastSurfaceIfNeeded:3603 android.view.ViewRootImpl.relayoutWindow:11813 android.view.ViewRootImpl.performTraversals:4840 android.view.ViewRootImpl.doTraversal:3959 android.view.ViewRootImpl$TraversalRunnable.run:13034 android.view.Choreographer$CallbackRecord.run:1961 android.view.Choreographer$CallbackRecord.run:1970 android.view.Choreographer.doCallbacks:1423 android.view.Choreographer.doFrame:1348 android.view.Choreographer$FrameDisplayEventReceiver.run:1930 
09-28 20:42:55.386  4504  4504 I BLASTBufferQueue_Java: update, w= 1080 h= 2340 mName = VRI[MainActivity]@44f699b mNativeObject= 0xb400007887fffde0 sc.mNativeObject= 0xb40000793823e410 format= -1 caller= android.view.ViewRootImpl.updateBlastSurfaceIfNeeded:3608 android.view.ViewRootImpl.relayoutWindow:11813 android.view.ViewRootImpl.performTraversals:4840 android.view.ViewRootImpl.doTraversal:3959 android.view.ViewRootImpl$TraversalRunnable.run:13034 android.view.Choreographer$CallbackRecord.run:1961 
09-28 20:42:55.387  4504  4504 W libc    : Access denied finding property "vendor.perf.ems.egg"
09-28 20:42:55.387  4504  4504 I VRI[MainActivity]@44f699b: Relayout returned: old=(0,0,1080,2340) new=(0,0,1080,2340) relayoutAsync=false req=(1080,2340)0 dur=4 res=0x3 s={true 0xb4000078c7fe6b70} ch=true seqId=0
09-28 20:42:55.387  4504  4504 I VRI[MainActivity]@44f699b: performConfigurationChange setNightDimText nightDimLevel=0
09-28 20:42:55.388  4504  4504 D VRI[MainActivity]@44f699b: mThreadedRenderer.initialize() mSurface={isValid=true 0xb4000078c7fe6b70} hwInitialized=true
09-28 20:42:55.390  4504  4504 D VRI[MainActivity]@44f699b: reportNextDraw android.view.ViewRootImpl.performTraversals:5507 android.view.ViewRootImpl.doTraversal:3959 android.view.ViewRootImpl$TraversalRunnable.run:13034 android.view.Choreographer$CallbackRecord.run:1961 android.view.Choreographer$CallbackRecord.run:1970 
09-28 20:42:55.390  4504  4504 D VRI[MainActivity]@44f699b: Setup new sync=wmsSync-VRI[MainActivity]@44f699b#8
09-28 20:42:55.390  4504  4504 I VRI[MainActivity]@44f699b: Creating new active sync group VRI[MainActivity]@44f699b#9
09-28 20:42:55.390  4504  4504 D VRI[MainActivity]@44f699b: registerCallbacksForSync syncBuffer=false
09-28 20:42:55.391  4504  4504 I View    : setRequestedFrameRate frameRate=-4.0, this=android.view.View{8bd9c34 V.ED..... ......I. 0,0-0,0}, caller=androidx.compose.ui.platform.Api35Impl.setRequestedFrameRate:4047 androidx.compose.ui.platform.AndroidComposeView.dispatchDraw:2282 android.view.View.draw:26758 android.view.View.updateDisplayListIfDirty:25577 android.view.View.draw:26477 
09-28 20:42:55.392  4504  4931 D VRI[MainActivity]@44f699b: Received frameDrawingCallback syncResult=0 frameNum=1.
09-28 20:42:55.392  4504  4931 I VRI[MainActivity]@44f699b: mWNT: t=0xb4000078d7f602d0 mBlastBufferQueue=0xb400007887fffde0 fn= 1 HdrRenderState mRenderHdrSdrRatio=1.0 caller= android.view.ViewRootImpl$12.onFrameDraw:15561 android.view.ThreadedRenderer$1.onFrameDraw:751 <bottom of call stack> 
09-28 20:42:55.392  4504  4931 I VRI[MainActivity]@44f699b: Setting up sync and frameCommitCallback
09-28 20:42:55.394  4504  4919 I BLASTBufferQueue: [VRI[MainActivity]@44f699b#4](f:0,a:0,s:0) onFrameAvailable the first frame is available
09-28 20:42:55.394  4504  4919 I VRI[MainActivity]@44f699b: Received frameCommittedCallback lastAttemptedDrawFrameNum=1 didProduceBuffer=true
09-28 20:42:55.395  4504  4919 D HWUI    : CFMS:: SetUp Pid : 4504    Tid : 4919
09-28 20:42:55.395  4504  4504 D VRI[MainActivity]@44f699b: reportDrawFinished seqId=0
09-28 20:42:55.396  4504  4919 D HWUI    : HWUI - treat SMPTE_170M as sRGB
09-28 20:42:55.399  4504  4609 D SurveyConfigLoader: fromStringStrictValidated -> format=YAML, reason=file extension .yml/.yaml, firstLine='ai_interaction:', leading='ai_interaction:\n  max_followups...' file='survey_config10.yaml'
09-28 20:42:55.401  4504  4504 I View    : setRequestedFrameRate frameRate=NaN, this=android.view.View{8bd9c34 V.ED..... ........ 0,0-0,0}, caller=androidx.compose.ui.platform.Api35Impl.setRequestedFrameRate:4047 androidx.compose.ui.platform.AndroidComposeView.dispatchDraw:2282 android.view.View.draw:26758 android.view.View.updateDisplayListIfDirty:25577 android.view.ViewGroup.recreateChildDisplayList:4881 
09-28 20:42:55.436  4504  4504 D VRI[MainActivity]@44f699b: mThreadedRenderer.initializeIfNeeded()#2 mSurface={isValid=true 0xb4000078c7fe6b70}
09-28 20:42:55.437  4504  4504 D InputMethodManagerUtils: startInputInner - Id : 0
09-28 20:42:55.437  4504  4504 I InputMethodManager: startInputInner - IInputMethodManagerGlobalInvoker.startInputOrWindowGainedFocus
09-28 20:42:55.445  4504  4504 D InsetsController: hide(ime())
09-28 20:42:55.445  4504  4504 I ImeTracker: com.negi.survey:6c614842: onCancelled at PHASE_CLIENT_ALREADY_HIDDEN
09-28 20:42:55.447  4504  4915 D InputTransport: Input channel constructed: 'ClientS', fd=159
09-28 20:42:55.449  4504  4609 D SurveyConfigLoader: strict config loaded (survey_config10.yaml): legacy=10(one=0,inline2=10) splitEval=0 splitFollow=0 followMode=TEXT legacyIds=[Q7,Q8,Q9,Q10,Q11,Q12,Q13,Q14] evalIds=[-] followIds=[-]
09-28 20:42:55.454  4504  4609 D SurveyConfigLoader: fromStringStrictValidated -> issues=0 (legacy=10(one=0,inline2=10) splitEval=0 splitFollow=0 followMode=TEXT legacyIds=[Q7,Q8,Q9,Q10,Q11,Q12,Q13,Q14] evalIds=[-] followIds=[-])
09-28 20:42:55.455  4504  4504 D MainActivity: Config loaded. session=survey_config10.yaml@2
09-28 20:42:55.460  4504  4504 D SLM     : buildModelConfig: accel=GPU maxTokens=1024 topK=1 topP=0.0 temperature=0.0
09-28 20:42:55.472  4504  4504 I View    : setRequestedFrameRate frameRate=-4.0, this=android.view.View{8bd9c34 V.ED..... ........ 0,0-0,0}, caller=androidx.compose.ui.platform.Api35Impl.setRequestedFrameRate:4047 androidx.compose.ui.platform.AndroidComposeView.dispatchDraw:2282 android.view.View.draw:26758 android.view.View.updateDisplayListIfDirty:25577 android.view.View.draw:26477 
09-28 20:42:55.478  4504  4504 I InsetsSourceConsumer: applyRequestedVisibilityToControl: visible=true, type=navigationBars, host=com.negi.survey/com.negi.survey.MainActivity
09-28 20:42:55.485  4504  4504 I View    : setRequestedFrameRate frameRate=NaN, this=android.view.View{8bd9c34 V.ED..... ........ 0,0-0,0}, caller=androidx.compose.ui.platform.Api35Impl.setRequestedFrameRate:4047 androidx.compose.ui.platform.AndroidComposeView.dispatchDraw:2282 android.view.View.draw:26758 android.view.View.updateDisplayListIfDirty:25577 android.view.ViewGroup.recreateChildDisplayList:4881 
09-28 20:42:55.489  4504  4609 D LiteRtLM: Awaiting init in flight: key='fs|dev=65088|ino=23726|size=4919541760|mtime=1790636955288' reason='initializeIfNeeded-precheck'
09-28 20:42:55.533  4504  4727 W com.negi.survey: Cleared Reference was only reachable from finalizer (only reported once)
09-28 20:42:55.550  4504  4727 I com.negi.survey: Explicit concurrent mark compact GC freed 6445KB AllocSpace bytes, 18(448KB) LOS objects, 77% free, 7070KB/30MB, paused 633us,2.696ms total 49.634ms
09-28 20:42:55.565  4504  4525 D InputTransport: Input channel destroyed: 'ClientS', fd=140
09-28 20:42:55.565  4504  4525 D InputTransport: Input channel destroyed: 'ClientS', fd=159
09-28 20:42:55.693  4504  4677 I native  : I0000 00:00:1790646175.690003    4677 delegate_kernel.cc:330] Total 81 external tensors are used for delegate inputs and outputs
09-28 20:42:55.694  4504  4677 I native  : I0000 00:00:1790646175.694209    4677 delegate_kernel.cc:906] Initializing OpenCL-based API from serialized data.
09-28 20:42:55.883  4504  4677 I native  : I0000 00:00:1790646175.882996    4677 delegate_kernel.cc:804] Initialized InferenceContext from serialized data.
09-28 20:42:56.178  4504  4677 I tflite  : Replacing 2145 out of 2145 node(s) with delegate (LITERT_CL) node, yielding 1 partitions for subgraph 1 (prefill_16).
09-28 20:42:56.219  4504  4677 I native  : I0000 00:00:1790646176.219593    4677 delegate_kernel.cc:330] Total 80 external tensors are used for delegate inputs and outputs
09-28 20:42:56.219  4504  4677 I native  : I0000 00:00:1790646176.219658    4677 delegate_kernel.cc:906] Initializing OpenCL-based API from serialized data.
09-28 20:42:56.298  4504  4677 I native  : I0000 00:00:1790646176.298234    4677 delegate_kernel.cc:804] Initialized InferenceContext from serialized data.
09-28 20:42:56.340  4504  4677 I tflite  : Replacing 2145 out of 2145 node(s) with delegate (LITERT_CL) node, yielding 1 partitions for subgraph 2 (prefill_256).
09-28 20:42:56.369  4504  4677 I native  : I0000 00:00:1790646176.369445    4677 delegate_kernel.cc:330] Total 80 external tensors are used for delegate inputs and outputs
09-28 20:42:56.369  4504  4677 I native  : I0000 00:00:1790646176.369518    4677 delegate_kernel.cc:906] Initializing OpenCL-based API from serialized data.
09-28 20:42:56.467  4504  4677 I native  : I0000 00:00:1790646176.467637    4677 delegate_kernel.cc:804] Initialized InferenceContext from serialized data.
09-28 20:42:56.653  4504  4677 W native  : W0000 00:00:1790646176.653035    4677 litert_lm_loader.cc:291] Section not found: 
09-28 20:42:56.653  4504  4677 W native  : W0000 00:00:1790646176.653100    4677 litert_lm_loader.h:129] TFLite model for type: TF_LITE_END_OF_VISION not found. Skipping.
09-28 20:42:56.656  4504  4677 I litert  : [compiled_model.cc:833] Flatbuffer model initialized directly from incoming litert model.
09-28 20:42:56.667  4504  4677 W litert  : [compiled_model.cc:986] You should provide the `DispatchLibraryDir` option to use NPU.
09-28 20:42:56.668  4504  4677 I tflite  : Replacing 2 out of 10 node(s) with delegate (TfLiteXNNPackDelegate) node, yielding 2 partitions for subgraph 0 (main).
09-28 20:42:56.670  4504  4677 I litert  : [compiled_model.cc:833] Flatbuffer model initialized directly from incoming litert model.
09-28 20:42:56.670  4504  4677 W litert  : [compiled_model.cc:986] You should provide the `DispatchLibraryDir` option to use NPU.
09-28 20:42:56.670  4504  4677 I litert  : [compiled_model.cc:1790] Tracked constant output tensor eoa_embedding with locked address
09-28 20:42:56.709  4504  4677 I litert  : [compiled_model.cc:833] Flatbuffer model initialized directly from incoming litert model.
09-28 20:42:56.738  4504  4727 I com.negi.survey: Explicit concurrent mark compact GC freed 1345KB AllocSpace bytes, 1(20KB) LOS objects, 78% free, 6685KB/30MB, paused 277us,1.989ms total 28.905ms
09-28 20:42:56.847  4504  4677 W litert  : [compiled_model.cc:986] You should provide the `DispatchLibraryDir` option to use NPU.
09-28 20:42:56.847  4504  4677 I tflite  : Replacing 1 out of 44 node(s) with delegate (TfLiteXNNPackDelegate) node, yielding 2 partitions for subgraph 0 (main).
09-28 20:42:56.850  4504  4677 W LiteRtLM: Engine.initialize completed: key='fs|dev=65088|ino=23726|size=4919541760|mtime=1790636955288' backend=com.google.ai.edge.litertlm.Backend$GPU@952bbfe took=9376ms cacheFilesAfter=2
09-28 20:42:56.850  4504  4677 W LiteRtLM: Engine.initialize completed: key='fs|dev=65088|ino=23726|size=4919541760|mtime=1790636955288' backend=com.google.ai.edge.litertlm.Backend$GPU@952bbfe took=9376ms cacheFilesAfter=2
09-28 20:42:56.856  4504  4677 D LiteRtLM: createConversation completed: key='fs|dev=65088|ino=23726|size=4919541760|mtime=1790636955288' took=6ms
09-28 20:42:56.856  4504  4677 D LiteRtLM: LiteRT-LM initialization succeeded: model='Gemma3n4B', key='fs|dev=65088|ino=23726|size=4919541760|mtime=1790636955288' engineMs=9376 conversationMs=6 totalMs=9385
09-28 20:42:56.857  4504  4677 D LiteRtLM: initializeIfNeeded: warm runtime already ready: key='fs|dev=65088|ino=23726|size=4919541760|mtime=1790636955288'
09-28 20:42:56.859  4504  4504 D AiTrace : Installed (enabled=true ringEnabled=true)
09-28 20:42:56.862  4504  4504 D SurveyVM: init -> Start, session=0, uuid=7f1889b3-75a7-41eb-bd9a-3da6ca263990, navSize=1, graphSize=22
09-28 20:42:56.869  4504  4504 D SurveyVM: config.validate -> issues=0
09-28 20:42:56.869  4504  4504 D SurveyVM: promptSources -> legacy=10, eval=0, follow=0
09-28 20:42:56.869  4504  4504 D SurveyVM: promptSources.preview -> legacy=[Q10, Q11, Q12, Q13, Q14, Q15, Q16, Q7, Q8, Q9], eval=[], follow=[]
09-28 20:42:56.869  4504  4504 D SurveyVM: hasTwoStepPrompt[Q10] -> true (eval=219, fu=244)
09-28 20:42:56.869  4504  4504 D SurveyVM: hasTwoStepPrompt[Q11] -> true (eval=229, fu=254)
09-28 20:42:56.870  4504  4504 D SurveyVM: hasTwoStepPrompt[Q12] -> true (eval=184, fu=209)
09-28 20:42:56.870  4504  4504 D SurveyVM: hasTwoStepPrompt[Q13] -> true (eval=221, fu=246)
09-28 20:42:56.870  4504  4504 D SurveyVM: hasTwoStepPrompt[Q14] -> true (eval=160, fu=185)
09-28 20:42:56.870  4504  4504 D SurveyVM: hasTwoStepPrompt[Q15] -> true (eval=185, fu=210)
09-28 20:42:56.870  4504  4504 D SurveyVM: hasTwoStepPrompt[Q16] -> true (eval=200, fu=225)
09-28 20:42:56.870  4504  4504 D SurveyVM: hasTwoStepPrompt[Q7] -> true (eval=248, fu=273)
09-28 20:42:56.870  4504  4504 D SurveyVM: hasTwoStepPrompt[Q8] -> true (eval=190, fu=215)
09-28 20:42:56.870  4504  4504 D SurveyVM: hasTwoStepPrompt[Q9] -> true (eval=195, fu=220)
09-28 20:42:56.870  4504  4504 D SurveyVM: AI prompt coverage OK (aiCount=10)
09-28 20:42:56.874  4504  4504 I TextToSpeech: Create TextToSpeech : caller process id[4504] / name[com.negi.survey] / target[null]
09-28 20:42:56.986  4504  4504 I TextToSpeech: com.negi.survey is not allowed to bind to private engine.
09-28 20:42:56.992  4504  4504 I TextToSpeech: getHighestRankedPublicEngineName = com.google.android.tts
09-28 20:42:56.993  4504  4504 I TextToSpeech: Sucessfully bound to com.google.android.tts
09-28 20:42:57.047  4504  4504 I View    : setRequestedFrameRate frameRate=-4.0, this=android.view.View{8bd9c34 V.ED..... ........ 0,0-0,0}, caller=androidx.compose.ui.platform.Api35Impl.setRequestedFrameRate:4047 androidx.compose.ui.platform.AndroidComposeView.dispatchDraw:2282 android.view.View.draw:26758 android.view.View.updateDisplayListIfDirty:25577 android.view.View.draw:26477 
09-28 20:42:57.048  4504  4504 D MainActivity: SLM Engine warm-up started. session=survey_config10.yaml@2 model=Gemma3n4B
09-28 20:42:57.049  4504  5232 D SLM     : initializeIfNeeded: model='Gemma3n4B' image=false audio=false
09-28 20:42:57.049  4504  4504 D WhisperSpeechController: updateContext: surveyId=7f1889b3-75a7-41eb-bd9a-3da6ca263990, questionId=Start
09-28 20:42:57.049  4504  5232 D LiteRtLM: initializeIfNeeded: warm runtime already ready: key='fs|dev=65088|ino=23726|size=4919541760|mtime=1790636955288'
09-28 20:42:57.052  4504  4504 D LiteRtRepository: warmUp: initializeIfNeeded ok gateWaitMs=0 initMs=3
09-28 20:42:57.052  4504  4504 D LiteRtRepository: warmUp: Engine ready; representative inference disabled totalMs=4
09-28 20:42:57.052  4504  4504 D MainActivity: SLM Engine warm-up finished. session=survey_config10.yaml@2 model=Gemma3n4B elapsedMs=4
09-28 20:42:57.054  4504  4504 I View    : setRequestedFrameRate frameRate=NaN, this=android.view.View{8bd9c34 V.ED..... ........ 0,0-0,0}, caller=androidx.compose.ui.platform.Api35Impl.setRequestedFrameRate:4047 androidx.compose.ui.platform.AndroidComposeView.dispatchDraw:2282 android.view.View.draw:26758 android.view.View.updateDisplayListIfDirty:25577 android.view.ViewGroup.recreateChildDisplayList:4881 
09-28 20:42:57.349  4504  4915 I TextToSpeech: Connected to TTS engine
09-28 20:42:57.379  4504  4920 I TextToSpeech: Setting up the connection to TTS engine...
09-28 20:42:57.445  4504  4504 D TtsController: TextToSpeech ready: locale=en_US rate=1.0 pitch=1.0
09-28 20:42:57.943  4504  4915 I com.negi.survey: Explicit concurrent mark compact GC freed 3560KB AllocSpace bytes, 4(128KB) LOS objects, 78% free, 6873KB/30MB, paused 159us,2.030ms total 32.329ms
09-28 20:42:58.321  4504  4504 I VRI[MainActivity]@44f699b: ViewPostIme pointer 0
09-28 20:42:58.331  4504  4504 I VRI[MainActivity]@44f699b: call setFrameRateCategory for touch hint category=high hint, reason=touch, vri=VRI[MainActivity]@44f699b
09-28 20:42:58.345  4504  4504 I VRI[MainActivity]@44f699b: ViewPostIme pointer 1
09-28 20:42:58.347  4504  4504 D WhisperSpeechController: stopRecording: not recording, ignoring
09-28 20:42:58.370  4504  4504 I View    : setRequestedFrameRate frameRate=-4.0, this=android.view.View{8bd9c34 V.ED..... ........ 0,0-0,0}, caller=androidx.compose.ui.platform.Api35Impl.setRequestedFrameRate:4047 androidx.compose.ui.platform.AndroidComposeView.dispatchDraw:2282 android.view.View.draw:26758 android.view.View.updateDisplayListIfDirty:25577 android.view.ViewGroup.recreateChildDisplayList:4881 
09-28 20:42:58.371  4504  4504 D MainActivity: Home -> Start survey. session=survey_config10.yaml@2 freeTextDraftLen=0 (run-scoped)
09-28 20:42:58.371  4504  4504 D SurveyVM: resetAudioRefs -> cleared
09-28 20:42:58.371  4504  4504 D SurveyVM: resetNavToStart -> key=com.negi.survey.vm.FlowHome@ca964a0, navSize=1
09-28 20:42:58.371  4504  4504 D SurveyVM: resetToStart -> Start, session=1, uuid=a13934c8-a636-4c7b-a1e5-795c84bfb9c9, preserveDraft=true, draftLen=0
09-28 20:42:58.372  4504  4504 D MainActivity: Home -> Start survey: runNoteLen=0 (restoredAfterReset)
09-28 20:42:58.372  4504  4504 D SurveyVM: activateRunIfNeeded(advanceToNext:Introduction) -> runNoteLen=0, draftCleared=true, uuid=a13934c8-a636-4c7b-a1e5-795c84bfb9c9
09-28 20:42:58.372  4504  4504 D SurveyVM: push -> Introduction, navSize=2, stackSize=2
09-28 20:42:58.386  4504  4504 D WindowOnBackDispatcher: setTopOnBackInvokedCallback (unwrapped): androidx.navigationevent.OnBackInvokedInput$createOnBackAnimationCallback$1@cb26ebb
09-28 20:42:58.393  4504  4504 D WhisperSpeechController: updateContext: surveyId=a13934c8-a636-4c7b-a1e5-795c84bfb9c9, questionId=Introduction
09-28 20:42:58.433  4504  4504 I View    : setRequestedFrameRate frameRate=NaN, this=android.view.View{8bd9c34 V.ED..... ........ 0,0-0,0}, caller=androidx.compose.ui.platform.Api35Impl.setRequestedFrameRate:4047 androidx.compose.ui.platform.AndroidComposeView.dispatchDraw:2282 android.view.View.draw:26758 android.view.View.updateDisplayListIfDirty:25577 android.view.ViewGroup.recreateChildDisplayList:4881 
09-28 20:42:59.104  4504  4504 I VRI[MainActivity]@44f699b: ViewPostIme pointer 0
09-28 20:42:59.126  4504  4504 I View    : setRequestedFrameRate frameRate=-4.0, this=android.view.View{8bd9c34 V.ED..... ........ 0,0-0,0}, caller=androidx.compose.ui.platform.Api35Impl.setRequestedFrameRate:4047 androidx.compose.ui.platform.AndroidComposeView.dispatchDraw:2282 android.view.View.draw:26758 android.view.View.updateDisplayListIfDirty:25577 android.view.ViewGroup.recreateChildDisplayList:4881 
09-28 20:42:59.162  4504  4727 I com.negi.survey: Explicit concurrent mark compact GC freed 1244KB AllocSpace bytes, 1(20KB) LOS objects, 78% free, 6869KB/30MB, paused 270us,1.746ms total 35.665ms
09-28 20:42:59.173  4504  4504 I VRI[MainActivity]@44f699b: ViewPostIme pointer 1
09-28 20:42:59.317  4504  4504 I View    : setRequestedFrameRate frameRate=NaN, this=android.view.View{8bd9c34 V.ED..... ........ 0,0-0,0}, caller=androidx.compose.ui.platform.Api35Impl.setRequestedFrameRate:4047 androidx.compose.ui.platform.AndroidComposeView.dispatchDraw:2282 android.view.View.draw:26758 android.view.View.updateDisplayListIfDirty:25577 android.view.ViewGroup.recreateChildDisplayList:4881 
09-28 20:43:00.263  4504  4504 I VRI[MainActivity]@44f699b: ViewPostIme pointer 0
09-28 20:43:00.337  4504  4727 I com.negi.survey: Explicit concurrent mark compact GC freed 432KB AllocSpace bytes, 1(20KB) LOS objects, 78% free, 6821KB/30MB, paused 136us,1.831ms total 34.358ms
09-28 20:43:00.347  4504  4504 I VRI[MainActivity]@44f699b: ViewPostIme pointer 1
09-28 20:43:00.348  4504  4504 D SurveyVM: push -> Consent, navSize=3, stackSize=3
09-28 20:43:00.364  4504  4504 I View    : setRequestedFrameRate frameRate=-4.0, this=android.view.View{8bd9c34 V.ED..... ........ 0,0-0,0}, caller=androidx.compose.ui.platform.Api35Impl.setRequestedFrameRate:4047 androidx.compose.ui.platform.AndroidComposeView.dispatchDraw:2282 android.view.View.draw:26758 android.view.View.updateDisplayListIfDirty:25577 android.view.ViewGroup.recreateChildDisplayList:4881 
09-28 20:43:00.365  4504  4504 D WhisperSpeechController: updateContext: surveyId=a13934c8-a636-4c7b-a1e5-795c84bfb9c9, questionId=Consent
09-28 20:43:00.413  4504  4504 I View    : setRequestedFrameRate frameRate=NaN, this=android.view.View{8bd9c34 V.ED..... ........ 0,0-0,0}, caller=androidx.compose.ui.platform.Api35Impl.setRequestedFrameRate:4047 androidx.compose.ui.platform.AndroidComposeView.dispatchDraw:2282 android.view.View.draw:26758 android.view.View.updateDisplayListIfDirty:25577 android.view.ViewGroup.recreateChildDisplayList:4881 
09-28 20:43:01.575  4504  7779 I com.negi.survey: Explicit concurrent mark compact GC freed 988KB AllocSpace bytes, 2(44KB) LOS objects, 77% free, 6949KB/30MB, paused 165us,1.785ms total 37.663ms
09-28 20:43:02.220  4504  4504 I VRI[MainActivity]@44f699b: ViewPostIme pointer 0
09-28 20:43:02.288  4504  4504 I VRI[MainActivity]@44f699b: ViewPostIme pointer 1
09-28 20:43:02.323  4504  4504 I View    : setRequestedFrameRate frameRate=-4.0, this=android.view.View{8bd9c34 V.ED..... ........ 0,0-0,0}, caller=androidx.compose.ui.platform.Api35Impl.setRequestedFrameRate:4047 androidx.compose.ui.platform.AndroidComposeView.dispatchDraw:2282 android.view.View.draw:26758 android.view.View.updateDisplayListIfDirty:25577 android.view.ViewGroup.recreateChildDisplayList:4881 
09-28 20:43:02.324  4504  4504 I View    : setRequestedFrameRate frameRate=NaN, this=android.view.View{8bd9c34 V.ED..... ........ 0,0-0,0}, caller=androidx.compose.ui.platform.Api35Impl.setRequestedFrameRate:4047 androidx.compose.ui.platform.AndroidComposeView.dispatchDraw:2282 android.view.View.draw:26758 android.view.View.updateDisplayListIfDirty:25577 android.view.ViewGroup.recreateChildDisplayList:4881 
09-28 20:43:02.806  4504  7779 I com.negi.survey: Explicit concurrent mark compact GC freed 452KB AllocSpace bytes, 1(20KB) LOS objects, 78% free, 6849KB/30MB, paused 134us,1.688ms total 24.690ms
09-28 20:43:04.065  4504  7779 I com.negi.survey: Explicit concurrent mark compact GC freed 196KB AllocSpace bytes, 1(20KB) LOS objects, 78% free, 6845KB/30MB, paused 134us,1.701ms total 31.553ms
09-28 20:43:04.569  4504  4504 I VRI[MainActivity]@44f699b: ViewPostIme pointer 0
09-28 20:43:04.646  4504  4504 I VRI[MainActivity]@44f699b: ViewPostIme pointer 1
09-28 20:43:04.650  4504  4504 D SurveyVM: push -> Q1, navSize=4, stackSize=4
09-28 20:43:04.685  4504  4504 I View    : setRequestedFrameRate frameRate=-4.0, this=android.view.View{8bd9c34 V.ED..... ........ 0,0-0,0}, caller=androidx.compose.ui.platform.Api35Impl.setRequestedFrameRate:4047 androidx.compose.ui.platform.AndroidComposeView.dispatchDraw:2282 android.view.View.draw:26758 android.view.View.updateDisplayListIfDirty:25577 android.view.ViewGroup.recreateChildDisplayList:4881 
09-28 20:43:04.686  4504  4504 D WhisperSpeechController: updateContext: surveyId=a13934c8-a636-4c7b-a1e5-795c84bfb9c9, questionId=Q1
09-28 20:43:04.690  4504  4504 I View    : setRequestedFrameRate frameRate=NaN, this=android.view.View{8bd9c34 V.ED..... ........ 0,0-0,0}, caller=androidx.compose.ui.platform.Api35Impl.setRequestedFrameRate:4047 androidx.compose.ui.platform.AndroidComposeView.dispatchDraw:2282 android.view.View.draw:26758 android.view.View.updateDisplayListIfDirty:25577 android.view.ViewGroup.recreateChildDisplayList:4881 
09-28 20:43:05.325  4504  4915 I com.negi.survey: Explicit concurrent mark compact GC freed 568KB AllocSpace bytes, 1(20KB) LOS objects, 78% free, 6917KB/30MB, paused 145us,1.792ms total 38.091ms
09-28 20:43:05.802  4504  4504 I VRI[MainActivity]@44f699b: ViewPostIme pointer 0
09-28 20:43:05.880  4504  4504 I VRI[MainActivity]@44f699b: ViewPostIme pointer 1
09-28 20:43:05.902  4504  4504 I View    : setRequestedFrameRate frameRate=-4.0, this=android.view.View{8bd9c34 V.ED..... ........ 0,0-0,0}, caller=androidx.compose.ui.platform.Api35Impl.setRequestedFrameRate:4047 androidx.compose.ui.platform.AndroidComposeView.dispatchDraw:2282 android.view.View.draw:26758 android.view.View.updateDisplayListIfDirty:25577 android.view.ViewGroup.recreateChildDisplayList:4881 
09-28 20:43:05.903  4504  4504 I View    : setRequestedFrameRate frameRate=NaN, this=android.view.View{8bd9c34 V.ED..... ........ 0,0-0,0}, caller=androidx.compose.ui.platform.Api35Impl.setRequestedFrameRate:4047 androidx.compose.ui.platform.AndroidComposeView.dispatchDraw:2282 android.view.View.draw:26758 android.view.View.updateDisplayListIfDirty:25577 android.view.ViewGroup.recreateChildDisplayList:4881 
09-28 20:43:06.537  4504  4915 I com.negi.survey: Explicit concurrent mark compact GC freed 320KB AllocSpace bytes, 1(20KB) LOS objects, 78% free, 6917KB/30MB, paused 152us,1.660ms total 31.764ms
09-28 20:43:06.594  4504  4504 I VRI[MainActivity]@44f699b: ViewPostIme pointer 0
09-28 20:43:06.671  4504  4504 I VRI[MainActivity]@44f699b: ViewPostIme pointer 1
09-28 20:43:06.675  4504  4504 D SurveyVM: push -> Q2, navSize=5, stackSize=5
09-28 20:43:06.713  4504  4504 I View    : setRequestedFrameRate frameRate=-4.0, this=android.view.View{8bd9c34 V.ED..... ........ 0,0-0,0}, caller=androidx.compose.ui.platform.Api35Impl.setRequestedFrameRate:4047 androidx.compose.ui.platform.AndroidComposeView.dispatchDraw:2282 android.view.View.draw:26758 android.view.View.updateDisplayListIfDirty:25577 android.view.ViewGroup.recreateChildDisplayList:4881 
09-28 20:43:06.714  4504  4504 D WhisperSpeechController: updateContext: surveyId=a13934c8-a636-4c7b-a1e5-795c84bfb9c9, questionId=Q2
09-28 20:43:06.719  4504  4504 I View    : setRequestedFrameRate frameRate=NaN, this=android.view.View{8bd9c34 V.ED..... ........ 0,0-0,0}, caller=androidx.compose.ui.platform.Api35Impl.setRequestedFrameRate:4047 androidx.compose.ui.platform.AndroidComposeView.dispatchDraw:2282 android.view.View.draw:26758 android.view.View.updateDisplayListIfDirty:25577 android.view.ViewGroup.recreateChildDisplayList:4881 
09-28 20:43:07.595  4504  4504 I VRI[MainActivity]@44f699b: ViewPostIme pointer 0
09-28 20:43:07.663  4504  4504 I VRI[MainActivity]@44f699b: ViewPostIme pointer 1
09-28 20:43:07.682  4504  4504 I View    : setRequestedFrameRate frameRate=-4.0, this=android.view.View{8bd9c34 V.ED..... ........ 0,0-0,0}, caller=androidx.compose.ui.platform.Api35Impl.setRequestedFrameRate:4047 androidx.compose.ui.platform.AndroidComposeView.dispatchDraw:2282 android.view.View.draw:26758 android.view.View.updateDisplayListIfDirty:25577 android.view.ViewGroup.recreateChildDisplayList:4881 
09-28 20:43:07.684  4504  4504 I View    : setRequestedFrameRate frameRate=NaN, this=android.view.View{8bd9c34 V.ED..... ........ 0,0-0,0}, caller=androidx.compose.ui.platform.Api35Impl.setRequestedFrameRate:4047 androidx.compose.ui.platform.AndroidComposeView.dispatchDraw:2282 android.view.View.draw:26758 android.view.View.updateDisplayListIfDirty:25577 android.view.ViewGroup.recreateChildDisplayList:4881 
09-28 20:43:07.759  4504  4915 I com.negi.survey: Explicit concurrent mark compact GC freed 732KB AllocSpace bytes, 1(20KB) LOS objects, 78% free, 6857KB/30MB, paused 136us,1.680ms total 39.651ms
09-28 20:43:08.820  4504  4504 I VRI[MainActivity]@44f699b: ViewPostIme pointer 0
09-28 20:43:08.886  4504  4504 I VRI[MainActivity]@44f699b: ViewPostIme pointer 1
09-28 20:43:08.887  4504  4504 D SurveyVM: push -> Q3, navSize=6, stackSize=6
09-28 20:43:08.925  4504  4504 I View    : setRequestedFrameRate frameRate=-4.0, this=android.view.View{8bd9c34 V.ED..... ........ 0,0-0,0}, caller=androidx.compose.ui.platform.Api35Impl.setRequestedFrameRate:4047 androidx.compose.ui.platform.AndroidComposeView.dispatchDraw:2282 android.view.View.draw:26758 android.view.View.updateDisplayListIfDirty:25577 android.view.ViewGroup.recreateChildDisplayList:4881 
09-28 20:43:08.926  4504  4504 D WhisperSpeechController: updateContext: surveyId=a13934c8-a636-4c7b-a1e5-795c84bfb9c9, questionId=Q3
09-28 20:43:08.940  4504  4915 I com.negi.survey: Explicit concurrent mark compact GC freed 408KB AllocSpace bytes, 1(20KB) LOS objects, 77% free, 7029KB/30MB, paused 206us,1.950ms total 29.368ms
09-28 20:43:08.994  4504  4504 I View    : setRequestedFrameRate frameRate=NaN, this=android.view.View{8bd9c34 V.ED..... ........ 0,0-0,0}, caller=androidx.compose.ui.platform.Api35Impl.setRequestedFrameRate:4047 androidx.compose.ui.platform.AndroidComposeView.dispatchDraw:2282 android.view.View.draw:26758 android.view.View.updateDisplayListIfDirty:25577 android.view.ViewGroup.recreateChildDisplayList:4881 
09-28 20:43:10.030  4504  4504 I VRI[MainActivity]@44f699b: ViewPostIme pointer 0
09-28 20:43:10.078  4504  4504 I VRI[MainActivity]@44f699b: ViewPostIme pointer 1
09-28 20:43:10.093  4504  4504 D InputMethodManagerUtils: startInputInner - Id : 0
09-28 20:43:10.093  4504  4504 I InputMethodManager: startInputInner - IInputMethodManagerGlobalInvoker.startInputOrWindowGainedFocus
09-28 20:43:10.095  4504  4504 D InputMethodManagerUtils: startInputInner - Id : 0
09-28 20:43:10.095  4504  4504 I InputMethodManager: startInputInner - IInputMethodManagerGlobalInvoker.startInputOrWindowGainedFocus
09-28 20:43:10.096  4504  4504 D InsetsController: show(ime())
09-28 20:43:10.097  4504  4504 I ImeTracker: com.negi.survey:7627aa85: onRequestShow at ORIGIN_CLIENT reason SHOW_SOFT_INPUT_BY_INSETS_API fromUser false
09-28 20:43:10.097  4504  4504 D InsetsController: Setting requestedVisibleTypes to 511 (was 503)
09-28 20:43:10.097  4504  4504 I InsetsController: setRequestedVisibleTypes: visible=true, mask=ime, host=com.negi.survey/com.negi.survey.MainActivity, from=android.view.InsetsController.controlAnimationUnchecked:1646 android.view.InsetsController.applyAnimation:2278 android.view.InsetsController.applyAnimation:2207 android.view.InsetsController.show:1498 android.view.InsetsController.show:1435 androidx.core.view.SoftwareKeyboardControllerCompat$Impl30.show:189 androidx.core.view.SoftwareKeyboardControllerCompat.show:70 androidx.compose.ui.text.input.InputMethodManagerImpl.showSoftInput:81 androidx.compose.ui.text.input.TextInputServiceAndroid.setKeyboardVisibleImmediately:468 androidx.compose.ui.text.input.TextInputServiceAndroid.processInputCommands:352 
09-28 20:43:10.117  4504  4825 D InputTransport: Input channel constructed: 'ClientS', fd=162
09-28 20:43:10.120  4504  4504 I AssistStructure: Flattened final assist data: 516 bytes, containing 1 windows, 3 views
09-28 20:43:10.120  4504  4825 D InputTransport: Input channel constructed: 'ClientS', fd=138
09-28 20:43:10.122  4504  4504 I InputMethodManager_LC: showSoftInput(View,I)
09-28 20:43:10.122  4504  4504 I ImeTracker: com.negi.survey:7b06f9de: onRequestShow at ORIGIN_CLIENT reason SHOW_SOFT_INPUT fromUser false
09-28 20:43:10.122  4504  4504 I InputMethodManager_LC: ssi(): flags=0 view=com.negi.survey reason=SHOW_SOFT_INPUT
09-28 20:43:10.122  4504  4504 I InputMethodManager_LC: ssi() view is not EditText
09-28 20:43:10.122  4504  4504 D InsetsController: show(ime())
09-28 20:43:10.122  4504  4504 I ImeTracker: com.negi.survey:7b06f9de: onCancelled at PHASE_CLIENT_REPORT_REQUESTED_VISIBLE_TYPES
09-28 20:43:10.128  4504  4504 I VRI[MainActivity]@44f699b: handleResized, frames=ClientWindowFrames{frame=[0,0][1080,2340] display=[0,0][1080,2340] parentFrame=[0,0][0,0]} displayId=0 dragResizing=false compatScale=1.0 frameChanged=false attachedFrameChanged=false configChanged=false displayChanged=false compatScaleChanged=false dragResizingChanged=false
09-28 20:43:10.138  4504  4504 I View    : setRequestedFrameRate frameRate=-4.0, this=android.view.View{8bd9c34 V.ED..... ........ 0,0-0,0}, caller=androidx.compose.ui.platform.Api35Impl.setRequestedFrameRate:4047 androidx.compose.ui.platform.AndroidComposeView.dispatchDraw:2282 android.view.View.draw:26758 android.view.View.updateDisplayListIfDirty:25577 android.view.ViewGroup.recreateChildDisplayList:4881 
09-28 20:43:10.162  4504  4504 W RemoteInputConnectionImpl: getExtractedText on inactive InputConnection
09-28 20:43:10.181  4504  7779 I com.negi.survey: Explicit concurrent mark compact GC freed 1248KB AllocSpace bytes, 1(20KB) LOS objects, 77% free, 7005KB/30MB, paused 416us,1.897ms total 37.964ms
09-28 20:43:10.191  4504  4525 D InputTransport: Input channel destroyed: 'ClientS', fd=162
09-28 20:43:10.191  4504  4525 D InputTransport: Input channel destroyed: 'ClientS', fd=138
09-28 20:43:10.269  4504  4504 I View    : setRequestedFrameRate frameRate=NaN, this=android.view.View{8bd9c34 V.ED..... ........ 0,0-0,0}, caller=androidx.compose.ui.platform.Api35Impl.setRequestedFrameRate:4047 androidx.compose.ui.platform.AndroidComposeView.dispatchDraw:2282 android.view.View.draw:26758 android.view.View.updateDisplayListIfDirty:25577 android.view.ViewGroup.recreateChildDisplayList:4881 
09-28 20:43:10.278  4504  4504 I View    : setRequestedFrameRate frameRate=-4.0, this=android.view.View{8bd9c34 V.ED..... ........ 0,0-0,0}, caller=androidx.compose.ui.platform.Api35Impl.setRequestedFrameRate:4047 androidx.compose.ui.platform.AndroidComposeView.dispatchDraw:2282 android.view.View.draw:26758 android.view.View.updateDisplayListIfDirty:25577 android.view.ViewGroup.recreateChildDisplayList:4881 
09-28 20:43:10.287  4504  4504 I View    : setRequestedFrameRate frameRate=NaN, this=android.view.View{8bd9c34 V.ED..... ........ 0,0-0,0}, caller=androidx.compose.ui.platform.Api35Impl.setRequestedFrameRate:4047 androidx.compose.ui.platform.AndroidComposeView.dispatchDraw:2282 android.view.View.draw:26758 android.view.View.updateDisplayListIfDirty:25577 android.view.ViewGroup.recreateChildDisplayList:4881 
09-28 20:43:10.294  4504  4504 I View    : setRequestedFrameRate frameRate=-4.0, this=android.view.View{8bd9c34 V.ED..... ........ 0,0-0,0}, caller=androidx.compose.ui.platform.Api35Impl.setRequestedFrameRate:4047 androidx.compose.ui.platform.AndroidComposeView.dispatchDraw:2282 android.view.View.draw:26758 android.view.View.updateDisplayListIfDirty:25577 android.view.ViewGroup.recreateChildDisplayList:4881 
09-28 20:43:10.302  4504  4504 I View    : setRequestedFrameRate frameRate=NaN, this=android.view.View{8bd9c34 V.ED..... ........ 0,0-0,0}, caller=androidx.compose.ui.platform.Api35Impl.setRequestedFrameRate:4047 androidx.compose.ui.platform.AndroidComposeView.dispatchDraw:2282 android.view.View.draw:26758 android.view.View.updateDisplayListIfDirty:25577 android.view.ViewGroup.recreateChildDisplayList:4881 
09-28 20:43:10.302  4504  4504 D WindowOnBackDispatcher: setTopOnBackInvokedCallback (unwrapped): android.view.ImeBackAnimationController@5cda14a
09-28 20:43:10.339  4504  4504 I InsetsController: onStateChanged: host=com.negi.survey/com.negi.survey.MainActivity, from=android.view.ViewRootImpl.onInsetsStateChanged:3038, state=InsetsState: {mDisplayFrame=Rect(0, 0 - 1080, 2340), mDisplayCutout=DisplayCutout{insets=Rect(0, 82 - 0, 0) waterfall=Insets{left=0, top=0, right=0, bottom=0} boundingRect={Bounds=[Rect(0, 0 - 0, 0), Rect(511, 24 - 569, 82), Rect(0, 0 - 0, 0), Rect(0, 0 - 0, 0)]} cutoutPathParserInfo={CutoutPathParserInfo{displayWidth=1080 displayHeight=2340 physicalDisplayWidth=1080 physicalDisplayHeight=2340 density={2.8125} cutoutSpec={M 0,0 M 0, 8.533333333333333 a 10.31111111111111,10.31111111111111 0 1,0 0,20.62222222222222 a 10.31111111111111,10.31111111111111 0 1,0 0,-20.62222222222222 Z @dp} rotation={0} scale={1.0} physicalPixelDisplaySizeRatio={1.0}}} sideOverrides={}}, mRoundedCorners=RoundedCorners{[RoundedCorner{position=TopLeft, radius=113, center=Point(113, 113)}, RoundedCorner{position=TopRight, radius=113, center=Point(967, 113)}, RoundedCorner{position=BottomRight, radius=113, center=Point(967, 2227)}, RoundedCorner{position=BottomLeft, radius=113, center=Point(113, 2227)}]}  mRoundedCornerFrame=Rect(0, 0 - 1080, 2340), mPrivacyIndicatorBounds=PrivacyIndicatorBounds {static bounds=Rect(956, 0 - 1080, 97) rotation=0}, mDisplayShape=DisplayShape{ spec=-311912193 displayWidth=1080 displayHeight=2340 physicalPixelDisplaySizeRatio=1.0 rotation=0 offsetX=0 offsetY=0 scale=1.0}, mSources= { InsetsSource: {dc020001 mType=navigationBars mFrame=[0,2205][1080,2340] mAttachedInsets=null mVisible=true mFlags= mSideHint=BOTTOM mBoundingRects=null}, InsetsSource: {dc020004 mType=systemGestures mFrame=[0,0][0,0] mAttachedInsets=null mVisible=true mFlags= mSideHint=NONE mBoundingRects=null}, InsetsSource: {dc020005 mType=mandatorySystemGestures mFrame=[0,2205][1080,2340] mAttachedInsets=null mVisible=true mFlags= mSideHint=BOTTOM mBoundingRects=null}, InsetsSource: {dc020006 mType=tappableElement mFrame=[0,2205][1080,2340] mAttachedInsets=null mVisible=true mFlags= mSideHint=BOTTOM mBoundingRects=null}, InsetsSource: {dc020024 mType=systemGestures mFrame=[0,0][0,0] mAttachedInsets=null mVisible=true mFlags= mSideHint=NONE mBoundingRects=null}, InsetsSource: {3 mType=ime mFrame=[0,0][0,0] mAttachedInsets=null mVisible=false mFlags=INVALID mSideHint=NONE mBoundingRects=null}, InsetsSource: {27 mType=displayCutout mFrame=[0,0][1080,82] mAttachedInsets=null mVisible=true mFlags= mSideHint=TOP mBoundingRects=null}, InsetsSource: {23ca0000 mType=statusBars mFrame=[0,0][1080,97] mAttachedInsets=null mVisible=true mFlags= mSideHint=TOP mBoundingRects=null}, InsetsSource: {23ca0005 mType=mandatorySystemGestures mFrame=[0,0][1080,116] mAttachedInsets=null mVisible=true mFlags= mSideHint=TOP mBoundingRects=null}, InsetsSource: {23ca0006 mType=tappableElement mFrame=[0,0][1080,97] mAttachedInsets=null mVisible=true mFlags= mSideHint=TOP mBoundingRects=null} }
09-28 20:43:10.353  4504  4504 I InsetsController: onStateChanged: host=com.negi.survey/com.negi.survey.MainActivity, from=android.view.ViewRootImpl.onInsetsStateChanged:3038, state=InsetsState: {mDisplayFrame=Rect(0, 0 - 1080, 2340), mDisplayCutout=DisplayCutout{insets=Rect(0, 82 - 0, 0) waterfall=Insets{left=0, top=0, right=0, bottom=0} boundingRect={Bounds=[Rect(0, 0 - 0, 0), Rect(511, 24 - 569, 82), Rect(0, 0 - 0, 0), Rect(0, 0 - 0, 0)]} cutoutPathParserInfo={CutoutPathParserInfo{displayWidth=1080 displayHeight=2340 physicalDisplayWidth=1080 physicalDisplayHeight=2340 density={2.8125} cutoutSpec={M 0,0 M 0, 8.533333333333333 a 10.31111111111111,10.31111111111111 0 1,0 0,20.62222222222222 a 10.31111111111111,10.31111111111111 0 1,0 0,-20.62222222222222 Z @dp} rotation={0} scale={1.0} physicalPixelDisplaySizeRatio={1.0}}} sideOverrides={}}, mRoundedCorners=RoundedCorners{[RoundedCorner{position=TopLeft, radius=113, center=Point(113, 113)}, RoundedCorner{position=TopRight, radius=113, center=Point(967, 113)}, RoundedCorner{position=BottomRight, radius=113, center=Point(967, 2227)}, RoundedCorner{position=BottomLeft, radius=113, center=Point(113, 2227)}]}  mRoundedCornerFrame=Rect(0, 0 - 1080, 2340), mPrivacyIndicatorBounds=PrivacyIndicatorBounds {static bounds=Rect(956, 0 - 1080, 97) rotation=0}, mDisplayShape=DisplayShape{ spec=-311912193 displayWidth=1080 displayHeight=2340 physicalPixelDisplaySizeRatio=1.0 rotation=0 offsetX=0 offsetY=0 scale=1.0}, mSources= { InsetsSource: {dc020001 mType=navigationBars mFrame=[0,2205][1080,2340] mAttachedInsets=null mVisible=true mFlags= mSideHint=BOTTOM mBoundingRects=null}, InsetsSource: {dc020004 mType=systemGestures mFrame=[0,0][0,0] mAttachedInsets=null mVisible=true mFlags= mSideHint=NONE mBoundingRects=null}, InsetsSource: {dc020005 mType=mandatorySystemGestures mFrame=[0,2205][1080,2340] mAttachedInsets=null mVisible=true mFlags= mSideHint=BOTTOM mBoundingRects=null}, InsetsSource: {dc020006 mType=tappableElement mFrame=[0,2205][1080,2340] mAttachedInsets=null mVisible=true mFlags= mSideHint=BOTTOM mBoundingRects=null}, InsetsSource: {dc020024 mType=systemGestures mFrame=[0,0][0,0] mAttachedInsets=null mVisible=true mFlags= mSideHint=NONE mBoundingRects=null}, InsetsSource: {3 mType=ime mFrame=[0,1332][1080,2340] mAttachedInsets=null mVisible=true mFlags= mSideHint=BOTTOM mBoundingRects=null}, InsetsSource: {27 mType=displayCutout mFrame=[0,0][1080,82] mAttachedInsets=null mVisible=true mFlags= mSideHint=TOP mBoundingRects=null}, InsetsSource: {23ca0000 mType=statusBars mFrame=[0,0][1080,97] mAttachedInsets=null mVisible=true mFlags= mSideHint=TOP mBoundingRects=null}, InsetsSource: {23ca0005 mType=mandatorySystemGestures mFrame=[0,0][1080,116] mAttachedInsets=null mVisible=true mFlags= mSideHint=TOP mBoundingRects=null}, InsetsSource: {23ca0006 mType=tappableElement mFrame=[0,0][1080,97] mAttachedInsets=null mVisible=true mFlags= mSideHint=TOP mBoundingRects=null} }
09-28 20:43:10.354  4504  4504 I VRI[MainActivity]@44f699b: handleResized, frames=ClientWindowFrames{frame=[0,0][1080,2340] display=[0,0][1080,2340] parentFrame=[0,0][0,0]} displayId=0 dragResizing=false compatScale=1.0 frameChanged=false attachedFrameChanged=false configChanged=false displayChanged=false compatScaleChanged=false dragResizingChanged=false
09-28 20:43:10.354  4504  4504 I InsetsController: onStateChanged: host=com.negi.survey/com.negi.survey.MainActivity, from=android.view.ViewRootImpl.onInsetsStateChanged:3038, state=InsetsState: {mDisplayFrame=Rect(0, 0 - 1080, 2340), mDisplayCutout=DisplayCutout{insets=Rect(0, 82 - 0, 0) waterfall=Insets{left=0, top=0, right=0, bottom=0} boundingRect={Bounds=[Rect(0, 0 - 0, 0), Rect(511, 24 - 569, 82), Rect(0, 0 - 0, 0), Rect(0, 0 - 0, 0)]} cutoutPathParserInfo={CutoutPathParserInfo{displayWidth=1080 displayHeight=2340 physicalDisplayWidth=1080 physicalDisplayHeight=2340 density={2.8125} cutoutSpec={M 0,0 M 0, 8.533333333333333 a 10.31111111111111,10.31111111111111 0 1,0 0,20.62222222222222 a 10.31111111111111,10.31111111111111 0 1,0 0,-20.62222222222222 Z @dp} rotation={0} scale={1.0} physicalPixelDisplaySizeRatio={1.0}}} sideOverrides={}}, mRoundedCorners=RoundedCorners{[RoundedCorner{position=TopLeft, radius=113, center=Point(113, 113)}, RoundedCorner{position=TopRight, radius=113, center=Point(967, 113)}, RoundedCorner{position=BottomRight, radius=113, center=Point(967, 2227)}, RoundedCorner{position=BottomLeft, radius=113, center=Point(113, 2227)}]}  mRoundedCornerFrame=Rect(0, 0 - 1080, 2340), mPrivacyIndicatorBounds=PrivacyIndicatorBounds {static bounds=Rect(956, 0 - 1080, 97) rotation=0}, mDisplayShape=DisplayShape{ spec=-311912193 displayWidth=1080 displayHeight=2340 physicalPixelDisplaySizeRatio=1.0 rotation=0 offsetX=0 offsetY=0 scale=1.0}, mSources= { InsetsSource: {dc020001 mType=navigationBars mFrame=[0,2205][1080,2340] mAttachedInsets=null mVisible=true mFlags= mSideHint=BOTTOM mBoundingRects=null}, InsetsSource: {dc020004 mType=systemGestures mFrame=[0,0][0,0] mAttachedInsets=null mVisible=true mFlags= mSideHint=NONE mBoundingRects=null}, InsetsSource: {dc020005 mType=mandatorySystemGestures mFrame=[0,2205][1080,2340] mAttachedInsets=null mVisible=true mFlags= mSideHint=BOTTOM mBoundingRects=null}, InsetsSource: {dc020006 mType=tappableElement mFrame=[0,2205][1080,2340] mAttachedInsets=null mVisible=true mFlags= mSideHint=BOTTOM mBoundingRects=null}, InsetsSource: {dc020024 mType=systemGestures mFrame=[0,0][0,0] mAttachedInsets=null mVisible=true mFlags= mSideHint=NONE mBoundingRects=null}, InsetsSource: {3 mType=ime mFrame=[0,1332][1080,2340] mAttachedInsets=null mVisible=true mFlags= mSideHint=BOTTOM mBoundingRects=null}, InsetsSource: {27 mType=displayCutout mFrame=[0,0][1080,82] mAttachedInsets=null mVisible=true mFlags= mSideHint=TOP mBoundingRects=null}, InsetsSource: {23ca0000 mType=statusBars mFrame=[0,0][1080,97] mAttachedInsets=null mVisible=true mFlags= mSideHint=TOP mBoundingRects=null}, InsetsSource: {23ca0005 mType=mandatorySystemGestures mFrame=[0,0][1080,116] mAttachedInsets=null mVisible=true mFlags= mSideHint=TOP mBoundingRects=null}, InsetsSource: {23ca0006 mType=tappableElement mFrame=[0,0][1080,97] mAttachedInsets=null mVisible=true mFlags= mSideHint=TOP mBoundingRects=null} }
09-28 20:43:10.356  4504  4504 D VRI[MainActivity]@44f699b: WindowInsets changed: ime:[0,0,0,1008] 
09-28 20:43:10.357  4504  4504 I BLASTBufferQueue_Java: update, w= 1080 h= 2340 mName = VRI[MainActivity]@44f699b mNativeObject= 0xb400007887fffde0 sc.mNativeObject= 0xb40000793823e410 format= -1 caller= android.view.ViewRootImpl.updateBlastSurfaceIfNeeded:3592 android.view.ViewRootImpl.relayoutWindow:11813 android.view.ViewRootImpl.performTraversals:4840 android.view.ViewRootImpl.doTraversal:3959 android.view.ViewRootImpl$TraversalRunnable.run:13034 android.view.Choreographer$CallbackRecord.run:1961 
09-28 20:43:10.357  4504  4504 I VRI[MainActivity]@44f699b: Relayout returned: old=(0,0,1080,2340) new=(0,0,1080,2340) relayoutAsync=true req=(1080,2340)0 dur=0 res=0x0 s={true 0xb4000078c7fe6b70} ch=false seqId=0
09-28 20:43:10.359  4504  4504 I VRI[MainActivity]@44f699b: registerCallbackForPendingTransactions
09-28 20:43:10.360  4504  4931 I VRI[MainActivity]@44f699b: mWNT: t=0xb4000078d7f421d0 mBlastBufferQueue=0xb400007887fffde0 fn= 605 HdrRenderState mRenderHdrSdrRatio=1.0 caller= android.view.SyncRtSurfaceTransactionApplier.applyTransaction:102 android.view.SyncRtSurfaceTransactionApplier.lambda$scheduleApply$0:75 android.view.SyncRtSurfaceTransactionApplier.$r8$lambda$afI4fXg3U3-nBZQEDQMiNy-B06s:0 
09-28 20:43:10.360  4504  4931 I VRI[MainActivity]@44f699b: mWNT: t=0xb4000078d7f3a2a0 mBlastBufferQueue=0xb400007887fffde0 fn= 605 HdrRenderState mRenderHdrSdrRatio=1.0 caller= android.view.ViewRootImpl$10.onFrameDraw:6615 android.view.ViewRootImpl$4.onFrameDraw:2485 android.view.ThreadedRenderer$1.onFrameDraw:751 
09-28 20:43:10.371  4504  4930 I VRI[MainActivity]@44f699b: mWNT: t=0xb4000078d80ace30 mBlastBufferQueue=0xb400007887fffde0 fn= 606 HdrRenderState mRenderHdrSdrRatio=1.0 caller= android.view.SyncRtSurfaceTransactionApplier.applyTransaction:102 android.view.SyncRtSurfaceTransactionApplier.lambda$scheduleApply$0:75 android.view.SyncRtSurfaceTransactionApplier.$r8$lambda$afI4fXg3U3-nBZQEDQMiNy-B06s:0 
09-28 20:43:10.378  4504  4504 I View    : setRequestedFrameRate frameRate=-4.0, this=android.view.View{8bd9c34 V.ED..... ........ 0,0-0,0}, caller=androidx.compose.ui.platform.Api35Impl.setRequestedFrameRate:4047 androidx.compose.ui.platform.AndroidComposeView.dispatchDraw:2282 android.view.View.draw:26758 android.view.View.updateDisplayListIfDirty:25577 android.view.View.draw:26477 
09-28 20:43:10.378  4504  4931 I VRI[MainActivity]@44f699b: mWNT: t=0xb4000078d85f41c0 mBlastBufferQueue=0xb400007887fffde0 fn= 607 HdrRenderState mRenderHdrSdrRatio=1.0 caller= android.view.SyncRtSurfaceTransactionApplier.applyTransaction:102 android.view.SyncRtSurfaceTransactionApplier.lambda$scheduleApply$0:75 android.view.SyncRtSurfaceTransactionApplier.$r8$lambda$afI4fXg3U3-nBZQEDQMiNy-B06s:0 
09-28 20:43:10.386  4504  4930 I VRI[MainActivity]@44f699b: mWNT: t=0xb4000078d85f41c0 mBlastBufferQueue=0xb400007887fffde0 fn= 608 HdrRenderState mRenderHdrSdrRatio=1.0 caller= android.view.SyncRtSurfaceTransactionApplier.applyTransaction:102 android.view.SyncRtSurfaceTransactionApplier.lambda$scheduleApply$0:75 android.view.SyncRtSurfaceTransactionApplier.$r8$lambda$afI4fXg3U3-nBZQEDQMiNy-B06s:0 
09-28 20:43:10.395  4504  4931 I VRI[MainActivity]@44f699b: mWNT: t=0xb4000078d8762ee0 mBlastBufferQueue=0xb400007887fffde0 fn= 609 HdrRenderState mRenderHdrSdrRatio=1.0 caller= android.view.SyncRtSurfaceTransactionApplier.applyTransaction:102 android.view.SyncRtSurfaceTransactionApplier.lambda$scheduleApply$0:75 android.view.SyncRtSurfaceTransactionApplier.$r8$lambda$afI4fXg3U3-nBZQEDQMiNy-B06s:0 
09-28 20:43:10.402  4504  4930 I VRI[MainActivity]@44f699b: mWNT: t=0xb4000078d8762ee0 mBlastBufferQueue=0xb400007887fffde0 fn= 610 HdrRenderState mRenderHdrSdrRatio=1.0 caller= android.view.SyncRtSurfaceTransactionApplier.applyTransaction:102 android.view.SyncRtSurfaceTransactionApplier.lambda$scheduleApply$0:75 android.view.SyncRtSurfaceTransactionApplier.$r8$lambda$afI4fXg3U3-nBZQEDQMiNy-B06s:0 
09-28 20:43:10.411  4504  4931 I VRI[MainActivity]@44f699b: mWNT: t=0xb4000078d87b7a00 mBlastBufferQueue=0xb400007887fffde0 fn= 611 HdrRenderState mRenderHdrSdrRatio=1.0 caller= android.view.SyncRtSurfaceTransactionApplier.applyTransaction:102 android.view.SyncRtSurfaceTransactionApplier.lambda$scheduleApply$0:75 android.view.SyncRtSurfaceTransactionApplier.$r8$lambda$afI4fXg3U3-nBZQEDQMiNy-B06s:0 
09-28 20:43:10.419  4504  4930 I VRI[MainActivity]@44f699b: mWNT: t=0xb4000078d87b7a00 mBlastBufferQueue=0xb400007887fffde0 fn= 612 HdrRenderState mRenderHdrSdrRatio=1.0 caller= android.view.SyncRtSurfaceTransactionApplier.applyTransaction:102 android.view.SyncRtSurfaceTransactionApplier.lambda$scheduleApply$0:75 android.view.SyncRtSurfaceTransactionApplier.$r8$lambda$afI4fXg3U3-nBZQEDQMiNy-B06s:0 
09-28 20:43:10.427  4504  4931 I VRI[MainActivity]@44f699b: mWNT: t=0xb4000078d7fe3b30 mBlastBufferQueue=0xb400007887fffde0 fn= 613 HdrRenderState mRenderHdrSdrRatio=1.0 caller= android.view.SyncRtSurfaceTransactionApplier.applyTransaction:102 android.view.SyncRtSurfaceTransactionApplier.lambda$scheduleApply$0:75 android.view.SyncRtSurfaceTransactionApplier.$r8$lambda$afI4fXg3U3-nBZQEDQMiNy-B06s:0 
09-28 20:43:10.437  4504  4930 I VRI[MainActivity]@44f699b: mWNT: t=0xb4000078d7fe3b30 mBlastBufferQueue=0xb400007887fffde0 fn= 614 HdrRenderState mRenderHdrSdrRatio=1.0 caller= android.view.SyncRtSurfaceTransactionApplier.applyTransaction:102 android.view.SyncRtSurfaceTransactionApplier.lambda$scheduleApply$0:75 android.view.SyncRtSurfaceTransactionApplier.$r8$lambda$afI4fXg3U3-nBZQEDQMiNy-B06s:0 
09-28 20:43:10.445  4504  4931 I VRI[MainActivity]@44f699b: mWNT: t=0xb4000078d87469a0 mBlastBufferQueue=0xb400007887fffde0 fn= 615 HdrRenderState mRenderHdrSdrRatio=1.0 caller= android.view.SyncRtSurfaceTransactionApplier.applyTransaction:102 android.view.SyncRtSurfaceTransactionApplier.lambda$scheduleApply$0:75 android.view.SyncRtSurfaceTransactionApplier.$r8$lambda$afI4fXg3U3-nBZQEDQMiNy-B06s:0 
09-28 20:43:10.453  4504  4930 I VRI[MainActivity]@44f699b: mWNT: t=0xb4000078d87469a0 mBlastBufferQueue=0xb400007887fffde0 fn= 616 HdrRenderState mRenderHdrSdrRatio=1.0 caller= android.view.SyncRtSurfaceTransactionApplier.applyTransaction:102 android.view.SyncRtSurfaceTransactionApplier.lambda$scheduleApply$0:75 android.view.SyncRtSurfaceTransactionApplier.$r8$lambda$afI4fXg3U3-nBZQEDQMiNy-B06s:0 
09-28 20:43:10.460  4504  4931 I VRI[MainActivity]@44f699b: mWNT: t=0xb4000078d87dae40 mBlastBufferQueue=0xb400007887fffde0 fn= 617 HdrRenderState mRenderHdrSdrRatio=1.0 caller= android.view.SyncRtSurfaceTransactionApplier.applyTransaction:102 android.view.SyncRtSurfaceTransactionApplier.lambda$scheduleApply$0:75 android.view.SyncRtSurfaceTransactionApplier.$r8$lambda$afI4fXg3U3-nBZQEDQMiNy-B06s:0 
09-28 20:43:10.470  4504  4930 I VRI[MainActivity]@44f699b: mWNT: t=0xb4000078d87dae40 mBlastBufferQueue=0xb400007887fffde0 fn= 618 HdrRenderState mRenderHdrSdrRatio=1.0 caller= android.view.SyncRtSurfaceTransactionApplier.applyTransaction:102 android.view.SyncRtSurfaceTransactionApplier.lambda$scheduleApply$0:75 android.view.SyncRtSurfaceTransactionApplier.$r8$lambda$afI4fXg3U3-nBZQEDQMiNy-B06s:0 
09-28 20:43:10.477  4504  4931 I VRI[MainActivity]@44f699b: mWNT: t=0xb4000078d87baf30 mBlastBufferQueue=0xb400007887fffde0 fn= 619 HdrRenderState mRenderHdrSdrRatio=1.0 caller= android.view.SyncRtSurfaceTransactionApplier.applyTransaction:102 android.view.SyncRtSurfaceTransactionApplier.lambda$scheduleApply$0:75 android.view.SyncRtSurfaceTransactionApplier.$r8$lambda$afI4fXg3U3-nBZQEDQMiNy-B06s:0 
09-28 20:43:10.485  4504  4930 I VRI[MainActivity]@44f699b: mWNT: t=0xb4000078d87baf30 mBlastBufferQueue=0xb400007887fffde0 fn= 620 HdrRenderState mRenderHdrSdrRatio=1.0 caller= android.view.SyncRtSurfaceTransactionApplier.applyTransaction:102 android.view.SyncRtSurfaceTransactionApplier.lambda$scheduleApply$0:75 android.view.SyncRtSurfaceTransactionApplier.$r8$lambda$afI4fXg3U3-nBZQEDQMiNy-B06s:0 
09-28 20:43:10.493  4504  4931 I VRI[MainActivity]@44f699b: mWNT: t=0xb4000078d802fb90 mBlastBufferQueue=0xb400007887fffde0 fn= 621 HdrRenderState mRenderHdrSdrRatio=1.0 caller= android.view.SyncRtSurfaceTransactionApplier.applyTransaction:102 android.view.SyncRtSurfaceTransactionApplier.lambda$scheduleApply$0:75 android.view.SyncRtSurfaceTransactionApplier.$r8$lambda$afI4fXg3U3-nBZQEDQMiNy-B06s:0 
09-28 20:43:10.501  4504  4930 I VRI[MainActivity]@44f699b: mWNT: t=0xb4000078d802fb90 mBlastBufferQueue=0xb400007887fffde0 fn= 622 HdrRenderState mRenderHdrSdrRatio=1.0 caller= android.view.SyncRtSurfaceTransactionApplier.applyTransaction:102 android.view.SyncRtSurfaceTransactionApplier.lambda$scheduleApply$0:75 android.view.SyncRtSurfaceTransactionApplier.$r8$lambda$afI4fXg3U3-nBZQEDQMiNy-B06s:0 
09-28 20:43:10.510  4504  4931 I VRI[MainActivity]@44f699b: mWNT: t=0xb4000078d87dbe70 mBlastBufferQueue=0xb400007887fffde0 fn= 623 HdrRenderState mRenderHdrSdrRatio=1.0 caller= android.view.SyncRtSurfaceTransactionApplier.applyTransaction:102 android.view.SyncRtSurfaceTransactionApplier.lambda$scheduleApply$0:75 android.view.SyncRtSurfaceTransactionApplier.$r8$lambda$afI4fXg3U3-nBZQEDQMiNy-B06s:0 
09-28 20:43:10.519  4504  4930 I VRI[MainActivity]@44f699b: mWNT: t=0xb4000078d87dbe70 mBlastBufferQueue=0xb400007887fffde0 fn= 624 HdrRenderState mRenderHdrSdrRatio=1.0 caller= android.view.SyncRtSurfaceTransactionApplier.applyTransaction:102 android.view.SyncRtSurfaceTransactionApplier.lambda$scheduleApply$0:75 android.view.SyncRtSurfaceTransactionApplier.$r8$lambda$afI4fXg3U3-nBZQEDQMiNy-B06s:0 
09-28 20:43:10.527  4504  4931 I VRI[MainActivity]@44f699b: mWNT: t=0xb4000078d87b7310 mBlastBufferQueue=0xb400007887fffde0 fn= 625 HdrRenderState mRenderHdrSdrRatio=1.0 caller= android.view.SyncRtSurfaceTransactionApplier.applyTransaction:102 android.view.SyncRtSurfaceTransactionApplier.lambda$scheduleApply$0:75 android.view.SyncRtSurfaceTransactionApplier.$r8$lambda$afI4fXg3U3-nBZQEDQMiNy-B06s:0 
09-28 20:43:10.535  4504  4930 I VRI[MainActivity]@44f699b: mWNT: t=0xb4000078d87b7310 mBlastBufferQueue=0xb400007887fffde0 fn= 626 HdrRenderState mRenderHdrSdrRatio=1.0 caller= android.view.SyncRtSurfaceTransactionApplier.applyTransaction:102 android.view.SyncRtSurfaceTransactionApplier.lambda$scheduleApply$0:75 android.view.SyncRtSurfaceTransactionApplier.$r8$lambda$afI4fXg3U3-nBZQEDQMiNy-B06s:0 
09-28 20:43:10.543  4504  4931 I VRI[MainActivity]@44f699b: mWNT: t=0xb4000078d8784c00 mBlastBufferQueue=0xb400007887fffde0 fn= 627 HdrRenderState mRenderHdrSdrRatio=1.0 caller= android.view.SyncRtSurfaceTransactionApplier.applyTransaction:102 android.view.SyncRtSurfaceTransactionApplier.lambda$scheduleApply$0:75 android.view.SyncRtSurfaceTransactionApplier.$r8$lambda$afI4fXg3U3-nBZQEDQMiNy-B06s:0 
09-28 20:43:10.552  4504  4930 I VRI[MainActivity]@44f699b: mWNT: t=0xb4000078d8784c00 mBlastBufferQueue=0xb400007887fffde0 fn= 628 HdrRenderState mRenderHdrSdrRatio=1.0 caller= android.view.SyncRtSurfaceTransactionApplier.applyTransaction:102 android.view.SyncRtSurfaceTransactionApplier.lambda$scheduleApply$0:75 android.view.SyncRtSurfaceTransactionApplier.$r8$lambda$afI4fXg3U3-nBZQEDQMiNy-B06s:0 
09-28 20:43:10.560  4504  4931 I VRI[MainActivity]@44f699b: mWNT: t=0xb4000078d87bbf60 mBlastBufferQueue=0xb400007887fffde0 fn= 629 HdrRenderState mRenderHdrSdrRatio=1.0 caller= android.view.SyncRtSurfaceTransactionApplier.applyTransaction:102 android.view.SyncRtSurfaceTransactionApplier.lambda$scheduleApply$0:75 android.view.SyncRtSurfaceTransactionApplier.$r8$lambda$afI4fXg3U3-nBZQEDQMiNy-B06s:0 
09-28 20:43:10.569  4504  4930 I VRI[MainActivity]@44f699b: mWNT: t=0xb4000078d87bbf60 mBlastBufferQueue=0xb400007887fffde0 fn= 630 HdrRenderState mRenderHdrSdrRatio=1.0 caller= android.view.SyncRtSurfaceTransactionApplier.applyTransaction:102 android.view.SyncRtSurfaceTransactionApplier.lambda$scheduleApply$0:75 android.view.SyncRtSurfaceTransactionApplier.$r8$lambda$afI4fXg3U3-nBZQEDQMiNy-B06s:0 
09-28 20:43:10.577  4504  4931 I VRI[MainActivity]@44f699b: mWNT: t=0xb4000078d87baa90 mBlastBufferQueue=0xb400007887fffde0 fn= 631 HdrRenderState mRenderHdrSdrRatio=1.0 caller= android.view.SyncRtSurfaceTransactionApplier.applyTransaction:102 android.view.SyncRtSurfaceTransactionApplier.lambda$scheduleApply$0:75 android.view.SyncRtSurfaceTransactionApplier.$r8$lambda$afI4fXg3U3-nBZQEDQMiNy-B06s:0 
09-28 20:43:10.585  4504  4930 I VRI[MainActivity]@44f699b: mWNT: t=0xb4000078d87baa90 mBlastBufferQueue=0xb400007887fffde0 fn= 632 HdrRenderState mRenderHdrSdrRatio=1.0 caller= android.view.SyncRtSurfaceTransactionApplier.applyTransaction:102 android.view.SyncRtSurfaceTransactionApplier.lambda$scheduleApply$0:75 android.view.SyncRtSurfaceTransactionApplier.$r8$lambda$afI4fXg3U3-nBZQEDQMiNy-B06s:0 
09-28 20:43:10.594  4504  4931 I VRI[MainActivity]@44f699b: mWNT: t=0xb4000078d8747c20 mBlastBufferQueue=0xb400007887fffde0 fn= 633 HdrRenderState mRenderHdrSdrRatio=1.0 caller= android.view.SyncRtSurfaceTransactionApplier.applyTransaction:102 android.view.SyncRtSurfaceTransactionApplier.lambda$scheduleApply$0:75 android.view.SyncRtSurfaceTransactionApplier.$r8$lambda$afI4fXg3U3-nBZQEDQMiNy-B06s:0 
09-28 20:43:10.602  4504  4930 I VRI[MainActivity]@44f699b: mWNT: t=0xb4000078d8747c20 mBlastBufferQueue=0xb400007887fffde0 fn= 634 HdrRenderState mRenderHdrSdrRatio=1.0 caller= android.view.SyncRtSurfaceTransactionApplier.applyTransaction:102 android.view.SyncRtSurfaceTransactionApplier.lambda$scheduleApply$0:75 android.view.SyncRtSurfaceTransactionApplier.$r8$lambda$afI4fXg3U3-nBZQEDQMiNy-B06s:0 
09-28 20:43:10.610  4504  4931 I VRI[MainActivity]@44f699b: mWNT: t=0xb4000078d7f44920 mBlastBufferQueue=0xb400007887fffde0 fn= 635 HdrRenderState mRenderHdrSdrRatio=1.0 caller= android.view.SyncRtSurfaceTransactionApplier.applyTransaction:102 android.view.SyncRtSurfaceTransactionApplier.lambda$scheduleApply$0:75 android.view.SyncRtSurfaceTransactionApplier.$r8$lambda$afI4fXg3U3-nBZQEDQMiNy-B06s:0 
09-28 20:43:10.619  4504  4930 I VRI[MainActivity]@44f699b: mWNT: t=0xb4000078d7f44920 mBlastBufferQueue=0xb400007887fffde0 fn= 636 HdrRenderState mRenderHdrSdrRatio=1.0 caller= android.view.SyncRtSurfaceTransactionApplier.applyTransaction:102 android.view.SyncRtSurfaceTransactionApplier.lambda$scheduleApply$0:75 android.view.SyncRtSurfaceTransactionApplier.$r8$lambda$afI4fXg3U3-nBZQEDQMiNy-B06s:0 
09-28 20:43:10.627  4504  4931 I VRI[MainActivity]@44f699b: mWNT: t=0xb4000078d87b9f00 mBlastBufferQueue=0xb400007887fffde0 fn= 637 HdrRenderState mRenderHdrSdrRatio=1.0 caller= android.view.SyncRtSurfaceTransactionApplier.applyTransaction:102 android.view.SyncRtSurfaceTransactionApplier.lambda$scheduleApply$0:75 android.view.SyncRtSurfaceTransactionApplier.$r8$lambda$afI4fXg3U3-nBZQEDQMiNy-B06s:0 
09-28 20:43:10.636  4504  4930 I VRI[MainActivity]@44f699b: mWNT: t=0xb4000078d87b9f00 mBlastBufferQueue=0xb400007887fffde0 fn= 638 HdrRenderState mRenderHdrSdrRatio=1.0 caller= android.view.SyncRtSurfaceTransactionApplier.applyTransaction:102 android.view.SyncRtSurfaceTransactionApplier.lambda$scheduleApply$0:75 android.view.SyncRtSurfaceTransactionApplier.$r8$lambda$afI4fXg3U3-nBZQEDQMiNy-B06s:0 
09-28 20:43:10.644  4504  4931 I VRI[MainActivity]@44f699b: mWNT: t=0xb4000078d8795150 mBlastBufferQueue=0xb400007887fffde0 fn= 639 HdrRenderState mRenderHdrSdrRatio=1.0 caller= android.view.SyncRtSurfaceTransactionApplier.applyTransaction:102 android.view.SyncRtSurfaceTransactionApplier.lambda$scheduleApply$0:75 android.view.SyncRtSurfaceTransactionApplier.$r8$lambda$afI4fXg3U3-nBZQEDQMiNy-B06s:0 
09-28 20:43:10.653  4504  4930 I VRI[MainActivity]@44f699b: mWNT: t=0xb4000078d8795150 mBlastBufferQueue=0xb400007887fffde0 fn= 640 HdrRenderState mRenderHdrSdrRatio=1.0 caller= android.view.SyncRtSurfaceTransactionApplier.applyTransaction:102 android.view.SyncRtSurfaceTransactionApplier.lambda$scheduleApply$0:75 android.view.SyncRtSurfaceTransactionApplier.$r8$lambda$afI4fXg3U3-nBZQEDQMiNy-B06s:0 
09-28 20:43:10.660  4504  4931 I VRI[MainActivity]@44f699b: mWNT: t=0xb4000078d87ba840 mBlastBufferQueue=0xb400007887fffde0 fn= 641 HdrRenderState mRenderHdrSdrRatio=1.0 caller= android.view.SyncRtSurfaceTransactionApplier.applyTransaction:102 android.view.SyncRtSurfaceTransactionApplier.lambda$scheduleApply$0:75 android.view.SyncRtSurfaceTransactionApplier.$r8$lambda$afI4fXg3U3-nBZQEDQMiNy-B06s:0 
09-28 20:43:10.669  4504  4930 I VRI[MainActivity]@44f699b: mWNT: t=0xb4000078d87ba840 mBlastBufferQueue=0xb400007887fffde0 fn= 642 HdrRenderState mRenderHdrSdrRatio=1.0 caller= android.view.SyncRtSurfaceTransactionApplier.applyTransaction:102 android.view.SyncRtSurfaceTransactionApplier.lambda$scheduleApply$0:75 android.view.SyncRtSurfaceTransactionApplier.$r8$lambda$afI4fXg3U3-nBZQEDQMiNy-B06s:0 
09-28 20:43:10.678  4504  4931 I VRI[MainActivity]@44f699b: mWNT: t=0xb4000078d86bd960 mBlastBufferQueue=0xb400007887fffde0 fn= 643 HdrRenderState mRenderHdrSdrRatio=1.0 caller= android.view.SyncRtSurfaceTransactionApplier.applyTransaction:102 android.view.SyncRtSurfaceTransactionApplier.lambda$scheduleApply$0:75 android.view.SyncRtSurfaceTransactionApplier.$r8$lambda$afI4fXg3U3-nBZQEDQMiNy-B06s:0 
09-28 20:43:10.686  4504  4930 I VRI[MainActivity]@44f699b: mWNT: t=0xb4000078d86bd960 mBlastBufferQueue=0xb400007887fffde0 fn= 644 HdrRenderState mRenderHdrSdrRatio=1.0 caller= android.view.SyncRtSurfaceTransactionApplier.applyTransaction:102 android.view.SyncRtSurfaceTransactionApplier.lambda$scheduleApply$0:75 android.view.SyncRtSurfaceTransactionApplier.$r8$lambda$afI4fXg3U3-nBZQEDQMiNy-B06s:0 
09-28 20:43:10.694  4504  4931 I VRI[MainActivity]@44f699b: mWNT: t=0xb4000078d87bbac0 mBlastBufferQueue=0xb400007887fffde0 fn= 645 HdrRenderState mRenderHdrSdrRatio=1.0 caller= android.view.SyncRtSurfaceTransactionApplier.applyTransaction:102 android.view.SyncRtSurfaceTransactionApplier.lambda$scheduleApply$0:75 android.view.SyncRtSurfaceTransactionApplier.$r8$lambda$afI4fXg3U3-nBZQEDQMiNy-B06s:0 
09-28 20:43:10.698  4504  4930 I VRI[MainActivity]@44f699b: mWNT: t=0xb4000078d87bbac0 mBlastBufferQueue=0xb400007887fffde0 fn= 646 HdrRenderState mRenderHdrSdrRatio=1.0 caller= android.view.SyncRtSurfaceTransactionApplier.applyTransaction:102 android.view.SyncRtSurfaceTransactionApplier.lambda$scheduleApply$0:75 android.view.SyncRtSurfaceTransactionApplier.$r8$lambda$afI4fXg3U3-nBZQEDQMiNy-B06s:0 
09-28 20:43:10.711  4504  4931 I VRI[MainActivity]@44f699b: mWNT: t=0xb4000078d87b6780 mBlastBufferQueue=0xb400007887fffde0 fn= 647 HdrRenderState mRenderHdrSdrRatio=1.0 caller= android.view.SyncRtSurfaceTransactionApplier.applyTransaction:102 android.view.SyncRtSurfaceTransactionApplier.lambda$scheduleApply$0:75 android.view.SyncRtSurfaceTransactionApplier.$r8$lambda$afI4fXg3U3-nBZQEDQMiNy-B06s:0 
09-28 20:43:10.714  4504  4504 I ImeTracker: com.negi.survey:7627aa85: onShown
09-28 20:43:10.720  4504  4930 I VRI[MainActivity]@44f699b: mWNT: t=0xb4000078d87b6780 mBlastBufferQueue=0xb400007887fffde0 fn= 648 HdrRenderState mRenderHdrSdrRatio=1.0 caller= android.view.SyncRtSurfaceTransactionApplier.applyTransaction:102 android.view.SyncRtSurfaceTransactionApplier.lambda$scheduleApply$0:75 android.view.SyncRtSurfaceTransactionApplier.$r8$lambda$afI4fXg3U3-nBZQEDQMiNy-B06s:0 
09-28 20:43:11.144  4504  4504 I View    : setRequestedFrameRate frameRate=NaN, this=android.view.View{8bd9c34 V.ED..... ........ 0,0-0,0}, caller=androidx.compose.ui.platform.Api35Impl.setRequestedFrameRate:4047 androidx.compose.ui.platform.AndroidComposeView.dispatchDraw:2282 android.view.View.draw:26758 android.view.View.updateDisplayListIfDirty:25577 android.view.ViewGroup.recreateChildDisplayList:4881 
09-28 20:43:11.337  4504  4504 I VRI[MainActivity]@44f699b: ViewPostIme key 0
09-28 20:43:11.339  4504  4504 I VRI[MainActivity]@44f699b: ViewPostIme key 1
09-28 20:43:11.411  4504  4825 I com.negi.survey: Explicit concurrent mark compact GC freed 1988KB AllocSpace bytes, 1(20KB) LOS objects, 77% free, 6969KB/30MB, paused 246us,1.860ms total 37.274ms
09-28 20:43:11.565  4504  4504 I VRI[MainActivity]@44f699b: ViewPostIme key 0
09-28 20:43:11.567  4504  4504 I VRI[MainActivity]@44f699b: ViewPostIme key 1
09-28 20:43:12.050  4504  4504 I VRI[MainActivity]@44f699b: ViewPostIme pointer 0
09-28 20:43:12.120  4504  4504 I VRI[MainActivity]@44f699b: ViewPostIme pointer 1
09-28 20:43:12.124  4504  4504 D SurveyVM: push -> Q4, navSize=7, stackSize=7
09-28 20:43:12.139  4504  4504 D InputMethodManagerUtils: startInputInner - Id : 0
09-28 20:43:12.139  4504  4504 I InputMethodManager: startInputInner - IInputMethodManagerGlobalInvoker.startInputOrWindowGainedFocus
09-28 20:43:12.151  4504  4825 D InputTransport: Input channel constructed: 'ClientS', fd=144
09-28 20:43:12.158  4504  4504 I View    : setRequestedFrameRate frameRate=-4.0, this=android.view.View{8bd9c34 V.ED..... ........ 0,0-0,0}, caller=androidx.compose.ui.platform.Api35Impl.setRequestedFrameRate:4047 androidx.compose.ui.platform.AndroidComposeView.dispatchDraw:2282 android.view.View.draw:26758 android.view.View.updateDisplayListIfDirty:25577 android.view.ViewGroup.recreateChildDisplayList:4881 
09-28 20:43:12.159  4504  4504 D WhisperSpeechController: updateContext: surveyId=a13934c8-a636-4c7b-a1e5-795c84bfb9c9, questionId=Q4
09-28 20:43:12.206  4504  4504 I View    : setRequestedFrameRate frameRate=NaN, this=android.view.View{8bd9c34 V.ED..... ........ 0,0-0,0}, caller=androidx.compose.ui.platform.Api35Impl.setRequestedFrameRate:4047 androidx.compose.ui.platform.AndroidComposeView.dispatchDraw:2282 android.view.View.draw:26758 android.view.View.updateDisplayListIfDirty:25577 android.view.ViewGroup.recreateChildDisplayList:4881 
09-28 20:43:12.587  4504  4825 I com.negi.survey: Explicit concurrent mark compact GC freed 1020KB AllocSpace bytes, 1(20KB) LOS objects, 77% free, 7165KB/30MB, paused 271us,1.558ms total 27.933ms
09-28 20:43:12.597  4504  4525 D InputTransport: Input channel destroyed: 'ClientS', fd=144
09-28 20:43:12.895  4504  4504 D InsetsController: hide(ime())
09-28 20:43:12.895  4504  4504 I ImeTracker: com.negi.survey:ff32fcfc: onRequestHide at ORIGIN_CLIENT reason HIDE_SOFT_INPUT_BY_INSETS_API fromUser false
09-28 20:43:12.895  4504  4504 D WindowOnBackDispatcher: setTopOnBackInvokedCallback (unwrapped): androidx.navigationevent.OnBackInvokedInput$createOnBackAnimationCallback$1@cb26ebb
09-28 20:43:12.895  4504  4504 D InsetsController: Setting requestedVisibleTypes to 503 (was 511)
09-28 20:43:12.896  4504  4504 I InsetsController: setRequestedVisibleTypes: visible=false, mask=ime, host=com.negi.survey/com.negi.survey.MainActivity, from=android.view.InsetsController.controlAnimationUnchecked:1646 android.view.InsetsController.applyAnimation:2278 android.view.InsetsController.applyAnimation:2207 android.view.InsetsController.hide:1581 android.view.InsetsController.hide:1521 androidx.core.view.SoftwareKeyboardControllerCompat$Impl30.hide:222 androidx.core.view.SoftwareKeyboardControllerCompat.hide:80 androidx.compose.ui.text.input.InputMethodManagerImpl.hideSoftInput:85 androidx.compose.ui.text.input.TextInputServiceAndroid.setKeyboardVisibleImmediately:470 androidx.compose.ui.text.input.TextInputServiceAndroid.processInputCommands:352 
09-28 20:43:12.896  4504  4504 D InputMethodManagerUtils: startInputInner - Id : 0
09-28 20:43:12.896  4504  4504 I InputMethodManager: startInputInner - IInputMethodManagerGlobalInvoker.startInputOrWindowGainedFocus
09-28 20:43:12.903  4504  4504 D VRI[MainActivity]@44f699b: WindowInsets changed: ime:null 
09-28 20:43:12.903  4504  4504 I BLASTBufferQueue_Java: update, w= 1080 h= 2340 mName = VRI[MainActivity]@44f699b mNativeObject= 0xb400007887fffde0 sc.mNativeObject= 0xb40000793823e410 format= -1 caller= android.view.ViewRootImpl.updateBlastSurfaceIfNeeded:3592 android.view.ViewRootImpl.relayoutWindow:11813 android.view.ViewRootImpl.performTraversals:4840 android.view.ViewRootImpl.doTraversal:3959 android.view.ViewRootImpl$TraversalRunnable.run:13034 android.view.Choreographer$CallbackRecord.run:1961 
09-28 20:43:12.903  4504  4504 I VRI[MainActivity]@44f699b: Relayout returned: old=(0,0,1080,2340) new=(0,0,1080,2340) relayoutAsync=true req=(1080,2340)0 dur=0 res=0x0 s={true 0xb4000078c7fe6b70} ch=false seqId=0
09-28 20:43:12.904  4504  4504 I VRI[MainActivity]@44f699b: registerCallbackForPendingTransactions
09-28 20:43:12.905  4504  4931 I VRI[MainActivity]@44f699b: mWNT: t=0xb4000078d85f9750 mBlastBufferQueue=0xb400007887fffde0 fn= 738 HdrRenderState mRenderHdrSdrRatio=1.0 caller= android.view.SyncRtSurfaceTransactionApplier.applyTransaction:102 android.view.SyncRtSurfaceTransactionApplier.lambda$scheduleApply$0:75 android.view.SyncRtSurfaceTransactionApplier.$r8$lambda$afI4fXg3U3-nBZQEDQMiNy-B06s:0 
09-28 20:43:12.905  4504  4931 I VRI[MainActivity]@44f699b: mWNT: t=0xb4000078d8606770 mBlastBufferQueue=0xb400007887fffde0 fn= 738 HdrRenderState mRenderHdrSdrRatio=1.0 caller= android.view.ViewRootImpl$10.onFrameDraw:6615 android.view.ViewRootImpl$4.onFrameDraw:2485 android.view.ThreadedRenderer$1.onFrameDraw:751 
09-28 20:43:12.907  4504  4930 I VRI[MainActivity]@44f699b: mWNT: t=0xb4000078d85f9750 mBlastBufferQueue=0xb400007887fffde0 fn= 739 HdrRenderState mRenderHdrSdrRatio=1.0 caller= android.view.SyncRtSurfaceTransactionApplier.applyTransaction:102 android.view.SyncRtSurfaceTransactionApplier.lambda$scheduleApply$0:75 android.view.SyncRtSurfaceTransactionApplier.$r8$lambda$afI4fXg3U3-nBZQEDQMiNy-B06s:0 
09-28 20:43:12.909  4504  4825 D InputTransport: Input channel constructed: 'ClientS', fd=138
09-28 20:43:12.910  4504  4504 I InsetsController: onStateChanged: host=com.negi.survey/com.negi.survey.MainActivity, from=android.view.ViewRootImpl.onInsetsStateChanged:3038, state=InsetsState: {mDisplayFrame=Rect(0, 0 - 1080, 2340), mDisplayCutout=DisplayCutout{insets=Rect(0, 82 - 0, 0) waterfall=Insets{left=0, top=0, right=0, bottom=0} boundingRect={Bounds=[Rect(0, 0 - 0, 0), Rect(511, 24 - 569, 82), Rect(0, 0 - 0, 0), Rect(0, 0 - 0, 0)]} cutoutPathParserInfo={CutoutPathParserInfo{displayWidth=1080 displayHeight=2340 physicalDisplayWidth=1080 physicalDisplayHeight=2340 density={2.8125} cutoutSpec={M 0,0 M 0, 8.533333333333333 a 10.31111111111111,10.31111111111111 0 1,0 0,20.62222222222222 a 10.31111111111111,10.31111111111111 0 1,0 0,-20.62222222222222 Z @dp} rotation={0} scale={1.0} physicalPixelDisplaySizeRatio={1.0}}} sideOverrides={}}, mRoundedCorners=RoundedCorners{[RoundedCorner{position=TopLeft, radius=113, center=Point(113, 113)}, RoundedCorner{position=TopRight, radius=113, center=Point(967, 113)}, RoundedCorner{position=BottomRight, radius=113, center=Point(967, 2227)}, RoundedCorner{position=BottomLeft, radius=113, center=Point(113, 2227)}]}  mRoundedCornerFrame=Rect(0, 0 - 1080, 2340), mPrivacyIndicatorBounds=PrivacyIndicatorBounds {static bounds=Rect(956, 0 - 1080, 97) rotation=0}, mDisplayShape=DisplayShape{ spec=-311912193 displayWidth=1080 displayHeight=2340 physicalPixelDisplaySizeRatio=1.0 rotation=0 offsetX=0 offsetY=0 scale=1.0}, mSources= { InsetsSource: {dc020001 mType=navigationBars mFrame=[0,2205][1080,2340] mAttachedInsets=null mVisible=true mFlags= mSideHint=BOTTOM mBoundingRects=null}, InsetsSource: {dc020004 mType=systemGestures mFrame=[0,0][0,0] mAttachedInsets=null mVisible=true mFlags= mSideHint=NONE mBoundingRects=null}, InsetsSource: {dc020005 mType=mandatorySystemGestures mFrame=[0,2205][1080,2340] mAttachedInsets=null mVisible=true mFlags= mSideHint=BOTTOM mBoundingRects=null}, InsetsSource: {dc020006 mType=tappableElement mFrame=[0,2205][1080,2340] mAttachedInsets=null mVisible=true mFlags= mSideHint=BOTTOM mBoundingRects=null}, InsetsSource: {dc020024 mType=systemGestures mFrame=[0,0][0,0] mAttachedInsets=null mVisible=true mFlags= mSideHint=NONE mBoundingRects=null}, InsetsSource: {3 mType=ime mFrame=[0,1332][1080,2340] mAttachedInsets=null mVisible=false mFlags= mSideHint=BOTTOM mBoundingRects=null}, InsetsSource: {27 mType=displayCutout mFrame=[0,0][1080,82] mAttachedInsets=null mVisible=true mFlags= mSideHint=TOP mBoundingRects=null}, InsetsSource: {23ca0000 mType=statusBars mFrame=[0,0][1080,97] mAttachedInsets=null mVisible=true mFlags= mSideHint=TOP mBoundingRects=null}, InsetsSource: {23ca0005 mType=mandatorySystemGestures mFrame=[0,0][1080,116] mAttachedInsets=null mVisible=true mFlags= mSideHint=TOP mBoundingRects=null}, InsetsSource: {23ca0006 mType=tappableElement mFrame=[0,0][1080,97] mAttachedInsets=null mVisible=true mFlags= mSideHint=TOP mBoundingRects=null} }
09-28 20:43:12.910  4504  4504 I VRI[MainActivity]@44f699b: handleResized, frames=ClientWindowFrames{frame=[0,0][1080,2340] display=[0,0][1080,2340] parentFrame=[0,0][0,0]} displayId=0 dragResizing=false compatScale=1.0 frameChanged=false attachedFrameChanged=false configChanged=false displayChanged=false compatScaleChanged=false dragResizingChanged=false
09-28 20:43:12.920  4504  4504 I View    : setRequestedFrameRate frameRate=-4.0, this=android.view.View{8bd9c34 V.ED..... ........ 0,0-0,0}, caller=androidx.compose.ui.platform.Api35Impl.setRequestedFrameRate:4047 androidx.compose.ui.platform.AndroidComposeView.dispatchDraw:2282 android.view.View.draw:26758 android.view.View.updateDisplayListIfDirty:25577 android.view.View.draw:26477 
09-28 20:43:12.921  4504  4931 I VRI[MainActivity]@44f699b: mWNT: t=0xb4000078d86c4610 mBlastBufferQueue=0xb400007887fffde0 fn= 740 HdrRenderState mRenderHdrSdrRatio=1.0 caller= android.view.SyncRtSurfaceTransactionApplier.applyTransaction:102 android.view.SyncRtSurfaceTransactionApplier.lambda$scheduleApply$0:75 android.view.SyncRtSurfaceTransactionApplier.$r8$lambda$afI4fXg3U3-nBZQEDQMiNy-B06s:0 
09-28 20:43:12.927  4504  4930 I VRI[MainActivity]@44f699b: mWNT: t=0xb4000078d86c4610 mBlastBufferQueue=0xb400007887fffde0 fn= 741 HdrRenderState mRenderHdrSdrRatio=1.0 caller= android.view.SyncRtSurfaceTransactionApplier.applyTransaction:102 android.view.SyncRtSurfaceTransactionApplier.lambda$scheduleApply$0:75 android.view.SyncRtSurfaceTransactionApplier.$r8$lambda$afI4fXg3U3-nBZQEDQMiNy-B06s:0 
09-28 20:43:12.927  4504  4504 I InsetsSourceConsumer: applyRequestedVisibilityToControl: visible=true, type=navigationBars, host=com.negi.survey/com.negi.survey.MainActivity
09-28 20:43:12.928  4504  4504 I ImeTracker: com.negi.survey:a35d4fc3: onCancelled at PHASE_CLIENT_ON_CONTROLS_CHANGED
09-28 20:43:12.934  4504  4931 I VRI[MainActivity]@44f699b: mWNT: t=0xb4000078d878fe10 mBlastBufferQueue=0xb400007887fffde0 fn= 742 HdrRenderState mRenderHdrSdrRatio=1.0 caller= android.view.SyncRtSurfaceTransactionApplier.applyTransaction:102 android.view.SyncRtSurfaceTransactionApplier.lambda$scheduleApply$0:75 android.view.SyncRtSurfaceTransactionApplier.$r8$lambda$afI4fXg3U3-nBZQEDQMiNy-B06s:0 
09-28 20:43:12.943  4504  4930 I VRI[MainActivity]@44f699b: mWNT: t=0xb4000078d878fe10 mBlastBufferQueue=0xb400007887fffde0 fn= 743 HdrRenderState mRenderHdrSdrRatio=1.0 caller= android.view.SyncRtSurfaceTransactionApplier.applyTransaction:102 android.view.SyncRtSurfaceTransactionApplier.lambda$scheduleApply$0:75 android.view.SyncRtSurfaceTransactionApplier.$r8$lambda$afI4fXg3U3-nBZQEDQMiNy-B06s:0 
09-28 20:43:12.950  4504  4931 I VRI[MainActivity]@44f699b: mWNT: t=0xb4000078d87bb620 mBlastBufferQueue=0xb400007887fffde0 fn= 744 HdrRenderState mRenderHdrSdrRatio=1.0 caller= android.view.SyncRtSurfaceTransactionApplier.applyTransaction:102 android.view.SyncRtSurfaceTransactionApplier.lambda$scheduleApply$0:75 android.view.SyncRtSurfaceTransactionApplier.$r8$lambda$afI4fXg3U3-nBZQEDQMiNy-B06s:0 
09-28 20:43:12.960  4504  4930 I VRI[MainActivity]@44f699b: mWNT: t=0xb4000078d87bb620 mBlastBufferQueue=0xb400007887fffde0 fn= 745 HdrRenderState mRenderHdrSdrRatio=1.0 caller= android.view.SyncRtSurfaceTransactionApplier.applyTransaction:102 android.view.SyncRtSurfaceTransactionApplier.lambda$scheduleApply$0:75 android.view.SyncRtSurfaceTransactionApplier.$r8$lambda$afI4fXg3U3-nBZQEDQMiNy-B06s:0 
09-28 20:43:12.969  4504  4931 I VRI[MainActivity]@44f699b: mWNT: t=0xb4000078d7fc73a0 mBlastBufferQueue=0xb400007887fffde0 fn= 746 HdrRenderState mRenderHdrSdrRatio=1.0 caller= android.view.SyncRtSurfaceTransactionApplier.applyTransaction:102 android.view.SyncRtSurfaceTransactionApplier.lambda$scheduleApply$0:75 android.view.SyncRtSurfaceTransactionApplier.$r8$lambda$afI4fXg3U3-nBZQEDQMiNy-B06s:0 
09-28 20:43:12.976  4504  4930 I VRI[MainActivity]@44f699b: mWNT: t=0xb4000078d7fc73a0 mBlastBufferQueue=0xb400007887fffde0 fn= 747 HdrRenderState mRenderHdrSdrRatio=1.0 caller= android.view.SyncRtSurfaceTransactionApplier.applyTransaction:102 android.view.SyncRtSurfaceTransactionApplier.lambda$scheduleApply$0:75 android.view.SyncRtSurfaceTransactionApplier.$r8$lambda$afI4fXg3U3-nBZQEDQMiNy-B06s:0 
09-28 20:43:12.984  4504  4931 I VRI[MainActivity]@44f699b: mWNT: t=0xb4000078d8767d80 mBlastBufferQueue=0xb400007887fffde0 fn= 748 HdrRenderState mRenderHdrSdrRatio=1.0 caller= android.view.SyncRtSurfaceTransactionApplier.applyTransaction:102 android.view.SyncRtSurfaceTransactionApplier.lambda$scheduleApply$0:75 android.view.SyncRtSurfaceTransactionApplier.$r8$lambda$afI4fXg3U3-nBZQEDQMiNy-B06s:0 
09-28 20:43:12.992  4504  4930 I VRI[MainActivity]@44f699b: mWNT: t=0xb4000078d8767d80 mBlastBufferQueue=0xb400007887fffde0 fn= 749 HdrRenderState mRenderHdrSdrRatio=1.0 caller= android.view.SyncRtSurfaceTransactionApplier.applyTransaction:102 android.view.SyncRtSurfaceTransactionApplier.lambda$scheduleApply$0:75 android.view.SyncRtSurfaceTransactionApplier.$r8$lambda$afI4fXg3U3-nBZQEDQMiNy-B06s:0 
09-28 20:43:13.001  4504  4931 I VRI[MainActivity]@44f699b: mWNT: t=0xb4000078d87dae40 mBlastBufferQueue=0xb400007887fffde0 fn= 750 HdrRenderState mRenderHdrSdrRatio=1.0 caller= android.view.SyncRtSurfaceTransactionApplier.applyTransaction:102 android.view.SyncRtSurfaceTransactionApplier.lambda$scheduleApply$0:75 android.view.SyncRtSurfaceTransactionApplier.$r8$lambda$afI4fXg3U3-nBZQEDQMiNy-B06s:0 
09-28 20:43:13.009  4504  4930 I VRI[MainActivity]@44f699b: mWNT: t=0xb4000078d87dae40 mBlastBufferQueue=0xb400007887fffde0 fn= 751 HdrRenderState mRenderHdrSdrRatio=1.0 caller= android.view.SyncRtSurfaceTransactionApplier.applyTransaction:102 android.view.SyncRtSurfaceTransactionApplier.lambda$scheduleApply$0:75 android.view.SyncRtSurfaceTransactionApplier.$r8$lambda$afI4fXg3U3-nBZQEDQMiNy-B06s:0 
09-28 20:43:13.017  4504  4931 I VRI[MainActivity]@44f699b: mWNT: t=0xb4000078d87d5d50 mBlastBufferQueue=0xb400007887fffde0 fn= 752 HdrRenderState mRenderHdrSdrRatio=1.0 caller= android.view.SyncRtSurfaceTransactionApplier.applyTransaction:102 android.view.SyncRtSurfaceTransactionApplier.lambda$scheduleApply$0:75 android.view.SyncRtSurfaceTransactionApplier.$r8$lambda$afI4fXg3U3-nBZQEDQMiNy-B06s:0 
09-28 20:43:13.026  4504  4930 I VRI[MainActivity]@44f699b: mWNT: t=0xb4000078d87d5d50 mBlastBufferQueue=0xb400007887fffde0 fn= 753 HdrRenderState mRenderHdrSdrRatio=1.0 caller= android.view.SyncRtSurfaceTransactionApplier.applyTransaction:102 android.view.SyncRtSurfaceTransactionApplier.lambda$scheduleApply$0:75 android.view.SyncRtSurfaceTransactionApplier.$r8$lambda$afI4fXg3U3-nBZQEDQMiNy-B06s:0 
09-28 20:43:13.034  4504  4931 I VRI[MainActivity]@44f699b: mWNT: t=0xb4000078d8771f60 mBlastBufferQueue=0xb400007887fffde0 fn= 754 HdrRenderState mRenderHdrSdrRatio=1.0 caller= android.view.SyncRtSurfaceTransactionApplier.applyTransaction:102 android.view.SyncRtSurfaceTransactionApplier.lambda$scheduleApply$0:75 android.view.SyncRtSurfaceTransactionApplier.$r8$lambda$afI4fXg3U3-nBZQEDQMiNy-B06s:0 
09-28 20:43:13.043  4504  4930 I VRI[MainActivity]@44f699b: mWNT: t=0xb4000078d8771f60 mBlastBufferQueue=0xb400007887fffde0 fn= 755 HdrRenderState mRenderHdrSdrRatio=1.0 caller= android.view.SyncRtSurfaceTransactionApplier.applyTransaction:102 android.view.SyncRtSurfaceTransactionApplier.lambda$scheduleApply$0:75 android.view.SyncRtSurfaceTransactionApplier.$r8$lambda$afI4fXg3U3-nBZQEDQMiNy-B06s:0 
09-28 20:43:13.051  4504  4931 I VRI[MainActivity]@44f699b: mWNT: t=0xb4000078d8010370 mBlastBufferQueue=0xb400007887fffde0 fn= 756 HdrRenderState mRenderHdrSdrRatio=1.0 caller= android.view.SyncRtSurfaceTransactionApplier.applyTransaction:102 android.view.SyncRtSurfaceTransactionApplier.lambda$scheduleApply$0:75 android.view.SyncRtSurfaceTransactionApplier.$r8$lambda$afI4fXg3U3-nBZQEDQMiNy-B06s:0 
09-28 20:43:13.059  4504  4930 I VRI[MainActivity]@44f699b: mWNT: t=0xb4000078d8010370 mBlastBufferQueue=0xb400007887fffde0 fn= 757 HdrRenderState mRenderHdrSdrRatio=1.0 caller= android.view.SyncRtSurfaceTransactionApplier.applyTransaction:102 android.view.SyncRtSurfaceTransactionApplier.lambda$scheduleApply$0:75 android.view.SyncRtSurfaceTransactionApplier.$r8$lambda$afI4fXg3U3-nBZQEDQMiNy-B06s:0 
09-28 20:43:13.067  4504  4931 I VRI[MainActivity]@44f699b: mWNT: t=0xb4000078d87b7310 mBlastBufferQueue=0xb400007887fffde0 fn= 758 HdrRenderState mRenderHdrSdrRatio=1.0 caller= android.view.SyncRtSurfaceTransactionApplier.applyTransaction:102 android.view.SyncRtSurfaceTransactionApplier.lambda$scheduleApply$0:75 android.view.SyncRtSurfaceTransactionApplier.$r8$lambda$afI4fXg3U3-nBZQEDQMiNy-B06s:0 
09-28 20:43:13.075  4504  4930 I VRI[MainActivity]@44f699b: mWNT: t=0xb4000078d87b7310 mBlastBufferQueue=0xb400007887fffde0 fn= 759 HdrRenderState mRenderHdrSdrRatio=1.0 caller= android.view.SyncRtSurfaceTransactionApplier.applyTransaction:102 android.view.SyncRtSurfaceTransactionApplier.lambda$scheduleApply$0:75 android.view.SyncRtSurfaceTransactionApplier.$r8$lambda$afI4fXg3U3-nBZQEDQMiNy-B06s:0 
09-28 20:43:13.084  4504  4931 I VRI[MainActivity]@44f699b: mWNT: t=0xb4000078d7fe3b30 mBlastBufferQueue=0xb400007887fffde0 fn= 760 HdrRenderState mRenderHdrSdrRatio=1.0 caller= android.view.SyncRtSurfaceTransactionApplier.applyTransaction:102 android.view.SyncRtSurfaceTransactionApplier.lambda$scheduleApply$0:75 android.view.SyncRtSurfaceTransactionApplier.$r8$lambda$afI4fXg3U3-nBZQEDQMiNy-B06s:0 
09-28 20:43:13.092  4504  4930 I VRI[MainActivity]@44f699b: mWNT: t=0xb4000078d7fe3b30 mBlastBufferQueue=0xb400007887fffde0 fn= 761 HdrRenderState mRenderHdrSdrRatio=1.0 caller= android.view.SyncRtSurfaceTransactionApplier.applyTransaction:102 android.view.SyncRtSurfaceTransactionApplier.lambda$scheduleApply$0:75 android.view.SyncRtSurfaceTransactionApplier.$r8$lambda$afI4fXg3U3-nBZQEDQMiNy-B06s:0 
09-28 20:43:13.100  4504  4931 I VRI[MainActivity]@44f699b: mWNT: t=0xb4000078d87bb180 mBlastBufferQueue=0xb400007887fffde0 fn= 762 HdrRenderState mRenderHdrSdrRatio=1.0 caller= android.view.SyncRtSurfaceTransactionApplier.applyTransaction:102 android.view.SyncRtSurfaceTransactionApplier.lambda$scheduleApply$0:75 android.view.SyncRtSurfaceTransactionApplier.$r8$lambda$afI4fXg3U3-nBZQEDQMiNy-B06s:0 
09-28 20:43:13.109  4504  4930 I VRI[MainActivity]@44f699b: mWNT: t=0xb4000078d87bb180 mBlastBufferQueue=0xb400007887fffde0 fn= 763 HdrRenderState mRenderHdrSdrRatio=1.0 caller= android.view.SyncRtSurfaceTransactionApplier.applyTransaction:102 android.view.SyncRtSurfaceTransactionApplier.lambda$scheduleApply$0:75 android.view.SyncRtSurfaceTransactionApplier.$r8$lambda$afI4fXg3U3-nBZQEDQMiNy-B06s:0 
09-28 20:43:13.118  4504  4931 I VRI[MainActivity]@44f699b: mWNT: t=0xb4000078d87d9280 mBlastBufferQueue=0xb400007887fffde0 fn= 764 HdrRenderState mRenderHdrSdrRatio=1.0 caller= android.view.SyncRtSurfaceTransactionApplier.applyTransaction:102 android.view.SyncRtSurfaceTransactionApplier.lambda$scheduleApply$0:75 android.view.SyncRtSurfaceTransactionApplier.$r8$lambda$afI4fXg3U3-nBZQEDQMiNy-B06s:0 
09-28 20:43:13.126  4504  4930 I VRI[MainActivity]@44f699b: mWNT: t=0xb4000078d87d9280 mBlastBufferQueue=0xb400007887fffde0 fn= 765 HdrRenderState mRenderHdrSdrRatio=1.0 caller= android.view.SyncRtSurfaceTransactionApplier.applyTransaction:102 android.view.SyncRtSurfaceTransactionApplier.lambda$scheduleApply$0:75 android.view.SyncRtSurfaceTransactionApplier.$r8$lambda$afI4fXg3U3-nBZQEDQMiNy-B06s:0 
09-28 20:43:13.134  4504  4931 I VRI[MainActivity]@44f699b: mWNT: t=0xb4000078d87b9cb0 mBlastBufferQueue=0xb400007887fffde0 fn= 766 HdrRenderState mRenderHdrSdrRatio=1.0 caller= android.view.SyncRtSurfaceTransactionApplier.applyTransaction:102 android.view.SyncRtSurfaceTransactionApplier.lambda$scheduleApply$0:75 android.view.SyncRtSurfaceTransactionApplier.$r8$lambda$afI4fXg3U3-nBZQEDQMiNy-B06s:0 
09-28 20:43:13.142  4504  4930 I VRI[MainActivity]@44f699b: mWNT: t=0xb4000078d87b9cb0 mBlastBufferQueue=0xb400007887fffde0 fn= 767 HdrRenderState mRenderHdrSdrRatio=1.0 caller= android.view.SyncRtSurfaceTransactionApplier.applyTransaction:102 android.view.SyncRtSurfaceTransactionApplier.lambda$scheduleApply$0:75 android.view.SyncRtSurfaceTransactionApplier.$r8$lambda$afI4fXg3U3-nBZQEDQMiNy-B06s:0 
09-28 20:43:13.151  4504  4931 I VRI[MainActivity]@44f699b: mWNT: t=0xb4000078d87dabf0 mBlastBufferQueue=0xb400007887fffde0 fn= 768 HdrRenderState mRenderHdrSdrRatio=1.0 caller= android.view.SyncRtSurfaceTransactionApplier.applyTransaction:102 android.view.SyncRtSurfaceTransactionApplier.lambda$scheduleApply$0:75 android.view.SyncRtSurfaceTransactionApplier.$r8$lambda$afI4fXg3U3-nBZQEDQMiNy-B06s:0 
09-28 20:43:13.159  4504  4930 I VRI[MainActivity]@44f699b: mWNT: t=0xb4000078d87dabf0 mBlastBufferQueue=0xb400007887fffde0 fn= 769 HdrRenderState mRenderHdrSdrRatio=1.0 caller= android.view.SyncRtSurfaceTransactionApplier.applyTransaction:102 android.view.SyncRtSurfaceTransactionApplier.lambda$scheduleApply$0:75 android.view.SyncRtSurfaceTransactionApplier.$r8$lambda$afI4fXg3U3-nBZQEDQMiNy-B06s:0 
09-28 20:43:13.167  4504  4931 I VRI[MainActivity]@44f699b: mWNT: t=0xb4000078d8762c90 mBlastBufferQueue=0xb400007887fffde0 fn= 770 HdrRenderState mRenderHdrSdrRatio=1.0 caller= android.view.SyncRtSurfaceTransactionApplier.applyTransaction:102 android.view.SyncRtSurfaceTransactionApplier.lambda$scheduleApply$0:75 android.view.SyncRtSurfaceTransactionApplier.$r8$lambda$afI4fXg3U3-nBZQEDQMiNy-B06s:0 
09-28 20:43:13.175  4504  4930 I VRI[MainActivity]@44f699b: mWNT: t=0xb4000078d8762c90 mBlastBufferQueue=0xb400007887fffde0 fn= 771 HdrRenderState mRenderHdrSdrRatio=1.0 caller= android.view.SyncRtSurfaceTransactionApplier.applyTransaction:102 android.view.SyncRtSurfaceTransactionApplier.lambda$scheduleApply$0:75 android.view.SyncRtSurfaceTransactionApplier.$r8$lambda$afI4fXg3U3-nBZQEDQMiNy-B06s:0 
09-28 20:43:13.185  4504  4931 I VRI[MainActivity]@44f699b: mWNT: t=0xb4000078d802fb90 mBlastBufferQueue=0xb400007887fffde0 fn= 772 HdrRenderState mRenderHdrSdrRatio=1.0 caller= android.view.SyncRtSurfaceTransactionApplier.applyTransaction:102 android.view.SyncRtSurfaceTransactionApplier.lambda$scheduleApply$0:75 android.view.SyncRtSurfaceTransactionApplier.$r8$lambda$afI4fXg3U3-nBZQEDQMiNy-B06s:0 
09-28 20:43:13.192  4504  4930 I VRI[MainActivity]@44f699b: mWNT: t=0xb4000078d802fb90 mBlastBufferQueue=0xb400007887fffde0 fn= 773 HdrRenderState mRenderHdrSdrRatio=1.0 caller= android.view.SyncRtSurfaceTransactionApplier.applyTransaction:102 android.view.SyncRtSurfaceTransactionApplier.lambda$scheduleApply$0:75 android.view.SyncRtSurfaceTransactionApplier.$r8$lambda$afI4fXg3U3-nBZQEDQMiNy-B06s:0 
09-28 20:43:13.201  4504  4931 I VRI[MainActivity]@44f699b: mWNT: t=0xb4000078d8728d40 mBlastBufferQueue=0xb400007887fffde0 fn= 774 HdrRenderState mRenderHdrSdrRatio=1.0 caller= android.view.SyncRtSurfaceTransactionApplier.applyTransaction:102 android.view.SyncRtSurfaceTransactionApplier.lambda$scheduleApply$0:75 android.view.SyncRtSurfaceTransactionApplier.$r8$lambda$afI4fXg3U3-nBZQEDQMiNy-B06s:0 
09-28 20:43:13.209  4504  4930 I VRI[MainActivity]@44f699b: mWNT: t=0xb4000078d8728d40 mBlastBufferQueue=0xb400007887fffde0 fn= 775 HdrRenderState mRenderHdrSdrRatio=1.0 caller= android.view.SyncRtSurfaceTransactionApplier.applyTransaction:102 android.view.SyncRtSurfaceTransactionApplier.lambda$scheduleApply$0:75 android.view.SyncRtSurfaceTransactionApplier.$r8$lambda$afI4fXg3U3-nBZQEDQMiNy-B06s:0 
09-28 20:43:13.216  4504  4931 I VRI[MainActivity]@44f699b: mWNT: t=0xb4000078d87b6780 mBlastBufferQueue=0xb400007887fffde0 fn= 776 HdrRenderState mRenderHdrSdrRatio=1.0 caller= android.view.SyncRtSurfaceTransactionApplier.applyTransaction:102 android.view.SyncRtSurfaceTransactionApplier.lambda$scheduleApply$0:75 android.view.SyncRtSurfaceTransactionApplier.$r8$lambda$afI4fXg3U3-nBZQEDQMiNy-B06s:0 
09-28 20:43:13.619  4504  4504 I InsetsController: onStateChanged: host=com.negi.survey/com.negi.survey.MainActivity, from=android.view.ViewRootImpl.onInsetsStateChanged:3038, state=InsetsState: {mDisplayFrame=Rect(0, 0 - 1080, 2340), mDisplayCutout=DisplayCutout{insets=Rect(0, 82 - 0, 0) waterfall=Insets{left=0, top=0, right=0, bottom=0} boundingRect={Bounds=[Rect(0, 0 - 0, 0), Rect(511, 24 - 569, 82), Rect(0, 0 - 0, 0), Rect(0, 0 - 0, 0)]} cutoutPathParserInfo={CutoutPathParserInfo{displayWidth=1080 displayHeight=2340 physicalDisplayWidth=1080 physicalDisplayHeight=2340 density={2.8125} cutoutSpec={M 0,0 M 0, 8.533333333333333 a 10.31111111111111,10.31111111111111 0 1,0 0,20.62222222222222 a 10.31111111111111,10.31111111111111 0 1,0 0,-20.62222222222222 Z @dp} rotation={0} scale={1.0} physicalPixelDisplaySizeRatio={1.0}}} sideOverrides={}}, mRoundedCorners=RoundedCorners{[RoundedCorner{position=TopLeft, radius=113, center=Point(113, 113)}, RoundedCorner{position=TopRight, radius=113, center=Point(967, 113)}, RoundedCorner{position=BottomRight, radius=113, center=Point(967, 2227)}, RoundedCorner{position=BottomLeft, radius=113, center=Point(113, 2227)}]}  mRoundedCornerFrame=Rect(0, 0 - 1080, 2340), mPrivacyIndicatorBounds=PrivacyIndicatorBounds {static bounds=Rect(956, 0 - 1080, 97) rotation=0}, mDisplayShape=DisplayShape{ spec=-311912193 displayWidth=1080 displayHeight=2340 physicalPixelDisplaySizeRatio=1.0 rotation=0 offsetX=0 offsetY=0 scale=1.0}, mSources= { InsetsSource: {dc020001 mType=navigationBars mFrame=[0,2205][1080,2340] mAttachedInsets=null mVisible=true mFlags= mSideHint=BOTTOM mBoundingRects=null}, InsetsSource: {dc020004 mType=systemGestures mFrame=[0,0][0,0] mAttachedInsets=null mVisible=true mFlags= mSideHint=NONE mBoundingRects=null}, InsetsSource: {dc020005 mType=mandatorySystemGestures mFrame=[0,2205][1080,2340] mAttachedInsets=null mVisible=true mFlags= mSideHint=BOTTOM mBoundingRects=null}, InsetsSource: {dc020006 mType=tappableElement mFrame=[0,2205][1080,2340] mAttachedInsets=null mVisible=true mFlags= mSideHint=BOTTOM mBoundingRects=null}, InsetsSource: {dc020024 mType=systemGestures mFrame=[0,0][0,0] mAttachedInsets=null mVisible=true mFlags= mSideHint=NONE mBoundingRects=null}, InsetsSource: {3 mType=ime mFrame=[0,0][0,0] mAttachedInsets=null mVisible=false mFlags=INVALID mSideHint=NONE mBoundingRects=null}, InsetsSource: {27 mType=displayCutout mFrame=[0,0][1080,82] mAttachedInsets=null mVisible=true mFlags= mSideHint=TOP mBoundingRects=null}, InsetsSource: {23ca0000 mType=statusBars mFrame=[0,0][1080,97] mAttachedInsets=null mVisible=true mFlags= mSideHint=TOP mBoundingRects=null}, InsetsSource: {23ca0005 mType=mandatorySystemGestures mFrame=[0,0][1080,116] mAttachedInsets=null mVisible=true mFlags= mSideHint=TOP mBoundingRects=null}, InsetsSource: {23ca0006 mType=tappableElement mFrame=[0,0][1080,97] mAttachedInsets=null mVisible=true mFlags= mSideHint=TOP mBoundingRects=null} }
09-28 20:43:13.619  4504  4504 I VRI[MainActivity]@44f699b: handleResized, frames=ClientWindowFrames{frame=[0,0][1080,2340] display=[0,0][1080,2340] parentFrame=[0,0][0,0]} displayId=0 dragResizing=false compatScale=1.0 frameChanged=false attachedFrameChanged=false configChanged=false displayChanged=false compatScaleChanged=false dragResizingChanged=false
09-28 20:43:13.787  4504  4825 I com.negi.survey: Explicit concurrent mark compact GC freed 1552KB AllocSpace bytes, 1(20KB) LOS objects, 78% free, 6901KB/30MB, paused 179us,1.810ms total 40.945ms
09-28 20:43:13.798  4504  4504 I VRI[MainActivity]@44f699b: ViewPostIme pointer 0
09-28 20:43:13.799  4504  4525 D InputTransport: Input channel destroyed: 'ClientS', fd=138
09-28 20:43:13.811  4504  4504 I View    : setRequestedFrameRate frameRate=NaN, this=android.view.View{8bd9c34 V.ED..... ........ 0,0-0,0}, caller=androidx.compose.ui.platform.Api35Impl.setRequestedFrameRate:4047 androidx.compose.ui.platform.AndroidComposeView.dispatchDraw:2282 android.view.View.draw:26758 android.view.View.updateDisplayListIfDirty:25577 android.view.ViewGroup.recreateChildDisplayList:4881 
09-28 20:43:13.862  4504  4504 I VRI[MainActivity]@44f699b: ViewPostIme pointer 1
09-28 20:43:13.866  4504  4504 D SurveyVM: push -> Q5, navSize=8, stackSize=8
09-28 20:43:13.888  4504  4504 D WhisperSpeechController: updateContext: surveyId=a13934c8-a636-4c7b-a1e5-795c84bfb9c9, questionId=Q5
09-28 20:43:14.795  4504  4504 I VRI[MainActivity]@44f699b: ViewPostIme pointer 0
09-28 20:43:14.869  4504  4504 I VRI[MainActivity]@44f699b: ViewPostIme pointer 1
09-28 20:43:14.873  4504  4504 D SurveyVM: push -> Q6, navSize=9, stackSize=9
09-28 20:43:14.890  4504  4504 I View    : setRequestedFrameRate frameRate=-4.0, this=android.view.View{8bd9c34 V.ED..... ........ 0,0-0,0}, caller=androidx.compose.ui.platform.Api35Impl.setRequestedFrameRate:4047 androidx.compose.ui.platform.AndroidComposeView.dispatchDraw:2282 android.view.View.draw:26758 android.view.View.updateDisplayListIfDirty:25577 android.view.ViewGroup.recreateChildDisplayList:4881 
09-28 20:43:14.890  4504  4504 D WhisperSpeechController: updateContext: surveyId=a13934c8-a636-4c7b-a1e5-795c84bfb9c9, questionId=Q6
09-28 20:43:14.939  4504  4504 I View    : setRequestedFrameRate frameRate=NaN, this=android.view.View{8bd9c34 V.ED..... ........ 0,0-0,0}, caller=androidx.compose.ui.platform.Api35Impl.setRequestedFrameRate:4047 androidx.compose.ui.platform.AndroidComposeView.dispatchDraw:2282 android.view.View.draw:26758 android.view.View.updateDisplayListIfDirty:25577 android.view.ViewGroup.recreateChildDisplayList:4881 
09-28 20:43:14.995  4504  4535 I com.negi.survey: Explicit concurrent mark compact GC freed 860KB AllocSpace bytes, 1(20KB) LOS objects, 77% free, 7169KB/31MB, paused 136us,1.365ms total 33.003ms
09-28 20:43:15.851  4504  4504 I VRI[MainActivity]@44f699b: ViewPostIme pointer 0
09-28 20:43:15.903  4504  4504 I VRI[MainActivity]@44f699b: ViewPostIme pointer 1
09-28 20:43:15.922  4504  4504 D InputMethodManagerUtils: startInputInner - Id : 0
09-28 20:43:15.922  4504  4504 I InputMethodManager: startInputInner - IInputMethodManagerGlobalInvoker.startInputOrWindowGainedFocus
09-28 20:43:15.923  4504  4504 D InsetsController: show(ime())
09-28 20:43:15.923  4504  4504 I ImeTracker: com.negi.survey:6c291abd: onRequestShow at ORIGIN_CLIENT reason SHOW_SOFT_INPUT_BY_INSETS_API fromUser false
09-28 20:43:15.924  4504  4504 D InsetsController: Setting requestedVisibleTypes to 511 (was 503)
09-28 20:43:15.924  4504  4504 I InsetsController: setRequestedVisibleTypes: visible=true, mask=ime, host=com.negi.survey/com.negi.survey.MainActivity, from=android.view.InsetsController.controlAnimationUnchecked:1646 android.view.InsetsController.applyAnimation:2278 android.view.InsetsController.applyAnimation:2207 android.view.InsetsController.show:1498 android.view.InsetsController.show:1435 androidx.core.view.SoftwareKeyboardControllerCompat$Impl30.show:189 androidx.core.view.SoftwareKeyboardControllerCompat.show:70 androidx.compose.ui.text.input.InputMethodManagerImpl.showSoftInput:81 androidx.compose.ui.text.input.TextInputServiceAndroid.setKeyboardVisibleImmediately:468 androidx.compose.ui.text.input.TextInputServiceAndroid.processInputCommands:352 
09-28 20:43:15.940  4504  4504 I AssistStructure: Flattened final assist data: 516 bytes, containing 1 windows, 3 views
09-28 20:43:15.941  4504  4504 I InputMethodManager_LC: showSoftInput(View,I)
09-28 20:43:15.941  4504  4504 I ImeTracker: com.negi.survey:5e75d5a9: onRequestShow at ORIGIN_CLIENT reason SHOW_SOFT_INPUT fromUser false
09-28 20:43:15.941  4504  4504 I InputMethodManager_LC: ssi(): flags=0 view=com.negi.survey reason=SHOW_SOFT_INPUT
09-28 20:43:15.941  4504  4504 I InputMethodManager_LC: ssi() view is not EditText
09-28 20:43:15.941  4504  4504 D InsetsController: show(ime())
09-28 20:43:15.941  4504  4504 I ImeTracker: com.negi.survey:5e75d5a9: onCancelled at PHASE_CLIENT_REPORT_REQUESTED_VISIBLE_TYPES
09-28 20:43:15.946  4504  4504 I VRI[MainActivity]@44f699b: handleResized, frames=ClientWindowFrames{frame=[0,0][1080,2340] display=[0,0][1080,2340] parentFrame=[0,0][0,0]} displayId=0 dragResizing=false compatScale=1.0 frameChanged=false attachedFrameChanged=false configChanged=false displayChanged=false compatScaleChanged=false dragResizingChanged=false
09-28 20:43:15.956  4504  4535 D InputTransport: Input channel constructed: 'ClientS', fd=144
09-28 20:43:15.956  4504  4504 I View    : setRequestedFrameRate frameRate=-4.0, this=android.view.View{8bd9c34 V.ED..... ........ 0,0-0,0}, caller=androidx.compose.ui.platform.Api35Impl.setRequestedFrameRate:4047 androidx.compose.ui.platform.AndroidComposeView.dispatchDraw:2282 android.view.View.draw:26758 android.view.View.updateDisplayListIfDirty:25577 android.view.ViewGroup.recreateChildDisplayList:4881 
09-28 20:43:15.989  4504  4504 D WindowOnBackDispatcher: setTopOnBackInvokedCallback (unwrapped): android.view.ImeBackAnimationController@5cda14a
09-28 20:43:16.012  4504  4504 I InsetsController: onStateChanged: host=com.negi.survey/com.negi.survey.MainActivity, from=android.view.ViewRootImpl.onInsetsStateChanged:3038, state=InsetsState: {mDisplayFrame=Rect(0, 0 - 1080, 2340), mDisplayCutout=DisplayCutout{insets=Rect(0, 82 - 0, 0) waterfall=Insets{left=0, top=0, right=0, bottom=0} boundingRect={Bounds=[Rect(0, 0 - 0, 0), Rect(511, 24 - 569, 82), Rect(0, 0 - 0, 0), Rect(0, 0 - 0, 0)]} cutoutPathParserInfo={CutoutPathParserInfo{displayWidth=1080 displayHeight=2340 physicalDisplayWidth=1080 physicalDisplayHeight=2340 density={2.8125} cutoutSpec={M 0,0 M 0, 8.533333333333333 a 10.31111111111111,10.31111111111111 0 1,0 0,20.62222222222222 a 10.31111111111111,10.31111111111111 0 1,0 0,-20.62222222222222 Z @dp} rotation={0} scale={1.0} physicalPixelDisplaySizeRatio={1.0}}} sideOverrides={}}, mRoundedCorners=RoundedCorners{[RoundedCorner{position=TopLeft, radius=113, center=Point(113, 113)}, RoundedCorner{position=TopRight, radius=113, center=Point(967, 113)}, RoundedCorner{position=BottomRight, radius=113, center=Point(967, 2227)}, RoundedCorner{position=BottomLeft, radius=113, center=Point(113, 2227)}]}  mRoundedCornerFrame=Rect(0, 0 - 1080, 2340), mPrivacyIndicatorBounds=PrivacyIndicatorBounds {static bounds=Rect(956, 0 - 1080, 97) rotation=0}, mDisplayShape=DisplayShape{ spec=-311912193 displayWidth=1080 displayHeight=2340 physicalPixelDisplaySizeRatio=1.0 rotation=0 offsetX=0 offsetY=0 scale=1.0}, mSources= { InsetsSource: {dc020001 mType=navigationBars mFrame=[0,2205][1080,2340] mAttachedInsets=null mVisible=true mFlags= mSideHint=BOTTOM mBoundingRects=null}, InsetsSource: {dc020004 mType=systemGestures mFrame=[0,0][0,0] mAttachedInsets=null mVisible=true mFlags= mSideHint=NONE mBoundingRects=null}, InsetsSource: {dc020005 mType=mandatorySystemGestures mFrame=[0,2205][1080,2340] mAttachedInsets=null mVisible=true mFlags= mSideHint=BOTTOM mBoundingRects=null}, InsetsSource: {dc020006 mType=tappableElement mFrame=[0,2205][1080,2340] mAttachedInsets=null mVisible=true mFlags= mSideHint=BOTTOM mBoundingRects=null}, InsetsSource: {dc020024 mType=systemGestures mFrame=[0,0][0,0] mAttachedInsets=null mVisible=true mFlags= mSideHint=NONE mBoundingRects=null}, InsetsSource: {3 mType=ime mFrame=[0,1332][1080,2340] mAttachedInsets=null mVisible=true mFlags= mSideHint=BOTTOM mBoundingRects=null}, InsetsSource: {27 mType=displayCutout mFrame=[0,0][1080,82] mAttachedInsets=null mVisible=true mFlags= mSideHint=TOP mBoundingRects=null}, InsetsSource: {23ca0000 mType=statusBars mFrame=[0,0][1080,97] mAttachedInsets=null mVisible=true mFlags= mSideHint=TOP mBoundingRects=null}, InsetsSource: {23ca0005 mType=mandatorySystemGestures mFrame=[0,0][1080,116] mAttachedInsets=null mVisible=true mFlags= mSideHint=TOP mBoundingRects=null}, InsetsSource: {23ca0006 mType=tappableElement mFrame=[0,0][1080,97] mAttachedInsets=null mVisible=true mFlags= mSideHint=TOP mBoundingRects=null} }
09-28 20:43:16.012  4504  4504 I VRI[MainActivity]@44f699b: handleResized, frames=ClientWindowFrames{frame=[0,0][1080,2340] display=[0,0][1080,2340] parentFrame=[0,0][0,0]} displayId=0 dragResizing=false compatScale=1.0 frameChanged=false attachedFrameChanged=false configChanged=false displayChanged=false compatScaleChanged=false dragResizingChanged=false
09-28 20:43:16.020  4504  4504 I InsetsController: onStateChanged: host=com.negi.survey/com.negi.survey.MainActivity, from=android.view.ViewRootImpl.onInsetsStateChanged:3038, state=InsetsState: {mDisplayFrame=Rect(0, 0 - 1080, 2340), mDisplayCutout=DisplayCutout{insets=Rect(0, 82 - 0, 0) waterfall=Insets{left=0, top=0, right=0, bottom=0} boundingRect={Bounds=[Rect(0, 0 - 0, 0), Rect(511, 24 - 569, 82), Rect(0, 0 - 0, 0), Rect(0, 0 - 0, 0)]} cutoutPathParserInfo={CutoutPathParserInfo{displayWidth=1080 displayHeight=2340 physicalDisplayWidth=1080 physicalDisplayHeight=2340 density={2.8125} cutoutSpec={M 0,0 M 0, 8.533333333333333 a 10.31111111111111,10.31111111111111 0 1,0 0,20.62222222222222 a 10.31111111111111,10.31111111111111 0 1,0 0,-20.62222222222222 Z @dp} rotation={0} scale={1.0} physicalPixelDisplaySizeRatio={1.0}}} sideOverrides={}}, mRoundedCorners=RoundedCorners{[RoundedCorner{position=TopLeft, radius=113, center=Point(113, 113)}, RoundedCorner{position=TopRight, radius=113, center=Point(967, 113)}, RoundedCorner{position=BottomRight, radius=113, center=Point(967, 2227)}, RoundedCorner{position=BottomLeft, radius=113, center=Point(113, 2227)}]}  mRoundedCornerFrame=Rect(0, 0 - 1080, 2340), mPrivacyIndicatorBounds=PrivacyIndicatorBounds {static bounds=Rect(956, 0 - 1080, 97) rotation=0}, mDisplayShape=DisplayShape{ spec=-311912193 displayWidth=1080 displayHeight=2340 physicalPixelDisplaySizeRatio=1.0 rotation=0 offsetX=0 offsetY=0 scale=1.0}, mSources= { InsetsSource: {dc020001 mType=navigationBars mFrame=[0,2205][1080,2340] mAttachedInsets=null mVisible=true mFlags= mSideHint=BOTTOM mBoundingRects=null}, InsetsSource: {dc020004 mType=systemGestures mFrame=[0,0][0,0] mAttachedInsets=null mVisible=true mFlags= mSideHint=NONE mBoundingRects=null}, InsetsSource: {dc020005 mType=mandatorySystemGestures mFrame=[0,2205][1080,2340] mAttachedInsets=null mVisible=true mFlags= mSideHint=BOTTOM mBoundingRects=null}, InsetsSource: {dc020006 mType=tappableElement mFrame=[0,2205][1080,2340] mAttachedInsets=null mVisible=true mFlags= mSideHint=BOTTOM mBoundingRects=null}, InsetsSource: {dc020024 mType=systemGestures mFrame=[0,0][0,0] mAttachedInsets=null mVisible=true mFlags= mSideHint=NONE mBoundingRects=null}, InsetsSource: {3 mType=ime mFrame=[0,1332][1080,2340] mAttachedInsets=null mVisible=true mFlags= mSideHint=BOTTOM mBoundingRects=null}, InsetsSource: {27 mType=displayCutout mFrame=[0,0][1080,82] mAttachedInsets=null mVisible=true mFlags= mSideHint=TOP mBoundingRects=null}, InsetsSource: {23ca0000 mType=statusBars mFrame=[0,0][1080,97] mAttachedInsets=null mVisible=true mFlags= mSideHint=TOP mBoundingRects=null}, InsetsSource: {23ca0005 mType=mandatorySystemGestures mFrame=[0,0][1080,116] mAttachedInsets=null mVisible=true mFlags= mSideHint=TOP mBoundingRects=null}, InsetsSource: {23ca0006 mType=tappableElement mFrame=[0,0][1080,97] mAttachedInsets=null mVisible=true mFlags= mSideHint=TOP mBoundingRects=null} }
09-28 20:43:16.024  4504  4504 D VRI[MainActivity]@44f699b: WindowInsets changed: ime:[0,0,0,1008] 
09-28 20:43:16.024  4504  4504 I BLASTBufferQueue_Java: update, w= 1080 h= 2340 mName = VRI[MainActivity]@44f699b mNativeObject= 0xb400007887fffde0 sc.mNativeObject= 0xb40000793823e410 format= -1 caller= android.view.ViewRootImpl.updateBlastSurfaceIfNeeded:3592 android.view.ViewRootImpl.relayoutWindow:11813 android.view.ViewRootImpl.performTraversals:4840 android.view.ViewRootImpl.doTraversal:3959 android.view.ViewRootImpl$TraversalRunnable.run:13034 android.view.Choreographer$CallbackRecord.run:1961 
09-28 20:43:16.024  4504  4504 I VRI[MainActivity]@44f699b: Relayout returned: old=(0,0,1080,2340) new=(0,0,1080,2340) relayoutAsync=true req=(1080,2340)0 dur=0 res=0x0 s={true 0xb4000078c7fe6b70} ch=false seqId=0
09-28 20:43:16.026  4504  4504 I VRI[MainActivity]@44f699b: registerCallbackForPendingTransactions
09-28 20:43:16.029  4504  4930 I VRI[MainActivity]@44f699b: mWNT: t=0xb4000078d8765880 mBlastBufferQueue=0xb400007887fffde0 fn= 916 HdrRenderState mRenderHdrSdrRatio=1.0 caller= android.view.SyncRtSurfaceTransactionApplier.applyTransaction:102 android.view.SyncRtSurfaceTransactionApplier.lambda$scheduleApply$0:75 android.view.SyncRtSurfaceTransactionApplier.$r8$lambda$afI4fXg3U3-nBZQEDQMiNy-B06s:0 
09-28 20:43:16.029  4504  4930 I VRI[MainActivity]@44f699b: mWNT: t=0xb4000078d878d470 mBlastBufferQueue=0xb400007887fffde0 fn= 916 HdrRenderState mRenderHdrSdrRatio=1.0 caller= android.view.ViewRootImpl$10.onFrameDraw:6615 android.view.ViewRootImpl$4.onFrameDraw:2485 android.view.ThreadedRenderer$1.onFrameDraw:751 
09-28 20:43:16.036  4504  4931 I VRI[MainActivity]@44f699b: mWNT: t=0xb4000078d8735fb0 mBlastBufferQueue=0xb400007887fffde0 fn= 917 HdrRenderState mRenderHdrSdrRatio=1.0 caller= android.view.SyncRtSurfaceTransactionApplier.applyTransaction:102 android.view.SyncRtSurfaceTransactionApplier.lambda$scheduleApply$0:75 android.view.SyncRtSurfaceTransactionApplier.$r8$lambda$afI4fXg3U3-nBZQEDQMiNy-B06s:0 
09-28 20:43:16.046  4504  4930 I VRI[MainActivity]@44f699b: mWNT: t=0xb4000078d8735fb0 mBlastBufferQueue=0xb400007887fffde0 fn= 918 HdrRenderState mRenderHdrSdrRatio=1.0 caller= android.view.SyncRtSurfaceTransactionApplier.applyTransaction:102 android.view.SyncRtSurfaceTransactionApplier.lambda$scheduleApply$0:75 android.view.SyncRtSurfaceTransactionApplier.$r8$lambda$afI4fXg3U3-nBZQEDQMiNy-B06s:0 
09-28 20:43:16.054  4504  4931 I VRI[MainActivity]@44f699b: mWNT: t=0xb4000078d8753e60 mBlastBufferQueue=0xb400007887fffde0 fn= 919 HdrRenderState mRenderHdrSdrRatio=1.0 caller= android.view.SyncRtSurfaceTransactionApplier.applyTransaction:102 android.view.SyncRtSurfaceTransactionApplier.lambda$scheduleApply$0:75 android.view.SyncRtSurfaceTransactionApplier.$r8$lambda$afI4fXg3U3-nBZQEDQMiNy-B06s:0 
09-28 20:43:16.064  4504  4930 I VRI[MainActivity]@44f699b: mWNT: t=0xb4000078d8753e60 mBlastBufferQueue=0xb400007887fffde0 fn= 920 HdrRenderState mRenderHdrSdrRatio=1.0 caller= android.view.SyncRtSurfaceTransactionApplier.applyTransaction:102 android.view.SyncRtSurfaceTransactionApplier.lambda$scheduleApply$0:75 android.view.SyncRtSurfaceTransactionApplier.$r8$lambda$afI4fXg3U3-nBZQEDQMiNy-B06s:0 
09-28 20:43:16.071  4504  4931 I VRI[MainActivity]@44f699b: mWNT: t=0xb4000078d8726f30 mBlastBufferQueue=0xb400007887fffde0 fn= 921 HdrRenderState mRenderHdrSdrRatio=1.0 caller= android.view.SyncRtSurfaceTransactionApplier.applyTransaction:102 android.view.SyncRtSurfaceTransactionApplier.lambda$scheduleApply$0:75 android.view.SyncRtSurfaceTransactionApplier.$r8$lambda$afI4fXg3U3-nBZQEDQMiNy-B06s:0 
09-28 20:43:16.079  4504  4930 I VRI[MainActivity]@44f699b: mWNT: t=0xb4000078d8726f30 mBlastBufferQueue=0xb400007887fffde0 fn= 922 HdrRenderState mRenderHdrSdrRatio=1.0 caller= android.view.SyncRtSurfaceTransactionApplier.applyTransaction:102 android.view.SyncRtSurfaceTransactionApplier.lambda$scheduleApply$0:75 android.view.SyncRtSurfaceTransactionApplier.$r8$lambda$afI4fXg3U3-nBZQEDQMiNy-B06s:0 
09-28 20:43:16.086  4504  4931 I VRI[MainActivity]@44f699b: mWNT: t=0xb4000078d86bd960 mBlastBufferQueue=0xb400007887fffde0 fn= 923 HdrRenderState mRenderHdrSdrRatio=1.0 caller= android.view.SyncRtSurfaceTransactionApplier.applyTransaction:102 android.view.SyncRtSurfaceTransactionApplier.lambda$scheduleApply$0:75 android.view.SyncRtSurfaceTransactionApplier.$r8$lambda$afI4fXg3U3-nBZQEDQMiNy-B06s:0 
09-28 20:43:16.095  4504  4930 I VRI[MainActivity]@44f699b: mWNT: t=0xb4000078d86bd960 mBlastBufferQueue=0xb400007887fffde0 fn= 924 HdrRenderState mRenderHdrSdrRatio=1.0 caller= android.view.SyncRtSurfaceTransactionApplier.applyTransaction:102 android.view.SyncRtSurfaceTransactionApplier.lambda$scheduleApply$0:75 android.view.SyncRtSurfaceTransactionApplier.$r8$lambda$afI4fXg3U3-nBZQEDQMiNy-B06s:0 
09-28 20:43:16.103  4504  4931 I VRI[MainActivity]@44f699b: mWNT: t=0xb4000078d87a4420 mBlastBufferQueue=0xb400007887fffde0 fn= 925 HdrRenderState mRenderHdrSdrRatio=1.0 caller= android.view.SyncRtSurfaceTransactionApplier.applyTransaction:102 android.view.SyncRtSurfaceTransactionApplier.lambda$scheduleApply$0:75 android.view.SyncRtSurfaceTransactionApplier.$r8$lambda$afI4fXg3U3-nBZQEDQMiNy-B06s:0 
09-28 20:43:16.110  4504  4930 I VRI[MainActivity]@44f699b: mWNT: t=0xb4000078d87a4420 mBlastBufferQueue=0xb400007887fffde0 fn= 926 HdrRenderState mRenderHdrSdrRatio=1.0 caller= android.view.SyncRtSurfaceTransactionApplier.applyTransaction:102 android.view.SyncRtSurfaceTransactionApplier.lambda$scheduleApply$0:75 android.view.SyncRtSurfaceTransactionApplier.$r8$lambda$afI4fXg3U3-nBZQEDQMiNy-B06s:0 
09-28 20:43:16.117  4504  4931 I VRI[MainActivity]@44f699b: mWNT: t=0xb4000078d872fc40 mBlastBufferQueue=0xb400007887fffde0 fn= 927 HdrRenderState mRenderHdrSdrRatio=1.0 caller= android.view.SyncRtSurfaceTransactionApplier.applyTransaction:102 android.view.SyncRtSurfaceTransactionApplier.lambda$scheduleApply$0:75 android.view.SyncRtSurfaceTransactionApplier.$r8$lambda$afI4fXg3U3-nBZQEDQMiNy-B06s:0 
09-28 20:43:16.125  4504  4930 I VRI[MainActivity]@44f699b: mWNT: t=0xb4000078d872fc40 mBlastBufferQueue=0xb400007887fffde0 fn= 928 HdrRenderState mRenderHdrSdrRatio=1.0 caller= android.view.SyncRtSurfaceTransactionApplier.applyTransaction:102 android.view.SyncRtSurfaceTransactionApplier.lambda$scheduleApply$0:75 android.view.SyncRtSurfaceTransactionApplier.$r8$lambda$afI4fXg3U3-nBZQEDQMiNy-B06s:0 
09-28 20:43:16.134  4504  4931 I VRI[MainActivity]@44f699b: mWNT: t=0xb4000078d80ace30 mBlastBufferQueue=0xb400007887fffde0 fn= 929 HdrRenderState mRenderHdrSdrRatio=1.0 caller= android.view.SyncRtSurfaceTransactionApplier.applyTransaction:102 android.view.SyncRtSurfaceTransactionApplier.lambda$scheduleApply$0:75 android.view.SyncRtSurfaceTransactionApplier.$r8$lambda$afI4fXg3U3-nBZQEDQMiNy-B06s:0 
09-28 20:43:16.150  4504  4930 I VRI[MainActivity]@44f699b: mWNT: t=0xb4000078d80ace30 mBlastBufferQueue=0xb400007887fffde0 fn= 930 HdrRenderState mRenderHdrSdrRatio=1.0 caller= android.view.SyncRtSurfaceTransactionApplier.applyTransaction:102 android.view.SyncRtSurfaceTransactionApplier.lambda$scheduleApply$0:75 android.view.SyncRtSurfaceTransactionApplier.$r8$lambda$afI4fXg3U3-nBZQEDQMiNy-B06s:0 
09-28 20:43:16.153  4504  4554 I com.negi.survey: Explicit concurrent mark compact GC freed 1704KB AllocSpace bytes, 1(20KB) LOS objects, 77% free, 7065KB/30MB, paused 411us,1.664ms total 26.640ms
09-28 20:43:16.163  4504  4525 D InputTransport: Input channel destroyed: 'ClientS', fd=144
09-28 20:43:16.166  4504  4931 I VRI[MainActivity]@44f699b: mWNT: t=0xb4000078d87ba840 mBlastBufferQueue=0xb400007887fffde0 fn= 931 HdrRenderState mRenderHdrSdrRatio=1.0 caller= android.view.SyncRtSurfaceTransactionApplier.applyTransaction:102 android.view.SyncRtSurfaceTransactionApplier.lambda$scheduleApply$0:75 android.view.SyncRtSurfaceTransactionApplier.$r8$lambda$afI4fXg3U3-nBZQEDQMiNy-B06s:0 
09-28 20:43:16.170  4504  4930 I VRI[MainActivity]@44f699b: mWNT: t=0xb4000078d87ba840 mBlastBufferQueue=0xb400007887fffde0 fn= 932 HdrRenderState mRenderHdrSdrRatio=1.0 caller= android.view.SyncRtSurfaceTransactionApplier.applyTransaction:102 android.view.SyncRtSurfaceTransactionApplier.lambda$scheduleApply$0:75 android.view.SyncRtSurfaceTransactionApplier.$r8$lambda$afI4fXg3U3-nBZQEDQMiNy-B06s:0 
09-28 20:43:16.176  4504  4931 I VRI[MainActivity]@44f699b: mWNT: t=0xb4000078d87ba150 mBlastBufferQueue=0xb400007887fffde0 fn= 933 HdrRenderState mRenderHdrSdrRatio=1.0 caller= android.view.SyncRtSurfaceTransactionApplier.applyTransaction:102 android.view.SyncRtSurfaceTransactionApplier.lambda$scheduleApply$0:75 android.view.SyncRtSurfaceTransactionApplier.$r8$lambda$afI4fXg3U3-nBZQEDQMiNy-B06s:0 
09-28 20:43:16.186  4504  4930 I VRI[MainActivity]@44f699b: mWNT: t=0xb4000078d87ba150 mBlastBufferQueue=0xb400007887fffde0 fn= 934 HdrRenderState mRenderHdrSdrRatio=1.0 caller= android.view.SyncRtSurfaceTransactionApplier.applyTransaction:102 android.view.SyncRtSurfaceTransactionApplier.lambda$scheduleApply$0:75 android.view.SyncRtSurfaceTransactionApplier.$r8$lambda$afI4fXg3U3-nBZQEDQMiNy-B06s:0 
09-28 20:43:16.192  4504  4931 I VRI[MainActivity]@44f699b: mWNT: t=0xb4000078d8758f50 mBlastBufferQueue=0xb400007887fffde0 fn= 935 HdrRenderState mRenderHdrSdrRatio=1.0 caller= android.view.SyncRtSurfaceTransactionApplier.applyTransaction:102 android.view.SyncRtSurfaceTransactionApplier.lambda$scheduleApply$0:75 android.view.SyncRtSurfaceTransactionApplier.$r8$lambda$afI4fXg3U3-nBZQEDQMiNy-B06s:0 
09-28 20:43:16.201  4504  4930 I VRI[MainActivity]@44f699b: mWNT: t=0xb4000078d8758f50 mBlastBufferQueue=0xb400007887fffde0 fn= 936 HdrRenderState mRenderHdrSdrRatio=1.0 caller= android.view.SyncRtSurfaceTransactionApplier.applyTransaction:102 android.view.SyncRtSurfaceTransactionApplier.lambda$scheduleApply$0:75 android.view.SyncRtSurfaceTransactionApplier.$r8$lambda$afI4fXg3U3-nBZQEDQMiNy-B06s:0 
09-28 20:43:16.209  4504  4931 I VRI[MainActivity]@44f699b: mWNT: t=0xb4000078d86c4610 mBlastBufferQueue=0xb400007887fffde0 fn= 937 HdrRenderState mRenderHdrSdrRatio=1.0 caller= android.view.SyncRtSurfaceTransactionApplier.applyTransaction:102 android.view.SyncRtSurfaceTransactionApplier.lambda$scheduleApply$0:75 android.view.SyncRtSurfaceTransactionApplier.$r8$lambda$afI4fXg3U3-nBZQEDQMiNy-B06s:0 
09-28 20:43:16.218  4504  4930 I VRI[MainActivity]@44f699b: mWNT: t=0xb4000078d86c4610 mBlastBufferQueue=0xb400007887fffde0 fn= 938 HdrRenderState mRenderHdrSdrRatio=1.0 caller= android.view.SyncRtSurfaceTransactionApplier.applyTransaction:102 android.view.SyncRtSurfaceTransactionApplier.lambda$scheduleApply$0:75 android.view.SyncRtSurfaceTransactionApplier.$r8$lambda$afI4fXg3U3-nBZQEDQMiNy-B06s:0 
09-28 20:43:16.226  4504  4931 I VRI[MainActivity]@44f699b: mWNT: t=0xb4000078d876c530 mBlastBufferQueue=0xb400007887fffde0 fn= 939 HdrRenderState mRenderHdrSdrRatio=1.0 caller= android.view.SyncRtSurfaceTransactionApplier.applyTransaction:102 android.view.SyncRtSurfaceTransactionApplier.lambda$scheduleApply$0:75 android.view.SyncRtSurfaceTransactionApplier.$r8$lambda$afI4fXg3U3-nBZQEDQMiNy-B06s:0 
09-28 20:43:16.235  4504  4930 I VRI[MainActivity]@44f699b: mWNT: t=0xb4000078d876c530 mBlastBufferQueue=0xb400007887fffde0 fn= 940 HdrRenderState mRenderHdrSdrRatio=1.0 caller= android.view.SyncRtSurfaceTransactionApplier.applyTransaction:102 android.view.SyncRtSurfaceTransactionApplier.lambda$scheduleApply$0:75 android.view.SyncRtSurfaceTransactionApplier.$r8$lambda$afI4fXg3U3-nBZQEDQMiNy-B06s:0 
09-28 20:43:16.243  4504  4931 I VRI[MainActivity]@44f699b: mWNT: t=0xb4000078d8010370 mBlastBufferQueue=0xb400007887fffde0 fn= 941 HdrRenderState mRenderHdrSdrRatio=1.0 caller= android.view.SyncRtSurfaceTransactionApplier.applyTransaction:102 android.view.SyncRtSurfaceTransactionApplier.lambda$scheduleApply$0:75 android.view.SyncRtSurfaceTransactionApplier.$r8$lambda$afI4fXg3U3-nBZQEDQMiNy-B06s:0 
09-28 20:43:16.252  4504  4930 I VRI[MainActivity]@44f699b: mWNT: t=0xb4000078d8010370 mBlastBufferQueue=0xb400007887fffde0 fn= 942 HdrRenderState mRenderHdrSdrRatio=1.0 caller= android.view.SyncRtSurfaceTransactionApplier.applyTransaction:102 android.view.SyncRtSurfaceTransactionApplier.lambda$scheduleApply$0:75 android.view.SyncRtSurfaceTransactionApplier.$r8$lambda$afI4fXg3U3-nBZQEDQMiNy-B06s:0 
09-28 20:43:16.260  4504  4931 I VRI[MainActivity]@44f699b: mWNT: t=0xb4000078d8762c90 mBlastBufferQueue=0xb400007887fffde0 fn= 943 HdrRenderState mRenderHdrSdrRatio=1.0 caller= android.view.SyncRtSurfaceTransactionApplier.applyTransaction:102 android.view.SyncRtSurfaceTransactionApplier.lambda$scheduleApply$0:75 android.view.SyncRtSurfaceTransactionApplier.$r8$lambda$afI4fXg3U3-nBZQEDQMiNy-B06s:0 
09-28 20:43:16.268  4504  4930 I VRI[MainActivity]@44f699b: mWNT: t=0xb4000078d8762c90 mBlastBufferQueue=0xb400007887fffde0 fn= 944 HdrRenderState mRenderHdrSdrRatio=1.0 caller= android.view.SyncRtSurfaceTransactionApplier.applyTransaction:102 android.view.SyncRtSurfaceTransactionApplier.lambda$scheduleApply$0:75 android.view.SyncRtSurfaceTransactionApplier.$r8$lambda$afI4fXg3U3-nBZQEDQMiNy-B06s:0 
09-28 20:43:16.277  4504  4931 I VRI[MainActivity]@44f699b: mWNT: t=0xb4000078d85f41c0 mBlastBufferQueue=0xb400007887fffde0 fn= 945 HdrRenderState mRenderHdrSdrRatio=1.0 caller= android.view.SyncRtSurfaceTransactionApplier.applyTransaction:102 android.view.SyncRtSurfaceTransactionApplier.lambda$scheduleApply$0:75 android.view.SyncRtSurfaceTransactionApplier.$r8$lambda$afI4fXg3U3-nBZQEDQMiNy-B06s:0 
09-28 20:43:16.284  4504  4930 I VRI[MainActivity]@44f699b: mWNT: t=0xb4000078d85f41c0 mBlastBufferQueue=0xb400007887fffde0 fn= 946 HdrRenderState mRenderHdrSdrRatio=1.0 caller= android.view.SyncRtSurfaceTransactionApplier.applyTransaction:102 android.view.SyncRtSurfaceTransactionApplier.lambda$scheduleApply$0:75 android.view.SyncRtSurfaceTransactionApplier.$r8$lambda$afI4fXg3U3-nBZQEDQMiNy-B06s:0 
09-28 20:43:16.293  4504  4931 I VRI[MainActivity]@44f699b: mWNT: t=0xb4000078d87bbf60 mBlastBufferQueue=0xb400007887fffde0 fn= 947 HdrRenderState mRenderHdrSdrRatio=1.0 caller= android.view.SyncRtSurfaceTransactionApplier.applyTransaction:102 android.view.SyncRtSurfaceTransactionApplier.lambda$scheduleApply$0:75 android.view.SyncRtSurfaceTransactionApplier.$r8$lambda$afI4fXg3U3-nBZQEDQMiNy-B06s:0 
09-28 20:43:16.302  4504  4930 I VRI[MainActivity]@44f699b: mWNT: t=0xb4000078d87bbf60 mBlastBufferQueue=0xb400007887fffde0 fn= 948 HdrRenderState mRenderHdrSdrRatio=1.0 caller= android.view.SyncRtSurfaceTransactionApplier.applyTransaction:102 android.view.SyncRtSurfaceTransactionApplier.lambda$scheduleApply$0:75 android.view.SyncRtSurfaceTransactionApplier.$r8$lambda$afI4fXg3U3-nBZQEDQMiNy-B06s:0 
09-28 20:43:16.310  4504  4931 I VRI[MainActivity]@44f699b: mWNT: t=0xb4000078d87dabf0 mBlastBufferQueue=0xb400007887fffde0 fn= 949 HdrRenderState mRenderHdrSdrRatio=1.0 caller= android.view.SyncRtSurfaceTransactionApplier.applyTransaction:102 android.view.SyncRtSurfaceTransactionApplier.lambda$scheduleApply$0:75 android.view.SyncRtSurfaceTransactionApplier.$r8$lambda$afI4fXg3U3-nBZQEDQMiNy-B06s:0 
09-28 20:43:16.318  4504  4930 I VRI[MainActivity]@44f699b: mWNT: t=0xb4000078d87dabf0 mBlastBufferQueue=0xb400007887fffde0 fn= 950 HdrRenderState mRenderHdrSdrRatio=1.0 caller= android.view.SyncRtSurfaceTransactionApplier.applyTransaction:102 android.view.SyncRtSurfaceTransactionApplier.lambda$scheduleApply$0:75 android.view.SyncRtSurfaceTransactionApplier.$r8$lambda$afI4fXg3U3-nBZQEDQMiNy-B06s:0 
09-28 20:43:16.327  4504  4931 I VRI[MainActivity]@44f699b: mWNT: t=0xb4000078d8727870 mBlastBufferQueue=0xb400007887fffde0 fn= 951 HdrRenderState mRenderHdrSdrRatio=1.0 caller= android.view.SyncRtSurfaceTransactionApplier.applyTransaction:102 android.view.SyncRtSurfaceTransactionApplier.lambda$scheduleApply$0:75 android.view.SyncRtSurfaceTransactionApplier.$r8$lambda$afI4fXg3U3-nBZQEDQMiNy-B06s:0 
09-28 20:43:16.336  4504  4930 I VRI[MainActivity]@44f699b: mWNT: t=0xb4000078d8727870 mBlastBufferQueue=0xb400007887fffde0 fn= 952 HdrRenderState mRenderHdrSdrRatio=1.0 caller= android.view.SyncRtSurfaceTransactionApplier.applyTransaction:102 android.view.SyncRtSurfaceTransactionApplier.lambda$scheduleApply$0:75 android.view.SyncRtSurfaceTransactionApplier.$r8$lambda$afI4fXg3U3-nBZQEDQMiNy-B06s:0 
09-28 20:43:16.343  4504  4931 I VRI[MainActivity]@44f699b: mWNT: t=0xb4000078d8745280 mBlastBufferQueue=0xb400007887fffde0 fn= 953 HdrRenderState mRenderHdrSdrRatio=1.0 caller= android.view.SyncRtSurfaceTransactionApplier.applyTransaction:102 android.view.SyncRtSurfaceTransactionApplier.lambda$scheduleApply$0:75 android.view.SyncRtSurfaceTransactionApplier.$r8$lambda$afI4fXg3U3-nBZQEDQMiNy-B06s:0 
09-28 20:43:16.351  4504  4930 I VRI[MainActivity]@44f699b: mWNT: t=0xb4000078d8745280 mBlastBufferQueue=0xb400007887fffde0 fn= 954 HdrRenderState mRenderHdrSdrRatio=1.0 caller= android.view.SyncRtSurfaceTransactionApplier.applyTransaction:102 android.view.SyncRtSurfaceTransactionApplier.lambda$scheduleApply$0:75 android.view.SyncRtSurfaceTransactionApplier.$r8$lambda$afI4fXg3U3-nBZQEDQMiNy-B06s:0 
09-28 20:43:16.360  4504  4931 I VRI[MainActivity]@44f699b: mWNT: t=0xb4000078d7fe3b30 mBlastBufferQueue=0xb400007887fffde0 fn= 955 HdrRenderState mRenderHdrSdrRatio=1.0 caller= android.view.SyncRtSurfaceTransactionApplier.applyTransaction:102 android.view.SyncRtSurfaceTransactionApplier.lambda$scheduleApply$0:75 android.view.SyncRtSurfaceTransactionApplier.$r8$lambda$afI4fXg3U3-nBZQEDQMiNy-B06s:0 
09-28 20:43:16.364  4504  4930 I VRI[MainActivity]@44f699b: mWNT: t=0xb4000078d7fe3b30 mBlastBufferQueue=0xb400007887fffde0 fn= 956 HdrRenderState mRenderHdrSdrRatio=1.0 caller= android.view.SyncRtSurfaceTransactionApplier.applyTransaction:102 android.view.SyncRtSurfaceTransactionApplier.lambda$scheduleApply$0:75 android.view.SyncRtSurfaceTransactionApplier.$r8$lambda$afI4fXg3U3-nBZQEDQMiNy-B06s:0 
09-28 20:43:16.381  4504  4931 I VRI[MainActivity]@44f699b: mWNT: t=0xb4000078d8760790 mBlastBufferQueue=0xb400007887fffde0 fn= 957 HdrRenderState mRenderHdrSdrRatio=1.0 caller= android.view.SyncRtSurfaceTransactionApplier.applyTransaction:102 android.view.SyncRtSurfaceTransactionApplier.lambda$scheduleApply$0:75 android.view.SyncRtSurfaceTransactionApplier.$r8$lambda$afI4fXg3U3-nBZQEDQMiNy-B06s:0 
09-28 20:43:16.382  4504  4504 I ImeTracker: com.negi.survey:6c291abd: onShown
09-28 20:43:16.387  4504  4930 I VRI[MainActivity]@44f699b: mWNT: t=0xb4000078d8760790 mBlastBufferQueue=0xb400007887fffde0 fn= 958 HdrRenderState mRenderHdrSdrRatio=1.0 caller= android.view.SyncRtSurfaceTransactionApplier.applyTransaction:102 android.view.SyncRtSurfaceTransactionApplier.lambda$scheduleApply$0:75 android.view.SyncRtSurfaceTransactionApplier.$r8$lambda$afI4fXg3U3-nBZQEDQMiNy-B06s:0 
09-28 20:43:16.448  4504  4504 I View    : setRequestedFrameRate frameRate=NaN, this=android.view.View{8bd9c34 V.ED..... ........ 0,0-0,0}, caller=androidx.compose.ui.platform.Api35Impl.setRequestedFrameRate:4047 androidx.compose.ui.platform.AndroidComposeView.dispatchDraw:2282 android.view.View.draw:26758 android.view.View.updateDisplayListIfDirty:25577 android.view.ViewGroup.recreateChildDisplayList:4881 
09-28 20:43:16.939  4504  4504 I VRI[MainActivity]@44f699b: ViewPostIme key 0
09-28 20:43:16.942  4504  4504 I VRI[MainActivity]@44f699b: ViewPostIme key 1
09-28 20:43:17.196  4504  4504 I VRI[MainActivity]@44f699b: ViewPostIme key 0
09-28 20:43:17.197  4504  4504 I VRI[MainActivity]@44f699b: ViewPostIme key 1
09-28 20:43:17.360  4504  4535 I com.negi.survey: Explicit concurrent mark compact GC freed 1208KB AllocSpace bytes, 1(20KB) LOS objects, 77% free, 6953KB/30MB, paused 166us,1.844ms total 38.641ms
09-28 20:43:18.052  4504  4504 I VRI[MainActivity]@44f699b: ViewPostIme pointer 0
09-28 20:43:18.128  4504  4504 I VRI[MainActivity]@44f699b: ViewPostIme pointer 1
09-28 20:43:18.132  4504  4504 D SurveyVM: push -> Q7, navSize=10, stackSize=10
09-28 20:43:18.148  4504  4504 D InputMethodManagerUtils: startInputInner - Id : 0
09-28 20:43:18.148  4504  4504 I InputMethodManager: startInputInner - IInputMethodManagerGlobalInvoker.startInputOrWindowGainedFocus
09-28 20:43:18.158  4504  4535 D InputTransport: Input channel constructed: 'ClientS', fd=141
09-28 20:43:18.166  4504  4504 I View    : setRequestedFrameRate frameRate=-4.0, this=android.view.View{8bd9c34 V.ED..... ........ 0,0-0,0}, caller=androidx.compose.ui.platform.Api35Impl.setRequestedFrameRate:4047 androidx.compose.ui.platform.AndroidComposeView.dispatchDraw:2282 android.view.View.draw:26758 android.view.View.updateDisplayListIfDirty:25577 android.view.ViewGroup.recreateChildDisplayList:4881 
09-28 20:43:18.167  4504  4504 D WhisperSpeechController: updateContext: surveyId=a13934c8-a636-4c7b-a1e5-795c84bfb9c9, questionId=Q7
09-28 20:43:18.176  4504  4504 D SurveyVM: hasTwoStepPrompt[Q7] -> true (eval=248, fu=273)
09-28 20:43:18.236  4504  4504 D WhisperSpeechController: updateContext: surveyId=a13934c8-a636-4c7b-a1e5-795c84bfb9c9, questionId=Q7
09-28 20:43:18.256  4504  4504 I View    : setRequestedFrameRate frameRate=NaN, this=android.view.View{8bd9c34 V.ED..... ........ 0,0-0,0}, caller=androidx.compose.ui.platform.Api35Impl.setRequestedFrameRate:4047 androidx.compose.ui.platform.AndroidComposeView.dispatchDraw:2282 android.view.View.draw:26758 android.view.View.updateDisplayListIfDirty:25577 android.view.ViewGroup.recreateChildDisplayList:4881 
09-28 20:43:18.283  4504  4504 D InputMethodManagerUtils: startInputInner - Id : 0
09-28 20:43:18.283  4504  4504 I InputMethodManager: startInputInner - IInputMethodManagerGlobalInvoker.startInputOrWindowGainedFocus
09-28 20:43:18.283  4504  4504 D InsetsController: show(ime())
09-28 20:43:18.283  4504  4504 I ImeTracker: com.negi.survey:96102e57: onRequestShow at ORIGIN_CLIENT reason SHOW_SOFT_INPUT_BY_INSETS_API fromUser false
09-28 20:43:18.283  4504  4504 I ImeTracker: com.negi.survey:96102e57: onCancelled at PHASE_CLIENT_APPLY_ANIMATION
09-28 20:43:18.285  4504  4554 D InputTransport: Input channel constructed: 'ClientS', fd=140
09-28 20:43:18.294  4504  4504 I AssistStructure: Flattened final assist data: 672 bytes, containing 1 windows, 4 views
09-28 20:43:18.294  4504  4504 I InputMethodManager_LC: showSoftInput(View,I)
09-28 20:43:18.294  4504  4504 I ImeTracker: com.negi.survey:2926f748: onRequestShow at ORIGIN_CLIENT reason SHOW_SOFT_INPUT fromUser false
09-28 20:43:18.294  4504  4504 I InputMethodManager_LC: ssi(): flags=0 view=com.negi.survey reason=SHOW_SOFT_INPUT
09-28 20:43:18.294  4504  4504 I InputMethodManager_LC: ssi() view is not EditText
09-28 20:43:18.294  4504  4504 D InsetsController: show(ime())
09-28 20:43:18.295  4504  4504 I ImeTracker: com.negi.survey:2926f748: onCancelled at PHASE_CLIENT_APPLY_ANIMATION
09-28 20:43:18.306  4504  4504 I View    : setRequestedFrameRate frameRate=-4.0, this=android.view.View{8bd9c34 V.ED..... ........ 0,0-0,0}, caller=androidx.compose.ui.platform.Api35Impl.setRequestedFrameRate:4047 androidx.compose.ui.platform.AndroidComposeView.dispatchDraw:2282 android.view.View.draw:26758 android.view.View.updateDisplayListIfDirty:25577 android.view.ViewGroup.recreateChildDisplayList:4881 
09-28 20:43:18.418  4504  4504 I View    : setRequestedFrameRate frameRate=NaN, this=android.view.View{8bd9c34 V.ED..... ........ 0,0-0,0}, caller=androidx.compose.ui.platform.Api35Impl.setRequestedFrameRate:4047 androidx.compose.ui.platform.AndroidComposeView.dispatchDraw:2282 android.view.View.draw:26758 android.view.View.updateDisplayListIfDirty:25577 android.view.ViewGroup.recreateChildDisplayList:4881 
09-28 20:43:18.426  4504  4504 I View    : setRequestedFrameRate frameRate=-4.0, this=android.view.View{8bd9c34 V.ED..... ........ 0,0-0,0}, caller=androidx.compose.ui.platform.Api35Impl.setRequestedFrameRate:4047 androidx.compose.ui.platform.AndroidComposeView.dispatchDraw:2282 android.view.View.draw:26758 android.view.View.updateDisplayListIfDirty:25577 android.view.ViewGroup.recreateChildDisplayList:4881 
09-28 20:43:18.434  4504  4504 I View    : setRequestedFrameRate frameRate=NaN, this=android.view.View{8bd9c34 V.ED..... ........ 0,0-0,0}, caller=androidx.compose.ui.platform.Api35Impl.setRequestedFrameRate:4047 androidx.compose.ui.platform.AndroidComposeView.dispatchDraw:2282 android.view.View.draw:26758 android.view.View.updateDisplayListIfDirty:25577 android.view.ViewGroup.recreateChildDisplayList:4881 
09-28 20:43:18.443  4504  4504 I View    : setRequestedFrameRate frameRate=-4.0, this=android.view.View{8bd9c34 V.ED..... ........ 0,0-0,0}, caller=androidx.compose.ui.platform.Api35Impl.setRequestedFrameRate:4047 androidx.compose.ui.platform.AndroidComposeView.dispatchDraw:2282 android.view.View.draw:26758 android.view.View.updateDisplayListIfDirty:25577 android.view.ViewGroup.recreateChildDisplayList:4881 
09-28 20:43:18.455  4504  4504 I View    : setRequestedFrameRate frameRate=NaN, this=android.view.View{8bd9c34 V.ED..... ........ 0,0-0,0}, caller=androidx.compose.ui.platform.Api35Impl.setRequestedFrameRate:4047 androidx.compose.ui.platform.AndroidComposeView.dispatchDraw:2282 android.view.View.draw:26758 android.view.View.updateDisplayListIfDirty:25577 android.view.ViewGroup.recreateChildDisplayList:4881 
09-28 20:43:18.515  4504  4554 I com.negi.survey: Explicit concurrent mark compact GC freed 1828KB AllocSpace bytes, 1(20KB) LOS objects, 76% free, 7429KB/31MB, paused 297us,2.038ms total 28.136ms
09-28 20:43:18.525  4504  4525 D InputTransport: Input channel destroyed: 'ClientS', fd=141
09-28 20:43:18.526  4504  4525 D InputTransport: Input channel destroyed: 'ClientS', fd=140
09-28 20:43:19.747  4504  4825 I com.negi.survey: Explicit concurrent mark compact GC freed 3340KB AllocSpace bytes, 1(20KB) LOS objects, 77% free, 7257KB/31MB, paused 159us,1.910ms total 41.554ms
09-28 20:43:20.937  4504  4554 I com.negi.survey: Explicit concurrent mark compact GC freed 2948KB AllocSpace bytes, 1(20KB) LOS objects, 77% free, 7253KB/31MB, paused 213us,1.858ms total 41.456ms
09-28 20:43:21.134  4504  4504 I VRI[MainActivity]@44f699b: call setFrameRateCategory for touch hint category=no preference, reason=boost timeout, vri=VRI[MainActivity]@44f699b
09-28 20:43:22.170  4504  4727 I com.negi.survey: Explicit concurrent mark compact GC freed 2044KB AllocSpace bytes, 1(20KB) LOS objects, 77% free, 7201KB/31MB, paused 363us,1.675ms total 39.394ms
09-28 20:43:23.408  4504  4727 I com.negi.survey: Explicit concurrent mark compact GC freed 1704KB AllocSpace bytes, 1(20KB) LOS objects, 77% free, 7225KB/31MB, paused 182us,1.756ms total 39.924ms
09-28 20:43:24.643  4504  4554 I com.negi.survey: Explicit concurrent mark compact GC freed 1664KB AllocSpace bytes, 1(20KB) LOS objects, 77% free, 7225KB/31MB, paused 153us,1.757ms total 39.255ms
09-28 20:43:25.890  4504  4554 I com.negi.survey: Explicit concurrent mark compact GC freed 1700KB AllocSpace bytes, 1(20KB) LOS objects, 77% free, 7221KB/31MB, paused 1.360ms,1.614ms total 39.100ms
09-28 20:43:27.060  4504  4727 I com.negi.survey: Explicit concurrent mark compact GC freed 1604KB AllocSpace bytes, 1(20KB) LOS objects, 77% free, 7217KB/31MB, paused 178us,2.087ms total 30.812ms
09-28 20:43:28.297  4504  4727 I com.negi.survey: Explicit concurrent mark compact GC freed 1652KB AllocSpace bytes, 1(20KB) LOS objects, 77% free, 7229KB/31MB, paused 292us,1.955ms total 44.308ms
09-28 20:43:29.159  4504  4504 I VRI[MainActivity]@44f699b: ViewPostIme pointer 0
09-28 20:43:29.164  4504  4504 I VRI[MainActivity]@44f699b: call setFrameRateCategory for touch hint category=high hint, reason=touch, vri=VRI[MainActivity]@44f699b
09-28 20:43:29.232  4504  4504 I VRI[MainActivity]@44f699b: ViewPostIme pointer 1
09-28 20:43:29.237  4504  4504 D InsetsController: hide(ime())
09-28 20:43:29.237  4504  4504 I ImeTracker: com.negi.survey:e839d77a: onRequestHide at ORIGIN_CLIENT reason HIDE_SOFT_INPUT_BY_INSETS_API fromUser false
09-28 20:43:29.238  4504  4504 D WindowOnBackDispatcher: setTopOnBackInvokedCallback (unwrapped): androidx.navigationevent.OnBackInvokedInput$createOnBackAnimationCallback$1@cb26ebb
09-28 20:43:29.238  4504  4504 D InsetsController: Setting requestedVisibleTypes to 503 (was 511)
09-28 20:43:29.239  4504  4504 I InsetsController: setRequestedVisibleTypes: visible=false, mask=ime, host=com.negi.survey/com.negi.survey.MainActivity, from=android.view.InsetsController.controlAnimationUnchecked:1646 android.view.InsetsController.applyAnimation:2278 android.view.InsetsController.applyAnimation:2207 android.view.InsetsController.hide:1581 android.view.InsetsController.hide:1521 androidx.core.view.SoftwareKeyboardControllerCompat$Impl30.hide:222 androidx.core.view.SoftwareKeyboardControllerCompat.hide:80 androidx.compose.ui.text.input.InputMethodManagerImpl.hideSoftInput:85 androidx.compose.ui.text.input.TextInputServiceAndroid.setKeyboardVisibleImmediately:470 androidx.compose.ui.text.input.TextInputServiceAndroid.processInputCommands:352 
09-28 20:43:29.240  4504  4504 D InputMethodManagerUtils: startInputInner - Id : 0
09-28 20:43:29.240  4504  4504 I InputMethodManager: startInputInner - IInputMethodManagerGlobalInvoker.startInputOrWindowGainedFocus
09-28 20:43:29.244  4504  4504 D SurveyVM: getEvalPrompt[Q7] -> len=314
09-28 20:43:29.249  4504  4677 D AiViewModel: run[1]: mode=EVAL_JSON phase=EVAL commit=true prompt.len=313, fullPrompt.len=2960, timeoutMs=120000
09-28 20:43:29.250  4504  4677 D AiViewModel: run[1]: sha(prompt)=11259c4407db95e471e2fa7243f30f0d16d064fef1d4fe5d6e9a4a472c2a9dc1 sha(full)=a681c8b9bcb463d9049224426aa7bd6952256911aae71298536f6a75eb7dcd73
09-28 20:43:29.250  4504  4677 I FullPromptReview: [part=000] run[1]: phase=EVAL FullPrompt
09-28 20:43:29.250  4504  4677 I FullPromptReview: Evaluate only the original survey target using all supplied answers.
09-28 20:43:29.250  4504  4677 I FullPromptReview: Return only compact JSON {"score":N,"missing_points":[],"followup_needed":false}. N must be an integer 1-100 for relevance, completeness and accuracy against the original target. Evaluate the original answer and all answered followup pairs together. Before emitting JSON, compare every candidate missing point against the original answer and every answered follow-up pair. If an answered follow-up directly supplies that information, do not include it in missing_points. Recompute score, missing_points, and followup_needed together as one consistent final decision. Treat each independently answerable required component as a separate missing_points item; never combine independently answerable deficiencies. After every answered follow-up, recompute components independently and omit each supplied component even when another component from the same target remains missing. When a Required component catalog is present, evaluate each catalog item independently: missing_points may contain only configured component IDs. Omit IDs whose component is supplied by the original answer or answered follow-up pairs; never return component descriptions or questions as missing_points. When a Required components block is present, missing_points may contain only the exact text of unresolved configured components. Separate relevance from completeness. An answer can discuss the right topic but still be incomplete. Score 90-100 only when the respondent explicitly provides every material component requested by the Expected answer target and Question. Do not infer missing details from general knowledge, plausibility, or a bare statement that an event occurred. A concise answer may be complete. A verbose or relevant answer that omits any material requested component must score below 90. For example, saying that an event occurred without describing its requested effect is incomplete. Consistency rule: if missing_points is non-empty or followup_needed is true, score must be an integer from 1 to 89. Scores 90-100 are allowed only when missing_points=[] and followup_needed=false. Never use score 90 as a borderline value when anything is missing. For any score below 90, missing_points must contain the specific missing or ambiguous target-required information and followup_needed must be true. Otherwise missing_points is empty and followup_needed is false. Do not generate a question. Do not penalize style or request information outside the target. Write missing_points in English.
09-28 20:43:29.250  4504  4677 I FullPromptReview: Keep missing_points concise.
09-28 20:43:29.250  4504  4677 I FullPromptReview: One JSON object only; no markdown or generated question.
09-28 20:43:29.250  4504  4677 I FullPromptReview: INPUT:
09-28 20:43:29.250  4504  4677 I FullPromptReview: Expected answer target: Whether FAW affected the crop and, if yes, at least one concrete description of its effect, such as yield loss or a type of crop damage.
09-28 20:43:29.250  4504  4677 I FullPromptReview: Question: Has fall armyworm ever affected your maize? If yes, what damage or losses did it cause?
09-28 20:43:29.250  4504  4677 I FullPromptReview: Original answer: I don't know
09-28 20:43:29.250  4504  4677 I FullPromptReview: Answered followup pairs:
09-28 20:43:29.255  4504  4609 D LiteRtRepository: [1] request start model='Gemma3n4B' prompt.len=2960 sha=a681c8b9bcb463d9 gateWaitMs=3
09-28 20:43:29.256  4504  4609 D LiteRtRepository: [part=000] [1] PROMPT (FULL) sha=a681c8b9bcb463d9
09-28 20:43:29.256  4504  4609 D LiteRtRepository: Evaluate only the original survey target using all supplied answers.
09-28 20:43:29.256  4504  4609 D LiteRtRepository: Return only compact JSON {"score":N,"missing_points":[],"followup_needed":false}. N must be an integer 1-100 for relevance, completeness and accuracy against the original target. Evaluate the original answer and all answered followup pairs together. Before emitting JSON, compare every candidate missing point against the original answer and every answered follow-up pair. If an answered follow-up directly supplies that information, do not include it in missing_points. Recompute score, missing_points, and followup_needed together as one consistent final decision. Treat each independently answerable required component as a separate missing_points item; never combine independently answerable deficiencies. After every answered follow-up, recompute components independently and omit each supplied component even when another component from the same target remains missing. When a Required component catalog is present, evaluate each catalog item independently: missing_points may contain only configured component IDs. Omit IDs whose component is supplied by the original answer or answered follow-up pairs; never return component descriptions or questions as missing_points. When a Required components block is present, missing_points may contain only the exact text of unresolved configured components. Separate relevance from completeness. An answer can discuss the right topic but still be incomplete. Score 90-100 only when the respondent explicitly provides every material component requested by the Expected answer target and Question. Do not infer missing details from general knowledge, plausibility, or a bare statement that an event occurred. A concise answer may be complete. A verbose or relevant answer that omits any material requested component must score below 90. For example, saying that an event occurred without describing its requested effect is incomplete. Consistency rule: if missing_points is non-empty or followup_needed is true, score must be an integer from 1 to 89. Scores 90-100 are allowed only when missing_points=[] and followup_needed=false. Never use score 90 as a borderline value when anything is missing. For any score below 90, missing_points must contain the specific missing or ambiguous target-required information and followup_needed must be true. Otherwise missing_points is empty and followup_needed is false. Do not generate a question. Do not penalize style or request information outside the target. Write missing_points in English.
09-28 20:43:29.256  4504  4609 D LiteRtRepository: Keep missing_points concise.
09-28 20:43:29.256  4504  4609 D LiteRtRepository: One JSON object only; no markdown or generated question.
09-28 20:43:29.256  4504  4609 D LiteRtRepository: INPUT:
09-28 20:43:29.256  4504  4609 D LiteRtRepository: Expected answer target: Whether FAW affected the crop and, if yes, at least one concrete description of its effect, such as yield loss or a type of crop damage.
09-28 20:43:29.256  4504  4609 D LiteRtRepository: Question: Has fall armyworm ever affected your maize? If yes, what damage or losses did it cause?
09-28 20:43:29.256  4504  4609 D LiteRtRepository: Original answer: I don't know
09-28 20:43:29.256  4504  4609 D LiteRtRepository: Answered followup pairs:
09-28 20:43:29.256  4504  5232 D SLM     : initializeIfNeeded: model='Gemma3n4B' image=false audio=false
09-28 20:43:29.258  4504  5232 D LiteRtLM: initializeIfNeeded: warm runtime already ready: key='fs|dev=65088|ino=23726|size=4919541760|mtime=1790636955288'
09-28 20:43:29.258  4504  4609 D LiteRtRepository: [1] initializeIfNeeded ok initMs=2
09-28 20:43:29.259  4504  5232 D SLM     : runInference: model='Gemma3n4B' textLen=2960 images=0 audio=0
09-28 20:43:29.261  4504  4504 D VRI[MainActivity]@44f699b: WindowInsets changed: ime:null 
09-28 20:43:29.261  4504  4609 D LiteRtLM: state[run:start] key='fs|dev=65088|ino=23726|size=4919541760|mtime=1790636955288' runId=1 active=true terminated=false logicalDone=false cancel=false pendingCancel=false lastMsgAt=605113828 lastTermAt=0
09-28 20:43:29.262  4504  4609 D LiteRtLM: runInference start: key='fs|dev=65088|ino=23726|size=4919541760|mtime=1790636955288' runId=1 hasText=true originalTextLen=2960 effectiveTextLen=2960 images=0 audioClips=0
09-28 20:43:29.262  4504  4504 I BLASTBufferQueue_Java: update, w= 1080 h= 2340 mName = VRI[MainActivity]@44f699b mNativeObject= 0xb400007887fffde0 sc.mNativeObject= 0xb40000793823e410 format= -1 caller= android.view.ViewRootImpl.updateBlastSurfaceIfNeeded:3592 android.view.ViewRootImpl.relayoutWindow:11813 android.view.ViewRootImpl.performTraversals:4840 android.view.ViewRootImpl.doTraversal:3959 android.view.ViewRootImpl$TraversalRunnable.run:13034 android.view.Choreographer$CallbackRecord.run:1961 
09-28 20:43:29.262  4504  4504 I VRI[MainActivity]@44f699b: Relayout returned: old=(0,0,1080,2340) new=(0,0,1080,2340) relayoutAsync=true req=(1080,2340)0 dur=0 res=0x0 s={true 0xb4000078c7fe6b70} ch=false seqId=0
09-28 20:43:29.263  4504  4504 I VRI[MainActivity]@44f699b: registerCallbackForPendingTransactions
09-28 20:43:29.264  4504  4609 D LiteRtLM: LiteRT-LM sendMessageAsync(text): key='fs|dev=65088|ino=23726|size=4919541760|mtime=1790636955288' runId=1 len=2960 maxOutputTokens=64
09-28 20:43:29.265  4504  4554 D InputTransport: Input channel constructed: 'ClientS', fd=168
09-28 20:43:29.272  4504  4504 I View    : setRequestedFrameRate frameRate=-4.0, this=android.view.View{8bd9c34 V.ED..... ........ 0,0-0,0}, caller=androidx.compose.ui.platform.Api35Impl.setRequestedFrameRate:4047 androidx.compose.ui.platform.AndroidComposeView.dispatchDraw:2282 android.view.View.draw:26758 android.view.View.updateDisplayListIfDirty:25577 android.view.ViewGroup.recreateChildDisplayList:4881 
09-28 20:43:29.275  4504  4931 I VRI[MainActivity]@44f699b: mWNT: t=0xb4000078d8797400 mBlastBufferQueue=0xb400007887fffde0 fn= 1813 HdrRenderState mRenderHdrSdrRatio=1.0 caller= android.view.SyncRtSurfaceTransactionApplier.applyTransaction:102 android.view.SyncRtSurfaceTransactionApplier.lambda$scheduleApply$0:75 android.view.SyncRtSurfaceTransactionApplier.$r8$lambda$afI4fXg3U3-nBZQEDQMiNy-B06s:0 
09-28 20:43:29.275  4504  4931 I VRI[MainActivity]@44f699b: mWNT: t=0xb4000078d87dbc20 mBlastBufferQueue=0xb400007887fffde0 fn= 1813 HdrRenderState mRenderHdrSdrRatio=1.0 caller= android.view.ViewRootImpl$10.onFrameDraw:6615 android.view.ViewRootImpl$4.onFrameDraw:2485 android.view.ThreadedRenderer$1.onFrameDraw:751 
09-28 20:43:29.283  4504  4930 I VRI[MainActivity]@44f699b: mWNT: t=0xb4000078d80e2cc0 mBlastBufferQueue=0xb400007887fffde0 fn= 1814 HdrRenderState mRenderHdrSdrRatio=1.0 caller= android.view.SyncRtSurfaceTransactionApplier.applyTransaction:102 android.view.SyncRtSurfaceTransactionApplier.lambda$scheduleApply$0:75 android.view.SyncRtSurfaceTransactionApplier.$r8$lambda$afI4fXg3U3-nBZQEDQMiNy-B06s:0 
09-28 20:43:29.283  4504  4504 I InsetsController: onStateChanged: host=com.negi.survey/com.negi.survey.MainActivity, from=android.view.ViewRootImpl.onInsetsStateChanged:3038, state=InsetsState: {mDisplayFrame=Rect(0, 0 - 1080, 2340), mDisplayCutout=DisplayCutout{insets=Rect(0, 82 - 0, 0) waterfall=Insets{left=0, top=0, right=0, bottom=0} boundingRect={Bounds=[Rect(0, 0 - 0, 0), Rect(511, 24 - 569, 82), Rect(0, 0 - 0, 0), Rect(0, 0 - 0, 0)]} cutoutPathParserInfo={CutoutPathParserInfo{displayWidth=1080 displayHeight=2340 physicalDisplayWidth=1080 physicalDisplayHeight=2340 density={2.8125} cutoutSpec={M 0,0 M 0, 8.533333333333333 a 10.31111111111111,10.31111111111111 0 1,0 0,20.62222222222222 a 10.31111111111111,10.31111111111111 0 1,0 0,-20.62222222222222 Z @dp} rotation={0} scale={1.0} physicalPixelDisplaySizeRatio={1.0}}} sideOverrides={}}, mRoundedCorners=RoundedCorners{[RoundedCorner{position=TopLeft, radius=113, center=Point(113, 113)}, RoundedCorner{position=TopRight, radius=113, center=Point(967, 113)}, RoundedCorner{position=BottomRight, radius=113, center=Point(967, 2227)}, RoundedCorner{position=BottomLeft, radius=113, center=Point(113, 2227)}]}  mRoundedCornerFrame=Rect(0, 0 - 1080, 2340), mPrivacyIndicatorBounds=PrivacyIndicatorBounds {static bounds=Rect(956, 0 - 1080, 97) rotation=0}, mDisplayShape=DisplayShape{ spec=-311912193 displayWidth=1080 displayHeight=2340 physicalPixelDisplaySizeRatio=1.0 rotation=0 offsetX=0 offsetY=0 scale=1.0}, mSources= { InsetsSource: {dc020001 mType=navigationBars mFrame=[0,2205][1080,2340] mAttachedInsets=null mVisible=true mFlags= mSideHint=BOTTOM mBoundingRects=null}, InsetsSource: {dc020004 mType=systemGestures mFrame=[0,0][0,0] mAttachedInsets=null mVisible=true mFlags= mSideHint=NONE mBoundingRects=null}, InsetsSource: {dc020005 mType=mandatorySystemGestures mFrame=[0,2205][1080,2340] mAttachedInsets=null mVisible=true mFlags= mSideHint=BOTTOM mBoundingRects=null}, InsetsSource: {dc020006 mType=tappableElement mFrame=[0,2205][1080,2340] mAttachedInsets=null mVisible=true mFlags= mSideHint=BOTTOM mBoundingRects=null}, InsetsSource: {dc020024 mType=systemGestures mFrame=[0,0][0,0] mAttachedInsets=null mVisible=true mFlags= mSideHint=NONE mBoundingRects=null}, InsetsSource: {3 mType=ime mFrame=[0,1332][1080,2340] mAttachedInsets=null mVisible=false mFlags= mSideHint=BOTTOM mBoundingRects=null}, InsetsSource: {27 mType=displayCutout mFrame=[0,0][1080,82] mAttachedInsets=null mVisible=true mFlags= mSideHint=TOP mBoundingRects=null}, InsetsSource: {23ca0000 mType=statusBars mFrame=[0,0][1080,97] mAttachedInsets=null mVisible=true mFlags= mSideHint=TOP mBoundingRects=null}, InsetsSource: {23ca0005 mType=mandatorySystemGestures mFrame=[0,0][1080,116] mAttachedInsets=null mVisible=true mFlags= mSideHint=TOP mBoundingRects=null}, InsetsSource: {23ca0006 mType=tappableElement mFrame=[0,0][1080,97] mAttachedInsets=null mVisible=true mFlags= mSideHint=TOP mBoundingRects=null} }
09-28 20:43:29.283  4504  4504 I VRI[MainActivity]@44f699b: handleResized, frames=ClientWindowFrames{frame=[0,0][1080,2340] display=[0,0][1080,2340] parentFrame=[0,0][0,0]} displayId=0 dragResizing=false compatScale=1.0 frameChanged=false attachedFrameChanged=false configChanged=false displayChanged=false compatScaleChanged=false dragResizingChanged=false
09-28 20:43:29.284  4504  4504 I InsetsSourceConsumer: applyRequestedVisibilityToControl: visible=true, type=navigationBars, host=com.negi.survey/com.negi.survey.MainActivity
09-28 20:43:29.284  4504  4504 I ImeTracker: system_server:dd6f2841: onCancelled at PHASE_CLIENT_ON_CONTROLS_CHANGED
09-28 20:43:29.294  4504  4931 I VRI[MainActivity]@44f699b: mWNT: t=0xb4000078d874a120 mBlastBufferQueue=0xb400007887fffde0 fn= 1816 HdrRenderState mRenderHdrSdrRatio=1.0 caller= android.view.SyncRtSurfaceTransactionApplier.applyTransaction:102 android.view.SyncRtSurfaceTransactionApplier.lambda$scheduleApply$0:75 android.view.SyncRtSurfaceTransactionApplier.$r8$lambda$afI4fXg3U3-nBZQEDQMiNy-B06s:0 
09-28 20:43:29.298  4504  4609 D LiteRtLM: sendMessageAsync accepted: key='fs|dev=65088|ino=23726|size=4919541760|mtime=1790636955288' runId=1 dispatchMs=36
09-28 20:43:29.303  4504  4930 I VRI[MainActivity]@44f699b: mWNT: t=0xb4000078d808b110 mBlastBufferQueue=0xb400007887fffde0 fn= 1816 HdrRenderState mRenderHdrSdrRatio=1.0 caller= android.view.SyncRtSurfaceTransactionApplier.applyTransaction:102 android.view.SyncRtSurfaceTransactionApplier.lambda$scheduleApply$0:75 android.view.SyncRtSurfaceTransactionApplier.$r8$lambda$afI4fXg3U3-nBZQEDQMiNy-B06s:0 
09-28 20:43:29.308  4504  4931 I VRI[MainActivity]@44f699b: mWNT: t=0xb4000078d80c9a60 mBlastBufferQueue=0xb400007887fffde0 fn= 1818 HdrRenderState mRenderHdrSdrRatio=1.0 caller= android.view.SyncRtSurfaceTransactionApplier.applyTransaction:102 android.view.SyncRtSurfaceTransactionApplier.lambda$scheduleApply$0:75 android.view.SyncRtSurfaceTransactionApplier.$r8$lambda$afI4fXg3U3-nBZQEDQMiNy-B06s:0 
09-28 20:43:29.316  4504  4930 I VRI[MainActivity]@44f699b: mWNT: t=0xb4000078d8770a90 mBlastBufferQueue=0xb400007887fffde0 fn= 1819 HdrRenderState mRenderHdrSdrRatio=1.0 caller= android.view.SyncRtSurfaceTransactionApplier.applyTransaction:102 android.view.SyncRtSurfaceTransactionApplier.lambda$scheduleApply$0:75 android.view.SyncRtSurfaceTransactionApplier.$r8$lambda$afI4fXg3U3-nBZQEDQMiNy-B06s:0 
09-28 20:43:29.324  4504  4931 I VRI[MainActivity]@44f699b: mWNT: t=0xb4000078d87b26c0 mBlastBufferQueue=0xb400007887fffde0 fn= 1820 HdrRenderState mRenderHdrSdrRatio=1.0 caller= android.view.SyncRtSurfaceTransactionApplier.applyTransaction:102 android.view.SyncRtSurfaceTransactionApplier.lambda$scheduleApply$0:75 android.view.SyncRtSurfaceTransactionApplier.$r8$lambda$afI4fXg3U3-nBZQEDQMiNy-B06s:0 
09-28 20:43:29.330  4504  4930 I VRI[MainActivity]@44f699b: mWNT: t=0xb4000078d8766fa0 mBlastBufferQueue=0xb400007887fffde0 fn= 1820 HdrRenderState mRenderHdrSdrRatio=1.0 caller= android.view.SyncRtSurfaceTransactionApplier.applyTransaction:102 android.view.SyncRtSurfaceTransactionApplier.lambda$scheduleApply$0:75 android.view.SyncRtSurfaceTransactionApplier.$r8$lambda$afI4fXg3U3-nBZQEDQMiNy-B06s:0 
09-28 20:43:29.335  4504  4931 I VRI[MainActivity]@44f699b: mWNT: t=0xb4000078d8748ea0 mBlastBufferQueue=0xb400007887fffde0 fn= 1821 HdrRenderState mRenderHdrSdrRatio=1.0 caller= android.view.SyncRtSurfaceTransactionApplier.applyTransaction:102 android.view.SyncRtSurfaceTransactionApplier.lambda$scheduleApply$0:75 android.view.SyncRtSurfaceTransactionApplier.$r8$lambda$afI4fXg3U3-nBZQEDQMiNy-B06s:0 
09-28 20:43:29.342  4504  4930 I VRI[MainActivity]@44f699b: mWNT: t=0xb4000078d875b6a0 mBlastBufferQueue=0xb400007887fffde0 fn= 1821 HdrRenderState mRenderHdrSdrRatio=1.0 caller= android.view.SyncRtSurfaceTransactionApplier.applyTransaction:102 android.view.SyncRtSurfaceTransactionApplier.lambda$scheduleApply$0:75 android.view.SyncRtSurfaceTransactionApplier.$r8$lambda$afI4fXg3U3-nBZQEDQMiNy-B06s:0 
09-28 20:43:29.351  4504  4931 I VRI[MainActivity]@44f699b: mWNT: t=0xb4000078d7fa2150 mBlastBufferQueue=0xb400007887fffde0 fn= 1822 HdrRenderState mRenderHdrSdrRatio=1.0 caller= android.view.SyncRtSurfaceTransactionApplier.applyTransaction:102 android.view.SyncRtSurfaceTransactionApplier.lambda$scheduleApply$0:75 android.view.SyncRtSurfaceTransactionApplier.$r8$lambda$afI4fXg3U3-nBZQEDQMiNy-B06s:0 
09-28 20:43:29.359  4504  4930 I VRI[MainActivity]@44f699b: mWNT: t=0xb4000078d80e33b0 mBlastBufferQueue=0xb400007887fffde0 fn= 1823 HdrRenderState mRenderHdrSdrRatio=1.0 caller= android.view.SyncRtSurfaceTransactionApplier.applyTransaction:102 android.view.SyncRtSurfaceTransactionApplier.lambda$scheduleApply$0:75 android.view.SyncRtSurfaceTransactionApplier.$r8$lambda$afI4fXg3U3-nBZQEDQMiNy-B06s:0 
09-28 20:43:29.367  4504  4931 I VRI[MainActivity]@44f699b: mWNT: t=0xb4000078d8729680 mBlastBufferQueue=0xb400007887fffde0 fn= 1824 HdrRenderState mRenderHdrSdrRatio=1.0 caller= android.view.SyncRtSurfaceTransactionApplier.applyTransaction:102 android.view.SyncRtSurfaceTransactionApplier.lambda$scheduleApply$0:75 android.view.SyncRtSurfaceTransactionApplier.$r8$lambda$afI4fXg3U3-nBZQEDQMiNy-B06s:0 
09-28 20:43:29.376  4504  4930 I VRI[MainActivity]@44f699b: mWNT: t=0xb4000078d7fddc60 mBlastBufferQueue=0xb400007887fffde0 fn= 1825 HdrRenderState mRenderHdrSdrRatio=1.0 caller= android.view.SyncRtSurfaceTransactionApplier.applyTransaction:102 android.view.SyncRtSurfaceTransactionApplier.lambda$scheduleApply$0:75 android.view.SyncRtSurfaceTransactionApplier.$r8$lambda$afI4fXg3U3-nBZQEDQMiNy-B06s:0 
09-28 20:43:29.385  4504  4931 I VRI[MainActivity]@44f699b: mWNT: t=0xb4000078d802fb90 mBlastBufferQueue=0xb400007887fffde0 fn= 1827 HdrRenderState mRenderHdrSdrRatio=1.0 caller= android.view.SyncRtSurfaceTransactionApplier.applyTransaction:102 android.view.SyncRtSurfaceTransactionApplier.lambda$scheduleApply$0:75 android.view.SyncRtSurfaceTransactionApplier.$r8$lambda$afI4fXg3U3-nBZQEDQMiNy-B06s:0 
09-28 20:43:29.392  4504  4930 I VRI[MainActivity]@44f699b: mWNT: t=0xb4000078d87b95c0 mBlastBufferQueue=0xb400007887fffde0 fn= 1827 HdrRenderState mRenderHdrSdrRatio=1.0 caller= android.view.SyncRtSurfaceTransactionApplier.applyTransaction:102 android.view.SyncRtSurfaceTransactionApplier.lambda$scheduleApply$0:75 android.view.SyncRtSurfaceTransactionApplier.$r8$lambda$afI4fXg3U3-nBZQEDQMiNy-B06s:0 
09-28 20:43:29.401  4504  4931 I VRI[MainActivity]@44f699b: mWNT: t=0xb4000078d87a4420 mBlastBufferQueue=0xb400007887fffde0 fn= 1828 HdrRenderState mRenderHdrSdrRatio=1.0 caller= android.view.SyncRtSurfaceTransactionApplier.applyTransaction:102 android.view.SyncRtSurfaceTransactionApplier.lambda$scheduleApply$0:75 android.view.SyncRtSurfaceTransactionApplier.$r8$lambda$afI4fXg3U3-nBZQEDQMiNy-B06s:0 
09-28 20:43:29.409  4504  4930 I VRI[MainActivity]@44f699b: mWNT: t=0xb4000078d80a3590 mBlastBufferQueue=0xb400007887fffde0 fn= 1829 HdrRenderState mRenderHdrSdrRatio=1.0 caller= android.view.SyncRtSurfaceTransactionApplier.applyTransaction:102 android.view.SyncRtSurfaceTransactionApplier.lambda$scheduleApply$0:75 android.view.SyncRtSurfaceTransactionApplier.$r8$lambda$afI4fXg3U3-nBZQEDQMiNy-B06s:0 
09-28 20:43:29.418  4504  4931 I VRI[MainActivity]@44f699b: mWNT: t=0xb4000078d8748a00 mBlastBufferQueue=0xb400007887fffde0 fn= 1830 HdrRenderState mRenderHdrSdrRatio=1.0 caller= android.view.SyncRtSurfaceTransactionApplier.applyTransaction:102 android.view.SyncRtSurfaceTransactionApplier.lambda$scheduleApply$0:75 android.view.SyncRtSurfaceTransactionApplier.$r8$lambda$afI4fXg3U3-nBZQEDQMiNy-B06s:0 
09-28 20:43:29.426  4504  4930 I VRI[MainActivity]@44f699b: mWNT: t=0xb4000078d80cc650 mBlastBufferQueue=0xb400007887fffde0 fn= 1831 HdrRenderState mRenderHdrSdrRatio=1.0 caller= android.view.SyncRtSurfaceTransactionApplier.applyTransaction:102 android.view.SyncRtSurfaceTransactionApplier.lambda$scheduleApply$0:75 android.view.SyncRtSurfaceTransactionApplier.$r8$lambda$afI4fXg3U3-nBZQEDQMiNy-B06s:0 
09-28 20:43:29.434  4504  4931 I VRI[MainActivity]@44f699b: mWNT: t=0xb4000078d87524f0 mBlastBufferQueue=0xb400007887fffde0 fn= 1832 HdrRenderState mRenderHdrSdrRatio=1.0 caller= android.view.SyncRtSurfaceTransactionApplier.applyTransaction:102 android.view.SyncRtSurfaceTransactionApplier.lambda$scheduleApply$0:75 android.view.SyncRtSurfaceTransactionApplier.$r8$lambda$afI4fXg3U3-nBZQEDQMiNy-B06s:0 
09-28 20:43:29.444  4504  4930 I VRI[MainActivity]@44f699b: mWNT: t=0xb4000078d873b2f0 mBlastBufferQueue=0xb400007887fffde0 fn= 1833 HdrRenderState mRenderHdrSdrRatio=1.0 caller= android.view.SyncRtSurfaceTransactionApplier.applyTransaction:102 android.view.SyncRtSurfaceTransactionApplier.lambda$scheduleApply$0:75 android.view.SyncRtSurfaceTransactionApplier.$r8$lambda$afI4fXg3U3-nBZQEDQMiNy-B06s:0 
09-28 20:43:29.457  4504  4931 I VRI[MainActivity]@44f699b: mWNT: t=0xb4000078d87b7560 mBlastBufferQueue=0xb400007887fffde0 fn= 1835 HdrRenderState mRenderHdrSdrRatio=1.0 caller= android.view.SyncRtSurfaceTransactionApplier.applyTransaction:102 android.view.SyncRtSurfaceTransactionApplier.lambda$scheduleApply$0:75 android.view.SyncRtSurfaceTransactionApplier.$r8$lambda$afI4fXg3U3-nBZQEDQMiNy-B06s:0 
09-28 20:43:29.458  4504  4825 I com.negi.survey: Explicit concurrent mark compact GC freed 3144KB AllocSpace bytes, 5(164KB) LOS objects, 76% free, 7385KB/31MB, paused 339us,1.873ms total 29.178ms
09-28 20:43:29.469  4504  4525 D InputTransport: Input channel destroyed: 'ClientS', fd=168
09-28 20:43:29.474  4504  4930 I VRI[MainActivity]@44f699b: mWNT: t=0xb4000078d8765880 mBlastBufferQueue=0xb400007887fffde0 fn= 1836 HdrRenderState mRenderHdrSdrRatio=1.0 caller= android.view.SyncRtSurfaceTransactionApplier.applyTransaction:102 android.view.SyncRtSurfaceTransactionApplier.lambda$scheduleApply$0:75 android.view.SyncRtSurfaceTransactionApplier.$r8$lambda$afI4fXg3U3-nBZQEDQMiNy-B06s:0 
09-28 20:43:29.480  4504  4931 I VRI[MainActivity]@44f699b: mWNT: t=0xb4000078d878c1f0 mBlastBufferQueue=0xb400007887fffde0 fn= 1837 HdrRenderState mRenderHdrSdrRatio=1.0 caller= android.view.SyncRtSurfaceTransactionApplier.applyTransaction:102 android.view.SyncRtSurfaceTransactionApplier.lambda$scheduleApply$0:75 android.view.SyncRtSurfaceTransactionApplier.$r8$lambda$afI4fXg3U3-nBZQEDQMiNy-B06s:0 
09-28 20:43:29.485  4504  4930 I VRI[MainActivity]@44f699b: mWNT: t=0xb4000078d80a0bf0 mBlastBufferQueue=0xb400007887fffde0 fn= 1838 HdrRenderState mRenderHdrSdrRatio=1.0 caller= android.view.SyncRtSurfaceTransactionApplier.applyTransaction:102 android.view.SyncRtSurfaceTransactionApplier.lambda$scheduleApply$0:75 android.view.SyncRtSurfaceTransactionApplier.$r8$lambda$afI4fXg3U3-nBZQEDQMiNy-B06s:0 
09-28 20:43:29.493  4504  4931 I VRI[MainActivity]@44f699b: mWNT: t=0xb4000078d8750240 mBlastBufferQueue=0xb400007887fffde0 fn= 1839 HdrRenderState mRenderHdrSdrRatio=1.0 caller= android.view.SyncRtSurfaceTransactionApplier.applyTransaction:102 android.view.SyncRtSurfaceTransactionApplier.lambda$scheduleApply$0:75 android.view.SyncRtSurfaceTransactionApplier.$r8$lambda$afI4fXg3U3-nBZQEDQMiNy-B06s:0 
09-28 20:43:29.501  4504  4930 I VRI[MainActivity]@44f699b: mWNT: t=0xb4000078d8776270 mBlastBufferQueue=0xb400007887fffde0 fn= 1840 HdrRenderState mRenderHdrSdrRatio=1.0 caller= android.view.SyncRtSurfaceTransactionApplier.applyTransaction:102 android.view.SyncRtSurfaceTransactionApplier.lambda$scheduleApply$0:75 android.view.SyncRtSurfaceTransactionApplier.$r8$lambda$afI4fXg3U3-nBZQEDQMiNy-B06s:0 
09-28 20:43:29.509  4504  4931 I VRI[MainActivity]@44f699b: mWNT: t=0xb4000078d7feeaf0 mBlastBufferQueue=0xb400007887fffde0 fn= 1841 HdrRenderState mRenderHdrSdrRatio=1.0 caller= android.view.SyncRtSurfaceTransactionApplier.applyTransaction:102 android.view.SyncRtSurfaceTransactionApplier.lambda$scheduleApply$0:75 android.view.SyncRtSurfaceTransactionApplier.$r8$lambda$afI4fXg3U3-nBZQEDQMiNy-B06s:0 
09-28 20:43:29.518  4504  4930 I VRI[MainActivity]@44f699b: mWNT: t=0xb4000078d8735fb0 mBlastBufferQueue=0xb400007887fffde0 fn= 1842 HdrRenderState mRenderHdrSdrRatio=1.0 caller= android.view.SyncRtSurfaceTransactionApplier.applyTransaction:102 android.view.SyncRtSurfaceTransactionApplier.lambda$scheduleApply$0:75 android.view.SyncRtSurfaceTransactionApplier.$r8$lambda$afI4fXg3U3-nBZQEDQMiNy-B06s:0 
09-28 20:43:29.526  4504  4931 I VRI[MainActivity]@44f699b: mWNT: t=0xb4000078d80a3a30 mBlastBufferQueue=0xb400007887fffde0 fn= 1843 HdrRenderState mRenderHdrSdrRatio=1.0 caller= android.view.SyncRtSurfaceTransactionApplier.applyTransaction:102 android.view.SyncRtSurfaceTransactionApplier.lambda$scheduleApply$0:75 android.view.SyncRtSurfaceTransactionApplier.$r8$lambda$afI4fXg3U3-nBZQEDQMiNy-B06s:0 
09-28 20:43:29.534  4504  4930 I VRI[MainActivity]@44f699b: mWNT: t=0xb4000078d87bb3d0 mBlastBufferQueue=0xb400007887fffde0 fn= 1844 HdrRenderState mRenderHdrSdrRatio=1.0 caller= android.view.SyncRtSurfaceTransactionApplier.applyTransaction:102 android.view.SyncRtSurfaceTransactionApplier.lambda$scheduleApply$0:75 android.view.SyncRtSurfaceTransactionApplier.$r8$lambda$afI4fXg3U3-nBZQEDQMiNy-B06s:0 
09-28 20:43:29.542  4504  4931 I VRI[MainActivity]@44f699b: mWNT: t=0xb4000078d874fff0 mBlastBufferQueue=0xb400007887fffde0 fn= 1845 HdrRenderState mRenderHdrSdrRatio=1.0 caller= android.view.SyncRtSurfaceTransactionApplier.applyTransaction:102 android.view.SyncRtSurfaceTransactionApplier.lambda$scheduleApply$0:75 android.view.SyncRtSurfaceTransactionApplier.$r8$lambda$afI4fXg3U3-nBZQEDQMiNy-B06s:0 
09-28 20:43:29.551  4504  4930 I VRI[MainActivity]@44f699b: mWNT: t=0xb4000078d8797400 mBlastBufferQueue=0xb400007887fffde0 fn= 1846 HdrRenderState mRenderHdrSdrRatio=1.0 caller= android.view.SyncRtSurfaceTransactionApplier.applyTransaction:102 android.view.SyncRtSurfaceTransactionApplier.lambda$scheduleApply$0:75 android.view.SyncRtSurfaceTransactionApplier.$r8$lambda$afI4fXg3U3-nBZQEDQMiNy-B06s:0 
09-28 20:43:29.559  4504  4931 I VRI[MainActivity]@44f699b: mWNT: t=0xb4000078d80e68e0 mBlastBufferQueue=0xb400007887fffde0 fn= 1847 HdrRenderState mRenderHdrSdrRatio=1.0 caller= android.view.SyncRtSurfaceTransactionApplier.applyTransaction:102 android.view.SyncRtSurfaceTransactionApplier.lambda$scheduleApply$0:75 android.view.SyncRtSurfaceTransactionApplier.$r8$lambda$afI4fXg3U3-nBZQEDQMiNy-B06s:0 
09-28 20:43:29.568  4504  4930 I VRI[MainActivity]@44f699b: mWNT: t=0xb4000078d7f5a1b0 mBlastBufferQueue=0xb400007887fffde0 fn= 1848 HdrRenderState mRenderHdrSdrRatio=1.0 caller= android.view.SyncRtSurfaceTransactionApplier.applyTransaction:102 android.view.SyncRtSurfaceTransactionApplier.lambda$scheduleApply$0:75 android.view.SyncRtSurfaceTransactionApplier.$r8$lambda$afI4fXg3U3-nBZQEDQMiNy-B06s:0 
09-28 20:43:29.574  4504  4504 I View    : setRequestedFrameRate frameRate=NaN, this=android.view.View{8bd9c34 V.ED..... ........ 0,0-0,0}, caller=androidx.compose.ui.platform.Api35Impl.setRequestedFrameRate:4047 androidx.compose.ui.platform.AndroidComposeView.dispatchDraw:2282 android.view.View.draw:26758 android.view.View.updateDisplayListIfDirty:25577 android.view.ViewGroup.recreateChildDisplayList:4881 
09-28 20:43:29.576  4504  4931 I VRI[MainActivity]@44f699b: mWNT: t=0xb4000078d872fc40 mBlastBufferQueue=0xb400007887fffde0 fn= 1849 HdrRenderState mRenderHdrSdrRatio=1.0 caller= android.view.SyncRtSurfaceTransactionApplier.applyTransaction:102 android.view.SyncRtSurfaceTransactionApplier.lambda$scheduleApply$0:75 android.view.SyncRtSurfaceTransactionApplier.$r8$lambda$afI4fXg3U3-nBZQEDQMiNy-B06s:0 
09-28 20:43:29.953  4504  4504 I InsetsController: onStateChanged: host=com.negi.survey/com.negi.survey.MainActivity, from=android.view.ViewRootImpl.onInsetsStateChanged:3038, state=InsetsState: {mDisplayFrame=Rect(0, 0 - 1080, 2340), mDisplayCutout=DisplayCutout{insets=Rect(0, 82 - 0, 0) waterfall=Insets{left=0, top=0, right=0, bottom=0} boundingRect={Bounds=[Rect(0, 0 - 0, 0), Rect(511, 24 - 569, 82), Rect(0, 0 - 0, 0), Rect(0, 0 - 0, 0)]} cutoutPathParserInfo={CutoutPathParserInfo{displayWidth=1080 displayHeight=2340 physicalDisplayWidth=1080 physicalDisplayHeight=2340 density={2.8125} cutoutSpec={M 0,0 M 0, 8.533333333333333 a 10.31111111111111,10.31111111111111 0 1,0 0,20.62222222222222 a 10.31111111111111,10.31111111111111 0 1,0 0,-20.62222222222222 Z @dp} rotation={0} scale={1.0} physicalPixelDisplaySizeRatio={1.0}}} sideOverrides={}}, mRoundedCorners=RoundedCorners{[RoundedCorner{position=TopLeft, radius=113, center=Point(113, 113)}, RoundedCorner{position=TopRight, radius=113, center=Point(967, 113)}, RoundedCorner{position=BottomRight, radius=113, center=Point(967, 2227)}, RoundedCorner{position=BottomLeft, radius=113, center=Point(113, 2227)}]}  mRoundedCornerFrame=Rect(0, 0 - 1080, 2340), mPrivacyIndicatorBounds=PrivacyIndicatorBounds {static bounds=Rect(956, 0 - 1080, 97) rotation=0}, mDisplayShape=DisplayShape{ spec=-311912193 displayWidth=1080 displayHeight=2340 physicalPixelDisplaySizeRatio=1.0 rotation=0 offsetX=0 offsetY=0 scale=1.0}, mSources= { InsetsSource: {dc020001 mType=navigationBars mFrame=[0,2205][1080,2340] mAttachedInsets=null mVisible=true mFlags= mSideHint=BOTTOM mBoundingRects=null}, InsetsSource: {dc020004 mType=systemGestures mFrame=[0,0][0,0] mAttachedInsets=null mVisible=true mFlags= mSideHint=NONE mBoundingRects=null}, InsetsSource: {dc020005 mType=mandatorySystemGestures mFrame=[0,2205][1080,2340] mAttachedInsets=null mVisible=true mFlags= mSideHint=BOTTOM mBoundingRects=null}, InsetsSource: {dc020006 mType=tappableElement mFrame=[0,2205][1080,2340] mAttachedInsets=null mVisible=true mFlags= mSideHint=BOTTOM mBoundingRects=null}, InsetsSource: {dc020024 mType=systemGestures mFrame=[0,0][0,0] mAttachedInsets=null mVisible=true mFlags= mSideHint=NONE mBoundingRects=null}, InsetsSource: {3 mType=ime mFrame=[0,0][0,0] mAttachedInsets=null mVisible=false mFlags=INVALID mSideHint=NONE mBoundingRects=null}, InsetsSource: {27 mType=displayCutout mFrame=[0,0][1080,82] mAttachedInsets=null mVisible=true mFlags= mSideHint=TOP mBoundingRects=null}, InsetsSource: {23ca0000 mType=statusBars mFrame=[0,0][1080,97] mAttachedInsets=null mVisible=true mFlags= mSideHint=TOP mBoundingRects=null}, InsetsSource: {23ca0005 mType=mandatorySystemGestures mFrame=[0,0][1080,116] mAttachedInsets=null mVisible=true mFlags= mSideHint=TOP mBoundingRects=null}, InsetsSource: {23ca0006 mType=tappableElement mFrame=[0,0][1080,97] mAttachedInsets=null mVisible=true mFlags= mSideHint=TOP mBoundingRects=null} }
09-28 20:43:29.953  4504  4504 I VRI[MainActivity]@44f699b: handleResized, frames=ClientWindowFrames{frame=[0,0][1080,2340] display=[0,0][1080,2340] parentFrame=[0,0][0,0]} displayId=0 dragResizing=false compatScale=1.0 frameChanged=false attachedFrameChanged=false configChanged=false displayChanged=false compatScaleChanged=false dragResizingChanged=false
09-28 20:43:30.677  4504  4825 I com.negi.survey: Explicit concurrent mark compact GC freed 4540KB AllocSpace bytes, 1(20KB) LOS objects, 76% free, 7421KB/31MB, paused 301us,2.621ms total 46.689ms
09-28 20:43:31.878  4504  4825 I com.negi.survey: Explicit concurrent mark compact GC freed 4104KB AllocSpace bytes, 1(20KB) LOS objects, 76% free, 7413KB/31MB, paused 191us,3.275ms total 44.778ms
09-28 20:43:32.237  4504  4504 I VRI[MainActivity]@44f699b: call setFrameRateCategory for touch hint category=no preference, reason=boost timeout, vri=VRI[MainActivity]@44f699b
09-28 20:43:33.114  4504  4825 I com.negi.survey: Explicit concurrent mark compact GC freed 4216KB AllocSpace bytes, 1(20KB) LOS objects, 76% free, 7389KB/31MB, paused 291us,2.600ms total 46.627ms
09-28 20:43:33.841  4504  9197 W native  : W0000 00:00:1790646213.841416    9197 sampler_factory.cc:403] OpenCL sampler not available, falling back to statically linked C API: UNAVAILABLE: ERROR: [third_party/odml/litert_lm/runtime/components/sampler_factory.cc:319]
09-28 20:43:33.841  4504  9197 W native  : └ Could not load shared library libLiteRtTopKOpenClSampler.so: dlopen failed: library "libLiteRtTopKOpenClSampler.so" not found.
09-28 20:43:33.841  4504  9197 W native  : === Source Location Trace: ===
09-28 20:43:33.841  4504  9197 W native  : ./third_party/odml/litert/litert/cc/litert_macros.h:573
09-28 20:43:34.328  4504  4825 I com.negi.survey: Explicit concurrent mark compact GC freed 4132KB AllocSpace bytes, 1(20KB) LOS objects, 76% free, 7385KB/31MB, paused 223us,1.976ms total 28.232ms
09-28 20:43:34.522  4504  9197 W LiteRtLM: Inference first output: key='fs|dev=65088|ino=23726|size=4919541760|mtime=1790636955288' runId=1 ttftMs=5260 dispatchMs=36 postDispatchTtftMs=5224 requestToFirstOutputMs=5261
09-28 20:43:34.522  4504  9197 W LiteRtLM: Inference first output: key='fs|dev=65088|ino=23726|size=4919541760|mtime=1790636955288' runId=1 ttftMs=5260 dispatchMs=36 postDispatchTtftMs=5224 requestToFirstOutputMs=5261
09-28 20:43:34.522  4504  9197 D LiteRtLM: stream[key=fs|dev=65088|ino=23726|size=4919541760|mtime=1790636955288 runId=1] msg#1 rawChunkLen=2 deltaLen=2 emittedChars=2
09-28 20:43:34.525  4504  4504 D LiteRtRepository: stream[rid=1 msg#1] done=false deltaLen=2 outLen=2 outPreview='{"' deltaPreview='{"'
09-28 20:43:34.525  4504  4675 D AiViewModel: run[1] chunk[1].preview='{"'
09-28 20:43:34.658  4504  4677 D AiViewModel: run[1] chunk[2].preview='score'
09-28 20:43:34.777  4504  4677 D AiViewModel: run[1] chunk[3].preview='":'
09-28 20:43:34.899  4504  4677 D AiViewModel: run[1] chunk[4].preview='1'
09-28 20:43:35.018  4504  4677 D AiViewModel: run[1] chunk[5].preview=',"'
09-28 20:43:35.137  4504  4677 D AiViewModel: run[1] chunk[6].preview='missing'
09-28 20:43:35.265  4504  4677 D AiViewModel: run[1] chunk[7].preview='_'
09-28 20:43:35.376  4504  4504 D LiteRtRepository: stream[rid=1 msg#8] done=false deltaLen=6 outLen=26 outPreview='{"score":1,"missing_points' deltaPreview='points'
09-28 20:43:35.376  4504  4609 D AiViewModel: run[1] chunk[8].preview='points'
09-28 20:43:35.486  4504  4609 D AiViewModel: run[1] chunk[9].preview='":["'
09-28 20:43:35.535  4504  4825 I com.negi.survey: Explicit concurrent mark compact GC freed 4448KB AllocSpace bytes, 1(20KB) LOS objects, 76% free, 7481KB/31MB, paused 415us,3.910ms total 44.192ms
09-28 20:43:35.618  4504  4609 D AiViewModel: run[1] chunk[10].preview='fall'
09-28 20:43:35.743  4504  4609 D AiViewModel: run[1] chunk[11].preview='␠army'
09-28 20:43:35.867  4504  4609 D AiViewModel: run[1] chunk[12].preview='worm'
09-28 20:43:35.983  4504  4609 D AiViewModel: run[1] chunk[13].preview='␠affected'
09-28 20:43:36.093  4504  4609 D AiViewModel: run[1] chunk[14].preview='␠maize'
09-28 20:43:36.215  4504  4609 D AiViewModel: run[1] chunk[15].preview='"]}'
09-28 20:43:36.346  4504  9197 D LiteRtLM: stream[key=fs|dev=65088|ino=23726|size=4919541760|mtime=1790636955288 runId=1] msg#16 rawChunkLen=1 deltaLen=1 emittedChars=62
09-28 20:43:36.349  4504  4504 D LiteRtRepository: stream[rid=1 msg#16] done=false deltaLen=1 outLen=62 outPreview='{"score":1,"missing_points":["fall armyworm affected maize"]}\n' deltaPreview='\n'
09-28 20:43:36.349  4504  4609 D AiViewModel: run[1] chunk[16].preview='↩'
09-28 20:43:36.457  4504  9223 D LiteRtLM: state[logicalDone] key='fs|dev=65088|ino=23726|size=4919541760|mtime=1790636955288' runId=1 active=true terminated=true logicalDone=true cancel=false pendingCancel=false lastMsgAt=605120913 lastTermAt=605121024
09-28 20:43:36.458  4504  9223 D LiteRtLM: state[nativeDone:beforeRelease] key='fs|dev=65088|ino=23726|size=4919541760|mtime=1790636955288' runId=1 active=true terminated=true logicalDone=true cancel=false pendingCancel=false lastMsgAt=605120913 lastTermAt=605121024
09-28 20:43:36.459  4504  9223 W LiteRtLM: Inference timing: key='fs|dev=65088|ino=23726|size=4919541760|mtime=1790636955288' runId=1 ttftMs=5260 dispatchMs=36 postDispatchTtftMs=5224 totalMs=7196 callbacks=16 outputChars=62 cancelled=false error=false requestTotalMs=7197
09-28 20:43:36.459  4504  9223 W LiteRtLM: Inference timing: key='fs|dev=65088|ino=23726|size=4919541760|mtime=1790636955288' runId=1 ttftMs=5260 dispatchMs=36 postDispatchTtftMs=5224 totalMs=7196 callbacks=16 outputChars=62 cancelled=false error=false requestTotalMs=7197
09-28 20:43:36.459  4504  9223 I LiteRtLM: LiteRT completion: runId=1 terminal=normal_onDone phase=unavailable engineTokenCapacity=1024 prefillTokens=-1 decodeTokens=-1 kvTokens=-1 outputChars=62 callbacks=16
09-28 20:43:36.459  4504  9223 I LiteRtLM: LiteRT completion: runId=1 terminal=normal_onDone phase=unavailable engineTokenCapacity=1024 prefillTokens=-1 decodeTokens=-1 kvTokens=-1 outputChars=62 callbacks=16
09-28 20:43:36.460  4504  4504 D LiteRtRepository: [1] logical done=true; responseClosed=true; waiting native cleanup
09-28 20:43:36.460  4504  4504 D LiteRtRepository: [1] native cleanup safepoint
09-28 20:43:36.461  4504  4609 D AiViewModel: run[1] stats: chunks=16, chars=62, raw.len=62
09-28 20:43:36.461  4504  4609 D AiViewModel: run[1] sha(raw)=a61e41310a992c1ff78829d10115eff79baaef7c0578eef5188846fdebb99d40
09-28 20:43:36.462  4504  5232 D SLM     : resetConversationAndWait: model='Gemma3n4B' image=false audio=false
09-28 20:43:36.462  4504  4609 D AiViewModel: run[1] rawVisible='{"score":1,"missing_points":["fall␠armyworm␠affected␠maize"]}↩'
09-28 20:43:36.470  4504  4610 D LiteRtRepository: [1] Conversation reset completed after safepoint
09-28 20:43:36.471  4504  4610 D LiteRtRepository: [part=000] [1] FINALIZE: native-terminated
09-28 20:43:36.471  4504  4610 D LiteRtRepository: === AI TRACE STATS (LiteRtRepository) ===
09-28 20:43:36.471  4504  4610 D LiteRtRepository: rid=1 model='Gemma3n4B' reason=native-terminated
09-28 20:43:36.471  4504  4610 D LiteRtRepository: totalMs=7216 inferenceMs=7213 firstTokenMs=5266
09-28 20:43:36.471  4504  4610 D LiteRtRepository: logicalDone=true logicalDoneAt=605121026
09-28 20:43:36.471  4504  4610 D LiteRtRepository: nativeTerminated=true cancelTag='null'
09-28 20:43:36.471  4504  4610 D LiteRtRepository: lastDeltaMsAgo=123 lastEventMsAgo=11
09-28 20:43:36.471  4504  4610 D LiteRtRepository: chunks=16 emittedChars=62 capturedAll=true out.len=62
09-28 20:43:36.471  4504  4610 D LiteRtRepository: === OUTPUT (FULL) ===
09-28 20:43:36.471  4504  4610 D LiteRtRepository: {"score":1,"missing_points":["fall armyworm affected maize"]}
09-28 20:43:36.473  4504  4609 D AiViewModel: run[1]: EVAL_JSON parsed score=1 followups=0 fu0=''
09-28 20:43:36.473  4504  4609 D AiViewModel: stepHistory+ runId=1 phase=EVAL mode=EVAL_JSON raw.len=62 score=1 FU=0 FU0='<none>' timeout=false err=null
09-28 20:43:36.473  4504  4609 I AiViewModel: run[1] done: phase=EVAL mode=EVAL_JSON score=1 FU0.len=0 FU0.sha16=none commit=true err=<none>
09-28 20:43:36.473  4504  4609 I FullTextOut: [part=000] run[1]: RawTextOut
09-28 20:43:36.473  4504  4609 I FullTextOut: {"score":1,"missing_points":["fall armyworm affected maize"]}
09-28 20:43:36.478  4504  4609 D SurveyVM: getFollowupPrompt[Q7] -> len=387 evalLen=62
09-28 20:43:36.478  4504  4609 D AiViewModel: run[2]: mode=FOLLOWUP_JSON_OR_TEXT phase=FOLLOWUP commit=false prompt.len=387, fullPrompt.len=924, timeoutMs=120000
09-28 20:43:36.479  4504  4504 I View    : setRequestedFrameRate frameRate=-4.0, this=android.view.View{8bd9c34 V.ED..... ........ 0,0-0,0}, caller=androidx.compose.ui.platform.Api35Impl.setRequestedFrameRate:4047 androidx.compose.ui.platform.AndroidComposeView.dispatchDraw:2282 android.view.View.draw:26758 android.view.View.updateDisplayListIfDirty:25577 android.view.ViewGroup.recreateChildDisplayList:4881 
09-28 20:43:36.479  4504  4609 D AiViewModel: run[2]: sha(prompt)=1bab0f6a4c9d6e1fc4b6e16caa2c7995c7a8e284dea383989953e2f5945eb4af sha(full)=75c86397ec945cc274dfb1c48b63ab5c24e1e245332bd7c7941be544508ec83e
09-28 20:43:36.479  4504  4609 I FullPromptReview: [part=000] run[2]: phase=FOLLOWUP FullPrompt
09-28 20:43:36.479  4504  4609 I FullPromptReview: Evaluate only the original survey target using all supplied answers.
09-28 20:43:36.479  4504  4609 I FullPromptReview: Generate exactly one short English question addressing one unresolved target-required deficiency in EVAL_JSON. Use the original target, original answer and accumulated answered followup pairs. Do not repeat an earlier question or ask for information already provided. Never add new objectives. Output only the question on one line; no JSON, score, analysis, labels, or quotes.
09-28 20:43:36.479  4504  4609 I FullPromptReview: Keep the question short and single-scope.
09-28 20:43:36.479  4504  4609 I FullPromptReview: Exactly one English question on one line.
09-28 20:43:36.479  4504  4609 I FullPromptReview: INPUT:
09-28 20:43:36.479  4504  4609 I FullPromptReview: Expected answer target: Whether FAW affected the crop and, if yes, at least one concrete description of its effect, such as yield loss or a type of crop damage.
09-28 20:43:36.479  4504  4609 I FullPromptReview: Question: Has fall armyworm ever affected your maize? If yes, what damage or losses did it cause?
09-28 20:43:36.479  4504  4609 I FullPromptReview: Original answer: I don't know
09-28 20:43:36.479  4504  4609 I FullPromptReview: Answered followup pairs: 
09-28 20:43:36.479  4504  4609 I FullPromptReview: EVAL_JSON: {"score":1,"missing_points":["fall armyworm affected maize"]}
09-28 20:43:36.480  4504  4610 D LiteRtRepository: [2] request start model='Gemma3n4B' prompt.len=924 sha=75c86397ec945cc2 gateWaitMs=0
09-28 20:43:36.481  4504  4610 D LiteRtRepository: [part=000] [2] PROMPT (FULL) sha=75c86397ec945cc2
09-28 20:43:36.481  4504  4610 D LiteRtRepository: Evaluate only the original survey target using all supplied answers.
09-28 20:43:36.481  4504  4610 D LiteRtRepository: Generate exactly one short English question addressing one unresolved target-required deficiency in EVAL_JSON. Use the original target, original answer and accumulated answered followup pairs. Do not repeat an earlier question or ask for information already provided. Never add new objectives. Output only the question on one line; no JSON, score, analysis, labels, or quotes.
09-28 20:43:36.481  4504  4610 D LiteRtRepository: Keep the question short and single-scope.
09-28 20:43:36.481  4504  4610 D LiteRtRepository: Exactly one English question on one line.
09-28 20:43:36.481  4504  4610 D LiteRtRepository: INPUT:
09-28 20:43:36.481  4504  4610 D LiteRtRepository: Expected answer target: Whether FAW affected the crop and, if yes, at least one concrete description of its effect, such as yield loss or a type of crop damage.
09-28 20:43:36.481  4504  4610 D LiteRtRepository: Question: Has fall armyworm ever affected your maize? If yes, what damage or losses did it cause?
09-28 20:43:36.481  4504  4610 D LiteRtRepository: Original answer: I don't know
09-28 20:43:36.481  4504  4610 D LiteRtRepository: Answered followup pairs: 
09-28 20:43:36.481  4504  4610 D LiteRtRepository: EVAL_JSON: {"score":1,"missing_points":["fall armyworm affected maize"]}
09-28 20:43:36.481  4504  5232 D SLM     : initializeIfNeeded: model='Gemma3n4B' image=false audio=false
09-28 20:43:36.482  4504  5232 D LiteRtLM: initializeIfNeeded: warm runtime already ready: key='fs|dev=65088|ino=23726|size=4919541760|mtime=1790636955288'
09-28 20:43:36.482  4504  4610 D LiteRtRepository: [2] initializeIfNeeded ok initMs=1
09-28 20:43:36.483  4504  5232 D SLM     : runInference: model='Gemma3n4B' textLen=924 images=0 audio=0
09-28 20:43:36.483  4504  4504 I View    : setRequestedFrameRate frameRate=NaN, this=android.view.View{8bd9c34 V.ED..... ........ 0,0-0,0}, caller=androidx.compose.ui.platform.Api35Impl.setRequestedFrameRate:4047 androidx.compose.ui.platform.AndroidComposeView.dispatchDraw:2282 android.view.View.draw:26758 android.view.View.updateDisplayListIfDirty:25577 android.view.ViewGroup.recreateChildDisplayList:4881 
09-28 20:43:36.484  4504  4610 D LiteRtLM: state[run:start] key='fs|dev=65088|ino=23726|size=4919541760|mtime=1790636955288' runId=2 active=true terminated=false logicalDone=false cancel=false pendingCancel=false lastMsgAt=605121050 lastTermAt=605121024
09-28 20:43:36.484  4504  4610 D LiteRtLM: runInference start: key='fs|dev=65088|ino=23726|size=4919541760|mtime=1790636955288' runId=2 hasText=true originalTextLen=924 effectiveTextLen=924 images=0 audioClips=0
09-28 20:43:36.484  4504  4610 D LiteRtLM: LiteRT-LM sendMessageAsync(text): key='fs|dev=65088|ino=23726|size=4919541760|mtime=1790636955288' runId=2 len=924 maxOutputTokens=64
09-28 20:43:36.487  4504  4610 D LiteRtLM: sendMessageAsync accepted: key='fs|dev=65088|ino=23726|size=4919541760|mtime=1790636955288' runId=2 dispatchMs=4
09-28 20:43:36.780  4504  4554 I com.negi.survey: Explicit concurrent mark compact GC freed 5068KB AllocSpace bytes, 12(416KB) LOS objects, 76% free, 7469KB/31MB, paused 381us,2.689ms total 34.767ms
09-28 20:43:37.990  4504  9197 W LiteRtLM: Inference first output: key='fs|dev=65088|ino=23726|size=4919541760|mtime=1790636955288' runId=2 ttftMs=1506 dispatchMs=4 postDispatchTtftMs=1502 requestToFirstOutputMs=1506
09-28 20:43:37.992  4504  9197 W LiteRtLM: Inference first output: key='fs|dev=65088|ino=23726|size=4919541760|mtime=1790636955288' runId=2 ttftMs=1506 dispatchMs=4 postDispatchTtftMs=1502 requestToFirstOutputMs=1506
09-28 20:43:37.992  4504  9197 D LiteRtLM: stream[key=fs|dev=65088|ino=23726|size=4919541760|mtime=1790636955288 runId=2] msg#1 rawChunkLen=3 deltaLen=3 emittedChars=3
09-28 20:43:37.994  4504  4504 D LiteRtRepository: stream[rid=2 msg#1] done=false deltaLen=3 outLen=3 outPreview='Can' deltaPreview='Can'
09-28 20:43:37.995  4504  4610 D AiViewModel: run[2] chunk[1].preview='Can'
09-28 20:43:38.000  4504  4554 I com.negi.survey: Explicit concurrent mark compact GC freed 4208KB AllocSpace bytes, 1(20KB) LOS objects, 76% free, 7581KB/31MB, paused 274us,1.949ms total 44.017ms
09-28 20:43:38.109  4504  4610 D AiViewModel: run[2] chunk[2].preview='␠you'
09-28 20:43:38.220  4504  4610 D AiViewModel: run[2] chunk[3].preview='␠specify'
09-28 20:43:38.358  4504  4610 D AiViewModel: run[2] chunk[4].preview='␠if'
09-28 20:43:38.477  4504  4610 D AiViewModel: run[2] chunk[5].preview='␠fall'
09-28 20:43:38.607  4504  4610 D AiViewModel: run[2] chunk[6].preview='␠army'
09-28 20:43:38.718  4504  4681 D AiViewModel: run[2] chunk[7].preview='worm'
09-28 20:43:38.842  4504  4504 D LiteRtRepository: stream[rid=2 msg#8] done=false deltaLen=9 outLen=41 outPreview='Can you specify if fall armyworm affected' deltaPreview=' affected'
09-28 20:43:38.843  4504  4610 D AiViewModel: run[2] chunk[8].preview='␠affected'
09-28 20:43:38.966  4504  4610 D AiViewModel: run[2] chunk[9].preview='␠your'
09-28 20:43:39.092  4504  4610 D AiViewModel: run[2] chunk[10].preview='␠maize'
09-28 20:43:39.201  4504  4610 D AiViewModel: run[2] chunk[11].preview='␠and'
09-28 20:43:39.237  4504  4554 I com.negi.survey: Explicit concurrent mark compact GC freed 4640KB AllocSpace bytes, 1(20KB) LOS objects, 76% free, 7453KB/31MB, paused 415us,3.846ms total 40.711ms
09-28 20:43:39.316  4504  4610 D AiViewModel: run[2] chunk[12].preview='␠describe'
09-28 20:43:39.427  4504  4610 D AiViewModel: run[2] chunk[13].preview='␠any'
09-28 20:43:39.551  4504  4610 D AiViewModel: run[2] chunk[14].preview='␠resulting'
09-28 20:43:39.669  4504  4610 D AiViewModel: run[2] chunk[15].preview='␠damage'
09-28 20:43:39.790  4504  9197 D LiteRtLM: stream[key=fs|dev=65088|ino=23726|size=4919541760|mtime=1790636955288 runId=2] msg#16 rawChunkLen=3 deltaLen=3 emittedChars=89
09-28 20:43:39.791  4504  4504 D LiteRtRepository: stream[rid=2 msg#16] done=false deltaLen=3 outLen=89 outPreview='Can you specify if fall armyworm affected your maize and describe any resulting damage or' deltaPreview=' or'
09-28 20:43:39.791  4504  4610 D AiViewModel: run[2] chunk[16].preview='␠or'
09-28 20:43:39.924  4504  4610 D AiViewModel: run[2] chunk[17].preview='␠yield'
09-28 20:43:40.049  4504  4610 D AiViewModel: run[2] chunk[18].preview='␠loss'
09-28 20:43:40.175  4504  4610 D AiViewModel: run[2] chunk[19].preview='?'
09-28 20:43:40.298  4504  9223 D LiteRtLM: state[logicalDone] key='fs|dev=65088|ino=23726|size=4919541760|mtime=1790636955288' runId=2 active=true terminated=true logicalDone=true cancel=false pendingCancel=false lastMsgAt=605124737 lastTermAt=605124865
09-28 20:43:40.299  4504  9223 D LiteRtLM: state[nativeDone:beforeRelease] key='fs|dev=65088|ino=23726|size=4919541760|mtime=1790636955288' runId=2 active=true terminated=true logicalDone=true cancel=false pendingCancel=false lastMsgAt=605124737 lastTermAt=605124865
09-28 20:43:40.299  4504  9223 W LiteRtLM: Inference timing: key='fs|dev=65088|ino=23726|size=4919541760|mtime=1790636955288' runId=2 ttftMs=1506 dispatchMs=4 postDispatchTtftMs=1502 totalMs=3815 callbacks=19 outputChars=101 cancelled=false error=false requestTotalMs=3815
09-28 20:43:40.299  4504  9223 W LiteRtLM: Inference timing: key='fs|dev=65088|ino=23726|size=4919541760|mtime=1790636955288' runId=2 ttftMs=1506 dispatchMs=4 postDispatchTtftMs=1502 totalMs=3815 callbacks=19 outputChars=101 cancelled=false error=false requestTotalMs=3815
09-28 20:43:40.299  4504  9223 I LiteRtLM: LiteRT completion: runId=2 terminal=normal_onDone phase=unavailable engineTokenCapacity=1024 prefillTokens=-1 decodeTokens=-1 kvTokens=-1 outputChars=101 callbacks=19
09-28 20:43:40.299  4504  9223 I LiteRtLM: LiteRT completion: runId=2 terminal=normal_onDone phase=unavailable engineTokenCapacity=1024 prefillTokens=-1 decodeTokens=-1 kvTokens=-1 outputChars=101 callbacks=19
09-28 20:43:40.300  4504  4504 D LiteRtRepository: [2] logical done=true; responseClosed=true; waiting native cleanup
09-28 20:43:40.301  4504  4504 D LiteRtRepository: [2] native cleanup safepoint
09-28 20:43:40.301  4504  4610 D AiViewModel: run[2] stats: chunks=19, chars=101, raw.len=101
09-28 20:43:40.301  4504  5232 D SLM     : resetConversationAndWait: model='Gemma3n4B' image=false audio=false
09-28 20:43:40.302  4504  4610 D AiViewModel: run[2] sha(raw)=ae14367ad6835d42ba5e25899d651f7db277b98637ec3609cc87a79e2ec4ceff
09-28 20:43:40.302  4504  4610 D AiViewModel: run[2] rawVisible='Can␠you␠specify␠if␠fall␠armyworm␠affected␠your␠maize␠and␠describe␠any␠resulting␠damage␠or␠yield␠loss?'
09-28 20:43:40.304  4504  4610 D AiViewModel: run[2]: FOLLOWUP parse extractorQ='Can␠you␠specify␠if␠fall␠armyworm␠affected␠your␠maize␠and␠describe␠any␠resulting␠damage␠or␠yield␠loss?' textQ='Can␠you␠specify␠if␠fall␠armyworm␠affected␠your␠maize␠and␠describe␠any␠resulting␠damage␠or␠yield␠loss?' best='Can␠you␠specify␠if␠fall␠armyworm␠affected␠your␠maize␠and␠describe␠any␠resulting␠damage␠or␠yield␠loss?'
09-28 20:43:40.304  4504  4610 D AiViewModel: stepHistory+ runId=2 phase=FOLLOWUP mode=FOLLOWUP_JSON_OR_TEXT raw.len=101 score=null FU=1 FU0='Can␠you␠specify␠if␠fall␠armyworm␠affected␠your␠maize␠and␠describe␠any␠resulting␠damage␠or␠yield␠loss?' timeout=false err=null
09-28 20:43:40.306  4504  4610 I AiViewModel: run[2] done: phase=FOLLOWUP mode=FOLLOWUP_JSON_OR_TEXT score=null FU0.len=101 FU0.sha16=ae14367ad6835d42 commit=false err=<none>
09-28 20:43:40.306  4504  4675 D LiteRtRepository: [2] Conversation reset completed after safepoint
09-28 20:43:40.307  4504  4610 I FullTextOut: [part=000] run[2]: RawTextOut
09-28 20:43:40.307  4504  4610 I FullTextOut: Can you specify if fall armyworm affected your maize and describe any resulting damage or yield loss?
09-28 20:43:40.307  4504  4675 D LiteRtRepository: [part=000] [2] FINALIZE: native-terminated
09-28 20:43:40.307  4504  4675 D LiteRtRepository: === AI TRACE STATS (LiteRtRepository) ===
09-28 20:43:40.307  4504  4675 D LiteRtRepository: rid=2 model='Gemma3n4B' reason=native-terminated
09-28 20:43:40.307  4504  4675 D LiteRtRepository: totalMs=3826 inferenceMs=3824 firstTokenMs=1512
09-28 20:43:40.307  4504  4675 D LiteRtRepository: logicalDone=true logicalDoneAt=605124866
09-28 20:43:40.307  4504  4675 D LiteRtRepository: nativeTerminated=true cancelTag='null'
09-28 20:43:40.307  4504  4675 D LiteRtRepository: lastDeltaMsAgo=132 lastEventMsAgo=6
09-28 20:43:40.307  4504  4675 D LiteRtRepository: chunks=19 emittedChars=101 capturedAll=true out.len=101
09-28 20:43:40.307  4504  4675 D LiteRtRepository: === OUTPUT (FULL) ===
09-28 20:43:40.307  4504  4675 D LiteRtRepository: Can you specify if fall armyworm affected your maize and describe any resulting damage or yield loss?
09-28 20:43:40.350  4504  4504 I View    : setRequestedFrameRate frameRate=-4.0, this=android.view.View{8bd9c34 V.ED..... ........ 0,0-0,0}, caller=androidx.compose.ui.platform.Api35Impl.setRequestedFrameRate:4047 androidx.compose.ui.platform.AndroidComposeView.dispatchDraw:2282 android.view.View.draw:26758 android.view.View.updateDisplayListIfDirty:25577 android.view.ViewGroup.recreateChildDisplayList:4881 
09-28 20:43:40.357  4504  4504 I View    : setRequestedFrameRate frameRate=NaN, this=android.view.View{8bd9c34 V.ED..... ........ 0,0-0,0}, caller=androidx.compose.ui.platform.Api35Impl.setRequestedFrameRate:4047 androidx.compose.ui.platform.AndroidComposeView.dispatchDraw:2282 android.view.View.draw:26758 android.view.View.updateDisplayListIfDirty:25577 android.view.ViewGroup.recreateChildDisplayList:4881 
09-28 20:43:40.371  4504  4504 I View    : setRequestedFrameRate frameRate=-4.0, this=android.view.View{8bd9c34 V.ED..... ........ 0,0-0,0}, caller=androidx.compose.ui.platform.Api35Impl.setRequestedFrameRate:4047 androidx.compose.ui.platform.AndroidComposeView.dispatchDraw:2282 android.view.View.draw:26758 android.view.View.updateDisplayListIfDirty:25577 android.view.ViewGroup.recreateChildDisplayList:4881 
09-28 20:43:40.375  4504  4504 I View    : setRequestedFrameRate frameRate=NaN, this=android.view.View{8bd9c34 V.ED..... ........ 0,0-0,0}, caller=androidx.compose.ui.platform.Api35Impl.setRequestedFrameRate:4047 androidx.compose.ui.platform.AndroidComposeView.dispatchDraw:2282 android.view.View.draw:26758 android.view.View.updateDisplayListIfDirty:25577 android.view.ViewGroup.recreateChildDisplayList:4881 
09-28 20:43:40.464  4504  4915 I com.negi.survey: Explicit concurrent mark compact GC freed 4908KB AllocSpace bytes, 8(272KB) LOS objects, 76% free, 7497KB/31MB, paused 188us,2.348ms total 31.179ms
09-28 20:43:41.703  4504  4915 I com.negi.survey: Explicit concurrent mark compact GC freed 4204KB AllocSpace bytes, 1(20KB) LOS objects, 76% free, 7485KB/31MB, paused 378us,2.676ms total 37.908ms
09-28 20:43:42.965  4504  4554 I com.negi.survey: Explicit concurrent mark compact GC freed 4220KB AllocSpace bytes, 1(20KB) LOS objects, 76% free, 7521KB/31MB, paused 151us,1.949ms total 41.069ms
09-28 20:43:44.239  4504  4554 I com.negi.survey: Explicit concurrent mark compact GC freed 4256KB AllocSpace bytes, 1(20KB) LOS objects, 76% free, 7521KB/31MB, paused 156us,2.160ms total 42.038ms
09-28 20:43:45.451  4504  4554 I com.negi.survey: Explicit concurrent mark compact GC freed 4100KB AllocSpace bytes, 1(20KB) LOS objects, 76% free, 7485KB/31MB, paused 148us,1.940ms total 50.038ms
09-28 20:43:46.688  4504  4554 I com.negi.survey: Explicit concurrent mark compact GC freed 4092KB AllocSpace bytes, 1(20KB) LOS objects, 76% free, 7521KB/31MB, paused 151us,1.703ms total 38.915ms
09-28 20:43:47.906  4504  4554 I com.negi.survey: Explicit concurrent mark compact GC freed 4100KB AllocSpace bytes, 1(20KB) LOS objects, 76% free, 7517KB/31MB, paused 161us,2.172ms total 38.727ms
09-28 20:43:49.157  4504  4554 I com.negi.survey: Explicit concurrent mark compact GC freed 4188KB AllocSpace bytes, 1(20KB) LOS objects, 76% free, 7521KB/31MB, paused 348us,1.706ms total 45.946ms
09-28 20:44:04.234  4504  4915 I com.negi.survey: Explicit concurrent mark compact GC freed 23MB AllocSpace bytes, 1(20KB) LOS objects, 75% free, 8145KB/31MB, paused 421us,1.875ms total 43.897ms
09-28 20:44:04.234  4504  4524 I com.negi.survey: WaitForGcToComplete blocked Background on Explicit for 14.750ms
09-28 21:28:22.661  4504  4524 I com.negi.survey: Background young concurrent mark compact GC freed 22MB AllocSpace bytes, 0(0B) LOS objects, 70% free, 9609KB/31MB, paused 323us,6.217ms total 52.766ms
09-28 22:05:18.950  4504  4603 I com.negi.survey: Waiting for a blocking GC ProfileSaver
09-28 22:05:18.975  4504  4603 I com.negi.survey: WaitForGcToComplete blocked ProfileSaver on Background for 25.010ms
09-28 22:20:51.755 12589 12589 I Zygote  : Process 12589 created for com.negi.survey
09-28 22:20:51.756 12589 12589 I com.negi.survey: Late-enabling -Xcheck:jni
09-28 22:20:51.809 12589 12589 I com.negi.survey: Using CollectorTypeCMC GC.
09-28 22:20:51.837 12589 12589 D nativeloader: Load libframework-connectivity-tiramisu-jni.so using APEX ns com_android_tethering for caller /apex/com.android.tethering/javalib/framework-connectivity-t.jar: ok
09-28 22:20:51.854 12589 12589 D ActivityThread: setConscryptValidator
09-28 22:20:51.858 12589 12589 D ActivityThread: setConscryptValidator - put
09-28 22:20:51.910 12589 12589 D ApplicationLoaders: Returning zygote-cached class loader: /system_ext/framework/androidx.window.extensions.jar
09-28 22:20:51.910 12589 12589 D ApplicationLoaders: Returning zygote-cached class loader: /system_ext/framework/androidx.window.sidecar.jar
09-28 22:20:52.280 12589 12589 D nativeloader: Configuring clns-9 for other apk /data/app/~~IlIKU91Tj8nXyI7Eu2cFWw==/com.negi.survey-KxHPUFbAtIHcu1ANQvpC2g==/base.apk. target_sdk_version=36, uses_libraries=libOpenCL.so, library_path=/data/app/~~IlIKU91Tj8nXyI7Eu2cFWw==/com.negi.survey-KxHPUFbAtIHcu1ANQvpC2g==/lib/arm64:/data/app/~~IlIKU91Tj8nXyI7Eu2cFWw==/com.negi.survey-KxHPUFbAtIHcu1ANQvpC2g==/base.apk!/lib/arm64-v8a, permitted_path=/data:/mnt/expand:/data/user/0/com.negi.survey
09-28 22:20:52.289 12589 12589 V GraphicsEnvironment: Currently set values for:
09-28 22:20:52.289 12589 12589 V GraphicsEnvironment:   angle_gl_driver_selection_pkgs=[]
09-28 22:20:52.289 12589 12589 V GraphicsEnvironment:   angle_gl_driver_selection_values=[]
09-28 22:20:52.289 12589 12589 V GraphicsEnvironment: com.negi.survey is not listed in per-application setting
09-28 22:20:52.289 12589 12589 V GraphicsEnvironment: ANGLE allowlist from config: com.dreamgames.royalmatch com.dts.freefiremax com.dxx.firenow com.gramgames.mergedragons com.ludo.king com.mojang.minecraftpe com.my.defense com.nintendo.zaka com.os.airforce com.playrix.fishdomdd.gplay io.teslatech.callbreak jp.konami.prospia net.peakgames.toonblast
09-28 22:20:52.289 12589 12589 V GraphicsEnvironment: No special selections for ANGLE, returning default driver choice
09-28 22:20:52.289 12589 12589 V GraphicsEnvironment: Neither updatable production driver nor prerelease driver is supported.
09-28 22:20:52.334 12589 12589 D nativeloader: Load /data/app/~~IlIKU91Tj8nXyI7Eu2cFWw==/com.negi.survey-KxHPUFbAtIHcu1ANQvpC2g==/base.apk!/lib/arm64-v8a/liblitertlm_jni.so using class loader ns clns-9 (caller=/data/app/~~IlIKU91Tj8nXyI7Eu2cFWw==/com.negi.survey-KxHPUFbAtIHcu1ANQvpC2g==/base.apk!classes10.dex): ok
09-28 22:20:52.334 12589 12589 D SurveyApp: Loaded LiteRTLM JNI: litertlm_jni where=attachBaseContext
09-28 22:20:52.345 12589 12589 D AppRingLogStore: installed: dir=/data/user/0/com.negi.survey/files/diagnostics/applog_ring idx=0
09-28 22:20:52.345 12589 12589 D SurveyApp: attachBaseContext: pid=12589 process=com.negi.survey isMain=true sdk=36
09-28 22:20:52.345 12589 12589 D SurveyApp: bootTiming: attachBaseContext total=31ms
09-28 22:20:52.345 12589 12589 D SurveyApp: Skipping WorkManager init in attachBaseContext; will init lazily on first enqueue.
09-28 22:20:52.348 12589 12589 D CrashCapture: install: ensured default handler. where=SurveyApp:attachBaseContext pid=12589 default=com.negi.survey.CrashCapture$CrashHandler@b2054f4
09-28 22:20:52.348 12589 12589 D SurveyApp: CrashCapture installed: where=SurveyApp:attachBaseContext
09-28 22:20:52.352 12589 12683 D RuntimeLogStore: openWriter: start -> /data/user/0/com.negi.survey/files/diagnostics/runtime_logs/rtlog_20260929_032052_340_pid12589_seq1.log (bytes=0 format=LEGACY)
09-28 22:20:52.352 12589 12589 E com.negi.survey: hiddenapi: Accessing hidden method Landroid/net/ssl/EchConfigMismatchException;->getRetryConfigList()Landroid/net/ssl/EchConfigList; (runtime_flags=0, domain=core-platform, api=blocked) from /data/app/~~IlIKU91Tj8nXyI7Eu2cFWw==/com.negi.survey-KxHPUFbAtIHcu1ANQvpC2g==/base.apk!classes17.dex (domain=app, TargetSdkVersion=36) using linking: denied
09-28 22:20:52.352 12589 12589 E com.negi.survey: hiddenapi: Accessing hidden method Landroid/net/ssl/EchConfigList;->toBytes()[B (runtime_flags=0, domain=core-platform, api=blocked) from /data/app/~~IlIKU91Tj8nXyI7Eu2cFWw==/com.negi.survey-KxHPUFbAtIHcu1ANQvpC2g==/base.apk!classes17.dex (domain=app, TargetSdkVersion=36) using linking: denied
09-28 22:20:52.352 12589 12589 E com.negi.survey: hiddenapi: Accessing hidden method Landroid/net/ssl/EchConfigList;->fromBytes([B)Landroid/net/ssl/EchConfigList; (runtime_flags=0, domain=core-platform, api=blocked) from /data/app/~~IlIKU91Tj8nXyI7Eu2cFWw==/com.negi.survey-KxHPUFbAtIHcu1ANQvpC2g==/base.apk!classes17.dex (domain=app, TargetSdkVersion=36) using linking: denied
09-28 22:20:52.352 12589 12589 E com.negi.survey: hiddenapi: Accessing hidden method Landroid/net/ssl/SSLSockets;->setEchConfigList(Ljavax/net/ssl/SSLSocket;Landroid/net/ssl/EchConfigList;)V (runtime_flags=0, domain=core-platform, api=blocked) from /data/app/~~IlIKU91Tj8nXyI7Eu2cFWw==/com.negi.survey-KxHPUFbAtIHcu1ANQvpC2g==/base.apk!classes17.dex (domain=app, TargetSdkVersion=36) using linking: denied
09-28 22:20:52.353 12589 12683 D RuntimeLogStore: retention: start files=2 kept=2 totalBytes=36944
09-28 22:20:52.360 12589 12589 D SurveyApp: LiteRTLM JNI already loaded; skip. where=onCreate(retry)
09-28 22:20:52.361 12589 12589 D SurveyApp: bootTiming: RuntimeLogStore.start took=0ms
09-28 22:20:52.361 12589 12589 D SurveyApp: bootTiming: AppRingLogStore.install took=0ms
09-28 22:20:52.361 12589 12589 D SurveyApp: onCreate: pid=12589 process=com.negi.survey isMain=true sdk=36
09-28 22:20:52.367 12589 12589 D CrashCapture: install: ensured default handler. where=SurveyApp:onCreate(rewrap) pid=12589 default=com.negi.survey.CrashCapture$CrashHandler@b2054f4
09-28 22:20:52.367 12589 12589 D SurveyApp: CrashCapture installed: where=SurveyApp:onCreate(rewrap)
09-28 22:20:52.367 12589 12589 D CrashCapture: registerSelfHealing: ActivityLifecycleCallbacks registered. mode=onResumedOnly
09-28 22:20:52.367 12589 12589 D SurveyApp: CrashCapture self-healing registered.
09-28 22:20:52.367 12589 12589 W SurveyApp: Startup enqueues deferred: delay=2500ms (to reduce init contention)
09-28 22:20:52.368 12589 12589 D SurveyApp: Startup survey recovery deferred: delay=2500ms
09-28 22:20:52.368 12589 12589 D SurveyApp: bootTiming: onCreate total=7ms
09-28 22:20:52.402 12589 12686 I UploadRescheduleRcvr: Survey recovery action=android.intent.action.MY_PACKAGE_REPLACED discovered=0 reconciled=0 duplicates=0 unclassified=0 operationalFailures=0 classifications={}
09-28 22:20:52.404 12589 12686 D UploadRescheduleRcvr: No generic GitHub pending files for action=android.intent.action.MY_PACKAGE_REPLACED
09-28 22:20:52.437 12589 12686 D github_upload: enqueueStartupRuntimeLogsUpload: uniqueName=upload_runtime_logs_startup policy=KEEP session=startup_runtime_20260929_032052_d33fa255
09-28 22:20:52.508 12589 12686 D WM-PackageManagerHelper: Skipping component enablement for androidx.work.impl.background.systemjob.SystemJobService
09-28 22:20:52.508 12589 12686 D WM-Schedulers: Created SystemJobScheduler and enabled SystemJobService
09-28 22:20:52.514 12589 12700 D WM-ForceStopRunnable: Is default app process = true
09-28 22:20:52.515 12589 12700 D WM-ForceStopRunnable: Performing cleanup operations.
09-28 22:20:52.530 12589 12686 D UploadRescheduleRcvr: Enqueued runtime logs upload for action=android.intent.action.MY_PACKAGE_REPLACED reason=receiver_my_package_replaced
09-28 22:20:52.536 12589 12700 E ashmem  : Pinning is deprecated since Android Q. Please use trim or other methods.
09-28 22:20:52.577 12589 12700 D WM-SystemJobScheduler: Reconciling jobs
09-28 22:20:52.608 12589 12700 D WM-ForceStopRunnable: Found unfinished work, scheduling it.
09-28 22:20:52.696 12589 12707 D WM-SystemJobScheduler: Scheduling work ID 85e357bc-a264-415e-be1a-149aeb8bbf5eJob ID 25
09-28 22:20:52.702 12589 12707 D WM-GreedyScheduler: Starting tracking for 85e357bc-a264-415e-be1a-149aeb8bbf5e
09-28 22:20:52.705 12589 12589 D WM-SystemJobService: onStartJob for WorkGenerationalId(workSpecId=85e357bc-a264-415e-be1a-149aeb8bbf5e, generation=0)
09-28 22:20:52.729 12589 12706 D WM-Processor: Processor: processing WorkGenerationalId(workSpecId=85e357bc-a264-415e-be1a-149aeb8bbf5e, generation=0)
09-28 22:20:52.755 12589 12589 D WM-WorkerWrapper: Starting work for com.negi.survey.net.GitHubUploadWorker
09-28 22:20:52.757 12589 12707 D WM-WorkConstraintsTrack: NetworkRequestConstraintController register shared callback
09-28 22:20:52.759 12589 12707 D ConnectivityManager: StackLog: [android.net.ConnectivityManager.sendRequestForNetwork(ConnectivityManager.java:4738)] [android.net.ConnectivityManager.registerDefaultNetworkCallbackForUid(ConnectivityManager.java:5463)] [android.net.ConnectivityManager.registerDefaultNetworkCallback(ConnectivityManager.java:5430)] [android.net.ConnectivityManager.registerDefaultNetworkCallback(ConnectivityManager.java:5404)] [androidx.work.impl.constraints.SharedNetworkCallback.addCallback(WorkConstraintsTracker.kt:362)] [androidx.work.impl.constraints.NetworkRequestConstraintController$track$1.invokeSuspend(WorkConstraintsTracker.kt:179)] [androidx.work.impl.constraints.NetworkRequestConstraintController$track$1.invoke(Unknown Source:8)] [androidx.work.impl.constraints.NetworkRequestConstraintController$track$1.invoke(Unknown Source:4)] [kotlinx.coroutines.flow.ChannelFlowBuilder.collectTo$suspendImpl(Builders.kt:316)] [kotlinx.coroutines.flow.ChannelFlowBuilder.collectTo(Unknown Source:0)] [kotlinx.coroutines.flow.CallbackFlowBuilder.collectTo(Builders.kt:330)] [kotlinx.coroutines.flow.internal.ChannelFlow$collectToFun$1.invokeSuspend(ChannelFlow.kt:56)] [kotlin.coroutines.jvm.internal.BaseContinuationImpl.resumeWith(ContinuationImpl.kt:34)] [kotlinx.coroutines.DispatchedTask.run(DispatchedTask.kt:100)] [androidx.work.impl.utils.SerialExecutorImpl$Task.run(SerialExecutorImpl.java:96)] [java.util.concurrent.ThreadPoolExecutor.runWorker(ThreadPoolExecutor.java:1154)] [java.util.concurrent.ThreadPoolExecutor$Worker.run(ThreadPoolExecutor.java:652)] [java.lang.Thread.run(Thread.java:1563)]
09-28 22:20:52.770 12589 12709 D WM-WorkConstraintsTrack: NetworkRequestConstraintController onCapabilitiesChanged callback
09-28 22:20:52.770 12589 12709 D WM-WorkConstraintsTrack: Not dispatching constraint state yet: isBlocked=null, capabilitiesInitialized=true
09-28 22:20:52.770 12589 12709 D WM-WorkConstraintsTrack: NetworkRequestConstraintController onBlockedStatusChanged callback false
09-28 22:20:52.770 12589 12707 D WM-PackageManagerHelper: androidx.work.impl.background.systemalarm.RescheduleReceiver enabled
09-28 22:20:52.776 12589 12706 I WM-Processor: Moving WorkSpec (85e357bc-a264-415e-be1a-149aeb8bbf5e) to the foreground
09-28 22:20:52.790 12589 12589 I WM-SystemFgDispatcher: Started foreground service Intent { act=ACTION_START_FOREGROUND xflg=0x4 cmp=com.negi.survey/androidx.work.impl.foreground.SystemForegroundService (has extras) }
09-28 22:20:52.790 12589 12589 D WM-SystemFgDispatcher: Notifying with (id:9751, workSpecId: 85e357bc-a264-415e-be1a-149aeb8bbf5e, notificationType :1)
09-28 22:20:52.792 12589 12589 D WM-SystemFgDispatcher: Notifying with (id:9751, workSpecId: 85e357bc-a264-415e-be1a-149aeb8bbf5e, notificationType :1)
09-28 22:20:52.793 12589 12589 I NotificationManager: com.negi.survey: notify(9751, null, Notification(channel=uploads shortcut=null contentView=null vibrate=null sound=null defaults=0 flags=ONGOING_EVENT|ONLY_ALERT_ONCE color=0x00000000 category=progress vis=PRIVATE semFlags=0x0 semPriority=0 semMissedCount=0 semScenarioType=0)) as user
09-28 22:20:52.793 12589 12589 D NotificationManager: BOOTING pkg =com.negi.survey mBlockedChannelsForOverflowNoti=[]
09-28 22:20:52.795 12589 12706 D WM-GreedyScheduler: Constraints met: Scheduling work ID WorkGenerationalId(workSpecId=85e357bc-a264-415e-be1a-149aeb8bbf5e, generation=0)
09-28 22:20:52.796 12589 12706 D WM-WorkProgressUpdater: Updating progress for 85e357bc-a264-415e-be1a-149aeb8bbf5e (Data {pct : 3, mode : startup_runtime_logs})
09-28 22:20:52.799 12589 12706 I WM-Processor: Moving WorkSpec (85e357bc-a264-415e-be1a-149aeb8bbf5e) to the foreground
09-28 22:20:52.801 12589 12589 D WM-SystemFgDispatcher: Notifying with (id:9751, workSpecId: 85e357bc-a264-415e-be1a-149aeb8bbf5e, notificationType :1)
09-28 22:20:52.801 12589 12589 I NotificationManager: com.negi.survey: notify(9751, null, Notification(channel=uploads shortcut=null contentView=null vibrate=null sound=null defaults=0 flags=ONGOING_EVENT|ONLY_ALERT_ONCE color=0x00000000 category=progress vis=PRIVATE semFlags=0x0 semPriority=0 semMissedCount=0 semScenarioType=0)) as user
09-28 22:20:52.802 12589 12706 D WM-Processor: Work WorkGenerationalId(workSpecId=85e357bc-a264-415e-be1a-149aeb8bbf5e, generation=0) is already enqueued for processing
09-28 22:20:52.803 12589 12706 D WM-WorkConstraintsTrack: NetworkRequestConstraintController send initial capabilities
09-28 22:20:53.998 12589 12683 D RuntimeLogStore: openWriter: rotate:plain_snapshot:receiver_my_package_repl -> /data/user/0/com.negi.survey/files/diagnostics/runtime_logs/rtlog_20260929_032053_997_pid12589_seq2.log (bytes=0 format=LEGACY)
09-28 22:20:53.998 12589 12683 D RuntimeLogStore: retention: rotate:plain_snapshot:receiver_my_package_repl files=3 kept=3 totalBytes=38745
09-28 22:20:54.014 12589 12686 D github_upload: doRuntimeLogsUpload: remoteBaseDir=diagnostics/runtime_logs/2026-09-29/runtime_logs_startup_runtime_20260929_032052_d33fa255_receiver_my_package_repl toUpload=2 bytes=38408 dedupe=true deleteSource=true deletedSourcePre=0 preview='runtime_log_20260929_032054_001_pid12589_receiver_my_package_repl__rtlog_20260929_032052_340_pid12589_seq1.log|runtime_log_20260929_032054_001_pid12589_receiver_my_package_repl__rtlog_20260929_013023_950_pid4504_seq2.log'
09-28 22:20:54.018 12589 12686 D GitHubUploader: uploadStream: owner=ishizuki-tech repo=SurveyExports branch=main path=diagnostics/runtime_logs/2026-09-29/runtime_logs_startup_runtime_20260929_032052_d33fa255_receiver_my_package_repl/runtime_log_20260929_032054_001_pid12589_receiver_my_package_repl__rtlog_20260929_032052_340_pid12589_seq1.log size=1782 maxRawBytesHint=1000000 maxRequestBytesHint=2800000
09-28 22:20:54.019 12589 12700 D WM-WorkProgressUpdater: Updating progress for 85e357bc-a264-415e-be1a-149aeb8bbf5e (Data {pct : 10, mode : startup_runtime_logs})
09-28 22:20:54.023 12589 12700 I WM-Processor: Moving WorkSpec (85e357bc-a264-415e-be1a-149aeb8bbf5e) to the foreground
09-28 22:20:54.027 12589 12589 D WM-SystemFgDispatcher: Notifying with (id:9751, workSpecId: 85e357bc-a264-415e-be1a-149aeb8bbf5e, notificationType :1)
09-28 22:20:54.027 12589 12589 I NotificationManager: com.negi.survey: notify(9751, null, Notification(channel=uploads shortcut=null contentView=null vibrate=null sound=null defaults=0 flags=ONGOING_EVENT|ONLY_ALERT_ONCE color=0x00000000 category=progress vis=PRIVATE semFlags=0x0 semPriority=0 semMissedCount=0 semScenarioType=0)) as user
09-28 22:20:54.333 12589 12706 D WM-WorkProgressUpdater: Updating progress for 85e357bc-a264-415e-be1a-149aeb8bbf5e (Data {pct : 14, mode : startup_runtime_logs})
09-28 22:20:54.338 12589 12706 I WM-Processor: Moving WorkSpec (85e357bc-a264-415e-be1a-149aeb8bbf5e) to the foreground
09-28 22:20:54.340 12589 12706 D WM-WorkProgressUpdater: Updating progress for 85e357bc-a264-415e-be1a-149aeb8bbf5e (Data {pct : 50, mode : startup_runtime_logs})
09-28 22:20:54.340 12589 12589 D WM-SystemFgDispatcher: Notifying with (id:9751, workSpecId: 85e357bc-a264-415e-be1a-149aeb8bbf5e, notificationType :1)
09-28 22:20:54.340 12589 12589 I NotificationManager: com.negi.survey: notify(9751, null, Notification(channel=uploads shortcut=null contentView=null vibrate=null sound=null defaults=0 flags=ONGOING_EVENT|ONLY_ALERT_ONCE color=0x00000000 category=progress vis=PRIVATE semFlags=0x0 semPriority=0 semMissedCount=0 semScenarioType=0)) as user
09-28 22:20:54.344 12589 12706 I WM-Processor: Moving WorkSpec (85e357bc-a264-415e-be1a-149aeb8bbf5e) to the foreground
09-28 22:20:54.345 12589 12589 D WM-SystemFgDispatcher: Notifying with (id:9751, workSpecId: 85e357bc-a264-415e-be1a-149aeb8bbf5e, notificationType :1)
09-28 22:20:54.345 12589 12589 I NotificationManager: com.negi.survey: notify(9751, null, Notification(channel=uploads shortcut=null contentView=null vibrate=null sound=null defaults=0 flags=ONGOING_EVENT|ONLY_ALERT_ONCE color=0x00000000 category=progress vis=PRIVATE semFlags=0x0 semPriority=0 semMissedCount=0 semScenarioType=0)) as user
09-28 22:20:54.869 12589 12589 W SurveyApp: Deferred startup enqueues begin...
09-28 22:20:54.871 12589 12589 D SurveyApp: WorkManager available. where=startupRtLogs(immediate) took=0ms
09-28 22:20:54.879 12589 12589 D SurveyApp: Startup runtime logs target -> owner=ishizuki-tech repo=SurveyExports branch=main base='/diagnostics/runtime_logs'
09-28 22:20:54.886 12589 12589 D github_upload: enqueueStartupRuntimeLogsUpload: uniqueName=upload_runtime_logs_startup policy=KEEP session=startup_runtime_20260929_032054_47d28c56
09-28 22:20:54.886 12589 12589 D SurveyApp: Startup runtime logs: enqueue requested (immediate).
09-28 22:20:54.887 12589 12589 D SurveyApp: WorkManager available. where=startupRingLogs(immediate) took=0ms
09-28 22:20:54.890 12589 12589 D SurveyApp: Startup ring logs target -> owner=ishizuki-tech repo=SurveyExports branch=main base='/diagnostics/applog_ring'
09-28 22:20:54.894 12589 12589 D github_upload: enqueueStartupRingLogsUpload: uniqueName=upload_ring_logs_startup policy=KEEP session=startup_ring_20260929_032054_65e56c89
09-28 22:20:54.894 12589 12589 D SurveyApp: Startup ring logs: enqueue requested (immediate).
09-28 22:20:54.895 12589 12589 D SurveyApp: WorkManager available. where=enqueuePending(immediate) took=0ms
09-28 22:20:54.896 12589 12589 D SurveyApp: CrashCapture pending uploads requested (immediate).
09-28 22:20:54.896 12589 12589 W SurveyApp: Deferred startup enqueues done: took=28ms
09-28 22:20:54.897 12589 12741 D CrashCapture: enqueuePendingCrashUploadsIfPossible enter where=SurveyApp:enqueuePending(immediate):bg pid=12589 thread=CrashCapture-Enqueue
09-28 22:20:54.898 12589 12687 D SurveyApp: Survey recovery WorkManager available. where=startupSurveyUploads(initial) took=0ms
09-28 22:20:54.900 12589 12687 D SurveyApp: Startup survey recovery complete: discovered=0 attempted=0 submitted=0 active=0 trackerUnconfirmed=0 uploaded=0 deferred=0 invalid=0 operationalFailures=0 duplicates=0 unclassified=0
09-28 22:20:54.911 12589 12707 D WM-SystemJobScheduler: Scheduling work ID b213ea9e-0e5f-4cdd-9ec7-154b10c7e773Job ID 26
09-28 22:20:54.914 12589 12707 D WM-GreedyScheduler: Starting tracking for b213ea9e-0e5f-4cdd-9ec7-154b10c7e773
09-28 22:20:54.914 12589 12589 D WM-SystemJobService: onStartJob for WorkGenerationalId(workSpecId=b213ea9e-0e5f-4cdd-9ec7-154b10c7e773, generation=0)
09-28 22:20:54.918 12589 12708 D WM-Processor: Processor: processing WorkGenerationalId(workSpecId=b213ea9e-0e5f-4cdd-9ec7-154b10c7e773, generation=0)
09-28 22:20:54.923 12589 12589 D WM-WorkerWrapper: Starting work for com.negi.survey.net.GitHubUploadWorker
09-28 22:20:54.923 12589 12706 D WM-WorkConstraintsTrack: NetworkRequestConstraintController send initial capabilities
09-28 22:20:54.925 12589 12706 D WM-GreedyScheduler: Constraints met: Scheduling work ID WorkGenerationalId(workSpecId=b213ea9e-0e5f-4cdd-9ec7-154b10c7e773, generation=0)
09-28 22:20:54.928 12589 12706 D WM-Processor: Work WorkGenerationalId(workSpecId=b213ea9e-0e5f-4cdd-9ec7-154b10c7e773, generation=0) is already enqueued for processing
09-28 22:20:54.929 12589 12706 I WM-Processor: Moving WorkSpec (b213ea9e-0e5f-4cdd-9ec7-154b10c7e773) to the foreground
09-28 22:20:54.931 12589 12589 I WM-SystemFgDispatcher: Started foreground service Intent { act=ACTION_START_FOREGROUND xflg=0x4 cmp=com.negi.survey/androidx.work.impl.foreground.SystemForegroundService (has extras) }
09-28 22:20:54.931 12589 12589 D WM-SystemFgDispatcher: Notifying with (id:4690, workSpecId: b213ea9e-0e5f-4cdd-9ec7-154b10c7e773, notificationType :1)
09-28 22:20:54.932 12589 12589 I NotificationManager: com.negi.survey: notify(4690, null, Notification(channel=uploads shortcut=null contentView=null vibrate=null sound=null defaults=0 flags=ONGOING_EVENT|ONLY_ALERT_ONCE color=0x00000000 category=progress vis=PRIVATE semFlags=0x0 semPriority=0 semMissedCount=0 semScenarioType=0)) as user
09-28 22:20:54.933 12589 12706 D WM-WorkConstraintsTrack: NetworkRequestConstraintController send initial capabilities
09-28 22:20:54.934 12589 12700 D WM-WorkProgressUpdater: Updating progress for b213ea9e-0e5f-4cdd-9ec7-154b10c7e773 (Data {pct : 3, mode : startup_ring_logs})
09-28 22:20:54.937 12589 12700 I WM-Processor: Moving WorkSpec (b213ea9e-0e5f-4cdd-9ec7-154b10c7e773) to the foreground
09-28 22:20:54.942 12589 12589 D WM-SystemFgDispatcher: Notifying with (id:4690, workSpecId: b213ea9e-0e5f-4cdd-9ec7-154b10c7e773, notificationType :1)
09-28 22:20:54.942 12589 12589 I NotificationManager: com.negi.survey: notify(4690, null, Notification(channel=uploads shortcut=null contentView=null vibrate=null sound=null defaults=0 flags=ONGOING_EVENT|ONLY_ALERT_ONCE color=0x00000000 category=progress vis=PRIVATE semFlags=0x0 semPriority=0 semMissedCount=0 semScenarioType=0)) as user
09-28 22:20:54.949 12589 12589 D WM-SystemFgDispatcher: Notifying with (id:4690, workSpecId: b213ea9e-0e5f-4cdd-9ec7-154b10c7e773, notificationType :1)
09-28 22:20:54.950 12589 12589 I NotificationManager: com.negi.survey: notify(4690, null, Notification(channel=uploads shortcut=null contentView=null vibrate=null sound=null defaults=0 flags=ONGOING_EVENT|ONLY_ALERT_ONCE color=0x00000000 category=progress vis=PRIVATE semFlags=0x0 semPriority=0 semMissedCount=0 semScenarioType=0)) as user
