=== Previous Session Logcat ===
captured_time_utc=20260924_185205
captured_time_local=20260924_115205
marker=2026-09-24 11:47:42.480
preferred_prev_pid=-1
note=best-effort; buffers may be overwritten before next start
sdk=36
device=samsung SM-S931U1
appId=com.negi.survey
versionName=0.0.1
versionCode=88

=== Logcat (since marker) ===
--------- beginning of main
09-24 11:47:42.480 21367 21430 D CrashCapture: prevSessionLogcat: no marker yet; skipping.
09-24 11:47:42.481 21367 21430 D CrashCapture: Persisted logcat marker for next run: 2026-09-24 11:47:42.480
09-24 11:47:42.482 21367 21430 D CrashCapture: No crash artifacts found; skipping enqueue. where=SurveyApp:enqueuePending(immediate):bg
09-24 11:47:42.486 21367 21404 D WM-SystemJobScheduler: Scheduling work ID 923b6b00-fea8-44aa-9352-7c00b729637cJob ID 0
09-24 11:47:42.489 21367 21404 D WM-GreedyScheduler: Starting tracking for 923b6b00-fea8-44aa-9352-7c00b729637c
09-24 11:47:42.492 21367 21367 D WM-SystemJobService: onStartJob for WorkGenerationalId(workSpecId=923b6b00-fea8-44aa-9352-7c00b729637c, generation=0)
09-24 11:47:42.492 21367 21404 D WM-SystemJobScheduler: Scheduling work ID 41d32e9f-bf8d-4cf1-b701-8bfa702dfaccJob ID 1
09-24 11:47:42.494 21367 21367 D WM-SystemJobService: onStartJob for WorkGenerationalId(workSpecId=41d32e9f-bf8d-4cf1-b701-8bfa702dfacc, generation=0)
09-24 11:47:42.494 21367 21404 D WM-GreedyScheduler: Starting tracking for 41d32e9f-bf8d-4cf1-b701-8bfa702dfacc,923b6b00-fea8-44aa-9352-7c00b729637c
09-24 11:47:42.496 21367 21404 D WM-Processor: Processor: processing WorkGenerationalId(workSpecId=923b6b00-fea8-44aa-9352-7c00b729637c, generation=0)
09-24 11:47:42.497 21367 21404 D WM-Processor: Processor: processing WorkGenerationalId(workSpecId=41d32e9f-bf8d-4cf1-b701-8bfa702dfacc, generation=0)
09-24 11:47:42.500 21367 21367 D WM-WorkerWrapper: Starting work for com.negi.survey.net.GitHubUploadWorker
09-24 11:47:42.501 21367 21367 D WM-WorkerWrapper: Starting work for com.negi.survey.net.GitHubUploadWorker
09-24 11:47:42.501 21367 21404 D WM-WorkConstraintsTrack: NetworkRequestConstraintController register shared callback
09-24 11:47:42.502 21367 21404 D ConnectivityManager: StackLog: [android.net.ConnectivityManager.sendRequestForNetwork(ConnectivityManager.java:4744)] [android.net.ConnectivityManager.registerDefaultNetworkCallbackForUid(ConnectivityManager.java:5469)] [android.net.ConnectivityManager.registerDefaultNetworkCallback(ConnectivityManager.java:5436)] [android.net.ConnectivityManager.registerDefaultNetworkCallback(ConnectivityManager.java:5410)] [androidx.work.impl.constraints.SharedNetworkCallback.addCallback(WorkConstraintsTracker.kt:362)] [androidx.work.impl.constraints.NetworkRequestConstraintController$track$1.invokeSuspend(WorkConstraintsTracker.kt:179)] [androidx.work.impl.constraints.NetworkRequestConstraintController$track$1.invoke(WorkConstraintsTracker.kt:8)] [androidx.work.impl.constraints.NetworkRequestConstraintController$track$1.invoke(WorkConstraintsTracker.kt:4)] [kotlinx.coroutines.flow.ChannelFlowBuilder.collectTo$suspendImpl(Builders.kt:316)] [kotlinx.coroutines.flow.ChannelFlowBuilder.collectTo(Builders.kt:0)] [kotlinx.coroutines.flow.CallbackFlowBuilder.collectTo(Builders.kt:330)] [kotlinx.coroutines.flow.internal.ChannelFlow$collectToFun$1.invokeSuspend(ChannelFlow.kt:56)] [kotlin.coroutines.jvm.internal.BaseContinuationImpl.resumeWith(ContinuationImpl.kt:34)] [kotlinx.coroutines.DispatchedTask.run(DispatchedTask.kt:100)] [androidx.work.impl.utils.SerialExecutorImpl$Task.run(SerialExecutorImpl.java:96)] [java.util.concurrent.ThreadPoolExecutor.runWorker(ThreadPoolExecutor.java:1100)] [java.util.concurrent.ThreadPoolExecutor$Worker.run(ThreadPoolExecutor.java:624)] [java.lang.Thread.run(Thread.java:1572)]
09-24 11:47:42.503 21367 21431 D WM-WorkConstraintsTrack: NetworkRequestConstraintController onCapabilitiesChanged callback
09-24 11:47:42.503 21367 21431 D WM-WorkConstraintsTrack: Not dispatching constraint state yet: isBlocked=null, capabilitiesInitialized=true
09-24 11:47:42.503 21367 21431 D WM-WorkConstraintsTrack: NetworkRequestConstraintController onBlockedStatusChanged callback false
09-24 11:47:42.504 21367 21404 D WM-PackageManagerHelper: androidx.work.impl.background.systemalarm.RescheduleReceiver enabled
09-24 11:47:42.504 21367 21404 I WM-Processor: Moving WorkSpec (923b6b00-fea8-44aa-9352-7c00b729637c) to the foreground
09-24 11:47:42.508 21367 21367 I WM-SystemFgDispatcher: Started foreground service Intent { act=ACTION_START_FOREGROUND xflg=0x4 cmp=com.negi.survey/androidx.work.impl.foreground.SystemForegroundService (has extras) }
09-24 11:47:42.508 21367 21367 D WM-SystemFgDispatcher: Notifying with (id:5008, workSpecId: 923b6b00-fea8-44aa-9352-7c00b729637c, notificationType :1)
09-24 11:47:42.508 21367 21404 I WM-Processor: Moving WorkSpec (41d32e9f-bf8d-4cf1-b701-8bfa702dfacc) to the foreground
09-24 11:47:42.509 21367 21367 D WM-SystemFgDispatcher: Notifying with (id:5008, workSpecId: 923b6b00-fea8-44aa-9352-7c00b729637c, notificationType :1)
--------- beginning of system
09-24 11:47:42.509 21367 21367 I NotificationManager: com.negi.survey: notify(5008, null, Notification(channel=uploads shortcut=null contentView=null vibrate=null sound=null defaults=0 flags=ONGOING_EVENT|ONLY_ALERT_ONCE color=0x00000000 category=progress vis=PRIVATE semFlags=0x0 semPriority=0 semMissedCount=0 semScenarioType=0)) as user
09-24 11:47:42.509 21367 21367 D NotificationManager: BOOTING pkg =com.negi.survey mBlockedChannelsForOverflowNoti=[]
09-24 11:47:42.510 21367 21367 I WM-SystemFgDispatcher: Started foreground service Intent { act=ACTION_START_FOREGROUND xflg=0x4 cmp=com.negi.survey/androidx.work.impl.foreground.SystemForegroundService (has extras) }
09-24 11:47:42.510 21367 21367 D WM-SystemFgDispatcher: Notifying with (id:6695, workSpecId: 41d32e9f-bf8d-4cf1-b701-8bfa702dfacc, notificationType :1)
09-24 11:47:42.510 21367 21367 I NotificationManager: com.negi.survey: notify(6695, null, Notification(channel=uploads shortcut=null contentView=null vibrate=null sound=null defaults=0 flags=ONGOING_EVENT|ONLY_ALERT_ONCE color=0x00000000 category=progress vis=PRIVATE semFlags=0x0 semPriority=0 semMissedCount=0 semScenarioType=0)) as user
09-24 11:47:42.511 21367 21404 D WM-WorkProgressUpdater: Updating progress for 923b6b00-fea8-44aa-9352-7c00b729637c (Data {pct : 3, mode : startup_runtime_logs})
09-24 11:47:42.511 21367 21367 D WM-SystemFgDispatcher: Notifying with (id:6695, workSpecId: 41d32e9f-bf8d-4cf1-b701-8bfa702dfacc, notificationType :1)
09-24 11:47:42.511 21367 21367 I NotificationManager: com.negi.survey: notify(6695, null, Notification(channel=uploads shortcut=null contentView=null vibrate=null sound=null defaults=0 flags=ONGOING_EVENT|ONLY_ALERT_ONCE color=0x00000000 category=progress vis=PRIVATE semFlags=0x0 semPriority=0 semMissedCount=0 semScenarioType=0)) as user
09-24 11:47:42.512 21367 21404 I WM-Processor: Moving WorkSpec (923b6b00-fea8-44aa-9352-7c00b729637c) to the foreground
09-24 11:47:42.514 21367 21404 D WM-WorkProgressUpdater: Updating progress for 41d32e9f-bf8d-4cf1-b701-8bfa702dfacc (Data {pct : 3, mode : startup_ring_logs})
09-24 11:47:42.514 21367 21367 D WM-SystemFgDispatcher: Notifying with (id:5008, workSpecId: 923b6b00-fea8-44aa-9352-7c00b729637c, notificationType :1)
09-24 11:47:42.514 21367 21367 I NotificationManager: com.negi.survey: notify(5008, null, Notification(channel=uploads shortcut=null contentView=null vibrate=null sound=null defaults=0 flags=ONGOING_EVENT|ONLY_ALERT_ONCE color=0x00000000 category=progress vis=PRIVATE semFlags=0x0 semPriority=0 semMissedCount=0 semScenarioType=0)) as user
09-24 11:47:42.515 21367 21404 I WM-Processor: Moving WorkSpec (41d32e9f-bf8d-4cf1-b701-8bfa702dfacc) to the foreground
09-24 11:47:42.515 21367 21367 D WM-SystemFgDispatcher: Notifying with (id:6695, workSpecId: 41d32e9f-bf8d-4cf1-b701-8bfa702dfacc, notificationType :1)
09-24 11:47:42.515 21367 21404 D WM-GreedyScheduler: Constraints met: Scheduling work ID WorkGenerationalId(workSpecId=923b6b00-fea8-44aa-9352-7c00b729637c, generation=0)
09-24 11:47:42.515 21367 21367 I NotificationManager: com.negi.survey: notify(6695, null, Notification(channel=uploads shortcut=null contentView=null vibrate=null sound=null defaults=0 flags=ONGOING_EVENT|ONLY_ALERT_ONCE color=0x00000000 category=progress vis=PRIVATE semFlags=0x0 semPriority=0 semMissedCount=0 semScenarioType=0)) as user
09-24 11:47:42.515 21367 21404 D WM-GreedyScheduler: Constraints met: Scheduling work ID WorkGenerationalId(workSpecId=41d32e9f-bf8d-4cf1-b701-8bfa702dfacc, generation=0)
09-24 11:47:42.516 21367 21404 D WM-Processor: Work WorkGenerationalId(workSpecId=923b6b00-fea8-44aa-9352-7c00b729637c, generation=0) is already enqueued for processing
09-24 11:47:42.517 21367 21404 D WM-Processor: Work WorkGenerationalId(workSpecId=41d32e9f-bf8d-4cf1-b701-8bfa702dfacc, generation=0) is already enqueued for processing
09-24 11:47:42.518 21367 21404 D WM-WorkConstraintsTrack: NetworkRequestConstraintController send initial capabilities
09-24 11:47:42.518 21367 21404 D WM-WorkConstraintsTrack: NetworkRequestConstraintController send initial capabilities
09-24 11:47:43.227 21367 21411 D github_upload: doRingLogsUpload: remoteBaseDir=diagnostics/applog_ring/2026-09-24/applog_ring_startup_ring_20260924_184742_1ff18fec_app_start segs=1 bytes=416 source=/data/user/0/com.negi.survey/files/diagnostics/applog_ring snapshot=/data/user/0/com.negi.survey/cache/diagnostics_ring_upload/startup_ring_20260924_184742_1ff18fec
09-24 11:47:43.228 21367 21411 D GitHubUploader: uploadStream: owner=ishizuki-tech repo=SurveyExports branch=main path=diagnostics/applog_ring/2026-09-24/applog_ring_startup_ring_20260924_184742_1ff18fec_app_start/seg_00.log size=416 maxRawBytesHint=1000000 maxRequestBytesHint=2800000
09-24 11:47:43.229 21367 21403 D WM-WorkProgressUpdater: Updating progress for 41d32e9f-bf8d-4cf1-b701-8bfa702dfacc (Data {pct : 10, mode : startup_ring_logs})
09-24 11:47:43.235 21367 21403 I WM-Processor: Moving WorkSpec (41d32e9f-bf8d-4cf1-b701-8bfa702dfacc) to the foreground
09-24 11:47:43.237 21367 21367 D WM-SystemFgDispatcher: Notifying with (id:6695, workSpecId: 41d32e9f-bf8d-4cf1-b701-8bfa702dfacc, notificationType :1)
09-24 11:47:43.237 21367 21367 I NotificationManager: com.negi.survey: notify(6695, null, Notification(channel=uploads shortcut=null contentView=null vibrate=null sound=null defaults=0 flags=ONGOING_EVENT|ONLY_ALERT_ONCE color=0x00000000 category=progress vis=PRIVATE semFlags=0x0 semPriority=0 semMissedCount=0 semScenarioType=0)) as user
09-24 11:47:43.482 21367 21367 I VRI[MainActivity]@cd187ff: ViewPostIme pointer 0
09-24 11:47:43.485 21367 21367 I VRI[MainActivity]@cd187ff: call setFrameRateCategory for touch hint category=high hint, reason=touch, vri=VRI[MainActivity]@cd187ff
09-24 11:47:43.558 21367 21367 I VRI[MainActivity]@cd187ff: ViewPostIme pointer 1
09-24 11:47:43.561 21367 21367 D MainActivity: Intro -> Start session. epoch=1, file=survey_config10.yaml
09-24 11:47:43.588 21367 21367 I View    : setRequestedFrameRate frameRate=-4.0, this=android.view.View{91c3b3c V.ED..... ........ 0,0-0,0}, caller=androidx.compose.ui.platform.Api35Impl.setRequestedFrameRate:4047 androidx.compose.ui.platform.AndroidComposeView.dispatchDraw:2282 android.view.View.draw:26758 android.view.View.updateDisplayListIfDirty:25577 android.view.View.draw:26477 
09-24 11:47:43.591 21367 21383 I AdrenoVK-0: Shader compilation failed for shaderType: 0
09-24 11:47:43.591 21367 21383 I AdrenoVK-0: Pipeline create failed
09-24 11:47:43.596 21367 21367 I View    : setRequestedFrameRate frameRate=NaN, this=android.view.View{91c3b3c V.ED..... ........ 0,0-0,0}, caller=androidx.compose.ui.platform.Api35Impl.setRequestedFrameRate:4047 androidx.compose.ui.platform.AndroidComposeView.dispatchDraw:2282 android.view.View.draw:26758 android.view.View.updateDisplayListIfDirty:25577 android.view.ViewGroup.recreateChildDisplayList:4881 
09-24 11:47:43.605 21367 21383 I AdrenoVK-0: Shader compilation failed for shaderType: 0
09-24 11:47:43.605 21367 21383 I AdrenoVK-0: Pipeline create failed
09-24 11:47:43.613 21367 21383 I AdrenoVK-0: Shader compilation failed for shaderType: 0
09-24 11:47:43.613 21367 21383 I AdrenoVK-0: Pipeline create failed
09-24 11:47:43.615 21367 21403 D WM-WorkProgressUpdater: Updating progress for 41d32e9f-bf8d-4cf1-b701-8bfa702dfacc (Data {pct : 19, mode : startup_ring_logs})
09-24 11:47:43.617 21367 21403 I WM-Processor: Moving WorkSpec (41d32e9f-bf8d-4cf1-b701-8bfa702dfacc) to the foreground
09-24 11:47:43.618 21367 21403 D WM-WorkProgressUpdater: Updating progress for 41d32e9f-bf8d-4cf1-b701-8bfa702dfacc (Data {pct : 91, mode : startup_ring_logs})
09-24 11:47:43.619 21367 21403 I WM-Processor: Moving WorkSpec (41d32e9f-bf8d-4cf1-b701-8bfa702dfacc) to the foreground
09-24 11:47:43.622 21367 21383 I AdrenoVK-0: Shader compilation failed for shaderType: 4
09-24 11:47:43.622 21367 21383 I AdrenoVK-0: Pipeline create failed
09-24 11:47:43.627 21367 21367 D MainActivity: Config loaded. session=survey_config10.yaml@1
09-24 11:47:43.627 21367 21383 I AdrenoVK-0: Shader compilation failed for shaderType: 0
09-24 11:47:43.627 21367 21383 I AdrenoVK-0: Pipeline create failed
09-24 11:47:43.634 21367 21367 D WM-SystemFgDispatcher: Notifying with (id:6695, workSpecId: 41d32e9f-bf8d-4cf1-b701-8bfa702dfacc, notificationType :1)
09-24 11:47:43.634 21367 21367 I NotificationManager: com.negi.survey: notify(6695, null, Notification(channel=uploads shortcut=null contentView=null vibrate=null sound=null defaults=0 flags=ONGOING_EVENT|ONLY_ALERT_ONCE color=0x00000000 category=progress vis=PRIVATE semFlags=0x0 semPriority=0 semMissedCount=0 semScenarioType=0)) as user
09-24 11:47:43.636 21367 21367 D WM-SystemFgDispatcher: Notifying with (id:6695, workSpecId: 41d32e9f-bf8d-4cf1-b701-8bfa702dfacc, notificationType :1)
09-24 11:47:43.636 21367 21367 I NotificationManager: com.negi.survey: notify(6695, null, Notification(channel=uploads shortcut=null contentView=null vibrate=null sound=null defaults=0 flags=ONGOING_EVENT|ONLY_ALERT_ONCE color=0x00000000 category=progress vis=PRIVATE semFlags=0x0 semPriority=0 semMissedCount=0 semScenarioType=0)) as user
09-24 11:47:43.637 21367 21367 D MainActivity: DownloadGate idle -> start download. session=survey_config10.yaml@1
09-24 11:47:43.642 21367 21398 I HeavyInitializer: phase=download-start file=gemma-3n-E4B-it-int4.litertlm forceFresh=false
09-24 11:47:43.650 21367 21367 I View    : setRequestedFrameRate frameRate=-4.0, this=android.view.View{91c3b3c V.ED..... ........ 0,0-0,0}, caller=androidx.compose.ui.platform.Api35Impl.setRequestedFrameRate:4047 androidx.compose.ui.platform.AndroidComposeView.dispatchDraw:2282 android.view.View.draw:26758 android.view.View.updateDisplayListIfDirty:25577 android.view.View.draw:26477 
09-24 11:47:43.663 21367 21367 I View    : setRequestedFrameRate frameRate=NaN, this=android.view.View{91c3b3c V.ED..... ........ 0,0-0,0}, caller=androidx.compose.ui.platform.Api35Impl.setRequestedFrameRate:4047 androidx.compose.ui.platform.AndroidComposeView.dispatchDraw:2282 android.view.View.draw:26758 android.view.View.updateDisplayListIfDirty:25577 android.view.ViewGroup.recreateChildDisplayList:4881 
09-24 11:47:43.713 21367 21380 D RuntimeLogStore: openWriter: rotate:plain_snapshot:app_start -> /data/user/0/com.negi.survey/files/diagnostics/runtime_logs/rtlog_20260924_184743_712_pid21367_seq2.log (bytes=0 format=LEGACY)
09-24 11:47:43.714 21367 21380 D RuntimeLogStore: retention: rotate:plain_snapshot:app_start files=2 kept=2 totalBytes=3004
09-24 11:47:43.721 21367 21397 D github_upload: doRuntimeLogsUpload: remoteBaseDir=diagnostics/runtime_logs/2026-09-24/runtime_logs_startup_runtime_20260924_184742_943ed73f_app_start toUpload=2 bytes=3664 dedupe=true deleteSource=true deletedSourcePre=0 preview='plain_logs_manifest_20260924_184743_716_pid21367_app_start.json|runtime_log_20260924_184743_716_pid21367_app_start__rtlog_20260924_184739_957_pid21367_seq1.log'
09-24 11:47:43.722 21367 21397 D GitHubUploader: uploadStream: owner=ishizuki-tech repo=SurveyExports branch=main path=diagnostics/runtime_logs/2026-09-24/runtime_logs_startup_runtime_20260924_184742_943ed73f_app_start/plain_logs_manifest_20260924_184743_716_pid21367_app_start.json size=985 maxRawBytesHint=1000000 maxRequestBytesHint=2800000
09-24 11:47:43.722 21367 21403 D WM-WorkProgressUpdater: Updating progress for 923b6b00-fea8-44aa-9352-7c00b729637c (Data {pct : 10, mode : startup_runtime_logs})
09-24 11:47:43.724 21367 21403 I WM-Processor: Moving WorkSpec (923b6b00-fea8-44aa-9352-7c00b729637c) to the foreground
09-24 11:47:43.726 21367 21367 D WM-SystemFgDispatcher: Notifying with (id:5008, workSpecId: 923b6b00-fea8-44aa-9352-7c00b729637c, notificationType :1)
09-24 11:47:43.726 21367 21367 I NotificationManager: com.negi.survey: notify(5008, null, Notification(channel=uploads shortcut=null contentView=null vibrate=null sound=null defaults=0 flags=ONGOING_EVENT|ONLY_ALERT_ONCE color=0x00000000 category=progress vis=PRIVATE semFlags=0x0 semPriority=0 semMissedCount=0 semScenarioType=0)) as user
09-24 11:47:43.985 21367 21404 D WM-WorkProgressUpdater: Updating progress for 923b6b00-fea8-44aa-9352-7c00b729637c (Data {pct : 14, mode : startup_runtime_logs})
09-24 11:47:43.992 21367 21404 I WM-Processor: Moving WorkSpec (923b6b00-fea8-44aa-9352-7c00b729637c) to the foreground
09-24 11:47:43.995 21367 21404 D WM-WorkProgressUpdater: Updating progress for 923b6b00-fea8-44aa-9352-7c00b729637c (Data {pct : 46, mode : startup_runtime_logs})
09-24 11:47:43.995 21367 21367 D WM-SystemFgDispatcher: Notifying with (id:5008, workSpecId: 923b6b00-fea8-44aa-9352-7c00b729637c, notificationType :1)
09-24 11:47:43.996 21367 21367 I NotificationManager: com.negi.survey: notify(5008, null, Notification(channel=uploads shortcut=null contentView=null vibrate=null sound=null defaults=0 flags=ONGOING_EVENT|ONLY_ALERT_ONCE color=0x00000000 category=progress vis=PRIVATE semFlags=0x0 semPriority=0 semMissedCount=0 semScenarioType=0)) as user
09-24 11:47:44.001 21367 21404 I WM-Processor: Moving WorkSpec (923b6b00-fea8-44aa-9352-7c00b729637c) to the foreground
09-24 11:47:44.006 21367 21367 D WM-SystemFgDispatcher: Notifying with (id:5008, workSpecId: 923b6b00-fea8-44aa-9352-7c00b729637c, notificationType :1)
09-24 11:47:44.006 21367 21367 I NotificationManager: com.negi.survey: notify(5008, null, Notification(channel=uploads shortcut=null contentView=null vibrate=null sound=null defaults=0 flags=ONGOING_EVENT|ONLY_ALERT_ONCE color=0x00000000 category=progress vis=PRIVATE semFlags=0x0 semPriority=0 semMissedCount=0 semScenarioType=0)) as user
09-24 11:47:44.349 21367 21367 I View    : setRequestedFrameRate frameRate=-4.0, this=android.view.View{91c3b3c V.ED..... ........ 0,0-0,0}, caller=androidx.compose.ui.platform.Api35Impl.setRequestedFrameRate:4047 androidx.compose.ui.platform.AndroidComposeView.dispatchDraw:2282 android.view.View.draw:26758 android.view.View.updateDisplayListIfDirty:25577 android.view.ViewGroup.recreateChildDisplayList:4881 
09-24 11:47:44.954 21367 21399 D WM-WorkProgressUpdater: Updating progress for 923b6b00-fea8-44aa-9352-7c00b729637c (Data {pct : 48, mode : startup_runtime_logs})
09-24 11:47:44.954 21367 21397 D GitHubUploader: uploadStream: done url=https://github.com/ishizuki-tech/SurveyExports/blob/main/diagnostics/runtime_logs/2026-09-24/runtime_logs_startup_runtime_20260924_184742_943ed73f_app_start/plain_logs_manifest_20260924_184743_716_pid21367_app_start.json sha=ae634aeb7f0f745a2131afb887faafd9b7d58e86
09-24 11:47:44.959 21367 21399 I WM-Processor: Moving WorkSpec (923b6b00-fea8-44aa-9352-7c00b729637c) to the foreground
09-24 11:47:44.960 21367 21397 D GitHubUploader: uploadStream: owner=ishizuki-tech repo=SurveyExports branch=main path=diagnostics/runtime_logs/2026-09-24/runtime_logs_startup_runtime_20260924_184742_943ed73f_app_start/runtime_log_20260924_184743_716_pid21367_app_start__rtlog_20260924_184739_957_pid21367_seq1.log size=2679 maxRawBytesHint=1000000 maxRequestBytesHint=2800000
09-24 11:47:44.963 21367 21367 D WM-SystemFgDispatcher: Notifying with (id:5008, workSpecId: 923b6b00-fea8-44aa-9352-7c00b729637c, notificationType :1)
09-24 11:47:44.963 21367 21367 I NotificationManager: com.negi.survey: notify(5008, null, Notification(channel=uploads shortcut=null contentView=null vibrate=null sound=null defaults=0 flags=ONGOING_EVENT|ONLY_ALERT_ONCE color=0x00000000 category=progress vis=PRIVATE semFlags=0x0 semPriority=0 semMissedCount=0 semScenarioType=0)) as user
09-24 11:47:44.964 21367 21399 D WM-WorkProgressUpdater: Updating progress for 923b6b00-fea8-44aa-9352-7c00b729637c (Data {pct : 50, mode : startup_runtime_logs})
09-24 11:47:44.967 21367 21399 I WM-Processor: Moving WorkSpec (923b6b00-fea8-44aa-9352-7c00b729637c) to the foreground
09-24 11:47:44.969 21367 21367 D WM-SystemFgDispatcher: Notifying with (id:5008, workSpecId: 923b6b00-fea8-44aa-9352-7c00b729637c, notificationType :1)
09-24 11:47:44.969 21367 21367 I NotificationManager: com.negi.survey: notify(5008, null, Notification(channel=uploads shortcut=null contentView=null vibrate=null sound=null defaults=0 flags=ONGOING_EVENT|ONLY_ALERT_ONCE color=0x00000000 category=progress vis=PRIVATE semFlags=0x0 semPriority=0 semMissedCount=0 semScenarioType=0)) as user
09-24 11:47:45.194 21367 21399 D WM-WorkProgressUpdater: Updating progress for 923b6b00-fea8-44aa-9352-7c00b729637c (Data {pct : 54, mode : startup_runtime_logs})
09-24 11:47:45.198 21367 21367 I View    : setRequestedFrameRate frameRate=NaN, this=android.view.View{91c3b3c V.ED..... ........ 0,0-0,0}, caller=androidx.compose.ui.platform.Api35Impl.setRequestedFrameRate:4047 androidx.compose.ui.platform.AndroidComposeView.dispatchDraw:2282 android.view.View.draw:26758 android.view.View.updateDisplayListIfDirty:25577 android.view.ViewGroup.recreateChildDisplayList:4881 
09-24 11:47:45.201 21367 21399 I WM-Processor: Moving WorkSpec (923b6b00-fea8-44aa-9352-7c00b729637c) to the foreground
09-24 11:47:45.205 21367 21399 D WM-WorkProgressUpdater: Updating progress for 923b6b00-fea8-44aa-9352-7c00b729637c (Data {pct : 86, mode : startup_runtime_logs})
09-24 11:47:45.206 21367 21367 D WM-SystemFgDispatcher: Notifying with (id:5008, workSpecId: 923b6b00-fea8-44aa-9352-7c00b729637c, notificationType :1)
09-24 11:47:45.207 21367 21367 I NotificationManager: com.negi.survey: notify(5008, null, Notification(channel=uploads shortcut=null contentView=null vibrate=null sound=null defaults=0 flags=ONGOING_EVENT|ONLY_ALERT_ONCE color=0x00000000 category=progress vis=PRIVATE semFlags=0x0 semPriority=0 semMissedCount=0 semScenarioType=0)) as user
09-24 11:47:45.210 21367 21399 I WM-Processor: Moving WorkSpec (923b6b00-fea8-44aa-9352-7c00b729637c) to the foreground
09-24 11:47:45.212 21367 21367 D WM-SystemFgDispatcher: Notifying with (id:5008, workSpecId: 923b6b00-fea8-44aa-9352-7c00b729637c, notificationType :1)
09-24 11:47:45.212 21367 21367 I NotificationManager: com.negi.survey: notify(5008, null, Notification(channel=uploads shortcut=null contentView=null vibrate=null sound=null defaults=0 flags=ONGOING_EVENT|ONLY_ALERT_ONCE color=0x00000000 category=progress vis=PRIVATE semFlags=0x0 semPriority=0 semMissedCount=0 semScenarioType=0)) as user
09-24 11:47:45.977 21367 21466 D ProfileInstaller: Installing profile for com.negi.survey
09-24 11:47:46.113 21367 21405 D WM-WorkProgressUpdater: Updating progress for 923b6b00-fea8-44aa-9352-7c00b729637c (Data {pct : 88, mode : startup_runtime_logs})
09-24 11:47:46.113 21367 21397 D GitHubUploader: uploadStream: done url=https://github.com/ishizuki-tech/SurveyExports/blob/main/diagnostics/runtime_logs/2026-09-24/runtime_logs_startup_runtime_20260924_184742_943ed73f_app_start/runtime_log_20260924_184743_716_pid21367_app_start__rtlog_20260924_184739_957_pid21367_seq1.log sha=4b9032b360051c639de772934278bfb50389d011
09-24 11:47:46.116 21367 21405 I WM-Processor: Moving WorkSpec (923b6b00-fea8-44aa-9352-7c00b729637c) to the foreground
09-24 11:47:46.116 21367 21397 D RuntimeLogStore: deleteRolledLogFiles: deleted=1 excludeActive=true active=rtlog_20260924_184743_712_pid21367_seq2.log
09-24 11:47:46.118 21367 21367 D WM-SystemFgDispatcher: Notifying with (id:5008, workSpecId: 923b6b00-fea8-44aa-9352-7c00b729637c, notificationType :1)
09-24 11:47:46.118 21367 21367 I NotificationManager: com.negi.survey: notify(5008, null, Notification(channel=uploads shortcut=null contentView=null vibrate=null sound=null defaults=0 flags=ONGOING_EVENT|ONLY_ALERT_ONCE color=0x00000000 category=progress vis=PRIVATE semFlags=0x0 semPriority=0 semMissedCount=0 semScenarioType=0)) as user
09-24 11:47:46.438 21367 21397 D GitHubUploader: uploadStream: owner=ishizuki-tech repo=SurveyExports branch=main path=diagnostics/runtime_logs/2026-09-24/runtime_logs_startup_runtime_20260924_184742_943ed73f_app_start/logcat_startup_runtime_20260924_184742_943ed73f.log.gz size=8817 maxRawBytesHint=1000000 maxRequestBytesHint=2800000
09-24 11:47:46.439 21367 21405 D WM-WorkProgressUpdater: Updating progress for 923b6b00-fea8-44aa-9352-7c00b729637c (Data {pct : 90, mode : startup_runtime_logs})
09-24 11:47:46.442 21367 21405 I WM-Processor: Moving WorkSpec (923b6b00-fea8-44aa-9352-7c00b729637c) to the foreground
09-24 11:47:46.445 21367 21367 D WM-SystemFgDispatcher: Notifying with (id:5008, workSpecId: 923b6b00-fea8-44aa-9352-7c00b729637c, notificationType :1)
09-24 11:47:46.445 21367 21367 I NotificationManager: com.negi.survey: notify(5008, null, Notification(channel=uploads shortcut=null contentView=null vibrate=null sound=null defaults=0 flags=ONGOING_EVENT|ONLY_ALERT_ONCE color=0x00000000 category=progress vis=PRIVATE semFlags=0x0 semPriority=0 semMissedCount=0 semScenarioType=0)) as user
09-24 11:47:46.483 21367 21367 W JobService: onNetworkChanged() not implemented in androidx.work.impl.background.systemjob.SystemJobService. Must override in a subclass.
09-24 11:47:46.485 21367 21431 D WM-WorkConstraintsTrack: NetworkRequestConstraintController onCapabilitiesChanged callback
09-24 11:47:46.561 21367 21367 I VRI[MainActivity]@cd187ff: call setFrameRateCategory for touch hint category=no preference, reason=boost timeout, vri=VRI[MainActivity]@cd187ff
09-24 11:47:46.645 21367 21403 D WM-WorkProgressUpdater: Updating progress for 923b6b00-fea8-44aa-9352-7c00b729637c (Data {pct : 91, mode : startup_runtime_logs})
09-24 11:47:46.649 21367 21403 I WM-Processor: Moving WorkSpec (923b6b00-fea8-44aa-9352-7c00b729637c) to the foreground
09-24 11:47:46.651 21367 21403 D WM-WorkProgressUpdater: Updating progress for 923b6b00-fea8-44aa-9352-7c00b729637c (Data {pct : 98, mode : startup_runtime_logs})
09-24 11:47:46.651 21367 21367 D WM-SystemFgDispatcher: Notifying with (id:5008, workSpecId: 923b6b00-fea8-44aa-9352-7c00b729637c, notificationType :1)
09-24 11:47:46.652 21367 21367 I NotificationManager: com.negi.survey: notify(5008, null, Notification(channel=uploads shortcut=null contentView=null vibrate=null sound=null defaults=0 flags=ONGOING_EVENT|ONLY_ALERT_ONCE color=0x00000000 category=progress vis=PRIVATE semFlags=0x0 semPriority=0 semMissedCount=0 semScenarioType=0)) as user
09-24 11:47:46.653 21367 21399 I WM-Processor: Moving WorkSpec (923b6b00-fea8-44aa-9352-7c00b729637c) to the foreground
09-24 11:47:46.655 21367 21367 D WM-SystemFgDispatcher: Notifying with (id:5008, workSpecId: 923b6b00-fea8-44aa-9352-7c00b729637c, notificationType :1)
09-24 11:47:46.655 21367 21399 D WM-WorkProgressUpdater: Updating progress for 923b6b00-fea8-44aa-9352-7c00b729637c (Data {pct : 99, mode : startup_runtime_logs})
09-24 11:47:46.655 21367 21367 I NotificationManager: com.negi.survey: notify(5008, null, Notification(channel=uploads shortcut=null contentView=null vibrate=null sound=null defaults=0 flags=ONGOING_EVENT|ONLY_ALERT_ONCE color=0x00000000 category=progress vis=PRIVATE semFlags=0x0 semPriority=0 semMissedCount=0 semScenarioType=0)) as user
09-24 11:47:46.657 21367 21399 I WM-Processor: Moving WorkSpec (923b6b00-fea8-44aa-9352-7c00b729637c) to the foreground
09-24 11:47:46.657 21367 21367 D WM-SystemFgDispatcher: Notifying with (id:5008, workSpecId: 923b6b00-fea8-44aa-9352-7c00b729637c, notificationType :1)
09-24 11:47:46.658 21367 21367 I NotificationManager: com.negi.survey: notify(5008, null, Notification(channel=uploads shortcut=null contentView=null vibrate=null sound=null defaults=0 flags=ONGOING_EVENT|ONLY_ALERT_ONCE color=0x00000000 category=progress vis=PRIVATE semFlags=0x0 semPriority=0 semMissedCount=0 semScenarioType=0)) as user
09-24 11:47:47.162 21367 21403 D WM-WorkProgressUpdater: Updating progress for 41d32e9f-bf8d-4cf1-b701-8bfa702dfacc (Data {pct : 95, mode : startup_ring_logs})
09-24 11:47:47.162 21367 21411 D GitHubUploader: uploadStream: done url=https://github.com/ishizuki-tech/SurveyExports/blob/main/diagnostics/applog_ring/2026-09-24/applog_ring_startup_ring_20260924_184742_1ff18fec_app_start/seg_00.log sha=cd67416a573d9cb40ea0c4af529f42618b1ff605
09-24 11:47:47.165 21367 21403 I WM-Processor: Moving WorkSpec (41d32e9f-bf8d-4cf1-b701-8bfa702dfacc) to the foreground
09-24 11:47:47.166 21367 21367 D WM-SystemFgDispatcher: Notifying with (id:6695, workSpecId: 41d32e9f-bf8d-4cf1-b701-8bfa702dfacc, notificationType :1)
09-24 11:47:47.167 21367 21367 I NotificationManager: com.negi.survey: notify(6695, null, Notification(channel=uploads shortcut=null contentView=null vibrate=null sound=null defaults=0 flags=ONGOING_EVENT|ONLY_ALERT_ONCE color=0x00000000 category=progress vis=PRIVATE semFlags=0x0 semPriority=0 semMissedCount=0 semScenarioType=0)) as user
09-24 11:47:47.167 21367 21403 I WM-Processor: Moving WorkSpec (41d32e9f-bf8d-4cf1-b701-8bfa702dfacc) to the foreground
09-24 11:47:47.169 21367 21367 D WM-SystemFgDispatcher: Notifying with (id:6695, workSpecId: 41d32e9f-bf8d-4cf1-b701-8bfa702dfacc, notificationType :1)
09-24 11:47:47.169 21367 21367 I NotificationManager: com.negi.survey: notify(6695, null, Notification(channel=uploads shortcut=null contentView=null vibrate=null sound=null defaults=0 flags=ONLY_ALERT_ONCE color=0x00000000 category=progress vis=PRIVATE semFlags=0x0 semPriority=0 semMissedCount=0 semScenarioType=0)) as user
09-24 11:47:47.170 21367 21403 I WM-WorkerWrapper: Worker result SUCCESS for Work [ id=41d32e9f-bf8d-4cf1-b701-8bfa702dfacc, tags={ com.negi.survey.net.GitHubUploadWorker,github_upload,github_upload:ring_logs } ]
09-24 11:47:47.175 21367 21367 D WM-Processor: Processor 41d32e9f-bf8d-4cf1-b701-8bfa702dfacc executed; reschedule = false
09-24 11:47:47.175 21367 21367 D WM-GreedyScheduler: Stopping tracking for WorkGenerationalId(workSpecId=41d32e9f-bf8d-4cf1-b701-8bfa702dfacc, generation=0)
09-24 11:47:47.175 21367 21367 D WM-SystemJobService: 41d32e9f-bf8d-4cf1-b701-8bfa702dfacc executed on JobScheduler
09-24 11:47:47.175 21367 21367 D WM-SystemFgDispatcher: Removing Notification (id: 6695, workSpecId: WorkGenerationalId(workSpecId=41d32e9f-bf8d-4cf1-b701-8bfa702dfacc, generation=0), notificationType: 1
09-24 11:47:47.176 21367 21403 D WM-GreedyScheduler: Cancelling work ID 41d32e9f-bf8d-4cf1-b701-8bfa702dfacc
09-24 11:47:49.471 21367 21397 D GitHubUploader: uploadStream: done url=https://github.com/ishizuki-tech/SurveyExports/blob/main/diagnostics/runtime_logs/2026-09-24/runtime_logs_startup_runtime_20260924_184742_943ed73f_app_start/logcat_startup_runtime_20260924_184742_943ed73f.log.gz sha=633b9b669a8445d163ef5b306f01274f68ed7e9c
09-24 11:47:49.473 21367 21404 I WM-Processor: Moving WorkSpec (923b6b00-fea8-44aa-9352-7c00b729637c) to the foreground
09-24 11:47:49.476 21367 21367 D WM-SystemFgDispatcher: Notifying with (id:5008, workSpecId: 923b6b00-fea8-44aa-9352-7c00b729637c, notificationType :1)
09-24 11:47:49.477 21367 21367 I NotificationManager: com.negi.survey: notify(5008, null, Notification(channel=uploads shortcut=null contentView=null vibrate=null sound=null defaults=0 flags=ONLY_ALERT_ONCE color=0x00000000 category=progress vis=PRIVATE semFlags=0x0 semPriority=0 semMissedCount=0 semScenarioType=0)) as user
09-24 11:47:49.477 21367 21404 I WM-WorkerWrapper: Worker result SUCCESS for Work [ id=923b6b00-fea8-44aa-9352-7c00b729637c, tags={ com.negi.survey.net.GitHubUploadWorker,github_upload,github_upload:startup_runtime_logs } ]
09-24 11:47:49.484 21367 21367 D WM-Processor: Processor 923b6b00-fea8-44aa-9352-7c00b729637c executed; reschedule = false
09-24 11:47:49.484 21367 21367 D WM-GreedyScheduler: Stopping tracking for WorkGenerationalId(workSpecId=923b6b00-fea8-44aa-9352-7c00b729637c, generation=0)
09-24 11:47:49.484 21367 21367 D WM-SystemJobService: 923b6b00-fea8-44aa-9352-7c00b729637c executed on JobScheduler
09-24 11:47:49.484 21367 21367 D WM-SystemFgDispatcher: Removing Notification (id: 5008, workSpecId: WorkGenerationalId(workSpecId=923b6b00-fea8-44aa-9352-7c00b729637c, generation=0), notificationType: 1
09-24 11:47:49.485 21367 21367 I WM-SystemFgDispatcher: Stopping foreground service
09-24 11:47:49.485 21367 21367 D WM-SystemFgService: Shutting down.
09-24 11:47:49.489 21367 21404 D WM-PackageManagerHelper: androidx.work.impl.background.systemalarm.RescheduleReceiver disabled
09-24 11:47:49.491 21367 21404 D WM-GreedyScheduler: Cancelling work ID 923b6b00-fea8-44aa-9352-7c00b729637c
09-24 11:47:49.493 21367 21404 D WM-WorkConstraintsTrack: NetworkRequestConstraintController unregister shared callback
09-24 11:47:49.493 21367 21431 D WM-WorkConstraintsTrack: NetworkRequestConstraintController onCapabilitiesChanged callback
09-24 11:47:49.493 21367 21404 D ConnectivityManager: StackLog: [android.net.ConnectivityManager.unregisterNetworkCallback(ConnectivityManager.java:5579)] [androidx.work.impl.constraints.SharedNetworkCallback.addCallback$lambda$9(WorkConstraintsTracker.kt:385)] [androidx.work.impl.constraints.SharedNetworkCallback$$ExternalSyntheticLambda0.invoke(D8$$SyntheticClass:0)] [androidx.work.impl.constraints.NetworkRequestConstraintController$track$1.invokeSuspend$lambda$1(WorkConstraintsTracker.kt:191)] [androidx.work.impl.constraints.NetworkRequestConstraintController$track$1$$ExternalSyntheticLambda1.invoke(D8$$SyntheticClass:0)] [kotlinx.coroutines.channels.ProduceKt.awaitClose(Produce.kt:69)] [kotlinx.coroutines.channels.ProduceKt$awaitClose$1.invokeSuspend(Produce.kt:12)] [kotlin.coroutines.jvm.internal.BaseContinuationImpl.resumeWith(ContinuationImpl.kt:34)] [kotlinx.coroutines.DispatchedTask.run(DispatchedTask.kt:98)] [androidx.work.impl.utils.SerialExecutorImpl$Task.run(SerialExecutorImpl.java:96)] [java.util.concurrent.ThreadPoolExecutor.runWorker(ThreadPoolExecutor.java:1100)] [java.util.concurrent.ThreadPoolExecutor$Worker.run(ThreadPoolExecutor.java:624)] [java.lang.Thread.run(Thread.java:1572)]
09-24 11:47:49.494 21367 21431 D WM-WorkConstraintsTrack: Not dispatching constraint state yet: isBlocked=null, capabilitiesInitialized=true
09-24 11:49:42.990 21367 21367 I View    : setRequestedFrameRate frameRate=-4.0, this=android.view.View{91c3b3c V.ED..... ........ 0,0-0,0}, caller=androidx.compose.ui.platform.Api35Impl.setRequestedFrameRate:4047 androidx.compose.ui.platform.AndroidComposeView.dispatchDraw:2282 android.view.View.draw:26758 android.view.View.updateDisplayListIfDirty:25577 android.view.ViewGroup.recreateChildDisplayList:4881 
09-24 11:49:47.334 21367 21457 I HeavyInitializer: phase=download-complete file=gemma-3n-E4B-it-int4.litertlm bytes=4919541760 downloadMs=123693 totalMs=123693
09-24 11:49:50.556 21367 21457 I PersistentModelStore: persistFromPrivate: persisted gemma-3n-E4B-it-int4.litertlm (4919541760 bytes)
09-24 11:49:50.565 21367 21457 D LiteRtLM: LiteRT-LM native benchmark policy: enabled=false emulator=false
09-24 11:49:50.575 21367 21367 I View    : setRequestedFrameRate frameRate=NaN, this=android.view.View{91c3b3c V.ED..... ........ 0,0-0,0}, caller=androidx.compose.ui.platform.Api35Impl.setRequestedFrameRate:4047 androidx.compose.ui.platform.AndroidComposeView.dispatchDraw:2282 android.view.View.draw:26758 android.view.View.updateDisplayListIfDirty:25577 android.view.ViewGroup.recreateChildDisplayList:4881 
09-24 11:49:50.577 21367 21457 I litert  : [environment.cc:36] Creating LiteRT environment with options
09-24 11:49:50.577 21367 21457 W litert  : [npu_registry.cc:34] NPU accelerator could not be loaded and registered: kLiteRtStatusErrorInvalidArgument.
09-24 11:49:50.577 21367 21457 I litert  : [accelerator_registry.cc:54] RegisterAccelerator: ptr=0xb400007cb287e1b0, name=LiteRT GPU
09-24 11:49:50.577 21367 21457 I litert  : [gpu_registry.cc:87] Statically linked GPU accelerator registered.
09-24 11:49:50.577 21367 21457 I litert  : [accelerator_registry.cc:54] RegisterAccelerator: ptr=0xb400007cb288e6b0, name=CpuAccelerator
09-24 11:49:50.577 21367 21457 I litert  : [cpu_registry.cc:75] XNNPACK CPU accelerator registered.
09-24 11:49:50.703 21367 21457 I litert  : [environment.cc:36] Creating LiteRT environment with options
09-24 11:49:50.703 21367 21457 W litert  : [npu_registry.cc:34] NPU accelerator could not be loaded and registered: kLiteRtStatusErrorInvalidArgument.
09-24 11:49:50.703 21367 21457 I litert  : [accelerator_registry.cc:54] RegisterAccelerator: ptr=0xb400007cb2883490, name=LiteRT GPU
09-24 11:49:50.703 21367 21457 I litert  : [gpu_registry.cc:87] Statically linked GPU accelerator registered.
09-24 11:49:50.703 21367 21457 I litert  : [accelerator_registry.cc:54] RegisterAccelerator: ptr=0xb400007cb288db70, name=CpuAccelerator
09-24 11:49:50.703 21367 21457 I litert  : [cpu_registry.cc:75] XNNPACK CPU accelerator registered.
09-24 11:49:50.703 21367 21457 W native  : W0000 00:00:1790275790.703913   21457 litert_lm_loader.cc:291] Section not found: 	
09-24 11:49:50.703 21367 21457 W native  : W0000 00:00:1790275790.703985   21457 litert_lm_loader.cc:291] Section not found: 	
09-24 11:49:50.704 21367 21457 I litert  : [compiled_model.cc:833] Flatbuffer model initialized directly from incoming litert model.
09-24 11:49:50.704 21367 21457 I tflite  : Initialized TensorFlow Lite runtime.
09-24 11:49:50.730 21367 21457 W libc    : Access denied finding property "ro.mediatek.platform"
09-24 11:49:50.817 21367 21457 E Adreno-AppProfiles: QSPM AIDL service doesn't exist
09-24 11:49:50.817 21367 21457 I native  : I0000 00:00:1790275790.817921   21457 delegate_opencl.cc:603] options->hint_waiting_for_completion: false
09-24 11:49:50.818 21367 21457 I native  : I0000 00:00:1790275790.817984   21457 delegate_opencl.cc:605] options->kernel_batch_size: -1
09-24 11:49:50.821 21367 21457 I AdrenoGLES-0: QUALCOMM build                   : f61dec9117, I68b0a64d7e
09-24 11:49:50.821 21367 21457 I AdrenoGLES-0: Build Date                       : 03/26/26
09-24 11:49:50.821 21367 21457 I AdrenoGLES-0: OpenGL ES Shader Compiler Version: E031.47.18.50
09-24 11:49:50.821 21367 21457 I AdrenoGLES-0: Local Branch                     : 
09-24 11:49:50.821 21367 21457 I AdrenoGLES-0: Remote Branch                    : refs/tags/AU_LINUX_ANDROID_LA.VENDOR.15.4.0.11.00.00.1088.862
09-24 11:49:50.821 21367 21457 I AdrenoGLES-0: Remote Branch                    : NONE
09-24 11:49:50.821 21367 21457 I AdrenoGLES-0: Reconstruct Branch               : NOTHING
09-24 11:49:50.821 21367 21457 I AdrenoGLES-0: Build Config                     : S P 18.0.0 AArch64
09-24 11:49:50.821 21367 21457 I AdrenoGLES-0: Driver Path                      : /vendor/lib64/egl/libGLESv2_adreno.so
09-24 11:49:50.821 21367 21457 I AdrenoGLES-0: Driver Version                   : 0800.64.7
09-24 11:49:50.821 21367 21457 I AdrenoGLES-0: Process Name                     : com.negi.survey
09-24 11:49:50.826 21367 21457 I AdrenoGLES-0: PFP: 0x01500077, ME: 0x01500014
09-24 11:49:50.828 21367 21457 E Adreno-AppProfiles: QSPM AIDL service doesn't exist
09-24 11:49:50.831 21367 21457 E libEGL  : call to OpenGL ES API with no current context (logged once per thread)
09-24 11:49:50.839 21367 21457 I litert  : [environment.cc:47] Adding options to the existing LiteRT environment
09-24 11:49:50.840 21367 21457 I tflite  : Loaded OpenCL library with dlopen.
09-24 11:49:50.840 21367 21457 I litert  : [gpu_environment.cc:220] Created OpenCL device from provided device id and platform id.
09-24 11:49:50.840 21367 21457 I litert  : [gpu_environment.cc:283] Reusing provided EGL environment.
09-24 11:49:50.840 21367 21457 I litert  : [gpu_environment.h:155] Created LiteRT GpuEnvironment.
09-24 11:49:50.840 21367 21457 I litert  : [environment.cc:47] Adding options to the existing LiteRT environment
09-24 11:49:50.851 21367 21457 I tflite  : Replacing 3326 out of 3326 node(s) with delegate (LITERT_CL) node, yielding 1 partitions for subgraph 0 (decode).
09-24 11:49:51.426 21367 21383 I AdrenoVK-0: Shader compilation failed for shaderType: 0
09-24 11:49:51.426 21367 21383 I AdrenoVK-0: Pipeline create failed
09-24 11:49:58.434 21367 21383 E Fence   : waitForever: Throttling EGL Production: fence 157 didn't signal in 3000 ms
09-24 11:49:58.434 21367 21383 I Fence   : waitForever: fence(kgsl-timeline-kgsl-3d0_25-com.n) status(0)
09-24 11:49:58.434 21367 21383 I Fence   : waitForever: sync point: timeline(kgsl-3d0_25-com.negi.survey(213) drv(kgsl-timeline) status(0) timestamp(0.000000)
09-24 11:49:58.444 21367 21377 E Fence   : waitForever: acquireFence: fence 188 didn't signal in 3000 ms
09-24 11:49:58.444 21367 21377 I Fence   : waitForever: fence(kgsl-timeline-kgsl-3d0_25-com.n) status(0)
09-24 11:49:58.444 21367 21377 I Fence   : waitForever: sync point: timeline(kgsl-3d0_25-com.negi.survey(213) drv(kgsl-timeline) status(0) timestamp(0.000000)
09-24 11:49:58.463 21367 21377 I HWUI    : Davey! duration=3039ms; Flags=0, FrameTimelineVsyncId=40491368, IntendedVsync=193774325581429, Vsync=193774325581429, InputEventId=0, HandleInputStart=193774325714307, AnimationStart=193774325714776, PerformTraversalsStart=193774325972692, DrawStart=193774325982848, FrameDeadline=193774342279324, FrameStartTime=193774325712848, FrameInterval=8330544, WorkloadTarget=8333333, SyncQueued=193774326093682, SyncStart=193774326114776, IssueDrawCommandsStart=193774326129098, SwapBuffers=193774326426494, FrameCompleted=193777365224670, DequeueBufferDuration=3229, QueueBufferDuration=52031, GpuCompleted=193777365224670, SwapBuffersCompleted=193774326500036, DisplayPresentTime=193773350807223, CommandSubmissionCompleted=193774326426494, 
09-24 11:49:58.463 21367 21377 W libbinder.Binder: Binder transaction to android.gui.ITransactionComposerListener code 1 took 3022ms. Data bytes: 500 Reply bytes: 0 Flags: 17
09-24 11:49:58.463 21367 21367 I Choreographer: Skipped 361 frames!  The application may be doing too much work on its main thread.
09-24 11:49:58.467 21367 21457 I native  : I0000 00:00:1790275798.467363   21457 delegate_kernel.cc:330] Total 81 external tensors are used for delegate inputs and outputs
09-24 11:49:58.468 21367 21457 I native  : I0000 00:00:1790275798.468301   21457 delegate_kernel.cc:906] Initializing OpenCL-based API from serialized data.
09-24 11:49:59.657 21367 21457 I tflite  : Replacing 2145 out of 2145 node(s) with delegate (LITERT_CL) node, yielding 1 partitions for subgraph 1 (prefill_16).
09-24 11:49:59.676 21367 21457 I native  : I0000 00:00:1790275799.676548   21457 delegate_kernel.cc:330] Total 80 external tensors are used for delegate inputs and outputs
09-24 11:49:59.676 21367 21457 I native  : I0000 00:00:1790275799.676598   21457 delegate_kernel.cc:906] Initializing OpenCL-based API from serialized data.
09-24 11:50:01.215 21367 21457 I tflite  : Replacing 2145 out of 2145 node(s) with delegate (LITERT_CL) node, yielding 1 partitions for subgraph 2 (prefill_256).
09-24 11:50:01.236 21367 21457 I native  : I0000 00:00:1790275801.236921   21457 delegate_kernel.cc:330] Total 80 external tensors are used for delegate inputs and outputs
09-24 11:50:01.236 21367 21457 I native  : I0000 00:00:1790275801.236980   21457 delegate_kernel.cc:906] Initializing OpenCL-based API from serialized data.
09-24 11:50:02.233 21367 21457 I litert  : [environment.cc:36] Creating LiteRT environment with options
09-24 11:50:02.233 21367 21457 W litert  : [npu_registry.cc:34] NPU accelerator could not be loaded and registered: kLiteRtStatusErrorInvalidArgument.
09-24 11:50:02.233 21367 21457 I litert  : [accelerator_registry.cc:54] RegisterAccelerator: ptr=0xb400007cb288e950, name=LiteRT GPU
09-24 11:50:02.233 21367 21457 I litert  : [gpu_registry.cc:87] Statically linked GPU accelerator registered.
09-24 11:50:02.233 21367 21457 I litert  : [accelerator_registry.cc:54] RegisterAccelerator: ptr=0xb400007cb33917b0, name=CpuAccelerator
09-24 11:50:02.233 21367 21457 I litert  : [cpu_registry.cc:75] XNNPACK CPU accelerator registered.
09-24 11:50:02.512 21367 21457 W native  : W0000 00:00:1790275802.512440   21457 litert_lm_loader.cc:291] Section not found: 
09-24 11:50:02.512 21367 21457 W native  : W0000 00:00:1790275802.512499   21457 litert_lm_loader.h:129] TFLite model for type: TF_LITE_END_OF_VISION not found. Skipping.
09-24 11:50:02.514 21367 21457 I litert  : [compiled_model.cc:833] Flatbuffer model initialized directly from incoming litert model.
09-24 11:50:02.517 21367 21457 W litert  : [compiled_model.cc:986] You should provide the `DispatchLibraryDir` option to use NPU.
09-24 11:50:02.517 21367 21457 I tflite  : Created TensorFlow Lite XNNPACK delegate for CPU.
09-24 11:50:02.517 21367 21457 I tflite  : Replacing 2 out of 10 node(s) with delegate (TfLiteXNNPackDelegate) node, yielding 2 partitions for subgraph 0 (main).
09-24 11:50:02.520 21367 21457 I litert  : [compiled_model.cc:833] Flatbuffer model initialized directly from incoming litert model.
09-24 11:50:02.520 21367 21457 W litert  : [compiled_model.cc:986] You should provide the `DispatchLibraryDir` option to use NPU.
09-24 11:50:02.520 21367 21457 I litert  : [compiled_model.cc:1790] Tracked constant output tensor eoa_embedding with locked address
09-24 11:50:02.534 21367 21457 I litert  : [compiled_model.cc:833] Flatbuffer model initialized directly from incoming litert model.
09-24 11:50:02.622 21367 21457 W litert  : [compiled_model.cc:986] You should provide the `DispatchLibraryDir` option to use NPU.
09-24 11:50:02.622 21367 21457 I tflite  : Replacing 1 out of 44 node(s) with delegate (TfLiteXNNPackDelegate) node, yielding 2 partitions for subgraph 0 (main).
09-24 11:50:02.627 21367 21457 W LiteRtLM: Engine.initialize completed: key='Gemma3n4B|/data/data/com.negi.survey/files/gemma-3n-E4B-it-int4.litertlm' backend=com.google.ai.edge.litertlm.Backend$GPU@b3356bb took=12059ms cacheFilesAfter=2
09-24 11:50:02.683 21367 21367 I View    : setRequestedFrameRate frameRate=-4.0, this=android.view.View{91c3b3c V.ED..... ........ 0,0-0,0}, caller=androidx.compose.ui.platform.Api35Impl.setRequestedFrameRate:4047 androidx.compose.ui.platform.AndroidComposeView.dispatchDraw:2282 android.view.View.draw:26758 android.view.View.updateDisplayListIfDirty:25577 android.view.View.draw:26477 
09-24 11:50:02.683 21367 21367 D MainActivity: SLM Engine warm-up started. session=survey_config10.yaml@1 model=Gemma3n4B
09-24 11:50:02.684 21367 21367 D MainActivity: SLM Engine warm-up finished. session=survey_config10.yaml@1 model=Gemma3n4B elapsedMs=1
09-24 11:50:03.930 21367 21367 I VRI[MainActivity]@cd187ff: ViewPostIme pointer 0
09-24 11:50:03.931 21367 21367 I VRI[MainActivity]@cd187ff: call setFrameRateCategory for touch hint category=high hint, reason=touch, vri=VRI[MainActivity]@cd187ff
09-24 11:50:03.938 21367 21367 I View    : setRequestedFrameRate frameRate=NaN, this=android.view.View{91c3b3c V.ED..... ........ 0,0-0,0}, caller=androidx.compose.ui.platform.Api35Impl.setRequestedFrameRate:4047 androidx.compose.ui.platform.AndroidComposeView.dispatchDraw:2282 android.view.View.draw:26758 android.view.View.updateDisplayListIfDirty:25577 android.view.ViewGroup.recreateChildDisplayList:4881 
09-24 11:50:03.939 21367 21367 I VRI[MainActivity]@cd187ff: ViewPostIme pointer 1
09-24 11:50:03.954 21367 21383 I AdrenoVK-0: Shader compilation failed for shaderType: 4
09-24 11:50:03.954 21367 21383 I AdrenoVK-0: Pipeline create failed
09-24 11:50:03.995 21367 21367 I ImeFocusController: onPreWindowFocus: skipped hasWindowFocus=false mHasImeFocus=true
09-24 11:50:03.995 21367 21367 I ImeFocusController: onPostWindowFocus: skipped hasWindowFocus=false mHasImeFocus=true
09-24 11:50:04.068 21367 21367 D InputTransport: Input channel destroyed: 'ClientS', fd=148
09-24 11:50:05.033 21367 21367 D CrashCapture: install: ensured default handler. where=selfHeal:onActivityResumed pid=21367 default=com.negi.survey.CrashCapture$CrashHandler@6da0b6b
09-24 11:50:05.039 21367 21367 I TextToSpeech: Create TextToSpeech : caller process id[21367] / name[com.negi.survey] / target[null]
09-24 11:50:05.050 21367 21367 I TextToSpeech: Sucessfully bound to com.google.android.tts
09-24 11:50:05.087 21367 21434 I TextToSpeech: Connected to TTS engine
09-24 11:50:05.099 21367 21367 I View    : setRequestedFrameRate frameRate=-4.0, this=android.view.View{91c3b3c V.ED..... ........ 0,0-0,0}, caller=androidx.compose.ui.platform.Api35Impl.setRequestedFrameRate:4047 androidx.compose.ui.platform.AndroidComposeView.dispatchDraw:2282 android.view.View.draw:26758 android.view.View.updateDisplayListIfDirty:25577 android.view.View.draw:26477 
09-24 11:50:05.100 21367 21367 I InsetsSourceConsumer: applyRequestedVisibilityToControl: visible=true, type=navigationBars, host=com.negi.survey/com.negi.survey.MainActivity
09-24 11:50:05.100 21367 21367 I InsetsSourceConsumer: applyRequestedVisibilityToControl: visible=true, type=statusBars, host=com.negi.survey/com.negi.survey.MainActivity
09-24 11:50:05.100 21367 21383 I AdrenoVK-0: Shader compilation failed for shaderType: 4
09-24 11:50:05.100 21367 21383 I AdrenoVK-0: Pipeline create failed
09-24 11:50:05.100 21367 21367 D WhisperSpeechController: updateContext: surveyId=40712f59-dc61-41c9-9690-2aa2fb670d43, questionId=Start
09-24 11:50:05.102 21367 21367 I View    : setRequestedFrameRate frameRate=NaN, this=android.view.View{91c3b3c V.ED..... ........ 0,0-0,0}, caller=androidx.compose.ui.platform.Api35Impl.setRequestedFrameRate:4047 androidx.compose.ui.platform.AndroidComposeView.dispatchDraw:2282 android.view.View.draw:26758 android.view.View.updateDisplayListIfDirty:25577 android.view.ViewGroup.recreateChildDisplayList:4881 
09-24 11:50:05.112 21367 21367 D VRI[MainActivity]@cd187ff: mThreadedRenderer.initializeIfNeeded()#2 mSurface={isValid=true 0xb400007c7286b0b0}
09-24 11:50:05.112 21367 21367 D InputMethodManagerUtils: startInputInner - Id : 0
09-24 11:50:05.112 21367 21367 I InputMethodManager: startInputInner - IInputMethodManagerGlobalInvoker.startInputOrWindowGainedFocus
09-24 11:50:05.114 21367 21367 D InsetsController: hide(ime())
09-24 11:50:05.114 21367 21367 I ImeTracker: com.negi.survey:5cb9f5cd: onCancelled at PHASE_CLIENT_ALREADY_HIDDEN
09-24 11:50:05.114 21367 21434 D InputTransport: Input channel constructed: 'ClientS', fd=179
09-24 11:50:05.606 21367 21385 I TextToSpeech: Setting up the connection to TTS engine...
09-24 11:50:05.623 21367 21367 D TtsController: TextToSpeech ready: locale=en_US rate=1.0 pitch=1.0
09-24 11:50:06.489 21367 21367 I VRI[MainActivity]@cd187ff: ViewPostIme pointer 0
09-24 11:50:06.529 21367 21367 I VRI[MainActivity]@cd187ff: ViewPostIme pointer 1
09-24 11:50:06.530 21367 21367 D WhisperSpeechController: updateContext: surveyId=40712f59-dc61-41c9-9690-2aa2fb670d43, questionId=__home_free_text__
09-24 11:50:06.531 21367 21367 D WhisperSpeechController: startRecording: requested
09-24 11:50:06.533 21367 21457 I WhisperEngine: [1][init:asset] Init start. assetCheckMs=1 lockWaitMs=0 prevKey=null newKey=asset:models/ggml-small-q5_1.bin bytes=n/a thread=DefaultDispatcher-worker-3
09-24 11:50:06.533 21367 21457 D WhisperEngine: [1][init:asset] mem: javaUsed=9.56MB javaTotal=28.68MB javaMax=256.00MB nativeAllocated=350.75MB
09-24 11:50:06.533 21367 21457 I WhisperEngine: [1][init:asset] Creating WhisperContext from assets/models/ggml-small-q5_1.bin
09-24 11:50:06.541 21367 21457 D nativeloader: Load /data/app/~~zSMjAKP-390p7B4XGtLqEQ==/com.negi.survey-IRTwBetEBYqye-pr0LE24A==/base.apk!/lib/arm64-v8a/libwhisper_v8fp16_va.so using class loader ns clns-9 (caller=/data/app/~~zSMjAKP-390p7B4XGtLqEQ==/com.negi.survey-IRTwBetEBYqye-pr0LE24A==/base.apk!classes4.dex): ok
09-24 11:50:06.542 21367 21457 I JNI-Whisper: JNI_OnLoad(): Whisper JNI initialized (JNI v1.6)
09-24 11:50:06.542 21367 21457 I WhisperJNI: Loaded libwhisper_v8fp16_va.so (ABI=arm64-v8a fp16=true vfpv4=false)
09-24 11:50:06.542 21367 21457 I JNI-Whisper: Loading Whisper model from Asset: models/ggml-small-q5_1.bin
09-24 11:50:06.542 21367 21367 I View    : setRequestedFrameRate frameRate=-4.0, this=android.view.View{91c3b3c V.ED..... ........ 0,0-0,0}, caller=androidx.compose.ui.platform.Api35Impl.setRequestedFrameRate:4047 androidx.compose.ui.platform.AndroidComposeView.dispatchDraw:2282 android.view.View.draw:26758 android.view.View.updateDisplayListIfDirty:25577 android.view.ViewGroup.recreateChildDisplayList:4881 
09-24 11:50:06.544 21367 21367 I View    : setRequestedFrameRate frameRate=NaN, this=android.view.View{91c3b3c V.ED..... ........ 0,0-0,0}, caller=androidx.compose.ui.platform.Api35Impl.setRequestedFrameRate:4047 androidx.compose.ui.platform.AndroidComposeView.dispatchDraw:2282 android.view.View.draw:26758 android.view.View.updateDisplayListIfDirty:25577 android.view.ViewGroup.recreateChildDisplayList:4881 
09-24 11:50:06.557 21367 21383 I AdrenoVK-0: Shader compilation failed for shaderType: 0
09-24 11:50:06.557 21367 21383 I AdrenoVK-0: Pipeline create failed
09-24 11:50:07.229 21367 21457 I WhisperJNI: WhisperContext created from asset: models/ggml-small-q5_1.bin
09-24 11:50:07.230 21367 21457 I WhisperEngine: [1][init:asset] Init OK. totalMs=698 assetCheckMs=1 lockWaitMs=0 lockHoldMs=697 releasePrevMs=0 createMs=697 key=asset:models/ggml-small-q5_1.bin bytes=n/a
09-24 11:50:07.230 21367 21457 D WhisperEngine: [1][init:asset] mem: javaUsed=9.79MB javaTotal=28.68MB javaMax=256.00MB nativeAllocated=1.16GB
09-24 11:50:07.230 21367 21457 D WhisperSpeechController: WhisperEngine initialized: assets/models/ggml-small-q5_1.bin
09-24 11:50:07.231 21367 21457 D WhisperSpeechController: startRecording: recorder.startRecording -> /data/user/0/com.negi.survey/cache/whisper_rec/survey_input_7609952043691198917.wav
09-24 11:50:07.231 21367 21457 D WhisperSpeechController: startRecording: started
09-24 11:50:07.232 21367 21774 D AudioSystem: onNewServiceWithAdapter: media.audio_flinger service obtained 0xb400007b128e2a40
09-24 11:50:07.235 21367 21774 D AudioSystem: getService: IAudioFlingerService retrieved: 0xb400007b528ab760  IAudioFlinger cached: 0xb400007b128e2a40
09-24 11:50:07.235 21367 21774 D AudioSystem: getClient: checking for service: 0xb400007b128e2a40
09-24 11:50:07.310 21367 21457 I Recorder: 🎙 start 16000Hz buf=2048
09-24 11:50:07.838 21367 21367 I VRI[MainActivity]@cd187ff: handleResized, frames=ClientWindowFrames{frame=[0,0][1080,2340] display=[0,0][1080,2340] parentFrame=[0,0][0,0]} displayId=0 dragResizing=false compatScale=1.0 frameChanged=false attachedFrameChanged=false configChanged=false displayChanged=false compatScaleChanged=false dragResizingChanged=false
09-24 11:50:09.534 21367 21367 I VRI[MainActivity]@cd187ff: call setFrameRateCategory for touch hint category=no preference, reason=boost timeout, vri=VRI[MainActivity]@cd187ff
09-24 11:50:10.361 21367 21367 I InsetsSourceConsumer: applyRequestedVisibilityToControl: visible=true, type=statusBars, host=com.negi.survey/com.negi.survey.MainActivity
09-24 11:50:10.589 21367 21367 I VRI[MainActivity]@cd187ff: ViewPostIme pointer 0
09-24 11:50:10.592 21367 21367 I VRI[MainActivity]@cd187ff: call setFrameRateCategory for touch hint category=high hint, reason=touch, vri=VRI[MainActivity]@cd187ff
09-24 11:50:10.644 21367 21367 I VRI[MainActivity]@cd187ff: ViewPostIme pointer 1
09-24 11:50:10.645 21367 21367 D WhisperSpeechController: updateContext: surveyId=40712f59-dc61-41c9-9690-2aa2fb670d43, questionId=__home_free_text__
09-24 11:50:10.645 21367 21367 D WhisperSpeechController: stopRecording: requested
09-24 11:50:10.645 21367 21396 D WhisperSpeechController: stopRecording: awaiting recorder.stopRecording()
09-24 11:50:10.646 21367 21774 D Recorder: stopRecording() invoked (state=Recording)
09-24 11:50:10.646 21367 21774 D Recorder: Calling AudioRecord.stop() to unblock read() ...
09-24 11:50:10.656 21367 21367 I View    : setRequestedFrameRate frameRate=-4.0, this=android.view.View{91c3b3c V.ED..... ........ 0,0-0,0}, caller=androidx.compose.ui.platform.Api35Impl.setRequestedFrameRate:4047 androidx.compose.ui.platform.AndroidComposeView.dispatchDraw:2282 android.view.View.draw:26758 android.view.View.updateDisplayListIfDirty:25577 android.view.ViewGroup.recreateChildDisplayList:4881 
09-24 11:50:10.660 21367 21367 I View    : setRequestedFrameRate frameRate=NaN, this=android.view.View{91c3b3c V.ED..... ........ 0,0-0,0}, caller=androidx.compose.ui.platform.Api35Impl.setRequestedFrameRate:4047 androidx.compose.ui.platform.AndroidComposeView.dispatchDraw:2282 android.view.View.draw:26758 android.view.View.updateDisplayListIfDirty:25577 android.view.ViewGroup.recreateChildDisplayList:4881 
09-24 11:50:10.663 21367 21774 D Recorder: Joining writer job ...
09-24 11:50:10.664 21367 21457 I Recorder: 🎙 stopped & released (writer exit)
09-24 11:50:10.664 21367 21774 D Recorder: Writer job joined successfully
09-24 11:50:10.664 21367 21774 D Recorder: post-join: pcm=/data/user/0/com.negi.survey/cache/rec_247526890775035423.pcm wav=/data/user/0/com.negi.survey/cache/whisper_rec/survey_input_7609952043691198917.wav cfg=Config(sampleRate=16000, channelMask=16, format=2, bufferSize=2048)
09-24 11:50:10.665 21367 21774 D Recorder: WAV header written
09-24 11:50:10.665 21367 21774 I Recorder: ✅ WAV finalized: /data/user/0/com.negi.survey/cache/whisper_rec/survey_input_7609952043691198917.wav (105004 bytes)
09-24 11:50:10.665 21367 21774 D Recorder: Cleanup complete, state=Idle
09-24 11:50:10.665 21367 21457 D WhisperSpeechController: recorder.stopRecording OK in 19ms
09-24 11:50:10.725 21367 21457 D WhisperSpeechController: stopRecording: wav.size(stable)=105004 path=/data/user/0/com.negi.survey/cache/whisper_rec/survey_input_7609952043691198917.wav
09-24 11:50:10.728 21367 21457 D WhisperSpeechController: stopRecording: wav.info fmt=1 ch=1 sr=16000 bits=16 dataBytes=104960 durationSec=3.280
09-24 11:50:10.730 21367 21457 D WhisperSpeechController: stopRecording: wav.stats rms=0.06662 peak=0.47607 nonSilent=0.573 samples=52480
09-24 11:50:10.741 21367 21457 D ExportUtils: exportRecordedVoice: copying /data/user/0/com.negi.survey/cache/whisper_rec/survey_input_7609952043691198917.wav -> /storage/emulated/0/Android/data/com.negi.survey/files/exports/voice/2026-09-24_18-50-10_voice_SM-S931U1_F757B79A4E33_40712f59-dc61-41c9-9690-2aa2fb670d43_home_free_text.wav
09-24 11:50:10.742 21367 21457 D ExportUtils: exportRecordedVoice: done, size=105004 bytes
09-24 11:50:10.743 21367 21457 D ExportUtils: writeVoiceMeta: wrote /storage/emulated/0/Android/data/com.negi.survey/files/exports/voice/2026-09-24_18-50-10_voice_SM-S931U1_F757B79A4E33_40712f59-dc61-41c9-9690-2aa2fb670d43_home_free_text.meta.json
09-24 11:50:10.744 21367 21457 D MainActivity: onVoiceExported: q=__home_free_text__, file=2026-09-24_18-50-10_voice_SM-S931U1_F757B79A4E33_40712f59-dc61-41c9-9690-2aa2fb670d43_home_free_text.wav, bytes=105004, checksum=55e82d025df1cdb6405a50c38d76b7823aed92702c6500cc18c289090898af73
09-24 11:50:10.744 21367 21457 D WhisperSpeechController: onVoiceExported -> file=2026-09-24_18-50-10_voice_SM-S931U1_F757B79A4E33_40712f59-dc61-41c9-9690-2aa2fb670d43_home_free_text.wav, bytes=105004, qid=__home_free_text__, sid=40712f59-dc61-41c9-9690-2aa2fb670d43, checksum=55e82d025df1...
09-24 11:50:10.744 21367 21457 D WhisperSpeechController: stopRecording: transcribing -> /data/user/0/com.negi.survey/cache/whisper_rec/survey_input_7609952043691198917.wav
09-24 11:50:10.744 21367 21457 D WhisperEngine: [1][asr] Start. file=survey_input_7609952043691198917.wav bytes=102.54KB approxSec(pcm16mono@16000Hz)=3.28 lang=en translate=false printTimestamp=false sr=16000 modelKey=asset:models/ggml-small-q5_1.bin thread=DefaultDispatcher-worker-3
09-24 11:50:10.744 21367 21457 D WhisperEngine: [1][asr] mem: javaUsed=10.26MB javaTotal=28.68MB javaMax=256.00MB nativeAllocated=1.16GB
09-24 11:50:10.745 21367 21457 D WaveCodec: fmt: format=1, ch=1, rate=16000, bits=16
09-24 11:50:10.745 21367 21457 V WaveCodec: data chunk start=44 declared=104960 effective=104960
09-24 11:50:10.749 21367 21457 D WaveCodec: Decoded WAV: 1ch 16000Hz 16-bit (frames=52480, dataHeader=104960, effective=104960)
09-24 11:50:10.750 21367 21451 D WhisperEngine: [1][asr] PCM stats(sampled): samples=52480 seconds=3.28 min=-0.3477478 max=0.47607422 rms=0.07 decodeMs=4
09-24 11:50:10.750 21367 21451 I WhisperEngine: [1][asr] Mutex acquired. lockWaitMs=0 attempts=en audio=3.28s modelKey=asset:models/ggml-small-q5_1.bin
09-24 11:50:10.750 21367 21451 I WhisperEngine: [1][asr] Transcribing: lang=en translate=false ts=false samples=52480 audio=3.28s
09-24 11:50:10.751 21367 21801 D WhisperCpuConfig: CPU detection start: available=8 indices=[0, 1, 2, 3, 4, 5, 6, 7]
09-24 11:50:10.756 21367 21367 I View    : setRequestedFrameRate frameRate=-4.0, this=android.view.View{91c3b3c V.ED..... ........ 0,0-0,0}, caller=androidx.compose.ui.platform.Api35Impl.setRequestedFrameRate:4047 androidx.compose.ui.platform.AndroidComposeView.dispatchDraw:2282 android.view.View.draw:26758 android.view.View.updateDisplayListIfDirty:25577 android.view.ViewGroup.recreateChildDisplayList:4881 
09-24 11:50:10.757 21367 21801 D WhisperCpuConfig: CPU capacity bins={765=6, 1024=2}
09-24 11:50:10.757 21367 21801 D WhisperCpuConfig: Detected faster clusters via capacity: cores=2 slowestValue=765
09-24 11:50:10.757 21367 21801 I WhisperCpuConfig: Selected whisper thread count=2 (detected=2 available=8)
09-24 11:50:10.757 21367 21801 I WhisperJNI: Transcribe start: threads=2 lang=en translate=false samples=52480
09-24 11:50:10.758 21367 21801 I JNI-Whisper: Starting whisper_full(): samples=52480 threads=2 translate=0 lang=en
09-24 11:50:10.760 21367 21367 I View    : setRequestedFrameRate frameRate=NaN, this=android.view.View{91c3b3c V.ED..... ........ 0,0-0,0}, caller=androidx.compose.ui.platform.Api35Impl.setRequestedFrameRate:4047 androidx.compose.ui.platform.AndroidComposeView.dispatchDraw:2282 android.view.View.draw:26758 android.view.View.updateDisplayListIfDirty:25577 android.view.ViewGroup.recreateChildDisplayList:4881 
09-24 11:50:13.648 21367 21367 I VRI[MainActivity]@cd187ff: call setFrameRateCategory for touch hint category=no preference, reason=boost timeout, vri=VRI[MainActivity]@cd187ff
09-24 11:50:16.953 21367 21801 I WhisperJNI: Transcribe complete: segments=1 chars=43
09-24 11:50:16.954 21367 21451 D WhisperEngine: [1][asr] Attempt done: lang=en transcribeMs=6204 rtf=1.89 textLen=41 preview="Testing build 87, it required a download."
09-24 11:50:16.954 21367 21451 I WhisperEngine: [1][asr] OK. totalMs=6209 decodeMs=4 lockWaitMs=0 lockHoldMs=6204 selectedLang=en modelKey=asset:models/ggml-small-q5_1.bin
09-24 11:50:16.954 21367 21451 D WhisperEngine: [1][asr] mem: javaUsed=10.90MB javaTotal=28.68MB javaMax=256.00MB nativeAllocated=1.17GB
09-24 11:50:16.954 21367 21451 D WhisperSpeechController: Transcription success: Testing build 87, it required a download.
09-24 11:50:16.954 21367 21451 D WhisperSpeechController: updatePartialText: len=41
09-24 11:50:16.954 21367 21451 D WhisperSpeechController: temp delete=true reason=stop_finally -> /data/user/0/com.negi.survey/cache/whisper_rec/survey_input_7609952043691198917.wav
09-24 11:50:16.958 21367 21367 I View    : setRequestedFrameRate frameRate=-4.0, this=android.view.View{91c3b3c V.ED..... ........ 0,0-0,0}, caller=androidx.compose.ui.platform.Api35Impl.setRequestedFrameRate:4047 androidx.compose.ui.platform.AndroidComposeView.dispatchDraw:2282 android.view.View.draw:26758 android.view.View.updateDisplayListIfDirty:25577 android.view.ViewGroup.recreateChildDisplayList:4881 
09-24 11:50:16.977 21367 21367 I com.negi.survey: Waiting for a blocking GC NativeAlloc
09-24 11:50:16.991 21367 21367 I com.negi.survey: WaitForGcToComplete blocked NativeAlloc on NativeAlloc for 13.304ms
09-24 11:50:16.991 21367 21367 I View    : setRequestedFrameRate frameRate=NaN, this=android.view.View{91c3b3c V.ED..... ........ 0,0-0,0}, caller=androidx.compose.ui.platform.Api35Impl.setRequestedFrameRate:4047 androidx.compose.ui.platform.AndroidComposeView.dispatchDraw:2282 android.view.View.draw:26758 android.view.View.updateDisplayListIfDirty:25577 android.view.ViewGroup.recreateChildDisplayList:4881 
09-24 11:50:19.290 21367 21367 I VRI[MainActivity]@cd187ff: ViewPostIme pointer 0
09-24 11:50:19.291 21367 21367 I VRI[MainActivity]@cd187ff: call setFrameRateCategory for touch hint category=high hint, reason=touch, vri=VRI[MainActivity]@cd187ff
09-24 11:50:19.348 21367 21367 I VRI[MainActivity]@cd187ff: ViewPostIme pointer 1
09-24 11:50:19.349 21367 21367 D WhisperSpeechController: stopRecording: not recording, ignoring
09-24 11:50:19.374 21367 21367 I View    : setRequestedFrameRate frameRate=-4.0, this=android.view.View{91c3b3c V.ED..... ........ 0,0-0,0}, caller=androidx.compose.ui.platform.Api35Impl.setRequestedFrameRate:4047 androidx.compose.ui.platform.AndroidComposeView.dispatchDraw:2282 android.view.View.draw:26758 android.view.View.updateDisplayListIfDirty:25577 android.view.ViewGroup.recreateChildDisplayList:4881 
09-24 11:50:19.375 21367 21367 D MainActivity: Home -> Start survey. session=survey_config10.yaml@1 freeTextDraftLen=41 (run-scoped)
09-24 11:50:19.376 21367 21367 D MainActivity: Home -> Start survey: runNoteLen=41 (restoredAfterReset)
09-24 11:50:19.383 21367 21383 I AdrenoVK-0: Shader compilation failed for shaderType: 4
09-24 11:50:19.383 21367 21383 I AdrenoVK-0: Pipeline create failed
09-24 11:50:19.386 21367 21367 D WindowOnBackDispatcher: setTopOnBackInvokedCallback (unwrapped): androidx.navigationevent.OnBackInvokedInput$createOnBackAnimationCallback$1@ae14b12
09-24 11:50:19.395 21367 21367 D WhisperSpeechController: updateContext: surveyId=7e405044-91a5-46e8-a5af-240a600f372a, questionId=Q1
09-24 11:50:19.425 21367 21367 I View    : setRequestedFrameRate frameRate=NaN, this=android.view.View{91c3b3c V.ED..... ........ 0,0-0,0}, caller=androidx.compose.ui.platform.Api35Impl.setRequestedFrameRate:4047 androidx.compose.ui.platform.AndroidComposeView.dispatchDraw:2282 android.view.View.draw:26758 android.view.View.updateDisplayListIfDirty:25577 android.view.ViewGroup.recreateChildDisplayList:4881 
09-24 11:50:19.436 21367 21383 I AdrenoVK-0: Shader compilation failed for shaderType: 0
09-24 11:50:19.436 21367 21383 I AdrenoVK-0: Pipeline create failed
09-24 11:50:20.650 21367 21367 I VRI[MainActivity]@cd187ff: ViewPostIme pointer 0
09-24 11:50:20.714 21367 21367 I VRI[MainActivity]@cd187ff: ViewPostIme pointer 1
09-24 11:50:20.733 21367 21367 I View    : setRequestedFrameRate frameRate=-4.0, this=android.view.View{91c3b3c V.ED..... ........ 0,0-0,0}, caller=androidx.compose.ui.platform.Api35Impl.setRequestedFrameRate:4047 androidx.compose.ui.platform.AndroidComposeView.dispatchDraw:2282 android.view.View.draw:26758 android.view.View.updateDisplayListIfDirty:25577 android.view.ViewGroup.recreateChildDisplayList:4881 
09-24 11:50:20.734 21367 21367 D WhisperSpeechController: updateContext: surveyId=7e405044-91a5-46e8-a5af-240a600f372a, questionId=Q2
09-24 11:50:20.744 21367 21367 I View    : setRequestedFrameRate frameRate=NaN, this=android.view.View{91c3b3c V.ED..... ........ 0,0-0,0}, caller=androidx.compose.ui.platform.Api35Impl.setRequestedFrameRate:4047 androidx.compose.ui.platform.AndroidComposeView.dispatchDraw:2282 android.view.View.draw:26758 android.view.View.updateDisplayListIfDirty:25577 android.view.ViewGroup.recreateChildDisplayList:4881 
09-24 11:50:21.332 21367 21367 I VRI[MainActivity]@cd187ff: ViewPostIme pointer 0
09-24 11:50:21.381 21367 21367 I VRI[MainActivity]@cd187ff: ViewPostIme pointer 1
09-24 11:50:21.399 21367 21367 D WhisperSpeechController: updateContext: surveyId=7e405044-91a5-46e8-a5af-240a600f372a, questionId=Q3
09-24 11:50:21.416 21367 21367 I View    : setRequestedFrameRate frameRate=-4.0, this=android.view.View{91c3b3c V.ED..... ........ 0,0-0,0}, caller=androidx.compose.ui.platform.Api35Impl.setRequestedFrameRate:4047 androidx.compose.ui.platform.AndroidComposeView.dispatchDraw:2282 android.view.View.draw:26758 android.view.View.updateDisplayListIfDirty:25577 android.view.ViewGroup.recreateChildDisplayList:4881 
09-24 11:50:21.419 21367 21367 I View    : setRequestedFrameRate frameRate=NaN, this=android.view.View{91c3b3c V.ED..... ........ 0,0-0,0}, caller=androidx.compose.ui.platform.Api35Impl.setRequestedFrameRate:4047 androidx.compose.ui.platform.AndroidComposeView.dispatchDraw:2282 android.view.View.draw:26758 android.view.View.updateDisplayListIfDirty:25577 android.view.ViewGroup.recreateChildDisplayList:4881 
09-24 11:50:21.679 21367 21383 I AdrenoVK-0: Shader compilation failed for shaderType: 0
09-24 11:50:21.679 21367 21383 I AdrenoVK-0: Pipeline create failed
09-24 11:50:22.314 21367 21367 I VRI[MainActivity]@cd187ff: ViewPostIme pointer 0
09-24 11:50:22.347 21367 21367 I VRI[MainActivity]@cd187ff: ViewPostIme pointer 1
09-24 11:50:22.365 21367 21367 I View    : setRequestedFrameRate frameRate=-4.0, this=android.view.View{91c3b3c V.ED..... ........ 0,0-0,0}, caller=androidx.compose.ui.platform.Api35Impl.setRequestedFrameRate:4047 androidx.compose.ui.platform.AndroidComposeView.dispatchDraw:2282 android.view.View.draw:26758 android.view.View.updateDisplayListIfDirty:25577 android.view.ViewGroup.recreateChildDisplayList:4881 
09-24 11:50:22.367 21367 21367 I View    : setRequestedFrameRate frameRate=NaN, this=android.view.View{91c3b3c V.ED..... ........ 0,0-0,0}, caller=androidx.compose.ui.platform.Api35Impl.setRequestedFrameRate:4047 androidx.compose.ui.platform.AndroidComposeView.dispatchDraw:2282 android.view.View.draw:26758 android.view.View.updateDisplayListIfDirty:25577 android.view.ViewGroup.recreateChildDisplayList:4881 
09-24 11:50:22.840 21367 21367 I VRI[MainActivity]@cd187ff: ViewPostIme pointer 0
09-24 11:50:22.905 21367 21367 I VRI[MainActivity]@cd187ff: ViewPostIme pointer 1
09-24 11:50:22.932 21367 21367 I View    : setRequestedFrameRate frameRate=-4.0, this=android.view.View{91c3b3c V.ED..... ........ 0,0-0,0}, caller=androidx.compose.ui.platform.Api35Impl.setRequestedFrameRate:4047 androidx.compose.ui.platform.AndroidComposeView.dispatchDraw:2282 android.view.View.draw:26758 android.view.View.updateDisplayListIfDirty:25577 android.view.ViewGroup.recreateChildDisplayList:4881 
09-24 11:50:22.933 21367 21367 D WhisperSpeechController: updateContext: surveyId=7e405044-91a5-46e8-a5af-240a600f372a, questionId=Q4
09-24 11:50:22.937 21367 21367 I View    : setRequestedFrameRate frameRate=NaN, this=android.view.View{91c3b3c V.ED..... ........ 0,0-0,0}, caller=androidx.compose.ui.platform.Api35Impl.setRequestedFrameRate:4047 androidx.compose.ui.platform.AndroidComposeView.dispatchDraw:2282 android.view.View.draw:26758 android.view.View.updateDisplayListIfDirty:25577 android.view.ViewGroup.recreateChildDisplayList:4881 
09-24 11:50:23.456 21367 21367 I VRI[MainActivity]@cd187ff: ViewPostIme pointer 0
09-24 11:50:23.514 21367 21367 I VRI[MainActivity]@cd187ff: ViewPostIme pointer 1
09-24 11:50:23.532 21367 21367 I View    : setRequestedFrameRate frameRate=-4.0, this=android.view.View{91c3b3c V.ED..... ........ 0,0-0,0}, caller=androidx.compose.ui.platform.Api35Impl.setRequestedFrameRate:4047 androidx.compose.ui.platform.AndroidComposeView.dispatchDraw:2282 android.view.View.draw:26758 android.view.View.updateDisplayListIfDirty:25577 android.view.ViewGroup.recreateChildDisplayList:4881 
09-24 11:50:23.533 21367 21367 I View    : setRequestedFrameRate frameRate=NaN, this=android.view.View{91c3b3c V.ED..... ........ 0,0-0,0}, caller=androidx.compose.ui.platform.Api35Impl.setRequestedFrameRate:4047 androidx.compose.ui.platform.AndroidComposeView.dispatchDraw:2282 android.view.View.draw:26758 android.view.View.updateDisplayListIfDirty:25577 android.view.ViewGroup.recreateChildDisplayList:4881 
09-24 11:50:23.897 21367 21367 I VRI[MainActivity]@cd187ff: ViewPostIme pointer 0
09-24 11:50:23.972 21367 21367 I VRI[MainActivity]@cd187ff: ViewPostIme pointer 1
09-24 11:50:23.993 21367 21367 I View    : setRequestedFrameRate frameRate=-4.0, this=android.view.View{91c3b3c V.ED..... ........ 0,0-0,0}, caller=androidx.compose.ui.platform.Api35Impl.setRequestedFrameRate:4047 androidx.compose.ui.platform.AndroidComposeView.dispatchDraw:2282 android.view.View.draw:26758 android.view.View.updateDisplayListIfDirty:25577 android.view.ViewGroup.recreateChildDisplayList:4881 
09-24 11:50:23.994 21367 21367 D WhisperSpeechController: updateContext: surveyId=7e405044-91a5-46e8-a5af-240a600f372a, questionId=Q5
09-24 11:50:24.009 21367 21370 W com.negi.survey: Missing inline cache for void androidx.navigation3.ui.NavDisplayKt__NavDisplayKt.NavDisplay(androidx.navigation3.scene.SceneState, androidx.navigationevent.compose.NavigationEventState, androidx.compose.ui.Modifier, androidx.compose.ui.Alignment, androidx.compose.animation.SizeTransform, kotlin.jvm.functions.Function1, kotlin.jvm.functions.Function1, kotlin.jvm.functions.Function2, androidx.compose.runtime.Composer, int, int)
09-24 11:50:24.009 21367 21370 W com.negi.survey: Missing inline cache for void androidx.navigation3.ui.NavDisplayKt__NavDisplayKt.NavDisplay(androidx.navigation3.scene.SceneState, androidx.navigationevent.compose.NavigationEventState, androidx.compose.ui.Modifier, androidx.compose.ui.Alignment, androidx.compose.animation.SizeTransform, kotlin.jvm.functions.Function1, kotlin.jvm.functions.Function1, kotlin.jvm.functions.Function2, androidx.compose.runtime.Composer, int, int)
09-24 11:50:24.009 21367 21370 W com.negi.survey: Missing inline cache for void androidx.navigation3.ui.NavDisplayKt__NavDisplayKt.NavDisplay(androidx.navigation3.scene.SceneState, androidx.navigationevent.compose.NavigationEventState, androidx.compose.ui.Modifier, androidx.compose.ui.Alignment, androidx.compose.animation.SizeTransform, kotlin.jvm.functions.Function1, kotlin.jvm.functions.Function1, kotlin.jvm.functions.Function2, androidx.compose.runtime.Composer, int, int)
09-24 11:50:24.009 21367 21370 W com.negi.survey: Missing inline cache for void androidx.navigation3.ui.NavDisplayKt__NavDisplayKt.NavDisplay(androidx.navigation3.scene.SceneState, androidx.navigationevent.compose.NavigationEventState, androidx.compose.ui.Modifier, androidx.compose.ui.Alignment, androidx.compose.animation.SizeTransform, kotlin.jvm.functions.Function1, kotlin.jvm.functions.Function1, kotlin.jvm.functions.Function2, androidx.compose.runtime.Composer, int, int)
09-24 11:50:24.013 21367 21367 I View    : setRequestedFrameRate frameRate=NaN, this=android.view.View{91c3b3c V.ED..... ........ 0,0-0,0}, caller=androidx.compose.ui.platform.Api35Impl.setRequestedFrameRate:4047 androidx.compose.ui.platform.AndroidComposeView.dispatchDraw:2282 android.view.View.draw:26758 android.view.View.updateDisplayListIfDirty:25577 android.view.ViewGroup.recreateChildDisplayList:4881 
09-24 11:50:25.022 21367 21367 I VRI[MainActivity]@cd187ff: ViewPostIme pointer 0
09-24 11:50:25.088 21367 21367 I VRI[MainActivity]@cd187ff: ViewPostIme pointer 1
09-24 11:50:25.106 21367 21367 I View    : setRequestedFrameRate frameRate=-4.0, this=android.view.View{91c3b3c V.ED..... ........ 0,0-0,0}, caller=androidx.compose.ui.platform.Api35Impl.setRequestedFrameRate:4047 androidx.compose.ui.platform.AndroidComposeView.dispatchDraw:2282 android.view.View.draw:26758 android.view.View.updateDisplayListIfDirty:25577 android.view.ViewGroup.recreateChildDisplayList:4881 
09-24 11:50:25.107 21367 21367 D WhisperSpeechController: updateContext: surveyId=7e405044-91a5-46e8-a5af-240a600f372a, questionId=Q6
09-24 11:50:25.113 21367 21367 I View    : setRequestedFrameRate frameRate=NaN, this=android.view.View{91c3b3c V.ED..... ........ 0,0-0,0}, caller=androidx.compose.ui.platform.Api35Impl.setRequestedFrameRate:4047 androidx.compose.ui.platform.AndroidComposeView.dispatchDraw:2282 android.view.View.draw:26758 android.view.View.updateDisplayListIfDirty:25577 android.view.ViewGroup.recreateChildDisplayList:4881 
09-24 11:50:25.122 21367 21370 W com.negi.survey: Missing inline cache for void androidx.compose.animation.AnimatedContentKt.AnimatedContentImpl(androidx.compose.animation.core.Transition, androidx.compose.ui.Modifier, kotlin.jvm.functions.Function1, androidx.compose.ui.Alignment, kotlin.jvm.functions.Function1, kotlin.jvm.functions.Function1, kotlin.jvm.functions.Function4, androidx.compose.runtime.Composer, int, int)
09-24 11:50:25.122 21367 21370 W com.negi.survey: Missing inline cache for void androidx.compose.animation.AnimatedContentKt.AnimatedContentImpl(androidx.compose.animation.core.Transition, androidx.compose.ui.Modifier, kotlin.jvm.functions.Function1, androidx.compose.ui.Alignment, kotlin.jvm.functions.Function1, kotlin.jvm.functions.Function1, kotlin.jvm.functions.Function4, androidx.compose.runtime.Composer, int, int)
09-24 11:50:25.680 21367 21367 I VRI[MainActivity]@cd187ff: ViewPostIme pointer 0
09-24 11:50:25.737 21367 21367 I VRI[MainActivity]@cd187ff: ViewPostIme pointer 1
09-24 11:50:25.753 21367 21367 I View    : setRequestedFrameRate frameRate=-4.0, this=android.view.View{91c3b3c V.ED..... ........ 0,0-0,0}, caller=androidx.compose.ui.platform.Api35Impl.setRequestedFrameRate:4047 androidx.compose.ui.platform.AndroidComposeView.dispatchDraw:2282 android.view.View.draw:26758 android.view.View.updateDisplayListIfDirty:25577 android.view.ViewGroup.recreateChildDisplayList:4881 
09-24 11:50:25.753 21367 21367 D WhisperSpeechController: updateContext: surveyId=7e405044-91a5-46e8-a5af-240a600f372a, questionId=Q7
09-24 11:50:25.772 21367 21367 I View    : setRequestedFrameRate frameRate=NaN, this=android.view.View{91c3b3c V.ED..... ........ 0,0-0,0}, caller=androidx.compose.ui.platform.Api35Impl.setRequestedFrameRate:4047 androidx.compose.ui.platform.AndroidComposeView.dispatchDraw:2282 android.view.View.draw:26758 android.view.View.updateDisplayListIfDirty:25577 android.view.ViewGroup.recreateChildDisplayList:4881 
09-24 11:50:26.880 21367 21367 I VRI[MainActivity]@cd187ff: ViewPostIme pointer 0
09-24 11:50:26.929 21367 21367 I VRI[MainActivity]@cd187ff: ViewPostIme pointer 1
09-24 11:50:26.947 21367 21367 I View    : setRequestedFrameRate frameRate=-4.0, this=android.view.View{91c3b3c V.ED..... ........ 0,0-0,0}, caller=androidx.compose.ui.platform.Api35Impl.setRequestedFrameRate:4047 androidx.compose.ui.platform.AndroidComposeView.dispatchDraw:2282 android.view.View.draw:26758 android.view.View.updateDisplayListIfDirty:25577 android.view.ViewGroup.recreateChildDisplayList:4881 
09-24 11:50:26.949 21367 21367 I View    : setRequestedFrameRate frameRate=NaN, this=android.view.View{91c3b3c V.ED..... ........ 0,0-0,0}, caller=androidx.compose.ui.platform.Api35Impl.setRequestedFrameRate:4047 androidx.compose.ui.platform.AndroidComposeView.dispatchDraw:2282 android.view.View.draw:26758 android.view.View.updateDisplayListIfDirty:25577 android.view.ViewGroup.recreateChildDisplayList:4881 
09-24 11:50:27.405 21367 21367 I VRI[MainActivity]@cd187ff: ViewPostIme pointer 0
09-24 11:50:27.454 21367 21367 I VRI[MainActivity]@cd187ff: ViewPostIme pointer 1
09-24 11:50:27.478 21367 21367 I View    : setRequestedFrameRate frameRate=-4.0, this=android.view.View{91c3b3c V.ED..... ........ 0,0-0,0}, caller=androidx.compose.ui.platform.Api35Impl.setRequestedFrameRate:4047 androidx.compose.ui.platform.AndroidComposeView.dispatchDraw:2282 android.view.View.draw:26758 android.view.View.updateDisplayListIfDirty:25577 android.view.ViewGroup.recreateChildDisplayList:4881 
09-24 11:50:27.478 21367 21367 D WhisperSpeechController: updateContext: surveyId=7e405044-91a5-46e8-a5af-240a600f372a, questionId=Q8
09-24 11:50:27.510 21367 21367 D WhisperSpeechController: updateContext: surveyId=7e405044-91a5-46e8-a5af-240a600f372a, questionId=Q8
09-24 11:50:27.519 21367 21367 I View    : setRequestedFrameRate frameRate=NaN, this=android.view.View{91c3b3c V.ED..... ........ 0,0-0,0}, caller=androidx.compose.ui.platform.Api35Impl.setRequestedFrameRate:4047 androidx.compose.ui.platform.AndroidComposeView.dispatchDraw:2282 android.view.View.draw:26758 android.view.View.updateDisplayListIfDirty:25577 android.view.ViewGroup.recreateChildDisplayList:4881 
09-24 11:50:27.523 21367 21383 I AdrenoVK-0: Shader compilation failed for shaderType: 0
09-24 11:50:27.523 21367 21383 I AdrenoVK-0: Pipeline create failed
09-24 11:50:27.546 21367 21383 I AdrenoVK-0: Shader compilation failed for shaderType: 0
09-24 11:50:27.546 21367 21383 I AdrenoVK-0: Pipeline create failed
09-24 11:50:27.551 21367 21383 I AdrenoVK-0: Shader compilation failed for shaderType: 0
09-24 11:50:27.551 21367 21383 I AdrenoVK-0: Pipeline create failed
09-24 11:50:27.569 21367 21383 I AdrenoVK-0: Shader compilation failed for shaderType: 4
09-24 11:50:27.569 21367 21383 I AdrenoVK-0: Pipeline create failed
09-24 11:50:27.580 21367 21383 I AdrenoVK-0: Shader compilation failed for shaderType: 0
09-24 11:50:27.580 21367 21383 I AdrenoVK-0: Pipeline create failed
09-24 11:50:27.585 21367 21383 I AdrenoVK-0: Shader compilation failed for shaderType: 0
09-24 11:50:27.585 21367 21383 I AdrenoVK-0: Pipeline create failed
09-24 11:50:27.593 21367 21383 I AdrenoVK-0: Shader compilation failed for shaderType: 0
09-24 11:50:27.593 21367 21383 I AdrenoVK-0: Pipeline create failed
09-24 11:50:27.598 21367 21383 I AdrenoVK-0: Shader compilation failed for shaderType: 4
09-24 11:50:27.598 21367 21383 I AdrenoVK-0: Pipeline create failed
09-24 11:50:27.604 21367 21383 I AdrenoVK-0: Shader compilation failed for shaderType: 0
09-24 11:50:27.604 21367 21383 I AdrenoVK-0: Pipeline create failed
09-24 11:50:27.607 21367 21383 I AdrenoVK-0: Shader compilation failed for shaderType: 0
09-24 11:50:27.607 21367 21383 I AdrenoVK-0: Pipeline create failed
09-24 11:50:27.631 21367 21367 D InputMethodManagerUtils: startInputInner - Id : 0
09-24 11:50:27.631 21367 21367 I InputMethodManager: startInputInner - IInputMethodManagerGlobalInvoker.startInputOrWindowGainedFocus
09-24 11:50:27.632 21367 21367 D InputMethodManagerUtils: startInputInner - Id : 0
09-24 11:50:27.632 21367 21367 I InputMethodManager: startInputInner - IInputMethodManagerGlobalInvoker.startInputOrWindowGainedFocus
09-24 11:50:27.632 21367 21367 D InsetsController: show(ime())
09-24 11:50:27.632 21367 21367 I ImeTracker: com.negi.survey:2e3095ca: onRequestShow at ORIGIN_CLIENT reason SHOW_SOFT_INPUT_BY_INSETS_API fromUser false
09-24 11:50:27.634 21367 21367 D InsetsController: Setting requestedVisibleTypes to 511 (was 503)
09-24 11:50:27.634 21367 21434 D InputTransport: Input channel constructed: 'ClientS', fd=191
09-24 11:50:27.635 21367 21367 I InsetsController: setRequestedVisibleTypes: visible=true, mask=ime, host=com.negi.survey/com.negi.survey.MainActivity, from=android.view.InsetsController.controlAnimationUnchecked:1646 android.view.InsetsController.applyAnimation:2278 android.view.InsetsController.applyAnimation:2207 android.view.InsetsController.show:1498 android.view.InsetsController.show:1435 androidx.core.view.SoftwareKeyboardControllerCompat$Impl30.show:189 androidx.core.view.SoftwareKeyboardControllerCompat.show:70 androidx.compose.ui.text.input.InputMethodManagerImpl.showSoftInput:81 androidx.compose.ui.text.input.TextInputServiceAndroid.setKeyboardVisibleImmediately:468 androidx.compose.ui.text.input.TextInputServiceAndroid.processInputCommands:352 
09-24 11:50:27.637 21367 21434 D InputTransport: Input channel constructed: 'ClientS', fd=193
09-24 11:50:27.644 21367 21367 I AssistStructure: Flattened final assist data: 516 bytes, containing 1 windows, 3 views
09-24 11:50:27.645 21367 21367 I InputMethodManager_LC: showSoftInput(View,I)
09-24 11:50:27.645 21367 21367 I ImeTracker: com.negi.survey:2f752fc6: onRequestShow at ORIGIN_CLIENT reason SHOW_SOFT_INPUT fromUser false
09-24 11:50:27.645 21367 21367 I InputMethodManager_LC: ssi(): flags=0 view=com.negi.survey reason=SHOW_SOFT_INPUT
09-24 11:50:27.645 21367 21367 I InputMethodManager_LC: ssi() view is not EditText
09-24 11:50:27.645 21367 21367 D InsetsController: show(ime())
09-24 11:50:27.645 21367 21367 I ImeTracker: com.negi.survey:2f752fc6: onCancelled at PHASE_CLIENT_REPORT_REQUESTED_VISIBLE_TYPES
09-24 11:50:27.646 21367 21367 I VRI[MainActivity]@cd187ff: handleResized, frames=ClientWindowFrames{frame=[0,0][1080,2340] display=[0,0][1080,2340] parentFrame=[0,0][0,0]} displayId=0 dragResizing=false compatScale=1.0 frameChanged=false attachedFrameChanged=false configChanged=false displayChanged=false compatScaleChanged=false dragResizingChanged=false
09-24 11:50:27.649 21367 21367 W RemoteInputConnectionImpl: getExtractedText on inactive InputConnection
09-24 11:50:27.723 21367 21367 D WindowOnBackDispatcher: setTopOnBackInvokedCallback (unwrapped): android.view.ImeBackAnimationController@a829959
09-24 11:50:27.751 21367 21367 I InsetsController: onStateChanged: host=com.negi.survey/com.negi.survey.MainActivity, from=android.view.ViewRootImpl.onInsetsStateChanged:3038, state=InsetsState: {mDisplayFrame=Rect(0, 0 - 1080, 2340), mDisplayCutout=DisplayCutout{insets=Rect(0, 103 - 0, 0) waterfall=Insets{left=0, top=0, right=0, bottom=0} boundingRect={Bounds=[Rect(0, 0 - 0, 0), Rect(511, 0 - 569, 103), Rect(0, 0 - 0, 0), Rect(0, 0 - 0, 0)]} cutoutPathParserInfo={CutoutPathParserInfo{displayWidth=1080 displayHeight=2340 physicalDisplayWidth=1080 physicalDisplayHeight=2340 density={3.0} cutoutSpec={M 0,0 H -9.666666666666667 V 34.33333333333333 H 9.666666666666667 V 0 H 0 Z @dp} rotation={0} scale={1.0} physicalPixelDisplaySizeRatio={1.0}}} sideOverrides={}}, mRoundedCorners=RoundedCorners{[RoundedCorner{position=TopLeft, radius=102, center=Point(102, 102)}, RoundedCorner{position=TopRight, radius=102, center=Point(978, 102)}, RoundedCorner{position=BottomRight, radius=102, center=Point(978, 2238)}, RoundedCorner{position=BottomLeft, radius=102, center=Point(102, 2238)}]}  mRoundedCornerFrame=Rect(0, 0 - 1080, 2340), mPrivacyIndicatorBounds=PrivacyIndicatorBounds {static bounds=Rect(948, 0 - 1080, 103) rotation=0}, mDisplayShape=DisplayShape{ spec=-311912193 displayWidth=1080 displayHeight=2340 physicalPixelDisplaySizeRatio=1.0 rotation=0 offsetX=0 offsetY=0 scale=1.0}, mSources= { InsetsSource: {cafc0000 mType=statusBars mFrame=[0,0][1080,103] mAttachedInsets=null mVisible=true mFlags= mSideHint=TOP mBoundingRects=null}, InsetsSource: {cafc0005 mType=mandatorySystemGestures mFrame=[0,0][1080,139] mAttachedInsets=null mVisible=true mFlags= mSideHint=TOP mBoundingRects=null}, InsetsSource: {cafc0006 mType=tappableElement mFrame=[0,0][1080,103] mAttachedInsets=null mVisible=true mFlags= mSideHint=TOP mBoundingRects=null}, InsetsSource: {3 mType=ime mFrame=[0,1314][1080,2340] mAttachedInsets=null mVisible=true mFlags= mSideHint=BOTTOM mBoundingRects=null}, InsetsSource: {27 mType=displayCutout mFrame=[0,0][1080,103] mAttachedInsets=null mVisible=true mFlags= mSideHint=TOP mBoundingRects=null}, InsetsSource: {3c610001 mType=navigationBars mFrame=[0,2196][1080,2340] mAttachedInsets=null mVisible=true mFlags= mSideHint=BOTTOM mBoundingRects=null}, InsetsSource: {3c610004 mType=systemGestures mFrame=[0,0][0,0] mAttachedInsets=null mVisible=true mFlags= mSideHint=NONE mBoundingRects=null}, InsetsSource: {3c610005 mType=mandatorySystemGestures mFrame=[0,2196][1080,2340] mAttachedInsets=null mVisible=true mFlags= mSideHint=BOTTOM mBoundingRects=null}, InsetsSource: {3c610006 mType=tappableElement mFrame=[0,2196][1080,2340] mAttachedInsets=null mVisible=true mFlags= mSideHint=BOTTOM mBoundingRects=null}, InsetsSource: {3c610024 mType=systemGestures mFrame=[0,0][0,0] mAttachedInsets=null mVisible=true mFlags= mSideHint=NONE mBoundingRects=null} }
09-24 11:50:27.751 21367 21367 I VRI[MainActivity]@cd187ff: handleResized, frames=ClientWindowFrames{frame=[0,0][1080,2340] display=[0,0][1080,2340] parentFrame=[0,0][0,0]} displayId=0 dragResizing=false compatScale=1.0 frameChanged=false attachedFrameChanged=false configChanged=false displayChanged=false compatScaleChanged=false dragResizingChanged=false
09-24 11:50:27.754 21367 21367 I InsetsController: onStateChanged: host=com.negi.survey/com.negi.survey.MainActivity, from=android.view.ViewRootImpl.onInsetsStateChanged:3038, state=InsetsState: {mDisplayFrame=Rect(0, 0 - 1080, 2340), mDisplayCutout=DisplayCutout{insets=Rect(0, 103 - 0, 0) waterfall=Insets{left=0, top=0, right=0, bottom=0} boundingRect={Bounds=[Rect(0, 0 - 0, 0), Rect(511, 0 - 569, 103), Rect(0, 0 - 0, 0), Rect(0, 0 - 0, 0)]} cutoutPathParserInfo={CutoutPathParserInfo{displayWidth=1080 displayHeight=2340 physicalDisplayWidth=1080 physicalDisplayHeight=2340 density={3.0} cutoutSpec={M 0,0 H -9.666666666666667 V 34.33333333333333 H 9.666666666666667 V 0 H 0 Z @dp} rotation={0} scale={1.0} physicalPixelDisplaySizeRatio={1.0}}} sideOverrides={}}, mRoundedCorners=RoundedCorners{[RoundedCorner{position=TopLeft, radius=102, center=Point(102, 102)}, RoundedCorner{position=TopRight, radius=102, center=Point(978, 102)}, RoundedCorner{position=BottomRight, radius=102, center=Point(978, 2238)}, RoundedCorner{position=BottomLeft, radius=102, center=Point(102, 2238)}]}  mRoundedCornerFrame=Rect(0, 0 - 1080, 2340), mPrivacyIndicatorBounds=PrivacyIndicatorBounds {static bounds=Rect(948, 0 - 1080, 103) rotation=0}, mDisplayShape=DisplayShape{ spec=-311912193 displayWidth=1080 displayHeight=2340 physicalPixelDisplaySizeRatio=1.0 rotation=0 offsetX=0 offsetY=0 scale=1.0}, mSources= { InsetsSource: {cafc0000 mType=statusBars mFrame=[0,0][1080,103] mAttachedInsets=null mVisible=true mFlags= mSideHint=TOP mBoundingRects=null}, InsetsSource: {cafc0005 mType=mandatorySystemGestures mFrame=[0,0][1080,139] mAttachedInsets=null mVisible=true mFlags= mSideHint=TOP mBoundingRects=null}, InsetsSource: {cafc0006 mType=tappableElement mFrame=[0,0][1080,103] mAttachedInsets=null mVisible=true mFlags= mSideHint=TOP mBoundingRects=null}, InsetsSource: {3 mType=ime mFrame=[0,1314][1080,2340] mAttachedInsets=null mVisible=true mFlags= mSideHint=BOTTOM mBoundingRects=null}, InsetsSource: {27 mType=displayCutout mFrame=[0,0][1080,103] mAttachedInsets=null mVisible=true mFlags= mSideHint=TOP mBoundingRects=null}, InsetsSource: {3c610001 mType=navigationBars mFrame=[0,2196][1080,2340] mAttachedInsets=null mVisible=true mFlags= mSideHint=BOTTOM mBoundingRects=null}, InsetsSource: {3c610004 mType=systemGestures mFrame=[0,0][0,0] mAttachedInsets=null mVisible=true mFlags= mSideHint=NONE mBoundingRects=null}, InsetsSource: {3c610005 mType=mandatorySystemGestures mFrame=[0,2196][1080,2340] mAttachedInsets=null mVisible=true mFlags= mSideHint=BOTTOM mBoundingRects=null}, InsetsSource: {3c610006 mType=tappableElement mFrame=[0,2196][1080,2340] mAttachedInsets=null mVisible=true mFlags= mSideHint=BOTTOM mBoundingRects=null}, InsetsSource: {3c610024 mType=systemGestures mFrame=[0,0][0,0] mAttachedInsets=null mVisible=true mFlags= mSideHint=NONE mBoundingRects=null} }
09-24 11:50:27.761 21367 21367 D VRI[MainActivity]@cd187ff: WindowInsets changed: ime:[0,0,0,1026] 
09-24 11:50:27.762 21367 21367 I BLASTBufferQueue_Java: update, w= 1080 h= 2340 mName = VRI[MainActivity]@cd187ff mNativeObject= 0xb400007c32849a60 sc.mNativeObject= 0xb400007bc284d450 format= -1 caller= android.view.ViewRootImpl.updateBlastSurfaceIfNeeded:3592 android.view.ViewRootImpl.relayoutWindow:11813 android.view.ViewRootImpl.performTraversals:4840 android.view.ViewRootImpl.doTraversal:3959 android.view.ViewRootImpl$TraversalRunnable.run:13034 android.view.Choreographer$CallbackRecord.run:1961 
09-24 11:50:27.762 21367 21367 I VRI[MainActivity]@cd187ff: Relayout returned: old=(0,0,1080,2340) new=(0,0,1080,2340) relayoutAsync=true req=(1080,2340)0 dur=0 res=0x0 s={true 0xb400007c7286b0b0} ch=false seqId=0
09-24 11:50:27.764 21367 21367 W InteractionJankMonitor: Initializing without READ_DEVICE_CONFIG permission. enabled=false, interval=1, missedFrameThreshold=3, frameTimeThreshold=64, package=com.negi.survey
09-24 11:50:27.764 21367 21367 I VRI[MainActivity]@cd187ff: registerCallbackForPendingTransactions
09-24 11:50:27.765 21367 21390 I VRI[MainActivity]@cd187ff: mWNT: t=0xb400007b930ebe60 mBlastBufferQueue=0xb400007c32849a60 fn= 4582 HdrRenderState mRenderHdrSdrRatio=1.0 caller= android.view.SyncRtSurfaceTransactionApplier.applyTransaction:102 android.view.SyncRtSurfaceTransactionApplier.lambda$scheduleApply$0:75 android.view.SyncRtSurfaceTransactionApplier.$r8$lambda$afI4fXg3U3-nBZQEDQMiNy-B06s:0 
09-24 11:50:27.765 21367 21390 I VRI[MainActivity]@cd187ff: mWNT: t=0xb400007b930ec7a0 mBlastBufferQueue=0xb400007c32849a60 fn= 4582 HdrRenderState mRenderHdrSdrRatio=1.0 caller= android.view.ViewRootImpl$10.onFrameDraw:6615 android.view.ViewRootImpl$4.onFrameDraw:2485 android.view.ThreadedRenderer$1.onFrameDraw:751 
09-24 11:50:27.770 21367 21389 I VRI[MainActivity]@cd187ff: mWNT: t=0xb400007b930ea2a0 mBlastBufferQueue=0xb400007c32849a60 fn= 4582 HdrRenderState mRenderHdrSdrRatio=1.0 caller= android.view.SyncRtSurfaceTransactionApplier.applyTransaction:102 android.view.SyncRtSurfaceTransactionApplier.lambda$scheduleApply$0:75 android.view.SyncRtSurfaceTransactionApplier.$r8$lambda$afI4fXg3U3-nBZQEDQMiNy-B06s:0 
09-24 11:50:27.779 21367 21367 I View    : setRequestedFrameRate frameRate=-4.0, this=android.view.View{91c3b3c V.ED..... ........ 0,0-0,0}, caller=androidx.compose.ui.platform.Api35Impl.setRequestedFrameRate:4047 androidx.compose.ui.platform.AndroidComposeView.dispatchDraw:2282 android.view.View.draw:26758 android.view.View.updateDisplayListIfDirty:25577 android.view.View.draw:26477 
09-24 11:50:27.779 21367 21390 I VRI[MainActivity]@cd187ff: mWNT: t=0xb400007b930edec0 mBlastBufferQueue=0xb400007c32849a60 fn= 4583 HdrRenderState mRenderHdrSdrRatio=1.0 caller= android.view.SyncRtSurfaceTransactionApplier.applyTransaction:102 android.view.SyncRtSurfaceTransactionApplier.lambda$scheduleApply$0:75 android.view.SyncRtSurfaceTransactionApplier.$r8$lambda$afI4fXg3U3-nBZQEDQMiNy-B06s:0 
09-24 11:50:27.788 21367 21389 I VRI[MainActivity]@cd187ff: mWNT: t=0xb400007b930d73b0 mBlastBufferQueue=0xb400007c32849a60 fn= 4584 HdrRenderState mRenderHdrSdrRatio=1.0 caller= android.view.SyncRtSurfaceTransactionApplier.applyTransaction:102 android.view.SyncRtSurfaceTransactionApplier.lambda$scheduleApply$0:75 android.view.SyncRtSurfaceTransactionApplier.$r8$lambda$afI4fXg3U3-nBZQEDQMiNy-B06s:0 
09-24 11:50:27.796 21367 21390 I VRI[MainActivity]@cd187ff: mWNT: t=0xb400007b930d8d20 mBlastBufferQueue=0xb400007c32849a60 fn= 4585 HdrRenderState mRenderHdrSdrRatio=1.0 caller= android.view.SyncRtSurfaceTransactionApplier.applyTransaction:102 android.view.SyncRtSurfaceTransactionApplier.lambda$scheduleApply$0:75 android.view.SyncRtSurfaceTransactionApplier.$r8$lambda$afI4fXg3U3-nBZQEDQMiNy-B06s:0 
09-24 11:50:27.808 21367 21389 I VRI[MainActivity]@cd187ff: mWNT: t=0xb400007b930e1340 mBlastBufferQueue=0xb400007c32849a60 fn= 4586 HdrRenderState mRenderHdrSdrRatio=1.0 caller= android.view.SyncRtSurfaceTransactionApplier.applyTransaction:102 android.view.SyncRtSurfaceTransactionApplier.lambda$scheduleApply$0:75 android.view.SyncRtSurfaceTransactionApplier.$r8$lambda$afI4fXg3U3-nBZQEDQMiNy-B06s:0 
09-24 11:50:27.817 21367 21390 I VRI[MainActivity]@cd187ff: mWNT: t=0xb400007b930e17e0 mBlastBufferQueue=0xb400007c32849a60 fn= 4587 HdrRenderState mRenderHdrSdrRatio=1.0 caller= android.view.SyncRtSurfaceTransactionApplier.applyTransaction:102 android.view.SyncRtSurfaceTransactionApplier.lambda$scheduleApply$0:75 android.view.SyncRtSurfaceTransactionApplier.$r8$lambda$afI4fXg3U3-nBZQEDQMiNy-B06s:0 
09-24 11:50:27.827 21367 21389 I VRI[MainActivity]@cd187ff: mWNT: t=0xb400007b930dbdb0 mBlastBufferQueue=0xb400007c32849a60 fn= 4588 HdrRenderState mRenderHdrSdrRatio=1.0 caller= android.view.SyncRtSurfaceTransactionApplier.applyTransaction:102 android.view.SyncRtSurfaceTransactionApplier.lambda$scheduleApply$0:75 android.view.SyncRtSurfaceTransactionApplier.$r8$lambda$afI4fXg3U3-nBZQEDQMiNy-B06s:0 
09-24 11:50:27.835 21367 21390 I VRI[MainActivity]@cd187ff: mWNT: t=0xb400007b9296aca0 mBlastBufferQueue=0xb400007c32849a60 fn= 4589 HdrRenderState mRenderHdrSdrRatio=1.0 caller= android.view.SyncRtSurfaceTransactionApplier.applyTransaction:102 android.view.SyncRtSurfaceTransactionApplier.lambda$scheduleApply$0:75 android.view.SyncRtSurfaceTransactionApplier.$r8$lambda$afI4fXg3U3-nBZQEDQMiNy-B06s:0 
09-24 11:50:27.843 21367 21389 I VRI[MainActivity]@cd187ff: mWNT: t=0xb400007b930ee110 mBlastBufferQueue=0xb400007c32849a60 fn= 4590 HdrRenderState mRenderHdrSdrRatio=1.0 caller= android.view.SyncRtSurfaceTransactionApplier.applyTransaction:102 android.view.SyncRtSurfaceTransactionApplier.lambda$scheduleApply$0:75 android.view.SyncRtSurfaceTransactionApplier.$r8$lambda$afI4fXg3U3-nBZQEDQMiNy-B06s:0 
09-24 11:50:27.850 21367 21390 I VRI[MainActivity]@cd187ff: mWNT: t=0xb400007b930d2760 mBlastBufferQueue=0xb400007c32849a60 fn= 4591 HdrRenderState mRenderHdrSdrRatio=1.0 caller= android.view.SyncRtSurfaceTransactionApplier.applyTransaction:102 android.view.SyncRtSurfaceTransactionApplier.lambda$scheduleApply$0:75 android.view.SyncRtSurfaceTransactionApplier.$r8$lambda$afI4fXg3U3-nBZQEDQMiNy-B06s:0 
09-24 11:50:27.856 21367 21389 I VRI[MainActivity]@cd187ff: mWNT: t=0xb400007b930e6680 mBlastBufferQueue=0xb400007c32849a60 fn= 4591 HdrRenderState mRenderHdrSdrRatio=1.0 caller= android.view.SyncRtSurfaceTransactionApplier.applyTransaction:102 android.view.SyncRtSurfaceTransactionApplier.lambda$scheduleApply$0:75 android.view.SyncRtSurfaceTransactionApplier.$r8$lambda$afI4fXg3U3-nBZQEDQMiNy-B06s:0 
09-24 11:50:27.864 21367 21390 I VRI[MainActivity]@cd187ff: mWNT: t=0xb400007b930df530 mBlastBufferQueue=0xb400007c32849a60 fn= 4592 HdrRenderState mRenderHdrSdrRatio=1.0 caller= android.view.SyncRtSurfaceTransactionApplier.applyTransaction:102 android.view.SyncRtSurfaceTransactionApplier.lambda$scheduleApply$0:75 android.view.SyncRtSurfaceTransactionApplier.$r8$lambda$afI4fXg3U3-nBZQEDQMiNy-B06s:0 
09-24 11:50:27.872 21367 21389 I VRI[MainActivity]@cd187ff: mWNT: t=0xb400007b930dad80 mBlastBufferQueue=0xb400007c32849a60 fn= 4593 HdrRenderState mRenderHdrSdrRatio=1.0 caller= android.view.SyncRtSurfaceTransactionApplier.applyTransaction:102 android.view.SyncRtSurfaceTransactionApplier.lambda$scheduleApply$0:75 android.view.SyncRtSurfaceTransactionApplier.$r8$lambda$afI4fXg3U3-nBZQEDQMiNy-B06s:0 
09-24 11:50:27.880 21367 21390 I VRI[MainActivity]@cd187ff: mWNT: t=0xb400007b930de750 mBlastBufferQueue=0xb400007c32849a60 fn= 4594 HdrRenderState mRenderHdrSdrRatio=1.0 caller= android.view.SyncRtSurfaceTransactionApplier.applyTransaction:102 android.view.SyncRtSurfaceTransactionApplier.lambda$scheduleApply$0:75 android.view.SyncRtSurfaceTransactionApplier.$r8$lambda$afI4fXg3U3-nBZQEDQMiNy-B06s:0 
09-24 11:50:27.890 21367 21389 I VRI[MainActivity]@cd187ff: mWNT: t=0xb400007b930e5af0 mBlastBufferQueue=0xb400007c32849a60 fn= 4595 HdrRenderState mRenderHdrSdrRatio=1.0 caller= android.view.SyncRtSurfaceTransactionApplier.applyTransaction:102 android.view.SyncRtSurfaceTransactionApplier.lambda$scheduleApply$0:75 android.view.SyncRtSurfaceTransactionApplier.$r8$lambda$afI4fXg3U3-nBZQEDQMiNy-B06s:0 
09-24 11:50:27.897 21367 21390 I VRI[MainActivity]@cd187ff: mWNT: t=0xb400007b930d29b0 mBlastBufferQueue=0xb400007c32849a60 fn= 4596 HdrRenderState mRenderHdrSdrRatio=1.0 caller= android.view.SyncRtSurfaceTransactionApplier.applyTransaction:102 android.view.SyncRtSurfaceTransactionApplier.lambda$scheduleApply$0:75 android.view.SyncRtSurfaceTransactionApplier.$r8$lambda$afI4fXg3U3-nBZQEDQMiNy-B06s:0 
09-24 11:50:27.906 21367 21389 I VRI[MainActivity]@cd187ff: mWNT: t=0xb400007b930d2070 mBlastBufferQueue=0xb400007c32849a60 fn= 4597 HdrRenderState mRenderHdrSdrRatio=1.0 caller= android.view.SyncRtSurfaceTransactionApplier.applyTransaction:102 android.view.SyncRtSurfaceTransactionApplier.lambda$scheduleApply$0:75 android.view.SyncRtSurfaceTransactionApplier.$r8$lambda$afI4fXg3U3-nBZQEDQMiNy-B06s:0 
09-24 11:50:27.914 21367 21390 I VRI[MainActivity]@cd187ff: mWNT: t=0xb400007b930d0ba0 mBlastBufferQueue=0xb400007c32849a60 fn= 4598 HdrRenderState mRenderHdrSdrRatio=1.0 caller= android.view.SyncRtSurfaceTransactionApplier.applyTransaction:102 android.view.SyncRtSurfaceTransactionApplier.lambda$scheduleApply$0:75 android.view.SyncRtSurfaceTransactionApplier.$r8$lambda$afI4fXg3U3-nBZQEDQMiNy-B06s:0 
09-24 11:50:27.923 21367 21389 I VRI[MainActivity]@cd187ff: mWNT: t=0xb400007b92935500 mBlastBufferQueue=0xb400007c32849a60 fn= 4599 HdrRenderState mRenderHdrSdrRatio=1.0 caller= android.view.SyncRtSurfaceTransactionApplier.applyTransaction:102 android.view.SyncRtSurfaceTransactionApplier.lambda$scheduleApply$0:75 android.view.SyncRtSurfaceTransactionApplier.$r8$lambda$afI4fXg3U3-nBZQEDQMiNy-B06s:0 
09-24 11:50:27.931 21367 21390 I VRI[MainActivity]@cd187ff: mWNT: t=0xb400007b930e8dd0 mBlastBufferQueue=0xb400007c32849a60 fn= 4600 HdrRenderState mRenderHdrSdrRatio=1.0 caller= android.view.SyncRtSurfaceTransactionApplier.applyTransaction:102 android.view.SyncRtSurfaceTransactionApplier.lambda$scheduleApply$0:75 android.view.SyncRtSurfaceTransactionApplier.$r8$lambda$afI4fXg3U3-nBZQEDQMiNy-B06s:0 
09-24 11:50:27.939 21367 21389 I VRI[MainActivity]@cd187ff: mWNT: t=0xb400007b930d6380 mBlastBufferQueue=0xb400007c32849a60 fn= 4601 HdrRenderState mRenderHdrSdrRatio=1.0 caller= android.view.SyncRtSurfaceTransactionApplier.applyTransaction:102 android.view.SyncRtSurfaceTransactionApplier.lambda$scheduleApply$0:75 android.view.SyncRtSurfaceTransactionApplier.$r8$lambda$afI4fXg3U3-nBZQEDQMiNy-B06s:0 
09-24 11:50:27.948 21367 21390 I VRI[MainActivity]@cd187ff: mWNT: t=0xb400007b930e3840 mBlastBufferQueue=0xb400007c32849a60 fn= 4602 HdrRenderState mRenderHdrSdrRatio=1.0 caller= android.view.SyncRtSurfaceTransactionApplier.applyTransaction:102 android.view.SyncRtSurfaceTransactionApplier.lambda$scheduleApply$0:75 android.view.SyncRtSurfaceTransactionApplier.$r8$lambda$afI4fXg3U3-nBZQEDQMiNy-B06s:0 
09-24 11:50:27.956 21367 21389 I VRI[MainActivity]@cd187ff: mWNT: t=0xb400007b930d5350 mBlastBufferQueue=0xb400007c32849a60 fn= 4603 HdrRenderState mRenderHdrSdrRatio=1.0 caller= android.view.SyncRtSurfaceTransactionApplier.applyTransaction:102 android.view.SyncRtSurfaceTransactionApplier.lambda$scheduleApply$0:75 android.view.SyncRtSurfaceTransactionApplier.$r8$lambda$afI4fXg3U3-nBZQEDQMiNy-B06s:0 
09-24 11:50:27.964 21367 21390 I VRI[MainActivity]@cd187ff: mWNT: t=0xb400007b928aa900 mBlastBufferQueue=0xb400007c32849a60 fn= 4604 HdrRenderState mRenderHdrSdrRatio=1.0 caller= android.view.SyncRtSurfaceTransactionApplier.applyTransaction:102 android.view.SyncRtSurfaceTransactionApplier.lambda$scheduleApply$0:75 android.view.SyncRtSurfaceTransactionApplier.$r8$lambda$afI4fXg3U3-nBZQEDQMiNy-B06s:0 
09-24 11:50:27.972 21367 21389 I VRI[MainActivity]@cd187ff: mWNT: t=0xb400007b930cfdc0 mBlastBufferQueue=0xb400007c32849a60 fn= 4605 HdrRenderState mRenderHdrSdrRatio=1.0 caller= android.view.SyncRtSurfaceTransactionApplier.applyTransaction:102 android.view.SyncRtSurfaceTransactionApplier.lambda$scheduleApply$0:75 android.view.SyncRtSurfaceTransactionApplier.$r8$lambda$afI4fXg3U3-nBZQEDQMiNy-B06s:0 
09-24 11:50:27.980 21367 21390 I VRI[MainActivity]@cd187ff: mWNT: t=0xb400007b930d9660 mBlastBufferQueue=0xb400007c32849a60 fn= 4606 HdrRenderState mRenderHdrSdrRatio=1.0 caller= android.view.SyncRtSurfaceTransactionApplier.applyTransaction:102 android.view.SyncRtSurfaceTransactionApplier.lambda$scheduleApply$0:75 android.view.SyncRtSurfaceTransactionApplier.$r8$lambda$afI4fXg3U3-nBZQEDQMiNy-B06s:0 
09-24 11:50:27.989 21367 21389 I VRI[MainActivity]@cd187ff: mWNT: t=0xb400007b930d9410 mBlastBufferQueue=0xb400007c32849a60 fn= 4607 HdrRenderState mRenderHdrSdrRatio=1.0 caller= android.view.SyncRtSurfaceTransactionApplier.applyTransaction:102 android.view.SyncRtSurfaceTransactionApplier.lambda$scheduleApply$0:75 android.view.SyncRtSurfaceTransactionApplier.$r8$lambda$afI4fXg3U3-nBZQEDQMiNy-B06s:0 
09-24 11:50:27.997 21367 21390 I VRI[MainActivity]@cd187ff: mWNT: t=0xb400007b930dc940 mBlastBufferQueue=0xb400007c32849a60 fn= 4608 HdrRenderState mRenderHdrSdrRatio=1.0 caller= android.view.SyncRtSurfaceTransactionApplier.applyTransaction:102 android.view.SyncRtSurfaceTransactionApplier.lambda$scheduleApply$0:75 android.view.SyncRtSurfaceTransactionApplier.$r8$lambda$afI4fXg3U3-nBZQEDQMiNy-B06s:0 
09-24 11:50:28.005 21367 21389 I VRI[MainActivity]@cd187ff: mWNT: t=0xb400007b930cd8c0 mBlastBufferQueue=0xb400007c32849a60 fn= 4609 HdrRenderState mRenderHdrSdrRatio=1.0 caller= android.view.SyncRtSurfaceTransactionApplier.applyTransaction:102 android.view.SyncRtSurfaceTransactionApplier.lambda$scheduleApply$0:75 android.view.SyncRtSurfaceTransactionApplier.$r8$lambda$afI4fXg3U3-nBZQEDQMiNy-B06s:0 
09-24 11:50:28.014 21367 21390 I VRI[MainActivity]@cd187ff: mWNT: t=0xb400007b930da690 mBlastBufferQueue=0xb400007c32849a60 fn= 4610 HdrRenderState mRenderHdrSdrRatio=1.0 caller= android.view.SyncRtSurfaceTransactionApplier.applyTransaction:102 android.view.SyncRtSurfaceTransactionApplier.lambda$scheduleApply$0:75 android.view.SyncRtSurfaceTransactionApplier.$r8$lambda$afI4fXg3U3-nBZQEDQMiNy-B06s:0 
09-24 11:50:28.022 21367 21389 I VRI[MainActivity]@cd187ff: mWNT: t=0xb400007b930ec550 mBlastBufferQueue=0xb400007c32849a60 fn= 4611 HdrRenderState mRenderHdrSdrRatio=1.0 caller= android.view.SyncRtSurfaceTransactionApplier.applyTransaction:102 android.view.SyncRtSurfaceTransactionApplier.lambda$scheduleApply$0:75 android.view.SyncRtSurfaceTransactionApplier.$r8$lambda$afI4fXg3U3-nBZQEDQMiNy-B06s:0 
09-24 11:50:28.031 21367 21390 I VRI[MainActivity]@cd187ff: mWNT: t=0xb400007b92933250 mBlastBufferQueue=0xb400007c32849a60 fn= 4612 HdrRenderState mRenderHdrSdrRatio=1.0 caller= android.view.SyncRtSurfaceTransactionApplier.applyTransaction:102 android.view.SyncRtSurfaceTransactionApplier.lambda$scheduleApply$0:75 android.view.SyncRtSurfaceTransactionApplier.$r8$lambda$afI4fXg3U3-nBZQEDQMiNy-B06s:0 
09-24 11:50:28.039 21367 21389 I VRI[MainActivity]@cd187ff: mWNT: t=0xb400007b930e7da0 mBlastBufferQueue=0xb400007c32849a60 fn= 4613 HdrRenderState mRenderHdrSdrRatio=1.0 caller= android.view.SyncRtSurfaceTransactionApplier.applyTransaction:102 android.view.SyncRtSurfaceTransactionApplier.lambda$scheduleApply$0:75 android.view.SyncRtSurfaceTransactionApplier.$r8$lambda$afI4fXg3U3-nBZQEDQMiNy-B06s:0 
09-24 11:50:28.047 21367 21390 I VRI[MainActivity]@cd187ff: mWNT: t=0xb400007b930c6520 mBlastBufferQueue=0xb400007c32849a60 fn= 4614 HdrRenderState mRenderHdrSdrRatio=1.0 caller= android.view.SyncRtSurfaceTransactionApplier.applyTransaction:102 android.view.SyncRtSurfaceTransactionApplier.lambda$scheduleApply$0:75 android.view.SyncRtSurfaceTransactionApplier.$r8$lambda$afI4fXg3U3-nBZQEDQMiNy-B06s:0 
09-24 11:50:28.055 21367 21389 I VRI[MainActivity]@cd187ff: mWNT: t=0xb400007b930d4a10 mBlastBufferQueue=0xb400007c32849a60 fn= 4615 HdrRenderState mRenderHdrSdrRatio=1.0 caller= android.view.SyncRtSurfaceTransactionApplier.applyTransaction:102 android.view.SyncRtSurfaceTransactionApplier.lambda$scheduleApply$0:75 android.view.SyncRtSurfaceTransactionApplier.$r8$lambda$afI4fXg3U3-nBZQEDQMiNy-B06s:0 
09-24 11:50:28.063 21367 21390 I VRI[MainActivity]@cd187ff: mWNT: t=0xb400007b930da8e0 mBlastBufferQueue=0xb400007c32849a60 fn= 4616 HdrRenderState mRenderHdrSdrRatio=1.0 caller= android.view.SyncRtSurfaceTransactionApplier.applyTransaction:102 android.view.SyncRtSurfaceTransactionApplier.lambda$scheduleApply$0:75 android.view.SyncRtSurfaceTransactionApplier.$r8$lambda$afI4fXg3U3-nBZQEDQMiNy-B06s:0 
09-24 11:50:28.072 21367 21389 I VRI[MainActivity]@cd187ff: mWNT: t=0xb400007b928ab240 mBlastBufferQueue=0xb400007c32849a60 fn= 4617 HdrRenderState mRenderHdrSdrRatio=1.0 caller= android.view.SyncRtSurfaceTransactionApplier.applyTransaction:102 android.view.SyncRtSurfaceTransactionApplier.lambda$scheduleApply$0:75 android.view.SyncRtSurfaceTransactionApplier.$r8$lambda$afI4fXg3U3-nBZQEDQMiNy-B06s:0 
09-24 11:50:28.080 21367 21390 I VRI[MainActivity]@cd187ff: mWNT: t=0xb400007b930e25c0 mBlastBufferQueue=0xb400007c32849a60 fn= 4618 HdrRenderState mRenderHdrSdrRatio=1.0 caller= android.view.SyncRtSurfaceTransactionApplier.applyTransaction:102 android.view.SyncRtSurfaceTransactionApplier.lambda$scheduleApply$0:75 android.view.SyncRtSurfaceTransactionApplier.$r8$lambda$afI4fXg3U3-nBZQEDQMiNy-B06s:0 
09-24 11:50:28.089 21367 21389 I VRI[MainActivity]@cd187ff: mWNT: t=0xb400007b930c2ff0 mBlastBufferQueue=0xb400007c32849a60 fn= 4619 HdrRenderState mRenderHdrSdrRatio=1.0 caller= android.view.SyncRtSurfaceTransactionApplier.applyTransaction:102 android.view.SyncRtSurfaceTransactionApplier.lambda$scheduleApply$0:75 android.view.SyncRtSurfaceTransactionApplier.$r8$lambda$afI4fXg3U3-nBZQEDQMiNy-B06s:0 
09-24 11:50:28.097 21367 21390 I VRI[MainActivity]@cd187ff: mWNT: t=0xb400007b930da440 mBlastBufferQueue=0xb400007c32849a60 fn= 4620 HdrRenderState mRenderHdrSdrRatio=1.0 caller= android.view.SyncRtSurfaceTransactionApplier.applyTransaction:102 android.view.SyncRtSurfaceTransactionApplier.lambda$scheduleApply$0:75 android.view.SyncRtSurfaceTransactionApplier.$r8$lambda$afI4fXg3U3-nBZQEDQMiNy-B06s:0 
09-24 11:50:28.103 21367 21367 I View    : setRequestedFrameRate frameRate=NaN, this=android.view.View{91c3b3c V.ED..... ........ 0,0-0,0}, caller=androidx.compose.ui.platform.Api35Impl.setRequestedFrameRate:4047 androidx.compose.ui.platform.AndroidComposeView.dispatchDraw:2282 android.view.View.draw:26758 android.view.View.updateDisplayListIfDirty:25577 android.view.ViewGroup.recreateChildDisplayList:4881 
09-24 11:50:28.103 21367 21389 I VRI[MainActivity]@cd187ff: mWNT: t=0xb400007b930d7cf0 mBlastBufferQueue=0xb400007c32849a60 fn= 4621 HdrRenderState mRenderHdrSdrRatio=1.0 caller= android.view.SyncRtSurfaceTransactionApplier.applyTransaction:102 android.view.SyncRtSurfaceTransactionApplier.lambda$scheduleApply$0:75 android.view.SyncRtSurfaceTransactionApplier.$r8$lambda$afI4fXg3U3-nBZQEDQMiNy-B06s:0 
09-24 11:50:28.114 21367 21367 I View    : setRequestedFrameRate frameRate=-4.0, this=android.view.View{91c3b3c V.ED..... ........ 0,0-0,0}, caller=androidx.compose.ui.platform.Api35Impl.setRequestedFrameRate:4047 androidx.compose.ui.platform.AndroidComposeView.dispatchDraw:2282 android.view.View.draw:26758 android.view.View.updateDisplayListIfDirty:25577 android.view.View.draw:26477 
09-24 11:50:28.114 21367 21390 I VRI[MainActivity]@cd187ff: mWNT: t=0xb400007b930d2e50 mBlastBufferQueue=0xb400007c32849a60 fn= 4622 HdrRenderState mRenderHdrSdrRatio=1.0 caller= android.view.SyncRtSurfaceTransactionApplier.applyTransaction:102 android.view.SyncRtSurfaceTransactionApplier.lambda$scheduleApply$0:75 android.view.SyncRtSurfaceTransactionApplier.$r8$lambda$afI4fXg3U3-nBZQEDQMiNy-B06s:0 
09-24 11:50:28.119 21367 21367 I ImeTracker: com.negi.survey:2e3095ca: onShown
09-24 11:50:28.122 21367 21389 I VRI[MainActivity]@cd187ff: mWNT: t=0xb400007b930dafd0 mBlastBufferQueue=0xb400007c32849a60 fn= 4623 HdrRenderState mRenderHdrSdrRatio=1.0 caller= android.view.SyncRtSurfaceTransactionApplier.applyTransaction:102 android.view.SyncRtSurfaceTransactionApplier.lambda$scheduleApply$0:75 android.view.SyncRtSurfaceTransactionApplier.$r8$lambda$afI4fXg3U3-nBZQEDQMiNy-B06s:0 
09-24 11:50:28.128 21367 21367 I View    : setRequestedFrameRate frameRate=NaN, this=android.view.View{91c3b3c V.ED..... ........ 0,0-0,0}, caller=androidx.compose.ui.platform.Api35Impl.setRequestedFrameRate:4047 androidx.compose.ui.platform.AndroidComposeView.dispatchDraw:2282 android.view.View.draw:26758 android.view.View.updateDisplayListIfDirty:25577 android.view.ViewGroup.recreateChildDisplayList:4881 
09-24 11:50:30.370 21367 21367 I VRI[MainActivity]@cd187ff: ViewPostIme pointer 0
09-24 11:50:30.445 21367 21367 I VRI[MainActivity]@cd187ff: ViewPostIme pointer 1
09-24 11:50:30.458 21367 21367 D WhisperSpeechController: updateContext: surveyId=7e405044-91a5-46e8-a5af-240a600f372a, questionId=Q9
09-24 11:50:30.460 21367 21367 D WhisperSpeechController: updateContext: surveyId=7e405044-91a5-46e8-a5af-240a600f372a, questionId=Q9
09-24 11:50:30.465 21367 21367 I View    : setRequestedFrameRate frameRate=-4.0, this=android.view.View{91c3b3c V.ED..... ........ 0,0-0,0}, caller=androidx.compose.ui.platform.Api35Impl.setRequestedFrameRate:4047 androidx.compose.ui.platform.AndroidComposeView.dispatchDraw:2282 android.view.View.draw:26758 android.view.View.updateDisplayListIfDirty:25577 android.view.ViewGroup.recreateChildDisplayList:4881 
09-24 11:50:30.469 21367 21367 I View    : setRequestedFrameRate frameRate=NaN, this=android.view.View{91c3b3c V.ED..... ........ 0,0-0,0}, caller=androidx.compose.ui.platform.Api35Impl.setRequestedFrameRate:4047 androidx.compose.ui.platform.AndroidComposeView.dispatchDraw:2282 android.view.View.draw:26758 android.view.View.updateDisplayListIfDirty:25577 android.view.ViewGroup.recreateChildDisplayList:4881 
09-24 11:50:30.472 21367 21383 I AdrenoVK-0: Shader compilation failed for shaderType: 4
09-24 11:50:30.472 21367 21383 I AdrenoVK-0: Pipeline create failed
09-24 11:50:30.491 21367 21367 D InsetsController: show(ime())
09-24 11:50:30.491 21367 21367 I ImeTracker: com.negi.survey:53e9c381: onRequestShow at ORIGIN_CLIENT reason SHOW_SOFT_INPUT_BY_INSETS_API fromUser false
09-24 11:50:30.491 21367 21367 I ImeTracker: com.negi.survey:53e9c381: onCancelled at PHASE_CLIENT_APPLY_ANIMATION
09-24 11:50:30.491 21367 21367 I InputMethodManager_LC: showSoftInput(View,I)
09-24 11:50:30.491 21367 21367 I ImeTracker: com.negi.survey:ef92f9a7: onRequestShow at ORIGIN_CLIENT reason SHOW_SOFT_INPUT fromUser false
09-24 11:50:30.491 21367 21367 I InputMethodManager_LC: ssi(): flags=0 view=com.negi.survey reason=SHOW_SOFT_INPUT
09-24 11:50:30.491 21367 21367 I InputMethodManager_LC: ssi() view is not EditText
09-24 11:50:30.491 21367 21367 D InsetsController: show(ime())
09-24 11:50:30.491 21367 21367 I ImeTracker: com.negi.survey:ef92f9a7: onCancelled at PHASE_CLIENT_APPLY_ANIMATION
09-24 11:50:30.612 21367 21367 I VRI[MainActivity]@cd187ff: ViewPostIme pointer 0
09-24 11:50:30.686 21367 21367 I VRI[MainActivity]@cd187ff: ViewPostIme pointer 1
09-24 11:50:30.699 21367 21367 D WhisperSpeechController: updateContext: surveyId=7e405044-91a5-46e8-a5af-240a600f372a, questionId=Q10
09-24 11:50:30.700 21367 21367 D WhisperSpeechController: updateContext: surveyId=7e405044-91a5-46e8-a5af-240a600f372a, questionId=Q10
09-24 11:50:30.704 21367 21367 I View    : setRequestedFrameRate frameRate=-4.0, this=android.view.View{91c3b3c V.ED..... ........ 0,0-0,0}, caller=androidx.compose.ui.platform.Api35Impl.setRequestedFrameRate:4047 androidx.compose.ui.platform.AndroidComposeView.dispatchDraw:2282 android.view.View.draw:26758 android.view.View.updateDisplayListIfDirty:25577 android.view.ViewGroup.recreateChildDisplayList:4881 
09-24 11:50:30.711 21367 21367 I View    : setRequestedFrameRate frameRate=NaN, this=android.view.View{91c3b3c V.ED..... ........ 0,0-0,0}, caller=androidx.compose.ui.platform.Api35Impl.setRequestedFrameRate:4047 androidx.compose.ui.platform.AndroidComposeView.dispatchDraw:2282 android.view.View.draw:26758 android.view.View.updateDisplayListIfDirty:25577 android.view.ViewGroup.recreateChildDisplayList:4881 
09-24 11:50:30.730 21367 21367 D InsetsController: show(ime())
09-24 11:50:30.731 21367 21367 I ImeTracker: com.negi.survey:48ade0fd: onRequestShow at ORIGIN_CLIENT reason SHOW_SOFT_INPUT_BY_INSETS_API fromUser false
09-24 11:50:30.731 21367 21367 I ImeTracker: com.negi.survey:48ade0fd: onCancelled at PHASE_CLIENT_APPLY_ANIMATION
09-24 11:50:30.731 21367 21367 I InputMethodManager_LC: showSoftInput(View,I)
09-24 11:50:30.731 21367 21367 I ImeTracker: com.negi.survey:c1d92927: onRequestShow at ORIGIN_CLIENT reason SHOW_SOFT_INPUT fromUser false
09-24 11:50:30.731 21367 21367 I InputMethodManager_LC: ssi(): flags=0 view=com.negi.survey reason=SHOW_SOFT_INPUT
09-24 11:50:30.731 21367 21367 I InputMethodManager_LC: ssi() view is not EditText
09-24 11:50:30.731 21367 21367 D InsetsController: show(ime())
09-24 11:50:30.731 21367 21367 I ImeTracker: com.negi.survey:c1d92927: onCancelled at PHASE_CLIENT_APPLY_ANIMATION
09-24 11:50:30.804 21367 21367 I VRI[MainActivity]@cd187ff: ViewPostIme pointer 0
09-24 11:50:30.878 21367 21367 I VRI[MainActivity]@cd187ff: ViewPostIme pointer 1
09-24 11:50:30.890 21367 21367 D WhisperSpeechController: updateContext: surveyId=7e405044-91a5-46e8-a5af-240a600f372a, questionId=Q11
09-24 11:50:30.891 21367 21367 D WhisperSpeechController: updateContext: surveyId=7e405044-91a5-46e8-a5af-240a600f372a, questionId=Q11
09-24 11:50:30.896 21367 21367 I View    : setRequestedFrameRate frameRate=-4.0, this=android.view.View{91c3b3c V.ED..... ........ 0,0-0,0}, caller=androidx.compose.ui.platform.Api35Impl.setRequestedFrameRate:4047 androidx.compose.ui.platform.AndroidComposeView.dispatchDraw:2282 android.view.View.draw:26758 android.view.View.updateDisplayListIfDirty:25577 android.view.ViewGroup.recreateChildDisplayList:4881 
09-24 11:50:30.902 21367 21367 I View    : setRequestedFrameRate frameRate=NaN, this=android.view.View{91c3b3c V.ED..... ........ 0,0-0,0}, caller=androidx.compose.ui.platform.Api35Impl.setRequestedFrameRate:4047 androidx.compose.ui.platform.AndroidComposeView.dispatchDraw:2282 android.view.View.draw:26758 android.view.View.updateDisplayListIfDirty:25577 android.view.ViewGroup.recreateChildDisplayList:4881 
09-24 11:50:30.921 21367 21367 D InsetsController: show(ime())
09-24 11:50:30.922 21367 21367 I ImeTracker: com.negi.survey:3fbdb927: onRequestShow at ORIGIN_CLIENT reason SHOW_SOFT_INPUT_BY_INSETS_API fromUser false
09-24 11:50:30.922 21367 21367 I ImeTracker: com.negi.survey:3fbdb927: onCancelled at PHASE_CLIENT_APPLY_ANIMATION
09-24 11:50:30.922 21367 21367 I InputMethodManager_LC: showSoftInput(View,I)
09-24 11:50:30.922 21367 21367 I ImeTracker: com.negi.survey:89cb57fc: onRequestShow at ORIGIN_CLIENT reason SHOW_SOFT_INPUT fromUser false
09-24 11:50:30.922 21367 21367 I InputMethodManager_LC: ssi(): flags=0 view=com.negi.survey reason=SHOW_SOFT_INPUT
09-24 11:50:30.922 21367 21367 I InputMethodManager_LC: ssi() view is not EditText
09-24 11:50:30.922 21367 21367 D InsetsController: show(ime())
09-24 11:50:30.922 21367 21367 I ImeTracker: com.negi.survey:89cb57fc: onCancelled at PHASE_CLIENT_APPLY_ANIMATION
09-24 11:50:30.987 21367 21367 I VRI[MainActivity]@cd187ff: ViewPostIme pointer 0
09-24 11:50:31.061 21367 21367 I VRI[MainActivity]@cd187ff: ViewPostIme pointer 1
09-24 11:50:31.074 21367 21367 D WhisperSpeechController: updateContext: surveyId=7e405044-91a5-46e8-a5af-240a600f372a, questionId=Q12
09-24 11:50:31.076 21367 21367 D WhisperSpeechController: updateContext: surveyId=7e405044-91a5-46e8-a5af-240a600f372a, questionId=Q12
09-24 11:50:31.106 21367 21367 D InsetsController: show(ime())
09-24 11:50:31.106 21367 21367 I ImeTracker: com.negi.survey:c0ba4852: onRequestShow at ORIGIN_CLIENT reason SHOW_SOFT_INPUT_BY_INSETS_API fromUser false
09-24 11:50:31.106 21367 21367 I ImeTracker: com.negi.survey:c0ba4852: onCancelled at PHASE_CLIENT_APPLY_ANIMATION
09-24 11:50:31.106 21367 21367 I InputMethodManager_LC: showSoftInput(View,I)
09-24 11:50:31.106 21367 21367 I ImeTracker: com.negi.survey:78966d68: onRequestShow at ORIGIN_CLIENT reason SHOW_SOFT_INPUT fromUser false
09-24 11:50:31.106 21367 21367 I InputMethodManager_LC: ssi(): flags=0 view=com.negi.survey reason=SHOW_SOFT_INPUT
09-24 11:50:31.106 21367 21367 I InputMethodManager_LC: ssi() view is not EditText
09-24 11:50:31.106 21367 21367 D InsetsController: show(ime())
09-24 11:50:31.106 21367 21367 I ImeTracker: com.negi.survey:78966d68: onCancelled at PHASE_CLIENT_APPLY_ANIMATION
09-24 11:50:31.179 21367 21367 I VRI[MainActivity]@cd187ff: ViewPostIme pointer 0
09-24 11:50:31.253 21367 21367 I VRI[MainActivity]@cd187ff: ViewPostIme pointer 1
09-24 11:50:31.265 21367 21367 D WhisperSpeechController: updateContext: surveyId=7e405044-91a5-46e8-a5af-240a600f372a, questionId=Q13
09-24 11:50:31.267 21367 21367 D WhisperSpeechController: updateContext: surveyId=7e405044-91a5-46e8-a5af-240a600f372a, questionId=Q13
09-24 11:50:31.271 21367 21367 I View    : setRequestedFrameRate frameRate=-4.0, this=android.view.View{91c3b3c V.ED..... ........ 0,0-0,0}, caller=androidx.compose.ui.platform.Api35Impl.setRequestedFrameRate:4047 androidx.compose.ui.platform.AndroidComposeView.dispatchDraw:2282 android.view.View.draw:26758 android.view.View.updateDisplayListIfDirty:25577 android.view.ViewGroup.recreateChildDisplayList:4881 
09-24 11:50:31.277 21367 21367 I View    : setRequestedFrameRate frameRate=NaN, this=android.view.View{91c3b3c V.ED..... ........ 0,0-0,0}, caller=androidx.compose.ui.platform.Api35Impl.setRequestedFrameRate:4047 androidx.compose.ui.platform.AndroidComposeView.dispatchDraw:2282 android.view.View.draw:26758 android.view.View.updateDisplayListIfDirty:25577 android.view.ViewGroup.recreateChildDisplayList:4881 
09-24 11:50:31.297 21367 21367 D InsetsController: show(ime())
09-24 11:50:31.297 21367 21367 I ImeTracker: com.negi.survey:1cb2ac4b: onRequestShow at ORIGIN_CLIENT reason SHOW_SOFT_INPUT_BY_INSETS_API fromUser false
09-24 11:50:31.297 21367 21367 I ImeTracker: com.negi.survey:1cb2ac4b: onCancelled at PHASE_CLIENT_APPLY_ANIMATION
09-24 11:50:31.297 21367 21367 I InputMethodManager_LC: showSoftInput(View,I)
09-24 11:50:31.297 21367 21367 I ImeTracker: com.negi.survey:e588fd41: onRequestShow at ORIGIN_CLIENT reason SHOW_SOFT_INPUT fromUser false
09-24 11:50:31.297 21367 21367 I InputMethodManager_LC: ssi(): flags=0 view=com.negi.survey reason=SHOW_SOFT_INPUT
09-24 11:50:31.297 21367 21367 I InputMethodManager_LC: ssi() view is not EditText
09-24 11:50:31.297 21367 21367 D InsetsController: show(ime())
09-24 11:50:31.297 21367 21367 I ImeTracker: com.negi.survey:e588fd41: onCancelled at PHASE_CLIENT_APPLY_ANIMATION
09-24 11:50:31.362 21367 21367 I VRI[MainActivity]@cd187ff: ViewPostIme pointer 0
09-24 11:50:31.436 21367 21367 I VRI[MainActivity]@cd187ff: ViewPostIme pointer 1
09-24 11:50:31.455 21367 21367 D WhisperSpeechController: updateContext: surveyId=7e405044-91a5-46e8-a5af-240a600f372a, questionId=Q14
09-24 11:50:31.457 21367 21367 D WhisperSpeechController: updateContext: surveyId=7e405044-91a5-46e8-a5af-240a600f372a, questionId=Q14
09-24 11:50:31.464 21367 21367 I View    : setRequestedFrameRate frameRate=-4.0, this=android.view.View{91c3b3c V.ED..... ........ 0,0-0,0}, caller=androidx.compose.ui.platform.Api35Impl.setRequestedFrameRate:4047 androidx.compose.ui.platform.AndroidComposeView.dispatchDraw:2282 android.view.View.draw:26758 android.view.View.updateDisplayListIfDirty:25577 android.view.ViewGroup.recreateChildDisplayList:4881 
09-24 11:50:31.467 21367 21367 I View    : setRequestedFrameRate frameRate=NaN, this=android.view.View{91c3b3c V.ED..... ........ 0,0-0,0}, caller=androidx.compose.ui.platform.Api35Impl.setRequestedFrameRate:4047 androidx.compose.ui.platform.AndroidComposeView.dispatchDraw:2282 android.view.View.draw:26758 android.view.View.updateDisplayListIfDirty:25577 android.view.ViewGroup.recreateChildDisplayList:4881 
09-24 11:50:31.488 21367 21367 D InsetsController: show(ime())
09-24 11:50:31.488 21367 21367 I ImeTracker: com.negi.survey:30d5e07: onRequestShow at ORIGIN_CLIENT reason SHOW_SOFT_INPUT_BY_INSETS_API fromUser false
09-24 11:50:31.488 21367 21367 I ImeTracker: com.negi.survey:30d5e07: onCancelled at PHASE_CLIENT_APPLY_ANIMATION
09-24 11:50:31.488 21367 21367 I InputMethodManager_LC: showSoftInput(View,I)
09-24 11:50:31.488 21367 21367 I ImeTracker: com.negi.survey:3ecd96fe: onRequestShow at ORIGIN_CLIENT reason SHOW_SOFT_INPUT fromUser false
09-24 11:50:31.488 21367 21367 I InputMethodManager_LC: ssi(): flags=0 view=com.negi.survey reason=SHOW_SOFT_INPUT
09-24 11:50:31.488 21367 21367 I InputMethodManager_LC: ssi() view is not EditText
09-24 11:50:31.488 21367 21367 D InsetsController: show(ime())
09-24 11:50:31.488 21367 21367 I ImeTracker: com.negi.survey:3ecd96fe: onCancelled at PHASE_CLIENT_APPLY_ANIMATION
09-24 11:50:31.545 21367 21367 I VRI[MainActivity]@cd187ff: ViewPostIme pointer 0
09-24 11:50:31.627 21367 21367 I VRI[MainActivity]@cd187ff: ViewPostIme pointer 1
09-24 11:50:31.643 21367 21367 D WhisperSpeechController: updateContext: surveyId=7e405044-91a5-46e8-a5af-240a600f372a, questionId=Q15
09-24 11:50:31.645 21367 21367 D WhisperSpeechController: updateContext: surveyId=7e405044-91a5-46e8-a5af-240a600f372a, questionId=Q15
09-24 11:50:31.651 21367 21367 I View    : setRequestedFrameRate frameRate=-4.0, this=android.view.View{91c3b3c V.ED..... ........ 0,0-0,0}, caller=androidx.compose.ui.platform.Api35Impl.setRequestedFrameRate:4047 androidx.compose.ui.platform.AndroidComposeView.dispatchDraw:2282 android.view.View.draw:26758 android.view.View.updateDisplayListIfDirty:25577 android.view.ViewGroup.recreateChildDisplayList:4881 
09-24 11:50:31.655 21367 21367 I View    : setRequestedFrameRate frameRate=NaN, this=android.view.View{91c3b3c V.ED..... ........ 0,0-0,0}, caller=androidx.compose.ui.platform.Api35Impl.setRequestedFrameRate:4047 androidx.compose.ui.platform.AndroidComposeView.dispatchDraw:2282 android.view.View.draw:26758 android.view.View.updateDisplayListIfDirty:25577 android.view.ViewGroup.recreateChildDisplayList:4881 
09-24 11:50:31.675 21367 21367 D InsetsController: show(ime())
09-24 11:50:31.675 21367 21367 I ImeTracker: com.negi.survey:8818e9df: onRequestShow at ORIGIN_CLIENT reason SHOW_SOFT_INPUT_BY_INSETS_API fromUser false
09-24 11:50:31.675 21367 21367 I ImeTracker: com.negi.survey:8818e9df: onCancelled at PHASE_CLIENT_APPLY_ANIMATION
09-24 11:50:31.675 21367 21367 I InputMethodManager_LC: showSoftInput(View,I)
09-24 11:50:31.675 21367 21367 I ImeTracker: com.negi.survey:8808d580: onRequestShow at ORIGIN_CLIENT reason SHOW_SOFT_INPUT fromUser false
09-24 11:50:31.675 21367 21367 I InputMethodManager_LC: ssi(): flags=0 view=com.negi.survey reason=SHOW_SOFT_INPUT
09-24 11:50:31.675 21367 21367 I InputMethodManager_LC: ssi() view is not EditText
09-24 11:50:31.675 21367 21367 D InsetsController: show(ime())
09-24 11:50:31.675 21367 21367 I ImeTracker: com.negi.survey:8808d580: onCancelled at PHASE_CLIENT_APPLY_ANIMATION
09-24 11:50:31.770 21367 21367 I VRI[MainActivity]@cd187ff: ViewPostIme pointer 0
09-24 11:50:31.838 21367 21367 I VRI[MainActivity]@cd187ff: ViewPostIme pointer 1
09-24 11:50:31.857 21367 21367 D WhisperSpeechController: updateContext: surveyId=7e405044-91a5-46e8-a5af-240a600f372a, questionId=Q16
09-24 11:50:31.861 21367 21367 D WhisperSpeechController: updateContext: surveyId=7e405044-91a5-46e8-a5af-240a600f372a, questionId=Q16
09-24 11:50:31.866 21367 21367 I View    : setRequestedFrameRate frameRate=-4.0, this=android.view.View{91c3b3c V.ED..... ........ 0,0-0,0}, caller=androidx.compose.ui.platform.Api35Impl.setRequestedFrameRate:4047 androidx.compose.ui.platform.AndroidComposeView.dispatchDraw:2282 android.view.View.draw:26758 android.view.View.updateDisplayListIfDirty:25577 android.view.ViewGroup.recreateChildDisplayList:4881 
09-24 11:50:31.869 21367 21367 I View    : setRequestedFrameRate frameRate=NaN, this=android.view.View{91c3b3c V.ED..... ........ 0,0-0,0}, caller=androidx.compose.ui.platform.Api35Impl.setRequestedFrameRate:4047 androidx.compose.ui.platform.AndroidComposeView.dispatchDraw:2282 android.view.View.draw:26758 android.view.View.updateDisplayListIfDirty:25577 android.view.ViewGroup.recreateChildDisplayList:4881 
09-24 11:50:31.891 21367 21367 D InsetsController: show(ime())
09-24 11:50:31.891 21367 21367 I ImeTracker: com.negi.survey:affc4a18: onRequestShow at ORIGIN_CLIENT reason SHOW_SOFT_INPUT_BY_INSETS_API fromUser false
09-24 11:50:31.891 21367 21367 I ImeTracker: com.negi.survey:affc4a18: onCancelled at PHASE_CLIENT_APPLY_ANIMATION
09-24 11:50:31.891 21367 21367 I InputMethodManager_LC: showSoftInput(View,I)
09-24 11:50:31.891 21367 21367 I ImeTracker: com.negi.survey:580662ea: onRequestShow at ORIGIN_CLIENT reason SHOW_SOFT_INPUT fromUser false
09-24 11:50:31.892 21367 21367 I InputMethodManager_LC: ssi(): flags=0 view=com.negi.survey reason=SHOW_SOFT_INPUT
09-24 11:50:31.892 21367 21367 I InputMethodManager_LC: ssi() view is not EditText
09-24 11:50:31.892 21367 21367 D InsetsController: show(ime())
09-24 11:50:31.892 21367 21367 I ImeTracker: com.negi.survey:580662ea: onCancelled at PHASE_CLIENT_APPLY_ANIMATION
09-24 11:50:31.970 21367 21367 I VRI[MainActivity]@cd187ff: ViewPostIme pointer 0
09-24 11:50:32.038 21367 21367 I VRI[MainActivity]@cd187ff: ViewPostIme pointer 1
09-24 11:50:32.057 21367 21367 D WhisperSpeechController: updateContext: surveyId=7e405044-91a5-46e8-a5af-240a600f372a, questionId=Q17
09-24 11:50:32.059 21367 21367 D WhisperSpeechController: updateContext: surveyId=7e405044-91a5-46e8-a5af-240a600f372a, questionId=Q17
09-24 11:50:32.090 21367 21367 D InsetsController: show(ime())
09-24 11:50:32.090 21367 21367 I ImeTracker: com.negi.survey:14c9fdda: onRequestShow at ORIGIN_CLIENT reason SHOW_SOFT_INPUT_BY_INSETS_API fromUser false
09-24 11:50:32.090 21367 21367 I ImeTracker: com.negi.survey:14c9fdda: onCancelled at PHASE_CLIENT_APPLY_ANIMATION
09-24 11:50:32.090 21367 21367 I InputMethodManager_LC: showSoftInput(View,I)
09-24 11:50:32.090 21367 21367 I ImeTracker: com.negi.survey:3e3fa3bb: onRequestShow at ORIGIN_CLIENT reason SHOW_SOFT_INPUT fromUser false
09-24 11:50:32.090 21367 21367 I InputMethodManager_LC: ssi(): flags=0 view=com.negi.survey reason=SHOW_SOFT_INPUT
09-24 11:50:32.090 21367 21367 I InputMethodManager_LC: ssi() view is not EditText
09-24 11:50:32.091 21367 21367 D InsetsController: show(ime())
09-24 11:50:32.091 21367 21367 I ImeTracker: com.negi.survey:3e3fa3bb: onCancelled at PHASE_CLIENT_APPLY_ANIMATION
09-24 11:50:34.447 21367 21372 D InputTransport: Input channel destroyed: 'ClientS', fd=191
09-24 11:50:34.447 21367 21372 D InputTransport: Input channel destroyed: 'ClientS', fd=193
09-24 11:50:35.040 21367 21367 I VRI[MainActivity]@cd187ff: call setFrameRateCategory for touch hint category=no preference, reason=boost timeout, vri=VRI[MainActivity]@cd187ff
09-24 11:50:35.295 21367 21367 I VRI[MainActivity]@cd187ff: ViewPostIme pointer 0
09-24 11:50:35.298 21367 21367 I VRI[MainActivity]@cd187ff: call setFrameRateCategory for touch hint category=high hint, reason=touch, vri=VRI[MainActivity]@cd187ff
09-24 11:50:35.340 21367 21367 I VRI[MainActivity]@cd187ff: ViewPostIme pointer 1
09-24 11:50:35.346 21367 21367 D WhisperSpeechController: startRecording: requested
09-24 11:50:35.347 21367 21451 D WhisperSpeechController: startRecording: recorder.startRecording -> /data/user/0/com.negi.survey/cache/whisper_rec/survey_input_7697561194544976392.wav
09-24 11:50:35.348 21367 21451 D WhisperSpeechController: startRecording: started
09-24 11:50:35.368 21367 21367 I View    : setRequestedFrameRate frameRate=-4.0, this=android.view.View{91c3b3c V.ED..... ........ 0,0-0,0}, caller=androidx.compose.ui.platform.Api35Impl.setRequestedFrameRate:4047 androidx.compose.ui.platform.AndroidComposeView.dispatchDraw:2282 android.view.View.draw:26758 android.view.View.updateDisplayListIfDirty:25577 android.view.ViewGroup.recreateChildDisplayList:4881 
09-24 11:50:35.370 21367 21367 D InsetsController: hide(ime())
09-24 11:50:35.370 21367 21367 I ImeTracker: com.negi.survey:abc6e46b: onRequestHide at ORIGIN_CLIENT reason HIDE_SOFT_INPUT_BY_INSETS_API fromUser false
09-24 11:50:35.370 21367 21367 D WindowOnBackDispatcher: setTopOnBackInvokedCallback (unwrapped): androidx.navigationevent.OnBackInvokedInput$createOnBackAnimationCallback$1@ae14b12
09-24 11:50:35.370 21367 21367 D InsetsController: Setting requestedVisibleTypes to 503 (was 511)
09-24 11:50:35.373 21367 21367 I InsetsController: setRequestedVisibleTypes: visible=false, mask=ime, host=com.negi.survey/com.negi.survey.MainActivity, from=android.view.InsetsController.controlAnimationUnchecked:1646 android.view.InsetsController.applyAnimation:2278 android.view.InsetsController.applyAnimation:2207 android.view.InsetsController.hide:1581 android.view.InsetsController.hide:1521 androidx.core.view.SoftwareKeyboardControllerCompat$Impl30.hide:222 androidx.core.view.SoftwareKeyboardControllerCompat.hide:80 androidx.compose.ui.text.input.InputMethodManagerImpl.hideSoftInput:85 androidx.compose.ui.text.input.TextInputServiceAndroid.setKeyboardVisibleImmediately:470 androidx.compose.ui.text.input.TextInputServiceAndroid.processInputCommands:352 
09-24 11:50:35.374 21367 21367 D InputMethodManagerUtils: startInputInner - Id : 0
09-24 11:50:35.374 21367 21367 I InputMethodManager: startInputInner - IInputMethodManagerGlobalInvoker.startInputOrWindowGainedFocus
09-24 11:50:35.379 21367 21407 D InputTransport: Input channel constructed: 'ClientS', fd=174
09-24 11:50:35.379 21367 21367 D VRI[MainActivity]@cd187ff: WindowInsets changed: ime:null 
09-24 11:50:35.380 21367 21367 I BLASTBufferQueue_Java: update, w= 1080 h= 2340 mName = VRI[MainActivity]@cd187ff mNativeObject= 0xb400007c32849a60 sc.mNativeObject= 0xb400007bc284d450 format= -1 caller= android.view.ViewRootImpl.updateBlastSurfaceIfNeeded:3592 android.view.ViewRootImpl.relayoutWindow:11813 android.view.ViewRootImpl.performTraversals:4840 android.view.ViewRootImpl.doTraversal:3959 android.view.ViewRootImpl$TraversalRunnable.run:13034 android.view.Choreographer$CallbackRecord.run:1961 
09-24 11:50:35.380 21367 21367 I VRI[MainActivity]@cd187ff: Relayout returned: old=(0,0,1080,2340) new=(0,0,1080,2340) relayoutAsync=true req=(1080,2340)0 dur=0 res=0x0 s={true 0xb400007c7286b0b0} ch=false seqId=0
09-24 11:50:35.381 21367 21367 I VRI[MainActivity]@cd187ff: registerCallbackForPendingTransactions
09-24 11:50:35.382 21367 21367 I View    : setRequestedFrameRate frameRate=NaN, this=android.view.View{91c3b3c V.ED..... ........ 0,0-0,0}, caller=androidx.compose.ui.platform.Api35Impl.setRequestedFrameRate:4047 androidx.compose.ui.platform.AndroidComposeView.dispatchDraw:2282 android.view.View.draw:26758 android.view.View.updateDisplayListIfDirty:25577 android.view.ViewGroup.recreateChildDisplayList:4881 
09-24 11:50:35.382 21367 21390 I VRI[MainActivity]@cd187ff: mWNT: t=0xb400007b930ce8f0 mBlastBufferQueue=0xb400007c32849a60 fn= 5478 HdrRenderState mRenderHdrSdrRatio=1.0 caller= android.view.SyncRtSurfaceTransactionApplier.applyTransaction:102 android.view.SyncRtSurfaceTransactionApplier.lambda$scheduleApply$0:75 android.view.SyncRtSurfaceTransactionApplier.$r8$lambda$afI4fXg3U3-nBZQEDQMiNy-B06s:0 
09-24 11:50:35.382 21367 21390 I VRI[MainActivity]@cd187ff: mWNT: t=0xb400007b930d47c0 mBlastBufferQueue=0xb400007c32849a60 fn= 5478 HdrRenderState mRenderHdrSdrRatio=1.0 caller= android.view.ViewRootImpl$10.onFrameDraw:6615 android.view.ViewRootImpl$4.onFrameDraw:2485 android.view.ThreadedRenderer$1.onFrameDraw:751 
09-24 11:50:35.383 21367 21367 I InsetsController: onStateChanged: host=com.negi.survey/com.negi.survey.MainActivity, from=android.view.ViewRootImpl.onInsetsStateChanged:3038, state=InsetsState: {mDisplayFrame=Rect(0, 0 - 1080, 2340), mDisplayCutout=DisplayCutout{insets=Rect(0, 103 - 0, 0) waterfall=Insets{left=0, top=0, right=0, bottom=0} boundingRect={Bounds=[Rect(0, 0 - 0, 0), Rect(511, 0 - 569, 103), Rect(0, 0 - 0, 0), Rect(0, 0 - 0, 0)]} cutoutPathParserInfo={CutoutPathParserInfo{displayWidth=1080 displayHeight=2340 physicalDisplayWidth=1080 physicalDisplayHeight=2340 density={3.0} cutoutSpec={M 0,0 H -9.666666666666667 V 34.33333333333333 H 9.666666666666667 V 0 H 0 Z @dp} rotation={0} scale={1.0} physicalPixelDisplaySizeRatio={1.0}}} sideOverrides={}}, mRoundedCorners=RoundedCorners{[RoundedCorner{position=TopLeft, radius=102, center=Point(102, 102)}, RoundedCorner{position=TopRight, radius=102, center=Point(978, 102)}, RoundedCorner{position=BottomRight, radius=102, center=Point(978, 2238)}, RoundedCorner{position=BottomLeft, radius=102, center=Point(102, 2238)}]}  mRoundedCornerFrame=Rect(0, 0 - 1080, 2340), mPrivacyIndicatorBounds=PrivacyIndicatorBounds {static bounds=Rect(948, 0 - 1080, 103) rotation=0}, mDisplayShape=DisplayShape{ spec=-311912193 displayWidth=1080 displayHeight=2340 physicalPixelDisplaySizeRatio=1.0 rotation=0 offsetX=0 offsetY=0 scale=1.0}, mSources= { InsetsSource: {cafc0000 mType=statusBars mFrame=[0,0][1080,103] mAttachedInsets=null mVisible=true mFlags= mSideHint=TOP mBoundingRects=null}, InsetsSource: {cafc0005 mType=mandatorySystemGestures mFrame=[0,0][1080,139] mAttachedInsets=null mVisible=true mFlags= mSideHint=TOP mBoundingRects=null}, InsetsSource: {cafc0006 mType=tappableElement mFrame=[0,0][1080,103] mAttachedInsets=null mVisible=true mFlags= mSideHint=TOP mBoundingRects=null}, InsetsSource: {3 mType=ime mFrame=[0,1314][1080,2340] mAttachedInsets=null mVisible=false mFlags= mSideHint=BOTTOM mBoundingRects=null}, InsetsSource: {27 mType=displayCutout mFrame=[0,0][1080,103] mAttachedInsets=null mVisible=true mFlags= mSideHint=TOP mBoundingRects=null}, InsetsSource: {3c610001 mType=navigationBars mFrame=[0,2196][1080,2340] mAttachedInsets=null mVisible=true mFlags= mSideHint=BOTTOM mBoundingRects=null}, InsetsSource: {3c610004 mType=systemGestures mFrame=[0,0][0,0] mAttachedInsets=null mVisible=true mFlags= mSideHint=NONE mBoundingRects=null}, InsetsSource: {3c610005 mType=mandatorySystemGestures mFrame=[0,2196][1080,2340] mAttachedInsets=null mVisible=true mFlags= mSideHint=BOTTOM mBoundingRects=null}, InsetsSource: {3c610006 mType=tappableElement mFrame=[0,2196][1080,2340] mAttachedInsets=null mVisible=true mFlags= mSideHint=BOTTOM mBoundingRects=null}, InsetsSource: {3c610024 mType=systemGestures mFrame=[0,0][0,0] mAttachedInsets=null mVisible=true mFlags= mSideHint=NONE mBoundingRects=null} }
09-24 11:50:35.383 21367 21367 I VRI[MainActivity]@cd187ff: handleResized, frames=ClientWindowFrames{frame=[0,0][1080,2340] display=[0,0][1080,2340] parentFrame=[0,0][0,0]} displayId=0 dragResizing=false compatScale=1.0 frameChanged=false attachedFrameChanged=false configChanged=false displayChanged=false compatScaleChanged=false dragResizingChanged=false
09-24 11:50:35.385 21367 21389 I VRI[MainActivity]@cd187ff: mWNT: t=0xb400007b930d2760 mBlastBufferQueue=0xb400007c32849a60 fn= 5478 HdrRenderState mRenderHdrSdrRatio=1.0 caller= android.view.SyncRtSurfaceTransactionApplier.applyTransaction:102 android.view.SyncRtSurfaceTransactionApplier.lambda$scheduleApply$0:75 android.view.SyncRtSurfaceTransactionApplier.$r8$lambda$afI4fXg3U3-nBZQEDQMiNy-B06s:0 
09-24 11:50:35.395 21367 21367 I View    : setRequestedFrameRate frameRate=-4.0, this=android.view.View{91c3b3c V.ED..... ........ 0,0-0,0}, caller=androidx.compose.ui.platform.Api35Impl.setRequestedFrameRate:4047 androidx.compose.ui.platform.AndroidComposeView.dispatchDraw:2282 android.view.View.draw:26758 android.view.View.updateDisplayListIfDirty:25577 android.view.View.draw:26477 
09-24 11:50:35.396 21367 21367 I InsetsSourceConsumer: applyRequestedVisibilityToControl: visible=true, type=navigationBars, host=com.negi.survey/com.negi.survey.MainActivity
09-24 11:50:35.396 21367 21367 I ImeTracker: system_server:6bee0a72: onCancelled at PHASE_CLIENT_ON_CONTROLS_CHANGED
09-24 11:50:35.396 21367 21390 I VRI[MainActivity]@cd187ff: mWNT: t=0xb400007b930d22c0 mBlastBufferQueue=0xb400007c32849a60 fn= 5479 HdrRenderState mRenderHdrSdrRatio=1.0 caller= android.view.SyncRtSurfaceTransactionApplier.applyTransaction:102 android.view.SyncRtSurfaceTransactionApplier.lambda$scheduleApply$0:75 android.view.SyncRtSurfaceTransactionApplier.$r8$lambda$afI4fXg3U3-nBZQEDQMiNy-B06s:0 
09-24 11:50:35.398 21367 21396 I Recorder: 🎙 start 16000Hz buf=2048
09-24 11:50:35.403 21367 21389 I VRI[MainActivity]@cd187ff: mWNT: t=0xb400007b930e4870 mBlastBufferQueue=0xb400007c32849a60 fn= 5480 HdrRenderState mRenderHdrSdrRatio=1.0 caller= android.view.SyncRtSurfaceTransactionApplier.applyTransaction:102 android.view.SyncRtSurfaceTransactionApplier.lambda$scheduleApply$0:75 android.view.SyncRtSurfaceTransactionApplier.$r8$lambda$afI4fXg3U3-nBZQEDQMiNy-B06s:0 
09-24 11:50:35.411 21367 21390 I VRI[MainActivity]@cd187ff: mWNT: t=0xb400007b930d40d0 mBlastBufferQueue=0xb400007c32849a60 fn= 5481 HdrRenderState mRenderHdrSdrRatio=1.0 caller= android.view.SyncRtSurfaceTransactionApplier.applyTransaction:102 android.view.SyncRtSurfaceTransactionApplier.lambda$scheduleApply$0:75 android.view.SyncRtSurfaceTransactionApplier.$r8$lambda$afI4fXg3U3-nBZQEDQMiNy-B06s:0 
09-24 11:50:35.419 21367 21389 I VRI[MainActivity]@cd187ff: mWNT: t=0xb400007b930d30a0 mBlastBufferQueue=0xb400007c32849a60 fn= 5482 HdrRenderState mRenderHdrSdrRatio=1.0 caller= android.view.SyncRtSurfaceTransactionApplier.applyTransaction:102 android.view.SyncRtSurfaceTransactionApplier.lambda$scheduleApply$0:75 android.view.SyncRtSurfaceTransactionApplier.$r8$lambda$afI4fXg3U3-nBZQEDQMiNy-B06s:0 
09-24 11:50:35.427 21367 21390 I VRI[MainActivity]@cd187ff: mWNT: t=0xb400007b930d0700 mBlastBufferQueue=0xb400007c32849a60 fn= 5483 HdrRenderState mRenderHdrSdrRatio=1.0 caller= android.view.SyncRtSurfaceTransactionApplier.applyTransaction:102 android.view.SyncRtSurfaceTransactionApplier.lambda$scheduleApply$0:75 android.view.SyncRtSurfaceTransactionApplier.$r8$lambda$afI4fXg3U3-nBZQEDQMiNy-B06s:0 
09-24 11:50:35.435 21367 21389 I VRI[MainActivity]@cd187ff: mWNT: t=0xb400007b930e2cb0 mBlastBufferQueue=0xb400007c32849a60 fn= 5484 HdrRenderState mRenderHdrSdrRatio=1.0 caller= android.view.SyncRtSurfaceTransactionApplier.applyTransaction:102 android.view.SyncRtSurfaceTransactionApplier.lambda$scheduleApply$0:75 android.view.SyncRtSurfaceTransactionApplier.$r8$lambda$afI4fXg3U3-nBZQEDQMiNy-B06s:0 
09-24 11:50:35.444 21367 21390 I VRI[MainActivity]@cd187ff: mWNT: t=0xb400007b930e3ce0 mBlastBufferQueue=0xb400007c32849a60 fn= 5485 HdrRenderState mRenderHdrSdrRatio=1.0 caller= android.view.SyncRtSurfaceTransactionApplier.applyTransaction:102 android.view.SyncRtSurfaceTransactionApplier.lambda$scheduleApply$0:75 android.view.SyncRtSurfaceTransactionApplier.$r8$lambda$afI4fXg3U3-nBZQEDQMiNy-B06s:0 
09-24 11:50:35.452 21367 21389 I VRI[MainActivity]@cd187ff: mWNT: t=0xb400007b930d5a40 mBlastBufferQueue=0xb400007c32849a60 fn= 5486 HdrRenderState mRenderHdrSdrRatio=1.0 caller= android.view.SyncRtSurfaceTransactionApplier.applyTransaction:102 android.view.SyncRtSurfaceTransactionApplier.lambda$scheduleApply$0:75 android.view.SyncRtSurfaceTransactionApplier.$r8$lambda$afI4fXg3U3-nBZQEDQMiNy-B06s:0 
09-24 11:50:35.461 21367 21390 I VRI[MainActivity]@cd187ff: mWNT: t=0xb400007b930ee110 mBlastBufferQueue=0xb400007c32849a60 fn= 5487 HdrRenderState mRenderHdrSdrRatio=1.0 caller= android.view.SyncRtSurfaceTransactionApplier.applyTransaction:102 android.view.SyncRtSurfaceTransactionApplier.lambda$scheduleApply$0:75 android.view.SyncRtSurfaceTransactionApplier.$r8$lambda$afI4fXg3U3-nBZQEDQMiNy-B06s:0 
09-24 11:50:35.469 21367 21389 I VRI[MainActivity]@cd187ff: mWNT: t=0xb400007b928a4a30 mBlastBufferQueue=0xb400007c32849a60 fn= 5488 HdrRenderState mRenderHdrSdrRatio=1.0 caller= android.view.SyncRtSurfaceTransactionApplier.applyTransaction:102 android.view.SyncRtSurfaceTransactionApplier.lambda$scheduleApply$0:75 android.view.SyncRtSurfaceTransactionApplier.$r8$lambda$afI4fXg3U3-nBZQEDQMiNy-B06s:0 
09-24 11:50:35.477 21367 21390 I VRI[MainActivity]@cd187ff: mWNT: t=0xb400007b930ebe60 mBlastBufferQueue=0xb400007c32849a60 fn= 5489 HdrRenderState mRenderHdrSdrRatio=1.0 caller= android.view.SyncRtSurfaceTransactionApplier.applyTransaction:102 android.view.SyncRtSurfaceTransactionApplier.lambda$scheduleApply$0:75 android.view.SyncRtSurfaceTransactionApplier.$r8$lambda$afI4fXg3U3-nBZQEDQMiNy-B06s:0 
09-24 11:50:35.486 21367 21389 I VRI[MainActivity]@cd187ff: mWNT: t=0xb400007b92897320 mBlastBufferQueue=0xb400007c32849a60 fn= 5490 HdrRenderState mRenderHdrSdrRatio=1.0 caller= android.view.SyncRtSurfaceTransactionApplier.applyTransaction:102 android.view.SyncRtSurfaceTransactionApplier.lambda$scheduleApply$0:75 android.view.SyncRtSurfaceTransactionApplier.$r8$lambda$afI4fXg3U3-nBZQEDQMiNy-B06s:0 
09-24 11:50:35.494 21367 21390 I VRI[MainActivity]@cd187ff: mWNT: t=0xb400007b930e68d0 mBlastBufferQueue=0xb400007c32849a60 fn= 5491 HdrRenderState mRenderHdrSdrRatio=1.0 caller= android.view.SyncRtSurfaceTransactionApplier.applyTransaction:102 android.view.SyncRtSurfaceTransactionApplier.lambda$scheduleApply$0:75 android.view.SyncRtSurfaceTransactionApplier.$r8$lambda$afI4fXg3U3-nBZQEDQMiNy-B06s:0 
09-24 11:50:35.503 21367 21389 I VRI[MainActivity]@cd187ff: mWNT: t=0xb400007b930dad80 mBlastBufferQueue=0xb400007c32849a60 fn= 5492 HdrRenderState mRenderHdrSdrRatio=1.0 caller= android.view.SyncRtSurfaceTransactionApplier.applyTransaction:102 android.view.SyncRtSurfaceTransactionApplier.lambda$scheduleApply$0:75 android.view.SyncRtSurfaceTransactionApplier.$r8$lambda$afI4fXg3U3-nBZQEDQMiNy-B06s:0 
09-24 11:50:35.511 21367 21390 I VRI[MainActivity]@cd187ff: mWNT: t=0xb400007b930d2c00 mBlastBufferQueue=0xb400007c32849a60 fn= 5493 HdrRenderState mRenderHdrSdrRatio=1.0 caller= android.view.SyncRtSurfaceTransactionApplier.applyTransaction:102 android.view.SyncRtSurfaceTransactionApplier.lambda$scheduleApply$0:75 android.view.SyncRtSurfaceTransactionApplier.$r8$lambda$afI4fXg3U3-nBZQEDQMiNy-B06s:0 
09-24 11:50:35.519 21367 21389 I VRI[MainActivity]@cd187ff: mWNT: t=0xb400007b930d3e80 mBlastBufferQueue=0xb400007c32849a60 fn= 5494 HdrRenderState mRenderHdrSdrRatio=1.0 caller= android.view.SyncRtSurfaceTransactionApplier.applyTransaction:102 android.view.SyncRtSurfaceTransactionApplier.lambda$scheduleApply$0:75 android.view.SyncRtSurfaceTransactionApplier.$r8$lambda$afI4fXg3U3-nBZQEDQMiNy-B06s:0 
09-24 11:50:35.528 21367 21390 I VRI[MainActivity]@cd187ff: mWNT: t=0xb400007b930ea2a0 mBlastBufferQueue=0xb400007c32849a60 fn= 5495 HdrRenderState mRenderHdrSdrRatio=1.0 caller= android.view.SyncRtSurfaceTransactionApplier.applyTransaction:102 android.view.SyncRtSurfaceTransactionApplier.lambda$scheduleApply$0:75 android.view.SyncRtSurfaceTransactionApplier.$r8$lambda$afI4fXg3U3-nBZQEDQMiNy-B06s:0 
09-24 11:50:35.536 21367 21389 I VRI[MainActivity]@cd187ff: mWNT: t=0xb400007b930d9d50 mBlastBufferQueue=0xb400007c32849a60 fn= 5496 HdrRenderState mRenderHdrSdrRatio=1.0 caller= android.view.SyncRtSurfaceTransactionApplier.applyTransaction:102 android.view.SyncRtSurfaceTransactionApplier.lambda$scheduleApply$0:75 android.view.SyncRtSurfaceTransactionApplier.$r8$lambda$afI4fXg3U3-nBZQEDQMiNy-B06s:0 
09-24 11:50:35.544 21367 21390 I VRI[MainActivity]@cd187ff: mWNT: t=0xb400007b930d04b0 mBlastBufferQueue=0xb400007c32849a60 fn= 5497 HdrRenderState mRenderHdrSdrRatio=1.0 caller= android.view.SyncRtSurfaceTransactionApplier.applyTransaction:102 android.view.SyncRtSurfaceTransactionApplier.lambda$scheduleApply$0:75 android.view.SyncRtSurfaceTransactionApplier.$r8$lambda$afI4fXg3U3-nBZQEDQMiNy-B06s:0 
09-24 11:50:35.552 21367 21389 I VRI[MainActivity]@cd187ff: mWNT: t=0xb400007b930d5c90 mBlastBufferQueue=0xb400007c32849a60 fn= 5498 HdrRenderState mRenderHdrSdrRatio=1.0 caller= android.view.SyncRtSurfaceTransactionApplier.applyTransaction:102 android.view.SyncRtSurfaceTransactionApplier.lambda$scheduleApply$0:75 android.view.SyncRtSurfaceTransactionApplier.$r8$lambda$afI4fXg3U3-nBZQEDQMiNy-B06s:0 
09-24 11:50:35.560 21367 21390 I VRI[MainActivity]@cd187ff: mWNT: t=0xb400007b930d1e20 mBlastBufferQueue=0xb400007c32849a60 fn= 5499 HdrRenderState mRenderHdrSdrRatio=1.0 caller= android.view.SyncRtSurfaceTransactionApplier.applyTransaction:102 android.view.SyncRtSurfaceTransactionApplier.lambda$scheduleApply$0:75 android.view.SyncRtSurfaceTransactionApplier.$r8$lambda$afI4fXg3U3-nBZQEDQMiNy-B06s:0 
09-24 11:50:35.568 21367 21389 I VRI[MainActivity]@cd187ff: mWNT: t=0xb400007b930e3150 mBlastBufferQueue=0xb400007c32849a60 fn= 5500 HdrRenderState mRenderHdrSdrRatio=1.0 caller= android.view.SyncRtSurfaceTransactionApplier.applyTransaction:102 android.view.SyncRtSurfaceTransactionApplier.lambda$scheduleApply$0:75 android.view.SyncRtSurfaceTransactionApplier.$r8$lambda$afI4fXg3U3-nBZQEDQMiNy-B06s:0 
09-24 11:50:35.576 21367 21390 I VRI[MainActivity]@cd187ff: mWNT: t=0xb400007b92935500 mBlastBufferQueue=0xb400007c32849a60 fn= 5501 HdrRenderState mRenderHdrSdrRatio=1.0 caller= android.view.SyncRtSurfaceTransactionApplier.applyTransaction:102 android.view.SyncRtSurfaceTransactionApplier.lambda$scheduleApply$0:75 android.view.SyncRtSurfaceTransactionApplier.$r8$lambda$afI4fXg3U3-nBZQEDQMiNy-B06s:0 
09-24 11:50:35.585 21367 21389 I VRI[MainActivity]@cd187ff: mWNT: t=0xb400007b930ced90 mBlastBufferQueue=0xb400007c32849a60 fn= 5502 HdrRenderState mRenderHdrSdrRatio=1.0 caller= android.view.SyncRtSurfaceTransactionApplier.applyTransaction:102 android.view.SyncRtSurfaceTransactionApplier.lambda$scheduleApply$0:75 android.view.SyncRtSurfaceTransactionApplier.$r8$lambda$afI4fXg3U3-nBZQEDQMiNy-B06s:0 
09-24 11:50:35.593 21367 21390 I VRI[MainActivity]@cd187ff: mWNT: t=0xb400007b930e0560 mBlastBufferQueue=0xb400007c32849a60 fn= 5503 HdrRenderState mRenderHdrSdrRatio=1.0 caller= android.view.SyncRtSurfaceTransactionApplier.applyTransaction:102 android.view.SyncRtSurfaceTransactionApplier.lambda$scheduleApply$0:75 android.view.SyncRtSurfaceTransactionApplier.$r8$lambda$afI4fXg3U3-nBZQEDQMiNy-B06s:0 
09-24 11:50:35.602 21367 21389 I VRI[MainActivity]@cd187ff: mWNT: t=0xb400007b930d8630 mBlastBufferQueue=0xb400007c32849a60 fn= 5504 HdrRenderState mRenderHdrSdrRatio=1.0 caller= android.view.SyncRtSurfaceTransactionApplier.applyTransaction:102 android.view.SyncRtSurfaceTransactionApplier.lambda$scheduleApply$0:75 android.view.SyncRtSurfaceTransactionApplier.$r8$lambda$afI4fXg3U3-nBZQEDQMiNy-B06s:0 
09-24 11:50:35.610 21367 21390 I VRI[MainActivity]@cd187ff: mWNT: t=0xb400007b930e25c0 mBlastBufferQueue=0xb400007c32849a60 fn= 5505 HdrRenderState mRenderHdrSdrRatio=1.0 caller= android.view.SyncRtSurfaceTransactionApplier.applyTransaction:102 android.view.SyncRtSurfaceTransactionApplier.lambda$scheduleApply$0:75 android.view.SyncRtSurfaceTransactionApplier.$r8$lambda$afI4fXg3U3-nBZQEDQMiNy-B06s:0 
09-24 11:50:35.618 21367 21389 I VRI[MainActivity]@cd187ff: mWNT: t=0xb400007b930e8dd0 mBlastBufferQueue=0xb400007c32849a60 fn= 5506 HdrRenderState mRenderHdrSdrRatio=1.0 caller= android.view.SyncRtSurfaceTransactionApplier.applyTransaction:102 android.view.SyncRtSurfaceTransactionApplier.lambda$scheduleApply$0:75 android.view.SyncRtSurfaceTransactionApplier.$r8$lambda$afI4fXg3U3-nBZQEDQMiNy-B06s:0 
09-24 11:50:35.626 21367 21390 I VRI[MainActivity]@cd187ff: mWNT: t=0xb400007b930ca140 mBlastBufferQueue=0xb400007c32849a60 fn= 5507 HdrRenderState mRenderHdrSdrRatio=1.0 caller= android.view.SyncRtSurfaceTransactionApplier.applyTransaction:102 android.view.SyncRtSurfaceTransactionApplier.lambda$scheduleApply$0:75 android.view.SyncRtSurfaceTransactionApplier.$r8$lambda$afI4fXg3U3-nBZQEDQMiNy-B06s:0 
09-24 11:50:35.636 21367 21389 I VRI[MainActivity]@cd187ff: mWNT: t=0xb400007b930d7aa0 mBlastBufferQueue=0xb400007c32849a60 fn= 5508 HdrRenderState mRenderHdrSdrRatio=1.0 caller= android.view.SyncRtSurfaceTransactionApplier.applyTransaction:102 android.view.SyncRtSurfaceTransactionApplier.lambda$scheduleApply$0:75 android.view.SyncRtSurfaceTransactionApplier.$r8$lambda$afI4fXg3U3-nBZQEDQMiNy-B06s:0 
09-24 11:50:35.644 21367 21390 I VRI[MainActivity]@cd187ff: mWNT: t=0xb400007b930e10f0 mBlastBufferQueue=0xb400007c32849a60 fn= 5509 HdrRenderState mRenderHdrSdrRatio=1.0 caller= android.view.SyncRtSurfaceTransactionApplier.applyTransaction:102 android.view.SyncRtSurfaceTransactionApplier.lambda$scheduleApply$0:75 android.view.SyncRtSurfaceTransactionApplier.$r8$lambda$afI4fXg3U3-nBZQEDQMiNy-B06s:0 
09-24 11:50:35.652 21367 21389 I VRI[MainActivity]@cd187ff: mWNT: t=0xb400007b930ed0e0 mBlastBufferQueue=0xb400007c32849a60 fn= 5510 HdrRenderState mRenderHdrSdrRatio=1.0 caller= android.view.SyncRtSurfaceTransactionApplier.applyTransaction:102 android.view.SyncRtSurfaceTransactionApplier.lambda$scheduleApply$0:75 android.view.SyncRtSurfaceTransactionApplier.$r8$lambda$afI4fXg3U3-nBZQEDQMiNy-B06s:0 
09-24 11:50:35.660 21367 21390 I VRI[MainActivity]@cd187ff: mWNT: t=0xb400007b930d29b0 mBlastBufferQueue=0xb400007c32849a60 fn= 5511 HdrRenderState mRenderHdrSdrRatio=1.0 caller= android.view.SyncRtSurfaceTransactionApplier.applyTransaction:102 android.view.SyncRtSurfaceTransactionApplier.lambda$scheduleApply$0:75 android.view.SyncRtSurfaceTransactionApplier.$r8$lambda$afI4fXg3U3-nBZQEDQMiNy-B06s:0 
09-24 11:50:35.668 21367 21389 I VRI[MainActivity]@cd187ff: mWNT: t=0xb400007b930da8e0 mBlastBufferQueue=0xb400007c32849a60 fn= 5512 HdrRenderState mRenderHdrSdrRatio=1.0 caller= android.view.SyncRtSurfaceTransactionApplier.applyTransaction:102 android.view.SyncRtSurfaceTransactionApplier.lambda$scheduleApply$0:75 android.view.SyncRtSurfaceTransactionApplier.$r8$lambda$afI4fXg3U3-nBZQEDQMiNy-B06s:0 
09-24 11:50:35.677 21367 21390 I VRI[MainActivity]@cd187ff: mWNT: t=0xb400007b930d4a10 mBlastBufferQueue=0xb400007c32849a60 fn= 5513 HdrRenderState mRenderHdrSdrRatio=1.0 caller= android.view.SyncRtSurfaceTransactionApplier.applyTransaction:102 android.view.SyncRtSurfaceTransactionApplier.lambda$scheduleApply$0:75 android.view.SyncRtSurfaceTransactionApplier.$r8$lambda$afI4fXg3U3-nBZQEDQMiNy-B06s:0 
09-24 11:50:35.687 21367 21389 I VRI[MainActivity]@cd187ff: mWNT: t=0xb400007b9288cef0 mBlastBufferQueue=0xb400007c32849a60 fn= 5514 HdrRenderState mRenderHdrSdrRatio=1.0 caller= android.view.SyncRtSurfaceTransactionApplier.applyTransaction:102 android.view.SyncRtSurfaceTransactionApplier.lambda$scheduleApply$0:75 android.view.SyncRtSurfaceTransactionApplier.$r8$lambda$afI4fXg3U3-nBZQEDQMiNy-B06s:0 
09-24 11:50:35.693 21367 21367 I View    : setRequestedFrameRate frameRate=NaN, this=android.view.View{91c3b3c V.ED..... ........ 0,0-0,0}, caller=androidx.compose.ui.platform.Api35Impl.setRequestedFrameRate:4047 androidx.compose.ui.platform.AndroidComposeView.dispatchDraw:2282 android.view.View.draw:26758 android.view.View.updateDisplayListIfDirty:25577 android.view.ViewGroup.recreateChildDisplayList:4881 
09-24 11:50:35.693 21367 21390 I VRI[MainActivity]@cd187ff: mWNT: t=0xb400007b930e5400 mBlastBufferQueue=0xb400007c32849a60 fn= 5515 HdrRenderState mRenderHdrSdrRatio=1.0 caller= android.view.SyncRtSurfaceTransactionApplier.applyTransaction:102 android.view.SyncRtSurfaceTransactionApplier.lambda$scheduleApply$0:75 android.view.SyncRtSurfaceTransactionApplier.$r8$lambda$afI4fXg3U3-nBZQEDQMiNy-B06s:0 
09-24 11:50:35.920 21367 21367 I ImeTracker: system_server:70e7d7f6: onCancelled at PHASE_CLIENT_ON_CONTROLS_CHANGED
09-24 11:50:35.921 21367 21367 I VRI[MainActivity]@cd187ff: handleResized, frames=ClientWindowFrames{frame=[0,0][1080,2340] display=[0,0][1080,2340] parentFrame=[0,0][0,0]} displayId=0 dragResizing=false compatScale=1.0 frameChanged=false attachedFrameChanged=false configChanged=false displayChanged=false compatScaleChanged=false dragResizingChanged=false
09-24 11:50:36.082 21367 21367 I InsetsController: onStateChanged: host=com.negi.survey/com.negi.survey.MainActivity, from=android.view.ViewRootImpl.onInsetsStateChanged:3038, state=InsetsState: {mDisplayFrame=Rect(0, 0 - 1080, 2340), mDisplayCutout=DisplayCutout{insets=Rect(0, 103 - 0, 0) waterfall=Insets{left=0, top=0, right=0, bottom=0} boundingRect={Bounds=[Rect(0, 0 - 0, 0), Rect(511, 0 - 569, 103), Rect(0, 0 - 0, 0), Rect(0, 0 - 0, 0)]} cutoutPathParserInfo={CutoutPathParserInfo{displayWidth=1080 displayHeight=2340 physicalDisplayWidth=1080 physicalDisplayHeight=2340 density={3.0} cutoutSpec={M 0,0 H -9.666666666666667 V 34.33333333333333 H 9.666666666666667 V 0 H 0 Z @dp} rotation={0} scale={1.0} physicalPixelDisplaySizeRatio={1.0}}} sideOverrides={}}, mRoundedCorners=RoundedCorners{[RoundedCorner{position=TopLeft, radius=102, center=Point(102, 102)}, RoundedCorner{position=TopRight, radius=102, center=Point(978, 102)}, RoundedCorner{position=BottomRight, radius=102, center=Point(978, 2238)}, RoundedCorner{position=BottomLeft, radius=102, center=Point(102, 2238)}]}  mRoundedCornerFrame=Rect(0, 0 - 1080, 2340), mPrivacyIndicatorBounds=PrivacyIndicatorBounds {static bounds=Rect(948, 0 - 1080, 103) rotation=0}, mDisplayShape=DisplayShape{ spec=-311912193 displayWidth=1080 displayHeight=2340 physicalPixelDisplaySizeRatio=1.0 rotation=0 offsetX=0 offsetY=0 scale=1.0}, mSources= { InsetsSource: {cafc0000 mType=statusBars mFrame=[0,0][1080,103] mAttachedInsets=null mVisible=true mFlags= mSideHint=TOP mBoundingRects=null}, InsetsSource: {cafc0005 mType=mandatorySystemGestures mFrame=[0,0][1080,139] mAttachedInsets=null mVisible=true mFlags= mSideHint=TOP mBoundingRects=null}, InsetsSource: {cafc0006 mType=tappableElement mFrame=[0,0][1080,103] mAttachedInsets=null mVisible=true mFlags= mSideHint=TOP mBoundingRects=null}, InsetsSource: {3 mType=ime mFrame=[0,0][0,0] mAttachedInsets=null mVisible=false mFlags=INVALID mSideHint=NONE mBoundingRects=null}, InsetsSource: {27 mType=displayCutout mFrame=[0,0][1080,103] mAttachedInsets=null mVisible=true mFlags= mSideHint=TOP mBoundingRects=null}, InsetsSource: {3c610001 mType=navigationBars mFrame=[0,2196][1080,2340] mAttachedInsets=null mVisible=true mFlags= mSideHint=BOTTOM mBoundingRects=null}, InsetsSource: {3c610004 mType=systemGestures mFrame=[0,0][0,0] mAttachedInsets=null mVisible=true mFlags= mSideHint=NONE mBoundingRects=null}, InsetsSource: {3c610005 mType=mandatorySystemGestures mFrame=[0,2196][1080,2340] mAttachedInsets=null mVisible=true mFlags= mSideHint=BOTTOM mBoundingRects=null}, InsetsSource: {3c610006 mType=tappableElement mFrame=[0,2196][1080,2340] mAttachedInsets=null mVisible=true mFlags= mSideHint=BOTTOM mBoundingRects=null}, InsetsSource: {3c610024 mType=systemGestures mFrame=[0,0][0,0] mAttachedInsets=null mVisible=true mFlags= mSideHint=NONE mBoundingRects=null} }
09-24 11:50:36.082 21367 21367 I VRI[MainActivity]@cd187ff: handleResized, frames=ClientWindowFrames{frame=[0,0][1080,2340] display=[0,0][1080,2340] parentFrame=[0,0][0,0]} displayId=0 dragResizing=false compatScale=1.0 frameChanged=false attachedFrameChanged=false configChanged=false displayChanged=false compatScaleChanged=false dragResizingChanged=false
09-24 11:50:36.095 21367 21367 I VRI[MainActivity]@cd187ff: handleResized, frames=ClientWindowFrames{frame=[0,0][1080,2340] display=[0,0][1080,2340] parentFrame=[0,0][0,0]} displayId=0 dragResizing=false compatScale=1.0 frameChanged=false attachedFrameChanged=false configChanged=false displayChanged=false compatScaleChanged=false dragResizingChanged=false
09-24 11:50:38.347 21367 21367 I VRI[MainActivity]@cd187ff: call setFrameRateCategory for touch hint category=no preference, reason=boost timeout, vri=VRI[MainActivity]@cd187ff
09-24 11:50:38.417 21367 21367 I InsetsSourceConsumer: applyRequestedVisibilityToControl: visible=true, type=statusBars, host=com.negi.survey/com.negi.survey.MainActivity
09-24 11:50:40.144 21367 21367 I VRI[MainActivity]@cd187ff: ViewPostIme pointer 0
09-24 11:50:40.147 21367 21367 I VRI[MainActivity]@cd187ff: call setFrameRateCategory for touch hint category=high hint, reason=touch, vri=VRI[MainActivity]@cd187ff
09-24 11:50:40.192 21367 21367 I VRI[MainActivity]@cd187ff: ViewPostIme pointer 1
09-24 11:50:40.193 21367 21367 D WhisperSpeechController: stopRecording: requested
09-24 11:50:40.193 21367 21451 D WhisperSpeechController: stopRecording: awaiting recorder.stopRecording()
09-24 11:50:40.194 21367 22495 D Recorder: stopRecording() invoked (state=Recording)
09-24 11:50:40.194 21367 22495 D Recorder: Calling AudioRecord.stop() to unblock read() ...
09-24 11:50:40.212 21367 21367 I View    : setRequestedFrameRate frameRate=-4.0, this=android.view.View{91c3b3c V.ED..... ........ 0,0-0,0}, caller=androidx.compose.ui.platform.Api35Impl.setRequestedFrameRate:4047 androidx.compose.ui.platform.AndroidComposeView.dispatchDraw:2282 android.view.View.draw:26758 android.view.View.updateDisplayListIfDirty:25577 android.view.ViewGroup.recreateChildDisplayList:4881 
09-24 11:50:40.217 21367 21367 I View    : setRequestedFrameRate frameRate=NaN, this=android.view.View{91c3b3c V.ED..... ........ 0,0-0,0}, caller=androidx.compose.ui.platform.Api35Impl.setRequestedFrameRate:4047 androidx.compose.ui.platform.AndroidComposeView.dispatchDraw:2282 android.view.View.draw:26758 android.view.View.updateDisplayListIfDirty:25577 android.view.ViewGroup.recreateChildDisplayList:4881 
09-24 11:50:40.249 21367 22495 D Recorder: Joining writer job ...
09-24 11:50:40.253 21367 21396 I Recorder: 🎙 stopped & released (writer exit)
09-24 11:50:40.253 21367 22495 D Recorder: Writer job joined successfully
09-24 11:50:40.253 21367 22495 D Recorder: post-join: pcm=/data/user/0/com.negi.survey/cache/rec_1968877753497775929.pcm wav=/data/user/0/com.negi.survey/cache/whisper_rec/survey_input_7697561194544976392.wav cfg=Config(sampleRate=16000, channelMask=16, format=2, bufferSize=2048)
09-24 11:50:40.254 21367 22495 D Recorder: WAV header written
09-24 11:50:40.254 21367 22495 I Recorder: ✅ WAV finalized: /data/user/0/com.negi.survey/cache/whisper_rec/survey_input_7697561194544976392.wav (152364 bytes)
09-24 11:50:40.254 21367 22495 D Recorder: Cleanup complete, state=Idle
09-24 11:50:40.254 21367 21396 D WhisperSpeechController: recorder.stopRecording OK in 61ms
09-24 11:50:40.315 21367 21396 D WhisperSpeechController: stopRecording: wav.size(stable)=152364 path=/data/user/0/com.negi.survey/cache/whisper_rec/survey_input_7697561194544976392.wav
09-24 11:50:40.316 21367 21396 D WhisperSpeechController: stopRecording: wav.info fmt=1 ch=1 sr=16000 bits=16 dataBytes=152320 durationSec=4.760
09-24 11:50:40.326 21367 21396 D WhisperSpeechController: stopRecording: wav.stats rms=0.07063 peak=0.72729 nonSilent=0.517 samples=76160
09-24 11:50:40.328 21367 21396 D ExportUtils: exportRecordedVoice: copying /data/user/0/com.negi.survey/cache/whisper_rec/survey_input_7697561194544976392.wav -> /storage/emulated/0/Android/data/com.negi.survey/files/exports/voice/2026-09-24_18-50-40_voice_SM-S931U1_F757B79A4E33_7e405044-91a5-46e8-a5af-240a600f372a_Q17.wav
09-24 11:50:40.330 21367 21396 D ExportUtils: exportRecordedVoice: done, size=152364 bytes
09-24 11:50:40.331 21367 21396 D ExportUtils: writeVoiceMeta: wrote /storage/emulated/0/Android/data/com.negi.survey/files/exports/voice/2026-09-24_18-50-40_voice_SM-S931U1_F757B79A4E33_7e405044-91a5-46e8-a5af-240a600f372a_Q17.meta.json
09-24 11:50:40.332 21367 21396 D MainActivity: onVoiceExported: q=Q17, file=2026-09-24_18-50-40_voice_SM-S931U1_F757B79A4E33_7e405044-91a5-46e8-a5af-240a600f372a_Q17.wav, bytes=152364, checksum=0a36bbf300bbd90dc0864e0c9c6176541627211ae910186af7934bece498167d
09-24 11:50:40.332 21367 21396 D WhisperSpeechController: onVoiceExported -> file=2026-09-24_18-50-40_voice_SM-S931U1_F757B79A4E33_7e405044-91a5-46e8-a5af-240a600f372a_Q17.wav, bytes=152364, qid=Q17, sid=7e405044-91a5-46e8-a5af-240a600f372a, checksum=0a36bbf300bb...
09-24 11:50:40.332 21367 21396 D WhisperSpeechController: stopRecording: transcribing -> /data/user/0/com.negi.survey/cache/whisper_rec/survey_input_7697561194544976392.wav
09-24 11:50:40.332 21367 21396 D WhisperEngine: [2][asr] Start. file=survey_input_7697561194544976392.wav bytes=148.79KB approxSec(pcm16mono@16000Hz)=4.76 lang=en translate=false printTimestamp=false sr=16000 modelKey=asset:models/ggml-small-q5_1.bin thread=DefaultDispatcher-worker-1
09-24 11:50:40.332 21367 21396 D WhisperEngine: [2][asr] mem: javaUsed=20.27MB javaTotal=28.76MB javaMax=256.00MB nativeAllocated=1.18GB
09-24 11:50:40.333 21367 21396 D WaveCodec: fmt: format=1, ch=1, rate=16000, bits=16
09-24 11:50:40.333 21367 21396 V WaveCodec: data chunk start=44 declared=152320 effective=152320
09-24 11:50:40.337 21367 21396 D WaveCodec: Decoded WAV: 1ch 16000Hz 16-bit (frames=76160, dataHeader=152320, effective=152320)
09-24 11:50:40.341 21367 21396 D WhisperEngine: [2][asr] PCM stats(sampled): samples=76160 seconds=4.76 min=-0.42788696 max=0.7272949 rms=0.07 decodeMs=5
09-24 11:50:40.341 21367 21396 I WhisperEngine: [2][asr] Mutex acquired. lockWaitMs=0 attempts=en audio=4.76s modelKey=asset:models/ggml-small-q5_1.bin
09-24 11:50:40.341 21367 21396 I WhisperEngine: [2][asr] Transcribing: lang=en translate=false ts=false samples=76160 audio=4.76s
09-24 11:50:40.342 21367 21801 I WhisperJNI: Transcribe start: threads=2 lang=en translate=false samples=76160
09-24 11:50:40.342 21367 21801 I JNI-Whisper: Starting whisper_full(): samples=76160 threads=2 translate=0 lang=en
09-24 11:50:40.347 21367 21367 I View    : setRequestedFrameRate frameRate=-4.0, this=android.view.View{91c3b3c V.ED..... ........ 0,0-0,0}, caller=androidx.compose.ui.platform.Api35Impl.setRequestedFrameRate:4047 androidx.compose.ui.platform.AndroidComposeView.dispatchDraw:2282 android.view.View.draw:26758 android.view.View.updateDisplayListIfDirty:25577 android.view.ViewGroup.recreateChildDisplayList:4881 
09-24 11:50:40.350 21367 21367 I View    : setRequestedFrameRate frameRate=NaN, this=android.view.View{91c3b3c V.ED..... ........ 0,0-0,0}, caller=androidx.compose.ui.platform.Api35Impl.setRequestedFrameRate:4047 androidx.compose.ui.platform.AndroidComposeView.dispatchDraw:2282 android.view.View.draw:26758 android.view.View.updateDisplayListIfDirty:25577 android.view.ViewGroup.recreateChildDisplayList:4881 
09-24 11:50:43.193 21367 21367 I VRI[MainActivity]@cd187ff: call setFrameRateCategory for touch hint category=no preference, reason=boost timeout, vri=VRI[MainActivity]@cd187ff
09-24 11:50:44.039 21367 21372 D InputTransport: Input channel destroyed: 'ClientS', fd=174
09-24 11:50:46.300 21367 21801 I WhisperJNI: Transcribe complete: segments=1 chars=62
09-24 11:50:46.301 21367 21396 D WhisperEngine: [2][asr] Attempt done: lang=en transcribeMs=5959 rtf=1.25 textLen=60 preview="I sell my maize at the local market like I have all my life."
09-24 11:50:46.301 21367 21396 I WhisperEngine: [2][asr] OK. totalMs=5968 decodeMs=5 lockWaitMs=0 lockHoldMs=5959 selectedLang=en modelKey=asset:models/ggml-small-q5_1.bin
09-24 11:50:46.301 21367 21396 D WhisperEngine: [2][asr] mem: javaUsed=10.96MB javaTotal=29.92MB javaMax=256.00MB nativeAllocated=1.17GB
09-24 11:50:46.301 21367 21396 D WhisperSpeechController: Transcription success: I sell my maize at the local market like I have all my life.
09-24 11:50:46.301 21367 21396 D WhisperSpeechController: updatePartialText: len=60
09-24 11:50:46.301 21367 21396 D WhisperSpeechController: temp delete=true reason=stop_finally -> /data/user/0/com.negi.survey/cache/whisper_rec/survey_input_7697561194544976392.wav
09-24 11:50:46.313 21367 21367 I View    : setRequestedFrameRate frameRate=-4.0, this=android.view.View{91c3b3c V.ED..... ........ 0,0-0,0}, caller=androidx.compose.ui.platform.Api35Impl.setRequestedFrameRate:4047 androidx.compose.ui.platform.AndroidComposeView.dispatchDraw:2282 android.view.View.draw:26758 android.view.View.updateDisplayListIfDirty:25577 android.view.ViewGroup.recreateChildDisplayList:4881 
09-24 11:50:46.323 21367 21367 I View    : setRequestedFrameRate frameRate=NaN, this=android.view.View{91c3b3c V.ED..... ........ 0,0-0,0}, caller=androidx.compose.ui.platform.Api35Impl.setRequestedFrameRate:4047 androidx.compose.ui.platform.AndroidComposeView.dispatchDraw:2282 android.view.View.draw:26758 android.view.View.updateDisplayListIfDirty:25577 android.view.ViewGroup.recreateChildDisplayList:4881 
09-24 11:50:49.276 21367 21367 I VRI[MainActivity]@cd187ff: ViewPostIme pointer 0
09-24 11:50:49.279 21367 21367 I VRI[MainActivity]@cd187ff: call setFrameRateCategory for touch hint category=high hint, reason=touch, vri=VRI[MainActivity]@cd187ff
09-24 11:50:49.348 21367 21367 I VRI[MainActivity]@cd187ff: ViewPostIme pointer 1
09-24 11:50:49.367 21367 21367 I View    : setRequestedFrameRate frameRate=-4.0, this=android.view.View{91c3b3c V.ED..... ........ 0,0-0,0}, caller=androidx.compose.ui.platform.Api35Impl.setRequestedFrameRate:4047 androidx.compose.ui.platform.AndroidComposeView.dispatchDraw:2282 android.view.View.draw:26758 android.view.View.updateDisplayListIfDirty:25577 android.view.ViewGroup.recreateChildDisplayList:4881 
09-24 11:50:49.368 21367 21367 D InsetsController: hide(ime())
09-24 11:50:49.368 21367 21367 I ImeTracker: com.negi.survey:9540554f: onRequestHide at ORIGIN_CLIENT reason HIDE_SOFT_INPUT_BY_INSETS_API fromUser false
09-24 11:50:49.368 21367 21367 I ImeTracker: com.negi.survey:9540554f: onCancelled at PHASE_CLIENT_ALREADY_HIDDEN
09-24 11:50:49.374 21367 21367 I View    : setRequestedFrameRate frameRate=NaN, this=android.view.View{91c3b3c V.ED..... ........ 0,0-0,0}, caller=androidx.compose.ui.platform.Api35Impl.setRequestedFrameRate:4047 androidx.compose.ui.platform.AndroidComposeView.dispatchDraw:2282 android.view.View.draw:26758 android.view.View.updateDisplayListIfDirty:25577 android.view.ViewGroup.recreateChildDisplayList:4881 
09-24 11:50:49.376 21367 21383 I AdrenoVK-0: Shader compilation failed for shaderType: 4
09-24 11:50:49.376 21367 21383 I AdrenoVK-0: Pipeline create failed
09-24 11:50:50.645 21367 22620 W native  : W0000 00:00:1790275850.644967   22620 sampler_factory.cc:403] OpenCL sampler not available, falling back to statically linked C API: UNAVAILABLE: ERROR: [third_party/odml/litert_lm/runtime/components/sampler_factory.cc:319]
09-24 11:50:50.645 21367 22620 W native  : └ Could not load shared library libLiteRtTopKOpenClSampler.so: dlopen failed: library "libLiteRtTopKOpenClSampler.so" not found.
09-24 11:50:50.645 21367 22620 W native  : === Source Location Trace: ===
09-24 11:50:50.645 21367 22620 W native  : ./third_party/odml/litert/litert/cc/litert_macros.h:573
09-24 11:50:51.077 21367 22620 W LiteRtLM: Inference first output: key='Gemma3n4B|/data/data/com.negi.survey/files/gemma-3n-E4B-it-int4.litertlm' runId=1 ttftMs=1714 dispatchMs=26 postDispatchTtftMs=1688 requestToFirstOutputMs=1715
09-24 11:50:52.349 21367 21367 I VRI[MainActivity]@cd187ff: call setFrameRateCategory for touch hint category=no preference, reason=boost timeout, vri=VRI[MainActivity]@cd187ff
09-24 11:50:53.067 21367 21367 I View    : setRequestedFrameRate frameRate=-4.0, this=android.view.View{91c3b3c V.ED..... ........ 0,0-0,0}, caller=androidx.compose.ui.platform.Api35Impl.setRequestedFrameRate:4047 androidx.compose.ui.platform.AndroidComposeView.dispatchDraw:2282 android.view.View.draw:26758 android.view.View.updateDisplayListIfDirty:25577 android.view.ViewGroup.recreateChildDisplayList:4881 
09-24 11:50:53.071 21367 21367 I View    : setRequestedFrameRate frameRate=NaN, this=android.view.View{91c3b3c V.ED..... ........ 0,0-0,0}, caller=androidx.compose.ui.platform.Api35Impl.setRequestedFrameRate:4047 androidx.compose.ui.platform.AndroidComposeView.dispatchDraw:2282 android.view.View.draw:26758 android.view.View.updateDisplayListIfDirty:25577 android.view.ViewGroup.recreateChildDisplayList:4881 
09-24 11:50:53.499 21367 22621 W LiteRtLM: Inference timing: key='Gemma3n4B|/data/data/com.negi.survey/files/gemma-3n-E4B-it-int4.litertlm' runId=1 ttftMs=1714 dispatchMs=26 postDispatchTtftMs=1688 totalMs=4135 callbacks=32 outputChars=111 cancelled=false error=false requestTotalMs=4136
09-24 11:50:53.499 21367 22621 I LiteRtLM: LiteRT completion: runId=1 terminal=normal_onDone phase=unavailable engineTokenCapacity=512 prefillTokens=-1 decodeTokens=-1 kvTokens=-1 outputChars=111 callbacks=32
09-24 11:50:53.513 21367 21367 I View    : setRequestedFrameRate frameRate=-4.0, this=android.view.View{91c3b3c V.ED..... ........ 0,0-0,0}, caller=androidx.compose.ui.platform.Api35Impl.setRequestedFrameRate:4047 androidx.compose.ui.platform.AndroidComposeView.dispatchDraw:2282 android.view.View.draw:26758 android.view.View.updateDisplayListIfDirty:25577 android.view.ViewGroup.recreateChildDisplayList:4881 
09-24 11:50:53.533 21367 21367 I View    : setRequestedFrameRate frameRate=NaN, this=android.view.View{91c3b3c V.ED..... ........ 0,0-0,0}, caller=androidx.compose.ui.platform.Api35Impl.setRequestedFrameRate:4047 androidx.compose.ui.platform.AndroidComposeView.dispatchDraw:2282 android.view.View.draw:26758 android.view.View.updateDisplayListIfDirty:25577 android.view.ViewGroup.recreateChildDisplayList:4881 
09-24 11:50:53.535 21367 21383 I AdrenoVK-0: Shader compilation failed for shaderType: 0
09-24 11:50:53.535 21367 21383 I AdrenoVK-0: Pipeline create failed
09-24 11:50:53.557 21367 21383 I AdrenoVK-0: Shader compilation failed for shaderType: 4
09-24 11:50:53.557 21367 21383 I AdrenoVK-0: Pipeline create failed
09-24 11:50:56.956 21367 21367 I VRI[MainActivity]@cd187ff: ViewPostIme pointer 0
09-24 11:50:56.959 21367 21367 I VRI[MainActivity]@cd187ff: call setFrameRateCategory for touch hint category=high hint, reason=touch, vri=VRI[MainActivity]@cd187ff
09-24 11:50:57.020 21367 21367 I VRI[MainActivity]@cd187ff: ViewPostIme pointer 1
09-24 11:50:57.042 21367 21367 I View    : setRequestedFrameRate frameRate=-4.0, this=android.view.View{91c3b3c V.ED..... ........ 0,0-0,0}, caller=androidx.compose.ui.platform.Api35Impl.setRequestedFrameRate:4047 androidx.compose.ui.platform.AndroidComposeView.dispatchDraw:2282 android.view.View.draw:26758 android.view.View.updateDisplayListIfDirty:25577 android.view.ViewGroup.recreateChildDisplayList:4881 
09-24 11:50:57.043 21367 21367 D WhisperSpeechController: updateContext: surveyId=7e405044-91a5-46e8-a5af-240a600f372a, questionId=Review
09-24 11:50:57.043 21367 21367 D WhisperSpeechController: updateContext: surveyId=7e405044-91a5-46e8-a5af-240a600f372a, questionId=Review
09-24 11:50:57.089 21367 21367 D InputMethodManagerUtils: startInputInner - Id : 0
09-24 11:50:57.089 21367 21367 I InputMethodManager: startInputInner - IInputMethodManagerGlobalInvoker.startInputOrWindowGainedFocus
09-24 11:50:57.090 21367 21367 D InsetsController: show(ime())
09-24 11:50:57.090 21367 21367 I ImeTracker: com.negi.survey:2f3e2a49: onRequestShow at ORIGIN_CLIENT reason SHOW_SOFT_INPUT_BY_INSETS_API fromUser false
09-24 11:50:57.090 21367 21367 D InsetsController: Setting requestedVisibleTypes to 511 (was 503)
09-24 11:50:57.090 21367 21367 I InsetsController: setRequestedVisibleTypes: visible=true, mask=ime, host=com.negi.survey/com.negi.survey.MainActivity, from=android.view.InsetsController.controlAnimationUnchecked:1646 android.view.InsetsController.applyAnimation:2278 android.view.InsetsController.applyAnimation:2207 android.view.InsetsController.show:1498 android.view.InsetsController.show:1435 androidx.core.view.SoftwareKeyboardControllerCompat$Impl30.show:189 androidx.core.view.SoftwareKeyboardControllerCompat.show:70 androidx.compose.ui.text.input.InputMethodManagerImpl.showSoftInput:81 androidx.compose.ui.text.input.TextInputServiceAndroid.setKeyboardVisibleImmediately:468 androidx.compose.ui.text.input.TextInputServiceAndroid.processInputCommands:352 
09-24 11:50:57.092 21367 21375 D InputTransport: Input channel constructed: 'ClientS', fd=194
09-24 11:50:57.098 21367 21367 I InputMethodManager_LC: showSoftInput(View,I)
09-24 11:50:57.098 21367 21367 I ImeTracker: com.negi.survey:5798d4b9: onRequestShow at ORIGIN_CLIENT reason SHOW_SOFT_INPUT fromUser false
09-24 11:50:57.098 21367 21367 I InputMethodManager_LC: ssi(): flags=0 view=com.negi.survey reason=SHOW_SOFT_INPUT
09-24 11:50:57.098 21367 21367 I InputMethodManager_LC: ssi() view is not EditText
09-24 11:50:57.098 21367 21367 D InsetsController: show(ime())
09-24 11:50:57.098 21367 21367 I ImeTracker: com.negi.survey:5798d4b9: onCancelled at PHASE_CLIENT_REPORT_REQUESTED_VISIBLE_TYPES
09-24 11:50:57.101 21367 21367 I View    : setRequestedFrameRate frameRate=NaN, this=android.view.View{91c3b3c V.ED..... ........ 0,0-0,0}, caller=androidx.compose.ui.platform.Api35Impl.setRequestedFrameRate:4047 androidx.compose.ui.platform.AndroidComposeView.dispatchDraw:2282 android.view.View.draw:26758 android.view.View.updateDisplayListIfDirty:25577 android.view.ViewGroup.recreateChildDisplayList:4881 
09-24 11:50:57.102 21367 21367 I VRI[MainActivity]@cd187ff: handleResized, frames=ClientWindowFrames{frame=[0,0][1080,2340] display=[0,0][1080,2340] parentFrame=[0,0][0,0]} displayId=0 dragResizing=false compatScale=1.0 frameChanged=false attachedFrameChanged=false configChanged=false displayChanged=false compatScaleChanged=false dragResizingChanged=false
09-24 11:50:57.115 21367 21367 D WindowOnBackDispatcher: setTopOnBackInvokedCallback (unwrapped): android.view.ImeBackAnimationController@a829959
09-24 11:50:57.129 21367 21367 I InsetsController: onStateChanged: host=com.negi.survey/com.negi.survey.MainActivity, from=android.view.ViewRootImpl.onInsetsStateChanged:3038, state=InsetsState: {mDisplayFrame=Rect(0, 0 - 1080, 2340), mDisplayCutout=DisplayCutout{insets=Rect(0, 103 - 0, 0) waterfall=Insets{left=0, top=0, right=0, bottom=0} boundingRect={Bounds=[Rect(0, 0 - 0, 0), Rect(511, 0 - 569, 103), Rect(0, 0 - 0, 0), Rect(0, 0 - 0, 0)]} cutoutPathParserInfo={CutoutPathParserInfo{displayWidth=1080 displayHeight=2340 physicalDisplayWidth=1080 physicalDisplayHeight=2340 density={3.0} cutoutSpec={M 0,0 H -9.666666666666667 V 34.33333333333333 H 9.666666666666667 V 0 H 0 Z @dp} rotation={0} scale={1.0} physicalPixelDisplaySizeRatio={1.0}}} sideOverrides={}}, mRoundedCorners=RoundedCorners{[RoundedCorner{position=TopLeft, radius=102, center=Point(102, 102)}, RoundedCorner{position=TopRight, radius=102, center=Point(978, 102)}, RoundedCorner{position=BottomRight, radius=102, center=Point(978, 2238)}, RoundedCorner{position=BottomLeft, radius=102, center=Point(102, 2238)}]}  mRoundedCornerFrame=Rect(0, 0 - 1080, 2340), mPrivacyIndicatorBounds=PrivacyIndicatorBounds {static bounds=Rect(948, 0 - 1080, 103) rotation=0}, mDisplayShape=DisplayShape{ spec=-311912193 displayWidth=1080 displayHeight=2340 physicalPixelDisplaySizeRatio=1.0 rotation=0 offsetX=0 offsetY=0 scale=1.0}, mSources= { InsetsSource: {cafc0000 mType=statusBars mFrame=[0,0][1080,103] mAttachedInsets=null mVisible=true mFlags= mSideHint=TOP mBoundingRects=null}, InsetsSource: {cafc0005 mType=mandatorySystemGestures mFrame=[0,0][1080,139] mAttachedInsets=null mVisible=true mFlags= mSideHint=TOP mBoundingRects=null}, InsetsSource: {cafc0006 mType=tappableElement mFrame=[0,0][1080,103] mAttachedInsets=null mVisible=true mFlags= mSideHint=TOP mBoundingRects=null}, InsetsSource: {3 mType=ime mFrame=[0,1314][1080,2340] mAttachedInsets=null mVisible=true mFlags= mSideHint=BOTTOM mBoundingRects=null}, InsetsSource: {27 mType=displayCutout mFrame=[0,0][1080,103] mAttachedInsets=null mVisible=true mFlags= mSideHint=TOP mBoundingRects=null}, InsetsSource: {3c610001 mType=navigationBars mFrame=[0,2196][1080,2340] mAttachedInsets=null mVisible=true mFlags= mSideHint=BOTTOM mBoundingRects=null}, InsetsSource: {3c610004 mType=systemGestures mFrame=[0,0][0,0] mAttachedInsets=null mVisible=true mFlags= mSideHint=NONE mBoundingRects=null}, InsetsSource: {3c610005 mType=mandatorySystemGestures mFrame=[0,2196][1080,2340] mAttachedInsets=null mVisible=true mFlags= mSideHint=BOTTOM mBoundingRects=null}, InsetsSource: {3c610006 mType=tappableElement mFrame=[0,2196][1080,2340] mAttachedInsets=null mVisible=true mFlags= mSideHint=BOTTOM mBoundingRects=null}, InsetsSource: {3c610024 mType=systemGestures mFrame=[0,0][0,0] mAttachedInsets=null mVisible=true mFlags= mSideHint=NONE mBoundingRects=null} }
09-24 11:50:57.129 21367 21367 I VRI[MainActivity]@cd187ff: handleResized, frames=ClientWindowFrames{frame=[0,0][1080,2340] display=[0,0][1080,2340] parentFrame=[0,0][0,0]} displayId=0 dragResizing=false compatScale=1.0 frameChanged=false attachedFrameChanged=false configChanged=false displayChanged=false compatScaleChanged=false dragResizingChanged=false
09-24 11:50:57.137 21367 21367 I InsetsController: onStateChanged: host=com.negi.survey/com.negi.survey.MainActivity, from=android.view.ViewRootImpl.onInsetsStateChanged:3038, state=InsetsState: {mDisplayFrame=Rect(0, 0 - 1080, 2340), mDisplayCutout=DisplayCutout{insets=Rect(0, 103 - 0, 0) waterfall=Insets{left=0, top=0, right=0, bottom=0} boundingRect={Bounds=[Rect(0, 0 - 0, 0), Rect(511, 0 - 569, 103), Rect(0, 0 - 0, 0), Rect(0, 0 - 0, 0)]} cutoutPathParserInfo={CutoutPathParserInfo{displayWidth=1080 displayHeight=2340 physicalDisplayWidth=1080 physicalDisplayHeight=2340 density={3.0} cutoutSpec={M 0,0 H -9.666666666666667 V 34.33333333333333 H 9.666666666666667 V 0 H 0 Z @dp} rotation={0} scale={1.0} physicalPixelDisplaySizeRatio={1.0}}} sideOverrides={}}, mRoundedCorners=RoundedCorners{[RoundedCorner{position=TopLeft, radius=102, center=Point(102, 102)}, RoundedCorner{position=TopRight, radius=102, center=Point(978, 102)}, RoundedCorner{position=BottomRight, radius=102, center=Point(978, 2238)}, RoundedCorner{position=BottomLeft, radius=102, center=Point(102, 2238)}]}  mRoundedCornerFrame=Rect(0, 0 - 1080, 2340), mPrivacyIndicatorBounds=PrivacyIndicatorBounds {static bounds=Rect(948, 0 - 1080, 103) rotation=0}, mDisplayShape=DisplayShape{ spec=-311912193 displayWidth=1080 displayHeight=2340 physicalPixelDisplaySizeRatio=1.0 rotation=0 offsetX=0 offsetY=0 scale=1.0}, mSources= { InsetsSource: {cafc0000 mType=statusBars mFrame=[0,0][1080,103] mAttachedInsets=null mVisible=true mFlags= mSideHint=TOP mBoundingRects=null}, InsetsSource: {cafc0005 mType=mandatorySystemGestures mFrame=[0,0][1080,139] mAttachedInsets=null mVisible=true mFlags= mSideHint=TOP mBoundingRects=null}, InsetsSource: {cafc0006 mType=tappableElement mFrame=[0,0][1080,103] mAttachedInsets=null mVisible=true mFlags= mSideHint=TOP mBoundingRects=null}, InsetsSource: {3 mType=ime mFrame=[0,1314][1080,2340] mAttachedInsets=null mVisible=true mFlags= mSideHint=BOTTOM mBoundingRects=null}, InsetsSource: {27 mType=displayCutout mFrame=[0,0][1080,103] mAttachedInsets=null mVisible=true mFlags= mSideHint=TOP mBoundingRects=null}, InsetsSource: {3c610001 mType=navigationBars mFrame=[0,2196][1080,2340] mAttachedInsets=null mVisible=true mFlags= mSideHint=BOTTOM mBoundingRects=null}, InsetsSource: {3c610004 mType=systemGestures mFrame=[0,0][0,0] mAttachedInsets=null mVisible=true mFlags= mSideHint=NONE mBoundingRects=null}, InsetsSource: {3c610005 mType=mandatorySystemGestures mFrame=[0,2196][1080,2340] mAttachedInsets=null mVisible=true mFlags= mSideHint=BOTTOM mBoundingRects=null}, InsetsSource: {3c610006 mType=tappableElement mFrame=[0,2196][1080,2340] mAttachedInsets=null mVisible=true mFlags= mSideHint=BOTTOM mBoundingRects=null}, InsetsSource: {3c610024 mType=systemGestures mFrame=[0,0][0,0] mAttachedInsets=null mVisible=true mFlags= mSideHint=NONE mBoundingRects=null} }
09-24 11:50:57.144 21367 21367 D VRI[MainActivity]@cd187ff: WindowInsets changed: ime:[0,0,0,1026] 
09-24 11:50:57.145 21367 21367 I BLASTBufferQueue_Java: update, w= 1080 h= 2340 mName = VRI[MainActivity]@cd187ff mNativeObject= 0xb400007c32849a60 sc.mNativeObject= 0xb400007bc284d450 format= -1 caller= android.view.ViewRootImpl.updateBlastSurfaceIfNeeded:3592 android.view.ViewRootImpl.relayoutWindow:11813 android.view.ViewRootImpl.performTraversals:4840 android.view.ViewRootImpl.doTraversal:3959 android.view.ViewRootImpl$TraversalRunnable.run:13034 android.view.Choreographer$CallbackRecord.run:1961 
09-24 11:50:57.145 21367 21367 I VRI[MainActivity]@cd187ff: Relayout returned: old=(0,0,1080,2340) new=(0,0,1080,2340) relayoutAsync=true req=(1080,2340)0 dur=0 res=0x0 s={true 0xb400007c7286b0b0} ch=false seqId=0
09-24 11:50:57.146 21367 21367 I VRI[MainActivity]@cd187ff: registerCallbackForPendingTransactions
09-24 11:50:57.150 21367 21389 I VRI[MainActivity]@cd187ff: mWNT: t=0xb400007b930f2d60 mBlastBufferQueue=0xb400007c32849a60 fn= 8030 HdrRenderState mRenderHdrSdrRatio=1.0 caller= android.view.SyncRtSurfaceTransactionApplier.applyTransaction:102 android.view.SyncRtSurfaceTransactionApplier.lambda$scheduleApply$0:75 android.view.SyncRtSurfaceTransactionApplier.$r8$lambda$afI4fXg3U3-nBZQEDQMiNy-B06s:0 
09-24 11:50:57.150 21367 21389 I VRI[MainActivity]@cd187ff: mWNT: t=0xb400007b930faee0 mBlastBufferQueue=0xb400007c32849a60 fn= 8030 HdrRenderState mRenderHdrSdrRatio=1.0 caller= android.view.ViewRootImpl$10.onFrameDraw:6615 android.view.ViewRootImpl$4.onFrameDraw:2485 android.view.ThreadedRenderer$1.onFrameDraw:751 
09-24 11:50:57.153 21367 21390 I VRI[MainActivity]@cd187ff: mWNT: t=0xb400007b930ffd80 mBlastBufferQueue=0xb400007c32849a60 fn= 8030 HdrRenderState mRenderHdrSdrRatio=1.0 caller= android.view.SyncRtSurfaceTransactionApplier.applyTransaction:102 android.view.SyncRtSurfaceTransactionApplier.lambda$scheduleApply$0:75 android.view.SyncRtSurfaceTransactionApplier.$r8$lambda$afI4fXg3U3-nBZQEDQMiNy-B06s:0 
09-24 11:50:57.163 21367 21367 I View    : setRequestedFrameRate frameRate=-4.0, this=android.view.View{91c3b3c V.ED..... ........ 0,0-0,0}, caller=androidx.compose.ui.platform.Api35Impl.setRequestedFrameRate:4047 androidx.compose.ui.platform.AndroidComposeView.dispatchDraw:2282 android.view.View.draw:26758 android.view.View.updateDisplayListIfDirty:25577 android.view.View.draw:26477 
09-24 11:50:57.163 21367 21389 I VRI[MainActivity]@cd187ff: mWNT: t=0xb400007b930d4a10 mBlastBufferQueue=0xb400007c32849a60 fn= 8031 HdrRenderState mRenderHdrSdrRatio=1.0 caller= android.view.SyncRtSurfaceTransactionApplier.applyTransaction:102 android.view.SyncRtSurfaceTransactionApplier.lambda$scheduleApply$0:75 android.view.SyncRtSurfaceTransactionApplier.$r8$lambda$afI4fXg3U3-nBZQEDQMiNy-B06s:0 
09-24 11:50:57.175 21367 21390 I VRI[MainActivity]@cd187ff: mWNT: t=0xb400007b93103bf0 mBlastBufferQueue=0xb400007c32849a60 fn= 8032 HdrRenderState mRenderHdrSdrRatio=1.0 caller= android.view.SyncRtSurfaceTransactionApplier.applyTransaction:102 android.view.SyncRtSurfaceTransactionApplier.lambda$scheduleApply$0:75 android.view.SyncRtSurfaceTransactionApplier.$r8$lambda$afI4fXg3U3-nBZQEDQMiNy-B06s:0 
09-24 11:50:57.180 21367 21389 I VRI[MainActivity]@cd187ff: mWNT: t=0xb400007b93102e10 mBlastBufferQueue=0xb400007c32849a60 fn= 8033 HdrRenderState mRenderHdrSdrRatio=1.0 caller= android.view.SyncRtSurfaceTransactionApplier.applyTransaction:102 android.view.SyncRtSurfaceTransactionApplier.lambda$scheduleApply$0:75 android.view.SyncRtSurfaceTransactionApplier.$r8$lambda$afI4fXg3U3-nBZQEDQMiNy-B06s:0 
09-24 11:50:57.189 21367 21390 I VRI[MainActivity]@cd187ff: mWNT: t=0xb400007b931049d0 mBlastBufferQueue=0xb400007c32849a60 fn= 8034 HdrRenderState mRenderHdrSdrRatio=1.0 caller= android.view.SyncRtSurfaceTransactionApplier.applyTransaction:102 android.view.SyncRtSurfaceTransactionApplier.lambda$scheduleApply$0:75 android.view.SyncRtSurfaceTransactionApplier.$r8$lambda$afI4fXg3U3-nBZQEDQMiNy-B06s:0 
09-24 11:50:57.201 21367 21389 I VRI[MainActivity]@cd187ff: mWNT: t=0xb400007b92928bd0 mBlastBufferQueue=0xb400007c32849a60 fn= 8036 HdrRenderState mRenderHdrSdrRatio=1.0 caller= android.view.SyncRtSurfaceTransactionApplier.applyTransaction:102 android.view.SyncRtSurfaceTransactionApplier.lambda$scheduleApply$0:75 android.view.SyncRtSurfaceTransactionApplier.$r8$lambda$afI4fXg3U3-nBZQEDQMiNy-B06s:0 
09-24 11:50:57.210 21367 21390 I VRI[MainActivity]@cd187ff: mWNT: t=0xb400007b930f38f0 mBlastBufferQueue=0xb400007c32849a60 fn= 8036 HdrRenderState mRenderHdrSdrRatio=1.0 caller= android.view.SyncRtSurfaceTransactionApplier.applyTransaction:102 android.view.SyncRtSurfaceTransactionApplier.lambda$scheduleApply$0:75 android.view.SyncRtSurfaceTransactionApplier.$r8$lambda$afI4fXg3U3-nBZQEDQMiNy-B06s:0 
09-24 11:50:57.216 21367 21389 I VRI[MainActivity]@cd187ff: mWNT: t=0xb400007b930ef5e0 mBlastBufferQueue=0xb400007c32849a60 fn= 8037 HdrRenderState mRenderHdrSdrRatio=1.0 caller= android.view.SyncRtSurfaceTransactionApplier.applyTransaction:102 android.view.SyncRtSurfaceTransactionApplier.lambda$scheduleApply$0:75 android.view.SyncRtSurfaceTransactionApplier.$r8$lambda$afI4fXg3U3-nBZQEDQMiNy-B06s:0 
09-24 11:50:57.222 21367 21390 I VRI[MainActivity]@cd187ff: mWNT: t=0xb400007b930f5700 mBlastBufferQueue=0xb400007c32849a60 fn= 8038 HdrRenderState mRenderHdrSdrRatio=1.0 caller= android.view.SyncRtSurfaceTransactionApplier.applyTransaction:102 android.view.SyncRtSurfaceTransactionApplier.lambda$scheduleApply$0:75 android.view.SyncRtSurfaceTransactionApplier.$r8$lambda$afI4fXg3U3-nBZQEDQMiNy-B06s:0 
09-24 11:50:57.230 21367 21389 I VRI[MainActivity]@cd187ff: mWNT: t=0xb400007b930e8930 mBlastBufferQueue=0xb400007c32849a60 fn= 8039 HdrRenderState mRenderHdrSdrRatio=1.0 caller= android.view.SyncRtSurfaceTransactionApplier.applyTransaction:102 android.view.SyncRtSurfaceTransactionApplier.lambda$scheduleApply$0:75 android.view.SyncRtSurfaceTransactionApplier.$r8$lambda$afI4fXg3U3-nBZQEDQMiNy-B06s:0 
09-24 11:50:57.238 21367 21390 I VRI[MainActivity]@cd187ff: mWNT: t=0xb400007b930fa5a0 mBlastBufferQueue=0xb400007c32849a60 fn= 8040 HdrRenderState mRenderHdrSdrRatio=1.0 caller= android.view.SyncRtSurfaceTransactionApplier.applyTransaction:102 android.view.SyncRtSurfaceTransactionApplier.lambda$scheduleApply$0:75 android.view.SyncRtSurfaceTransactionApplier.$r8$lambda$afI4fXg3U3-nBZQEDQMiNy-B06s:0 
09-24 11:50:57.247 21367 21389 I VRI[MainActivity]@cd187ff: mWNT: t=0xb400007b930d3790 mBlastBufferQueue=0xb400007c32849a60 fn= 8041 HdrRenderState mRenderHdrSdrRatio=1.0 caller= android.view.SyncRtSurfaceTransactionApplier.applyTransaction:102 android.view.SyncRtSurfaceTransactionApplier.lambda$scheduleApply$0:75 android.view.SyncRtSurfaceTransactionApplier.$r8$lambda$afI4fXg3U3-nBZQEDQMiNy-B06s:0 
09-24 11:50:57.256 21367 21390 I VRI[MainActivity]@cd187ff: mWNT: t=0xb400007b930e33a0 mBlastBufferQueue=0xb400007c32849a60 fn= 8042 HdrRenderState mRenderHdrSdrRatio=1.0 caller= android.view.SyncRtSurfaceTransactionApplier.applyTransaction:102 android.view.SyncRtSurfaceTransactionApplier.lambda$scheduleApply$0:75 android.view.SyncRtSurfaceTransactionApplier.$r8$lambda$afI4fXg3U3-nBZQEDQMiNy-B06s:0 
09-24 11:50:57.264 21367 21389 I VRI[MainActivity]@cd187ff: mWNT: t=0xb400007b930f3fe0 mBlastBufferQueue=0xb400007c32849a60 fn= 8043 HdrRenderState mRenderHdrSdrRatio=1.0 caller= android.view.SyncRtSurfaceTransactionApplier.applyTransaction:102 android.view.SyncRtSurfaceTransactionApplier.lambda$scheduleApply$0:75 android.view.SyncRtSurfaceTransactionApplier.$r8$lambda$afI4fXg3U3-nBZQEDQMiNy-B06s:0 
09-24 11:50:57.272 21367 21390 I VRI[MainActivity]@cd187ff: mWNT: t=0xb400007b930d7600 mBlastBufferQueue=0xb400007c32849a60 fn= 8044 HdrRenderState mRenderHdrSdrRatio=1.0 caller= android.view.SyncRtSurfaceTransactionApplier.applyTransaction:102 android.view.SyncRtSurfaceTransactionApplier.lambda$scheduleApply$0:75 android.view.SyncRtSurfaceTransactionApplier.$r8$lambda$afI4fXg3U3-nBZQEDQMiNy-B06s:0 
09-24 11:50:57.280 21367 21389 I VRI[MainActivity]@cd187ff: mWNT: t=0xb400007b930f97c0 mBlastBufferQueue=0xb400007c32849a60 fn= 8045 HdrRenderState mRenderHdrSdrRatio=1.0 caller= android.view.SyncRtSurfaceTransactionApplier.applyTransaction:102 android.view.SyncRtSurfaceTransactionApplier.lambda$scheduleApply$0:75 android.view.SyncRtSurfaceTransactionApplier.$r8$lambda$afI4fXg3U3-nBZQEDQMiNy-B06s:0 
09-24 11:50:57.288 21367 21390 I VRI[MainActivity]@cd187ff: mWNT: t=0xb400007b930faa40 mBlastBufferQueue=0xb400007c32849a60 fn= 8046 HdrRenderState mRenderHdrSdrRatio=1.0 caller= android.view.SyncRtSurfaceTransactionApplier.applyTransaction:102 android.view.SyncRtSurfaceTransactionApplier.lambda$scheduleApply$0:75 android.view.SyncRtSurfaceTransactionApplier.$r8$lambda$afI4fXg3U3-nBZQEDQMiNy-B06s:0 
09-24 11:50:57.296 21367 21389 I VRI[MainActivity]@cd187ff: mWNT: t=0xb400007b93100220 mBlastBufferQueue=0xb400007c32849a60 fn= 8047 HdrRenderState mRenderHdrSdrRatio=1.0 caller= android.view.SyncRtSurfaceTransactionApplier.applyTransaction:102 android.view.SyncRtSurfaceTransactionApplier.lambda$scheduleApply$0:75 android.view.SyncRtSurfaceTransactionApplier.$r8$lambda$afI4fXg3U3-nBZQEDQMiNy-B06s:0 
09-24 11:50:57.305 21367 21390 I VRI[MainActivity]@cd187ff: mWNT: t=0xb400007b930fcaa0 mBlastBufferQueue=0xb400007c32849a60 fn= 8048 HdrRenderState mRenderHdrSdrRatio=1.0 caller= android.view.SyncRtSurfaceTransactionApplier.applyTransaction:102 android.view.SyncRtSurfaceTransactionApplier.lambda$scheduleApply$0:75 android.view.SyncRtSurfaceTransactionApplier.$r8$lambda$afI4fXg3U3-nBZQEDQMiNy-B06s:0 
09-24 11:50:57.313 21367 21389 I VRI[MainActivity]@cd187ff: mWNT: t=0xb400007b930e8b80 mBlastBufferQueue=0xb400007c32849a60 fn= 8049 HdrRenderState mRenderHdrSdrRatio=1.0 caller= android.view.SyncRtSurfaceTransactionApplier.applyTransaction:102 android.view.SyncRtSurfaceTransactionApplier.lambda$scheduleApply$0:75 android.view.SyncRtSurfaceTransactionApplier.$r8$lambda$afI4fXg3U3-nBZQEDQMiNy-B06s:0 
09-24 11:50:57.321 21367 21390 I VRI[MainActivity]@cd187ff: mWNT: t=0xb400007b930de750 mBlastBufferQueue=0xb400007c32849a60 fn= 8050 HdrRenderState mRenderHdrSdrRatio=1.0 caller= android.view.SyncRtSurfaceTransactionApplier.applyTransaction:102 android.view.SyncRtSurfaceTransactionApplier.lambda$scheduleApply$0:75 android.view.SyncRtSurfaceTransactionApplier.$r8$lambda$afI4fXg3U3-nBZQEDQMiNy-B06s:0 
09-24 11:50:57.329 21367 21389 I VRI[MainActivity]@cd187ff: mWNT: t=0xb400007b930f72c0 mBlastBufferQueue=0xb400007c32849a60 fn= 8051 HdrRenderState mRenderHdrSdrRatio=1.0 caller= android.view.SyncRtSurfaceTransactionApplier.applyTransaction:102 android.view.SyncRtSurfaceTransactionApplier.lambda$scheduleApply$0:75 android.view.SyncRtSurfaceTransactionApplier.$r8$lambda$afI4fXg3U3-nBZQEDQMiNy-B06s:0 
09-24 11:50:57.338 21367 21390 I VRI[MainActivity]@cd187ff: mWNT: t=0xb400007b92897320 mBlastBufferQueue=0xb400007c32849a60 fn= 8052 HdrRenderState mRenderHdrSdrRatio=1.0 caller= android.view.SyncRtSurfaceTransactionApplier.applyTransaction:102 android.view.SyncRtSurfaceTransactionApplier.lambda$scheduleApply$0:75 android.view.SyncRtSurfaceTransactionApplier.$r8$lambda$afI4fXg3U3-nBZQEDQMiNy-B06s:0 
09-24 11:50:57.346 21367 21389 I VRI[MainActivity]@cd187ff: mWNT: t=0xb400007b93104090 mBlastBufferQueue=0xb400007c32849a60 fn= 8053 HdrRenderState mRenderHdrSdrRatio=1.0 caller= android.view.SyncRtSurfaceTransactionApplier.applyTransaction:102 android.view.SyncRtSurfaceTransactionApplier.lambda$scheduleApply$0:75 android.view.SyncRtSurfaceTransactionApplier.$r8$lambda$afI4fXg3U3-nBZQEDQMiNy-B06s:0 
09-24 11:50:57.354 21367 21390 I VRI[MainActivity]@cd187ff: mWNT: t=0xb400007b930da690 mBlastBufferQueue=0xb400007c32849a60 fn= 8054 HdrRenderState mRenderHdrSdrRatio=1.0 caller= android.view.SyncRtSurfaceTransactionApplier.applyTransaction:102 android.view.SyncRtSurfaceTransactionApplier.lambda$scheduleApply$0:75 android.view.SyncRtSurfaceTransactionApplier.$r8$lambda$afI4fXg3U3-nBZQEDQMiNy-B06s:0 
09-24 11:50:57.363 21367 21389 I VRI[MainActivity]@cd187ff: mWNT: t=0xb400007b930f0610 mBlastBufferQueue=0xb400007c32849a60 fn= 8055 HdrRenderState mRenderHdrSdrRatio=1.0 caller= android.view.SyncRtSurfaceTransactionApplier.applyTransaction:102 android.view.SyncRtSurfaceTransactionApplier.lambda$scheduleApply$0:75 android.view.SyncRtSurfaceTransactionApplier.$r8$lambda$afI4fXg3U3-nBZQEDQMiNy-B06s:0 
09-24 11:50:57.373 21367 21390 I VRI[MainActivity]@cd187ff: mWNT: t=0xb400007b930fc600 mBlastBufferQueue=0xb400007c32849a60 fn= 8056 HdrRenderState mRenderHdrSdrRatio=1.0 caller= android.view.SyncRtSurfaceTransactionApplier.applyTransaction:102 android.view.SyncRtSurfaceTransactionApplier.lambda$scheduleApply$0:75 android.view.SyncRtSurfaceTransactionApplier.$r8$lambda$afI4fXg3U3-nBZQEDQMiNy-B06s:0 
09-24 11:50:57.381 21367 21389 I VRI[MainActivity]@cd187ff: mWNT: t=0xb400007b930f80a0 mBlastBufferQueue=0xb400007c32849a60 fn= 8057 HdrRenderState mRenderHdrSdrRatio=1.0 caller= android.view.SyncRtSurfaceTransactionApplier.applyTransaction:102 android.view.SyncRtSurfaceTransactionApplier.lambda$scheduleApply$0:75 android.view.SyncRtSurfaceTransactionApplier.$r8$lambda$afI4fXg3U3-nBZQEDQMiNy-B06s:0 
09-24 11:50:57.389 21367 21390 I VRI[MainActivity]@cd187ff: mWNT: t=0xb400007b930e3150 mBlastBufferQueue=0xb400007c32849a60 fn= 8058 HdrRenderState mRenderHdrSdrRatio=1.0 caller= android.view.SyncRtSurfaceTransactionApplier.applyTransaction:102 android.view.SyncRtSurfaceTransactionApplier.lambda$scheduleApply$0:75 android.view.SyncRtSurfaceTransactionApplier.$r8$lambda$afI4fXg3U3-nBZQEDQMiNy-B06s:0 
09-24 11:50:57.397 21367 21389 I VRI[MainActivity]@cd187ff: mWNT: t=0xb400007b930d30a0 mBlastBufferQueue=0xb400007c32849a60 fn= 8059 HdrRenderState mRenderHdrSdrRatio=1.0 caller= android.view.SyncRtSurfaceTransactionApplier.applyTransaction:102 android.view.SyncRtSurfaceTransactionApplier.lambda$scheduleApply$0:75 android.view.SyncRtSurfaceTransactionApplier.$r8$lambda$afI4fXg3U3-nBZQEDQMiNy-B06s:0 
09-24 11:50:57.405 21367 21390 I VRI[MainActivity]@cd187ff: mWNT: t=0xb400007b930f0ab0 mBlastBufferQueue=0xb400007c32849a60 fn= 8060 HdrRenderState mRenderHdrSdrRatio=1.0 caller= android.view.SyncRtSurfaceTransactionApplier.applyTransaction:102 android.view.SyncRtSurfaceTransactionApplier.lambda$scheduleApply$0:75 android.view.SyncRtSurfaceTransactionApplier.$r8$lambda$afI4fXg3U3-nBZQEDQMiNy-B06s:0 
09-24 11:50:57.414 21367 21389 I VRI[MainActivity]@cd187ff: mWNT: t=0xb400007b9286af80 mBlastBufferQueue=0xb400007c32849a60 fn= 8061 HdrRenderState mRenderHdrSdrRatio=1.0 caller= android.view.SyncRtSurfaceTransactionApplier.applyTransaction:102 android.view.SyncRtSurfaceTransactionApplier.lambda$scheduleApply$0:75 android.view.SyncRtSurfaceTransactionApplier.$r8$lambda$afI4fXg3U3-nBZQEDQMiNy-B06s:0 
09-24 11:50:57.422 21367 21390 I VRI[MainActivity]@cd187ff: mWNT: t=0xb400007b930f6bd0 mBlastBufferQueue=0xb400007c32849a60 fn= 8062 HdrRenderState mRenderHdrSdrRatio=1.0 caller= android.view.SyncRtSurfaceTransactionApplier.applyTransaction:102 android.view.SyncRtSurfaceTransactionApplier.lambda$scheduleApply$0:75 android.view.SyncRtSurfaceTransactionApplier.$r8$lambda$afI4fXg3U3-nBZQEDQMiNy-B06s:0 
09-24 11:50:57.430 21367 21389 I VRI[MainActivity]@cd187ff: mWNT: t=0xb400007b930ced90 mBlastBufferQueue=0xb400007c32849a60 fn= 8063 HdrRenderState mRenderHdrSdrRatio=1.0 caller= android.view.SyncRtSurfaceTransactionApplier.applyTransaction:102 android.view.SyncRtSurfaceTransactionApplier.lambda$scheduleApply$0:75 android.view.SyncRtSurfaceTransactionApplier.$r8$lambda$afI4fXg3U3-nBZQEDQMiNy-B06s:0 
09-24 11:50:57.439 21367 21390 I VRI[MainActivity]@cd187ff: mWNT: t=0xb400007b930ff8e0 mBlastBufferQueue=0xb400007c32849a60 fn= 8064 HdrRenderState mRenderHdrSdrRatio=1.0 caller= android.view.SyncRtSurfaceTransactionApplier.applyTransaction:102 android.view.SyncRtSurfaceTransactionApplier.lambda$scheduleApply$0:75 android.view.SyncRtSurfaceTransactionApplier.$r8$lambda$afI4fXg3U3-nBZQEDQMiNy-B06s:0 
09-24 11:50:57.448 21367 21389 I VRI[MainActivity]@cd187ff: mWNT: t=0xb400007b928a4a30 mBlastBufferQueue=0xb400007c32849a60 fn= 8065 HdrRenderState mRenderHdrSdrRatio=1.0 caller= android.view.SyncRtSurfaceTransactionApplier.applyTransaction:102 android.view.SyncRtSurfaceTransactionApplier.lambda$scheduleApply$0:75 android.view.SyncRtSurfaceTransactionApplier.$r8$lambda$afI4fXg3U3-nBZQEDQMiNy-B06s:0 
09-24 11:50:57.455 21367 21390 I VRI[MainActivity]@cd187ff: mWNT: t=0xb400007b930d5a40 mBlastBufferQueue=0xb400007c32849a60 fn= 8066 HdrRenderState mRenderHdrSdrRatio=1.0 caller= android.view.SyncRtSurfaceTransactionApplier.applyTransaction:102 android.view.SyncRtSurfaceTransactionApplier.lambda$scheduleApply$0:75 android.view.SyncRtSurfaceTransactionApplier.$r8$lambda$afI4fXg3U3-nBZQEDQMiNy-B06s:0 
09-24 11:50:57.463 21367 21389 I VRI[MainActivity]@cd187ff: mWNT: t=0xb400007b930dc6f0 mBlastBufferQueue=0xb400007c32849a60 fn= 8067 HdrRenderState mRenderHdrSdrRatio=1.0 caller= android.view.SyncRtSurfaceTransactionApplier.applyTransaction:102 android.view.SyncRtSurfaceTransactionApplier.lambda$scheduleApply$0:75 android.view.SyncRtSurfaceTransactionApplier.$r8$lambda$afI4fXg3U3-nBZQEDQMiNy-B06s:0 
09-24 11:50:57.472 21367 21390 I VRI[MainActivity]@cd187ff: mWNT: t=0xb400007b930e0c50 mBlastBufferQueue=0xb400007c32849a60 fn= 8068 HdrRenderState mRenderHdrSdrRatio=1.0 caller= android.view.SyncRtSurfaceTransactionApplier.applyTransaction:102 android.view.SyncRtSurfaceTransactionApplier.lambda$scheduleApply$0:75 android.view.SyncRtSurfaceTransactionApplier.$r8$lambda$afI4fXg3U3-nBZQEDQMiNy-B06s:0 
09-24 11:50:57.480 21367 21389 I VRI[MainActivity]@cd187ff: mWNT: t=0xb400007b930f2420 mBlastBufferQueue=0xb400007c32849a60 fn= 8069 HdrRenderState mRenderHdrSdrRatio=1.0 caller= android.view.SyncRtSurfaceTransactionApplier.applyTransaction:102 android.view.SyncRtSurfaceTransactionApplier.lambda$scheduleApply$0:75 android.view.SyncRtSurfaceTransactionApplier.$r8$lambda$afI4fXg3U3-nBZQEDQMiNy-B06s:0 
09-24 11:50:57.486 21367 21367 I View    : setRequestedFrameRate frameRate=NaN, this=android.view.View{91c3b3c V.ED..... ........ 0,0-0,0}, caller=androidx.compose.ui.platform.Api35Impl.setRequestedFrameRate:4047 androidx.compose.ui.platform.AndroidComposeView.dispatchDraw:2282 android.view.View.draw:26758 android.view.View.updateDisplayListIfDirty:25577 android.view.ViewGroup.recreateChildDisplayList:4881 
09-24 11:50:57.486 21367 21390 I VRI[MainActivity]@cd187ff: mWNT: t=0xb400007b930d1290 mBlastBufferQueue=0xb400007c32849a60 fn= 8070 HdrRenderState mRenderHdrSdrRatio=1.0 caller= android.view.SyncRtSurfaceTransactionApplier.applyTransaction:102 android.view.SyncRtSurfaceTransactionApplier.lambda$scheduleApply$0:75 android.view.SyncRtSurfaceTransactionApplier.$r8$lambda$afI4fXg3U3-nBZQEDQMiNy-B06s:0 
09-24 11:50:57.497 21367 21367 I View    : setRequestedFrameRate frameRate=-4.0, this=android.view.View{91c3b3c V.ED..... ........ 0,0-0,0}, caller=androidx.compose.ui.platform.Api35Impl.setRequestedFrameRate:4047 androidx.compose.ui.platform.AndroidComposeView.dispatchDraw:2282 android.view.View.draw:26758 android.view.View.updateDisplayListIfDirty:25577 android.view.View.draw:26477 
09-24 11:50:57.497 21367 21389 I VRI[MainActivity]@cd187ff: mWNT: t=0xb400007b930ffd80 mBlastBufferQueue=0xb400007c32849a60 fn= 8071 HdrRenderState mRenderHdrSdrRatio=1.0 caller= android.view.SyncRtSurfaceTransactionApplier.applyTransaction:102 android.view.SyncRtSurfaceTransactionApplier.lambda$scheduleApply$0:75 android.view.SyncRtSurfaceTransactionApplier.$r8$lambda$afI4fXg3U3-nBZQEDQMiNy-B06s:0 
09-24 11:50:57.502 21367 21367 I ImeTracker: com.negi.survey:2f3e2a49: onShown
09-24 11:50:57.505 21367 21390 I VRI[MainActivity]@cd187ff: mWNT: t=0xb400007b930ebe60 mBlastBufferQueue=0xb400007c32849a60 fn= 8072 HdrRenderState mRenderHdrSdrRatio=1.0 caller= android.view.SyncRtSurfaceTransactionApplier.applyTransaction:102 android.view.SyncRtSurfaceTransactionApplier.lambda$scheduleApply$0:75 android.view.SyncRtSurfaceTransactionApplier.$r8$lambda$afI4fXg3U3-nBZQEDQMiNy-B06s:0 
09-24 11:50:57.511 21367 21367 I View    : setRequestedFrameRate frameRate=NaN, this=android.view.View{91c3b3c V.ED..... ........ 0,0-0,0}, caller=androidx.compose.ui.platform.Api35Impl.setRequestedFrameRate:4047 androidx.compose.ui.platform.AndroidComposeView.dispatchDraw:2282 android.view.View.draw:26758 android.view.View.updateDisplayListIfDirty:25577 android.view.ViewGroup.recreateChildDisplayList:4881 
09-24 11:50:57.773 21367 21367 D InsetsController: hide(ime())
09-24 11:50:57.773 21367 21367 I ImeTracker: com.negi.survey:d32fd75b: onRequestHide at ORIGIN_CLIENT reason HIDE_SOFT_INPUT_BY_INSETS_API fromUser false
09-24 11:50:57.774 21367 21367 D WindowOnBackDispatcher: setTopOnBackInvokedCallback (unwrapped): androidx.navigationevent.OnBackInvokedInput$createOnBackAnimationCallback$1@ae14b12
09-24 11:50:57.774 21367 21367 D InsetsController: Setting requestedVisibleTypes to 503 (was 511)
09-24 11:50:57.774 21367 21367 I InsetsController: setRequestedVisibleTypes: visible=false, mask=ime, host=com.negi.survey/com.negi.survey.MainActivity, from=android.view.InsetsController.controlAnimationUnchecked:1646 android.view.InsetsController.applyAnimation:2278 android.view.InsetsController.applyAnimation:2207 android.view.InsetsController.hide:1581 android.view.InsetsController.hide:1521 androidx.core.view.SoftwareKeyboardControllerCompat$Impl30.hide:222 androidx.core.view.SoftwareKeyboardControllerCompat.hide:80 androidx.compose.ui.text.input.InputMethodManagerImpl.hideSoftInput:85 androidx.compose.ui.text.input.TextInputServiceAndroid.setKeyboardVisibleImmediately:470 androidx.compose.ui.text.input.TextInputServiceAndroid.processInputCommands:352 
09-24 11:50:57.775 21367 21367 D InputMethodManagerUtils: startInputInner - Id : 0
09-24 11:50:57.775 21367 21367 I InputMethodManager: startInputInner - IInputMethodManagerGlobalInvoker.startInputOrWindowGainedFocus
09-24 11:50:57.783 21367 21367 D VRI[MainActivity]@cd187ff: WindowInsets changed: ime:null 
09-24 11:50:57.783 21367 21367 I BLASTBufferQueue_Java: update, w= 1080 h= 2340 mName = VRI[MainActivity]@cd187ff mNativeObject= 0xb400007c32849a60 sc.mNativeObject= 0xb400007bc284d450 format= -1 caller= android.view.ViewRootImpl.updateBlastSurfaceIfNeeded:3592 android.view.ViewRootImpl.relayoutWindow:11813 android.view.ViewRootImpl.performTraversals:4840 android.view.ViewRootImpl.doTraversal:3959 android.view.ViewRootImpl$TraversalRunnable.run:13034 android.view.Choreographer$CallbackRecord.run:1961 
09-24 11:50:57.783 21367 21367 I VRI[MainActivity]@cd187ff: Relayout returned: old=(0,0,1080,2340) new=(0,0,1080,2340) relayoutAsync=true req=(1080,2340)0 dur=0 res=0x0 s={true 0xb400007c7286b0b0} ch=false seqId=0
09-24 11:50:57.785 21367 21367 I VRI[MainActivity]@cd187ff: registerCallbackForPendingTransactions
09-24 11:50:57.785 21367 21407 D InputTransport: Input channel constructed: 'ClientS', fd=169
09-24 11:50:57.785 21367 21389 I VRI[MainActivity]@cd187ff: mWNT: t=0xb400007b930f3450 mBlastBufferQueue=0xb400007c32849a60 fn= 8104 HdrRenderState mRenderHdrSdrRatio=1.0 caller= android.view.SyncRtSurfaceTransactionApplier.applyTransaction:102 android.view.SyncRtSurfaceTransactionApplier.lambda$scheduleApply$0:75 android.view.SyncRtSurfaceTransactionApplier.$r8$lambda$afI4fXg3U3-nBZQEDQMiNy-B06s:0 
09-24 11:50:57.785 21367 21389 I VRI[MainActivity]@cd187ff: mWNT: t=0xb400007b93102280 mBlastBufferQueue=0xb400007c32849a60 fn= 8104 HdrRenderState mRenderHdrSdrRatio=1.0 caller= android.view.ViewRootImpl$10.onFrameDraw:6615 android.view.ViewRootImpl$4.onFrameDraw:2485 android.view.ThreadedRenderer$1.onFrameDraw:751 
09-24 11:50:57.786 21367 21367 I InsetsController: onStateChanged: host=com.negi.survey/com.negi.survey.MainActivity, from=android.view.ViewRootImpl.onInsetsStateChanged:3038, state=InsetsState: {mDisplayFrame=Rect(0, 0 - 1080, 2340), mDisplayCutout=DisplayCutout{insets=Rect(0, 103 - 0, 0) waterfall=Insets{left=0, top=0, right=0, bottom=0} boundingRect={Bounds=[Rect(0, 0 - 0, 0), Rect(511, 0 - 569, 103), Rect(0, 0 - 0, 0), Rect(0, 0 - 0, 0)]} cutoutPathParserInfo={CutoutPathParserInfo{displayWidth=1080 displayHeight=2340 physicalDisplayWidth=1080 physicalDisplayHeight=2340 density={3.0} cutoutSpec={M 0,0 H -9.666666666666667 V 34.33333333333333 H 9.666666666666667 V 0 H 0 Z @dp} rotation={0} scale={1.0} physicalPixelDisplaySizeRatio={1.0}}} sideOverrides={}}, mRoundedCorners=RoundedCorners{[RoundedCorner{position=TopLeft, radius=102, center=Point(102, 102)}, RoundedCorner{position=TopRight, radius=102, center=Point(978, 102)}, RoundedCorner{position=BottomRight, radius=102, center=Point(978, 2238)}, RoundedCorner{position=BottomLeft, radius=102, center=Point(102, 2238)}]}  mRoundedCornerFrame=Rect(0, 0 - 1080, 2340), mPrivacyIndicatorBounds=PrivacyIndicatorBounds {static bounds=Rect(948, 0 - 1080, 103) rotation=0}, mDisplayShape=DisplayShape{ spec=-311912193 displayWidth=1080 displayHeight=2340 physicalPixelDisplaySizeRatio=1.0 rotation=0 offsetX=0 offsetY=0 scale=1.0}, mSources= { InsetsSource: {cafc0000 mType=statusBars mFrame=[0,0][1080,103] mAttachedInsets=null mVisible=true mFlags= mSideHint=TOP mBoundingRects=null}, InsetsSource: {cafc0005 mType=mandatorySystemGestures mFrame=[0,0][1080,139] mAttachedInsets=null mVisible=true mFlags= mSideHint=TOP mBoundingRects=null}, InsetsSource: {cafc0006 mType=tappableElement mFrame=[0,0][1080,103] mAttachedInsets=null mVisible=true mFlags= mSideHint=TOP mBoundingRects=null}, InsetsSource: {3 mType=ime mFrame=[0,1314][1080,2340] mAttachedInsets=null mVisible=false mFlags= mSideHint=BOTTOM mBoundingRects=null}, InsetsSource: {27 mType=displayCutout mFrame=[0,0][1080,103] mAttachedInsets=null mVisible=true mFlags= mSideHint=TOP mBoundingRects=null}, InsetsSource: {3c610001 mType=navigationBars mFrame=[0,2196][1080,2340] mAttachedInsets=null mVisible=true mFlags= mSideHint=BOTTOM mBoundingRects=null}, InsetsSource: {3c610004 mType=systemGestures mFrame=[0,0][0,0] mAttachedInsets=null mVisible=true mFlags= mSideHint=NONE mBoundingRects=null}, InsetsSource: {3c610005 mType=mandatorySystemGestures mFrame=[0,2196][1080,2340] mAttachedInsets=null mVisible=true mFlags= mSideHint=BOTTOM mBoundingRects=null}, InsetsSource: {3c610006 mType=tappableElement mFrame=[0,2196][1080,2340] mAttachedInsets=null mVisible=true mFlags= mSideHint=BOTTOM mBoundingRects=null}, InsetsSource: {3c610024 mType=systemGestures mFrame=[0,0][0,0] mAttachedInsets=null mVisible=true mFlags= mSideHint=NONE mBoundingRects=null} }
09-24 11:50:57.786 21367 21367 I VRI[MainActivity]@cd187ff: handleResized, frames=ClientWindowFrames{frame=[0,0][1080,2340] display=[0,0][1080,2340] parentFrame=[0,0][0,0]} displayId=0 dragResizing=false compatScale=1.0 frameChanged=false attachedFrameChanged=false configChanged=false displayChanged=false compatScaleChanged=false dragResizingChanged=false
09-24 11:50:57.787 21367 21390 I VRI[MainActivity]@cd187ff: mWNT: t=0xb400007b930d1e20 mBlastBufferQueue=0xb400007c32849a60 fn= 8105 HdrRenderState mRenderHdrSdrRatio=1.0 caller= android.view.SyncRtSurfaceTransactionApplier.applyTransaction:102 android.view.SyncRtSurfaceTransactionApplier.lambda$scheduleApply$0:75 android.view.SyncRtSurfaceTransactionApplier.$r8$lambda$afI4fXg3U3-nBZQEDQMiNy-B06s:0 
09-24 11:50:57.796 21367 21367 I View    : setRequestedFrameRate frameRate=-4.0, this=android.view.View{91c3b3c V.ED..... ........ 0,0-0,0}, caller=androidx.compose.ui.platform.Api35Impl.setRequestedFrameRate:4047 androidx.compose.ui.platform.AndroidComposeView.dispatchDraw:2282 android.view.View.draw:26758 android.view.View.updateDisplayListIfDirty:25577 android.view.View.draw:26477 
09-24 11:50:57.797 21367 21367 I InsetsSourceConsumer: applyRequestedVisibilityToControl: visible=true, type=navigationBars, host=com.negi.survey/com.negi.survey.MainActivity
09-24 11:50:57.797 21367 21389 I VRI[MainActivity]@cd187ff: mWNT: t=0xb400007b930d2e50 mBlastBufferQueue=0xb400007c32849a60 fn= 8106 HdrRenderState mRenderHdrSdrRatio=1.0 caller= android.view.SyncRtSurfaceTransactionApplier.applyTransaction:102 android.view.SyncRtSurfaceTransactionApplier.lambda$scheduleApply$0:75 android.view.SyncRtSurfaceTransactionApplier.$r8$lambda$afI4fXg3U3-nBZQEDQMiNy-B06s:0 
09-24 11:50:57.797 21367 21367 I ImeTracker: system_server:ffcf8a0f: onCancelled at PHASE_CLIENT_ON_CONTROLS_CHANGED
09-24 11:50:57.803 21367 21390 I VRI[MainActivity]@cd187ff: mWNT: t=0xb400007b930ec300 mBlastBufferQueue=0xb400007c32849a60 fn= 8107 HdrRenderState mRenderHdrSdrRatio=1.0 caller= android.view.SyncRtSurfaceTransactionApplier.applyTransaction:102 android.view.SyncRtSurfaceTransactionApplier.lambda$scheduleApply$0:75 android.view.SyncRtSurfaceTransactionApplier.$r8$lambda$afI4fXg3U3-nBZQEDQMiNy-B06s:0 
09-24 11:50:57.811 21367 21389 I VRI[MainActivity]@cd187ff: mWNT: t=0xb400007b92928bd0 mBlastBufferQueue=0xb400007c32849a60 fn= 8108 HdrRenderState mRenderHdrSdrRatio=1.0 caller= android.view.SyncRtSurfaceTransactionApplier.applyTransaction:102 android.view.SyncRtSurfaceTransactionApplier.lambda$scheduleApply$0:75 android.view.SyncRtSurfaceTransactionApplier.$r8$lambda$afI4fXg3U3-nBZQEDQMiNy-B06s:0 
09-24 11:50:57.820 21367 21390 I VRI[MainActivity]@cd187ff: mWNT: t=0xb400007b930ed580 mBlastBufferQueue=0xb400007c32849a60 fn= 8109 HdrRenderState mRenderHdrSdrRatio=1.0 caller= android.view.SyncRtSurfaceTransactionApplier.applyTransaction:102 android.view.SyncRtSurfaceTransactionApplier.lambda$scheduleApply$0:75 android.view.SyncRtSurfaceTransactionApplier.$r8$lambda$afI4fXg3U3-nBZQEDQMiNy-B06s:0 
09-24 11:50:57.827 21367 21389 I VRI[MainActivity]@cd187ff: mWNT: t=0xb400007b930f0d00 mBlastBufferQueue=0xb400007c32849a60 fn= 8110 HdrRenderState mRenderHdrSdrRatio=1.0 caller= android.view.SyncRtSurfaceTransactionApplier.applyTransaction:102 android.view.SyncRtSurfaceTransactionApplier.lambda$scheduleApply$0:75 android.view.SyncRtSurfaceTransactionApplier.$r8$lambda$afI4fXg3U3-nBZQEDQMiNy-B06s:0 
09-24 11:50:57.836 21367 21390 I VRI[MainActivity]@cd187ff: mWNT: t=0xb400007b930f97c0 mBlastBufferQueue=0xb400007c32849a60 fn= 8111 HdrRenderState mRenderHdrSdrRatio=1.0 caller= android.view.SyncRtSurfaceTransactionApplier.applyTransaction:102 android.view.SyncRtSurfaceTransactionApplier.lambda$scheduleApply$0:75 android.view.SyncRtSurfaceTransactionApplier.$r8$lambda$afI4fXg3U3-nBZQEDQMiNy-B06s:0 
09-24 11:50:57.845 21367 21389 I VRI[MainActivity]@cd187ff: mWNT: t=0xb400007b93102e10 mBlastBufferQueue=0xb400007c32849a60 fn= 8112 HdrRenderState mRenderHdrSdrRatio=1.0 caller= android.view.SyncRtSurfaceTransactionApplier.applyTransaction:102 android.view.SyncRtSurfaceTransactionApplier.lambda$scheduleApply$0:75 android.view.SyncRtSurfaceTransactionApplier.$r8$lambda$afI4fXg3U3-nBZQEDQMiNy-B06s:0 
09-24 11:50:57.853 21367 21390 I VRI[MainActivity]@cd187ff: mWNT: t=0xb400007b930d7aa0 mBlastBufferQueue=0xb400007c32849a60 fn= 8113 HdrRenderState mRenderHdrSdrRatio=1.0 caller= android.view.SyncRtSurfaceTransactionApplier.applyTransaction:102 android.view.SyncRtSurfaceTransactionApplier.lambda$scheduleApply$0:75 android.view.SyncRtSurfaceTransactionApplier.$r8$lambda$afI4fXg3U3-nBZQEDQMiNy-B06s:0 
09-24 11:50:57.861 21367 21389 I VRI[MainActivity]@cd187ff: mWNT: t=0xb400007b930d9d50 mBlastBufferQueue=0xb400007c32849a60 fn= 8114 HdrRenderState mRenderHdrSdrRatio=1.0 caller= android.view.SyncRtSurfaceTransactionApplier.applyTransaction:102 android.view.SyncRtSurfaceTransactionApplier.lambda$scheduleApply$0:75 android.view.SyncRtSurfaceTransactionApplier.$r8$lambda$afI4fXg3U3-nBZQEDQMiNy-B06s:0 
09-24 11:50:57.870 21367 21390 I VRI[MainActivity]@cd187ff: mWNT: t=0xb400007b930dd720 mBlastBufferQueue=0xb400007c32849a60 fn= 8115 HdrRenderState mRenderHdrSdrRatio=1.0 caller= android.view.SyncRtSurfaceTransactionApplier.applyTransaction:102 android.view.SyncRtSurfaceTransactionApplier.lambda$scheduleApply$0:75 android.view.SyncRtSurfaceTransactionApplier.$r8$lambda$afI4fXg3U3-nBZQEDQMiNy-B06s:0 
09-24 11:50:57.878 21367 21389 I VRI[MainActivity]@cd187ff: mWNT: t=0xb400007b930f6040 mBlastBufferQueue=0xb400007c32849a60 fn= 8116 HdrRenderState mRenderHdrSdrRatio=1.0 caller= android.view.SyncRtSurfaceTransactionApplier.applyTransaction:102 android.view.SyncRtSurfaceTransactionApplier.lambda$scheduleApply$0:75 android.view.SyncRtSurfaceTransactionApplier.$r8$lambda$afI4fXg3U3-nBZQEDQMiNy-B06s:0 
09-24 11:50:57.887 21367 21390 I VRI[MainActivity]@cd187ff: mWNT: t=0xb400007b93100db0 mBlastBufferQueue=0xb400007c32849a60 fn= 8117 HdrRenderState mRenderHdrSdrRatio=1.0 caller= android.view.SyncRtSurfaceTransactionApplier.applyTransaction:102 android.view.SyncRtSurfaceTransactionApplier.lambda$scheduleApply$0:75 android.view.SyncRtSurfaceTransactionApplier.$r8$lambda$afI4fXg3U3-nBZQEDQMiNy-B06s:0 
09-24 11:50:57.895 21367 21389 I VRI[MainActivity]@cd187ff: mWNT: t=0xb400007b930e2cb0 mBlastBufferQueue=0xb400007c32849a60 fn= 8118 HdrRenderState mRenderHdrSdrRatio=1.0 caller= android.view.SyncRtSurfaceTransactionApplier.applyTransaction:102 android.view.SyncRtSurfaceTransactionApplier.lambda$scheduleApply$0:75 android.view.SyncRtSurfaceTransactionApplier.$r8$lambda$afI4fXg3U3-nBZQEDQMiNy-B06s:0 
09-24 11:50:57.904 21367 21390 I VRI[MainActivity]@cd187ff: mWNT: t=0xb400007b930d4a10 mBlastBufferQueue=0xb400007c32849a60 fn= 8119 HdrRenderState mRenderHdrSdrRatio=1.0 caller= android.view.SyncRtSurfaceTransactionApplier.applyTransaction:102 android.view.SyncRtSurfaceTransactionApplier.lambda$scheduleApply$0:75 android.view.SyncRtSurfaceTransactionApplier.$r8$lambda$afI4fXg3U3-nBZQEDQMiNy-B06s:0 
09-24 11:50:57.912 21367 21389 I VRI[MainActivity]@cd187ff: mWNT: t=0xb400007b93100220 mBlastBufferQueue=0xb400007c32849a60 fn= 8120 HdrRenderState mRenderHdrSdrRatio=1.0 caller= android.view.SyncRtSurfaceTransactionApplier.applyTransaction:102 android.view.SyncRtSurfaceTransactionApplier.lambda$scheduleApply$0:75 android.view.SyncRtSurfaceTransactionApplier.$r8$lambda$afI4fXg3U3-nBZQEDQMiNy-B06s:0 
09-24 11:50:57.920 21367 21390 I VRI[MainActivity]@cd187ff: mWNT: t=0xb400007b929326c0 mBlastBufferQueue=0xb400007c32849a60 fn= 8121 HdrRenderState mRenderHdrSdrRatio=1.0 caller= android.view.SyncRtSurfaceTransactionApplier.applyTransaction:102 android.view.SyncRtSurfaceTransactionApplier.lambda$scheduleApply$0:75 android.view.SyncRtSurfaceTransactionApplier.$r8$lambda$afI4fXg3U3-nBZQEDQMiNy-B06s:0 
09-24 11:50:57.928 21367 21389 I VRI[MainActivity]@cd187ff: mWNT: t=0xb400007b930ece90 mBlastBufferQueue=0xb400007c32849a60 fn= 8122 HdrRenderState mRenderHdrSdrRatio=1.0 caller= android.view.SyncRtSurfaceTransactionApplier.applyTransaction:102 android.view.SyncRtSurfaceTransactionApplier.lambda$scheduleApply$0:75 android.view.SyncRtSurfaceTransactionApplier.$r8$lambda$afI4fXg3U3-nBZQEDQMiNy-B06s:0 
09-24 11:50:57.937 21367 21390 I VRI[MainActivity]@cd187ff: mWNT: t=0xb400007b930e2f00 mBlastBufferQueue=0xb400007c32849a60 fn= 8123 HdrRenderState mRenderHdrSdrRatio=1.0 caller= android.view.SyncRtSurfaceTransactionApplier.applyTransaction:102 android.view.SyncRtSurfaceTransactionApplier.lambda$scheduleApply$0:75 android.view.SyncRtSurfaceTransactionApplier.$r8$lambda$afI4fXg3U3-nBZQEDQMiNy-B06s:0 
09-24 11:50:57.945 21367 21389 I VRI[MainActivity]@cd187ff: mWNT: t=0xb400007b930e3150 mBlastBufferQueue=0xb400007c32849a60 fn= 8124 HdrRenderState mRenderHdrSdrRatio=1.0 caller= android.view.SyncRtSurfaceTransactionApplier.applyTransaction:102 android.view.SyncRtSurfaceTransactionApplier.lambda$scheduleApply$0:75 android.view.SyncRtSurfaceTransactionApplier.$r8$lambda$afI4fXg3U3-nBZQEDQMiNy-B06s:0 
09-24 11:50:57.953 21367 21390 I VRI[MainActivity]@cd187ff: mWNT: t=0xb400007b930faa40 mBlastBufferQueue=0xb400007c32849a60 fn= 8125 HdrRenderState mRenderHdrSdrRatio=1.0 caller= android.view.SyncRtSurfaceTransactionApplier.applyTransaction:102 android.view.SyncRtSurfaceTransactionApplier.lambda$scheduleApply$0:75 android.view.SyncRtSurfaceTransactionApplier.$r8$lambda$afI4fXg3U3-nBZQEDQMiNy-B06s:0 
09-24 11:50:57.961 21367 21389 I VRI[MainActivity]@cd187ff: mWNT: t=0xb400007b930f38f0 mBlastBufferQueue=0xb400007c32849a60 fn= 8126 HdrRenderState mRenderHdrSdrRatio=1.0 caller= android.view.SyncRtSurfaceTransactionApplier.applyTransaction:102 android.view.SyncRtSurfaceTransactionApplier.lambda$scheduleApply$0:75 android.view.SyncRtSurfaceTransactionApplier.$r8$lambda$afI4fXg3U3-nBZQEDQMiNy-B06s:0 
09-24 11:50:57.970 21367 21390 I VRI[MainActivity]@cd187ff: mWNT: t=0xb400007b930ed0e0 mBlastBufferQueue=0xb400007c32849a60 fn= 8127 HdrRenderState mRenderHdrSdrRatio=1.0 caller= android.view.SyncRtSurfaceTransactionApplier.applyTransaction:102 android.view.SyncRtSurfaceTransactionApplier.lambda$scheduleApply$0:75 android.view.SyncRtSurfaceTransactionApplier.$r8$lambda$afI4fXg3U3-nBZQEDQMiNy-B06s:0 
09-24 11:50:57.978 21367 21389 I VRI[MainActivity]@cd187ff: mWNT: t=0xb400007b930d8630 mBlastBufferQueue=0xb400007c32849a60 fn= 8128 HdrRenderState mRenderHdrSdrRatio=1.0 caller= android.view.SyncRtSurfaceTransactionApplier.applyTransaction:102 android.view.SyncRtSurfaceTransactionApplier.lambda$scheduleApply$0:75 android.view.SyncRtSurfaceTransactionApplier.$r8$lambda$afI4fXg3U3-nBZQEDQMiNy-B06s:0 
09-24 11:50:57.987 21367 21390 I VRI[MainActivity]@cd187ff: mWNT: t=0xb400007b9293d8d0 mBlastBufferQueue=0xb400007c32849a60 fn= 8129 HdrRenderState mRenderHdrSdrRatio=1.0 caller= android.view.SyncRtSurfaceTransactionApplier.applyTransaction:102 android.view.SyncRtSurfaceTransactionApplier.lambda$scheduleApply$0:75 android.view.SyncRtSurfaceTransactionApplier.$r8$lambda$afI4fXg3U3-nBZQEDQMiNy-B06s:0 
09-24 11:50:57.995 21367 21389 I VRI[MainActivity]@cd187ff: mWNT: t=0xb400007b93101de0 mBlastBufferQueue=0xb400007c32849a60 fn= 8130 HdrRenderState mRenderHdrSdrRatio=1.0 caller= android.view.SyncRtSurfaceTransactionApplier.applyTransaction:102 android.view.SyncRtSurfaceTransactionApplier.lambda$scheduleApply$0:75 android.view.SyncRtSurfaceTransactionApplier.$r8$lambda$afI4fXg3U3-nBZQEDQMiNy-B06s:0 
09-24 11:50:58.004 21367 21390 I VRI[MainActivity]@cd187ff: mWNT: t=0xb400007b930f3fe0 mBlastBufferQueue=0xb400007c32849a60 fn= 8131 HdrRenderState mRenderHdrSdrRatio=1.0 caller= android.view.SyncRtSurfaceTransactionApplier.applyTransaction:102 android.view.SyncRtSurfaceTransactionApplier.lambda$scheduleApply$0:75 android.view.SyncRtSurfaceTransactionApplier.$r8$lambda$afI4fXg3U3-nBZQEDQMiNy-B06s:0 
09-24 11:50:58.011 21367 21389 I VRI[MainActivity]@cd187ff: mWNT: t=0xb400007b930d7600 mBlastBufferQueue=0xb400007c32849a60 fn= 8132 HdrRenderState mRenderHdrSdrRatio=1.0 caller= android.view.SyncRtSurfaceTransactionApplier.applyTransaction:102 android.view.SyncRtSurfaceTransactionApplier.lambda$scheduleApply$0:75 android.view.SyncRtSurfaceTransactionApplier.$r8$lambda$afI4fXg3U3-nBZQEDQMiNy-B06s:0 
09-24 11:50:58.020 21367 21390 I VRI[MainActivity]@cd187ff: mWNT: t=0xb400007b930f0ab0 mBlastBufferQueue=0xb400007c32849a60 fn= 8133 HdrRenderState mRenderHdrSdrRatio=1.0 caller= android.view.SyncRtSurfaceTransactionApplier.applyTransaction:102 android.view.SyncRtSurfaceTransactionApplier.lambda$scheduleApply$0:75 android.view.SyncRtSurfaceTransactionApplier.$r8$lambda$afI4fXg3U3-nBZQEDQMiNy-B06s:0 
09-24 11:50:58.028 21367 21389 I VRI[MainActivity]@cd187ff: mWNT: t=0xb400007b92933250 mBlastBufferQueue=0xb400007c32849a60 fn= 8134 HdrRenderState mRenderHdrSdrRatio=1.0 caller= android.view.SyncRtSurfaceTransactionApplier.applyTransaction:102 android.view.SyncRtSurfaceTransactionApplier.lambda$scheduleApply$0:75 android.view.SyncRtSurfaceTransactionApplier.$r8$lambda$afI4fXg3U3-nBZQEDQMiNy-B06s:0 
09-24 11:50:58.036 21367 21390 I VRI[MainActivity]@cd187ff: mWNT: t=0xb400007b930f5260 mBlastBufferQueue=0xb400007c32849a60 fn= 8135 HdrRenderState mRenderHdrSdrRatio=1.0 caller= android.view.SyncRtSurfaceTransactionApplier.applyTransaction:102 android.view.SyncRtSurfaceTransactionApplier.lambda$scheduleApply$0:75 android.view.SyncRtSurfaceTransactionApplier.$r8$lambda$afI4fXg3U3-nBZQEDQMiNy-B06s:0 
09-24 11:50:58.045 21367 21389 I VRI[MainActivity]@cd187ff: mWNT: t=0xb400007b930dad80 mBlastBufferQueue=0xb400007c32849a60 fn= 8136 HdrRenderState mRenderHdrSdrRatio=1.0 caller= android.view.SyncRtSurfaceTransactionApplier.applyTransaction:102 android.view.SyncRtSurfaceTransactionApplier.lambda$scheduleApply$0:75 android.view.SyncRtSurfaceTransactionApplier.$r8$lambda$afI4fXg3U3-nBZQEDQMiNy-B06s:0 
09-24 11:50:58.053 21367 21390 I VRI[MainActivity]@cd187ff: mWNT: t=0xb400007b930f3450 mBlastBufferQueue=0xb400007c32849a60 fn= 8137 HdrRenderState mRenderHdrSdrRatio=1.0 caller= android.view.SyncRtSurfaceTransactionApplier.applyTransaction:102 android.view.SyncRtSurfaceTransactionApplier.lambda$scheduleApply$0:75 android.view.SyncRtSurfaceTransactionApplier.$r8$lambda$afI4fXg3U3-nBZQEDQMiNy-B06s:0 
09-24 11:50:58.061 21367 21389 I VRI[MainActivity]@cd187ff: mWNT: t=0xb400007b930d30a0 mBlastBufferQueue=0xb400007c32849a60 fn= 8138 HdrRenderState mRenderHdrSdrRatio=1.0 caller= android.view.SyncRtSurfaceTransactionApplier.applyTransaction:102 android.view.SyncRtSurfaceTransactionApplier.lambda$scheduleApply$0:75 android.view.SyncRtSurfaceTransactionApplier.$r8$lambda$afI4fXg3U3-nBZQEDQMiNy-B06s:0 
09-24 11:50:58.070 21367 21390 I VRI[MainActivity]@cd187ff: mWNT: t=0xb400007b930e8b80 mBlastBufferQueue=0xb400007c32849a60 fn= 8139 HdrRenderState mRenderHdrSdrRatio=1.0 caller= android.view.SyncRtSurfaceTransactionApplier.applyTransaction:102 android.view.SyncRtSurfaceTransactionApplier.lambda$scheduleApply$0:75 android.view.SyncRtSurfaceTransactionApplier.$r8$lambda$afI4fXg3U3-nBZQEDQMiNy-B06s:0 
09-24 11:50:58.078 21367 21389 I VRI[MainActivity]@cd187ff: mWNT: t=0xb400007b930f5700 mBlastBufferQueue=0xb400007c32849a60 fn= 8140 HdrRenderState mRenderHdrSdrRatio=1.0 caller= android.view.SyncRtSurfaceTransactionApplier.applyTransaction:102 android.view.SyncRtSurfaceTransactionApplier.lambda$scheduleApply$0:75 android.view.SyncRtSurfaceTransactionApplier.$r8$lambda$afI4fXg3U3-nBZQEDQMiNy-B06s:0 
09-24 11:50:58.086 21367 21367 I View    : setRequestedFrameRate frameRate=NaN, this=android.view.View{91c3b3c V.ED..... ........ 0,0-0,0}, caller=androidx.compose.ui.platform.Api35Impl.setRequestedFrameRate:4047 androidx.compose.ui.platform.AndroidComposeView.dispatchDraw:2282 android.view.View.draw:26758 android.view.View.updateDisplayListIfDirty:25577 android.view.ViewGroup.recreateChildDisplayList:4881 
09-24 11:50:58.087 21367 21390 I VRI[MainActivity]@cd187ff: mWNT: t=0xb400007b930fb820 mBlastBufferQueue=0xb400007c32849a60 fn= 8141 HdrRenderState mRenderHdrSdrRatio=1.0 caller= android.view.SyncRtSurfaceTransactionApplier.applyTransaction:102 android.view.SyncRtSurfaceTransactionApplier.lambda$scheduleApply$0:75 android.view.SyncRtSurfaceTransactionApplier.$r8$lambda$afI4fXg3U3-nBZQEDQMiNy-B06s:0 
09-24 11:50:58.457 21367 21367 I InsetsController: onStateChanged: host=com.negi.survey/com.negi.survey.MainActivity, from=android.view.ViewRootImpl.onInsetsStateChanged:3038, state=InsetsState: {mDisplayFrame=Rect(0, 0 - 1080, 2340), mDisplayCutout=DisplayCutout{insets=Rect(0, 103 - 0, 0) waterfall=Insets{left=0, top=0, right=0, bottom=0} boundingRect={Bounds=[Rect(0, 0 - 0, 0), Rect(511, 0 - 569, 103), Rect(0, 0 - 0, 0), Rect(0, 0 - 0, 0)]} cutoutPathParserInfo={CutoutPathParserInfo{displayWidth=1080 displayHeight=2340 physicalDisplayWidth=1080 physicalDisplayHeight=2340 density={3.0} cutoutSpec={M 0,0 H -9.666666666666667 V 34.33333333333333 H 9.666666666666667 V 0 H 0 Z @dp} rotation={0} scale={1.0} physicalPixelDisplaySizeRatio={1.0}}} sideOverrides={}}, mRoundedCorners=RoundedCorners{[RoundedCorner{position=TopLeft, radius=102, center=Point(102, 102)}, RoundedCorner{position=TopRight, radius=102, center=Point(978, 102)}, RoundedCorner{position=BottomRight, radius=102, center=Point(978, 2238)}, RoundedCorner{position=BottomLeft, radius=102, center=Point(102, 2238)}]}  mRoundedCornerFrame=Rect(0, 0 - 1080, 2340), mPrivacyIndicatorBounds=PrivacyIndicatorBounds {static bounds=Rect(948, 0 - 1080, 103) rotation=0}, mDisplayShape=DisplayShape{ spec=-311912193 displayWidth=1080 displayHeight=2340 physicalPixelDisplaySizeRatio=1.0 rotation=0 offsetX=0 offsetY=0 scale=1.0}, mSources= { InsetsSource: {cafc0000 mType=statusBars mFrame=[0,0][1080,103] mAttachedInsets=null mVisible=true mFlags= mSideHint=TOP mBoundingRects=null}, InsetsSource: {cafc0005 mType=mandatorySystemGestures mFrame=[0,0][1080,139] mAttachedInsets=null mVisible=true mFlags= mSideHint=TOP mBoundingRects=null}, InsetsSource: {cafc0006 mType=tappableElement mFrame=[0,0][1080,103] mAttachedInsets=null mVisible=true mFlags= mSideHint=TOP mBoundingRects=null}, InsetsSource: {3 mType=ime mFrame=[0,0][0,0] mAttachedInsets=null mVisible=false mFlags=INVALID mSideHint=NONE mBoundingRects=null}, InsetsSource: {27 mType=displayCutout mFrame=[0,0][1080,103] mAttachedInsets=null mVisible=true mFlags= mSideHint=TOP mBoundingRects=null}, InsetsSource: {3c610001 mType=navigationBars mFrame=[0,2196][1080,2340] mAttachedInsets=null mVisible=true mFlags= mSideHint=BOTTOM mBoundingRects=null}, InsetsSource: {3c610004 mType=systemGestures mFrame=[0,0][0,0] mAttachedInsets=null mVisible=true mFlags= mSideHint=NONE mBoundingRects=null}, InsetsSource: {3c610005 mType=mandatorySystemGestures mFrame=[0,2196][1080,2340] mAttachedInsets=null mVisible=true mFlags= mSideHint=BOTTOM mBoundingRects=null}, InsetsSource: {3c610006 mType=tappableElement mFrame=[0,2196][1080,2340] mAttachedInsets=null mVisible=true mFlags= mSideHint=BOTTOM mBoundingRects=null}, InsetsSource: {3c610024 mType=systemGestures mFrame=[0,0][0,0] mAttachedInsets=null mVisible=true mFlags= mSideHint=NONE mBoundingRects=null} }
09-24 11:50:58.457 21367 21367 I VRI[MainActivity]@cd187ff: handleResized, frames=ClientWindowFrames{frame=[0,0][1080,2340] display=[0,0][1080,2340] parentFrame=[0,0][0,0]} displayId=0 dragResizing=false compatScale=1.0 frameChanged=false attachedFrameChanged=false configChanged=false displayChanged=false compatScaleChanged=false dragResizingChanged=false
09-24 11:50:59.478 21367 21367 I VRI[MainActivity]@cd187ff: ViewPostIme pointer 0
09-24 11:50:59.540 21367 21367 I View    : setRequestedFrameRate frameRate=-4.0, this=android.view.View{91c3b3c V.ED..... ........ 0,0-0,0}, caller=androidx.compose.ui.platform.Api35Impl.setRequestedFrameRate:4047 androidx.compose.ui.platform.AndroidComposeView.dispatchDraw:2282 android.view.View.draw:26758 android.view.View.updateDisplayListIfDirty:25577 android.view.ViewGroup.recreateChildDisplayList:4881 
09-24 11:50:59.612 21367 21367 I VRI[MainActivity]@cd187ff: ViewPostIme pointer 1
09-24 11:50:59.768 21367 21367 I View    : setRequestedFrameRate frameRate=NaN, this=android.view.View{91c3b3c V.ED..... ........ 0,0-0,0}, caller=androidx.compose.ui.platform.Api35Impl.setRequestedFrameRate:4047 androidx.compose.ui.platform.AndroidComposeView.dispatchDraw:2282 android.view.View.draw:26758 android.view.View.updateDisplayListIfDirty:25577 android.view.ViewGroup.recreateChildDisplayList:4881 
09-24 11:50:59.783 21367 21383 I AdrenoVK-0: Shader compilation failed for shaderType: 0
09-24 11:50:59.783 21367 21383 I AdrenoVK-0: Pipeline create failed
09-24 11:51:02.619 21367 21367 I VRI[MainActivity]@cd187ff: call setFrameRateCategory for touch hint category=no preference, reason=boost timeout, vri=VRI[MainActivity]@cd187ff
09-24 11:51:04.621 21367 21367 I VRI[MainActivity]@cd187ff: ViewPostIme pointer 0
09-24 11:51:04.625 21367 21367 I VRI[MainActivity]@cd187ff: call setFrameRateCategory for touch hint category=high hint, reason=touch, vri=VRI[MainActivity]@cd187ff
09-24 11:51:04.669 21367 21367 I View    : setRequestedFrameRate frameRate=-4.0, this=android.view.View{91c3b3c V.ED..... ........ 0,0-0,0}, caller=androidx.compose.ui.platform.Api35Impl.setRequestedFrameRate:4047 androidx.compose.ui.platform.AndroidComposeView.dispatchDraw:2282 android.view.View.draw:26758 android.view.View.updateDisplayListIfDirty:25577 android.view.ViewGroup.recreateChildDisplayList:4881 
09-24 11:51:04.843 21367 21367 I VRI[MainActivity]@cd187ff: ViewPostIme pointer 1
09-24 11:51:04.957 21367 21367 I View    : setRequestedFrameRate frameRate=NaN, this=android.view.View{91c3b3c V.ED..... ........ 0,0-0,0}, caller=androidx.compose.ui.platform.Api35Impl.setRequestedFrameRate:4047 androidx.compose.ui.platform.AndroidComposeView.dispatchDraw:2282 android.view.View.draw:26758 android.view.View.updateDisplayListIfDirty:25577 android.view.ViewGroup.recreateChildDisplayList:4881 
09-24 11:51:05.829 21367 21367 I VRI[MainActivity]@cd187ff: ViewPostIme pointer 0
09-24 11:51:05.919 21367 21367 I View    : setRequestedFrameRate frameRate=-4.0, this=android.view.View{91c3b3c V.ED..... ........ 0,0-0,0}, caller=androidx.compose.ui.platform.Api35Impl.setRequestedFrameRate:4047 androidx.compose.ui.platform.AndroidComposeView.dispatchDraw:2282 android.view.View.draw:26758 android.view.View.updateDisplayListIfDirty:25577 android.view.ViewGroup.recreateChildDisplayList:4881 
09-24 11:51:06.076 21367 21367 I VRI[MainActivity]@cd187ff: ViewPostIme pointer 1
09-24 11:51:06.174 21367 21367 I View    : setRequestedFrameRate frameRate=NaN, this=android.view.View{91c3b3c V.ED..... ........ 0,0-0,0}, caller=androidx.compose.ui.platform.Api35Impl.setRequestedFrameRate:4047 androidx.compose.ui.platform.AndroidComposeView.dispatchDraw:2282 android.view.View.draw:26758 android.view.View.updateDisplayListIfDirty:25577 android.view.ViewGroup.recreateChildDisplayList:4881 
09-24 11:51:07.151 21367 21367 I VRI[MainActivity]@cd187ff: ViewPostIme pointer 0
09-24 11:51:07.208 21367 21367 I VRI[MainActivity]@cd187ff: ViewPostIme pointer 1
09-24 11:51:07.224 21367 21367 I View    : setRequestedFrameRate frameRate=-4.0, this=android.view.View{91c3b3c V.ED..... ........ 0,0-0,0}, caller=androidx.compose.ui.platform.Api35Impl.setRequestedFrameRate:4047 androidx.compose.ui.platform.AndroidComposeView.dispatchDraw:2282 android.view.View.draw:26758 android.view.View.updateDisplayListIfDirty:25577 android.view.ViewGroup.recreateChildDisplayList:4881 
09-24 11:51:07.230 21367 21451 D VoiceUploadComplete: ensureCurrent: init name=2026-09-24_18-50-40_voice_SM-S931U1_F757B79A4E33_7e405044-91a5-46e8-a5af-240a600f372a_Q17.wav size=152364 mtime=1790275867224
09-24 11:51:07.238 21367 21405 D WM-SystemJobScheduler: Scheduling work ID 42fde033-d164-4507-9688-58ad9323e30eJob ID 2
09-24 11:51:07.242 21367 21405 D WM-GreedyScheduler: Starting tracking for 42fde033-d164-4507-9688-58ad9323e30e
09-24 11:51:07.243 21367 21367 D WM-SystemJobService: onStartJob for WorkGenerationalId(workSpecId=42fde033-d164-4507-9688-58ad9323e30e, generation=0)
09-24 11:51:07.247 21367 21405 D WM-SystemJobScheduler: Scheduling work ID 10d7574b-11fa-4a06-b690-bca68019a1c9Job ID 3
09-24 11:51:07.249 21367 21367 D WM-SystemJobService: onStartJob for WorkGenerationalId(workSpecId=10d7574b-11fa-4a06-b690-bca68019a1c9, generation=0)
09-24 11:51:07.250 21367 21405 D WM-GreedyScheduler: Starting tracking for 42fde033-d164-4507-9688-58ad9323e30e,10d7574b-11fa-4a06-b690-bca68019a1c9
09-24 11:51:07.252 21367 21405 D WM-Processor: Processor: processing WorkGenerationalId(workSpecId=42fde033-d164-4507-9688-58ad9323e30e, generation=0)
09-24 11:51:07.252 21367 21405 D WM-Processor: Processor: processing WorkGenerationalId(workSpecId=10d7574b-11fa-4a06-b690-bca68019a1c9, generation=0)
09-24 11:51:07.255 21367 21367 D WM-WorkerWrapper: Starting work for com.negi.survey.net.GitHubUploadWorker
09-24 11:51:07.256 21367 21367 D WM-WorkerWrapper: Starting work for com.negi.survey.net.GitHubUploadWorker
09-24 11:51:07.257 21367 21405 D WM-WorkConstraintsTrack: NetworkRequestConstraintController register shared callback
09-24 11:51:07.257 21367 21405 D ConnectivityManager: StackLog: [android.net.ConnectivityManager.sendRequestForNetwork(ConnectivityManager.java:4744)] [android.net.ConnectivityManager.registerDefaultNetworkCallbackForUid(ConnectivityManager.java:5469)] [android.net.ConnectivityManager.registerDefaultNetworkCallback(ConnectivityManager.java:5436)] [android.net.ConnectivityManager.registerDefaultNetworkCallback(ConnectivityManager.java:5410)] [androidx.work.impl.constraints.SharedNetworkCallback.addCallback(WorkConstraintsTracker.kt:362)] [androidx.work.impl.constraints.NetworkRequestConstraintController$track$1.invokeSuspend(WorkConstraintsTracker.kt:179)] [androidx.work.impl.constraints.NetworkRequestConstraintController$track$1.invoke(WorkConstraintsTracker.kt:8)] [androidx.work.impl.constraints.NetworkRequestConstraintController$track$1.invoke(WorkConstraintsTracker.kt:4)] [kotlinx.coroutines.flow.ChannelFlowBuilder.collectTo$suspendImpl(Builders.kt:316)] [kotlinx.coroutines.flow.ChannelFlowBuilder.collectTo(Builders.kt:0)] [kotlinx.coroutines.flow.CallbackFlowBuilder.collectTo(Builders.kt:330)] [kotlinx.coroutines.flow.internal.ChannelFlow$collectToFun$1.invokeSuspend(ChannelFlow.kt:56)] [kotlin.coroutines.jvm.internal.BaseContinuationImpl.resumeWith(ContinuationImpl.kt:34)] [kotlinx.coroutines.DispatchedTask.run(DispatchedTask.kt:100)] [androidx.work.impl.utils.SerialExecutorImpl$Task.run(SerialExecutorImpl.java:96)] [java.util.concurrent.ThreadPoolExecutor.runWorker(ThreadPoolExecutor.java:1100)] [java.util.concurrent.ThreadPoolExecutor$Worker.run(ThreadPoolExecutor.java:624)] [java.lang.Thread.run(Thread.java:1572)]
09-24 11:51:07.258 21367 21431 D WM-WorkConstraintsTrack: NetworkRequestConstraintController onCapabilitiesChanged callback
09-24 11:51:07.258 21367 21431 D WM-WorkConstraintsTrack: Not dispatching constraint state yet: isBlocked=null, capabilitiesInitialized=true
09-24 11:51:07.258 21367 21431 D WM-WorkConstraintsTrack: NetworkRequestConstraintController onBlockedStatusChanged callback false
09-24 11:51:07.259 21367 21405 D WM-PackageManagerHelper: androidx.work.impl.background.systemalarm.RescheduleReceiver enabled
09-24 11:51:07.260 21367 21405 I WM-Processor: Moving WorkSpec (42fde033-d164-4507-9688-58ad9323e30e) to the foreground
09-24 11:51:07.263 21367 21367 I WM-SystemFgDispatcher: Started foreground service Intent { act=ACTION_START_FOREGROUND xflg=0x4 cmp=com.negi.survey/androidx.work.impl.foreground.SystemForegroundService (has extras) }
09-24 11:51:07.263 21367 21367 D WM-SystemFgDispatcher: Notifying with (id:8679, workSpecId: 42fde033-d164-4507-9688-58ad9323e30e, notificationType :1)
09-24 11:51:07.263 21367 21405 I WM-Processor: Moving WorkSpec (10d7574b-11fa-4a06-b690-bca68019a1c9) to the foreground
09-24 11:51:07.264 21367 21450 D GitHubUploader: uploadStream: owner=ishizuki-tech repo=SurveyExports branch=main path=2026-09-24/exports/2026-09-24_11-51-07_survey_SM-S931U1_F757B79A4E33_7e405044-91a5-46e8-a5af-240a600f372a.json size=3208 maxRawBytesHint=10485760 maxRequestBytesHint=16777216
09-24 11:51:07.270 21367 21367 D WM-SystemFgDispatcher: Notifying with (id:8679, workSpecId: 42fde033-d164-4507-9688-58ad9323e30e, notificationType :1)
09-24 11:51:07.270 21367 21411 D GitHubUploader: uploadStream: owner=ishizuki-tech repo=SurveyExports branch=main path=2026-09-24/voice/2026-09-24_18-50-40_voice_SM-S931U1_F757B79A4E33_7e405044-91a5-46e8-a5af-240a600f372a_Q17.wav size=152364 maxRawBytesHint=10485760 maxRequestBytesHint=16777216
09-24 11:51:07.270 21367 21367 I NotificationManager: com.negi.survey: notify(8679, null, Notification(channel=uploads shortcut=null contentView=null vibrate=null sound=null defaults=0 flags=ONGOING_EVENT|ONLY_ALERT_ONCE color=0x00000000 category=progress vis=PRIVATE semFlags=0x0 semPriority=0 semMissedCount=0 semScenarioType=0)) as user
09-24 11:51:07.271 21367 21405 D WM-WorkProgressUpdater: Updating progress for 42fde033-d164-4507-9688-58ad9323e30e (Data {pct : 0, mode : file})
09-24 11:51:07.272 21367 21405 I WM-Processor: Moving WorkSpec (42fde033-d164-4507-9688-58ad9323e30e) to the foreground
09-24 11:51:07.273 21367 21405 D WM-WorkProgressUpdater: Updating progress for 10d7574b-11fa-4a06-b690-bca68019a1c9 (Data {pct : 0, mode : file})
09-24 11:51:07.273 21367 21367 I View    : setRequestedFrameRate frameRate=NaN, this=android.view.View{91c3b3c V.ED..... ........ 0,0-0,0}, caller=androidx.compose.ui.platform.Api35Impl.setRequestedFrameRate:4047 androidx.compose.ui.platform.AndroidComposeView.dispatchDraw:2282 android.view.View.draw:26758 android.view.View.updateDisplayListIfDirty:25577 android.view.ViewGroup.recreateChildDisplayList:4881 
09-24 11:51:07.273 21367 21367 I WM-SystemFgDispatcher: Started foreground service Intent { act=ACTION_START_FOREGROUND xflg=0x4 cmp=com.negi.survey/androidx.work.impl.foreground.SystemForegroundService (has extras) }
09-24 11:51:07.273 21367 21367 D WM-SystemFgDispatcher: Notifying with (id:4711, workSpecId: 10d7574b-11fa-4a06-b690-bca68019a1c9, notificationType :1)
09-24 11:51:07.273 21367 21367 I NotificationManager: com.negi.survey: notify(4711, null, Notification(channel=uploads shortcut=null contentView=null vibrate=null sound=null defaults=0 flags=ONGOING_EVENT|ONLY_ALERT_ONCE color=0x00000000 category=progress vis=PRIVATE semFlags=0x0 semPriority=0 semMissedCount=0 semScenarioType=0)) as user
09-24 11:51:07.274 21367 21405 I WM-Processor: Moving WorkSpec (10d7574b-11fa-4a06-b690-bca68019a1c9) to the foreground
09-24 11:51:07.275 21367 21405 D WM-GreedyScheduler: Constraints met: Scheduling work ID WorkGenerationalId(workSpecId=42fde033-d164-4507-9688-58ad9323e30e, generation=0)
09-24 11:51:07.275 21367 21405 D WM-GreedyScheduler: Constraints met: Scheduling work ID WorkGenerationalId(workSpecId=10d7574b-11fa-4a06-b690-bca68019a1c9, generation=0)
09-24 11:51:07.275 21367 21405 D WM-Processor: Work WorkGenerationalId(workSpecId=42fde033-d164-4507-9688-58ad9323e30e, generation=0) is already enqueued for processing
09-24 11:51:07.276 21367 21367 D WM-SystemFgDispatcher: Notifying with (id:4711, workSpecId: 10d7574b-11fa-4a06-b690-bca68019a1c9, notificationType :1)
09-24 11:51:07.276 21367 21367 I NotificationManager: com.negi.survey: notify(4711, null, Notification(channel=uploads shortcut=null contentView=null vibrate=null sound=null defaults=0 flags=ONGOING_EVENT|ONLY_ALERT_ONCE color=0x00000000 category=progress vis=PRIVATE semFlags=0x0 semPriority=0 semMissedCount=0 semScenarioType=0)) as user
09-24 11:51:07.276 21367 21405 D WM-Processor: Work WorkGenerationalId(workSpecId=10d7574b-11fa-4a06-b690-bca68019a1c9, generation=0) is already enqueued for processing
09-24 11:51:07.276 21367 21405 D WM-WorkConstraintsTrack: NetworkRequestConstraintController send initial capabilities
09-24 11:51:07.276 21367 21405 D WM-WorkConstraintsTrack: NetworkRequestConstraintController send initial capabilities
09-24 11:51:07.277 21367 21367 D WM-SystemFgDispatcher: Notifying with (id:8679, workSpecId: 42fde033-d164-4507-9688-58ad9323e30e, notificationType :1)
09-24 11:51:07.277 21367 21367 I NotificationManager: com.negi.survey: notify(8679, null, Notification(channel=uploads shortcut=null contentView=null vibrate=null sound=null defaults=0 flags=ONGOING_EVENT|ONLY_ALERT_ONCE color=0x00000000 category=progress vis=PRIVATE semFlags=0x0 semPriority=0 semMissedCount=0 semScenarioType=0)) as user
09-24 11:51:07.277 21367 21367 D WM-SystemFgDispatcher: Notifying with (id:4711, workSpecId: 10d7574b-11fa-4a06-b690-bca68019a1c9, notificationType :1)
09-24 11:51:07.277 21367 21367 I NotificationManager: com.negi.survey: notify(4711, null, Notification(channel=uploads shortcut=null contentView=null vibrate=null sound=null defaults=0 flags=ONGOING_EVENT|ONLY_ALERT_ONCE color=0x00000000 category=progress vis=PRIVATE semFlags=0x0 semPriority=0 semMissedCount=0 semScenarioType=0)) as user
09-24 11:51:07.330 21367 21451 D SurveyArtifactUpload: Captured logcat snapshot: /data/user/0/com.negi.survey/files/pending_uploads/logcat_2026-09-24_11-51-07_pid21367_7e405044.log.gz (2920 bytes gz)
09-24 11:51:07.335 21367 21403 D WM-SystemJobScheduler: Scheduling work ID bc55e360-2533-4fa7-88f9-209c79881235Job ID 4
09-24 11:51:07.337 21367 21367 D WM-SystemJobService: onStartJob for WorkGenerationalId(workSpecId=bc55e360-2533-4fa7-88f9-209c79881235, generation=0)
09-24 11:51:07.337 21367 21403 D WM-GreedyScheduler: Starting tracking for bc55e360-2533-4fa7-88f9-209c79881235
09-24 11:51:07.338 21367 21403 D WM-Processor: Processor: processing WorkGenerationalId(workSpecId=bc55e360-2533-4fa7-88f9-209c79881235, generation=0)
09-24 11:51:07.340 21367 21403 D WM-WorkConstraintsTrack: NetworkRequestConstraintController send initial capabilities
09-24 11:51:07.341 21367 21403 D WM-GreedyScheduler: Constraints met: Scheduling work ID WorkGenerationalId(workSpecId=bc55e360-2533-4fa7-88f9-209c79881235, generation=0)
09-24 11:51:07.341 21367 21403 D WM-Processor: Work WorkGenerationalId(workSpecId=bc55e360-2533-4fa7-88f9-209c79881235, generation=0) is already enqueued for processing
09-24 11:51:07.342 21367 21367 I View    : setRequestedFrameRate frameRate=-4.0, this=android.view.View{91c3b3c V.ED..... ........ 0,0-0,0}, caller=androidx.compose.ui.platform.Api35Impl.setRequestedFrameRate:4047 androidx.compose.ui.platform.AndroidComposeView.dispatchDraw:2282 android.view.View.draw:26758 android.view.View.updateDisplayListIfDirty:25577 android.view.ViewGroup.recreateChildDisplayList:4881 
09-24 11:51:07.343 21367 21367 D WM-WorkerWrapper: Starting work for com.negi.survey.net.GitHubUploadWorker
09-24 11:51:07.344 21367 21405 I WM-Processor: Moving WorkSpec (bc55e360-2533-4fa7-88f9-209c79881235) to the foreground
09-24 11:51:07.344 21367 21367 I WM-SystemFgDispatcher: Started foreground service Intent { act=ACTION_START_FOREGROUND xflg=0x4 cmp=com.negi.survey/androidx.work.impl.foreground.SystemForegroundService (has extras) }
09-24 11:51:07.344 21367 21367 D WM-SystemFgDispatcher: Notifying with (id:7396, workSpecId: bc55e360-2533-4fa7-88f9-209c79881235, notificationType :1)
09-24 11:51:07.344 21367 21367 I NotificationManager: com.negi.survey: notify(7396, null, Notification(channel=uploads shortcut=null contentView=null vibrate=null sound=null defaults=0 flags=ONGOING_EVENT|ONLY_ALERT_ONCE color=0x00000000 category=progress vis=PRIVATE semFlags=0x0 semPriority=0 semMissedCount=0 semScenarioType=0)) as user
09-24 11:51:07.345 21367 21405 D WM-WorkConstraintsTrack: NetworkRequestConstraintController send initial capabilities
09-24 11:51:07.345 21367 21396 D GitHubUploader: uploadStream: owner=ishizuki-tech repo=SurveyExports branch=main path=2026-09-24/diagnostics/logcat/logcat_2026-09-24_11-51-07_pid21367_7e405044.log.gz size=2920 maxRawBytesHint=10485760 maxRequestBytesHint=16777216
09-24 11:51:07.345 21367 21399 D WM-WorkProgressUpdater: Updating progress for bc55e360-2533-4fa7-88f9-209c79881235 (Data {pct : 0, mode : file})
09-24 11:51:07.346 21367 21367 D WM-SystemFgDispatcher: Notifying with (id:7396, workSpecId: bc55e360-2533-4fa7-88f9-209c79881235, notificationType :1)
09-24 11:51:07.346 21367 21367 I NotificationManager: com.negi.survey: notify(7396, null, Notification(channel=uploads shortcut=null contentView=null vibrate=null sound=null defaults=0 flags=ONGOING_EVENT|ONLY_ALERT_ONCE color=0x00000000 category=progress vis=PRIVATE semFlags=0x0 semPriority=0 semMissedCount=0 semScenarioType=0)) as user
09-24 11:51:07.347 21367 21399 I WM-Processor: Moving WorkSpec (bc55e360-2533-4fa7-88f9-209c79881235) to the foreground
09-24 11:51:07.348 21367 21367 D WM-SystemFgDispatcher: Notifying with (id:7396, workSpecId: bc55e360-2533-4fa7-88f9-209c79881235, notificationType :1)
09-24 11:51:07.349 21367 21367 I NotificationManager: com.negi.survey: notify(7396, null, Notification(channel=uploads shortcut=null contentView=null vibrate=null sound=null defaults=0 flags=ONGOING_EVENT|ONLY_ALERT_ONCE color=0x00000000 category=progress vis=PRIVATE semFlags=0x0 semPriority=0 semMissedCount=0 semScenarioType=0)) as user
09-24 11:51:07.350 21367 21367 D WhisperSpeechController: updateContext: surveyId=7e405044-91a5-46e8-a5af-240a600f372a, questionId=Done
09-24 11:51:07.372 21367 21367 I View    : setRequestedFrameRate frameRate=NaN, this=android.view.View{91c3b3c V.ED..... ........ 0,0-0,0}, caller=androidx.compose.ui.platform.Api35Impl.setRequestedFrameRate:4047 androidx.compose.ui.platform.AndroidComposeView.dispatchDraw:2282 android.view.View.draw:26758 android.view.View.updateDisplayListIfDirty:25577 android.view.ViewGroup.recreateChildDisplayList:4881 
09-24 11:51:07.382 21367 21383 I AdrenoVK-0: Shader compilation failed for shaderType: 0
09-24 11:51:07.382 21367 21383 I AdrenoVK-0: Pipeline create failed
09-24 11:51:07.528 21367 21404 D WM-WorkProgressUpdater: Updating progress for 10d7574b-11fa-4a06-b690-bca68019a1c9 (Data {pct : 10, mode : file})
09-24 11:51:07.534 21367 21404 I WM-Processor: Moving WorkSpec (10d7574b-11fa-4a06-b690-bca68019a1c9) to the foreground
09-24 11:51:07.537 21367 21404 D WM-WorkProgressUpdater: Updating progress for 10d7574b-11fa-4a06-b690-bca68019a1c9 (Data {pct : 14, mode : file})
09-24 11:51:07.537 21367 21367 D WM-SystemFgDispatcher: Notifying with (id:4711, workSpecId: 10d7574b-11fa-4a06-b690-bca68019a1c9, notificationType :1)
09-24 11:51:07.537 21367 21367 I NotificationManager: com.negi.survey: notify(4711, null, Notification(channel=uploads shortcut=null contentView=null vibrate=null sound=null defaults=0 flags=ONGOING_EVENT|ONLY_ALERT_ONCE color=0x00000000 category=progress vis=PRIVATE semFlags=0x0 semPriority=0 semMissedCount=0 semScenarioType=0)) as user
09-24 11:51:07.541 21367 21404 I WM-Processor: Moving WorkSpec (10d7574b-11fa-4a06-b690-bca68019a1c9) to the foreground
09-24 11:51:07.542 21367 21404 D WM-WorkProgressUpdater: Updating progress for 10d7574b-11fa-4a06-b690-bca68019a1c9 (Data {pct : 18, mode : file})
09-24 11:51:07.542 21367 21367 D WM-SystemFgDispatcher: Notifying with (id:4711, workSpecId: 10d7574b-11fa-4a06-b690-bca68019a1c9, notificationType :1)
09-24 11:51:07.542 21367 21367 I NotificationManager: com.negi.survey: notify(4711, null, Notification(channel=uploads shortcut=null contentView=null vibrate=null sound=null defaults=0 flags=ONGOING_EVENT|ONLY_ALERT_ONCE color=0x00000000 category=progress vis=PRIVATE semFlags=0x0 semPriority=0 semMissedCount=0 semScenarioType=0)) as user
09-24 11:51:07.544 21367 21404 I WM-Processor: Moving WorkSpec (10d7574b-11fa-4a06-b690-bca68019a1c9) to the foreground
09-24 11:51:07.544 21367 21404 D WM-WorkProgressUpdater: Updating progress for 10d7574b-11fa-4a06-b690-bca68019a1c9 (Data {pct : 22, mode : file})
09-24 11:51:07.545 21367 21367 D WM-SystemFgDispatcher: Notifying with (id:4711, workSpecId: 10d7574b-11fa-4a06-b690-bca68019a1c9, notificationType :1)
09-24 11:51:07.545 21367 21367 I NotificationManager: com.negi.survey: notify(4711, null, Notification(channel=uploads shortcut=null contentView=null vibrate=null sound=null defaults=0 flags=ONGOING_EVENT|ONLY_ALERT_ONCE color=0x00000000 category=progress vis=PRIVATE semFlags=0x0 semPriority=0 semMissedCount=0 semScenarioType=0)) as user
09-24 11:51:07.547 21367 21404 I WM-Processor: Moving WorkSpec (10d7574b-11fa-4a06-b690-bca68019a1c9) to the foreground
09-24 11:51:07.548 21367 21367 D WM-SystemFgDispatcher: Notifying with (id:4711, workSpecId: 10d7574b-11fa-4a06-b690-bca68019a1c9, notificationType :1)
09-24 11:51:07.548 21367 21367 I NotificationManager: com.negi.survey: notify(4711, null, Notification(channel=uploads shortcut=null contentView=null vibrate=null sound=null defaults=0 flags=ONGOING_EVENT|ONLY_ALERT_ONCE color=0x00000000 category=progress vis=PRIVATE semFlags=0x0 semPriority=0 semMissedCount=0 semScenarioType=0)) as user
09-24 11:51:07.548 21367 21404 D WM-WorkProgressUpdater: Updating progress for 10d7574b-11fa-4a06-b690-bca68019a1c9 (Data {pct : 27, mode : file})
09-24 11:51:07.550 21367 21404 I WM-Processor: Moving WorkSpec (10d7574b-11fa-4a06-b690-bca68019a1c9) to the foreground
09-24 11:51:07.550 21367 21404 D WM-WorkProgressUpdater: Updating progress for 10d7574b-11fa-4a06-b690-bca68019a1c9 (Data {pct : 31, mode : file})
09-24 11:51:07.550 21367 21367 D WM-SystemFgDispatcher: Notifying with (id:4711, workSpecId: 10d7574b-11fa-4a06-b690-bca68019a1c9, notificationType :1)
09-24 11:51:07.551 21367 21367 I NotificationManager: com.negi.survey: notify(4711, null, Notification(channel=uploads shortcut=null contentView=null vibrate=null sound=null defaults=0 flags=ONGOING_EVENT|ONLY_ALERT_ONCE color=0x00000000 category=progress vis=PRIVATE semFlags=0x0 semPriority=0 semMissedCount=0 semScenarioType=0)) as user
09-24 11:51:07.552 21367 21404 I WM-Processor: Moving WorkSpec (10d7574b-11fa-4a06-b690-bca68019a1c9) to the foreground
09-24 11:51:07.552 21367 21404 D WM-WorkProgressUpdater: Updating progress for 10d7574b-11fa-4a06-b690-bca68019a1c9 (Data {pct : 35, mode : file})
09-24 11:51:07.552 21367 21367 D WM-SystemFgDispatcher: Notifying with (id:4711, workSpecId: 10d7574b-11fa-4a06-b690-bca68019a1c9, notificationType :1)
09-24 11:51:07.553 21367 21367 I NotificationManager: com.negi.survey: notify(4711, null, Notification(channel=uploads shortcut=null contentView=null vibrate=null sound=null defaults=0 flags=ONGOING_EVENT|ONLY_ALERT_ONCE color=0x00000000 category=progress vis=PRIVATE semFlags=0x0 semPriority=0 semMissedCount=0 semScenarioType=0)) as user
09-24 11:51:07.554 21367 21404 I WM-Processor: Moving WorkSpec (10d7574b-11fa-4a06-b690-bca68019a1c9) to the foreground
09-24 11:51:07.555 21367 21404 D WM-WorkProgressUpdater: Updating progress for 10d7574b-11fa-4a06-b690-bca68019a1c9 (Data {pct : 40, mode : file})
09-24 11:51:07.555 21367 21367 D WM-SystemFgDispatcher: Notifying with (id:4711, workSpecId: 10d7574b-11fa-4a06-b690-bca68019a1c9, notificationType :1)
09-24 11:51:07.555 21367 21367 I NotificationManager: com.negi.survey: notify(4711, null, Notification(channel=uploads shortcut=null contentView=null vibrate=null sound=null defaults=0 flags=ONGOING_EVENT|ONLY_ALERT_ONCE color=0x00000000 category=progress vis=PRIVATE semFlags=0x0 semPriority=0 semMissedCount=0 semScenarioType=0)) as user
09-24 11:51:07.557 21367 21404 I WM-Processor: Moving WorkSpec (10d7574b-11fa-4a06-b690-bca68019a1c9) to the foreground
09-24 11:51:07.557 21367 21404 D WM-WorkProgressUpdater: Updating progress for 10d7574b-11fa-4a06-b690-bca68019a1c9 (Data {pct : 44, mode : file})
09-24 11:51:07.557 21367 21367 D WM-SystemFgDispatcher: Notifying with (id:4711, workSpecId: 10d7574b-11fa-4a06-b690-bca68019a1c9, notificationType :1)
09-24 11:51:07.557 21367 21367 I NotificationManager: com.negi.survey: notify(4711, null, Notification(channel=uploads shortcut=null contentView=null vibrate=null sound=null defaults=0 flags=ONGOING_EVENT|ONLY_ALERT_ONCE color=0x00000000 category=progress vis=PRIVATE semFlags=0x0 semPriority=0 semMissedCount=0 semScenarioType=0)) as user
09-24 11:51:07.558 21367 21404 I WM-Processor: Moving WorkSpec (10d7574b-11fa-4a06-b690-bca68019a1c9) to the foreground
09-24 11:51:07.559 21367 21404 D WM-WorkProgressUpdater: Updating progress for 10d7574b-11fa-4a06-b690-bca68019a1c9 (Data {pct : 48, mode : file})
09-24 11:51:07.559 21367 21367 D WM-SystemFgDispatcher: Notifying with (id:4711, workSpecId: 10d7574b-11fa-4a06-b690-bca68019a1c9, notificationType :1)
09-24 11:51:07.559 21367 21367 I NotificationManager: com.negi.survey: notify(4711, null, Notification(channel=uploads shortcut=null contentView=null vibrate=null sound=null defaults=0 flags=ONGOING_EVENT|ONLY_ALERT_ONCE color=0x00000000 category=progress vis=PRIVATE semFlags=0x0 semPriority=0 semMissedCount=0 semScenarioType=0)) as user
09-24 11:51:07.559 21367 21404 I WM-Processor: Moving WorkSpec (10d7574b-11fa-4a06-b690-bca68019a1c9) to the foreground
09-24 11:51:07.560 21367 21367 D WM-SystemFgDispatcher: Notifying with (id:4711, workSpecId: 10d7574b-11fa-4a06-b690-bca68019a1c9, notificationType :1)
09-24 11:51:07.560 21367 21404 D WM-WorkProgressUpdater: Updating progress for 10d7574b-11fa-4a06-b690-bca68019a1c9 (Data {pct : 53, mode : file})
09-24 11:51:07.560 21367 21367 I NotificationManager: com.negi.survey: notify(4711, null, Notification(channel=uploads shortcut=null contentView=null vibrate=null sound=null defaults=0 flags=ONGOING_EVENT|ONLY_ALERT_ONCE color=0x00000000 category=progress vis=PRIVATE semFlags=0x0 semPriority=0 semMissedCount=0 semScenarioType=0)) as user
09-24 11:51:07.561 21367 21404 I WM-Processor: Moving WorkSpec (10d7574b-11fa-4a06-b690-bca68019a1c9) to the foreground
09-24 11:51:07.562 21367 21404 D WM-WorkProgressUpdater: Updating progress for 10d7574b-11fa-4a06-b690-bca68019a1c9 (Data {pct : 57, mode : file})
09-24 11:51:07.562 21367 21367 D WM-SystemFgDispatcher: Notifying with (id:4711, workSpecId: 10d7574b-11fa-4a06-b690-bca68019a1c9, notificationType :1)
09-24 11:51:07.562 21367 21367 I NotificationManager: com.negi.survey: notify(4711, null, Notification(channel=uploads shortcut=null contentView=null vibrate=null sound=null defaults=0 flags=ONGOING_EVENT|ONLY_ALERT_ONCE color=0x00000000 category=progress vis=PRIVATE semFlags=0x0 semPriority=0 semMissedCount=0 semScenarioType=0)) as user
09-24 11:51:07.563 21367 21404 I WM-Processor: Moving WorkSpec (10d7574b-11fa-4a06-b690-bca68019a1c9) to the foreground
09-24 11:51:07.563 21367 21404 D WM-WorkProgressUpdater: Updating progress for 10d7574b-11fa-4a06-b690-bca68019a1c9 (Data {pct : 61, mode : file})
09-24 11:51:07.563 21367 21367 D WM-SystemFgDispatcher: Notifying with (id:4711, workSpecId: 10d7574b-11fa-4a06-b690-bca68019a1c9, notificationType :1)
09-24 11:51:07.563 21367 21367 I NotificationManager: com.negi.survey: notify(4711, null, Notification(channel=uploads shortcut=null contentView=null vibrate=null sound=null defaults=0 flags=ONGOING_EVENT|ONLY_ALERT_ONCE color=0x00000000 category=progress vis=PRIVATE semFlags=0x0 semPriority=0 semMissedCount=0 semScenarioType=0)) as user
09-24 11:51:07.564 21367 21404 I WM-Processor: Moving WorkSpec (10d7574b-11fa-4a06-b690-bca68019a1c9) to the foreground
09-24 11:51:07.565 21367 21404 D WM-WorkProgressUpdater: Updating progress for 10d7574b-11fa-4a06-b690-bca68019a1c9 (Data {pct : 65, mode : file})
09-24 11:51:07.565 21367 21367 D WM-SystemFgDispatcher: Notifying with (id:4711, workSpecId: 10d7574b-11fa-4a06-b690-bca68019a1c9, notificationType :1)
09-24 11:51:07.565 21367 21367 W NotificationManager: Shedding notify (update) of NotificationKey[user=UserHandle{0}, pkg=com.negi.survey, tag=null, id=4711], rate limit (5.0) exceeded: input 9.819239, output would be 6.883606
09-24 11:51:07.566 21367 21404 I WM-Processor: Moving WorkSpec (10d7574b-11fa-4a06-b690-bca68019a1c9) to the foreground
09-24 11:51:07.566 21367 21404 D WM-WorkProgressUpdater: Updating progress for 10d7574b-11fa-4a06-b690-bca68019a1c9 (Data {pct : 70, mode : file})
09-24 11:51:07.566 21367 21367 D WM-SystemFgDispatcher: Notifying with (id:4711, workSpecId: 10d7574b-11fa-4a06-b690-bca68019a1c9, notificationType :1)
09-24 11:51:07.567 21367 21404 I WM-Processor: Moving WorkSpec (10d7574b-11fa-4a06-b690-bca68019a1c9) to the foreground
09-24 11:51:07.568 21367 21367 D WM-SystemFgDispatcher: Notifying with (id:4711, workSpecId: 10d7574b-11fa-4a06-b690-bca68019a1c9, notificationType :1)
09-24 11:51:07.568 21367 21404 D WM-WorkProgressUpdater: Updating progress for 10d7574b-11fa-4a06-b690-bca68019a1c9 (Data {pct : 74, mode : file})
09-24 11:51:07.568 21367 21404 I WM-Processor: Moving WorkSpec (10d7574b-11fa-4a06-b690-bca68019a1c9) to the foreground
09-24 11:51:07.568 21367 21404 D WM-WorkProgressUpdater: Updating progress for 10d7574b-11fa-4a06-b690-bca68019a1c9 (Data {pct : 78, mode : file})
09-24 11:51:07.568 21367 21367 D WM-SystemFgDispatcher: Notifying with (id:4711, workSpecId: 10d7574b-11fa-4a06-b690-bca68019a1c9, notificationType :1)
09-24 11:51:07.569 21367 21404 I WM-Processor: Moving WorkSpec (10d7574b-11fa-4a06-b690-bca68019a1c9) to the foreground
09-24 11:51:07.569 21367 21404 D WM-WorkProgressUpdater: Updating progress for 10d7574b-11fa-4a06-b690-bca68019a1c9 (Data {pct : 83, mode : file})
09-24 11:51:07.569 21367 21367 D WM-SystemFgDispatcher: Notifying with (id:4711, workSpecId: 10d7574b-11fa-4a06-b690-bca68019a1c9, notificationType :1)
09-24 11:51:07.571 21367 21404 I WM-Processor: Moving WorkSpec (10d7574b-11fa-4a06-b690-bca68019a1c9) to the foreground
09-24 11:51:07.571 21367 21404 D WM-WorkProgressUpdater: Updating progress for 10d7574b-11fa-4a06-b690-bca68019a1c9 (Data {pct : 87, mode : file})
09-24 11:51:07.571 21367 21367 D WM-SystemFgDispatcher: Notifying with (id:4711, workSpecId: 10d7574b-11fa-4a06-b690-bca68019a1c9, notificationType :1)
09-24 11:51:07.573 21367 21404 I WM-Processor: Moving WorkSpec (10d7574b-11fa-4a06-b690-bca68019a1c9) to the foreground
09-24 11:51:07.573 21367 21404 D WM-WorkProgressUpdater: Updating progress for 10d7574b-11fa-4a06-b690-bca68019a1c9 (Data {pct : 90, mode : file})
09-24 11:51:07.573 21367 21367 D WM-SystemFgDispatcher: Notifying with (id:4711, workSpecId: 10d7574b-11fa-4a06-b690-bca68019a1c9, notificationType :1)
09-24 11:51:07.574 21367 21404 I WM-Processor: Moving WorkSpec (10d7574b-11fa-4a06-b690-bca68019a1c9) to the foreground
09-24 11:51:07.574 21367 21367 D WM-SystemFgDispatcher: Notifying with (id:4711, workSpecId: 10d7574b-11fa-4a06-b690-bca68019a1c9, notificationType :1)
09-24 11:51:07.586 21367 21403 D WM-WorkProgressUpdater: Updating progress for bc55e360-2533-4fa7-88f9-209c79881235 (Data {pct : 10, mode : file})
09-24 11:51:07.587 21367 21403 I WM-Processor: Moving WorkSpec (bc55e360-2533-4fa7-88f9-209c79881235) to the foreground
09-24 11:51:07.587 21367 21367 D WM-SystemFgDispatcher: Notifying with (id:7396, workSpecId: bc55e360-2533-4fa7-88f9-209c79881235, notificationType :1)
09-24 11:51:07.588 21367 21403 D WM-WorkProgressUpdater: Updating progress for bc55e360-2533-4fa7-88f9-209c79881235 (Data {pct : 90, mode : file})
09-24 11:51:07.588 21367 21403 I WM-Processor: Moving WorkSpec (bc55e360-2533-4fa7-88f9-209c79881235) to the foreground
09-24 11:51:07.589 21367 21367 D WM-SystemFgDispatcher: Notifying with (id:7396, workSpecId: bc55e360-2533-4fa7-88f9-209c79881235, notificationType :1)
09-24 11:51:08.626 21367 21405 D WM-WorkProgressUpdater: Updating progress for bc55e360-2533-4fa7-88f9-209c79881235 (Data {pct : 95, mode : file})
09-24 11:51:08.627 21367 21396 D GitHubUploader: uploadStream: done url=https://github.com/ishizuki-tech/SurveyExports/blob/main/2026-09-24/diagnostics/logcat/logcat_2026-09-24_11-51-07_pid21367_7e405044.log.gz sha=9a0388f4e36f134d7b3d0c1d8a9f1f672d4eb3a6
09-24 11:51:08.630 21367 21405 D WM-WorkProgressUpdater: Updating progress for 42fde033-d164-4507-9688-58ad9323e30e (Data {pct : 10, mode : file})
09-24 11:51:08.633 21367 21405 I WM-Processor: Moving WorkSpec (42fde033-d164-4507-9688-58ad9323e30e) to the foreground
09-24 11:51:08.636 21367 21367 D WM-SystemFgDispatcher: Notifying with (id:8679, workSpecId: 42fde033-d164-4507-9688-58ad9323e30e, notificationType :1)
09-24 11:51:08.636 21367 21405 I WM-Processor: Moving WorkSpec (bc55e360-2533-4fa7-88f9-209c79881235) to the foreground
09-24 11:51:08.636 21367 21367 I NotificationManager: com.negi.survey: notify(8679, null, Notification(channel=uploads shortcut=null contentView=null vibrate=null sound=null defaults=0 flags=ONGOING_EVENT|ONLY_ALERT_ONCE color=0x00000000 category=progress vis=PRIVATE semFlags=0x0 semPriority=0 semMissedCount=0 semScenarioType=0)) as user
09-24 11:51:08.638 21367 21405 I WM-Processor: Moving WorkSpec (bc55e360-2533-4fa7-88f9-209c79881235) to the foreground
09-24 11:51:08.640 21367 21367 D WM-SystemFgDispatcher: Notifying with (id:7396, workSpecId: bc55e360-2533-4fa7-88f9-209c79881235, notificationType :1)
09-24 11:51:08.640 21367 21367 I NotificationManager: com.negi.survey: notify(7396, null, Notification(channel=uploads shortcut=null contentView=null vibrate=null sound=null defaults=0 flags=ONGOING_EVENT|ONLY_ALERT_ONCE color=0x00000000 category=progress vis=PRIVATE semFlags=0x0 semPriority=0 semMissedCount=0 semScenarioType=0)) as user
09-24 11:51:08.644 21367 21405 I WM-WorkerWrapper: Worker result SUCCESS for Work [ id=bc55e360-2533-4fa7-88f9-209c79881235, tags={ com.negi.survey.net.GitHubUploadWorker,github_upload,github_upload:file:diagnostics_logcat_logcat_2026-09-24_11-51-07_pid21367_7e405044.log.gz } ]
09-24 11:51:08.644 21367 21367 D WM-SystemFgDispatcher: Notifying with (id:7396, workSpecId: bc55e360-2533-4fa7-88f9-209c79881235, notificationType :1)
09-24 11:51:08.644 21367 21367 I NotificationManager: com.negi.survey: notify(7396, null, Notification(channel=uploads shortcut=null contentView=null vibrate=null sound=null defaults=0 flags=ONLY_ALERT_ONCE color=0x00000000 category=progress vis=PRIVATE semFlags=0x0 semPriority=0 semMissedCount=0 semScenarioType=0)) as user
09-24 11:51:08.645 21367 21405 D WM-WorkProgressUpdater: Updating progress for 42fde033-d164-4507-9688-58ad9323e30e (Data {pct : 90, mode : file})
09-24 11:51:08.646 21367 21367 D WM-Processor: Processor bc55e360-2533-4fa7-88f9-209c79881235 executed; reschedule = false
09-24 11:51:08.646 21367 21367 D WM-GreedyScheduler: Stopping tracking for WorkGenerationalId(workSpecId=bc55e360-2533-4fa7-88f9-209c79881235, generation=0)
09-24 11:51:08.646 21367 21367 D WM-SystemJobService: bc55e360-2533-4fa7-88f9-209c79881235 executed on JobScheduler
09-24 11:51:08.646 21367 21367 D WM-SystemFgDispatcher: Removing Notification (id: 7396, workSpecId: WorkGenerationalId(workSpecId=bc55e360-2533-4fa7-88f9-209c79881235, generation=0), notificationType: 1
09-24 11:51:08.647 21367 21405 I WM-Processor: Moving WorkSpec (42fde033-d164-4507-9688-58ad9323e30e) to the foreground
09-24 11:51:08.648 21367 21367 D WM-SystemFgDispatcher: Notifying with (id:8679, workSpecId: 42fde033-d164-4507-9688-58ad9323e30e, notificationType :1)
09-24 11:51:08.648 21367 21367 I NotificationManager: com.negi.survey: notify(8679, null, Notification(channel=uploads shortcut=null contentView=null vibrate=null sound=null defaults=0 flags=ONGOING_EVENT|ONLY_ALERT_ONCE color=0x00000000 category=progress vis=PRIVATE semFlags=0x0 semPriority=0 semMissedCount=0 semScenarioType=0)) as user
09-24 11:51:08.648 21367 21405 D WM-GreedyScheduler: Cancelling work ID bc55e360-2533-4fa7-88f9-209c79881235
09-24 11:51:09.675 21367 21450 D GitHubUploader: uploadStream: done url=https://github.com/ishizuki-tech/SurveyExports/blob/main/2026-09-24/exports/2026-09-24_11-51-07_survey_SM-S931U1_F757B79A4E33_7e405044-91a5-46e8-a5af-240a600f372a.json sha=0976f0f8c32ac6a1edd075e72e877a23cd2ce109
09-24 11:51:09.675 21367 21404 D WM-WorkProgressUpdater: Updating progress for 42fde033-d164-4507-9688-58ad9323e30e (Data {pct : 95, mode : file})
09-24 11:51:09.677 21367 21404 I WM-Processor: Moving WorkSpec (42fde033-d164-4507-9688-58ad9323e30e) to the foreground
09-24 11:51:09.678 21367 21367 D WM-SystemFgDispatcher: Notifying with (id:8679, workSpecId: 42fde033-d164-4507-9688-58ad9323e30e, notificationType :1)
09-24 11:51:09.678 21367 21367 I NotificationManager: com.negi.survey: notify(8679, null, Notification(channel=uploads shortcut=null contentView=null vibrate=null sound=null defaults=0 flags=ONGOING_EVENT|ONLY_ALERT_ONCE color=0x00000000 category=progress vis=PRIVATE semFlags=0x0 semPriority=0 semMissedCount=0 semScenarioType=0)) as user
09-24 11:51:09.679 21367 21404 I WM-Processor: Moving WorkSpec (42fde033-d164-4507-9688-58ad9323e30e) to the foreground
09-24 11:51:09.679 21367 21367 D WM-SystemFgDispatcher: Notifying with (id:8679, workSpecId: 42fde033-d164-4507-9688-58ad9323e30e, notificationType :1)
09-24 11:51:09.680 21367 21367 I NotificationManager: com.negi.survey: notify(8679, null, Notification(channel=uploads shortcut=null contentView=null vibrate=null sound=null defaults=0 flags=ONLY_ALERT_ONCE color=0x00000000 category=progress vis=PRIVATE semFlags=0x0 semPriority=0 semMissedCount=0 semScenarioType=0)) as user
09-24 11:51:09.680 21367 21403 I WM-WorkerWrapper: Worker result SUCCESS for Work [ id=42fde033-d164-4507-9688-58ad9323e30e, tags={ com.negi.survey.net.GitHubUploadWorker,github_upload,github_upload:file:exports_2026-09-24_11-51-07_survey_SM-S931U1_F757B79A4E33_7e405044-91a5-46e8-a5af-240a600f372a.json } ]
09-24 11:51:09.681 21367 21367 D WM-Processor: Processor 42fde033-d164-4507-9688-58ad9323e30e executed; reschedule = false
09-24 11:51:09.681 21367 21367 D WM-GreedyScheduler: Stopping tracking for WorkGenerationalId(workSpecId=42fde033-d164-4507-9688-58ad9323e30e, generation=0)
09-24 11:51:09.681 21367 21367 D WM-SystemJobService: 42fde033-d164-4507-9688-58ad9323e30e executed on JobScheduler
09-24 11:51:09.681 21367 21367 D WM-SystemFgDispatcher: Removing Notification (id: 8679, workSpecId: WorkGenerationalId(workSpecId=42fde033-d164-4507-9688-58ad9323e30e, generation=0), notificationType: 1
09-24 11:51:09.682 21367 21403 D WM-GreedyScheduler: Cancelling work ID 42fde033-d164-4507-9688-58ad9323e30e
09-24 11:51:09.711 21367 21403 D WM-WorkProgressUpdater: Updating progress for 10d7574b-11fa-4a06-b690-bca68019a1c9 (Data {pct : 14, mode : file})
09-24 11:51:09.712 21367 21403 I WM-Processor: Moving WorkSpec (10d7574b-11fa-4a06-b690-bca68019a1c9) to the foreground
09-24 11:51:09.713 21367 21403 D WM-WorkProgressUpdater: Updating progress for 10d7574b-11fa-4a06-b690-bca68019a1c9 (Data {pct : 18, mode : file})
09-24 11:51:09.713 21367 21367 D WM-SystemFgDispatcher: Notifying with (id:4711, workSpecId: 10d7574b-11fa-4a06-b690-bca68019a1c9, notificationType :1)
09-24 11:51:09.714 21367 21367 I NotificationManager: com.negi.survey: notify(4711, null, Notification(channel=uploads shortcut=null contentView=null vibrate=null sound=null defaults=0 flags=ONGOING_EVENT|ONLY_ALERT_ONCE color=0x00000000 category=progress vis=PRIVATE semFlags=0x0 semPriority=0 semMissedCount=0 semScenarioType=0)) as user
09-24 11:51:09.714 21367 21403 I WM-Processor: Moving WorkSpec (10d7574b-11fa-4a06-b690-bca68019a1c9) to the foreground
09-24 11:51:09.714 21367 21399 D WM-WorkProgressUpdater: Updating progress for 10d7574b-11fa-4a06-b690-bca68019a1c9 (Data {pct : 22, mode : file})
09-24 11:51:09.715 21367 21399 I WM-Processor: Moving WorkSpec (10d7574b-11fa-4a06-b690-bca68019a1c9) to the foreground
09-24 11:51:09.716 21367 21404 D WM-WorkProgressUpdater: Updating progress for 10d7574b-11fa-4a06-b690-bca68019a1c9 (Data {pct : 27, mode : file})
09-24 11:51:09.716 21367 21367 D WM-SystemFgDispatcher: Notifying with (id:4711, workSpecId: 10d7574b-11fa-4a06-b690-bca68019a1c9, notificationType :1)
09-24 11:51:09.716 21367 21367 I NotificationManager: com.negi.survey: notify(4711, null, Notification(channel=uploads shortcut=null contentView=null vibrate=null sound=null defaults=0 flags=ONGOING_EVENT|ONLY_ALERT_ONCE color=0x00000000 category=progress vis=PRIVATE semFlags=0x0 semPriority=0 semMissedCount=0 semScenarioType=0)) as user
09-24 11:51:09.716 21367 21403 I WM-Processor: Moving WorkSpec (10d7574b-11fa-4a06-b690-bca68019a1c9) to the foreground
09-24 11:51:09.717 21367 21403 D WM-WorkProgressUpdater: Updating progress for 10d7574b-11fa-4a06-b690-bca68019a1c9 (Data {pct : 31, mode : file})
09-24 11:51:09.717 21367 21367 D WM-SystemFgDispatcher: Notifying with (id:4711, workSpecId: 10d7574b-11fa-4a06-b690-bca68019a1c9, notificationType :1)
09-24 11:51:09.717 21367 21367 I NotificationManager: com.negi.survey: notify(4711, null, Notification(channel=uploads shortcut=null contentView=null vibrate=null sound=null defaults=0 flags=ONGOING_EVENT|ONLY_ALERT_ONCE color=0x00000000 category=progress vis=PRIVATE semFlags=0x0 semPriority=0 semMissedCount=0 semScenarioType=0)) as user
09-24 11:51:09.717 21367 21403 I WM-Processor: Moving WorkSpec (10d7574b-11fa-4a06-b690-bca68019a1c9) to the foreground
09-24 11:51:09.718 21367 21403 D WM-WorkProgressUpdater: Updating progress for 10d7574b-11fa-4a06-b690-bca68019a1c9 (Data {pct : 35, mode : file})
09-24 11:51:09.718 21367 21367 D WM-SystemFgDispatcher: Notifying with (id:4711, workSpecId: 10d7574b-11fa-4a06-b690-bca68019a1c9, notificationType :1)
09-24 11:51:09.718 21367 21367 W NotificationManager: Shedding notify (update) of NotificationKey[user=UserHandle{0}, pkg=com.negi.survey, tag=null, id=4711], rate limit (5.0) exceeded: input 9.470395, output would be 5.960328
09-24 11:51:09.718 21367 21372 D InputTransport: Input channel destroyed: 'ClientS', fd=194
09-24 11:51:09.718 21367 21367 D WM-SystemFgDispatcher: Notifying with (id:4711, workSpecId: 10d7574b-11fa-4a06-b690-bca68019a1c9, notificationType :1)
09-24 11:51:09.718 21367 21403 I WM-Processor: Moving WorkSpec (10d7574b-11fa-4a06-b690-bca68019a1c9) to the foreground
09-24 11:51:09.718 21367 21372 D InputTransport: Input channel destroyed: 'ClientS', fd=169
09-24 11:51:09.719 21367 21403 D WM-WorkProgressUpdater: Updating progress for 10d7574b-11fa-4a06-b690-bca68019a1c9 (Data {pct : 40, mode : file})
09-24 11:51:09.719 21367 21367 D WM-SystemFgDispatcher: Notifying with (id:4711, workSpecId: 10d7574b-11fa-4a06-b690-bca68019a1c9, notificationType :1)
09-24 11:51:09.720 21367 21403 I WM-Processor: Moving WorkSpec (10d7574b-11fa-4a06-b690-bca68019a1c9) to the foreground
09-24 11:51:09.720 21367 21403 D WM-WorkProgressUpdater: Updating progress for 10d7574b-11fa-4a06-b690-bca68019a1c9 (Data {pct : 44, mode : file})
09-24 11:51:09.720 21367 21367 D WM-SystemFgDispatcher: Notifying with (id:4711, workSpecId: 10d7574b-11fa-4a06-b690-bca68019a1c9, notificationType :1)
09-24 11:51:09.720 21367 21403 I WM-Processor: Moving WorkSpec (10d7574b-11fa-4a06-b690-bca68019a1c9) to the foreground
09-24 11:51:09.721 21367 21403 D WM-WorkProgressUpdater: Updating progress for 10d7574b-11fa-4a06-b690-bca68019a1c9 (Data {pct : 48, mode : file})
09-24 11:51:09.721 21367 21367 D WM-SystemFgDispatcher: Notifying with (id:4711, workSpecId: 10d7574b-11fa-4a06-b690-bca68019a1c9, notificationType :1)
09-24 11:51:09.721 21367 21403 I WM-Processor: Moving WorkSpec (10d7574b-11fa-4a06-b690-bca68019a1c9) to the foreground
09-24 11:51:09.722 21367 21367 D WM-SystemFgDispatcher: Notifying with (id:4711, workSpecId: 10d7574b-11fa-4a06-b690-bca68019a1c9, notificationType :1)
09-24 11:51:09.722 21367 21403 D WM-WorkProgressUpdater: Updating progress for 10d7574b-11fa-4a06-b690-bca68019a1c9 (Data {pct : 53, mode : file})
09-24 11:51:09.723 21367 21403 I WM-Processor: Moving WorkSpec (10d7574b-11fa-4a06-b690-bca68019a1c9) to the foreground
09-24 11:51:09.723 21367 21403 D WM-WorkProgressUpdater: Updating progress for 10d7574b-11fa-4a06-b690-bca68019a1c9 (Data {pct : 57, mode : file})
09-24 11:51:09.723 21367 21367 D WM-SystemFgDispatcher: Notifying with (id:4711, workSpecId: 10d7574b-11fa-4a06-b690-bca68019a1c9, notificationType :1)
09-24 11:51:09.723 21367 21403 I WM-Processor: Moving WorkSpec (10d7574b-11fa-4a06-b690-bca68019a1c9) to the foreground
09-24 11:51:09.724 21367 21367 D WM-SystemFgDispatcher: Notifying with (id:4711, workSpecId: 10d7574b-11fa-4a06-b690-bca68019a1c9, notificationType :1)
09-24 11:51:09.724 21367 21403 D WM-WorkProgressUpdater: Updating progress for 10d7574b-11fa-4a06-b690-bca68019a1c9 (Data {pct : 61, mode : file})
09-24 11:51:09.724 21367 21403 I WM-Processor: Moving WorkSpec (10d7574b-11fa-4a06-b690-bca68019a1c9) to the foreground
09-24 11:51:09.724 21367 21403 D WM-WorkProgressUpdater: Updating progress for 10d7574b-11fa-4a06-b690-bca68019a1c9 (Data {pct : 65, mode : file})
09-24 11:51:09.724 21367 21367 D WM-SystemFgDispatcher: Notifying with (id:4711, workSpecId: 10d7574b-11fa-4a06-b690-bca68019a1c9, notificationType :1)
09-24 11:51:09.725 21367 21403 I WM-Processor: Moving WorkSpec (10d7574b-11fa-4a06-b690-bca68019a1c9) to the foreground
09-24 11:51:09.725 21367 21403 D WM-WorkProgressUpdater: Updating progress for 10d7574b-11fa-4a06-b690-bca68019a1c9 (Data {pct : 70, mode : file})
09-24 11:51:09.725 21367 21367 D WM-SystemFgDispatcher: Notifying with (id:4711, workSpecId: 10d7574b-11fa-4a06-b690-bca68019a1c9, notificationType :1)
09-24 11:51:09.726 21367 21403 I WM-Processor: Moving WorkSpec (10d7574b-11fa-4a06-b690-bca68019a1c9) to the foreground
09-24 11:51:09.726 21367 21403 D WM-WorkProgressUpdater: Updating progress for 10d7574b-11fa-4a06-b690-bca68019a1c9 (Data {pct : 74, mode : file})
09-24 11:51:09.726 21367 21367 D WM-SystemFgDispatcher: Notifying with (id:4711, workSpecId: 10d7574b-11fa-4a06-b690-bca68019a1c9, notificationType :1)
09-24 11:51:09.726 21367 21403 I WM-Processor: Moving WorkSpec (10d7574b-11fa-4a06-b690-bca68019a1c9) to the foreground
09-24 11:51:09.727 21367 21403 D WM-WorkProgressUpdater: Updating progress for 10d7574b-11fa-4a06-b690-bca68019a1c9 (Data {pct : 78, mode : file})
09-24 11:51:09.727 21367 21367 D WM-SystemFgDispatcher: Notifying with (id:4711, workSpecId: 10d7574b-11fa-4a06-b690-bca68019a1c9, notificationType :1)
09-24 11:51:09.727 21367 21403 I WM-Processor: Moving WorkSpec (10d7574b-11fa-4a06-b690-bca68019a1c9) to the foreground
09-24 11:51:09.728 21367 21403 D WM-WorkProgressUpdater: Updating progress for 10d7574b-11fa-4a06-b690-bca68019a1c9 (Data {pct : 83, mode : file})
09-24 11:51:09.728 21367 21367 D WM-SystemFgDispatcher: Notifying with (id:4711, workSpecId: 10d7574b-11fa-4a06-b690-bca68019a1c9, notificationType :1)
09-24 11:51:09.728 21367 21403 I WM-Processor: Moving WorkSpec (10d7574b-11fa-4a06-b690-bca68019a1c9) to the foreground
09-24 11:51:09.728 21367 21403 D WM-WorkProgressUpdater: Updating progress for 10d7574b-11fa-4a06-b690-bca68019a1c9 (Data {pct : 87, mode : file})
09-24 11:51:09.728 21367 21367 D WM-SystemFgDispatcher: Notifying with (id:4711, workSpecId: 10d7574b-11fa-4a06-b690-bca68019a1c9, notificationType :1)
09-24 11:51:09.729 21367 21403 I WM-Processor: Moving WorkSpec (10d7574b-11fa-4a06-b690-bca68019a1c9) to the foreground
09-24 11:51:09.729 21367 21403 D WM-WorkProgressUpdater: Updating progress for 10d7574b-11fa-4a06-b690-bca68019a1c9 (Data {pct : 90, mode : file})
09-24 11:51:09.729 21367 21367 D WM-SystemFgDispatcher: Notifying with (id:4711, workSpecId: 10d7574b-11fa-4a06-b690-bca68019a1c9, notificationType :1)
09-24 11:51:09.729 21367 21403 I WM-Processor: Moving WorkSpec (10d7574b-11fa-4a06-b690-bca68019a1c9) to the foreground
09-24 11:51:09.730 21367 21367 D WM-SystemFgDispatcher: Notifying with (id:4711, workSpecId: 10d7574b-11fa-4a06-b690-bca68019a1c9, notificationType :1)
09-24 11:51:10.212 21367 21367 I VRI[MainActivity]@cd187ff: call setFrameRateCategory for touch hint category=no preference, reason=boost timeout, vri=VRI[MainActivity]@cd187ff
09-24 11:51:11.183 21367 21404 D WM-WorkProgressUpdater: Updating progress for 10d7574b-11fa-4a06-b690-bca68019a1c9 (Data {pct : 95, mode : file})
09-24 11:51:11.183 21367 21450 D GitHubUploader: uploadStream: done url=https://github.com/ishizuki-tech/SurveyExports/blob/main/2026-09-24/voice/2026-09-24_18-50-40_voice_SM-S931U1_F757B79A4E33_7e405044-91a5-46e8-a5af-240a600f372a_Q17.wav sha=2e4466dafc4fa6482b616ad0f60fb6e9c975e63e
09-24 11:51:11.187 21367 21404 I WM-Processor: Moving WorkSpec (10d7574b-11fa-4a06-b690-bca68019a1c9) to the foreground
09-24 11:51:11.190 21367 21367 D WM-SystemFgDispatcher: Notifying with (id:4711, workSpecId: 10d7574b-11fa-4a06-b690-bca68019a1c9, notificationType :1)
09-24 11:51:11.190 21367 21404 I WM-Processor: Moving WorkSpec (10d7574b-11fa-4a06-b690-bca68019a1c9) to the foreground
09-24 11:51:11.190 21367 21367 I NotificationManager: com.negi.survey: notify(4711, null, Notification(channel=uploads shortcut=null contentView=null vibrate=null sound=null defaults=0 flags=ONGOING_EVENT|ONLY_ALERT_ONCE color=0x00000000 category=progress vis=PRIVATE semFlags=0x0 semPriority=0 semMissedCount=0 semScenarioType=0)) as user
09-24 11:51:11.192 21367 21404 I WM-WorkerWrapper: Worker result SUCCESS for Work [ id=10d7574b-11fa-4a06-b690-bca68019a1c9, tags={ com.negi.survey.net.GitHubUploadWorker,github_upload,github_upload:file:voice_2026-09-24_18-50-40_voice_SM-S931U1_F757B79A4E33_7e405044-91a5-46e8-a5af-240a600f372a_Q17.wav } ]
09-24 11:51:11.192 21367 21367 D WM-SystemFgDispatcher: Notifying with (id:4711, workSpecId: 10d7574b-11fa-4a06-b690-bca68019a1c9, notificationType :1)
09-24 11:51:11.193 21367 21367 I NotificationManager: com.negi.survey: notify(4711, null, Notification(channel=uploads shortcut=null contentView=null vibrate=null sound=null defaults=0 flags=ONLY_ALERT_ONCE color=0x00000000 category=progress vis=PRIVATE semFlags=0x0 semPriority=0 semMissedCount=0 semScenarioType=0)) as user
09-24 11:51:11.195 21367 21367 D WM-Processor: Processor 10d7574b-11fa-4a06-b690-bca68019a1c9 executed; reschedule = false
09-24 11:51:11.195 21367 21367 D WM-GreedyScheduler: Stopping tracking for WorkGenerationalId(workSpecId=10d7574b-11fa-4a06-b690-bca68019a1c9, generation=0)
09-24 11:51:11.195 21367 21367 D WM-SystemJobService: 10d7574b-11fa-4a06-b690-bca68019a1c9 executed on JobScheduler
09-24 11:51:11.195 21367 21367 D WM-SystemFgDispatcher: Removing Notification (id: 4711, workSpecId: WorkGenerationalId(workSpecId=10d7574b-11fa-4a06-b690-bca68019a1c9, generation=0), notificationType: 1
09-24 11:51:11.196 21367 21404 D WM-PackageManagerHelper: androidx.work.impl.background.systemalarm.RescheduleReceiver disabled
09-24 11:51:11.196 21367 21367 I WM-SystemFgDispatcher: Stopping foreground service
09-24 11:51:11.196 21367 21367 D WM-SystemFgService: Shutting down.
09-24 11:51:11.197 21367 21404 D WM-GreedyScheduler: Cancelling work ID 10d7574b-11fa-4a06-b690-bca68019a1c9
09-24 11:51:11.198 21367 21367 D WM-SystemJobService: onStopJob for WorkGenerationalId(workSpecId=10d7574b-11fa-4a06-b690-bca68019a1c9, generation=0)
09-24 11:51:11.199 21367 21405 D WM-WorkConstraintsTrack: NetworkRequestConstraintController unregister shared callback
09-24 11:51:11.200 21367 21405 D ConnectivityManager: StackLog: [android.net.ConnectivityManager.unregisterNetworkCallback(ConnectivityManager.java:5579)] [androidx.work.impl.constraints.SharedNetworkCallback.addCallback$lambda$9(WorkConstraintsTracker.kt:385)] [androidx.work.impl.constraints.SharedNetworkCallback$$ExternalSyntheticLambda0.invoke(D8$$SyntheticClass:0)] [androidx.work.impl.constraints.NetworkRequestConstraintController$track$1.invokeSuspend$lambda$1(WorkConstraintsTracker.kt:191)] [androidx.work.impl.constraints.NetworkRequestConstraintController$track$1$$ExternalSyntheticLambda1.invoke(D8$$SyntheticClass:0)] [kotlinx.coroutines.channels.ProduceKt.awaitClose(Produce.kt:69)] [kotlinx.coroutines.channels.ProduceKt$awaitClose$1.invokeSuspend(Produce.kt:12)] [kotlin.coroutines.jvm.internal.BaseContinuationImpl.resumeWith(ContinuationImpl.kt:34)] [kotlinx.coroutines.DispatchedTask.run(DispatchedTask.kt:98)] [androidx.work.impl.utils.SerialExecutorImpl$Task.run(SerialExecutorImpl.java:96)] [java.util.concurrent.ThreadPoolExecutor.runWorker(ThreadPoolExecutor.java:1100)] [java.util.concurrent.ThreadPoolExecutor$Worker.run(ThreadPoolExecutor.java:624)] [java.lang.Thread.run(Thread.java:1572)]
09-24 11:51:11.508 21367 21367 I View    : setRequestedFrameRate frameRate=-4.0, this=android.view.View{91c3b3c V.ED..... ........ 0,0-0,0}, caller=androidx.compose.ui.platform.Api35Impl.setRequestedFrameRate:4047 androidx.compose.ui.platform.AndroidComposeView.dispatchDraw:2282 android.view.View.draw:26758 android.view.View.updateDisplayListIfDirty:25577 android.view.ViewGroup.recreateChildDisplayList:4881 
09-24 11:51:20.362 21367 21367 I ImeFocusController: onPreWindowFocus: skipped hasWindowFocus=false mHasImeFocus=true
09-24 11:51:20.362 21367 21367 I ImeFocusController: onPostWindowFocus: skipped hasWindowFocus=false mHasImeFocus=true
09-24 11:51:20.513 21367 21367 D InputTransport: Input channel destroyed: 'ClientS', fd=179
09-24 11:51:20.841 21367 21367 I VRI[MainActivity]@cd187ff: handleAppVisibility mAppVisible = true visible = false
09-24 11:51:20.841 21367 21367 D VRI[MainActivity]@cd187ff: visibilityChanged oldVisibility=true newVisibility=false
09-24 11:51:20.844 21367 21383 D HWUI    : CacheManager::trimMemory(20)
09-24 11:51:20.853 21367 21367 I VRI[MainActivity]@cd187ff: Relayout returned: old=(0,0,1080,2340) new=(0,0,1080,2340) relayoutAsync=false req=(1080,2340)8 dur=1 res=0x2 s={false 0x0} ch=true seqId=0
09-24 11:51:20.853 21367 21367 D VRI[MainActivity]@cd187ff: Not drawing due to not visible. Reason=!mAppVisible && !mForceDecorViewVisibility
09-24 11:51:20.854 21367 21383 D HWUI    : CacheManager::trimMemory(20)
09-24 11:51:20.854 21367 21367 I VRI[MainActivity]@cd187ff: stopped(true) old = false
09-24 11:51:20.854 21367 21367 D VRI[MainActivity]@cd187ff: WindowStopped on com.negi.survey/com.negi.survey.MainActivity set to true
09-24 11:51:20.855 21367 21383 D HWUI    : CacheManager::trimMemory(20)
09-24 11:51:20.855 21367 21367 I AutofillManager: onInvisibleForAutofill(): expiringResponse
09-24 11:51:20.862 21367 21367 D BBA2    : setIsFg isFg = false; delayValue 3999ms
09-24 11:52:03.324 24283 24283 I Zygote  : Process 24283 created for com.negi.survey
09-24 11:52:03.325 24283 24283 I com.negi.survey: Using generational CollectorTypeCMC GC.
09-24 11:52:03.332 24283 24283 D nativeloader: Load libframework-connectivity-tiramisu-jni.so using APEX ns com_android_tethering for caller /apex/com.android.tethering/javalib/framework-connectivity-t.jar: ok
09-24 11:52:03.334 24283 24283 D ActivityThread: setConscryptValidator
09-24 11:52:03.334 24283 24283 D ActivityThread: setConscryptValidator - put
09-24 11:52:03.345 24283 24283 D ApplicationLoaders: Returning zygote-cached class loader: /system_ext/framework/androidx.window.extensions.jar
09-24 11:52:03.345 24283 24283 D ApplicationLoaders: Returning zygote-cached class loader: /system_ext/framework/androidx.window.sidecar.jar
09-24 11:52:03.347 24283 24283 D nativeloader: Configuring clns-9 for other apk /data/app/~~zxp6zMtRdbTfgEUaHoPknA==/com.negi.survey-e7xm0xC8qb9PzvP5ybGjwA==/base.apk. target_sdk_version=36, uses_libraries=libOpenCL.so, library_path=/data/app/~~zxp6zMtRdbTfgEUaHoPknA==/com.negi.survey-e7xm0xC8qb9PzvP5ybGjwA==/lib/arm64:/data/app/~~zxp6zMtRdbTfgEUaHoPknA==/com.negi.survey-e7xm0xC8qb9PzvP5ybGjwA==/base.apk!/lib/arm64-v8a, permitted_path=/data:/mnt/expand:/data/user/0/com.negi.survey
09-24 11:52:03.349 24283 24283 V GraphicsEnvironment: Currently set values for:
09-24 11:52:03.349 24283 24283 V GraphicsEnvironment:   angle_gl_driver_selection_pkgs=[]
09-24 11:52:03.349 24283 24283 V GraphicsEnvironment:   angle_gl_driver_selection_values=[]
09-24 11:52:03.349 24283 24283 V GraphicsEnvironment: com.negi.survey is not listed in per-application setting
09-24 11:52:03.349 24283 24283 V GraphicsEnvironment: ANGLE allowlist from config: com.dreamgames.royalmatch com.dts.freefiremax com.dxx.firenow com.gramgames.mergedragons com.ludo.king com.mojang.minecraftpe com.my.defense com.nintendo.zaka com.os.airforce com.playrix.fishdomdd.gplay io.teslatech.callbreak jp.konami.prospia net.peakgames.toonblast
09-24 11:52:03.349 24283 24283 V GraphicsEnvironment: No special selections for ANGLE, returning default driver choice
09-24 11:52:03.349 24283 24283 V GraphicsEnvironment: App is not on the allowlist for updatable production driver.
09-24 11:52:03.357 24283 24283 D nativeloader: Load /data/app/~~zxp6zMtRdbTfgEUaHoPknA==/com.negi.survey-e7xm0xC8qb9PzvP5ybGjwA==/base.apk!/lib/arm64-v8a/liblitertlm_jni.so using class loader ns clns-9 (caller=/data/app/~~zxp6zMtRdbTfgEUaHoPknA==/com.negi.survey-e7xm0xC8qb9PzvP5ybGjwA==/base.apk!classes4.dex): ok
09-24 11:52:03.358 24283 24283 D SurveyApp: Loaded LiteRTLM JNI: litertlm_jni where=attachBaseContext
09-24 11:52:03.365 24283 24283 D AppRingLogStore: installed: dir=/data/user/0/com.negi.survey/files/diagnostics/applog_ring idx=0
09-24 11:52:03.365 24283 24283 D CrashCapture: install: ensured default handler. where=SurveyApp:attachBaseContext pid=24283 default=com.negi.survey.CrashCapture$CrashHandler@8ce8de5
09-24 11:52:03.366 24283 24320 D RuntimeLogStore: openWriter: start -> /data/user/0/com.negi.survey/files/diagnostics/runtime_logs/rtlog_20260924_185203_359_pid24283_seq1.log (bytes=0 format=LEGACY)
09-24 11:52:03.367 24283 24320 D RuntimeLogStore: retention: start files=2 kept=2 totalBytes=11363
09-24 11:52:03.371 24283 24283 D SurveyApp: LiteRTLM JNI already loaded; skip. where=onCreate(retry)
09-24 11:52:03.371 24283 24283 D CrashCapture: install: ensured default handler. where=SurveyApp:onCreate(rewrap) pid=24283 default=com.negi.survey.CrashCapture$CrashHandler@8ce8de5
09-24 11:52:03.371 24283 24283 D CrashCapture: registerSelfHealing: ActivityLifecycleCallbacks registered. mode=onResumedOnly
09-24 11:52:03.377 24283 24331 I UploadRescheduleRcvr: Survey recovery action=android.intent.action.MY_PACKAGE_REPLACED discovered=0 reconciled=0 duplicates=0 unclassified=0 operationalFailures=0 classifications={}
09-24 11:52:03.378 24283 24331 D UploadRescheduleRcvr: No generic GitHub pending files for action=android.intent.action.MY_PACKAGE_REPLACED
09-24 11:52:03.382 24283 24331 D github_upload: enqueueStartupRuntimeLogsUpload: uniqueName=upload_runtime_logs_startup policy=KEEP session=startup_runtime_20260924_185203_85496b27
09-24 11:52:03.386 24283 24331 D WM-PackageManagerHelper: Skipping component enablement for androidx.work.impl.background.systemjob.SystemJobService
09-24 11:52:03.386 24283 24331 D WM-Schedulers: Created SystemJobScheduler and enabled SystemJobService
09-24 11:52:03.387 24283 24349 D WM-ForceStopRunnable: Is default app process = true
09-24 11:52:03.387 24283 24349 D WM-ForceStopRunnable: Performing cleanup operations.
09-24 11:52:03.392 24283 24331 D UploadRescheduleRcvr: Enqueued runtime logs upload for action=android.intent.action.MY_PACKAGE_REPLACED reason=receiver_my_package_replaced
09-24 11:52:03.399 24283 24349 E ashmem  : Pinning is deprecated since Android Q. Please use trim or other methods.
09-24 11:52:03.403 24283 24349 D WM-SystemJobScheduler: Reconciling jobs
09-24 11:52:03.407 24283 24349 D WM-ForceStopRunnable: Application was force-stopped, rescheduling.
09-24 11:52:03.423 24283 24372 D WM-SystemJobScheduler: Scheduling work ID 403b9e84-020e-4e7f-a748-87c9a77c5a9fJob ID 5
09-24 11:52:03.426 24283 24372 D WM-GreedyScheduler: Starting tracking for 403b9e84-020e-4e7f-a748-87c9a77c5a9f
09-24 11:52:03.428 24283 24283 D WM-SystemJobService: onStartJob for WorkGenerationalId(workSpecId=403b9e84-020e-4e7f-a748-87c9a77c5a9f, generation=0)
09-24 11:52:03.431 24283 24379 D WM-Processor: Processor: processing WorkGenerationalId(workSpecId=403b9e84-020e-4e7f-a748-87c9a77c5a9f, generation=0)
09-24 11:52:03.431 24283 24379 D WM-WorkConstraintsTrack: NetworkRequestConstraintController register shared callback
09-24 11:52:03.431 24283 24379 D ConnectivityManager: StackLog: [android.net.ConnectivityManager.sendRequestForNetwork(ConnectivityManager.java:4744)] [android.net.ConnectivityManager.registerDefaultNetworkCallbackForUid(ConnectivityManager.java:5469)] [android.net.ConnectivityManager.registerDefaultNetworkCallback(ConnectivityManager.java:5436)] [android.net.ConnectivityManager.registerDefaultNetworkCallback(ConnectivityManager.java:5410)] [androidx.work.impl.constraints.SharedNetworkCallback.addCallback(WorkConstraintsTracker.kt:362)] [androidx.work.impl.constraints.NetworkRequestConstraintController$track$1.invokeSuspend(WorkConstraintsTracker.kt:179)] [androidx.work.impl.constraints.NetworkRequestConstraintController$track$1.invoke(WorkConstraintsTracker.kt:8)] [androidx.work.impl.constraints.NetworkRequestConstraintController$track$1.invoke(WorkConstraintsTracker.kt:4)] [kotlinx.coroutines.flow.ChannelFlowBuilder.collectTo$suspendImpl(Builders.kt:316)] [kotlinx.coroutines.flow.ChannelFlowBuilder.collectTo(Builders.kt:0)] [kotlinx.coroutines.flow.CallbackFlowBuilder.collectTo(Builders.kt:330)] [kotlinx.coroutines.flow.internal.ChannelFlow$collectToFun$1.invokeSuspend(ChannelFlow.kt:56)] [kotlin.coroutines.jvm.internal.BaseContinuationImpl.resumeWith(ContinuationImpl.kt:34)] [kotlinx.coroutines.DispatchedTask.run(DispatchedTask.kt:100)] [androidx.work.impl.utils.SerialExecutorImpl$Task.run(SerialExecutorImpl.java:96)] [java.util.concurrent.ThreadPoolExecutor.runWorker(ThreadPoolExecutor.java:1100)] [java.util.concurrent.ThreadPoolExecutor$Worker.run(ThreadPoolExecutor.java:624)] [java.lang.Thread.run(Thread.java:1572)]
09-24 11:52:03.434 24283 24381 D WM-WorkConstraintsTrack: NetworkRequestConstraintController onCapabilitiesChanged callback
09-24 11:52:03.434 24283 24381 D WM-WorkConstraintsTrack: Not dispatching constraint state yet: isBlocked=null, capabilitiesInitialized=true
09-24 11:52:03.434 24283 24381 D WM-WorkConstraintsTrack: NetworkRequestConstraintController onBlockedStatusChanged callback false
09-24 11:52:03.436 24283 24283 D WM-WorkerWrapper: Starting work for com.negi.survey.net.GitHubUploadWorker
09-24 11:52:03.437 24283 24379 D WM-PackageManagerHelper: androidx.work.impl.background.systemalarm.RescheduleReceiver enabled
09-24 11:52:03.438 24283 24379 D WM-GreedyScheduler: Constraints met: Scheduling work ID WorkGenerationalId(workSpecId=403b9e84-020e-4e7f-a748-87c9a77c5a9f, generation=0)
09-24 11:52:03.439 24283 24379 D WM-Processor: Work WorkGenerationalId(workSpecId=403b9e84-020e-4e7f-a748-87c9a77c5a9f, generation=0) is already enqueued for processing
09-24 11:52:03.440 24283 24372 I WM-Processor: Moving WorkSpec (403b9e84-020e-4e7f-a748-87c9a77c5a9f) to the foreground
09-24 11:52:03.447 24283 24283 I WM-SystemFgDispatcher: Started foreground service Intent { act=ACTION_START_FOREGROUND xflg=0x4 cmp=com.negi.survey/androidx.work.impl.foreground.SystemForegroundService (has extras) }
09-24 11:52:03.447 24283 24283 D WM-SystemFgDispatcher: Notifying with (id:3338, workSpecId: 403b9e84-020e-4e7f-a748-87c9a77c5a9f, notificationType :1)
09-24 11:52:03.448 24283 24349 D WM-WorkConstraintsTrack: NetworkRequestConstraintController send initial capabilities
09-24 11:52:03.449 24283 24379 D WM-WorkProgressUpdater: Updating progress for 403b9e84-020e-4e7f-a748-87c9a77c5a9f (Data {pct : 3, mode : startup_runtime_logs})
09-24 11:52:03.450 24283 24283 D WM-SystemFgDispatcher: Notifying with (id:3338, workSpecId: 403b9e84-020e-4e7f-a748-87c9a77c5a9f, notificationType :1)
09-24 11:52:03.450 24283 24283 I NotificationManager: com.negi.survey: notify(3338, null, Notification(channel=uploads shortcut=null contentView=null vibrate=null sound=null defaults=0 flags=ONGOING_EVENT|ONLY_ALERT_ONCE color=0x00000000 category=progress vis=PRIVATE semFlags=0x0 semPriority=0 semMissedCount=0 semScenarioType=0)) as user
09-24 11:52:03.450 24283 24283 D NotificationManager: BOOTING pkg =com.negi.survey mBlockedChannelsForOverflowNoti=[]
09-24 11:52:03.455 24283 24379 I WM-Processor: Moving WorkSpec (403b9e84-020e-4e7f-a748-87c9a77c5a9f) to the foreground
09-24 11:52:03.456 24283 24283 D WM-SystemFgDispatcher: Notifying with (id:3338, workSpecId: 403b9e84-020e-4e7f-a748-87c9a77c5a9f, notificationType :1)
09-24 11:52:03.457 24283 24283 I NotificationManager: com.negi.survey: notify(3338, null, Notification(channel=uploads shortcut=null contentView=null vibrate=null sound=null defaults=0 flags=ONGOING_EVENT|ONLY_ALERT_ONCE color=0x00000000 category=progress vis=PRIVATE semFlags=0x0 semPriority=0 semMissedCount=0 semScenarioType=0)) as user
09-24 11:52:04.650 24283 24320 D RuntimeLogStore: openWriter: rotate:plain_snapshot:receiver_my_package_repl -> /data/user/0/com.negi.survey/files/diagnostics/runtime_logs/rtlog_20260924_185204_650_pid24283_seq2.log (bytes=0 format=LEGACY)
09-24 11:52:04.650 24283 24320 D RuntimeLogStore: retention: rotate:plain_snapshot:receiver_my_package_repl files=3 kept=3 totalBytes=13167
09-24 11:52:04.653 24283 24331 D github_upload: doRuntimeLogsUpload: remoteBaseDir=diagnostics/runtime_logs/2026-09-24/runtime_logs_startup_runtime_20260924_185203_85496b27_receiver_my_package_repl toUpload=3 bytes=14363 dedupe=true deleteSource=true deletedSourcePre=0 preview='plain_logs_manifest_20260924_185204_651_pid24283_receiver_my_package_repl.json|runtime_log_20260924_185204_651_pid24283_receiver_my_package_repl__rtlog_20260924_185203_359_pid24283_seq1.log|runtime_log_20260924_185204_651_pid24283_receiver_my_package_repl__rtlog_20260924_184743_712_pid21367_seq2.log'
09-24 11:52:04.653 24283 24331 D GitHubUploader: uploadStream: owner=ishizuki-tech repo=SurveyExports branch=main path=diagnostics/runtime_logs/2026-09-24/runtime_logs_startup_runtime_20260924_185203_85496b27_receiver_my_package_repl/plain_logs_manifest_20260924_185204_651_pid24283_receiver_my_package_repl.json size=1536 maxRawBytesHint=1000000 maxRequestBytesHint=2800000
09-24 11:52:04.653 24283 24372 D WM-WorkProgressUpdater: Updating progress for 403b9e84-020e-4e7f-a748-87c9a77c5a9f (Data {pct : 10, mode : startup_runtime_logs})
09-24 11:52:04.655 24283 24372 I WM-Processor: Moving WorkSpec (403b9e84-020e-4e7f-a748-87c9a77c5a9f) to the foreground
09-24 11:52:04.656 24283 24283 D WM-SystemFgDispatcher: Notifying with (id:3338, workSpecId: 403b9e84-020e-4e7f-a748-87c9a77c5a9f, notificationType :1)
09-24 11:52:04.656 24283 24283 I NotificationManager: com.negi.survey: notify(3338, null, Notification(channel=uploads shortcut=null contentView=null vibrate=null sound=null defaults=0 flags=ONGOING_EVENT|ONLY_ALERT_ONCE color=0x00000000 category=progress vis=PRIVATE semFlags=0x0 semPriority=0 semMissedCount=0 semScenarioType=0)) as user
09-24 11:52:05.042 24283 24371 D WM-WorkProgressUpdater: Updating progress for 403b9e84-020e-4e7f-a748-87c9a77c5a9f (Data {pct : 12, mode : startup_runtime_logs})
09-24 11:52:05.051 24283 24371 I WM-Processor: Moving WorkSpec (403b9e84-020e-4e7f-a748-87c9a77c5a9f) to the foreground
09-24 11:52:05.053 24283 24371 D WM-WorkProgressUpdater: Updating progress for 403b9e84-020e-4e7f-a748-87c9a77c5a9f (Data {pct : 33, mode : startup_runtime_logs})
09-24 11:52:05.053 24283 24283 D WM-SystemFgDispatcher: Notifying with (id:3338, workSpecId: 403b9e84-020e-4e7f-a748-87c9a77c5a9f, notificationType :1)
09-24 11:52:05.053 24283 24283 I NotificationManager: com.negi.survey: notify(3338, null, Notification(channel=uploads shortcut=null contentView=null vibrate=null sound=null defaults=0 flags=ONGOING_EVENT|ONLY_ALERT_ONCE color=0x00000000 category=progress vis=PRIVATE semFlags=0x0 semPriority=0 semMissedCount=0 semScenarioType=0)) as user
09-24 11:52:05.054 24283 24371 I WM-Processor: Moving WorkSpec (403b9e84-020e-4e7f-a748-87c9a77c5a9f) to the foreground
09-24 11:52:05.055 24283 24283 D WM-SystemFgDispatcher: Notifying with (id:3338, workSpecId: 403b9e84-020e-4e7f-a748-87c9a77c5a9f, notificationType :1)
09-24 11:52:05.055 24283 24283 I NotificationManager: com.negi.survey: notify(3338, null, Notification(channel=uploads shortcut=null contentView=null vibrate=null sound=null defaults=0 flags=ONGOING_EVENT|ONLY_ALERT_ONCE color=0x00000000 category=progress vis=PRIVATE semFlags=0x0 semPriority=0 semMissedCount=0 semScenarioType=0)) as user
09-24 11:52:05.302 24283 24283 D ActivityThread: com.negi.survey will use render engine as VK
09-24 11:52:05.302 24283 24283 D HWUI    : HWUI - treat SMPTE_170M as sRGB
09-24 11:52:05.303 24283 24446 I DisplayManager: Choreographer implicitly registered for the refresh rate.
09-24 11:52:05.303 24283 24446 D HWUI    : CacheManager constructor. deviceInfo=(1080, 1920)
09-24 11:52:05.303 24283 24446 D vulkan  : searching for layers in '/data/app/~~zxp6zMtRdbTfgEUaHoPknA==/com.negi.survey-e7xm0xC8qb9PzvP5ybGjwA==/lib/arm64'
09-24 11:52:05.303 24283 24446 D vulkan  : searching for layers in '/data/app/~~zxp6zMtRdbTfgEUaHoPknA==/com.negi.survey-e7xm0xC8qb9PzvP5ybGjwA==/base.apk!/lib/arm64-v8a'
09-24 11:52:05.307 24283 24283 D DesktopExperienceFlags: Toggle override initialized to: false
09-24 11:52:05.310 24283 24283 D CompatChangeReporter: Compat change id reported: 377864165; UID 10436; state: ENABLED
09-24 11:52:05.310 24283 24283 D DesktopModeFlags: Toggle override initialized to: OVERRIDE_UNSET
09-24 11:52:05.310 24283 24283 I DecorView: setWindowBackground: isPopOver=false color=fffafafa d=android.graphics.drawable.ColorDrawable@5ef876a
09-24 11:52:05.311 24283 24283 D PhoneWindow: forceLight changed to false [] from com.android.internal.policy.PhoneWindow.updateForceLightNavigationBar:663 com.android.internal.policy.PhoneWindow.setNavigationBarColor:4435 androidx.activity.EdgeToEdgeApi35.setUp:353 androidx.activity.EdgeToEdge.enableEdgeToEdge$lambda$1:101 androidx.activity.EdgeToEdge$$ExternalSyntheticLambda0.run:0 
09-24 11:52:05.311 24283 24446 E Adreno-AppProfiles: QSPM AIDL service doesn't exist
09-24 11:52:05.312 24283 24446 I AdrenoVK-0: ===== BEGIN DUMP OF OVERRIDDEN SETTINGS =====
09-24 11:52:05.312 24283 24446 I AdrenoVK-0: ===== END DUMP OF OVERRIDDEN SETTINGS =====
09-24 11:52:05.313 24283 24283 D CrashCapture: install: ensured default handler. where=selfHeal:onActivityResumed pid=24283 default=com.negi.survey.CrashCapture$CrashHandler@8ce8de5
09-24 11:52:05.314 24283 24446 D qdgralloc: Fetching IMapper5 from QtiMapper5
09-24 11:52:05.315 24283 24283 D ViewRootImpl: desktopMode is false
09-24 11:52:05.316 24283 24283 I ViewRootImpl: dVRR is disabled
09-24 11:52:05.316 24283 24283 D HardwareRenderer: onDisplayChanged. displayId=0 current wxh=1080x2340 mLargest wxh=0x0
09-24 11:52:05.316 24283 24283 D HardwareRenderer: Set largestWidth and largestHeight as logical resolution. (1080x2340)
09-24 11:52:05.316 24283 24460 D qdgralloc: Fetching IMapper5 from QtiMapper5
09-24 11:52:05.319 24283 24446 I SnapAlloc: Graphics lib is available
09-24 11:52:05.322 24283 24446 I Adreno-UNKNOWN: Using previously loaded IMapper library.
09-24 11:52:05.324 24283 24446 I AdrenoVK-0: QUALCOMM build          : f61dec9117, I68b0a64d7e
09-24 11:52:05.324 24283 24446 I AdrenoVK-0: Build Date              : 03/26/26
09-24 11:52:05.324 24283 24446 I AdrenoVK-0: Shader Compiler Version : E031.47.18.50
09-24 11:52:05.324 24283 24446 I AdrenoVK-0: Local Branch            : 
09-24 11:52:05.324 24283 24446 I AdrenoVK-0: Remote Branch           : refs/tags/AU_LINUX_ANDROID_LA.VENDOR.15.4.0.11.00.00.1088.862
09-24 11:52:05.324 24283 24446 I AdrenoVK-0: Remote Branch           : NONE
09-24 11:52:05.324 24283 24446 I AdrenoVK-0: Reconstruct Branch      : NOTHING
09-24 11:52:05.324 24283 24446 I AdrenoVK-0: Build Config            : S P 18.0.0 AArch64
09-24 11:52:05.324 24283 24446 I AdrenoVK-0: Driver Path             : /vendor/lib64/hw/vulkan.adreno.so
09-24 11:52:05.324 24283 24446 I AdrenoVK-0: Driver Version          : 0800.64.7
09-24 11:52:05.324 24283 24446 I AdrenoVK-0: PFP                     : 0x01500077
09-24 11:52:05.324 24283 24446 I AdrenoVK-0: ME                      : 0x01500014
09-24 11:52:05.324 24283 24446 I AdrenoVK-0: Application Name    : android framework
09-24 11:52:05.324 24283 24446 I AdrenoVK-0: Process Name        : com.negi.survey
09-24 11:52:05.324 24283 24446 I AdrenoVK-0: Application Version : 0x00000000
09-24 11:52:05.324 24283 24446 I AdrenoVK-0: Engine Name         : android framework
09-24 11:52:05.324 24283 24446 I AdrenoVK-0: Engine Version      : 0x00000000
09-24 11:52:05.324 24283 24446 I AdrenoVK-0: Api Version         : 0x00401000
09-24 11:52:05.327 24283 24446 D HWUI    : setMaxSurfaceArea requested wxh=(1080,2340) requestedSurfaceArea(2527200) mMaxSurfaceArea(2073600)
09-24 11:52:05.327 24283 24446 D NativeCustomFrequencyManager: [NativeCFMS] BpCustomFrequencyManager::BpCustomFrequencyManager()
09-24 11:52:05.329 24283 24283 D InputTransport: Input channel constructed: 'b6946e2', fd=122
09-24 11:52:05.329 24283 24283 I InsetsController: onStateChanged: host=com.negi.survey/com.negi.survey.MainActivity, from=android.view.ViewRootImpl.onInsetsStateChanged:3038, state=InsetsState: {mDisplayFrame=Rect(0, 0 - 1080, 2340), mDisplayCutout=DisplayCutout{insets=Rect(0, 103 - 0, 0) waterfall=Insets{left=0, top=0, right=0, bottom=0} boundingRect={Bounds=[Rect(0, 0 - 0, 0), Rect(511, 0 - 569, 103), Rect(0, 0 - 0, 0), Rect(0, 0 - 0, 0)]} cutoutPathParserInfo={CutoutPathParserInfo{displayWidth=1080 displayHeight=2340 physicalDisplayWidth=1080 physicalDisplayHeight=2340 density={3.0} cutoutSpec={M 0,0 H -9.666666666666667 V 34.33333333333333 H 9.666666666666667 V 0 H 0 Z @dp} rotation={0} scale={1.0} physicalPixelDisplaySizeRatio={1.0}}} sideOverrides={}}, mRoundedCorners=RoundedCorners{[RoundedCorner{position=TopLeft, radius=102, center=Point(102, 102)}, RoundedCorner{position=TopRight, radius=102, center=Point(978, 102)}, RoundedCorner{position=BottomRight, radius=102, center=Point(978, 2238)}, RoundedCorner{position=BottomLeft, radius=102, center=Point(102, 2238)}]}  mRoundedCornerFrame=Rect(0, 0 - 1080, 2340), mPrivacyIndicatorBounds=PrivacyIndicatorBounds {static bounds=Rect(948, 0 - 1080, 103) rotation=0}, mDisplayShape=DisplayShape{ spec=-311912193 displayWidth=1080 displayHeight=2340 physicalPixelDisplaySizeRatio=1.0 rotation=0 offsetX=0 offsetY=0 scale=1.0}, mSources= { InsetsSource: {cafc0000 mType=statusBars mFrame=[0,0][1080,103] mAttachedInsets=null mVisible=true mFlags= mSideHint=TOP mBoundingRects=null}, InsetsSource: {cafc0005 mType=mandatorySystemGestures mFrame=[0,0][1080,139] mAttachedInsets=null mVisible=true mFlags= mSideHint=TOP mBoundingRects=null}, InsetsSource: {cafc0006 mType=tappableElement mFrame=[0,0][1080,103] mAttachedInsets=null mVisible=true mFlags= mSideHint=TOP mBoundingRects=null}, InsetsSource: {3 mType=ime mFrame=[0,0][0,0] mAttachedInsets=null mVisible=false mFlags=INVALID mSideHint=NONE mBoundingRects=null}, InsetsSource: {27 mType=displayCutout mFrame=[0,0][1080,103] mAttachedInsets=null mVisible=true mFlags= mSideHint=TOP mBoundingRects=null}, InsetsSource: {3c610001 mType=navigationBars mFrame=[0,2196][1080,2340] mAttachedInsets=null mVisible=true mFlags= mSideHint=BOTTOM mBoundingRects=null}, InsetsSource: {3c610004 mType=systemGestures mFrame=[0,0][0,0] mAttachedInsets=null mVisible=true mFlags= mSideHint=NONE mBoundingRects=null}, InsetsSource: {3c610005 mType=mandatorySystemGestures mFrame=[0,2196][1080,2340] mAttachedInsets=null mVisible=true mFlags= mSideHint=BOTTOM mBoundingRects=null}, InsetsSource: {3c610006 mType=tappableElement mFrame=[0,2196][1080,2340] mAttachedInsets=null mVisible=true mFlags= mSideHint=BOTTOM mBoundingRects=null}, InsetsSource: {3c610024 mType=systemGestures mFrame=[0,0][0,0] mAttachedInsets=null mVisible=true mFlags= mSideHint=NONE mBoundingRects=null} }
09-24 11:52:05.329 24283 24283 I VRI[MainActivity]@17b8ce9: synced displayState. AttachInfo displayState=2
09-24 11:52:05.329 24283 24283 I VRI[MainActivity]@17b8ce9: setView = com.android.internal.policy.DecorView@403ae88 IsHRR=false mFlingFrameRateChange=0 TM=true
09-24 11:52:05.329 24283 24283 I IDS_TAG : Clearing training data of com.negi.survey.SurveyApp@11bfbdc
09-24 11:52:05.330 24283 24283 I IDS_TAG : Starting IDS observe window
09-24 11:52:05.330 24283 24283 I IDS_TAG : Getting Shared Preference for com.negi.survey.SurveyApp@11bfbdc uid = 10436
09-24 11:52:05.330 24283 24283 I IDS_TAG : App com.negi.survey.SurveyApp@11bfbdc has not finished training
09-24 11:52:05.331 24283 24446 D HWUI    : HWUI - treat SMPTE_170M as sRGB
09-24 11:52:05.331 24283 24283 I IDS_TAG : Closing IDS observe window
09-24 11:52:05.331 24283 24283 I IDS_TAG : Getting Shared Preference for com.negi.survey.SurveyApp@11bfbdc uid = 10436
09-24 11:52:05.331 24283 24283 I IDS_TAG : IDS count updated to 1 for com.negi.survey.SurveyApp@11bfbdc
09-24 11:52:05.331 24283 24283 D WindowOnBackDispatcher: setTopOnBackInvokedCallback (unwrapped): android.app.Activity$$ExternalSyntheticLambda0@9eef021
09-24 11:52:05.355 24283 24283 D VRI[MainActivity]@17b8ce9: WindowInsets changed: 1080x2340 statusBars:[0,103,0,0] navigationBars:[0,0,0,144] mandatorySystemGestures:[0,139,0,144] 
09-24 11:52:05.357 24283 24283 I HWUI    : Using FreeType backend (prop=Auto)
09-24 11:52:05.364 24283 24283 E BufferQueueProducer: Unable to open libpenguin.so: dlopen failed: library "libpenguin.so" not found.
09-24 11:52:05.364 24283 24283 E com.negi.survey: Unable to open libpenguin.so: dlopen failed: library "libpenguin.so" not found.
09-24 11:52:05.364 24283 24283 I BufferQueueProducer: [](id:5edb00000000,api:0,p:-1299821488,c:24283) setDequeueTimeout:2077252342
09-24 11:52:05.365 24283 24283 I BLASTBufferQueue_Java: new BLASTBufferQueue, mName= VRI[MainActivity]@17b8ce9 mNativeObject= 0xb400007c32846430 caller= android.view.ViewRootImpl.updateBlastSurfaceIfNeeded:3603 android.view.ViewRootImpl.relayoutWindow:11813 android.view.ViewRootImpl.performTraversals:4840 android.view.ViewRootImpl.doTraversal:3959 android.view.ViewRootImpl$TraversalRunnable.run:13034 android.view.Choreographer$CallbackRecord.run:1961 android.view.Choreographer$CallbackRecord.run:1970 android.view.Choreographer.doCallbacks:1423 android.view.Choreographer.doFrame:1348 android.view.Choreographer$FrameDisplayEventReceiver.run:1930 
09-24 11:52:05.365 24283 24283 I BLASTBufferQueue_Java: update, w= 1080 h= 2340 mName = VRI[MainActivity]@17b8ce9 mNativeObject= 0xb400007c32846430 sc.mNativeObject= 0xb400007bc284e290 format= -1 caller= android.view.ViewRootImpl.updateBlastSurfaceIfNeeded:3608 android.view.ViewRootImpl.relayoutWindow:11813 android.view.ViewRootImpl.performTraversals:4840 android.view.ViewRootImpl.doTraversal:3959 android.view.ViewRootImpl$TraversalRunnable.run:13034 android.view.Choreographer$CallbackRecord.run:1961 
09-24 11:52:05.365 24283 24283 I VRI[MainActivity]@17b8ce9: Relayout returned: old=(0,0,1080,2340) new=(0,0,1080,2340) relayoutAsync=false req=(1080,2340)0 dur=2 res=0x3 s={true 0xb400007c72869080} ch=true seqId=0
09-24 11:52:05.365 24283 24283 I VRI[MainActivity]@17b8ce9: performConfigurationChange setNightDimText nightDimLevel=0
09-24 11:52:05.365 24283 24283 D VRI[MainActivity]@17b8ce9: mThreadedRenderer.initialize() mSurface={isValid=true 0xb400007c72869080} hwInitialized=true
09-24 11:52:05.368 24283 24283 D VRI[MainActivity]@17b8ce9: reportNextDraw android.view.ViewRootImpl.performTraversals:5507 android.view.ViewRootImpl.doTraversal:3959 android.view.ViewRootImpl$TraversalRunnable.run:13034 android.view.Choreographer$CallbackRecord.run:1961 android.view.Choreographer$CallbackRecord.run:1970 
09-24 11:52:05.368 24283 24283 D VRI[MainActivity]@17b8ce9: Setup new sync=wmsSync-VRI[MainActivity]@17b8ce9#0
09-24 11:52:05.368 24283 24283 I VRI[MainActivity]@17b8ce9: Creating new active sync group VRI[MainActivity]@17b8ce9#1
09-24 11:52:05.368 24283 24283 D VRI[MainActivity]@17b8ce9: registerCallbacksForSync syncBuffer=false
09-24 11:52:05.370 24283 24283 I View    : setRequestedFrameRate frameRate=-4.0, this=android.view.View{f8e9357 V.ED..... ......I. 0,0-0,0}, caller=androidx.compose.ui.platform.Api35Impl.setRequestedFrameRate:4047 androidx.compose.ui.platform.AndroidComposeView.dispatchDraw:2282 android.view.View.draw:26758 android.view.View.updateDisplayListIfDirty:25577 android.view.View.draw:26477 
09-24 11:52:05.370 24283 24460 D VRI[MainActivity]@17b8ce9: Received frameDrawingCallback syncResult=0 frameNum=1.
09-24 11:52:05.371 24283 24460 I VRI[MainActivity]@17b8ce9: mWNT: t=0xb400007b92874f10 mBlastBufferQueue=0xb400007c32846430 fn= 1 HdrRenderState mRenderHdrSdrRatio=1.0 caller= android.view.ViewRootImpl$12.onFrameDraw:15561 android.view.ThreadedRenderer$1.onFrameDraw:751 <bottom of call stack> 
09-24 11:52:05.371 24283 24460 I VRI[MainActivity]@17b8ce9: Setting up sync and frameCommitCallback
09-24 11:52:05.371 24283 24446 I AdrenoUtils: <ReadGpuID:366>: Reading chip ID through GSL
09-24 11:52:05.379 24283 24446 I BLASTBufferQueue: [VRI[MainActivity]@17b8ce9#0](f:0,a:0,s:0) onFrameAvailable the first frame is available
09-24 11:52:05.379 24283 24446 I SurfaceComposerClient: apply transaction with the first frame. layerId: 8628, bufferData(ID: 104294690848771, frameNumber: 1)
09-24 11:52:05.379 24283 24446 I VRI[MainActivity]@17b8ce9: Received frameCommittedCallback lastAttemptedDrawFrameNum=1 didProduceBuffer=true
09-24 11:52:05.379 24283 24446 D HWUI    : CFMS:: SetUp Pid : 24283    Tid : 24446
09-24 11:52:05.379 24283 24283 D VRI[MainActivity]@17b8ce9: reportDrawFinished seqId=0
09-24 11:52:05.381 24283 24283 I InsetsSourceConsumer: applyRequestedVisibilityToControl: visible=true, type=navigationBars, host=com.negi.survey/com.negi.survey.MainActivity
09-24 11:52:05.381 24283 24283 I InsetsSourceConsumer: applyRequestedVisibilityToControl: visible=true, type=statusBars, host=com.negi.survey/com.negi.survey.MainActivity
09-24 11:52:05.384 24283 24283 I View    : setRequestedFrameRate frameRate=NaN, this=android.view.View{f8e9357 V.ED..... ........ 0,0-0,0}, caller=androidx.compose.ui.platform.Api35Impl.setRequestedFrameRate:4047 androidx.compose.ui.platform.AndroidComposeView.dispatchDraw:2282 android.view.View.draw:26758 android.view.View.updateDisplayListIfDirty:25577 android.view.ViewGroup.recreateChildDisplayList:4881 
09-24 11:52:05.394 24283 24283 D VRI[MainActivity]@17b8ce9: mThreadedRenderer.initializeIfNeeded()#2 mSurface={isValid=true 0xb400007c72869080}
09-24 11:52:05.394 24283 24283 D InputMethodManagerUtils: startInputInner - Id : 0
09-24 11:52:05.395 24283 24283 I InputMethodManager: startInputInner - IInputMethodManagerGlobalInvoker.startInputOrWindowGainedFocus
09-24 11:52:05.395 24283 24283 D InsetsController: hide(ime())
09-24 11:52:05.395 24283 24283 I ImeTracker: com.negi.survey:2bea20c3: onCancelled at PHASE_CLIENT_ALREADY_HIDDEN
09-24 11:52:05.396 24283 24314 D InputTransport: Input channel constructed: 'ClientS', fd=153
09-24 11:52:05.412 24283 24283 D IntroScreen: Resolved config details: id=survey_config10.yaml in 32ms
09-24 11:52:05.423 24283 24283 I View    : setRequestedFrameRate frameRate=-4.0, this=android.view.View{f8e9357 V.ED..... ........ 0,0-0,0}, caller=androidx.compose.ui.platform.Api35Impl.setRequestedFrameRate:4047 androidx.compose.ui.platform.AndroidComposeView.dispatchDraw:2282 android.view.View.draw:26758 android.view.View.updateDisplayListIfDirty:25577 android.view.ViewGroup.recreateChildDisplayList:4881 
09-24 11:52:05.750 24283 24283 I View    : setRequestedFrameRate frameRate=NaN, this=android.view.View{f8e9357 V.ED..... ........ 0,0-0,0}, caller=androidx.compose.ui.platform.Api35Impl.setRequestedFrameRate:4047 androidx.compose.ui.platform.AndroidComposeView.dispatchDraw:2282 android.view.View.draw:26758 android.view.View.updateDisplayListIfDirty:25577 android.view.ViewGroup.recreateChildDisplayList:4881 
09-24 11:52:05.760 24283 24283 I View    : setRequestedFrameRate frameRate=-4.0, this=android.view.View{f8e9357 V.ED..... ........ 0,0-0,0}, caller=androidx.compose.ui.platform.Api35Impl.setRequestedFrameRate:4047 androidx.compose.ui.platform.AndroidComposeView.dispatchDraw:2282 android.view.View.draw:26758 android.view.View.updateDisplayListIfDirty:25577 android.view.ViewGroup.recreateChildDisplayList:4881 
09-24 11:52:05.767 24283 24283 I View    : setRequestedFrameRate frameRate=NaN, this=android.view.View{f8e9357 V.ED..... ........ 0,0-0,0}, caller=androidx.compose.ui.platform.Api35Impl.setRequestedFrameRate:4047 androidx.compose.ui.platform.AndroidComposeView.dispatchDraw:2282 android.view.View.draw:26758 android.view.View.updateDisplayListIfDirty:25577 android.view.ViewGroup.recreateChildDisplayList:4881 
09-24 11:52:05.777 24283 24283 I View    : setRequestedFrameRate frameRate=-4.0, this=android.view.View{f8e9357 V.ED..... ........ 0,0-0,0}, caller=androidx.compose.ui.platform.Api35Impl.setRequestedFrameRate:4047 androidx.compose.ui.platform.AndroidComposeView.dispatchDraw:2282 android.view.View.draw:26758 android.view.View.updateDisplayListIfDirty:25577 android.view.ViewGroup.recreateChildDisplayList:4881 
09-24 11:52:05.784 24283 24283 I View    : setRequestedFrameRate frameRate=NaN, this=android.view.View{f8e9357 V.ED..... ........ 0,0-0,0}, caller=androidx.compose.ui.platform.Api35Impl.setRequestedFrameRate:4047 androidx.compose.ui.platform.AndroidComposeView.dispatchDraw:2282 android.view.View.draw:26758 android.view.View.updateDisplayListIfDirty:25577 android.view.ViewGroup.recreateChildDisplayList:4881 
09-24 11:52:05.811 24283 24283 I View    : setRequestedFrameRate frameRate=-4.0, this=android.view.View{f8e9357 V.ED..... ........ 0,0-0,0}, caller=androidx.compose.ui.platform.Api35Impl.setRequestedFrameRate:4047 androidx.compose.ui.platform.AndroidComposeView.dispatchDraw:2282 android.view.View.draw:26758 android.view.View.updateDisplayListIfDirty:25577 android.view.ViewGroup.recreateChildDisplayList:4881 
09-24 11:52:05.818 24283 24283 I View    : setRequestedFrameRate frameRate=NaN, this=android.view.View{f8e9357 V.ED..... ........ 0,0-0,0}, caller=androidx.compose.ui.platform.Api35Impl.setRequestedFrameRate:4047 androidx.compose.ui.platform.AndroidComposeView.dispatchDraw:2282 android.view.View.draw:26758 android.view.View.updateDisplayListIfDirty:25577 android.view.ViewGroup.recreateChildDisplayList:4881 
09-24 11:52:05.827 24283 24283 I View    : setRequestedFrameRate frameRate=-4.0, this=android.view.View{f8e9357 V.ED..... ........ 0,0-0,0}, caller=androidx.compose.ui.platform.Api35Impl.setRequestedFrameRate:4047 androidx.compose.ui.platform.AndroidComposeView.dispatchDraw:2282 android.view.View.draw:26758 android.view.View.updateDisplayListIfDirty:25577 android.view.ViewGroup.recreateChildDisplayList:4881 
09-24 11:52:05.834 24283 24283 I View    : setRequestedFrameRate frameRate=NaN, this=android.view.View{f8e9357 V.ED..... ........ 0,0-0,0}, caller=androidx.compose.ui.platform.Api35Impl.setRequestedFrameRate:4047 androidx.compose.ui.platform.AndroidComposeView.dispatchDraw:2282 android.view.View.draw:26758 android.view.View.updateDisplayListIfDirty:25577 android.view.ViewGroup.recreateChildDisplayList:4881 
09-24 11:52:05.872 24283 24283 D github_upload: enqueueStartupRuntimeLogsUpload: uniqueName=upload_runtime_logs_startup policy=KEEP session=startup_runtime_20260924_185205_c0d8ea58
09-24 11:52:05.873 24283 24283 D github_upload: enqueueStartupRingLogsUpload: uniqueName=upload_ring_logs_startup policy=KEEP session=startup_ring_20260924_185205_608c01a9
09-24 11:52:05.874 24283 24487 D CrashCapture: enqueuePendingCrashUploadsIfPossible enter where=SurveyApp:enqueuePending(immediate):bg pid=24283 thread=CrashCapture-Enqueue
09-24 11:52:05.884 24283 24349 D WM-SystemJobScheduler: Scheduling work ID 315e659d-7464-4a72-b463-87b4439bc53eJob ID 6
09-24 11:52:05.894 24283 24349 D WM-GreedyScheduler: Starting tracking for 315e659d-7464-4a72-b463-87b4439bc53e
09-24 11:52:05.894 24283 24283 D WM-SystemJobService: onStartJob for WorkGenerationalId(workSpecId=315e659d-7464-4a72-b463-87b4439bc53e, generation=0)
09-24 11:52:05.896 24283 24349 D WM-Processor: Processor: processing WorkGenerationalId(workSpecId=315e659d-7464-4a72-b463-87b4439bc53e, generation=0)
09-24 11:52:05.898 24283 24283 D WM-WorkerWrapper: Starting work for com.negi.survey.net.GitHubUploadWorker
09-24 11:52:05.898 24283 24349 D WM-WorkConstraintsTrack: NetworkRequestConstraintController send initial capabilities
09-24 11:52:05.899 24283 24349 I WM-Processor: Moving WorkSpec (315e659d-7464-4a72-b463-87b4439bc53e) to the foreground
09-24 11:52:05.901 24283 24283 I WM-SystemFgDispatcher: Started foreground service Intent { act=ACTION_START_FOREGROUND xflg=0x4 cmp=com.negi.survey/androidx.work.impl.foreground.SystemForegroundService (has extras) }
09-24 11:52:05.901 24283 24283 D WM-SystemFgDispatcher: Notifying with (id:10383, workSpecId: 315e659d-7464-4a72-b463-87b4439bc53e, notificationType :1)
09-24 11:52:05.901 24283 24283 I NotificationManager: com.negi.survey: notify(10383, null, Notification(channel=uploads shortcut=null contentView=null vibrate=null sound=null defaults=0 flags=ONGOING_EVENT|ONLY_ALERT_ONCE color=0x00000000 category=progress vis=PRIVATE semFlags=0x0 semPriority=0 semMissedCount=0 semScenarioType=0)) as user
09-24 11:52:05.901 24283 24349 D WM-GreedyScheduler: Constraints met: Scheduling work ID WorkGenerationalId(workSpecId=315e659d-7464-4a72-b463-87b4439bc53e, generation=0)
09-24 11:52:05.902 24283 24349 D WM-Processor: Work WorkGenerationalId(workSpecId=315e659d-7464-4a72-b463-87b4439bc53e, generation=0) is already enqueued for processing
09-24 11:52:05.902 24283 24349 D WM-WorkProgressUpdater: Updating progress for 315e659d-7464-4a72-b463-87b4439bc53e (Data {pct : 3, mode : startup_ring_logs})
09-24 11:52:05.902 24283 24283 D WM-SystemFgDispatcher: Notifying with (id:10383, workSpecId: 315e659d-7464-4a72-b463-87b4439bc53e, notificationType :1)
09-24 11:52:05.902 24283 24283 I NotificationManager: com.negi.survey: notify(10383, null, Notification(channel=uploads shortcut=null contentView=null vibrate=null sound=null defaults=0 flags=ONGOING_EVENT|ONLY_ALERT_ONCE color=0x00000000 category=progress vis=PRIVATE semFlags=0x0 semPriority=0 semMissedCount=0 semScenarioType=0)) as user
09-24 11:52:05.903 24283 24349 I WM-Processor: Moving WorkSpec (315e659d-7464-4a72-b463-87b4439bc53e) to the foreground
09-24 11:52:05.904 24283 24283 D WM-SystemFgDispatcher: Notifying with (id:10383, workSpecId: 315e659d-7464-4a72-b463-87b4439bc53e, notificationType :1)
09-24 11:52:05.904 24283 24283 I NotificationManager: com.negi.survey: notify(10383, null, Notification(channel=uploads shortcut=null contentView=null vibrate=null sound=null defaults=0 flags=ONGOING_EVENT|ONLY_ALERT_ONCE color=0x00000000 category=progress vis=PRIVATE semFlags=0x0 semPriority=0 semMissedCount=0 semScenarioType=0)) as user
09-24 11:52:05.904 24283 24349 D WM-WorkConstraintsTrack: NetworkRequestConstraintController send initial capabilities
