=== Previous Session Logcat ===
captured_time_utc=20260925_203815
captured_time_local=20260925_133815
marker=2026-09-25 13:35:40.889
preferred_prev_pid=-1
note=best-effort; buffers may be overwritten before next start
sdk=36
device=Google Pixel 9a
appId=com.negi.survey.local
versionName=0.0.1
versionCode=1

=== Logcat (since marker) ===
--------- beginning of main
09-25 13:35:40.889  5766  5853 D CrashCapture: Staged prev session logcat: /data/user/0/com.negi.survey.local/files/diagnostics/crash/prevlog_20260925_203540_pid5766.log bytes=21148 marker=2026-09-25 13:22:49.198 pid=-1
09-25 13:35:40.890  5766  5845 D WM-GreedyScheduler: Starting tracking for 4dd7024b-54bd-48b0-bef6-b32e89238786
09-25 13:35:40.897  5766  5853 D CrashCapture: Persisted logcat marker for next run: 2026-09-25 13:35:40.889
09-25 13:35:40.906  5766  5853 D CrashCapture: GitHub hints: owner=ishizuki-tech repo=SurveyExports branch=main pathPrefix=diagnostics/crash
09-25 13:35:40.907  5766  5853 D CrashCapture: Enqueuing GitHub crash uploads… (mirror-first) where=SurveyApp:enqueuePending(immediate):bg
09-25 13:35:40.909  5766  5853 D CrashCapture: GitHub enqueue(crash file): name=prevlog_20260925_203540_pid5766.log bytes=21148 remote=prevlog_20260925_203540_pid5766.log where=SurveyApp:enqueuePending(immediate):bg
09-25 13:35:40.911  5766  5845 D WM-Processor: Processor: processing WorkGenerationalId(workSpecId=4dd7024b-54bd-48b0-bef6-b32e89238786, generation=0)
09-25 13:35:40.918  5766  5853 D CrashCapture: GitHub enqueue(crash file): name=prevlog_20260925_202248_pid5285.log bytes=240001 remote=prevlog_20260925_202248_pid5285.log where=SurveyApp:enqueuePending(immediate):bg
09-25 13:35:40.925  5766  5853 D CrashCapture: GitHub enqueue(crash file): name=prevlog_20260925_202017_pid5007.log bytes=15934 remote=prevlog_20260925_202017_pid5007.log where=SurveyApp:enqueuePending(immediate):bg
09-25 13:35:40.932  5766  5853 D CrashCapture: GitHub enqueue(crash file): name=prevlog_20260924_231118_pid18389.log bytes=26299 remote=prevlog_20260924_231118_pid18389.log where=SurveyApp:enqueuePending(immediate):bg
09-25 13:35:40.937  5766  5853 D CrashCapture: GitHub enqueue(crash file): name=prevlog_20260924_223939_pid14963.log bytes=23929 remote=prevlog_20260924_223939_pid14963.log where=SurveyApp:enqueuePending(immediate):bg
09-25 13:35:40.941  5766  5766 D WM-WorkerWrapper: Starting work for com.negi.survey.net.GitHubUploadWorker
09-25 13:35:40.941  5766  5853 D CrashCapture: GitHub enqueue(crash file): name=prevlog_20260924_221312_pid11987.log bytes=19224 remote=prevlog_20260924_221312_pid11987.log where=SurveyApp:enqueuePending(immediate):bg
09-25 13:35:40.947  5766  5853 D CrashCapture: GitHub enqueue(crash file): name=prevlog_20260924_214905_pid9669.log bytes=62465 remote=prevlog_20260924_214905_pid9669.log where=SurveyApp:enqueuePending(immediate):bg
09-25 13:35:40.952  5766  5853 D CrashCapture: GitHub enqueue(crash file): name=prevlog_20260924_214524_pid9371.log bytes=19051 remote=prevlog_20260924_214524_pid9371.log where=SurveyApp:enqueuePending(immediate):bg
09-25 13:35:40.957  5766  5853 D CrashCapture: GitHub enqueue(crash file): name=prevlog_20260924_212716_pid6656.log bytes=18435 remote=prevlog_20260924_212716_pid6656.log where=SurveyApp:enqueuePending(immediate):bg
09-25 13:35:40.962  5766  5853 D CrashCapture: GitHub enqueue(crash file): name=prevlog_20260924_202234_pid4825.log bytes=33293 remote=prevlog_20260924_202234_pid4825.log where=SurveyApp:enqueuePending(immediate):bg
09-25 13:35:40.968  5766  5853 D CrashCapture: GitHub enqueue(crash file): name=prevlog_20260924_201650_pid4434.log bytes=24066 remote=prevlog_20260924_201650_pid4434.log where=SurveyApp:enqueuePending(immediate):bg
09-25 13:35:40.973  5766  5853 D CrashCapture: GitHub enqueue(crash file): name=prevlog_20260924_200918_pid3402.log bytes=14412 remote=prevlog_20260924_200918_pid3402.log where=SurveyApp:enqueuePending(immediate):bg
09-25 13:35:40.977  5766  5853 D CrashCapture: GitHub enqueue(crash file): name=prevlog_20260924_194812_pid926.log bytes=13869 remote=prevlog_20260924_194812_pid926.log where=SurveyApp:enqueuePending(immediate):bg
09-25 13:35:40.982  5766  5853 D CrashCapture: GitHub enqueue(crash file): name=prevlog_20260924_194201_pid32221.log bytes=25731 remote=prevlog_20260924_194201_pid32221.log where=SurveyApp:enqueuePending(immediate):bg
09-25 13:35:40.988  5766  5853 D CrashCapture: GitHub enqueue(crash file): name=prevlog_20260924_193929_pid31839.log bytes=18167 remote=prevlog_20260924_193929_pid31839.log where=SurveyApp:enqueuePending(immediate):bg
09-25 13:35:40.994  5766  5853 D CrashCapture: GitHub enqueue(crash file): name=prevlog_20260924_191756_pid29485.log bytes=20153 remote=prevlog_20260924_191756_pid29485.log where=SurveyApp:enqueuePending(immediate):bg
09-25 13:35:41.005  5766  5853 D CrashCapture: GitHub enqueue(ring file): bytes=79479 remote=ring_store/20260925_203541_pid5766_u291314/seg_00.log src=seg_00.log where=SurveyApp:enqueuePending(immediate):bg
09-25 13:35:41.009  5766  5853 D CrashCapture: Ring store enqueue done. dir=/data/user/0/com.negi.survey.local/files/diagnostics/applog_ring files=1 bytes=79479 capFiles=300 capBytes=90000000 where=SurveyApp:enqueuePending(immediate):bg
09-25 13:35:41.019  5766  5845 D WM-SystemJobScheduler: Scheduling work ID 5370dfa2-be17-4e1a-908a-17e02a132222Job ID 167
09-25 13:35:41.029  5766  5845 D WM-GreedyScheduler: Starting tracking for 5370dfa2-be17-4e1a-908a-17e02a132222
09-25 13:35:41.030  5766  5766 D WM-SystemJobService: onStartJob for WorkGenerationalId(workSpecId=5370dfa2-be17-4e1a-908a-17e02a132222, generation=0)
09-25 13:35:41.071  5766  5845 D WM-SystemJobScheduler: Scheduling work ID 52a505d9-dde7-4810-befe-892a781689c5Job ID 168
09-25 13:35:41.076  5766  5845 D WM-GreedyScheduler: Starting tracking for 5370dfa2-be17-4e1a-908a-17e02a132222,52a505d9-dde7-4810-befe-892a781689c5
09-25 13:35:41.076  5766  5766 D WM-SystemJobService: onStartJob for WorkGenerationalId(workSpecId=52a505d9-dde7-4810-befe-892a781689c5, generation=0)
09-25 13:35:41.098  5766  5845 D WM-SystemJobScheduler: Scheduling work ID f49be1fc-df03-46f0-9089-0cacba21d03bJob ID 169
09-25 13:35:41.101  5766  5845 D WM-GreedyScheduler: Starting tracking for 5370dfa2-be17-4e1a-908a-17e02a132222,52a505d9-dde7-4810-befe-892a781689c5,f49be1fc-df03-46f0-9089-0cacba21d03b
09-25 13:35:41.102  5766  5766 D WM-SystemJobService: onStartJob for WorkGenerationalId(workSpecId=f49be1fc-df03-46f0-9089-0cacba21d03b, generation=0)
09-25 13:35:41.120  5766  5845 D WM-SystemJobScheduler: Scheduling work ID 72fc817a-10d6-46fc-9857-28c51f3e335aJob ID 170
09-25 13:35:41.124  5766  5845 D WM-GreedyScheduler: Starting tracking for 5370dfa2-be17-4e1a-908a-17e02a132222,52a505d9-dde7-4810-befe-892a781689c5,72fc817a-10d6-46fc-9857-28c51f3e335a,f49be1fc-df03-46f0-9089-0cacba21d03b
09-25 13:35:41.124  5766  5766 D WM-SystemJobService: onStartJob for WorkGenerationalId(workSpecId=72fc817a-10d6-46fc-9857-28c51f3e335a, generation=0)
09-25 13:35:41.147  5766  5845 D WM-SystemJobScheduler: Scheduling work ID 4a5634fb-ba7c-400a-b9ec-2415071b26e2Job ID 171
09-25 13:35:41.154  5766  5845 D WM-GreedyScheduler: Starting tracking for 5370dfa2-be17-4e1a-908a-17e02a132222,4a5634fb-ba7c-400a-b9ec-2415071b26e2,52a505d9-dde7-4810-befe-892a781689c5,72fc817a-10d6-46fc-9857-28c51f3e335a,f49be1fc-df03-46f0-9089-0cacba21d03b
09-25 13:35:41.155  5766  5766 D WM-SystemJobService: onStartJob for WorkGenerationalId(workSpecId=4a5634fb-ba7c-400a-b9ec-2415071b26e2, generation=0)
09-25 13:35:41.155  5766  5845 D WM-WorkConstraintsTrack: NetworkRequestConstraintController send initial capabilities
09-25 13:35:41.177  5766  5845 D WM-SystemJobScheduler: Scheduling work ID c41d5828-f456-4cce-ba2f-6bc4e7ddea74Job ID 172
09-25 13:35:41.180  5766  5845 D WM-GreedyScheduler: Starting tracking for 5370dfa2-be17-4e1a-908a-17e02a132222,4a5634fb-ba7c-400a-b9ec-2415071b26e2,c41d5828-f456-4cce-ba2f-6bc4e7ddea74,52a505d9-dde7-4810-befe-892a781689c5,72fc817a-10d6-46fc-9857-28c51f3e335a,f49be1fc-df03-46f0-9089-0cacba21d03b
09-25 13:35:41.180  5766  5766 D WM-SystemJobService: onStartJob for WorkGenerationalId(workSpecId=c41d5828-f456-4cce-ba2f-6bc4e7ddea74, generation=0)
09-25 13:35:41.182  5766  5845 I WM-Processor: Moving WorkSpec (4dd7024b-54bd-48b0-bef6-b32e89238786) to the foreground
09-25 13:35:41.184  5766  5766 I WM-SystemFgDispatcher: Started foreground service Intent { act=ACTION_START_FOREGROUND xflg=0x4 cmp=com.negi.survey.local/androidx.work.impl.foreground.SystemForegroundService (has extras) }
09-25 13:35:41.184  5766  5766 D WM-SystemFgDispatcher: Notifying with (id:7280, workSpecId: 4dd7024b-54bd-48b0-bef6-b32e89238786, notificationType :1)
09-25 13:35:41.188  5766  5766 D WM-SystemFgDispatcher: Notifying with (id:7280, workSpecId: 4dd7024b-54bd-48b0-bef6-b32e89238786, notificationType :1)
09-25 13:35:41.200  5766  5845 D WM-SystemJobScheduler: Scheduling work ID 6f9616fb-1dc6-4433-81c5-5b0b8532552eJob ID 173
09-25 13:35:41.203  5766  5845 D WM-GreedyScheduler: Starting tracking for 5370dfa2-be17-4e1a-908a-17e02a132222,6f9616fb-1dc6-4433-81c5-5b0b8532552e,4a5634fb-ba7c-400a-b9ec-2415071b26e2,c41d5828-f456-4cce-ba2f-6bc4e7ddea74,52a505d9-dde7-4810-befe-892a781689c5,72fc817a-10d6-46fc-9857-28c51f3e335a,f49be1fc-df03-46f0-9089-0cacba21d03b
09-25 13:35:41.204  5766  5766 D WM-SystemJobService: onStartJob for WorkGenerationalId(workSpecId=6f9616fb-1dc6-4433-81c5-5b0b8532552e, generation=0)
09-25 13:35:41.215  5766  5845 D WM-SystemJobScheduler: Scheduling work ID d2aff2bc-6a7c-4814-ab58-d0dd84e7cd64Job ID 174
09-25 13:35:41.217  5766  5845 D WM-GreedyScheduler: Starting tracking for 5370dfa2-be17-4e1a-908a-17e02a132222,6f9616fb-1dc6-4433-81c5-5b0b8532552e,d2aff2bc-6a7c-4814-ab58-d0dd84e7cd64,4a5634fb-ba7c-400a-b9ec-2415071b26e2,c41d5828-f456-4cce-ba2f-6bc4e7ddea74,52a505d9-dde7-4810-befe-892a781689c5,72fc817a-10d6-46fc-9857-28c51f3e335a,f49be1fc-df03-46f0-9089-0cacba21d03b
09-25 13:35:41.219  5766  5766 D WM-SystemJobService: onStartJob for WorkGenerationalId(workSpecId=d2aff2bc-6a7c-4814-ab58-d0dd84e7cd64, generation=0)
09-25 13:35:41.228  5766  5845 D WM-SystemJobScheduler: Scheduling work ID f6d9384b-b074-459f-a834-a216138eb54fJob ID 175
09-25 13:35:41.231  5766  5845 D WM-GreedyScheduler: Starting tracking for f6d9384b-b074-459f-a834-a216138eb54f,5370dfa2-be17-4e1a-908a-17e02a132222,6f9616fb-1dc6-4433-81c5-5b0b8532552e,d2aff2bc-6a7c-4814-ab58-d0dd84e7cd64,4a5634fb-ba7c-400a-b9ec-2415071b26e2,c41d5828-f456-4cce-ba2f-6bc4e7ddea74,52a505d9-dde7-4810-befe-892a781689c5,72fc817a-10d6-46fc-9857-28c51f3e335a,f49be1fc-df03-46f0-9089-0cacba21d03b
09-25 13:35:41.232  5766  5766 D WM-SystemJobService: onStartJob for WorkGenerationalId(workSpecId=f6d9384b-b074-459f-a834-a216138eb54f, generation=0)
09-25 13:35:41.241  5766  5845 D WM-SystemJobScheduler: Scheduling work ID f9ebd570-c48c-4647-a57e-53bfa343526eJob ID 176
09-25 13:35:41.243  5766  5845 D WM-GreedyScheduler: Starting tracking for f6d9384b-b074-459f-a834-a216138eb54f,5370dfa2-be17-4e1a-908a-17e02a132222,6f9616fb-1dc6-4433-81c5-5b0b8532552e,d2aff2bc-6a7c-4814-ab58-d0dd84e7cd64,4a5634fb-ba7c-400a-b9ec-2415071b26e2,f9ebd570-c48c-4647-a57e-53bfa343526e,c41d5828-f456-4cce-ba2f-6bc4e7ddea74,52a505d9-dde7-4810-befe-892a781689c5,72fc817a-10d6-46fc-9857-28c51f3e335a,f49be1fc-df03-46f0-9089-0cacba21d03b
09-25 13:35:41.262  5766  5845 D WM-SystemJobScheduler: Scheduling work ID 82c24824-4862-4559-ad97-904aa156e063Job ID 177
09-25 13:35:41.265  5766  5845 D WM-GreedyScheduler: Starting tracking for f6d9384b-b074-459f-a834-a216138eb54f,5370dfa2-be17-4e1a-908a-17e02a132222,6f9616fb-1dc6-4433-81c5-5b0b8532552e,d2aff2bc-6a7c-4814-ab58-d0dd84e7cd64,4a5634fb-ba7c-400a-b9ec-2415071b26e2,f9ebd570-c48c-4647-a57e-53bfa343526e,c41d5828-f456-4cce-ba2f-6bc4e7ddea74,82c24824-4862-4559-ad97-904aa156e063,52a505d9-dde7-4810-befe-892a781689c5,72fc817a-10d6-46fc-9857-28c51f3e335a,f49be1fc-df03-46f0-9089-0cacba21d03b
09-25 13:35:41.281  5766  5845 D WM-SystemJobScheduler: Scheduling work ID 584078e9-0fb3-4f10-ba34-5b6bfb108001Job ID 178
09-25 13:35:41.284  5766  5845 D WM-GreedyScheduler: Starting tracking for f6d9384b-b074-459f-a834-a216138eb54f,5370dfa2-be17-4e1a-908a-17e02a132222,6f9616fb-1dc6-4433-81c5-5b0b8532552e,d2aff2bc-6a7c-4814-ab58-d0dd84e7cd64,4a5634fb-ba7c-400a-b9ec-2415071b26e2,f9ebd570-c48c-4647-a57e-53bfa343526e,c41d5828-f456-4cce-ba2f-6bc4e7ddea74,82c24824-4862-4559-ad97-904aa156e063,52a505d9-dde7-4810-befe-892a781689c5,584078e9-0fb3-4f10-ba34-5b6bfb108001,72fc817a-10d6-46fc-9857-28c51f3e335a,f49be1fc-df03-46f0-9089-0cacba21d03b
09-25 13:35:41.297  5766  5845 D WM-SystemJobScheduler: Scheduling work ID 7892c22b-5b56-45b5-a1e3-b9f641702342Job ID 179
09-25 13:35:41.298  5766  5845 D WM-GreedyScheduler: Starting tracking for f6d9384b-b074-459f-a834-a216138eb54f,6f9616fb-1dc6-4433-81c5-5b0b8532552e,d2aff2bc-6a7c-4814-ab58-d0dd84e7cd64,f9ebd570-c48c-4647-a57e-53bfa343526e,584078e9-0fb3-4f10-ba34-5b6bfb108001,72fc817a-10d6-46fc-9857-28c51f3e335a,7892c22b-5b56-45b5-a1e3-b9f641702342,5370dfa2-be17-4e1a-908a-17e02a132222,4a5634fb-ba7c-400a-b9ec-2415071b26e2,c41d5828-f456-4cce-ba2f-6bc4e7ddea74,82c24824-4862-4559-ad97-904aa156e063,52a505d9-dde7-4810-befe-892a781689c5,f49be1fc-df03-46f0-9089-0cacba21d03b
09-25 13:35:41.311  5766  5845 D WM-SystemJobScheduler: Scheduling work ID 3a883c8e-f7f8-4cfc-beb3-f2f30af50067Job ID 180
09-25 13:35:41.313  5766  5845 D WM-GreedyScheduler: Starting tracking for f6d9384b-b074-459f-a834-a216138eb54f,6f9616fb-1dc6-4433-81c5-5b0b8532552e,d2aff2bc-6a7c-4814-ab58-d0dd84e7cd64,f9ebd570-c48c-4647-a57e-53bfa343526e,584078e9-0fb3-4f10-ba34-5b6bfb108001,72fc817a-10d6-46fc-9857-28c51f3e335a,7892c22b-5b56-45b5-a1e3-b9f641702342,5370dfa2-be17-4e1a-908a-17e02a132222,4a5634fb-ba7c-400a-b9ec-2415071b26e2,3a883c8e-f7f8-4cfc-beb3-f2f30af50067,c41d5828-f456-4cce-ba2f-6bc4e7ddea74,82c24824-4862-4559-ad97-904aa156e063,52a505d9-dde7-4810-befe-892a781689c5,f49be1fc-df03-46f0-9089-0cacba21d03b
09-25 13:35:41.323  5766  5845 D WM-SystemJobScheduler: Scheduling work ID 22c53c99-68e4-4932-803c-29a401ce1cdeJob ID 181
09-25 13:35:41.325  5766  5845 D WM-GreedyScheduler: Starting tracking for f6d9384b-b074-459f-a834-a216138eb54f,6f9616fb-1dc6-4433-81c5-5b0b8532552e,d2aff2bc-6a7c-4814-ab58-d0dd84e7cd64,f9ebd570-c48c-4647-a57e-53bfa343526e,22c53c99-68e4-4932-803c-29a401ce1cde,584078e9-0fb3-4f10-ba34-5b6bfb108001,72fc817a-10d6-46fc-9857-28c51f3e335a,7892c22b-5b56-45b5-a1e3-b9f641702342,5370dfa2-be17-4e1a-908a-17e02a132222,4a5634fb-ba7c-400a-b9ec-2415071b26e2,3a883c8e-f7f8-4cfc-beb3-f2f30af50067,c41d5828-f456-4cce-ba2f-6bc4e7ddea74,82c24824-4862-4559-ad97-904aa156e063,52a505d9-dde7-4810-befe-892a781689c5,f49be1fc-df03-46f0-9089-0cacba21d03b
09-25 13:35:41.341  5766  5845 D WM-SystemJobScheduler: Scheduling work ID da4610b3-fe18-4a5f-8174-926a22c458d1Job ID 182
09-25 13:35:41.343  5766  5845 D WM-GreedyScheduler: Starting tracking for f6d9384b-b074-459f-a834-a216138eb54f,da4610b3-fe18-4a5f-8174-926a22c458d1,6f9616fb-1dc6-4433-81c5-5b0b8532552e,d2aff2bc-6a7c-4814-ab58-d0dd84e7cd64,f9ebd570-c48c-4647-a57e-53bfa343526e,22c53c99-68e4-4932-803c-29a401ce1cde,584078e9-0fb3-4f10-ba34-5b6bfb108001,72fc817a-10d6-46fc-9857-28c51f3e335a,7892c22b-5b56-45b5-a1e3-b9f641702342,5370dfa2-be17-4e1a-908a-17e02a132222,4a5634fb-ba7c-400a-b9ec-2415071b26e2,3a883c8e-f7f8-4cfc-beb3-f2f30af50067,c41d5828-f456-4cce-ba2f-6bc4e7ddea74,82c24824-4862-4559-ad97-904aa156e063,52a505d9-dde7-4810-befe-892a781689c5,f49be1fc-df03-46f0-9089-0cacba21d03b
09-25 13:35:41.356  5766  5845 D WM-SystemJobScheduler: Scheduling work ID f6658e8f-021b-4823-8db7-094ee02adf5bJob ID 183
09-25 13:35:41.359  5766  5845 D WM-GreedyScheduler: Starting tracking for f6d9384b-b074-459f-a834-a216138eb54f,da4610b3-fe18-4a5f-8174-926a22c458d1,6f9616fb-1dc6-4433-81c5-5b0b8532552e,d2aff2bc-6a7c-4814-ab58-d0dd84e7cd64,f9ebd570-c48c-4647-a57e-53bfa343526e,22c53c99-68e4-4932-803c-29a401ce1cde,f6658e8f-021b-4823-8db7-094ee02adf5b,584078e9-0fb3-4f10-ba34-5b6bfb108001,72fc817a-10d6-46fc-9857-28c51f3e335a,7892c22b-5b56-45b5-a1e3-b9f641702342,5370dfa2-be17-4e1a-908a-17e02a132222,4a5634fb-ba7c-400a-b9ec-2415071b26e2,3a883c8e-f7f8-4cfc-beb3-f2f30af50067,c41d5828-f456-4cce-ba2f-6bc4e7ddea74,82c24824-4862-4559-ad97-904aa156e063,52a505d9-dde7-4810-befe-892a781689c5,f49be1fc-df03-46f0-9089-0cacba21d03b
09-25 13:35:41.362  5766  5845 D WM-Processor: Processor: processing WorkGenerationalId(workSpecId=5370dfa2-be17-4e1a-908a-17e02a132222, generation=0)
09-25 13:35:41.366  5766  5845 D WM-Processor: Processor: processing WorkGenerationalId(workSpecId=52a505d9-dde7-4810-befe-892a781689c5, generation=0)
09-25 13:35:41.368  5766  5845 D WM-Processor: Processor: processing WorkGenerationalId(workSpecId=f49be1fc-df03-46f0-9089-0cacba21d03b, generation=0)
09-25 13:35:41.370  5766  5845 D WM-Processor: Processor: processing WorkGenerationalId(workSpecId=72fc817a-10d6-46fc-9857-28c51f3e335a, generation=0)
09-25 13:35:41.370  5766  5845 D WM-WorkProgressUpdater: Updating progress for 249e3f17-bc97-46d3-85fa-28de0778ae2f (Data {pct : 14, mode : startup_runtime_logs})
09-25 13:35:41.373  5766  5845 I WM-Processor: Moving WorkSpec (249e3f17-bc97-46d3-85fa-28de0778ae2f) to the foreground
09-25 13:35:41.376  5766  5845 D WM-WorkProgressUpdater: Updating progress for 249e3f17-bc97-46d3-85fa-28de0778ae2f (Data {pct : 50, mode : startup_runtime_logs})
09-25 13:35:41.377  5766  5766 D WM-SystemFgDispatcher: Notifying with (id:7264, workSpecId: 249e3f17-bc97-46d3-85fa-28de0778ae2f, notificationType :1)
09-25 13:35:41.379  5766  5845 I WM-Processor: Moving WorkSpec (249e3f17-bc97-46d3-85fa-28de0778ae2f) to the foreground
09-25 13:35:41.383  5766  5845 D WM-Processor: Processor: processing WorkGenerationalId(workSpecId=4a5634fb-ba7c-400a-b9ec-2415071b26e2, generation=0)
09-25 13:35:41.386  5766  5845 D WM-Processor: Processor: processing WorkGenerationalId(workSpecId=c41d5828-f456-4cce-ba2f-6bc4e7ddea74, generation=0)
09-25 13:35:41.386  5766  5845 D WM-WorkProgressUpdater: Updating progress for 4dd7024b-54bd-48b0-bef6-b32e89238786 (Data {pct : 3, mode : startup_ring_logs})
09-25 13:35:41.386  5766  5766 D WM-SystemFgDispatcher: Notifying with (id:7264, workSpecId: 249e3f17-bc97-46d3-85fa-28de0778ae2f, notificationType :1)
09-25 13:35:41.389  5766  5845 I WM-Processor: Moving WorkSpec (4dd7024b-54bd-48b0-bef6-b32e89238786) to the foreground
09-25 13:35:41.393  5766  5766 D WM-SystemFgDispatcher: Notifying with (id:7280, workSpecId: 4dd7024b-54bd-48b0-bef6-b32e89238786, notificationType :1)
09-25 13:35:41.393  5766  5845 D WM-Processor: Processor: processing WorkGenerationalId(workSpecId=6f9616fb-1dc6-4433-81c5-5b0b8532552e, generation=0)
09-25 13:35:41.396  5766  5845 D WM-Processor: Processor: processing WorkGenerationalId(workSpecId=d2aff2bc-6a7c-4814-ab58-d0dd84e7cd64, generation=0)
09-25 13:35:41.399  5766  5845 D WM-Processor: Processor: processing WorkGenerationalId(workSpecId=f6d9384b-b074-459f-a834-a216138eb54f, generation=0)
09-25 13:35:41.435  5766  5766 D WM-WorkerWrapper: Starting work for com.negi.survey.net.GitHubUploadWorker
09-25 13:35:41.461  5766  5766 D WM-WorkerWrapper: Starting work for com.negi.survey.net.GitHubUploadWorker
09-25 13:35:41.475  5766  5766 D WM-WorkerWrapper: Starting work for com.negi.survey.net.GitHubUploadWorker
09-25 13:35:41.484  5766  5766 D WM-WorkerWrapper: Starting work for com.negi.survey.net.GitHubUploadWorker
09-25 13:35:41.493  5766  5766 D WM-WorkerWrapper: Starting work for com.negi.survey.net.GitHubUploadWorker
09-25 13:35:41.494  5766  5842 D WM-GreedyScheduler: Constraints met: Scheduling work ID WorkGenerationalId(workSpecId=4dd7024b-54bd-48b0-bef6-b32e89238786, generation=0)
09-25 13:35:41.502  5766  5766 D WM-WorkerWrapper: Starting work for com.negi.survey.net.GitHubUploadWorker
09-25 13:35:41.510  5766  5766 D WM-WorkerWrapper: Starting work for com.negi.survey.net.GitHubUploadWorker
09-25 13:35:41.517  5766  5766 D WM-WorkerWrapper: Starting work for com.negi.survey.net.GitHubUploadWorker
09-25 13:35:41.524  5766  5766 D WM-WorkerWrapper: Starting work for com.negi.survey.net.GitHubUploadWorker
09-25 13:35:41.526  5766  5842 D WM-WorkConstraintsTrack: NetworkRequestConstraintController send initial capabilities
09-25 13:35:41.528  5766  5842 D WM-WorkConstraintsTrack: NetworkRequestConstraintController send initial capabilities
09-25 13:35:41.530  5766  5842 I WM-Processor: Moving WorkSpec (5370dfa2-be17-4e1a-908a-17e02a132222) to the foreground
09-25 13:35:41.534  5766  5766 I WM-SystemFgDispatcher: Started foreground service Intent { act=ACTION_START_FOREGROUND xflg=0x4 cmp=com.negi.survey.local/androidx.work.impl.foreground.SystemForegroundService (has extras) }
09-25 13:35:41.535  5766  5766 D WM-SystemFgDispatcher: Notifying with (id:4800, workSpecId: 5370dfa2-be17-4e1a-908a-17e02a132222, notificationType :1)
09-25 13:35:41.536  5766  5842 D WM-WorkConstraintsTrack: NetworkRequestConstraintController send initial capabilities
09-25 13:35:41.542  5766  5842 I WM-Processor: Moving WorkSpec (52a505d9-dde7-4810-befe-892a781689c5) to the foreground
09-25 13:35:41.544  5766  5834 D GitHubUploader: uploadStream: owner=ishizuki-tech repo=SurveyExports branch=main path=diagnostics/crash/2026-09-25/prevlog_20260925_203540_pid5766.log size=21148 maxRawBytesHint=1000000 maxRequestBytesHint=2800000
09-25 13:35:41.546  5766  5766 D WM-SystemFgDispatcher: Notifying with (id:4800, workSpecId: 5370dfa2-be17-4e1a-908a-17e02a132222, notificationType :1)
09-25 13:35:41.550  5766  5842 D WM-WorkConstraintsTrack: NetworkRequestConstraintController send initial capabilities
09-25 13:35:41.553  5766  5842 I WM-Processor: Moving WorkSpec (f49be1fc-df03-46f0-9089-0cacba21d03b) to the foreground
09-25 13:35:41.557  5766  5833 D GitHubUploader: uploadStream: owner=ishizuki-tech repo=SurveyExports branch=main path=diagnostics/crash/2026-09-25/prevlog_20260925_202248_pid5285.log size=240001 maxRawBytesHint=1000000 maxRequestBytesHint=2800000
09-25 13:35:41.558  5766  5766 I WM-SystemFgDispatcher: Started foreground service Intent { act=ACTION_START_FOREGROUND xflg=0x4 cmp=com.negi.survey.local/androidx.work.impl.foreground.SystemForegroundService (has extras) }
09-25 13:35:41.558  5766  5842 D WM-WorkConstraintsTrack: NetworkRequestConstraintController send initial capabilities
09-25 13:35:41.559  5766  5766 D WM-SystemFgDispatcher: Notifying with (id:10879, workSpecId: 52a505d9-dde7-4810-befe-892a781689c5, notificationType :1)
09-25 13:35:41.561  5766  5861 D GitHubUploader: uploadStream: owner=ishizuki-tech repo=SurveyExports branch=main path=diagnostics/crash/2026-09-25/prevlog_20260925_202017_pid5007.log size=15934 maxRawBytesHint=1000000 maxRequestBytesHint=2800000
09-25 13:35:41.561  5766  5842 I WM-Processor: Moving WorkSpec (72fc817a-10d6-46fc-9857-28c51f3e335a) to the foreground
09-25 13:35:41.568  5766  5766 D WM-SystemFgDispatcher: Notifying with (id:10879, workSpecId: 52a505d9-dde7-4810-befe-892a781689c5, notificationType :1)
09-25 13:35:41.570  5766  5842 D WM-Processor: Work WorkGenerationalId(workSpecId=4dd7024b-54bd-48b0-bef6-b32e89238786, generation=0) is already enqueued for processing
09-25 13:35:41.572  5766  5842 I WM-Processor: Moving WorkSpec (4a5634fb-ba7c-400a-b9ec-2415071b26e2) to the foreground
09-25 13:35:41.575  5766  5863 D GitHubUploader: uploadStream: owner=ishizuki-tech repo=SurveyExports branch=main path=diagnostics/crash/2026-09-25/prevlog_20260924_231118_pid18389.log size=26299 maxRawBytesHint=1000000 maxRequestBytesHint=2800000
09-25 13:35:41.577  5766  5766 I WM-SystemFgDispatcher: Started foreground service Intent { act=ACTION_START_FOREGROUND xflg=0x4 cmp=com.negi.survey.local/androidx.work.impl.foreground.SystemForegroundService (has extras) }
09-25 13:35:41.577  5766  5766 D WM-SystemFgDispatcher: Notifying with (id:9209, workSpecId: f49be1fc-df03-46f0-9089-0cacba21d03b, notificationType :1)
09-25 13:35:41.578  5766  5842 D WM-WorkConstraintsTrack: NetworkRequestConstraintController send initial capabilities
09-25 13:35:41.580  5766  5842 D WM-WorkConstraintsTrack: NetworkRequestConstraintController send initial capabilities
09-25 13:35:41.581  5766  5864 D GitHubUploader: uploadStream: owner=ishizuki-tech repo=SurveyExports branch=main path=diagnostics/crash/2026-09-25/prevlog_20260924_223939_pid14963.log size=23929 maxRawBytesHint=1000000 maxRequestBytesHint=2800000
09-25 13:35:41.582  5766  5842 I WM-Processor: Moving WorkSpec (c41d5828-f456-4cce-ba2f-6bc4e7ddea74) to the foreground
09-25 13:35:41.589  5766  5842 D WM-WorkConstraintsTrack: NetworkRequestConstraintController send initial capabilities
09-25 13:35:41.591  5766  5766 D WM-SystemFgDispatcher: Notifying with (id:9209, workSpecId: f49be1fc-df03-46f0-9089-0cacba21d03b, notificationType :1)
09-25 13:35:41.592  5766  5842 I WM-Processor: Moving WorkSpec (6f9616fb-1dc6-4433-81c5-5b0b8532552e) to the foreground
09-25 13:35:41.595  5766  5865 D GitHubUploader: uploadStream: owner=ishizuki-tech repo=SurveyExports branch=main path=diagnostics/crash/2026-09-25/prevlog_20260924_221312_pid11987.log size=19224 maxRawBytesHint=1000000 maxRequestBytesHint=2800000
09-25 13:35:41.597  5766  5766 I WM-SystemFgDispatcher: Started foreground service Intent { act=ACTION_START_FOREGROUND xflg=0x4 cmp=com.negi.survey.local/androidx.work.impl.foreground.SystemForegroundService (has extras) }
09-25 13:35:41.597  5766  5766 D WM-SystemFgDispatcher: Notifying with (id:10479, workSpecId: 72fc817a-10d6-46fc-9857-28c51f3e335a, notificationType :1)
09-25 13:35:41.599  5766  5842 D WM-WorkConstraintsTrack: NetworkRequestConstraintController send initial capabilities
09-25 13:35:41.605  5766  5842 I WM-Processor: Moving WorkSpec (d2aff2bc-6a7c-4814-ab58-d0dd84e7cd64) to the foreground
09-25 13:35:41.608  5766  5766 D WM-SystemFgDispatcher: Notifying with (id:10479, workSpecId: 72fc817a-10d6-46fc-9857-28c51f3e335a, notificationType :1)
09-25 13:35:41.608  5766  5866 D GitHubUploader: uploadStream: owner=ishizuki-tech repo=SurveyExports branch=main path=diagnostics/crash/2026-09-25/prevlog_20260924_214905_pid9669.log size=62465 maxRawBytesHint=1000000 maxRequestBytesHint=2800000
09-25 13:35:41.611  5766  5842 D WM-WorkConstraintsTrack: NetworkRequestConstraintController send initial capabilities
09-25 13:35:41.612  5766  5842 D WM-WorkConstraintsTrack: NetworkRequestConstraintController send initial capabilities
09-25 13:35:41.612  5766  5842 D WM-WorkConstraintsTrack: NetworkRequestConstraintController send initial capabilities
09-25 13:35:41.613  5766  5842 D WM-WorkConstraintsTrack: NetworkRequestConstraintController send initial capabilities
09-25 13:35:41.613  5766  5842 D WM-WorkConstraintsTrack: NetworkRequestConstraintController send initial capabilities
09-25 13:35:41.614  5766  5842 D WM-WorkConstraintsTrack: NetworkRequestConstraintController send initial capabilities
09-25 13:35:41.614  5766  5842 D WM-WorkConstraintsTrack: NetworkRequestConstraintController send initial capabilities
09-25 13:35:41.615  5766  5842 D WM-WorkConstraintsTrack: NetworkRequestConstraintController send initial capabilities
09-25 13:35:41.615  5766  5766 I WM-SystemFgDispatcher: Started foreground service Intent { act=ACTION_START_FOREGROUND xflg=0x4 cmp=com.negi.survey.local/androidx.work.impl.foreground.SystemForegroundService (has extras) }
09-25 13:35:41.616  5766  5766 D WM-SystemFgDispatcher: Notifying with (id:8003, workSpecId: 4a5634fb-ba7c-400a-b9ec-2415071b26e2, notificationType :1)
09-25 13:35:41.618  5766  5867 D GitHubUploader: uploadStream: owner=ishizuki-tech repo=SurveyExports branch=main path=diagnostics/crash/2026-09-25/prevlog_20260924_214524_pid9371.log size=19051 maxRawBytesHint=1000000 maxRequestBytesHint=2800000
09-25 13:35:41.633  5766  5843 I WM-Processor: Moving WorkSpec (f6d9384b-b074-459f-a834-a216138eb54f) to the foreground
09-25 13:35:41.634  5766  5766 D WM-SystemFgDispatcher: Notifying with (id:8003, workSpecId: 4a5634fb-ba7c-400a-b9ec-2415071b26e2, notificationType :1)
09-25 13:35:41.644  5766  5766 I WM-SystemFgDispatcher: Started foreground service Intent { act=ACTION_START_FOREGROUND xflg=0x4 cmp=com.negi.survey.local/androidx.work.impl.foreground.SystemForegroundService (has extras) }
09-25 13:35:41.644  5766  5766 D WM-SystemFgDispatcher: Notifying with (id:6944, workSpecId: c41d5828-f456-4cce-ba2f-6bc4e7ddea74, notificationType :1)
09-25 13:35:41.650  5766  5766 D WM-SystemFgDispatcher: Notifying with (id:6944, workSpecId: c41d5828-f456-4cce-ba2f-6bc4e7ddea74, notificationType :1)
09-25 13:35:41.651  5766  5860 D GitHubUploader: uploadStream: owner=ishizuki-tech repo=SurveyExports branch=main path=diagnostics/crash/2026-09-25/prevlog_20260924_212716_pid6656.log size=18435 maxRawBytesHint=1000000 maxRequestBytesHint=2800000
09-25 13:35:41.655  5766  5766 I WM-SystemFgDispatcher: Started foreground service Intent { act=ACTION_START_FOREGROUND xflg=0x4 cmp=com.negi.survey.local/androidx.work.impl.foreground.SystemForegroundService (has extras) }
09-25 13:35:41.655  5766  5766 D WM-SystemFgDispatcher: Notifying with (id:3815, workSpecId: 6f9616fb-1dc6-4433-81c5-5b0b8532552e, notificationType :1)
09-25 13:35:41.656  5766  5843 D WM-WorkProgressUpdater: Updating progress for 5370dfa2-be17-4e1a-908a-17e02a132222 (Data {pct : 0, mode : file})
09-25 13:35:41.661  5766  5766 D WM-SystemFgDispatcher: Notifying with (id:3815, workSpecId: 6f9616fb-1dc6-4433-81c5-5b0b8532552e, notificationType :1)
09-25 13:35:41.665  5766  5766 I WM-SystemFgDispatcher: Started foreground service Intent { act=ACTION_START_FOREGROUND xflg=0x4 cmp=com.negi.survey.local/androidx.work.impl.foreground.SystemForegroundService (has extras) }
09-25 13:35:41.665  5766  5766 D WM-SystemFgDispatcher: Notifying with (id:9825, workSpecId: d2aff2bc-6a7c-4814-ab58-d0dd84e7cd64, notificationType :1)
09-25 13:35:41.671  5766  5766 D WM-SystemFgDispatcher: Notifying with (id:9825, workSpecId: d2aff2bc-6a7c-4814-ab58-d0dd84e7cd64, notificationType :1)
09-25 13:35:41.673  5766  5843 I WM-Processor: Moving WorkSpec (5370dfa2-be17-4e1a-908a-17e02a132222) to the foreground
09-25 13:35:41.675  5766  5766 I WM-SystemFgDispatcher: Started foreground service Intent { act=ACTION_START_FOREGROUND xflg=0x4 cmp=com.negi.survey.local/androidx.work.impl.foreground.SystemForegroundService (has extras) }
09-25 13:35:41.675  5766  5766 D WM-SystemFgDispatcher: Notifying with (id:6473, workSpecId: f6d9384b-b074-459f-a834-a216138eb54f, notificationType :1)
09-25 13:35:41.678  5766  5843 D WM-WorkProgressUpdater: Updating progress for 52a505d9-dde7-4810-befe-892a781689c5 (Data {pct : 0, mode : file})
09-25 13:35:41.681  5766  5766 D WM-SystemFgDispatcher: Notifying with (id:6473, workSpecId: f6d9384b-b074-459f-a834-a216138eb54f, notificationType :1)
09-25 13:35:41.686  5766  5766 D WM-SystemFgDispatcher: Notifying with (id:4800, workSpecId: 5370dfa2-be17-4e1a-908a-17e02a132222, notificationType :1)
09-25 13:35:41.690  5766  5843 I WM-Processor: Moving WorkSpec (52a505d9-dde7-4810-befe-892a781689c5) to the foreground
09-25 13:35:41.695  5766  5766 D WM-SystemFgDispatcher: Notifying with (id:10879, workSpecId: 52a505d9-dde7-4810-befe-892a781689c5, notificationType :1)
09-25 13:35:41.695  5766  5843 D WM-WorkProgressUpdater: Updating progress for f49be1fc-df03-46f0-9089-0cacba21d03b (Data {pct : 0, mode : file})
09-25 13:35:41.706  5766  5844 I WM-Processor: Moving WorkSpec (f49be1fc-df03-46f0-9089-0cacba21d03b) to the foreground
09-25 13:35:41.711  5766  5766 D WM-SystemFgDispatcher: Notifying with (id:9209, workSpecId: f49be1fc-df03-46f0-9089-0cacba21d03b, notificationType :1)
09-25 13:35:41.713  5766  5844 D WM-WorkProgressUpdater: Updating progress for 72fc817a-10d6-46fc-9857-28c51f3e335a (Data {pct : 0, mode : file})
09-25 13:35:41.726  5766  5844 I WM-Processor: Moving WorkSpec (72fc817a-10d6-46fc-9857-28c51f3e335a) to the foreground
09-25 13:35:41.730  5766  5766 D WM-SystemFgDispatcher: Notifying with (id:10479, workSpecId: 72fc817a-10d6-46fc-9857-28c51f3e335a, notificationType :1)
09-25 13:35:41.732  5766  5844 D WM-WorkConstraintsTrack: NetworkRequestConstraintController send initial capabilities
09-25 13:35:41.734  5766  5844 D WM-WorkProgressUpdater: Updating progress for 4a5634fb-ba7c-400a-b9ec-2415071b26e2 (Data {pct : 0, mode : file})
09-25 13:35:41.745  5766  5844 I WM-Processor: Moving WorkSpec (4a5634fb-ba7c-400a-b9ec-2415071b26e2) to the foreground
09-25 13:35:41.749  5766  5766 D WM-SystemFgDispatcher: Notifying with (id:8003, workSpecId: 4a5634fb-ba7c-400a-b9ec-2415071b26e2, notificationType :1)
09-25 13:35:41.749  5766  5844 D WM-WorkProgressUpdater: Updating progress for c41d5828-f456-4cce-ba2f-6bc4e7ddea74 (Data {pct : 0, mode : file})
09-25 13:35:41.758  5766  5844 I WM-Processor: Moving WorkSpec (c41d5828-f456-4cce-ba2f-6bc4e7ddea74) to the foreground
09-25 13:35:41.761  5766  5766 D WM-SystemFgDispatcher: Notifying with (id:6944, workSpecId: c41d5828-f456-4cce-ba2f-6bc4e7ddea74, notificationType :1)
09-25 13:35:41.762  5766  5844 D WM-WorkProgressUpdater: Updating progress for 6f9616fb-1dc6-4433-81c5-5b0b8532552e (Data {pct : 0, mode : file})
09-25 13:35:41.770  5766  5844 I WM-Processor: Moving WorkSpec (6f9616fb-1dc6-4433-81c5-5b0b8532552e) to the foreground
09-25 13:35:41.773  5766  5766 D WM-SystemFgDispatcher: Notifying with (id:3815, workSpecId: 6f9616fb-1dc6-4433-81c5-5b0b8532552e, notificationType :1)
09-25 13:35:41.778  5766  5844 D WM-GreedyScheduler: Constraints met: Scheduling work ID WorkGenerationalId(workSpecId=5370dfa2-be17-4e1a-908a-17e02a132222, generation=0)
09-25 13:35:41.779  5766  5844 D WM-GreedyScheduler: Constraints met: Scheduling work ID WorkGenerationalId(workSpecId=52a505d9-dde7-4810-befe-892a781689c5, generation=0)
09-25 13:35:41.779  5766  5844 D WM-WorkProgressUpdater: Updating progress for d2aff2bc-6a7c-4814-ab58-d0dd84e7cd64 (Data {pct : 0, mode : file})
09-25 13:35:41.784  5766  5844 I WM-Processor: Moving WorkSpec (d2aff2bc-6a7c-4814-ab58-d0dd84e7cd64) to the foreground
09-25 13:35:41.787  5766  5766 D WM-SystemFgDispatcher: Notifying with (id:9825, workSpecId: d2aff2bc-6a7c-4814-ab58-d0dd84e7cd64, notificationType :1)
09-25 13:35:41.789  5766  5844 D WM-GreedyScheduler: Constraints met: Scheduling work ID WorkGenerationalId(workSpecId=f49be1fc-df03-46f0-9089-0cacba21d03b, generation=0)
09-25 13:35:41.790  5766  5844 D WM-WorkProgressUpdater: Updating progress for f6d9384b-b074-459f-a834-a216138eb54f (Data {pct : 0, mode : file})
09-25 13:35:41.796  5766  5844 I WM-Processor: Moving WorkSpec (f6d9384b-b074-459f-a834-a216138eb54f) to the foreground
09-25 13:35:41.799  5766  5766 D WM-SystemFgDispatcher: Notifying with (id:6473, workSpecId: f6d9384b-b074-459f-a834-a216138eb54f, notificationType :1)
09-25 13:35:41.799  5766  5844 D WM-GreedyScheduler: Constraints met: Scheduling work ID WorkGenerationalId(workSpecId=72fc817a-10d6-46fc-9857-28c51f3e335a, generation=0)
09-25 13:35:41.800  5766  5844 D WM-GreedyScheduler: Constraints met: Scheduling work ID WorkGenerationalId(workSpecId=4a5634fb-ba7c-400a-b9ec-2415071b26e2, generation=0)
09-25 13:35:41.803  5766  5844 D WM-GreedyScheduler: Constraints met: Scheduling work ID WorkGenerationalId(workSpecId=c41d5828-f456-4cce-ba2f-6bc4e7ddea74, generation=0)
09-25 13:35:41.804  5766  5844 D WM-GreedyScheduler: Constraints met: Scheduling work ID WorkGenerationalId(workSpecId=6f9616fb-1dc6-4433-81c5-5b0b8532552e, generation=0)
09-25 13:35:41.804  5766  5844 D WM-GreedyScheduler: Constraints met: Scheduling work ID WorkGenerationalId(workSpecId=d2aff2bc-6a7c-4814-ab58-d0dd84e7cd64, generation=0)
09-25 13:35:41.805  5766  5844 D WM-GreedyScheduler: Constraints met: Scheduling work ID WorkGenerationalId(workSpecId=f6d9384b-b074-459f-a834-a216138eb54f, generation=0)
09-25 13:35:41.806  5766  5844 D WM-GreedyScheduler: Constraints met: Scheduling work ID WorkGenerationalId(workSpecId=f9ebd570-c48c-4647-a57e-53bfa343526e, generation=0)
09-25 13:35:41.806  5766  5844 D WM-GreedyScheduler: Constraints met: Scheduling work ID WorkGenerationalId(workSpecId=82c24824-4862-4559-ad97-904aa156e063, generation=0)
09-25 13:35:41.807  5766  5844 D WM-GreedyScheduler: Constraints met: Scheduling work ID WorkGenerationalId(workSpecId=584078e9-0fb3-4f10-ba34-5b6bfb108001, generation=0)
09-25 13:35:41.807  5766  5844 D WM-GreedyScheduler: Constraints met: Scheduling work ID WorkGenerationalId(workSpecId=7892c22b-5b56-45b5-a1e3-b9f641702342, generation=0)
09-25 13:35:41.807  5766  5844 D WM-GreedyScheduler: Constraints met: Scheduling work ID WorkGenerationalId(workSpecId=3a883c8e-f7f8-4cfc-beb3-f2f30af50067, generation=0)
09-25 13:35:41.809  5766  5843 D WM-GreedyScheduler: Constraints met: Scheduling work ID WorkGenerationalId(workSpecId=22c53c99-68e4-4932-803c-29a401ce1cde, generation=0)
09-25 13:35:41.812  5766  5843 D WM-GreedyScheduler: Constraints met: Scheduling work ID WorkGenerationalId(workSpecId=da4610b3-fe18-4a5f-8174-926a22c458d1, generation=0)
09-25 13:35:41.814  5766  5843 D WM-GreedyScheduler: Constraints met: Scheduling work ID WorkGenerationalId(workSpecId=f6658e8f-021b-4823-8db7-094ee02adf5b, generation=0)
09-25 13:35:41.827  5766  5843 D WM-Processor: Work WorkGenerationalId(workSpecId=5370dfa2-be17-4e1a-908a-17e02a132222, generation=0) is already enqueued for processing
09-25 13:35:41.836  5766  5843 D WM-Processor: Work WorkGenerationalId(workSpecId=52a505d9-dde7-4810-befe-892a781689c5, generation=0) is already enqueued for processing
09-25 13:35:41.848  5766  5843 D WM-Processor: Work WorkGenerationalId(workSpecId=f49be1fc-df03-46f0-9089-0cacba21d03b, generation=0) is already enqueued for processing
09-25 13:35:41.858  5766  5843 D WM-Processor: Work WorkGenerationalId(workSpecId=72fc817a-10d6-46fc-9857-28c51f3e335a, generation=0) is already enqueued for processing
09-25 13:35:41.865  5766  5843 D WM-Processor: Work WorkGenerationalId(workSpecId=4a5634fb-ba7c-400a-b9ec-2415071b26e2, generation=0) is already enqueued for processing
09-25 13:35:41.872  5766  5843 D WM-Processor: Work WorkGenerationalId(workSpecId=c41d5828-f456-4cce-ba2f-6bc4e7ddea74, generation=0) is already enqueued for processing
09-25 13:35:41.878  5766  5843 D WM-Processor: Work WorkGenerationalId(workSpecId=6f9616fb-1dc6-4433-81c5-5b0b8532552e, generation=0) is already enqueued for processing
09-25 13:35:41.883  5766  5843 D WM-Processor: Work WorkGenerationalId(workSpecId=d2aff2bc-6a7c-4814-ab58-d0dd84e7cd64, generation=0) is already enqueued for processing
09-25 13:35:41.887  5766  5843 D WM-Processor: Work WorkGenerationalId(workSpecId=f6d9384b-b074-459f-a834-a216138eb54f, generation=0) is already enqueued for processing
09-25 13:35:41.892  5766  5843 D WM-Processor: Processor: processing WorkGenerationalId(workSpecId=f9ebd570-c48c-4647-a57e-53bfa343526e, generation=0)
09-25 13:35:41.898  5766  5843 D WM-Processor: Processor: processing WorkGenerationalId(workSpecId=82c24824-4862-4559-ad97-904aa156e063, generation=0)
09-25 13:35:41.902  5766  5843 D WM-Processor: Processor: processing WorkGenerationalId(workSpecId=584078e9-0fb3-4f10-ba34-5b6bfb108001, generation=0)
09-25 13:35:41.906  5766  5843 D WM-Processor: Processor: processing WorkGenerationalId(workSpecId=7892c22b-5b56-45b5-a1e3-b9f641702342, generation=0)
09-25 13:35:41.910  5766  5843 D WM-Processor: Processor: processing WorkGenerationalId(workSpecId=3a883c8e-f7f8-4cfc-beb3-f2f30af50067, generation=0)
09-25 13:35:41.914  5766  5843 D WM-Processor: Processor: processing WorkGenerationalId(workSpecId=22c53c99-68e4-4932-803c-29a401ce1cde, generation=0)
09-25 13:35:41.917  5766  5843 D WM-Processor: Processor: processing WorkGenerationalId(workSpecId=da4610b3-fe18-4a5f-8174-926a22c458d1, generation=0)
09-25 13:35:41.921  5766  5843 D WM-Processor: Processor: processing WorkGenerationalId(workSpecId=f6658e8f-021b-4823-8db7-094ee02adf5b, generation=0)
09-25 13:35:41.923  5766  5843 D WM-WorkProgressUpdater: Updating progress for 5370dfa2-be17-4e1a-908a-17e02a132222 (Data {pct : 10, mode : file})
09-25 13:35:41.925  5766  5869 D github_upload: doRingLogsUpload: remoteBaseDir=diagnostics/applog_ring/2026-09-25/applog_ring_startup_ring_20260925_203540_76ee5b62_app_start segs=1 bytes=79479 source=/data/user/0/com.negi.survey.local/files/diagnostics/applog_ring snapshot=/data/user/0/com.negi.survey.local/cache/diagnostics_ring_upload/startup_ring_20260925_203540_76ee5b62
09-25 13:35:41.927  5766  5869 D GitHubUploader: uploadStream: owner=ishizuki-tech repo=SurveyExports branch=main path=diagnostics/applog_ring/2026-09-25/applog_ring_startup_ring_20260925_203540_76ee5b62_app_start/seg_00.log size=79479 maxRawBytesHint=1000000 maxRequestBytesHint=2800000
09-25 13:35:41.928  5766  5843 I WM-Processor: Moving WorkSpec (5370dfa2-be17-4e1a-908a-17e02a132222) to the foreground
09-25 13:35:41.932  5766  5843 D WM-WorkProgressUpdater: Updating progress for 5370dfa2-be17-4e1a-908a-17e02a132222 (Data {pct : 40, mode : file})
09-25 13:35:41.934  5766  5766 D WM-SystemFgDispatcher: Notifying with (id:4800, workSpecId: 5370dfa2-be17-4e1a-908a-17e02a132222, notificationType :1)
09-25 13:35:41.936  5766  5843 I WM-Processor: Moving WorkSpec (5370dfa2-be17-4e1a-908a-17e02a132222) to the foreground
09-25 13:35:41.939  5766  5843 D WM-WorkProgressUpdater: Updating progress for 5370dfa2-be17-4e1a-908a-17e02a132222 (Data {pct : 71, mode : file})
09-25 13:35:41.942  5766  5843 D WM-WorkConstraintsTrack: NetworkRequestConstraintController send initial capabilities
09-25 13:35:41.944  5766  5766 D WM-SystemFgDispatcher: Notifying with (id:4800, workSpecId: 5370dfa2-be17-4e1a-908a-17e02a132222, notificationType :1)
09-25 13:35:41.944  5766  5843 I WM-Processor: Moving WorkSpec (5370dfa2-be17-4e1a-908a-17e02a132222) to the foreground
--------- beginning of system
09-25 13:35:41.945  5766  5766 W NotificationManager: Shedding notify (update) of NotificationKey[user=UserHandle{0}, pkg=com.negi.survey.local, tag=null, id=4800], rate limit (5.0) exceeded: input 8.28333, output would be 5.8055444
09-25 13:35:41.947  5766  5843 D WM-WorkProgressUpdater: Updating progress for 5370dfa2-be17-4e1a-908a-17e02a132222 (Data {pct : 90, mode : file})
09-25 13:35:41.948  5766  5766 D WM-SystemFgDispatcher: Notifying with (id:4800, workSpecId: 5370dfa2-be17-4e1a-908a-17e02a132222, notificationType :1)
09-25 13:35:41.948  5766  5832 D GitHubUploader: uploadStream: done url=https://github.com/ishizuki-tech/SurveyExports/blob/main/diagnostics/runtime_logs/2026-09-25/runtime_logs_startup_runtime_20260925_203538_e5e25041_receiver_my_package_repl/runtime_log_20260925_203540_605_pid5766_receiver_my_package_repl__rtlog_20260925_203538_175_pid5766_seq1.log sha=a489847af9fb260ae43e6bfef18a2ab7181a5ae6
09-25 13:35:41.954  5766  5843 I WM-Processor: Moving WorkSpec (5370dfa2-be17-4e1a-908a-17e02a132222) to the foreground
09-25 13:35:41.958  5766  5766 D WM-SystemFgDispatcher: Notifying with (id:4800, workSpecId: 5370dfa2-be17-4e1a-908a-17e02a132222, notificationType :1)
09-25 13:35:41.958  5766  5843 D WM-WorkConstraintsTrack: NetworkRequestConstraintController send initial capabilities
09-25 13:35:41.959  5766  5843 D WM-WorkConstraintsTrack: NetworkRequestConstraintController send initial capabilities
09-25 13:35:41.959  5766  5843 D WM-WorkConstraintsTrack: NetworkRequestConstraintController send initial capabilities
09-25 13:35:41.959  5766  5843 D WM-WorkProgressUpdater: Updating progress for c41d5828-f456-4cce-ba2f-6bc4e7ddea74 (Data {pct : 10, mode : file})
09-25 13:35:41.964  5766  5843 I WM-Processor: Moving WorkSpec (c41d5828-f456-4cce-ba2f-6bc4e7ddea74) to the foreground
09-25 13:35:41.967  5766  5766 D WM-SystemFgDispatcher: Notifying with (id:6944, workSpecId: c41d5828-f456-4cce-ba2f-6bc4e7ddea74, notificationType :1)
09-25 13:35:41.971  5766  5832 D RuntimeLogStore: deleteRolledLogFiles: deleted=1 excludeActive=true active=rtlog_20260925_203540_591_pid5766_seq2.log
09-25 13:35:41.973  5766  5766 D WM-WorkerWrapper: Starting work for com.negi.survey.net.GitHubUploadWorker
09-25 13:35:41.974  5766  5843 D WM-WorkProgressUpdater: Updating progress for c41d5828-f456-4cce-ba2f-6bc4e7ddea74 (Data {pct : 44, mode : file})
09-25 13:35:41.974  5766  5832 D GitHubUploader: uploadStream: owner=ishizuki-tech repo=SurveyExports branch=main path=diagnostics/runtime_logs/2026-09-25/runtime_logs_startup_runtime_20260925_203538_e5e25041_receiver_my_package_repl/runtime_log_20260925_203540_605_pid5766_receiver_my_package_repl__rtlog_20260925_202248_052_pid5285_seq2.log size=12696 maxRawBytesHint=1000000 maxRequestBytesHint=2800000
09-25 13:35:41.979  5766  5843 I WM-Processor: Moving WorkSpec (c41d5828-f456-4cce-ba2f-6bc4e7ddea74) to the foreground
09-25 13:35:41.982  5766  5843 D WM-WorkProgressUpdater: Updating progress for c41d5828-f456-4cce-ba2f-6bc4e7ddea74 (Data {pct : 78, mode : file})
09-25 13:35:41.982  5766  5766 D WM-SystemFgDispatcher: Notifying with (id:6944, workSpecId: c41d5828-f456-4cce-ba2f-6bc4e7ddea74, notificationType :1)
09-25 13:35:41.986  5766  5843 I WM-Processor: Moving WorkSpec (c41d5828-f456-4cce-ba2f-6bc4e7ddea74) to the foreground
09-25 13:35:41.988  5766  5843 D WM-WorkProgressUpdater: Updating progress for c41d5828-f456-4cce-ba2f-6bc4e7ddea74 (Data {pct : 90, mode : file})
09-25 13:35:41.989  5766  5766 D WM-SystemFgDispatcher: Notifying with (id:6944, workSpecId: c41d5828-f456-4cce-ba2f-6bc4e7ddea74, notificationType :1)
09-25 13:35:41.992  5766  5843 I WM-Processor: Moving WorkSpec (c41d5828-f456-4cce-ba2f-6bc4e7ddea74) to the foreground
09-25 13:35:41.995  5766  5766 D WM-SystemFgDispatcher: Notifying with (id:6944, workSpecId: c41d5828-f456-4cce-ba2f-6bc4e7ddea74, notificationType :1)
09-25 13:35:42.003  5766  5843 D WM-WorkProgressUpdater: Updating progress for f49be1fc-df03-46f0-9089-0cacba21d03b (Data {pct : 10, mode : file})
09-25 13:35:42.003  5766  5766 D WM-WorkerWrapper: Starting work for com.negi.survey.net.GitHubUploadWorker
09-25 13:35:42.007  5766  5843 I WM-Processor: Moving WorkSpec (f49be1fc-df03-46f0-9089-0cacba21d03b) to the foreground
09-25 13:35:42.011  5766  5766 D WM-SystemFgDispatcher: Notifying with (id:9209, workSpecId: f49be1fc-df03-46f0-9089-0cacba21d03b, notificationType :1)
09-25 13:35:42.015  5766  5843 D WM-WorkProgressUpdater: Updating progress for f49be1fc-df03-46f0-9089-0cacba21d03b (Data {pct : 51, mode : file})
09-25 13:35:42.017  5766  5766 D WM-WorkerWrapper: Starting work for com.negi.survey.net.GitHubUploadWorker
09-25 13:35:42.019  5766  5843 I WM-Processor: Moving WorkSpec (f49be1fc-df03-46f0-9089-0cacba21d03b) to the foreground
09-25 13:35:42.022  5766  5766 D WM-SystemFgDispatcher: Notifying with (id:9209, workSpecId: f49be1fc-df03-46f0-9089-0cacba21d03b, notificationType :1)
09-25 13:35:42.027  5766  5766 D WM-WorkerWrapper: Starting work for com.negi.survey.net.GitHubUploadWorker
09-25 13:35:42.032  5766  5843 D WM-WorkProgressUpdater: Updating progress for f49be1fc-df03-46f0-9089-0cacba21d03b (Data {pct : 90, mode : file})
09-25 13:35:42.032  5766  5766 D WM-WorkerWrapper: Starting work for com.negi.survey.net.GitHubUploadWorker
09-25 13:35:42.035  5766  5843 I WM-Processor: Moving WorkSpec (f49be1fc-df03-46f0-9089-0cacba21d03b) to the foreground
09-25 13:35:42.039  5766  5766 D WM-SystemFgDispatcher: Notifying with (id:9209, workSpecId: f49be1fc-df03-46f0-9089-0cacba21d03b, notificationType :1)
09-25 13:35:42.049  5766  5766 D WM-WorkerWrapper: Starting work for com.negi.survey.net.GitHubUploadWorker
09-25 13:35:42.052  5766  5766 D WM-WorkerWrapper: Starting work for com.negi.survey.net.GitHubUploadWorker
09-25 13:35:42.059  5766  5766 D WM-WorkerWrapper: Starting work for com.negi.survey.net.GitHubUploadWorker
09-25 13:35:42.059  5766  5843 D WM-WorkConstraintsTrack: NetworkRequestConstraintController send initial capabilities
09-25 13:35:42.061  5766  5843 D WM-WorkProgressUpdater: Updating progress for 4dd7024b-54bd-48b0-bef6-b32e89238786 (Data {pct : 10, mode : startup_ring_logs})
09-25 13:35:42.067  5766  5843 I WM-Processor: Moving WorkSpec (4dd7024b-54bd-48b0-bef6-b32e89238786) to the foreground
09-25 13:35:42.069  5766  5843 D WM-WorkProgressUpdater: Updating progress for 72fc817a-10d6-46fc-9857-28c51f3e335a (Data {pct : 10, mode : file})
09-25 13:35:42.070  5766  5766 D WM-SystemFgDispatcher: Notifying with (id:7280, workSpecId: 4dd7024b-54bd-48b0-bef6-b32e89238786, notificationType :1)
09-25 13:35:42.072  5766  5843 I WM-Processor: Moving WorkSpec (72fc817a-10d6-46fc-9857-28c51f3e335a) to the foreground
09-25 13:35:42.074  5766  5843 D WM-WorkProgressUpdater: Updating progress for 72fc817a-10d6-46fc-9857-28c51f3e335a (Data {pct : 34, mode : file})
09-25 13:35:42.076  5766  5766 D WM-SystemFgDispatcher: Notifying with (id:10479, workSpecId: 72fc817a-10d6-46fc-9857-28c51f3e335a, notificationType :1)
09-25 13:35:42.078  5766  5843 I WM-Processor: Moving WorkSpec (72fc817a-10d6-46fc-9857-28c51f3e335a) to the foreground
09-25 13:35:42.080  5766  5843 D WM-WorkConstraintsTrack: NetworkRequestConstraintController send initial capabilities
09-25 13:35:42.080  5766  5843 D WM-WorkProgressUpdater: Updating progress for 72fc817a-10d6-46fc-9857-28c51f3e335a (Data {pct : 59, mode : file})
09-25 13:35:42.081  5766  5766 D WM-SystemFgDispatcher: Notifying with (id:10479, workSpecId: 72fc817a-10d6-46fc-9857-28c51f3e335a, notificationType :1)
09-25 13:35:42.083  5766  5843 I WM-Processor: Moving WorkSpec (72fc817a-10d6-46fc-9857-28c51f3e335a) to the foreground
09-25 13:35:42.085  5766  5843 D WM-WorkProgressUpdater: Updating progress for 72fc817a-10d6-46fc-9857-28c51f3e335a (Data {pct : 84, mode : file})
09-25 13:35:42.086  5766  5766 D WM-SystemFgDispatcher: Notifying with (id:10479, workSpecId: 72fc817a-10d6-46fc-9857-28c51f3e335a, notificationType :1)
09-25 13:35:42.089  5766  5843 I WM-Processor: Moving WorkSpec (72fc817a-10d6-46fc-9857-28c51f3e335a) to the foreground
09-25 13:35:42.091  5766  5843 D WM-WorkProgressUpdater: Updating progress for 72fc817a-10d6-46fc-9857-28c51f3e335a (Data {pct : 90, mode : file})
09-25 13:35:42.091  5766  5766 D WM-SystemFgDispatcher: Notifying with (id:10479, workSpecId: 72fc817a-10d6-46fc-9857-28c51f3e335a, notificationType :1)
09-25 13:35:42.095  5766  5843 I WM-Processor: Moving WorkSpec (72fc817a-10d6-46fc-9857-28c51f3e335a) to the foreground
09-25 13:35:42.098  5766  5843 D WM-WorkProgressUpdater: Updating progress for 249e3f17-bc97-46d3-85fa-28de0778ae2f (Data {pct : 52, mode : startup_runtime_logs})
09-25 13:35:42.098  5766  5766 D WM-SystemFgDispatcher: Notifying with (id:10479, workSpecId: 72fc817a-10d6-46fc-9857-28c51f3e335a, notificationType :1)
09-25 13:35:42.104  5766  5843 I WM-Processor: Moving WorkSpec (249e3f17-bc97-46d3-85fa-28de0778ae2f) to the foreground
09-25 13:35:42.107  5766  5843 D WM-WorkConstraintsTrack: NetworkRequestConstraintController send initial capabilities
09-25 13:35:42.107  5766  5766 D WM-SystemFgDispatcher: Notifying with (id:7264, workSpecId: 249e3f17-bc97-46d3-85fa-28de0778ae2f, notificationType :1)
09-25 13:35:42.107  5766  5843 D WM-WorkConstraintsTrack: NetworkRequestConstraintController send initial capabilities
09-25 13:35:42.108  5766  5843 D WM-WorkConstraintsTrack: NetworkRequestConstraintController send initial capabilities
09-25 13:35:42.111  5766  5844 D WM-WorkProgressUpdater: Updating progress for f6d9384b-b074-459f-a834-a216138eb54f (Data {pct : 10, mode : file})
09-25 13:35:42.123  5766  5843 I WM-Processor: Moving WorkSpec (f6d9384b-b074-459f-a834-a216138eb54f) to the foreground
09-25 13:35:42.125  5766  5843 D WM-WorkProgressUpdater: Updating progress for 4a5634fb-ba7c-400a-b9ec-2415071b26e2 (Data {pct : 10, mode : file})
09-25 13:35:42.125  5766  5766 D WM-SystemFgDispatcher: Notifying with (id:6473, workSpecId: f6d9384b-b074-459f-a834-a216138eb54f, notificationType :1)
09-25 13:35:42.128  5766  5843 I WM-Processor: Moving WorkSpec (4a5634fb-ba7c-400a-b9ec-2415071b26e2) to the foreground
09-25 13:35:42.130  5766  5766 D WM-SystemFgDispatcher: Notifying with (id:8003, workSpecId: 4a5634fb-ba7c-400a-b9ec-2415071b26e2, notificationType :1)
09-25 13:35:42.131  5766  5843 D WM-WorkProgressUpdater: Updating progress for 4a5634fb-ba7c-400a-b9ec-2415071b26e2 (Data {pct : 37, mode : file})
09-25 13:35:42.134  5766  5843 I WM-Processor: Moving WorkSpec (4a5634fb-ba7c-400a-b9ec-2415071b26e2) to the foreground
09-25 13:35:42.136  5766  5843 D WM-WorkProgressUpdater: Updating progress for 4a5634fb-ba7c-400a-b9ec-2415071b26e2 (Data {pct : 64, mode : file})
09-25 13:35:42.136  5766  5766 D WM-SystemFgDispatcher: Notifying with (id:8003, workSpecId: 4a5634fb-ba7c-400a-b9ec-2415071b26e2, notificationType :1)
09-25 13:35:42.139  5766  5843 I WM-Processor: Moving WorkSpec (4a5634fb-ba7c-400a-b9ec-2415071b26e2) to the foreground
09-25 13:35:42.141  5766  5843 D WM-WorkProgressUpdater: Updating progress for f6d9384b-b074-459f-a834-a216138eb54f (Data {pct : 45, mode : file})
09-25 13:35:42.141  5766  5766 D WM-SystemFgDispatcher: Notifying with (id:8003, workSpecId: 4a5634fb-ba7c-400a-b9ec-2415071b26e2, notificationType :1)
09-25 13:35:42.143  5766  5843 D WM-WorkProgressUpdater: Updating progress for 4a5634fb-ba7c-400a-b9ec-2415071b26e2 (Data {pct : 90, mode : file})
09-25 13:35:42.147  5766  5843 I WM-Processor: Moving WorkSpec (f6d9384b-b074-459f-a834-a216138eb54f) to the foreground
09-25 13:35:42.149  5766  5766 D WM-SystemFgDispatcher: Notifying with (id:6473, workSpecId: f6d9384b-b074-459f-a834-a216138eb54f, notificationType :1)
09-25 13:35:42.149  5766  5843 I WM-Processor: Moving WorkSpec (4a5634fb-ba7c-400a-b9ec-2415071b26e2) to the foreground
09-25 13:35:42.151  5766  5843 D WM-WorkProgressUpdater: Updating progress for 249e3f17-bc97-46d3-85fa-28de0778ae2f (Data {pct : 55, mode : startup_runtime_logs})
09-25 13:35:42.152  5766  5766 D WM-SystemFgDispatcher: Notifying with (id:8003, workSpecId: 4a5634fb-ba7c-400a-b9ec-2415071b26e2, notificationType :1)
09-25 13:35:42.155  5766  5843 I WM-Processor: Moving WorkSpec (249e3f17-bc97-46d3-85fa-28de0778ae2f) to the foreground
09-25 13:35:42.156  5766  5843 D WM-WorkProgressUpdater: Updating progress for f6d9384b-b074-459f-a834-a216138eb54f (Data {pct : 81, mode : file})
09-25 13:35:42.157  5766  5766 D WM-SystemFgDispatcher: Notifying with (id:7264, workSpecId: 249e3f17-bc97-46d3-85fa-28de0778ae2f, notificationType :1)
09-25 13:35:42.160  5766  5843 I WM-Processor: Moving WorkSpec (f6d9384b-b074-459f-a834-a216138eb54f) to the foreground
09-25 13:35:42.163  5766  5843 D WM-WorkProgressUpdater: Updating progress for f6d9384b-b074-459f-a834-a216138eb54f (Data {pct : 90, mode : file})
09-25 13:35:42.164  5766  5766 D WM-SystemFgDispatcher: Notifying with (id:6473, workSpecId: f6d9384b-b074-459f-a834-a216138eb54f, notificationType :1)
09-25 13:35:42.167  5766  5843 D WM-WorkProgressUpdater: Updating progress for d2aff2bc-6a7c-4814-ab58-d0dd84e7cd64 (Data {pct : 10, mode : file})
09-25 13:35:42.171  5766  5843 I WM-Processor: Moving WorkSpec (f6d9384b-b074-459f-a834-a216138eb54f) to the foreground
09-25 13:35:42.174  5766  5766 D WM-SystemFgDispatcher: Notifying with (id:6473, workSpecId: f6d9384b-b074-459f-a834-a216138eb54f, notificationType :1)
09-25 13:35:42.174  5766  5843 I WM-Processor: Moving WorkSpec (d2aff2bc-6a7c-4814-ab58-d0dd84e7cd64) to the foreground
09-25 13:35:42.177  5766  5843 I WM-Processor: Moving WorkSpec (f9ebd570-c48c-4647-a57e-53bfa343526e) to the foreground
09-25 13:35:42.179  5766  5766 D WM-SystemFgDispatcher: Notifying with (id:9825, workSpecId: d2aff2bc-6a7c-4814-ab58-d0dd84e7cd64, notificationType :1)
09-25 13:35:42.182  5766  5766 I WM-SystemFgDispatcher: Started foreground service Intent { act=ACTION_START_FOREGROUND xflg=0x4 cmp=com.negi.survey.local/androidx.work.impl.foreground.SystemForegroundService (has extras) }
09-25 13:35:42.182  5766  5766 D WM-SystemFgDispatcher: Notifying with (id:5788, workSpecId: f9ebd570-c48c-4647-a57e-53bfa343526e, notificationType :1)
09-25 13:35:42.183  5766  5843 D WM-WorkProgressUpdater: Updating progress for d2aff2bc-6a7c-4814-ab58-d0dd84e7cd64 (Data {pct : 44, mode : file})
09-25 13:35:42.186  5766  5766 D WM-SystemFgDispatcher: Notifying with (id:5788, workSpecId: f9ebd570-c48c-4647-a57e-53bfa343526e, notificationType :1)
09-25 13:35:42.188  5766  5843 I WM-Processor: Moving WorkSpec (d2aff2bc-6a7c-4814-ab58-d0dd84e7cd64) to the foreground
09-25 13:35:42.190  5766  5843 D WM-WorkProgressUpdater: Updating progress for d2aff2bc-6a7c-4814-ab58-d0dd84e7cd64 (Data {pct : 78, mode : file})
09-25 13:35:42.190  5766  5766 D WM-SystemFgDispatcher: Notifying with (id:9825, workSpecId: d2aff2bc-6a7c-4814-ab58-d0dd84e7cd64, notificationType :1)
09-25 13:35:42.194  5766  5843 I WM-Processor: Moving WorkSpec (d2aff2bc-6a7c-4814-ab58-d0dd84e7cd64) to the foreground
09-25 13:35:42.196  5766  5843 D WM-WorkProgressUpdater: Updating progress for d2aff2bc-6a7c-4814-ab58-d0dd84e7cd64 (Data {pct : 90, mode : file})
09-25 13:35:42.196  5766  5766 D WM-SystemFgDispatcher: Notifying with (id:9825, workSpecId: d2aff2bc-6a7c-4814-ab58-d0dd84e7cd64, notificationType :1)
09-25 13:35:42.196  5766  5870 D GitHubUploader: uploadStream: owner=ishizuki-tech repo=SurveyExports branch=main path=diagnostics/crash/2026-09-25/prevlog_20260924_202234_pid4825.log size=33293 maxRawBytesHint=1000000 maxRequestBytesHint=2800000
09-25 13:35:42.200  5766  5843 I WM-Processor: Moving WorkSpec (d2aff2bc-6a7c-4814-ab58-d0dd84e7cd64) to the foreground
09-25 13:35:42.202  5766  5766 D WM-SystemFgDispatcher: Notifying with (id:9825, workSpecId: d2aff2bc-6a7c-4814-ab58-d0dd84e7cd64, notificationType :1)
09-25 13:35:42.202  5766  5843 I WM-Processor: Moving WorkSpec (82c24824-4862-4559-ad97-904aa156e063) to the foreground
09-25 13:35:42.207  5766  5843 D WM-WorkProgressUpdater: Updating progress for 52a505d9-dde7-4810-befe-892a781689c5 (Data {pct : 10, mode : file})
09-25 13:35:42.207  5766  5766 I WM-SystemFgDispatcher: Started foreground service Intent { act=ACTION_START_FOREGROUND xflg=0x4 cmp=com.negi.survey.local/androidx.work.impl.foreground.SystemForegroundService (has extras) }
09-25 13:35:42.208  5766  5766 D WM-SystemFgDispatcher: Notifying with (id:4716, workSpecId: 82c24824-4862-4559-ad97-904aa156e063, notificationType :1)
09-25 13:35:42.209  5766  5871 D GitHubUploader: uploadStream: owner=ishizuki-tech repo=SurveyExports branch=main path=diagnostics/crash/2026-09-25/prevlog_20260924_201650_pid4434.log size=24066 maxRawBytesHint=1000000 maxRequestBytesHint=2800000
09-25 13:35:42.211  5766  5843 I WM-Processor: Moving WorkSpec (52a505d9-dde7-4810-befe-892a781689c5) to the foreground
09-25 13:35:42.213  5766  5843 D WM-WorkProgressUpdater: Updating progress for 52a505d9-dde7-4810-befe-892a781689c5 (Data {pct : 12, mode : file})
09-25 13:35:42.215  5766  5766 D WM-SystemFgDispatcher: Notifying with (id:4716, workSpecId: 82c24824-4862-4559-ad97-904aa156e063, notificationType :1)
09-25 13:35:42.217  5766  5843 I WM-Processor: Moving WorkSpec (52a505d9-dde7-4810-befe-892a781689c5) to the foreground
09-25 13:35:42.218  5766  5766 D WM-SystemFgDispatcher: Notifying with (id:10879, workSpecId: 52a505d9-dde7-4810-befe-892a781689c5, notificationType :1)
09-25 13:35:42.218  5766  5843 D WM-WorkProgressUpdater: Updating progress for 52a505d9-dde7-4810-befe-892a781689c5 (Data {pct : 15, mode : file})
09-25 13:35:42.221  5766  5766 D WM-SystemFgDispatcher: Notifying with (id:10879, workSpecId: 52a505d9-dde7-4810-befe-892a781689c5, notificationType :1)
09-25 13:35:42.222  5766  5843 I WM-Processor: Moving WorkSpec (52a505d9-dde7-4810-befe-892a781689c5) to the foreground
09-25 13:35:42.224  5766  5766 D WM-SystemFgDispatcher: Notifying with (id:10879, workSpecId: 52a505d9-dde7-4810-befe-892a781689c5, notificationType :1)
09-25 13:35:42.226  5766  5843 I WM-Processor: Moving WorkSpec (584078e9-0fb3-4f10-ba34-5b6bfb108001) to the foreground
09-25 13:35:42.228  5766  5766 I WM-SystemFgDispatcher: Started foreground service Intent { act=ACTION_START_FOREGROUND xflg=0x4 cmp=com.negi.survey.local/androidx.work.impl.foreground.SystemForegroundService (has extras) }
09-25 13:35:42.229  5766  5766 D WM-SystemFgDispatcher: Notifying with (id:10439, workSpecId: 584078e9-0fb3-4f10-ba34-5b6bfb108001, notificationType :1)
09-25 13:35:42.230  5766  5843 D WM-WorkProgressUpdater: Updating progress for 52a505d9-dde7-4810-befe-892a781689c5 (Data {pct : 18, mode : file})
09-25 13:35:42.234  5766  5843 I WM-Processor: Moving WorkSpec (52a505d9-dde7-4810-befe-892a781689c5) to the foreground
09-25 13:35:42.236  5766  5766 D WM-SystemFgDispatcher: Notifying with (id:10439, workSpecId: 584078e9-0fb3-4f10-ba34-5b6bfb108001, notificationType :1)
09-25 13:35:42.236  5766  5843 D WM-WorkProgressUpdater: Updating progress for 52a505d9-dde7-4810-befe-892a781689c5 (Data {pct : 20, mode : file})
09-25 13:35:42.238  5766  5872 D GitHubUploader: uploadStream: owner=ishizuki-tech repo=SurveyExports branch=main path=diagnostics/crash/2026-09-25/prevlog_20260924_200918_pid3402.log size=14412 maxRawBytesHint=1000000 maxRequestBytesHint=2800000
09-25 13:35:42.240  5766  5766 D WM-SystemFgDispatcher: Notifying with (id:10879, workSpecId: 52a505d9-dde7-4810-befe-892a781689c5, notificationType :1)
09-25 13:35:42.242  5766  5843 I WM-Processor: Moving WorkSpec (52a505d9-dde7-4810-befe-892a781689c5) to the foreground
09-25 13:35:42.245  5766  5843 D WM-WorkProgressUpdater: Updating progress for 52a505d9-dde7-4810-befe-892a781689c5 (Data {pct : 23, mode : file})
09-25 13:35:42.247  5766  5766 D WM-SystemFgDispatcher: Notifying with (id:10879, workSpecId: 52a505d9-dde7-4810-befe-892a781689c5, notificationType :1)
09-25 13:35:42.249  5766  5843 I WM-Processor: Moving WorkSpec (52a505d9-dde7-4810-befe-892a781689c5) to the foreground
09-25 13:35:42.250  5766  5843 D WM-WorkProgressUpdater: Updating progress for 52a505d9-dde7-4810-befe-892a781689c5 (Data {pct : 26, mode : file})
09-25 13:35:42.250  5766  5766 D WM-SystemFgDispatcher: Notifying with (id:10879, workSpecId: 52a505d9-dde7-4810-befe-892a781689c5, notificationType :1)
09-25 13:35:42.255  5766  5843 I WM-Processor: Moving WorkSpec (52a505d9-dde7-4810-befe-892a781689c5) to the foreground
09-25 13:35:42.257  5766  5843 D WM-WorkProgressUpdater: Updating progress for 52a505d9-dde7-4810-befe-892a781689c5 (Data {pct : 29, mode : file})
09-25 13:35:42.257  5766  5766 D WM-SystemFgDispatcher: Notifying with (id:10879, workSpecId: 52a505d9-dde7-4810-befe-892a781689c5, notificationType :1)
09-25 13:35:42.262  5766  5842 I WM-Processor: Moving WorkSpec (52a505d9-dde7-4810-befe-892a781689c5) to the foreground
09-25 13:35:42.265  5766  5766 D WM-SystemFgDispatcher: Notifying with (id:10879, workSpecId: 52a505d9-dde7-4810-befe-892a781689c5, notificationType :1)
09-25 13:35:42.265  5766  5842 D WM-WorkProgressUpdater: Updating progress for 52a505d9-dde7-4810-befe-892a781689c5 (Data {pct : 31, mode : file})
09-25 13:35:42.276  5766  5842 I WM-Processor: Moving WorkSpec (52a505d9-dde7-4810-befe-892a781689c5) to the foreground
09-25 13:35:42.280  5766  5843 D WM-WorkProgressUpdater: Updating progress for 52a505d9-dde7-4810-befe-892a781689c5 (Data {pct : 34, mode : file})
09-25 13:35:42.280  5766  5766 D WM-SystemFgDispatcher: Notifying with (id:10879, workSpecId: 52a505d9-dde7-4810-befe-892a781689c5, notificationType :1)
09-25 13:35:42.284  5766  5843 I WM-Processor: Moving WorkSpec (52a505d9-dde7-4810-befe-892a781689c5) to the foreground
09-25 13:35:42.285  5766  5843 D WM-WorkProgressUpdater: Updating progress for 52a505d9-dde7-4810-befe-892a781689c5 (Data {pct : 37, mode : file})
09-25 13:35:42.286  5766  5766 D WM-SystemFgDispatcher: Notifying with (id:10879, workSpecId: 52a505d9-dde7-4810-befe-892a781689c5, notificationType :1)
09-25 13:35:42.289  5766  5843 I WM-Processor: Moving WorkSpec (52a505d9-dde7-4810-befe-892a781689c5) to the foreground
09-25 13:35:42.291  5766  5843 D WM-WorkProgressUpdater: Updating progress for 52a505d9-dde7-4810-befe-892a781689c5 (Data {pct : 40, mode : file})
09-25 13:35:42.291  5766  5766 D WM-SystemFgDispatcher: Notifying with (id:10879, workSpecId: 52a505d9-dde7-4810-befe-892a781689c5, notificationType :1)
09-25 13:35:42.295  5766  5843 I WM-Processor: Moving WorkSpec (52a505d9-dde7-4810-befe-892a781689c5) to the foreground
09-25 13:35:42.296  5766  5843 D WM-WorkProgressUpdater: Updating progress for 52a505d9-dde7-4810-befe-892a781689c5 (Data {pct : 42, mode : file})
09-25 13:35:42.297  5766  5766 D WM-SystemFgDispatcher: Notifying with (id:10879, workSpecId: 52a505d9-dde7-4810-befe-892a781689c5, notificationType :1)
09-25 13:35:42.300  5766  5843 I WM-Processor: Moving WorkSpec (52a505d9-dde7-4810-befe-892a781689c5) to the foreground
09-25 13:35:42.302  5766  5766 D WM-SystemFgDispatcher: Notifying with (id:10879, workSpecId: 52a505d9-dde7-4810-befe-892a781689c5, notificationType :1)
09-25 13:35:42.303  5766  5843 D WM-WorkProgressUpdater: Updating progress for 52a505d9-dde7-4810-befe-892a781689c5 (Data {pct : 45, mode : file})
09-25 13:35:42.308  5766  5843 I WM-Processor: Moving WorkSpec (52a505d9-dde7-4810-befe-892a781689c5) to the foreground
09-25 13:35:42.310  5766  5843 D WM-WorkProgressUpdater: Updating progress for 52a505d9-dde7-4810-befe-892a781689c5 (Data {pct : 48, mode : file})
09-25 13:35:42.311  5766  5766 D WM-SystemFgDispatcher: Notifying with (id:10879, workSpecId: 52a505d9-dde7-4810-befe-892a781689c5, notificationType :1)
09-25 13:35:42.314  5766  5843 I WM-Processor: Moving WorkSpec (52a505d9-dde7-4810-befe-892a781689c5) to the foreground
09-25 13:35:42.316  5766  5843 D WM-WorkProgressUpdater: Updating progress for 52a505d9-dde7-4810-befe-892a781689c5 (Data {pct : 50, mode : file})
09-25 13:35:42.317  5766  5766 D WM-SystemFgDispatcher: Notifying with (id:10879, workSpecId: 52a505d9-dde7-4810-befe-892a781689c5, notificationType :1)
09-25 13:35:42.320  5766  5843 I WM-Processor: Moving WorkSpec (52a505d9-dde7-4810-befe-892a781689c5) to the foreground
09-25 13:35:42.323  5766  5843 D WM-WorkProgressUpdater: Updating progress for 52a505d9-dde7-4810-befe-892a781689c5 (Data {pct : 53, mode : file})
09-25 13:35:42.324  5766  5766 D WM-SystemFgDispatcher: Notifying with (id:10879, workSpecId: 52a505d9-dde7-4810-befe-892a781689c5, notificationType :1)
09-25 13:35:42.327  5766  5843 I WM-Processor: Moving WorkSpec (52a505d9-dde7-4810-befe-892a781689c5) to the foreground
09-25 13:35:42.330  5766  5843 D WM-WorkProgressUpdater: Updating progress for 52a505d9-dde7-4810-befe-892a781689c5 (Data {pct : 56, mode : file})
09-25 13:35:42.331  5766  5766 D WM-SystemFgDispatcher: Notifying with (id:10879, workSpecId: 52a505d9-dde7-4810-befe-892a781689c5, notificationType :1)
09-25 13:35:42.333  5766  5843 I WM-Processor: Moving WorkSpec (52a505d9-dde7-4810-befe-892a781689c5) to the foreground
09-25 13:35:42.336  5766  5843 D WM-WorkProgressUpdater: Updating progress for 52a505d9-dde7-4810-befe-892a781689c5 (Data {pct : 59, mode : file})
09-25 13:35:42.337  5766  5766 D WM-SystemFgDispatcher: Notifying with (id:10879, workSpecId: 52a505d9-dde7-4810-befe-892a781689c5, notificationType :1)
09-25 13:35:42.341  5766  5843 I WM-Processor: Moving WorkSpec (52a505d9-dde7-4810-befe-892a781689c5) to the foreground
09-25 13:35:42.343  5766  5843 D WM-WorkProgressUpdater: Updating progress for 52a505d9-dde7-4810-befe-892a781689c5 (Data {pct : 61, mode : file})
09-25 13:35:42.344  5766  5766 D WM-SystemFgDispatcher: Notifying with (id:10879, workSpecId: 52a505d9-dde7-4810-befe-892a781689c5, notificationType :1)
09-25 13:35:42.347  5766  5843 I WM-Processor: Moving WorkSpec (52a505d9-dde7-4810-befe-892a781689c5) to the foreground
09-25 13:35:42.349  5766  5843 D WM-WorkProgressUpdater: Updating progress for 52a505d9-dde7-4810-befe-892a781689c5 (Data {pct : 64, mode : file})
09-25 13:35:42.350  5766  5766 D WM-SystemFgDispatcher: Notifying with (id:10879, workSpecId: 52a505d9-dde7-4810-befe-892a781689c5, notificationType :1)
09-25 13:35:42.353  5766  5843 I WM-Processor: Moving WorkSpec (52a505d9-dde7-4810-befe-892a781689c5) to the foreground
09-25 13:35:42.355  5766  5843 D WM-WorkProgressUpdater: Updating progress for 52a505d9-dde7-4810-befe-892a781689c5 (Data {pct : 67, mode : file})
09-25 13:35:42.356  5766  5766 D WM-SystemFgDispatcher: Notifying with (id:10879, workSpecId: 52a505d9-dde7-4810-befe-892a781689c5, notificationType :1)
09-25 13:35:42.359  5766  5843 I WM-Processor: Moving WorkSpec (52a505d9-dde7-4810-befe-892a781689c5) to the foreground
09-25 13:35:42.362  5766  5843 D WM-WorkProgressUpdater: Updating progress for 52a505d9-dde7-4810-befe-892a781689c5 (Data {pct : 70, mode : file})
09-25 13:35:42.364  5766  5766 D WM-SystemFgDispatcher: Notifying with (id:10879, workSpecId: 52a505d9-dde7-4810-befe-892a781689c5, notificationType :1)
09-25 13:35:42.366  5766  5843 I WM-Processor: Moving WorkSpec (52a505d9-dde7-4810-befe-892a781689c5) to the foreground
09-25 13:35:42.369  5766  5843 D WM-WorkProgressUpdater: Updating progress for 52a505d9-dde7-4810-befe-892a781689c5 (Data {pct : 72, mode : file})
09-25 13:35:42.369  5766  5766 D WM-SystemFgDispatcher: Notifying with (id:10879, workSpecId: 52a505d9-dde7-4810-befe-892a781689c5, notificationType :1)
09-25 13:35:42.373  5766  5843 I WM-Processor: Moving WorkSpec (52a505d9-dde7-4810-befe-892a781689c5) to the foreground
09-25 13:35:42.375  5766  5766 D WM-SystemFgDispatcher: Notifying with (id:10879, workSpecId: 52a505d9-dde7-4810-befe-892a781689c5, notificationType :1)
09-25 13:35:42.376  5766  5843 I WM-Processor: Moving WorkSpec (7892c22b-5b56-45b5-a1e3-b9f641702342) to the foreground
09-25 13:35:42.378  5766  5766 I WM-SystemFgDispatcher: Started foreground service Intent { act=ACTION_START_FOREGROUND xflg=0x4 cmp=com.negi.survey.local/androidx.work.impl.foreground.SystemForegroundService (has extras) }
09-25 13:35:42.378  5766  5766 D WM-SystemFgDispatcher: Notifying with (id:3673, workSpecId: 7892c22b-5b56-45b5-a1e3-b9f641702342, notificationType :1)
09-25 13:35:42.379  5766  5843 D WM-WorkProgressUpdater: Updating progress for 52a505d9-dde7-4810-befe-892a781689c5 (Data {pct : 75, mode : file})
09-25 13:35:42.382  5766  5766 D WM-SystemFgDispatcher: Notifying with (id:3673, workSpecId: 7892c22b-5b56-45b5-a1e3-b9f641702342, notificationType :1)
09-25 13:35:42.384  5766  5843 I WM-Processor: Moving WorkSpec (52a505d9-dde7-4810-befe-892a781689c5) to the foreground
09-25 13:35:42.386  5766  5843 D WM-WorkProgressUpdater: Updating progress for 52a505d9-dde7-4810-befe-892a781689c5 (Data {pct : 78, mode : file})
09-25 13:35:42.386  5766  5766 D WM-SystemFgDispatcher: Notifying with (id:10879, workSpecId: 52a505d9-dde7-4810-befe-892a781689c5, notificationType :1)
09-25 13:35:42.388  5766  5873 D GitHubUploader: uploadStream: owner=ishizuki-tech repo=SurveyExports branch=main path=diagnostics/crash/2026-09-25/prevlog_20260924_194812_pid926.log size=13869 maxRawBytesHint=1000000 maxRequestBytesHint=2800000
09-25 13:35:42.389  5766  5843 I WM-Processor: Moving WorkSpec (52a505d9-dde7-4810-befe-892a781689c5) to the foreground
09-25 13:35:42.391  5766  5843 D WM-WorkProgressUpdater: Updating progress for 52a505d9-dde7-4810-befe-892a781689c5 (Data {pct : 80, mode : file})
09-25 13:35:42.391  5766  5766 D WM-SystemFgDispatcher: Notifying with (id:10879, workSpecId: 52a505d9-dde7-4810-befe-892a781689c5, notificationType :1)
09-25 13:35:42.394  5766  5843 I WM-Processor: Moving WorkSpec (52a505d9-dde7-4810-befe-892a781689c5) to the foreground
09-25 13:35:42.396  5766  5843 D WM-WorkProgressUpdater: Updating progress for 52a505d9-dde7-4810-befe-892a781689c5 (Data {pct : 83, mode : file})
09-25 13:35:42.397  5766  5766 D WM-SystemFgDispatcher: Notifying with (id:10879, workSpecId: 52a505d9-dde7-4810-befe-892a781689c5, notificationType :1)
09-25 13:35:42.400  5766  5843 I WM-Processor: Moving WorkSpec (52a505d9-dde7-4810-befe-892a781689c5) to the foreground
09-25 13:35:42.402  5766  5843 D WM-WorkProgressUpdater: Updating progress for 52a505d9-dde7-4810-befe-892a781689c5 (Data {pct : 86, mode : file})
09-25 13:35:42.403  5766  5766 D WM-SystemFgDispatcher: Notifying with (id:10879, workSpecId: 52a505d9-dde7-4810-befe-892a781689c5, notificationType :1)
09-25 13:35:42.406  5766  5843 I WM-Processor: Moving WorkSpec (52a505d9-dde7-4810-befe-892a781689c5) to the foreground
09-25 13:35:42.408  5766  5843 D WM-WorkProgressUpdater: Updating progress for 52a505d9-dde7-4810-befe-892a781689c5 (Data {pct : 89, mode : file})
09-25 13:35:42.408  5766  5766 D WM-SystemFgDispatcher: Notifying with (id:10879, workSpecId: 52a505d9-dde7-4810-befe-892a781689c5, notificationType :1)
09-25 13:35:42.412  5766  5843 I WM-Processor: Moving WorkSpec (52a505d9-dde7-4810-befe-892a781689c5) to the foreground
09-25 13:35:42.414  5766  5843 D WM-WorkProgressUpdater: Updating progress for 52a505d9-dde7-4810-befe-892a781689c5 (Data {pct : 90, mode : file})
09-25 13:35:42.415  5766  5766 D WM-SystemFgDispatcher: Notifying with (id:10879, workSpecId: 52a505d9-dde7-4810-befe-892a781689c5, notificationType :1)
09-25 13:35:42.418  5766  5843 I WM-Processor: Moving WorkSpec (52a505d9-dde7-4810-befe-892a781689c5) to the foreground
09-25 13:35:42.421  5766  5766 D WM-SystemFgDispatcher: Notifying with (id:10879, workSpecId: 52a505d9-dde7-4810-befe-892a781689c5, notificationType :1)
09-25 13:35:42.421  5766  5843 I WM-Processor: Moving WorkSpec (3a883c8e-f7f8-4cfc-beb3-f2f30af50067) to the foreground
09-25 13:35:42.424  5766  5766 I WM-SystemFgDispatcher: Started foreground service Intent { act=ACTION_START_FOREGROUND xflg=0x4 cmp=com.negi.survey.local/androidx.work.impl.foreground.SystemForegroundService (has extras) }
09-25 13:35:42.424  5766  5766 D WM-SystemFgDispatcher: Notifying with (id:4598, workSpecId: 3a883c8e-f7f8-4cfc-beb3-f2f30af50067, notificationType :1)
09-25 13:35:42.427  5766  5843 I WM-Processor: Moving WorkSpec (22c53c99-68e4-4932-803c-29a401ce1cde) to the foreground
09-25 13:35:42.428  5766  5766 D WM-SystemFgDispatcher: Notifying with (id:4598, workSpecId: 3a883c8e-f7f8-4cfc-beb3-f2f30af50067, notificationType :1)
09-25 13:35:42.431  5766  5766 I WM-SystemFgDispatcher: Started foreground service Intent { act=ACTION_START_FOREGROUND xflg=0x4 cmp=com.negi.survey.local/androidx.work.impl.foreground.SystemForegroundService (has extras) }
09-25 13:35:42.431  5766  5766 D WM-SystemFgDispatcher: Notifying with (id:5145, workSpecId: 22c53c99-68e4-4932-803c-29a401ce1cde, notificationType :1)
09-25 13:35:42.433  5766  5843 I WM-Processor: Moving WorkSpec (da4610b3-fe18-4a5f-8174-926a22c458d1) to the foreground
09-25 13:35:42.435  5766  5874 D GitHubUploader: uploadStream: owner=ishizuki-tech repo=SurveyExports branch=main path=diagnostics/crash/2026-09-25/prevlog_20260924_194201_pid32221.log size=25731 maxRawBytesHint=1000000 maxRequestBytesHint=2800000
09-25 13:35:42.437  5766  5766 D WM-SystemFgDispatcher: Notifying with (id:5145, workSpecId: 22c53c99-68e4-4932-803c-29a401ce1cde, notificationType :1)
09-25 13:35:42.439  5766  5843 D WM-WorkProgressUpdater: Updating progress for 6f9616fb-1dc6-4433-81c5-5b0b8532552e (Data {pct : 10, mode : file})
09-25 13:35:42.441  5766  5766 I WM-SystemFgDispatcher: Started foreground service Intent { act=ACTION_START_FOREGROUND xflg=0x4 cmp=com.negi.survey.local/androidx.work.impl.foreground.SystemForegroundService (has extras) }
09-25 13:35:42.441  5766  5766 D WM-SystemFgDispatcher: Notifying with (id:6738, workSpecId: da4610b3-fe18-4a5f-8174-926a22c458d1, notificationType :1)
09-25 13:35:42.443  5766  5843 I WM-Processor: Moving WorkSpec (6f9616fb-1dc6-4433-81c5-5b0b8532552e) to the foreground
09-25 13:35:42.445  5766  5868 D GitHubUploader: uploadStream: owner=ishizuki-tech repo=SurveyExports branch=main path=diagnostics/crash/2026-09-25/prevlog_20260924_193929_pid31839.log size=18167 maxRawBytesHint=1000000 maxRequestBytesHint=2800000
09-25 13:35:42.445  5766  5875 D GitHubUploader: uploadStream: owner=ishizuki-tech repo=SurveyExports branch=main path=diagnostics/crash/2026-09-25/prevlog_20260924_191756_pid29485.log size=20153 maxRawBytesHint=1000000 maxRequestBytesHint=2800000
09-25 13:35:42.451  5766  5843 I WM-Processor: Moving WorkSpec (f6658e8f-021b-4823-8db7-094ee02adf5b) to the foreground
09-25 13:35:42.452  5766  5766 D WM-SystemFgDispatcher: Notifying with (id:6738, workSpecId: da4610b3-fe18-4a5f-8174-926a22c458d1, notificationType :1)
09-25 13:35:42.455  5766  5843 D WM-WorkProgressUpdater: Updating progress for 6f9616fb-1dc6-4433-81c5-5b0b8532552e (Data {pct : 20, mode : file})
09-25 13:35:42.458  5766  5766 D WM-SystemFgDispatcher: Notifying with (id:3815, workSpecId: 6f9616fb-1dc6-4433-81c5-5b0b8532552e, notificationType :1)
09-25 13:35:42.460  5766  5766 I WM-SystemFgDispatcher: Started foreground service Intent { act=ACTION_START_FOREGROUND xflg=0x4 cmp=com.negi.survey.local/androidx.work.impl.foreground.SystemForegroundService (has extras) }
09-25 13:35:42.460  5766  5843 I WM-Processor: Moving WorkSpec (6f9616fb-1dc6-4433-81c5-5b0b8532552e) to the foreground
09-25 13:35:42.460  5766  5766 D WM-SystemFgDispatcher: Notifying with (id:8506, workSpecId: f6658e8f-021b-4823-8db7-094ee02adf5b, notificationType :1)
09-25 13:35:42.463  5766  5879 D GitHubUploader: uploadStream: owner=ishizuki-tech repo=SurveyExports branch=main path=diagnostics/crash/2026-09-25/ring_store/20260925_203541_pid5766_u291314/seg_00.log size=79479 maxRawBytesHint=1000000 maxRequestBytesHint=2800000
09-25 13:35:42.464  5766  5843 D WM-WorkProgressUpdater: Updating progress for 6f9616fb-1dc6-4433-81c5-5b0b8532552e (Data {pct : 30, mode : file})
09-25 13:35:42.464  5766  5766 D WM-SystemFgDispatcher: Notifying with (id:8506, workSpecId: f6658e8f-021b-4823-8db7-094ee02adf5b, notificationType :1)
09-25 13:35:42.466  5766  5766 D WM-SystemFgDispatcher: Notifying with (id:3815, workSpecId: 6f9616fb-1dc6-4433-81c5-5b0b8532552e, notificationType :1)
09-25 13:35:42.467  5766  5843 I WM-Processor: Moving WorkSpec (6f9616fb-1dc6-4433-81c5-5b0b8532552e) to the foreground
09-25 13:35:42.469  5766  5843 D WM-WorkProgressUpdater: Updating progress for 6f9616fb-1dc6-4433-81c5-5b0b8532552e (Data {pct : 41, mode : file})
09-25 13:35:42.470  5766  5766 D WM-SystemFgDispatcher: Notifying with (id:3815, workSpecId: 6f9616fb-1dc6-4433-81c5-5b0b8532552e, notificationType :1)
09-25 13:35:42.473  5766  5843 I WM-Processor: Moving WorkSpec (6f9616fb-1dc6-4433-81c5-5b0b8532552e) to the foreground
09-25 13:35:42.475  5766  5843 D WM-WorkProgressUpdater: Updating progress for 6f9616fb-1dc6-4433-81c5-5b0b8532552e (Data {pct : 51, mode : file})
09-25 13:35:42.475  5766  5766 D WM-SystemFgDispatcher: Notifying with (id:3815, workSpecId: 6f9616fb-1dc6-4433-81c5-5b0b8532552e, notificationType :1)
09-25 13:35:42.478  5766  5843 I WM-Processor: Moving WorkSpec (6f9616fb-1dc6-4433-81c5-5b0b8532552e) to the foreground
09-25 13:35:42.481  5766  5766 D WM-SystemFgDispatcher: Notifying with (id:3815, workSpecId: 6f9616fb-1dc6-4433-81c5-5b0b8532552e, notificationType :1)
09-25 13:35:42.483  5766  5843 D WM-WorkProgressUpdater: Updating progress for 6f9616fb-1dc6-4433-81c5-5b0b8532552e (Data {pct : 62, mode : file})
09-25 13:35:42.497  5766  5843 I WM-Processor: Moving WorkSpec (6f9616fb-1dc6-4433-81c5-5b0b8532552e) to the foreground
09-25 13:35:42.502  5766  5843 D WM-WorkProgressUpdater: Updating progress for 6f9616fb-1dc6-4433-81c5-5b0b8532552e (Data {pct : 72, mode : file})
09-25 13:35:42.502  5766  5766 D WM-SystemFgDispatcher: Notifying with (id:3815, workSpecId: 6f9616fb-1dc6-4433-81c5-5b0b8532552e, notificationType :1)
09-25 13:35:42.507  5766  5843 I WM-Processor: Moving WorkSpec (6f9616fb-1dc6-4433-81c5-5b0b8532552e) to the foreground
09-25 13:35:42.508  5766  5843 D WM-WorkProgressUpdater: Updating progress for 6f9616fb-1dc6-4433-81c5-5b0b8532552e (Data {pct : 83, mode : file})
09-25 13:35:42.509  5766  5766 D WM-SystemFgDispatcher: Notifying with (id:3815, workSpecId: 6f9616fb-1dc6-4433-81c5-5b0b8532552e, notificationType :1)
09-25 13:35:42.512  5766  5843 I WM-Processor: Moving WorkSpec (6f9616fb-1dc6-4433-81c5-5b0b8532552e) to the foreground
09-25 13:35:42.513  5766  5843 D WM-WorkProgressUpdater: Updating progress for 6f9616fb-1dc6-4433-81c5-5b0b8532552e (Data {pct : 90, mode : file})
09-25 13:35:42.514  5766  5766 D WM-SystemFgDispatcher: Notifying with (id:3815, workSpecId: 6f9616fb-1dc6-4433-81c5-5b0b8532552e, notificationType :1)
09-25 13:35:42.517  5766  5843 I WM-Processor: Moving WorkSpec (6f9616fb-1dc6-4433-81c5-5b0b8532552e) to the foreground
09-25 13:35:42.519  5766  5766 D WM-SystemFgDispatcher: Notifying with (id:3815, workSpecId: 6f9616fb-1dc6-4433-81c5-5b0b8532552e, notificationType :1)
09-25 13:35:42.522  5766  5843 D WM-WorkProgressUpdater: Updating progress for f9ebd570-c48c-4647-a57e-53bfa343526e (Data {pct : 0, mode : file})
09-25 13:35:42.525  5766  5843 I WM-Processor: Moving WorkSpec (f9ebd570-c48c-4647-a57e-53bfa343526e) to the foreground
09-25 13:35:42.527  5766  5843 D WM-WorkProgressUpdater: Updating progress for 82c24824-4862-4559-ad97-904aa156e063 (Data {pct : 0, mode : file})
09-25 13:35:42.527  5766  5766 D WM-SystemFgDispatcher: Notifying with (id:5788, workSpecId: f9ebd570-c48c-4647-a57e-53bfa343526e, notificationType :1)
09-25 13:35:42.531  5766  5843 I WM-Processor: Moving WorkSpec (82c24824-4862-4559-ad97-904aa156e063) to the foreground
09-25 13:35:42.532  5766  5843 D WM-WorkProgressUpdater: Updating progress for 4dd7024b-54bd-48b0-bef6-b32e89238786 (Data {pct : 19, mode : startup_ring_logs})
09-25 13:35:42.533  5766  5766 D WM-SystemFgDispatcher: Notifying with (id:4716, workSpecId: 82c24824-4862-4559-ad97-904aa156e063, notificationType :1)
09-25 13:35:42.535  5766  5843 D WM-WorkProgressUpdater: Updating progress for 249e3f17-bc97-46d3-85fa-28de0778ae2f (Data {pct : 59, mode : startup_runtime_logs})
09-25 13:35:42.537  5766  5843 I WM-Processor: Moving WorkSpec (4dd7024b-54bd-48b0-bef6-b32e89238786) to the foreground
09-25 13:35:42.540  5766  5766 D WM-SystemFgDispatcher: Notifying with (id:7280, workSpecId: 4dd7024b-54bd-48b0-bef6-b32e89238786, notificationType :1)
09-25 13:35:42.540  5766  5843 I WM-Processor: Moving WorkSpec (249e3f17-bc97-46d3-85fa-28de0778ae2f) to the foreground
09-25 13:35:42.541  5766  5843 D WM-WorkProgressUpdater: Updating progress for 4dd7024b-54bd-48b0-bef6-b32e89238786 (Data {pct : 26, mode : startup_ring_logs})
09-25 13:35:42.544  5766  5843 I WM-Processor: Moving WorkSpec (4dd7024b-54bd-48b0-bef6-b32e89238786) to the foreground
09-25 13:35:42.544  5766  5766 D WM-SystemFgDispatcher: Notifying with (id:7264, workSpecId: 249e3f17-bc97-46d3-85fa-28de0778ae2f, notificationType :1)
09-25 13:35:42.545  5766  5843 D WM-WorkProgressUpdater: Updating progress for 584078e9-0fb3-4f10-ba34-5b6bfb108001 (Data {pct : 0, mode : file})
09-25 13:35:42.547  5766  5766 D WM-SystemFgDispatcher: Notifying with (id:7280, workSpecId: 4dd7024b-54bd-48b0-bef6-b32e89238786, notificationType :1)
09-25 13:35:42.548  5766  5843 I WM-Processor: Moving WorkSpec (584078e9-0fb3-4f10-ba34-5b6bfb108001) to the foreground
09-25 13:35:42.550  5766  5843 D WM-WorkProgressUpdater: Updating progress for 249e3f17-bc97-46d3-85fa-28de0778ae2f (Data {pct : 82, mode : startup_runtime_logs})
09-25 13:35:42.550  5766  5766 D WM-SystemFgDispatcher: Notifying with (id:10439, workSpecId: 584078e9-0fb3-4f10-ba34-5b6bfb108001, notificationType :1)
09-25 13:35:42.553  5766  5843 I WM-Processor: Moving WorkSpec (249e3f17-bc97-46d3-85fa-28de0778ae2f) to the foreground
09-25 13:35:42.554  5766  5843 D WM-WorkProgressUpdater: Updating progress for 249e3f17-bc97-46d3-85fa-28de0778ae2f (Data {pct : 95, mode : startup_runtime_logs})
09-25 13:35:42.555  5766  5766 D WM-SystemFgDispatcher: Notifying with (id:7264, workSpecId: 249e3f17-bc97-46d3-85fa-28de0778ae2f, notificationType :1)
09-25 13:35:42.558  5766  5843 I WM-Processor: Moving WorkSpec (249e3f17-bc97-46d3-85fa-28de0778ae2f) to the foreground
09-25 13:35:42.560  5766  5843 D WM-WorkProgressUpdater: Updating progress for 4dd7024b-54bd-48b0-bef6-b32e89238786 (Data {pct : 33, mode : startup_ring_logs})
09-25 13:35:42.560  5766  5766 D WM-SystemFgDispatcher: Notifying with (id:7264, workSpecId: 249e3f17-bc97-46d3-85fa-28de0778ae2f, notificationType :1)
09-25 13:35:42.563  5766  5843 I WM-Processor: Moving WorkSpec (4dd7024b-54bd-48b0-bef6-b32e89238786) to the foreground
09-25 13:35:42.565  5766  5843 D WM-WorkProgressUpdater: Updating progress for 4dd7024b-54bd-48b0-bef6-b32e89238786 (Data {pct : 40, mode : startup_ring_logs})
09-25 13:35:42.566  5766  5766 D WM-SystemFgDispatcher: Notifying with (id:7280, workSpecId: 4dd7024b-54bd-48b0-bef6-b32e89238786, notificationType :1)
09-25 13:35:42.568  5766  5843 I WM-Processor: Moving WorkSpec (4dd7024b-54bd-48b0-bef6-b32e89238786) to the foreground
09-25 13:35:42.570  5766  5843 D WM-WorkProgressUpdater: Updating progress for 4dd7024b-54bd-48b0-bef6-b32e89238786 (Data {pct : 47, mode : startup_ring_logs})
09-25 13:35:42.570  5766  5766 D WM-SystemFgDispatcher: Notifying with (id:7280, workSpecId: 4dd7024b-54bd-48b0-bef6-b32e89238786, notificationType :1)
09-25 13:35:42.573  5766  5843 I WM-Processor: Moving WorkSpec (4dd7024b-54bd-48b0-bef6-b32e89238786) to the foreground
09-25 13:35:42.575  5766  5843 D WM-WorkProgressUpdater: Updating progress for 4dd7024b-54bd-48b0-bef6-b32e89238786 (Data {pct : 55, mode : startup_ring_logs})
09-25 13:35:42.575  5766  5766 D WM-SystemFgDispatcher: Notifying with (id:7280, workSpecId: 4dd7024b-54bd-48b0-bef6-b32e89238786, notificationType :1)
09-25 13:35:42.578  5766  5843 I WM-Processor: Moving WorkSpec (4dd7024b-54bd-48b0-bef6-b32e89238786) to the foreground
09-25 13:35:42.580  5766  5843 D WM-WorkProgressUpdater: Updating progress for 4dd7024b-54bd-48b0-bef6-b32e89238786 (Data {pct : 63, mode : startup_ring_logs})
09-25 13:35:42.580  5766  5766 D WM-SystemFgDispatcher: Notifying with (id:7280, workSpecId: 4dd7024b-54bd-48b0-bef6-b32e89238786, notificationType :1)
09-25 13:35:42.582  5766  5843 I WM-Processor: Moving WorkSpec (4dd7024b-54bd-48b0-bef6-b32e89238786) to the foreground
09-25 13:35:42.584  5766  5843 D WM-WorkProgressUpdater: Updating progress for 4dd7024b-54bd-48b0-bef6-b32e89238786 (Data {pct : 70, mode : startup_ring_logs})
09-25 13:35:42.584  5766  5766 D WM-SystemFgDispatcher: Notifying with (id:7280, workSpecId: 4dd7024b-54bd-48b0-bef6-b32e89238786, notificationType :1)
09-25 13:35:42.586  5766  5843 I WM-Processor: Moving WorkSpec (4dd7024b-54bd-48b0-bef6-b32e89238786) to the foreground
09-25 13:35:42.588  5766  5843 D WM-WorkProgressUpdater: Updating progress for 4dd7024b-54bd-48b0-bef6-b32e89238786 (Data {pct : 77, mode : startup_ring_logs})
09-25 13:35:42.588  5766  5766 D WM-SystemFgDispatcher: Notifying with (id:7280, workSpecId: 4dd7024b-54bd-48b0-bef6-b32e89238786, notificationType :1)
09-25 13:35:42.590  5766  5843 I WM-Processor: Moving WorkSpec (4dd7024b-54bd-48b0-bef6-b32e89238786) to the foreground
09-25 13:35:42.591  5766  5843 D WM-WorkProgressUpdater: Updating progress for 4dd7024b-54bd-48b0-bef6-b32e89238786 (Data {pct : 85, mode : startup_ring_logs})
09-25 13:35:42.592  5766  5766 D WM-SystemFgDispatcher: Notifying with (id:7280, workSpecId: 4dd7024b-54bd-48b0-bef6-b32e89238786, notificationType :1)
09-25 13:35:42.594  5766  5843 I WM-Processor: Moving WorkSpec (4dd7024b-54bd-48b0-bef6-b32e89238786) to the foreground
09-25 13:35:42.595  5766  5843 D WM-WorkProgressUpdater: Updating progress for 4dd7024b-54bd-48b0-bef6-b32e89238786 (Data {pct : 91, mode : startup_ring_logs})
09-25 13:35:42.595  5766  5766 D WM-SystemFgDispatcher: Notifying with (id:7280, workSpecId: 4dd7024b-54bd-48b0-bef6-b32e89238786, notificationType :1)
09-25 13:35:42.597  5766  5843 I WM-Processor: Moving WorkSpec (4dd7024b-54bd-48b0-bef6-b32e89238786) to the foreground
09-25 13:35:42.599  5766  5843 D WM-WorkProgressUpdater: Updating progress for 7892c22b-5b56-45b5-a1e3-b9f641702342 (Data {pct : 0, mode : file})
09-25 13:35:42.599  5766  5766 D WM-SystemFgDispatcher: Notifying with (id:7280, workSpecId: 4dd7024b-54bd-48b0-bef6-b32e89238786, notificationType :1)
09-25 13:35:42.602  5766  5843 I WM-Processor: Moving WorkSpec (7892c22b-5b56-45b5-a1e3-b9f641702342) to the foreground
09-25 13:35:42.603  5766  5843 D WM-WorkProgressUpdater: Updating progress for 3a883c8e-f7f8-4cfc-beb3-f2f30af50067 (Data {pct : 0, mode : file})
09-25 13:35:42.604  5766  5766 D WM-SystemFgDispatcher: Notifying with (id:3673, workSpecId: 7892c22b-5b56-45b5-a1e3-b9f641702342, notificationType :1)
09-25 13:35:42.606  5766  5843 I WM-Processor: Moving WorkSpec (3a883c8e-f7f8-4cfc-beb3-f2f30af50067) to the foreground
09-25 13:35:42.608  5766  5766 D WM-SystemFgDispatcher: Notifying with (id:4598, workSpecId: 3a883c8e-f7f8-4cfc-beb3-f2f30af50067, notificationType :1)
09-25 13:35:42.608  5766  5843 D WM-WorkProgressUpdater: Updating progress for 22c53c99-68e4-4932-803c-29a401ce1cde (Data {pct : 0, mode : file})
09-25 13:35:42.610  5766  5843 D WM-WorkProgressUpdater: Updating progress for da4610b3-fe18-4a5f-8174-926a22c458d1 (Data {pct : 0, mode : file})
09-25 13:35:42.613  5766  5843 I WM-Processor: Moving WorkSpec (da4610b3-fe18-4a5f-8174-926a22c458d1) to the foreground
09-25 13:35:42.615  5766  5843 I WM-Processor: Moving WorkSpec (22c53c99-68e4-4932-803c-29a401ce1cde) to the foreground
09-25 13:35:42.615  5766  5766 D WM-SystemFgDispatcher: Notifying with (id:6738, workSpecId: da4610b3-fe18-4a5f-8174-926a22c458d1, notificationType :1)
09-25 13:35:42.618  5766  5843 D WM-WorkProgressUpdater: Updating progress for f6658e8f-021b-4823-8db7-094ee02adf5b (Data {pct : 0, mode : file})
09-25 13:35:42.619  5766  5766 D WM-SystemFgDispatcher: Notifying with (id:5145, workSpecId: 22c53c99-68e4-4932-803c-29a401ce1cde, notificationType :1)
09-25 13:35:42.622  5766  5843 I WM-Processor: Moving WorkSpec (f6658e8f-021b-4823-8db7-094ee02adf5b) to the foreground
09-25 13:35:42.624  5766  5843 D WM-WorkProgressUpdater: Updating progress for 82c24824-4862-4559-ad97-904aa156e063 (Data {pct : 10, mode : file})
09-25 13:35:42.625  5766  5766 D WM-SystemFgDispatcher: Notifying with (id:8506, workSpecId: f6658e8f-021b-4823-8db7-094ee02adf5b, notificationType :1)
09-25 13:35:42.627  5766  5843 I WM-Processor: Moving WorkSpec (82c24824-4862-4559-ad97-904aa156e063) to the foreground
09-25 13:35:42.629  5766  5843 D WM-WorkProgressUpdater: Updating progress for 82c24824-4862-4559-ad97-904aa156e063 (Data {pct : 37, mode : file})
09-25 13:35:42.629  5766  5766 D WM-SystemFgDispatcher: Notifying with (id:4716, workSpecId: 82c24824-4862-4559-ad97-904aa156e063, notificationType :1)
09-25 13:35:42.631  5766  5843 I WM-Processor: Moving WorkSpec (82c24824-4862-4559-ad97-904aa156e063) to the foreground
09-25 13:35:42.632  5766  5843 D WM-WorkProgressUpdater: Updating progress for 82c24824-4862-4559-ad97-904aa156e063 (Data {pct : 64, mode : file})
09-25 13:35:42.633  5766  5766 D WM-SystemFgDispatcher: Notifying with (id:4716, workSpecId: 82c24824-4862-4559-ad97-904aa156e063, notificationType :1)
09-25 13:35:42.639  5766  5844 I WM-Processor: Moving WorkSpec (82c24824-4862-4559-ad97-904aa156e063) to the foreground
09-25 13:35:42.642  5766  5766 D WM-SystemFgDispatcher: Notifying with (id:4716, workSpecId: 82c24824-4862-4559-ad97-904aa156e063, notificationType :1)
09-25 13:35:42.642  5766  5844 D WM-WorkProgressUpdater: Updating progress for 82c24824-4862-4559-ad97-904aa156e063 (Data {pct : 90, mode : file})
09-25 13:35:42.651  5766  5844 I WM-Processor: Moving WorkSpec (82c24824-4862-4559-ad97-904aa156e063) to the foreground
09-25 13:35:42.655  5766  5844 D WM-WorkProgressUpdater: Updating progress for f9ebd570-c48c-4647-a57e-53bfa343526e (Data {pct : 10, mode : file})
09-25 13:35:42.655  5766  5766 D WM-SystemFgDispatcher: Notifying with (id:4716, workSpecId: 82c24824-4862-4559-ad97-904aa156e063, notificationType :1)
09-25 13:35:42.663  5766  5844 I WM-Processor: Moving WorkSpec (f9ebd570-c48c-4647-a57e-53bfa343526e) to the foreground
09-25 13:35:42.666  5766  5844 D WM-WorkProgressUpdater: Updating progress for f9ebd570-c48c-4647-a57e-53bfa343526e (Data {pct : 29, mode : file})
09-25 13:35:42.667  5766  5766 D WM-SystemFgDispatcher: Notifying with (id:5788, workSpecId: f9ebd570-c48c-4647-a57e-53bfa343526e, notificationType :1)
09-25 13:35:42.671  5766  5844 I WM-Processor: Moving WorkSpec (f9ebd570-c48c-4647-a57e-53bfa343526e) to the foreground
09-25 13:35:42.673  5766  5844 D WM-WorkProgressUpdater: Updating progress for f9ebd570-c48c-4647-a57e-53bfa343526e (Data {pct : 49, mode : file})
09-25 13:35:42.674  5766  5766 D WM-SystemFgDispatcher: Notifying with (id:5788, workSpecId: f9ebd570-c48c-4647-a57e-53bfa343526e, notificationType :1)
09-25 13:35:42.678  5766  5844 I WM-Processor: Moving WorkSpec (f9ebd570-c48c-4647-a57e-53bfa343526e) to the foreground
09-25 13:35:42.680  5766  5844 D WM-WorkProgressUpdater: Updating progress for f9ebd570-c48c-4647-a57e-53bfa343526e (Data {pct : 69, mode : file})
09-25 13:35:42.681  5766  5766 D WM-SystemFgDispatcher: Notifying with (id:5788, workSpecId: f9ebd570-c48c-4647-a57e-53bfa343526e, notificationType :1)
09-25 13:35:42.684  5766  5844 I WM-Processor: Moving WorkSpec (f9ebd570-c48c-4647-a57e-53bfa343526e) to the foreground
09-25 13:35:42.687  5766  5844 D WM-WorkProgressUpdater: Updating progress for f9ebd570-c48c-4647-a57e-53bfa343526e (Data {pct : 88, mode : file})
09-25 13:35:42.688  5766  5766 D WM-SystemFgDispatcher: Notifying with (id:5788, workSpecId: f9ebd570-c48c-4647-a57e-53bfa343526e, notificationType :1)
09-25 13:35:42.693  5766  5844 I WM-Processor: Moving WorkSpec (f9ebd570-c48c-4647-a57e-53bfa343526e) to the foreground
09-25 13:35:42.695  5766  5844 D WM-WorkProgressUpdater: Updating progress for f9ebd570-c48c-4647-a57e-53bfa343526e (Data {pct : 90, mode : file})
09-25 13:35:42.696  5766  5766 D WM-SystemFgDispatcher: Notifying with (id:5788, workSpecId: f9ebd570-c48c-4647-a57e-53bfa343526e, notificationType :1)
09-25 13:35:42.699  5766  5844 I WM-Processor: Moving WorkSpec (f9ebd570-c48c-4647-a57e-53bfa343526e) to the foreground
09-25 13:35:42.702  5766  5766 D WM-SystemFgDispatcher: Notifying with (id:5788, workSpecId: f9ebd570-c48c-4647-a57e-53bfa343526e, notificationType :1)
09-25 13:35:42.704  5766  5844 D WM-WorkProgressUpdater: Updating progress for 584078e9-0fb3-4f10-ba34-5b6bfb108001 (Data {pct : 10, mode : file})
09-25 13:35:42.708  5766  5844 I WM-Processor: Moving WorkSpec (584078e9-0fb3-4f10-ba34-5b6bfb108001) to the foreground
09-25 13:35:42.710  5766  5844 D WM-WorkProgressUpdater: Updating progress for 584078e9-0fb3-4f10-ba34-5b6bfb108001 (Data {pct : 55, mode : file})
09-25 13:35:42.711  5766  5766 D WM-SystemFgDispatcher: Notifying with (id:10439, workSpecId: 584078e9-0fb3-4f10-ba34-5b6bfb108001, notificationType :1)
09-25 13:35:42.715  5766  5844 I WM-Processor: Moving WorkSpec (584078e9-0fb3-4f10-ba34-5b6bfb108001) to the foreground
09-25 13:35:42.717  5766  5844 D WM-WorkProgressUpdater: Updating progress for 584078e9-0fb3-4f10-ba34-5b6bfb108001 (Data {pct : 90, mode : file})
09-25 13:35:42.718  5766  5766 D WM-SystemFgDispatcher: Notifying with (id:10439, workSpecId: 584078e9-0fb3-4f10-ba34-5b6bfb108001, notificationType :1)
09-25 13:35:42.720  5766  5844 I WM-Processor: Moving WorkSpec (584078e9-0fb3-4f10-ba34-5b6bfb108001) to the foreground
09-25 13:35:42.722  5766  5766 D WM-SystemFgDispatcher: Notifying with (id:10439, workSpecId: 584078e9-0fb3-4f10-ba34-5b6bfb108001, notificationType :1)
09-25 13:35:42.724  5766  5844 D WM-WorkProgressUpdater: Updating progress for 7892c22b-5b56-45b5-a1e3-b9f641702342 (Data {pct : 10, mode : file})
09-25 13:35:42.728  5766  5844 I WM-Processor: Moving WorkSpec (7892c22b-5b56-45b5-a1e3-b9f641702342) to the foreground
09-25 13:35:42.730  5766  5766 D WM-SystemFgDispatcher: Notifying with (id:3673, workSpecId: 7892c22b-5b56-45b5-a1e3-b9f641702342, notificationType :1)
09-25 13:35:42.730  5766  5844 D WM-WorkProgressUpdater: Updating progress for 7892c22b-5b56-45b5-a1e3-b9f641702342 (Data {pct : 57, mode : file})
09-25 13:35:42.733  5766  5844 I WM-Processor: Moving WorkSpec (7892c22b-5b56-45b5-a1e3-b9f641702342) to the foreground
09-25 13:35:42.735  5766  5844 D WM-WorkProgressUpdater: Updating progress for 7892c22b-5b56-45b5-a1e3-b9f641702342 (Data {pct : 90, mode : file})
09-25 13:35:42.736  5766  5766 D WM-SystemFgDispatcher: Notifying with (id:3673, workSpecId: 7892c22b-5b56-45b5-a1e3-b9f641702342, notificationType :1)
09-25 13:35:42.738  5766  5844 I WM-Processor: Moving WorkSpec (7892c22b-5b56-45b5-a1e3-b9f641702342) to the foreground
09-25 13:35:42.741  5766  5844 D WM-WorkProgressUpdater: Updating progress for 3a883c8e-f7f8-4cfc-beb3-f2f30af50067 (Data {pct : 10, mode : file})
09-25 13:35:42.741  5766  5766 D WM-SystemFgDispatcher: Notifying with (id:3673, workSpecId: 7892c22b-5b56-45b5-a1e3-b9f641702342, notificationType :1)
09-25 13:35:42.747  5766  5844 I WM-Processor: Moving WorkSpec (3a883c8e-f7f8-4cfc-beb3-f2f30af50067) to the foreground
09-25 13:35:42.751  5766  5766 D WM-SystemFgDispatcher: Notifying with (id:4598, workSpecId: 3a883c8e-f7f8-4cfc-beb3-f2f30af50067, notificationType :1)
09-25 13:35:42.752  5766  5844 D WM-WorkProgressUpdater: Updating progress for 3a883c8e-f7f8-4cfc-beb3-f2f30af50067 (Data {pct : 35, mode : file})
09-25 13:35:42.755  5766  5861 D GitHubUploader: uploadStream: done url=https://github.com/ishizuki-tech/SurveyExports/blob/main/diagnostics/crash/2026-09-25/prevlog_20260925_202017_pid5007.log sha=a6d304dcd45a56f363c44a25bc26e828b47598d7
09-25 13:35:42.757  5766  5844 I WM-Processor: Moving WorkSpec (3a883c8e-f7f8-4cfc-beb3-f2f30af50067) to the foreground
09-25 13:35:42.760  5766  5844 D WM-WorkProgressUpdater: Updating progress for 3a883c8e-f7f8-4cfc-beb3-f2f30af50067 (Data {pct : 60, mode : file})
09-25 13:35:42.760  5766  5766 D WM-SystemFgDispatcher: Notifying with (id:4598, workSpecId: 3a883c8e-f7f8-4cfc-beb3-f2f30af50067, notificationType :1)
09-25 13:35:42.765  5766  5844 I WM-Processor: Moving WorkSpec (3a883c8e-f7f8-4cfc-beb3-f2f30af50067) to the foreground
09-25 13:35:42.767  5766  5844 D WM-WorkProgressUpdater: Updating progress for 3a883c8e-f7f8-4cfc-beb3-f2f30af50067 (Data {pct : 86, mode : file})
09-25 13:35:42.768  5766  5766 D WM-SystemFgDispatcher: Notifying with (id:4598, workSpecId: 3a883c8e-f7f8-4cfc-beb3-f2f30af50067, notificationType :1)
09-25 13:35:42.773  5766  5844 I WM-Processor: Moving WorkSpec (3a883c8e-f7f8-4cfc-beb3-f2f30af50067) to the foreground
09-25 13:35:42.775  5766  5844 D WM-WorkProgressUpdater: Updating progress for 3a883c8e-f7f8-4cfc-beb3-f2f30af50067 (Data {pct : 90, mode : file})
09-25 13:35:42.776  5766  5766 D WM-SystemFgDispatcher: Notifying with (id:4598, workSpecId: 3a883c8e-f7f8-4cfc-beb3-f2f30af50067, notificationType :1)
09-25 13:35:42.779  5766  5844 I WM-Processor: Moving WorkSpec (3a883c8e-f7f8-4cfc-beb3-f2f30af50067) to the foreground
09-25 13:35:42.781  5766  5766 D WM-SystemFgDispatcher: Notifying with (id:4598, workSpecId: 3a883c8e-f7f8-4cfc-beb3-f2f30af50067, notificationType :1)
09-25 13:35:42.782  5766  5844 D WM-WorkProgressUpdater: Updating progress for f6658e8f-021b-4823-8db7-094ee02adf5b (Data {pct : 10, mode : file})
09-25 13:35:42.785  5766  5844 I WM-Processor: Moving WorkSpec (f6658e8f-021b-4823-8db7-094ee02adf5b) to the foreground
09-25 13:35:42.787  5766  5844 D WM-WorkProgressUpdater: Updating progress for f6658e8f-021b-4823-8db7-094ee02adf5b (Data {pct : 18, mode : file})
09-25 13:35:42.787  5766  5766 D WM-SystemFgDispatcher: Notifying with (id:8506, workSpecId: f6658e8f-021b-4823-8db7-094ee02adf5b, notificationType :1)
09-25 13:35:42.790  5766  5844 I WM-Processor: Moving WorkSpec (f6658e8f-021b-4823-8db7-094ee02adf5b) to the foreground
09-25 13:35:42.792  5766  5844 D WM-WorkProgressUpdater: Updating progress for 22c53c99-68e4-4932-803c-29a401ce1cde (Data {pct : 10, mode : file})
09-25 13:35:42.794  5766  5766 D WM-SystemFgDispatcher: Notifying with (id:8506, workSpecId: f6658e8f-021b-4823-8db7-094ee02adf5b, notificationType :1)
09-25 13:35:42.794  5766  5844 I WM-Processor: Moving WorkSpec (22c53c99-68e4-4932-803c-29a401ce1cde) to the foreground
09-25 13:35:42.798  5766  5844 D WM-WorkProgressUpdater: Updating progress for f6658e8f-021b-4823-8db7-094ee02adf5b (Data {pct : 26, mode : file})
09-25 13:35:42.798  5766  5766 D WM-SystemFgDispatcher: Notifying with (id:5145, workSpecId: 22c53c99-68e4-4932-803c-29a401ce1cde, notificationType :1)
09-25 13:35:42.807  5766  5844 I WM-Processor: Moving WorkSpec (f6658e8f-021b-4823-8db7-094ee02adf5b) to the foreground
09-25 13:35:42.810  5766  5766 D WM-SystemFgDispatcher: Notifying with (id:8506, workSpecId: f6658e8f-021b-4823-8db7-094ee02adf5b, notificationType :1)
09-25 13:35:42.810  5766  5844 D WM-WorkProgressUpdater: Updating progress for f6658e8f-021b-4823-8db7-094ee02adf5b (Data {pct : 34, mode : file})
09-25 13:35:42.815  5766  5844 I WM-Processor: Moving WorkSpec (f6658e8f-021b-4823-8db7-094ee02adf5b) to the foreground
09-25 13:35:42.819  5766  5766 D WM-SystemFgDispatcher: Notifying with (id:8506, workSpecId: f6658e8f-021b-4823-8db7-094ee02adf5b, notificationType :1)
09-25 13:35:42.820  5766  5844 D WM-WorkProgressUpdater: Updating progress for f6658e8f-021b-4823-8db7-094ee02adf5b (Data {pct : 42, mode : file})
09-25 13:35:42.824  5766  5844 D WM-WorkProgressUpdater: Updating progress for 22c53c99-68e4-4932-803c-29a401ce1cde (Data {pct : 46, mode : file})
09-25 13:35:42.828  5766  5844 I WM-Processor: Moving WorkSpec (f6658e8f-021b-4823-8db7-094ee02adf5b) to the foreground
09-25 13:35:42.831  5766  5766 D WM-SystemFgDispatcher: Notifying with (id:8506, workSpecId: f6658e8f-021b-4823-8db7-094ee02adf5b, notificationType :1)
09-25 13:35:42.832  5766  5844 I WM-Processor: Moving WorkSpec (22c53c99-68e4-4932-803c-29a401ce1cde) to the foreground
09-25 13:35:42.837  5766  5844 D WM-WorkProgressUpdater: Updating progress for f6658e8f-021b-4823-8db7-094ee02adf5b (Data {pct : 51, mode : file})
09-25 13:35:42.837  5766  5766 D WM-SystemFgDispatcher: Notifying with (id:5145, workSpecId: 22c53c99-68e4-4932-803c-29a401ce1cde, notificationType :1)
09-25 13:35:42.842  5766  5844 I WM-Processor: Moving WorkSpec (f6658e8f-021b-4823-8db7-094ee02adf5b) to the foreground
09-25 13:35:42.844  5766  5844 D WM-WorkProgressUpdater: Updating progress for f6658e8f-021b-4823-8db7-094ee02adf5b (Data {pct : 59, mode : file})
09-25 13:35:42.845  5766  5766 D WM-SystemFgDispatcher: Notifying with (id:8506, workSpecId: f6658e8f-021b-4823-8db7-094ee02adf5b, notificationType :1)
09-25 13:35:42.848  5766  5844 I WM-Processor: Moving WorkSpec (f6658e8f-021b-4823-8db7-094ee02adf5b) to the foreground
09-25 13:35:42.851  5766  5844 D WM-WorkProgressUpdater: Updating progress for 22c53c99-68e4-4932-803c-29a401ce1cde (Data {pct : 82, mode : file})
09-25 13:35:42.852  5766  5766 D WM-SystemFgDispatcher: Notifying with (id:8506, workSpecId: f6658e8f-021b-4823-8db7-094ee02adf5b, notificationType :1)
09-25 13:35:42.856  5766  5844 D WM-WorkProgressUpdater: Updating progress for f6658e8f-021b-4823-8db7-094ee02adf5b (Data {pct : 67, mode : file})
09-25 13:35:42.860  5766  5844 I WM-Processor: Moving WorkSpec (22c53c99-68e4-4932-803c-29a401ce1cde) to the foreground
09-25 13:35:42.863  5766  5844 I WM-Processor: Moving WorkSpec (f6658e8f-021b-4823-8db7-094ee02adf5b) to the foreground
09-25 13:35:42.865  5766  5766 D WM-SystemFgDispatcher: Notifying with (id:5145, workSpecId: 22c53c99-68e4-4932-803c-29a401ce1cde, notificationType :1)
09-25 13:35:42.866  5766  5844 D WM-WorkProgressUpdater: Updating progress for 22c53c99-68e4-4932-803c-29a401ce1cde (Data {pct : 90, mode : file})
09-25 13:35:42.870  5766  5766 D WM-SystemFgDispatcher: Notifying with (id:8506, workSpecId: f6658e8f-021b-4823-8db7-094ee02adf5b, notificationType :1)
09-25 13:35:42.870  5766  5844 I WM-Processor: Moving WorkSpec (22c53c99-68e4-4932-803c-29a401ce1cde) to the foreground
09-25 13:35:42.873  5766  5844 D WM-WorkProgressUpdater: Updating progress for f6658e8f-021b-4823-8db7-094ee02adf5b (Data {pct : 75, mode : file})
09-25 13:35:42.873  5766  5766 D WM-SystemFgDispatcher: Notifying with (id:5145, workSpecId: 22c53c99-68e4-4932-803c-29a401ce1cde, notificationType :1)
09-25 13:35:42.877  5766  5844 I WM-Processor: Moving WorkSpec (f6658e8f-021b-4823-8db7-094ee02adf5b) to the foreground
09-25 13:35:42.879  5766  5844 D WM-WorkProgressUpdater: Updating progress for f6658e8f-021b-4823-8db7-094ee02adf5b (Data {pct : 84, mode : file})
09-25 13:35:42.879  5766  5766 D WM-SystemFgDispatcher: Notifying with (id:8506, workSpecId: f6658e8f-021b-4823-8db7-094ee02adf5b, notificationType :1)
09-25 13:35:42.883  5766  5844 I WM-Processor: Moving WorkSpec (f6658e8f-021b-4823-8db7-094ee02adf5b) to the foreground
09-25 13:35:42.885  5766  5844 D WM-WorkProgressUpdater: Updating progress for f6658e8f-021b-4823-8db7-094ee02adf5b (Data {pct : 90, mode : file})
09-25 13:35:42.885  5766  5766 D WM-SystemFgDispatcher: Notifying with (id:8506, workSpecId: f6658e8f-021b-4823-8db7-094ee02adf5b, notificationType :1)
09-25 13:35:42.888  5766  5844 I WM-Processor: Moving WorkSpec (f6658e8f-021b-4823-8db7-094ee02adf5b) to the foreground
09-25 13:35:42.890  5766  5766 D WM-SystemFgDispatcher: Notifying with (id:8506, workSpecId: f6658e8f-021b-4823-8db7-094ee02adf5b, notificationType :1)
09-25 13:35:42.891  5766  5844 D WM-WorkConstraintsTrack: NetworkRequestConstraintController send initial capabilities
09-25 13:35:42.891  5766  5844 D WM-WorkConstraintsTrack: NetworkRequestConstraintController send initial capabilities
09-25 13:35:42.892  5766  5844 D WM-WorkConstraintsTrack: NetworkRequestConstraintController send initial capabilities
09-25 13:35:42.892  5766  5844 D WM-WorkProgressUpdater: Updating progress for f49be1fc-df03-46f0-9089-0cacba21d03b (Data {pct : 95, mode : file})
09-25 13:35:42.896  5766  5844 I WM-Processor: Moving WorkSpec (f49be1fc-df03-46f0-9089-0cacba21d03b) to the foreground
09-25 13:35:42.898  5766  5766 D WM-SystemFgDispatcher: Notifying with (id:9209, workSpecId: f49be1fc-df03-46f0-9089-0cacba21d03b, notificationType :1)
09-25 13:35:42.899  5766  5844 I WM-Processor: Moving WorkSpec (f49be1fc-df03-46f0-9089-0cacba21d03b) to the foreground
09-25 13:35:42.901  5766  5766 D WM-SystemFgDispatcher: Notifying with (id:9209, workSpecId: f49be1fc-df03-46f0-9089-0cacba21d03b, notificationType :1)
09-25 13:35:42.905  5766  5844 I WM-WorkerWrapper: Worker result SUCCESS for Work [ id=f49be1fc-df03-46f0-9089-0cacba21d03b, tags={ com.negi.survey.net.GitHubUploadWorker,github_upload,github_upload:crash:diagnostics_crash_prevlog_20260925_202017_pid5007.log_9e000ade } ]
09-25 13:35:42.909  5766  5766 D WM-Processor: Processor f49be1fc-df03-46f0-9089-0cacba21d03b executed; reschedule = false
09-25 13:35:42.909  5766  5844 D WM-WorkConstraintsTrack: NetworkRequestConstraintController send initial capabilities
09-25 13:35:42.909  5766  5766 D WM-GreedyScheduler: Stopping tracking for WorkGenerationalId(workSpecId=f49be1fc-df03-46f0-9089-0cacba21d03b, generation=0)
09-25 13:35:42.910  5766  5844 D WM-WorkConstraintsTrack: NetworkRequestConstraintController send initial capabilities
09-25 13:35:42.910  5766  5844 D WM-WorkConstraintsTrack: NetworkRequestConstraintController send initial capabilities
09-25 13:35:42.910  5766  5766 D WM-SystemJobService: f49be1fc-df03-46f0-9089-0cacba21d03b executed on JobScheduler
09-25 13:35:42.911  5766  5844 D WM-WorkConstraintsTrack: NetworkRequestConstraintController send initial capabilities
09-25 13:35:42.911  5766  5766 D WM-SystemFgDispatcher: Removing Notification (id: 9209, workSpecId: WorkGenerationalId(workSpecId=f49be1fc-df03-46f0-9089-0cacba21d03b, generation=0), notificationType: 1
09-25 13:35:42.911  5766  5844 D WM-WorkProgressUpdater: Updating progress for da4610b3-fe18-4a5f-8174-926a22c458d1 (Data {pct : 10, mode : file})
09-25 13:35:42.916  5766  5844 I WM-Processor: Moving WorkSpec (da4610b3-fe18-4a5f-8174-926a22c458d1) to the foreground
09-25 13:35:42.918  5766  5844 D WM-WorkConstraintsTrack: NetworkRequestConstraintController send initial capabilities
09-25 13:35:42.919  5766  5766 D WM-SystemFgDispatcher: Notifying with (id:6738, workSpecId: da4610b3-fe18-4a5f-8174-926a22c458d1, notificationType :1)
09-25 13:35:42.919  5766  5844 D WM-WorkProgressUpdater: Updating progress for da4610b3-fe18-4a5f-8174-926a22c458d1 (Data {pct : 42, mode : file})
09-25 13:35:42.923  5766  5844 I WM-Processor: Moving WorkSpec (da4610b3-fe18-4a5f-8174-926a22c458d1) to the foreground
09-25 13:35:42.925  5766  5844 D WM-WorkProgressUpdater: Updating progress for da4610b3-fe18-4a5f-8174-926a22c458d1 (Data {pct : 75, mode : file})
09-25 13:35:42.925  5766  5766 D WM-SystemFgDispatcher: Notifying with (id:6738, workSpecId: da4610b3-fe18-4a5f-8174-926a22c458d1, notificationType :1)
09-25 13:35:42.928  5766  5844 I WM-Processor: Moving WorkSpec (da4610b3-fe18-4a5f-8174-926a22c458d1) to the foreground
09-25 13:35:42.930  5766  5844 D WM-WorkProgressUpdater: Updating progress for da4610b3-fe18-4a5f-8174-926a22c458d1 (Data {pct : 90, mode : file})
09-25 13:35:42.930  5766  5766 D WM-SystemFgDispatcher: Notifying with (id:6738, workSpecId: da4610b3-fe18-4a5f-8174-926a22c458d1, notificationType :1)
09-25 13:35:42.936  5766  5844 I WM-Processor: Moving WorkSpec (da4610b3-fe18-4a5f-8174-926a22c458d1) to the foreground
09-25 13:35:42.939  5766  5766 D WM-SystemFgDispatcher: Notifying with (id:6738, workSpecId: da4610b3-fe18-4a5f-8174-926a22c458d1, notificationType :1)
09-25 13:35:42.944  5766  5844 D WM-GreedyScheduler: Cancelling work ID f49be1fc-df03-46f0-9089-0cacba21d03b
09-25 13:35:43.486  5766  5843 D WM-WorkProgressUpdater: Updating progress for 249e3f17-bc97-46d3-85fa-28de0778ae2f (Data {pct : 97, mode : startup_runtime_logs})
09-25 13:35:43.494  5766  5832 D GitHubUploader: uploadStream: done url=https://github.com/ishizuki-tech/SurveyExports/blob/main/diagnostics/runtime_logs/2026-09-25/runtime_logs_startup_runtime_20260925_203538_e5e25041_receiver_my_package_repl/runtime_log_20260925_203540_605_pid5766_receiver_my_package_repl__rtlog_20260925_202248_052_pid5285_seq2.log sha=0d91e5930b6b52c2d127549f0f21b9fdf16f6716
09-25 13:35:43.509  5766  5843 I WM-Processor: Moving WorkSpec (249e3f17-bc97-46d3-85fa-28de0778ae2f) to the foreground
09-25 13:35:43.517  5766  5766 D WM-SystemFgDispatcher: Notifying with (id:7264, workSpecId: 249e3f17-bc97-46d3-85fa-28de0778ae2f, notificationType :1)
09-25 13:35:43.518  5766  5832 D RuntimeLogStore: deleteRolledLogFiles: deleted=1 excludeActive=true active=rtlog_20260925_203540_591_pid5766_seq2.log
09-25 13:35:43.522  5766  5844 I WM-Processor: Moving WorkSpec (249e3f17-bc97-46d3-85fa-28de0778ae2f) to the foreground
09-25 13:35:43.530  5766  5766 D WM-SystemFgDispatcher: Notifying with (id:7264, workSpecId: 249e3f17-bc97-46d3-85fa-28de0778ae2f, notificationType :1)
09-25 13:35:43.536  5766  5842 I WM-WorkerWrapper: Worker result SUCCESS for Work [ id=249e3f17-bc97-46d3-85fa-28de0778ae2f, tags={ com.negi.survey.net.GitHubUploadWorker,github_upload,github_upload:startup_runtime_logs } ]
09-25 13:35:43.552  5766  5766 D WM-Processor: Processor 249e3f17-bc97-46d3-85fa-28de0778ae2f executed; reschedule = false
09-25 13:35:43.552  5766  5766 D WM-GreedyScheduler: Stopping tracking for WorkGenerationalId(workSpecId=249e3f17-bc97-46d3-85fa-28de0778ae2f, generation=0)
09-25 13:35:43.555  5766  5766 D WM-SystemJobService: 249e3f17-bc97-46d3-85fa-28de0778ae2f executed on JobScheduler
09-25 13:35:43.561  5766  5766 D WM-SystemFgDispatcher: Removing Notification (id: 7264, workSpecId: WorkGenerationalId(workSpecId=249e3f17-bc97-46d3-85fa-28de0778ae2f, generation=0), notificationType: 1
09-25 13:35:43.568  5766  5766 D WM-SystemJobService: onStopJob for WorkGenerationalId(workSpecId=249e3f17-bc97-46d3-85fa-28de0778ae2f, generation=0)
09-25 13:35:43.569  5766  5842 D WM-GreedyScheduler: Cancelling work ID 249e3f17-bc97-46d3-85fa-28de0778ae2f
09-25 13:35:43.747  5766  5845 D WM-WorkProgressUpdater: Updating progress for c41d5828-f456-4cce-ba2f-6bc4e7ddea74 (Data {pct : 44, mode : file})
09-25 13:35:43.759  5766  5845 I WM-Processor: Moving WorkSpec (c41d5828-f456-4cce-ba2f-6bc4e7ddea74) to the foreground
09-25 13:35:43.768  5766  5845 D WM-WorkProgressUpdater: Updating progress for c41d5828-f456-4cce-ba2f-6bc4e7ddea74 (Data {pct : 78, mode : file})
09-25 13:35:43.769  5766  5766 D WM-SystemFgDispatcher: Notifying with (id:6944, workSpecId: c41d5828-f456-4cce-ba2f-6bc4e7ddea74, notificationType :1)
09-25 13:35:43.778  5766  5845 I WM-Processor: Moving WorkSpec (c41d5828-f456-4cce-ba2f-6bc4e7ddea74) to the foreground
09-25 13:35:43.782  5766  5845 D WM-WorkProgressUpdater: Updating progress for c41d5828-f456-4cce-ba2f-6bc4e7ddea74 (Data {pct : 90, mode : file})
09-25 13:35:43.784  5766  5766 D WM-SystemFgDispatcher: Notifying with (id:6944, workSpecId: c41d5828-f456-4cce-ba2f-6bc4e7ddea74, notificationType :1)
09-25 13:35:43.793  5766  5845 I WM-Processor: Moving WorkSpec (c41d5828-f456-4cce-ba2f-6bc4e7ddea74) to the foreground
09-25 13:35:43.797  5766  5766 D WM-SystemFgDispatcher: Notifying with (id:6944, workSpecId: c41d5828-f456-4cce-ba2f-6bc4e7ddea74, notificationType :1)
09-25 13:35:43.798  5766  5766 W NotificationManager: Shedding notify (update) of NotificationKey[user=UserHandle{0}, pkg=com.negi.survey.local, tag=null, id=6944], rate limit (5.0) exceeded: input 13.516629, output would be 6.218051
09-25 13:35:43.847  5766  5843 D WM-WorkProgressUpdater: Updating progress for f6d9384b-b074-459f-a834-a216138eb54f (Data {pct : 45, mode : file})
09-25 13:35:43.861  5766  5843 I WM-Processor: Moving WorkSpec (f6d9384b-b074-459f-a834-a216138eb54f) to the foreground
09-25 13:35:43.868  5766  5843 D WM-WorkProgressUpdater: Updating progress for f6d9384b-b074-459f-a834-a216138eb54f (Data {pct : 81, mode : file})
09-25 13:35:43.869  5766  5766 D WM-SystemFgDispatcher: Notifying with (id:6473, workSpecId: f6d9384b-b074-459f-a834-a216138eb54f, notificationType :1)
09-25 13:35:43.878  5766  5843 I WM-Processor: Moving WorkSpec (f6d9384b-b074-459f-a834-a216138eb54f) to the foreground
09-25 13:35:43.883  5766  5843 D WM-WorkProgressUpdater: Updating progress for f6d9384b-b074-459f-a834-a216138eb54f (Data {pct : 90, mode : file})
09-25 13:35:43.883  5766  5766 D WM-SystemFgDispatcher: Notifying with (id:6473, workSpecId: f6d9384b-b074-459f-a834-a216138eb54f, notificationType :1)
09-25 13:35:43.893  5766  5843 I WM-Processor: Moving WorkSpec (f6d9384b-b074-459f-a834-a216138eb54f) to the foreground
09-25 13:35:43.898  5766  5766 D WM-SystemFgDispatcher: Notifying with (id:6473, workSpecId: f6d9384b-b074-459f-a834-a216138eb54f, notificationType :1)
09-25 13:35:44.025  5766  5880 D ProfileInstaller: Installing profile for com.negi.survey.local
09-25 13:35:44.146  5766  5844 D WM-WorkProgressUpdater: Updating progress for d2aff2bc-6a7c-4814-ab58-d0dd84e7cd64 (Data {pct : 44, mode : file})
09-25 13:35:44.160  5766  5844 I WM-Processor: Moving WorkSpec (d2aff2bc-6a7c-4814-ab58-d0dd84e7cd64) to the foreground
09-25 13:35:44.169  5766  5844 D WM-WorkProgressUpdater: Updating progress for d2aff2bc-6a7c-4814-ab58-d0dd84e7cd64 (Data {pct : 78, mode : file})
09-25 13:35:44.171  5766  5766 D WM-SystemFgDispatcher: Notifying with (id:9825, workSpecId: d2aff2bc-6a7c-4814-ab58-d0dd84e7cd64, notificationType :1)
09-25 13:35:44.180  5766  5844 I WM-Processor: Moving WorkSpec (d2aff2bc-6a7c-4814-ab58-d0dd84e7cd64) to the foreground
09-25 13:35:44.185  5766  5844 D WM-WorkProgressUpdater: Updating progress for d2aff2bc-6a7c-4814-ab58-d0dd84e7cd64 (Data {pct : 90, mode : file})
09-25 13:35:44.188  5766  5766 D WM-SystemFgDispatcher: Notifying with (id:9825, workSpecId: d2aff2bc-6a7c-4814-ab58-d0dd84e7cd64, notificationType :1)
09-25 13:35:44.196  5766  5844 I WM-Processor: Moving WorkSpec (d2aff2bc-6a7c-4814-ab58-d0dd84e7cd64) to the foreground
09-25 13:35:44.201  5766  5766 D WM-SystemFgDispatcher: Notifying with (id:9825, workSpecId: d2aff2bc-6a7c-4814-ab58-d0dd84e7cd64, notificationType :1)
09-25 13:35:44.214  5766  5842 D WM-WorkProgressUpdater: Updating progress for 4a5634fb-ba7c-400a-b9ec-2415071b26e2 (Data {pct : 37, mode : file})
09-25 13:35:44.229  5766  5845 I WM-Processor: Moving WorkSpec (4a5634fb-ba7c-400a-b9ec-2415071b26e2) to the foreground
09-25 13:35:44.234  5766  5845 D WM-WorkProgressUpdater: Updating progress for 4a5634fb-ba7c-400a-b9ec-2415071b26e2 (Data {pct : 64, mode : file})
09-25 13:35:44.234  5766  5766 D WM-SystemFgDispatcher: Notifying with (id:8003, workSpecId: 4a5634fb-ba7c-400a-b9ec-2415071b26e2, notificationType :1)
09-25 13:35:44.246  5766  5844 I WM-Processor: Moving WorkSpec (4a5634fb-ba7c-400a-b9ec-2415071b26e2) to the foreground
09-25 13:35:44.250  5766  5844 D WM-WorkProgressUpdater: Updating progress for 4a5634fb-ba7c-400a-b9ec-2415071b26e2 (Data {pct : 90, mode : file})
09-25 13:35:44.250  5766  5766 D WM-SystemFgDispatcher: Notifying with (id:8003, workSpecId: 4a5634fb-ba7c-400a-b9ec-2415071b26e2, notificationType :1)
09-25 13:35:44.262  5766  5844 I WM-Processor: Moving WorkSpec (4a5634fb-ba7c-400a-b9ec-2415071b26e2) to the foreground
09-25 13:35:44.267  5766  5766 D WM-SystemFgDispatcher: Notifying with (id:8003, workSpecId: 4a5634fb-ba7c-400a-b9ec-2415071b26e2, notificationType :1)
09-25 13:35:44.324  5766  5842 D WM-WorkProgressUpdater: Updating progress for 5370dfa2-be17-4e1a-908a-17e02a132222 (Data {pct : 40, mode : file})
09-25 13:35:44.335  5766  5842 I WM-Processor: Moving WorkSpec (5370dfa2-be17-4e1a-908a-17e02a132222) to the foreground
09-25 13:35:44.340  5766  5842 D WM-WorkProgressUpdater: Updating progress for 5370dfa2-be17-4e1a-908a-17e02a132222 (Data {pct : 71, mode : file})
09-25 13:35:44.340  5766  5766 D WM-SystemFgDispatcher: Notifying with (id:4800, workSpecId: 5370dfa2-be17-4e1a-908a-17e02a132222, notificationType :1)
09-25 13:35:44.350  5766  5842 I WM-Processor: Moving WorkSpec (5370dfa2-be17-4e1a-908a-17e02a132222) to the foreground
09-25 13:35:44.355  5766  5842 D WM-WorkProgressUpdater: Updating progress for 5370dfa2-be17-4e1a-908a-17e02a132222 (Data {pct : 90, mode : file})
09-25 13:35:44.356  5766  5766 D WM-SystemFgDispatcher: Notifying with (id:4800, workSpecId: 5370dfa2-be17-4e1a-908a-17e02a132222, notificationType :1)
09-25 13:35:44.367  5766  5842 I WM-Processor: Moving WorkSpec (5370dfa2-be17-4e1a-908a-17e02a132222) to the foreground
09-25 13:35:44.372  5766  5766 D WM-SystemFgDispatcher: Notifying with (id:4800, workSpecId: 5370dfa2-be17-4e1a-908a-17e02a132222, notificationType :1)
09-25 13:35:44.452  5766  5843 D WM-WorkProgressUpdater: Updating progress for 72fc817a-10d6-46fc-9857-28c51f3e335a (Data {pct : 34, mode : file})
09-25 13:35:44.464  5766  5843 I WM-Processor: Moving WorkSpec (72fc817a-10d6-46fc-9857-28c51f3e335a) to the foreground
09-25 13:35:44.469  5766  5843 D WM-WorkProgressUpdater: Updating progress for 72fc817a-10d6-46fc-9857-28c51f3e335a (Data {pct : 59, mode : file})
09-25 13:35:44.470  5766  5766 D WM-SystemFgDispatcher: Notifying with (id:10479, workSpecId: 72fc817a-10d6-46fc-9857-28c51f3e335a, notificationType :1)
09-25 13:35:44.480  5766  5843 I WM-Processor: Moving WorkSpec (72fc817a-10d6-46fc-9857-28c51f3e335a) to the foreground
09-25 13:35:44.484  5766  5843 D WM-WorkProgressUpdater: Updating progress for 72fc817a-10d6-46fc-9857-28c51f3e335a (Data {pct : 84, mode : file})
09-25 13:35:44.485  5766  5766 D WM-SystemFgDispatcher: Notifying with (id:10479, workSpecId: 72fc817a-10d6-46fc-9857-28c51f3e335a, notificationType :1)
09-25 13:35:44.495  5766  5843 I WM-Processor: Moving WorkSpec (72fc817a-10d6-46fc-9857-28c51f3e335a) to the foreground
09-25 13:35:44.500  5766  5843 D WM-WorkProgressUpdater: Updating progress for 72fc817a-10d6-46fc-9857-28c51f3e335a (Data {pct : 90, mode : file})
09-25 13:35:44.500  5766  5766 D WM-SystemFgDispatcher: Notifying with (id:10479, workSpecId: 72fc817a-10d6-46fc-9857-28c51f3e335a, notificationType :1)
09-25 13:35:44.511  5766  5843 I WM-Processor: Moving WorkSpec (72fc817a-10d6-46fc-9857-28c51f3e335a) to the foreground
09-25 13:35:44.517  5766  5766 D WM-SystemFgDispatcher: Notifying with (id:10479, workSpecId: 72fc817a-10d6-46fc-9857-28c51f3e335a, notificationType :1)
09-25 13:35:44.550  5766  5766 W JobService: onNetworkChanged() not implemented in androidx.work.impl.background.systemjob.SystemJobService. Must override in a subclass.
09-25 13:35:44.550  5766  5766 W JobService: onNetworkChanged() not implemented in androidx.work.impl.background.systemjob.SystemJobService. Must override in a subclass.
09-25 13:35:44.551  5766  5766 W JobService: onNetworkChanged() not implemented in androidx.work.impl.background.systemjob.SystemJobService. Must override in a subclass.
09-25 13:35:44.551  5766  5766 W JobService: onNetworkChanged() not implemented in androidx.work.impl.background.systemjob.SystemJobService. Must override in a subclass.
09-25 13:35:44.551  5766  5766 W JobService: onNetworkChanged() not implemented in androidx.work.impl.background.systemjob.SystemJobService. Must override in a subclass.
09-25 13:35:44.551  5766  5766 W JobService: onNetworkChanged() not implemented in androidx.work.impl.background.systemjob.SystemJobService. Must override in a subclass.
09-25 13:35:44.552  5766  5766 W JobService: onNetworkChanged() not implemented in androidx.work.impl.background.systemjob.SystemJobService. Must override in a subclass.
09-25 13:35:44.554  5766  5766 W JobService: onNetworkChanged() not implemented in androidx.work.impl.background.systemjob.SystemJobService. Must override in a subclass.
09-25 13:35:44.584  5766  5846 D WM-WorkConstraintsTrack: NetworkRequestConstraintController onCapabilitiesChanged callback
09-25 13:35:44.629  5766  5842 D WM-WorkProgressUpdater: Updating progress for 82c24824-4862-4559-ad97-904aa156e063 (Data {pct : 37, mode : file})
09-25 13:35:44.652  5766  5843 I WM-Processor: Moving WorkSpec (82c24824-4862-4559-ad97-904aa156e063) to the foreground
09-25 13:35:44.660  5766  5843 D WM-WorkProgressUpdater: Updating progress for 82c24824-4862-4559-ad97-904aa156e063 (Data {pct : 64, mode : file})
09-25 13:35:44.662  5766  5766 D WM-SystemFgDispatcher: Notifying with (id:4716, workSpecId: 82c24824-4862-4559-ad97-904aa156e063, notificationType :1)
09-25 13:35:44.670  5766  5843 I WM-Processor: Moving WorkSpec (82c24824-4862-4559-ad97-904aa156e063) to the foreground
09-25 13:35:44.676  5766  5843 D WM-WorkProgressUpdater: Updating progress for 82c24824-4862-4559-ad97-904aa156e063 (Data {pct : 90, mode : file})
09-25 13:35:44.676  5766  5766 D WM-SystemFgDispatcher: Notifying with (id:4716, workSpecId: 82c24824-4862-4559-ad97-904aa156e063, notificationType :1)
09-25 13:35:44.692  5766  5843 I WM-Processor: Moving WorkSpec (82c24824-4862-4559-ad97-904aa156e063) to the foreground
09-25 13:35:44.696  5766  5766 D WM-SystemFgDispatcher: Notifying with (id:4716, workSpecId: 82c24824-4862-4559-ad97-904aa156e063, notificationType :1)
09-25 13:35:44.725  5766  5845 D WM-WorkProgressUpdater: Updating progress for 52a505d9-dde7-4810-befe-892a781689c5 (Data {pct : 12, mode : file})
09-25 13:35:44.728  5766  5833 D GitHubUploader: uploadStream: done url=https://github.com/ishizuki-tech/SurveyExports/blob/main/diagnostics/crash/2026-09-25/prevlog_20260924_221312_pid11987.log sha=a01dec82f20fb65daa740a9869b44c90cbbcbfcf
09-25 13:35:44.738  5766  5845 I WM-Processor: Moving WorkSpec (52a505d9-dde7-4810-befe-892a781689c5) to the foreground
09-25 13:35:44.745  5766  5845 D WM-WorkProgressUpdater: Updating progress for c41d5828-f456-4cce-ba2f-6bc4e7ddea74 (Data {pct : 95, mode : file})
09-25 13:35:44.746  5766  5766 D WM-SystemFgDispatcher: Notifying with (id:10879, workSpecId: 52a505d9-dde7-4810-befe-892a781689c5, notificationType :1)
09-25 13:35:44.753  5766  5845 D WM-WorkProgressUpdater: Updating progress for 52a505d9-dde7-4810-befe-892a781689c5 (Data {pct : 15, mode : file})
09-25 13:35:44.768  5766  5845 I WM-Processor: Moving WorkSpec (c41d5828-f456-4cce-ba2f-6bc4e7ddea74) to the foreground
09-25 13:35:44.775  5766  5766 D WM-SystemFgDispatcher: Notifying with (id:6944, workSpecId: c41d5828-f456-4cce-ba2f-6bc4e7ddea74, notificationType :1)
09-25 13:35:44.777  5766  5845 I WM-Processor: Moving WorkSpec (52a505d9-dde7-4810-befe-892a781689c5) to the foreground
09-25 13:35:44.782  5766  5766 D WM-SystemFgDispatcher: Notifying with (id:10879, workSpecId: 52a505d9-dde7-4810-befe-892a781689c5, notificationType :1)
09-25 13:35:44.785  5766  5845 I WM-Processor: Moving WorkSpec (c41d5828-f456-4cce-ba2f-6bc4e7ddea74) to the foreground
09-25 13:35:44.790  5766  5766 D WM-SystemFgDispatcher: Notifying with (id:6944, workSpecId: c41d5828-f456-4cce-ba2f-6bc4e7ddea74, notificationType :1)
09-25 13:35:44.790  5766  5845 D WM-WorkProgressUpdater: Updating progress for 52a505d9-dde7-4810-befe-892a781689c5 (Data {pct : 18, mode : file})
09-25 13:35:44.800  5766  5845 I WM-Processor: Moving WorkSpec (52a505d9-dde7-4810-befe-892a781689c5) to the foreground
09-25 13:35:44.804  5766  5845 D WM-WorkProgressUpdater: Updating progress for 52a505d9-dde7-4810-befe-892a781689c5 (Data {pct : 20, mode : file})
09-25 13:35:44.804  5766  5766 D WM-SystemFgDispatcher: Notifying with (id:10879, workSpecId: 52a505d9-dde7-4810-befe-892a781689c5, notificationType :1)
09-25 13:35:44.805  5766  5766 W NotificationManager: Shedding notify (update) of NotificationKey[user=UserHandle{0}, pkg=com.negi.survey.local, tag=null, id=10879], rate limit (5.0) exceeded: input 52.146755, output would be 5.2257934
09-25 13:35:44.813  5766  5842 I WM-Processor: Moving WorkSpec (52a505d9-dde7-4810-befe-892a781689c5) to the foreground
09-25 13:35:44.817  5766  5842 D WM-WorkProgressUpdater: Updating progress for 52a505d9-dde7-4810-befe-892a781689c5 (Data {pct : 23, mode : file})
09-25 13:35:44.818  5766  5766 D WM-SystemFgDispatcher: Notifying with (id:10879, workSpecId: 52a505d9-dde7-4810-befe-892a781689c5, notificationType :1)
09-25 13:35:44.821  5766  5842 I WM-Processor: Moving WorkSpec (52a505d9-dde7-4810-befe-892a781689c5) to the foreground
09-25 13:35:44.826  5766  5766 D WM-SystemFgDispatcher: Notifying with (id:10879, workSpecId: 52a505d9-dde7-4810-befe-892a781689c5, notificationType :1)
09-25 13:35:44.826  5766  5842 D WM-WorkProgressUpdater: Updating progress for 52a505d9-dde7-4810-befe-892a781689c5 (Data {pct : 26, mode : file})
09-25 13:35:44.838  5766  5842 I WM-WorkerWrapper: Worker result SUCCESS for Work [ id=c41d5828-f456-4cce-ba2f-6bc4e7ddea74, tags={ com.negi.survey.net.GitHubUploadWorker,github_upload,github_upload:crash:diagnostics_crash_prevlog_20260924_221312_pid11987.log_7e41e486 } ]
09-25 13:35:44.847  5766  5766 D WM-Processor: Processor c41d5828-f456-4cce-ba2f-6bc4e7ddea74 executed; reschedule = false
09-25 13:35:44.849  5766  5766 D WM-GreedyScheduler: Stopping tracking for WorkGenerationalId(workSpecId=c41d5828-f456-4cce-ba2f-6bc4e7ddea74, generation=0)
09-25 13:35:44.851  5766  5766 D WM-SystemJobService: c41d5828-f456-4cce-ba2f-6bc4e7ddea74 executed on JobScheduler
09-25 13:35:44.857  5766  5766 D WM-SystemFgDispatcher: Removing Notification (id: 6944, workSpecId: WorkGenerationalId(workSpecId=c41d5828-f456-4cce-ba2f-6bc4e7ddea74, generation=0), notificationType: 1
09-25 13:35:44.859  5766  5842 I WM-Processor: Moving WorkSpec (52a505d9-dde7-4810-befe-892a781689c5) to the foreground
09-25 13:35:44.865  5766  5766 D WM-SystemFgDispatcher: Notifying with (id:10879, workSpecId: 52a505d9-dde7-4810-befe-892a781689c5, notificationType :1)
09-25 13:35:44.868  5766  5842 D WM-WorkProgressUpdater: Updating progress for 52a505d9-dde7-4810-befe-892a781689c5 (Data {pct : 29, mode : file})
09-25 13:35:44.879  5766  5842 I WM-Processor: Moving WorkSpec (52a505d9-dde7-4810-befe-892a781689c5) to the foreground
09-25 13:35:44.882  5766  5842 D WM-WorkProgressUpdater: Updating progress for 52a505d9-dde7-4810-befe-892a781689c5 (Data {pct : 31, mode : file})
09-25 13:35:44.883  5766  5766 D WM-SystemFgDispatcher: Notifying with (id:10879, workSpecId: 52a505d9-dde7-4810-befe-892a781689c5, notificationType :1)
09-25 13:35:44.885  5766  5842 I WM-Processor: Moving WorkSpec (52a505d9-dde7-4810-befe-892a781689c5) to the foreground
09-25 13:35:44.888  5766  5842 D WM-WorkProgressUpdater: Updating progress for 52a505d9-dde7-4810-befe-892a781689c5 (Data {pct : 34, mode : file})
09-25 13:35:44.888  5766  5766 D WM-SystemFgDispatcher: Notifying with (id:10879, workSpecId: 52a505d9-dde7-4810-befe-892a781689c5, notificationType :1)
09-25 13:35:44.892  5766  5842 I WM-Processor: Moving WorkSpec (52a505d9-dde7-4810-befe-892a781689c5) to the foreground
09-25 13:35:44.895  5766  5842 D WM-WorkProgressUpdater: Updating progress for 52a505d9-dde7-4810-befe-892a781689c5 (Data {pct : 37, mode : file})
09-25 13:35:44.896  5766  5766 D WM-SystemFgDispatcher: Notifying with (id:10879, workSpecId: 52a505d9-dde7-4810-befe-892a781689c5, notificationType :1)
09-25 13:35:44.901  5766  5842 I WM-Processor: Moving WorkSpec (52a505d9-dde7-4810-befe-892a781689c5) to the foreground
09-25 13:35:44.904  5766  5842 D WM-WorkProgressUpdater: Updating progress for 52a505d9-dde7-4810-befe-892a781689c5 (Data {pct : 40, mode : file})
09-25 13:35:44.904  5766  5766 D WM-SystemFgDispatcher: Notifying with (id:10879, workSpecId: 52a505d9-dde7-4810-befe-892a781689c5, notificationType :1)
09-25 13:35:44.906  5766  5842 I WM-Processor: Moving WorkSpec (52a505d9-dde7-4810-befe-892a781689c5) to the foreground
09-25 13:35:44.909  5766  5842 D WM-WorkProgressUpdater: Updating progress for 52a505d9-dde7-4810-befe-892a781689c5 (Data {pct : 42, mode : file})
09-25 13:35:44.909  5766  5766 D WM-SystemFgDispatcher: Notifying with (id:10879, workSpecId: 52a505d9-dde7-4810-befe-892a781689c5, notificationType :1)
09-25 13:35:44.912  5766  5842 I WM-Processor: Moving WorkSpec (52a505d9-dde7-4810-befe-892a781689c5) to the foreground
09-25 13:35:44.915  5766  5842 D WM-WorkProgressUpdater: Updating progress for 52a505d9-dde7-4810-befe-892a781689c5 (Data {pct : 45, mode : file})
09-25 13:35:44.915  5766  5766 D WM-SystemFgDispatcher: Notifying with (id:10879, workSpecId: 52a505d9-dde7-4810-befe-892a781689c5, notificationType :1)
09-25 13:35:44.917  5766  5842 I WM-Processor: Moving WorkSpec (52a505d9-dde7-4810-befe-892a781689c5) to the foreground
09-25 13:35:44.920  5766  5842 D WM-WorkProgressUpdater: Updating progress for 52a505d9-dde7-4810-befe-892a781689c5 (Data {pct : 48, mode : file})
09-25 13:35:44.921  5766  5766 D WM-SystemFgDispatcher: Notifying with (id:10879, workSpecId: 52a505d9-dde7-4810-befe-892a781689c5, notificationType :1)
09-25 13:35:44.925  5766  5842 I WM-Processor: Moving WorkSpec (52a505d9-dde7-4810-befe-892a781689c5) to the foreground
09-25 13:35:44.928  5766  5842 D WM-WorkProgressUpdater: Updating progress for 52a505d9-dde7-4810-befe-892a781689c5 (Data {pct : 50, mode : file})
09-25 13:35:44.929  5766  5766 D WM-SystemFgDispatcher: Notifying with (id:10879, workSpecId: 52a505d9-dde7-4810-befe-892a781689c5, notificationType :1)
09-25 13:35:44.932  5766  5842 I WM-Processor: Moving WorkSpec (52a505d9-dde7-4810-befe-892a781689c5) to the foreground
09-25 13:35:44.935  5766  5842 D WM-WorkProgressUpdater: Updating progress for 22c53c99-68e4-4932-803c-29a401ce1cde (Data {pct : 46, mode : file})
09-25 13:35:44.935  5766  5766 D WM-SystemFgDispatcher: Notifying with (id:10879, workSpecId: 52a505d9-dde7-4810-befe-892a781689c5, notificationType :1)
09-25 13:35:44.938  5766  5842 D WM-WorkProgressUpdater: Updating progress for 52a505d9-dde7-4810-befe-892a781689c5 (Data {pct : 53, mode : file})
09-25 13:35:44.942  5766  5842 I WM-Processor: Moving WorkSpec (22c53c99-68e4-4932-803c-29a401ce1cde) to the foreground
09-25 13:35:44.945  5766  5766 D WM-SystemFgDispatcher: Notifying with (id:5145, workSpecId: 22c53c99-68e4-4932-803c-29a401ce1cde, notificationType :1)
09-25 13:35:44.946  5766  5842 I WM-Processor: Moving WorkSpec (52a505d9-dde7-4810-befe-892a781689c5) to the foreground
09-25 13:35:44.950  5766  5842 D WM-WorkProgressUpdater: Updating progress for 52a505d9-dde7-4810-befe-892a781689c5 (Data {pct : 56, mode : file})
09-25 13:35:44.951  5766  5766 D WM-SystemFgDispatcher: Notifying with (id:10879, workSpecId: 52a505d9-dde7-4810-befe-892a781689c5, notificationType :1)
09-25 13:35:44.954  5766  5842 D WM-WorkProgressUpdater: Updating progress for 22c53c99-68e4-4932-803c-29a401ce1cde (Data {pct : 82, mode : file})
09-25 13:35:44.959  5766  5842 I WM-Processor: Moving WorkSpec (52a505d9-dde7-4810-befe-892a781689c5) to the foreground
09-25 13:35:44.962  5766  5766 D WM-SystemFgDispatcher: Notifying with (id:10879, workSpecId: 52a505d9-dde7-4810-befe-892a781689c5, notificationType :1)
09-25 13:35:44.962  5766  5842 I WM-Processor: Moving WorkSpec (22c53c99-68e4-4932-803c-29a401ce1cde) to the foreground
09-25 13:35:44.964  5766  5842 D WM-WorkProgressUpdater: Updating progress for 22c53c99-68e4-4932-803c-29a401ce1cde (Data {pct : 90, mode : file})
09-25 13:35:44.966  5766  5766 D WM-SystemFgDispatcher: Notifying with (id:5145, workSpecId: 22c53c99-68e4-4932-803c-29a401ce1cde, notificationType :1)
09-25 13:35:44.967  5766  5842 D WM-WorkProgressUpdater: Updating progress for 52a505d9-dde7-4810-befe-892a781689c5 (Data {pct : 59, mode : file})
09-25 13:35:44.972  5766  5842 I WM-Processor: Moving WorkSpec (22c53c99-68e4-4932-803c-29a401ce1cde) to the foreground
09-25 13:35:44.975  5766  5766 D WM-SystemFgDispatcher: Notifying with (id:5145, workSpecId: 22c53c99-68e4-4932-803c-29a401ce1cde, notificationType :1)
09-25 13:35:44.976  5766  5842 I WM-Processor: Moving WorkSpec (52a505d9-dde7-4810-befe-892a781689c5) to the foreground
09-25 13:35:44.979  5766  5842 D WM-WorkProgressUpdater: Updating progress for 52a505d9-dde7-4810-befe-892a781689c5 (Data {pct : 61, mode : file})
09-25 13:35:44.980  5766  5766 D WM-SystemFgDispatcher: Notifying with (id:10879, workSpecId: 52a505d9-dde7-4810-befe-892a781689c5, notificationType :1)
09-25 13:35:44.984  5766  5842 I WM-Processor: Moving WorkSpec (52a505d9-dde7-4810-befe-892a781689c5) to the foreground
09-25 13:35:44.987  5766  5842 D WM-WorkProgressUpdater: Updating progress for 52a505d9-dde7-4810-befe-892a781689c5 (Data {pct : 64, mode : file})
09-25 13:35:44.988  5766  5766 D WM-SystemFgDispatcher: Notifying with (id:10879, workSpecId: 52a505d9-dde7-4810-befe-892a781689c5, notificationType :1)
09-25 13:35:44.992  5766  5842 I WM-Processor: Moving WorkSpec (52a505d9-dde7-4810-befe-892a781689c5) to the foreground
09-25 13:35:44.994  5766  5842 D WM-WorkProgressUpdater: Updating progress for 52a505d9-dde7-4810-befe-892a781689c5 (Data {pct : 67, mode : file})
09-25 13:35:44.995  5766  5766 D WM-SystemFgDispatcher: Notifying with (id:10879, workSpecId: 52a505d9-dde7-4810-befe-892a781689c5, notificationType :1)
09-25 13:35:44.998  5766  5842 I WM-Processor: Moving WorkSpec (52a505d9-dde7-4810-befe-892a781689c5) to the foreground
09-25 13:35:45.000  5766  5842 D WM-WorkProgressUpdater: Updating progress for 52a505d9-dde7-4810-befe-892a781689c5 (Data {pct : 70, mode : file})
09-25 13:35:45.000  5766  5766 D WM-SystemFgDispatcher: Notifying with (id:10879, workSpecId: 52a505d9-dde7-4810-befe-892a781689c5, notificationType :1)
09-25 13:35:45.003  5766  5842 I WM-Processor: Moving WorkSpec (52a505d9-dde7-4810-befe-892a781689c5) to the foreground
09-25 13:35:45.006  5766  5842 D WM-WorkProgressUpdater: Updating progress for 52a505d9-dde7-4810-befe-892a781689c5 (Data {pct : 72, mode : file})
09-25 13:35:45.006  5766  5766 D WM-SystemFgDispatcher: Notifying with (id:10879, workSpecId: 52a505d9-dde7-4810-befe-892a781689c5, notificationType :1)
09-25 13:35:45.011  5766  5842 I WM-Processor: Moving WorkSpec (52a505d9-dde7-4810-befe-892a781689c5) to the foreground
09-25 13:35:45.014  5766  5842 D WM-WorkProgressUpdater: Updating progress for 52a505d9-dde7-4810-befe-892a781689c5 (Data {pct : 75, mode : file})
09-25 13:35:45.014  5766  5766 D WM-SystemFgDispatcher: Notifying with (id:10879, workSpecId: 52a505d9-dde7-4810-befe-892a781689c5, notificationType :1)
09-25 13:35:45.019  5766  5842 I WM-Processor: Moving WorkSpec (52a505d9-dde7-4810-befe-892a781689c5) to the foreground
09-25 13:35:45.021  5766  5842 D WM-WorkProgressUpdater: Updating progress for 52a505d9-dde7-4810-befe-892a781689c5 (Data {pct : 78, mode : file})
09-25 13:35:45.022  5766  5766 D WM-SystemFgDispatcher: Notifying with (id:10879, workSpecId: 52a505d9-dde7-4810-befe-892a781689c5, notificationType :1)
09-25 13:35:45.025  5766  5842 I WM-Processor: Moving WorkSpec (52a505d9-dde7-4810-befe-892a781689c5) to the foreground
09-25 13:35:45.028  5766  5842 D WM-WorkProgressUpdater: Updating progress for 52a505d9-dde7-4810-befe-892a781689c5 (Data {pct : 80, mode : file})
09-25 13:35:45.028  5766  5766 D WM-SystemFgDispatcher: Notifying with (id:10879, workSpecId: 52a505d9-dde7-4810-befe-892a781689c5, notificationType :1)
09-25 13:35:45.031  5766  5842 I WM-Processor: Moving WorkSpec (52a505d9-dde7-4810-befe-892a781689c5) to the foreground
09-25 13:35:45.033  5766  5842 D WM-WorkProgressUpdater: Updating progress for 52a505d9-dde7-4810-befe-892a781689c5 (Data {pct : 83, mode : file})
09-25 13:35:45.034  5766  5766 D WM-SystemFgDispatcher: Notifying with (id:10879, workSpecId: 52a505d9-dde7-4810-befe-892a781689c5, notificationType :1)
09-25 13:35:45.037  5766  5842 I WM-Processor: Moving WorkSpec (52a505d9-dde7-4810-befe-892a781689c5) to the foreground
09-25 13:35:45.039  5766  5842 D WM-WorkProgressUpdater: Updating progress for 52a505d9-dde7-4810-befe-892a781689c5 (Data {pct : 86, mode : file})
09-25 13:35:45.040  5766  5766 D WM-SystemFgDispatcher: Notifying with (id:10879, workSpecId: 52a505d9-dde7-4810-befe-892a781689c5, notificationType :1)
09-25 13:35:45.043  5766  5842 I WM-Processor: Moving WorkSpec (52a505d9-dde7-4810-befe-892a781689c5) to the foreground
09-25 13:35:45.046  5766  5842 D WM-WorkProgressUpdater: Updating progress for 52a505d9-dde7-4810-befe-892a781689c5 (Data {pct : 89, mode : file})
09-25 13:35:45.047  5766  5766 D WM-SystemFgDispatcher: Notifying with (id:10879, workSpecId: 52a505d9-dde7-4810-befe-892a781689c5, notificationType :1)
09-25 13:35:45.051  5766  5842 I WM-Processor: Moving WorkSpec (52a505d9-dde7-4810-befe-892a781689c5) to the foreground
09-25 13:35:45.053  5766  5842 D WM-WorkProgressUpdater: Updating progress for 52a505d9-dde7-4810-befe-892a781689c5 (Data {pct : 90, mode : file})
09-25 13:35:45.056  5766  5766 D WM-SystemFgDispatcher: Notifying with (id:10879, workSpecId: 52a505d9-dde7-4810-befe-892a781689c5, notificationType :1)
09-25 13:35:45.057  5766  5842 I WM-Processor: Moving WorkSpec (52a505d9-dde7-4810-befe-892a781689c5) to the foreground
09-25 13:35:45.059  5766  5842 D WM-WorkProgressUpdater: Updating progress for 6f9616fb-1dc6-4433-81c5-5b0b8532552e (Data {pct : 20, mode : file})
09-25 13:35:45.061  5766  5766 D WM-SystemFgDispatcher: Notifying with (id:10879, workSpecId: 52a505d9-dde7-4810-befe-892a781689c5, notificationType :1)
09-25 13:35:45.064  5766  5842 I WM-Processor: Moving WorkSpec (6f9616fb-1dc6-4433-81c5-5b0b8532552e) to the foreground
09-25 13:35:45.067  5766  5842 D WM-WorkProgressUpdater: Updating progress for 6f9616fb-1dc6-4433-81c5-5b0b8532552e (Data {pct : 30, mode : file})
09-25 13:35:45.067  5766  5766 D WM-SystemFgDispatcher: Notifying with (id:3815, workSpecId: 6f9616fb-1dc6-4433-81c5-5b0b8532552e, notificationType :1)
09-25 13:35:45.071  5766  5842 I WM-Processor: Moving WorkSpec (6f9616fb-1dc6-4433-81c5-5b0b8532552e) to the foreground
09-25 13:35:45.074  5766  5842 D WM-WorkProgressUpdater: Updating progress for 6f9616fb-1dc6-4433-81c5-5b0b8532552e (Data {pct : 41, mode : file})
09-25 13:35:45.074  5766  5766 D WM-SystemFgDispatcher: Notifying with (id:3815, workSpecId: 6f9616fb-1dc6-4433-81c5-5b0b8532552e, notificationType :1)
09-25 13:35:45.077  5766  5842 I WM-Processor: Moving WorkSpec (6f9616fb-1dc6-4433-81c5-5b0b8532552e) to the foreground
09-25 13:35:45.080  5766  5842 D WM-WorkProgressUpdater: Updating progress for 6f9616fb-1dc6-4433-81c5-5b0b8532552e (Data {pct : 51, mode : file})
09-25 13:35:45.080  5766  5766 D WM-SystemFgDispatcher: Notifying with (id:3815, workSpecId: 6f9616fb-1dc6-4433-81c5-5b0b8532552e, notificationType :1)
09-25 13:35:45.083  5766  5842 I WM-Processor: Moving WorkSpec (6f9616fb-1dc6-4433-81c5-5b0b8532552e) to the foreground
09-25 13:35:45.085  5766  5842 D WM-WorkProgressUpdater: Updating progress for 6f9616fb-1dc6-4433-81c5-5b0b8532552e (Data {pct : 62, mode : file})
09-25 13:35:45.086  5766  5766 D WM-SystemFgDispatcher: Notifying with (id:3815, workSpecId: 6f9616fb-1dc6-4433-81c5-5b0b8532552e, notificationType :1)
09-25 13:35:45.089  5766  5842 I WM-Processor: Moving WorkSpec (6f9616fb-1dc6-4433-81c5-5b0b8532552e) to the foreground
09-25 13:35:45.091  5766  5842 D WM-WorkProgressUpdater: Updating progress for 6f9616fb-1dc6-4433-81c5-5b0b8532552e (Data {pct : 72, mode : file})
09-25 13:35:45.091  5766  5766 D WM-SystemFgDispatcher: Notifying with (id:3815, workSpecId: 6f9616fb-1dc6-4433-81c5-5b0b8532552e, notificationType :1)
09-25 13:35:45.094  5766  5842 I WM-Processor: Moving WorkSpec (6f9616fb-1dc6-4433-81c5-5b0b8532552e) to the foreground
09-25 13:35:45.096  5766  5842 D WM-WorkProgressUpdater: Updating progress for 6f9616fb-1dc6-4433-81c5-5b0b8532552e (Data {pct : 83, mode : file})
09-25 13:35:45.096  5766  5766 D WM-SystemFgDispatcher: Notifying with (id:3815, workSpecId: 6f9616fb-1dc6-4433-81c5-5b0b8532552e, notificationType :1)
09-25 13:35:45.099  5766  5842 I WM-Processor: Moving WorkSpec (6f9616fb-1dc6-4433-81c5-5b0b8532552e) to the foreground
09-25 13:35:45.101  5766  5842 D WM-WorkProgressUpdater: Updating progress for 6f9616fb-1dc6-4433-81c5-5b0b8532552e (Data {pct : 90, mode : file})
09-25 13:35:45.101  5766  5766 D WM-SystemFgDispatcher: Notifying with (id:3815, workSpecId: 6f9616fb-1dc6-4433-81c5-5b0b8532552e, notificationType :1)
09-25 13:35:45.103  5766  5842 I WM-Processor: Moving WorkSpec (6f9616fb-1dc6-4433-81c5-5b0b8532552e) to the foreground
09-25 13:35:45.106  5766  5766 D WM-SystemFgDispatcher: Notifying with (id:3815, workSpecId: 6f9616fb-1dc6-4433-81c5-5b0b8532552e, notificationType :1)
09-25 13:35:45.107  5766  5842 D WM-GreedyScheduler: Cancelling work ID c41d5828-f456-4cce-ba2f-6bc4e7ddea74
09-25 13:35:45.114  5766  5842 D WM-WorkProgressUpdater: Updating progress for f9ebd570-c48c-4647-a57e-53bfa343526e (Data {pct : 29, mode : file})
09-25 13:35:45.119  5766  5842 I WM-Processor: Moving WorkSpec (f9ebd570-c48c-4647-a57e-53bfa343526e) to the foreground
09-25 13:35:45.121  5766  5842 D WM-WorkProgressUpdater: Updating progress for f9ebd570-c48c-4647-a57e-53bfa343526e (Data {pct : 49, mode : file})
09-25 13:35:45.121  5766  5766 D WM-SystemFgDispatcher: Notifying with (id:5788, workSpecId: f9ebd570-c48c-4647-a57e-53bfa343526e, notificationType :1)
09-25 13:35:45.123  5766  5842 I WM-Processor: Moving WorkSpec (f9ebd570-c48c-4647-a57e-53bfa343526e) to the foreground
09-25 13:35:45.125  5766  5842 D WM-WorkProgressUpdater: Updating progress for f9ebd570-c48c-4647-a57e-53bfa343526e (Data {pct : 69, mode : file})
09-25 13:35:45.125  5766  5766 D WM-SystemFgDispatcher: Notifying with (id:5788, workSpecId: f9ebd570-c48c-4647-a57e-53bfa343526e, notificationType :1)
09-25 13:35:45.127  5766  5842 I WM-Processor: Moving WorkSpec (f9ebd570-c48c-4647-a57e-53bfa343526e) to the foreground
09-25 13:35:45.129  5766  5842 D WM-WorkProgressUpdater: Updating progress for f9ebd570-c48c-4647-a57e-53bfa343526e (Data {pct : 88, mode : file})
09-25 13:35:45.129  5766  5766 D WM-SystemFgDispatcher: Notifying with (id:5788, workSpecId: f9ebd570-c48c-4647-a57e-53bfa343526e, notificationType :1)
09-25 13:35:45.131  5766  5842 I WM-Processor: Moving WorkSpec (f9ebd570-c48c-4647-a57e-53bfa343526e) to the foreground
09-25 13:35:45.132  5766  5842 D WM-WorkProgressUpdater: Updating progress for f9ebd570-c48c-4647-a57e-53bfa343526e (Data {pct : 90, mode : file})
09-25 13:35:45.133  5766  5766 D WM-SystemFgDispatcher: Notifying with (id:5788, workSpecId: f9ebd570-c48c-4647-a57e-53bfa343526e, notificationType :1)
09-25 13:35:45.135  5766  5842 I WM-Processor: Moving WorkSpec (f9ebd570-c48c-4647-a57e-53bfa343526e) to the foreground
09-25 13:35:45.137  5766  5766 D WM-SystemFgDispatcher: Notifying with (id:5788, workSpecId: f9ebd570-c48c-4647-a57e-53bfa343526e, notificationType :1)
09-25 13:35:45.143  5766  5842 D WM-WorkProgressUpdater: Updating progress for 3a883c8e-f7f8-4cfc-beb3-f2f30af50067 (Data {pct : 35, mode : file})
09-25 13:35:45.146  5766  5842 I WM-Processor: Moving WorkSpec (3a883c8e-f7f8-4cfc-beb3-f2f30af50067) to the foreground
09-25 13:35:45.148  5766  5842 D WM-WorkProgressUpdater: Updating progress for 3a883c8e-f7f8-4cfc-beb3-f2f30af50067 (Data {pct : 60, mode : file})
09-25 13:35:45.149  5766  5766 D WM-SystemFgDispatcher: Notifying with (id:4598, workSpecId: 3a883c8e-f7f8-4cfc-beb3-f2f30af50067, notificationType :1)
09-25 13:35:45.151  5766  5842 I WM-Processor: Moving WorkSpec (3a883c8e-f7f8-4cfc-beb3-f2f30af50067) to the foreground
09-25 13:35:45.153  5766  5842 D WM-WorkProgressUpdater: Updating progress for 3a883c8e-f7f8-4cfc-beb3-f2f30af50067 (Data {pct : 86, mode : file})
09-25 13:35:45.153  5766  5766 D WM-SystemFgDispatcher: Notifying with (id:4598, workSpecId: 3a883c8e-f7f8-4cfc-beb3-f2f30af50067, notificationType :1)
09-25 13:35:45.156  5766  5842 I WM-Processor: Moving WorkSpec (3a883c8e-f7f8-4cfc-beb3-f2f30af50067) to the foreground
09-25 13:35:45.157  5766  5842 D WM-WorkProgressUpdater: Updating progress for 3a883c8e-f7f8-4cfc-beb3-f2f30af50067 (Data {pct : 90, mode : file})
09-25 13:35:45.158  5766  5766 D WM-SystemFgDispatcher: Notifying with (id:4598, workSpecId: 3a883c8e-f7f8-4cfc-beb3-f2f30af50067, notificationType :1)
09-25 13:35:45.160  5766  5842 I WM-Processor: Moving WorkSpec (3a883c8e-f7f8-4cfc-beb3-f2f30af50067) to the foreground
09-25 13:35:45.162  5766  5766 D WM-SystemFgDispatcher: Notifying with (id:4598, workSpecId: 3a883c8e-f7f8-4cfc-beb3-f2f30af50067, notificationType :1)
09-25 13:35:45.198  5766  5845 D WM-WorkProgressUpdater: Updating progress for 7892c22b-5b56-45b5-a1e3-b9f641702342 (Data {pct : 57, mode : file})
09-25 13:35:45.218  5766  5845 I WM-Processor: Moving WorkSpec (7892c22b-5b56-45b5-a1e3-b9f641702342) to the foreground
09-25 13:35:45.225  5766  5845 D WM-WorkProgressUpdater: Updating progress for 7892c22b-5b56-45b5-a1e3-b9f641702342 (Data {pct : 90, mode : file})
09-25 13:35:45.226  5766  5766 D WM-SystemFgDispatcher: Notifying with (id:3673, workSpecId: 7892c22b-5b56-45b5-a1e3-b9f641702342, notificationType :1)
09-25 13:35:45.236  5766  5845 I WM-Processor: Moving WorkSpec (7892c22b-5b56-45b5-a1e3-b9f641702342) to the foreground
09-25 13:35:45.241  5766  5766 D WM-SystemFgDispatcher: Notifying with (id:3673, workSpecId: 7892c22b-5b56-45b5-a1e3-b9f641702342, notificationType :1)
09-25 13:35:45.295  5766  5843 D WM-WorkProgressUpdater: Updating progress for 584078e9-0fb3-4f10-ba34-5b6bfb108001 (Data {pct : 55, mode : file})
09-25 13:35:45.306  5766  5843 I WM-Processor: Moving WorkSpec (584078e9-0fb3-4f10-ba34-5b6bfb108001) to the foreground
09-25 13:35:45.312  5766  5843 D WM-WorkProgressUpdater: Updating progress for 584078e9-0fb3-4f10-ba34-5b6bfb108001 (Data {pct : 90, mode : file})
09-25 13:35:45.313  5766  5766 D WM-SystemFgDispatcher: Notifying with (id:10439, workSpecId: 584078e9-0fb3-4f10-ba34-5b6bfb108001, notificationType :1)
09-25 13:35:45.322  5766  5843 I WM-Processor: Moving WorkSpec (584078e9-0fb3-4f10-ba34-5b6bfb108001) to the foreground
09-25 13:35:45.326  5766  5766 D WM-SystemFgDispatcher: Notifying with (id:10439, workSpecId: 584078e9-0fb3-4f10-ba34-5b6bfb108001, notificationType :1)
09-25 13:35:45.407  5766  5844 D WM-WorkProgressUpdater: Updating progress for 82c24824-4862-4559-ad97-904aa156e063 (Data {pct : 95, mode : file})
09-25 13:35:45.415  5766  5879 D GitHubUploader: uploadStream: done url=https://github.com/ishizuki-tech/SurveyExports/blob/main/diagnostics/crash/2026-09-25/prevlog_20260924_201650_pid4434.log sha=86cbfbd05cc8afe85d26df83e9cfd7faa43a1176
09-25 13:35:45.427  5766  5844 I WM-Processor: Moving WorkSpec (82c24824-4862-4559-ad97-904aa156e063) to the foreground
09-25 13:35:45.434  5766  5844 D WM-WorkProgressUpdater: Updating progress for f6658e8f-021b-4823-8db7-094ee02adf5b (Data {pct : 18, mode : file})
09-25 13:35:45.435  5766  5766 D WM-SystemFgDispatcher: Notifying with (id:4716, workSpecId: 82c24824-4862-4559-ad97-904aa156e063, notificationType :1)
09-25 13:35:45.445  5766  5844 I WM-Processor: Moving WorkSpec (f6658e8f-021b-4823-8db7-094ee02adf5b) to the foreground
09-25 13:35:45.449  5766  5844 D WM-WorkProgressUpdater: Updating progress for da4610b3-fe18-4a5f-8174-926a22c458d1 (Data {pct : 42, mode : file})
09-25 13:35:45.449  5766  5766 D WM-SystemFgDispatcher: Notifying with (id:8506, workSpecId: f6658e8f-021b-4823-8db7-094ee02adf5b, notificationType :1)
09-25 13:35:45.456  5766  5844 D WM-WorkProgressUpdater: Updating progress for f6658e8f-021b-4823-8db7-094ee02adf5b (Data {pct : 26, mode : file})
09-25 13:35:45.466  5766  5844 I WM-Processor: Moving WorkSpec (da4610b3-fe18-4a5f-8174-926a22c458d1) to the foreground
09-25 13:35:45.471  5766  5766 D WM-SystemFgDispatcher: Notifying with (id:6738, workSpecId: da4610b3-fe18-4a5f-8174-926a22c458d1, notificationType :1)
09-25 13:35:45.473  5766  5844 I WM-Processor: Moving WorkSpec (f6658e8f-021b-4823-8db7-094ee02adf5b) to the foreground
09-25 13:35:45.477  5766  5844 D WM-WorkProgressUpdater: Updating progress for da4610b3-fe18-4a5f-8174-926a22c458d1 (Data {pct : 75, mode : file})
09-25 13:35:45.480  5766  5766 D WM-SystemFgDispatcher: Notifying with (id:8506, workSpecId: f6658e8f-021b-4823-8db7-094ee02adf5b, notificationType :1)
09-25 13:35:45.484  5766  5844 D WM-WorkProgressUpdater: Updating progress for f6658e8f-021b-4823-8db7-094ee02adf5b (Data {pct : 34, mode : file})
09-25 13:35:45.493  5766  5844 I WM-Processor: Moving WorkSpec (da4610b3-fe18-4a5f-8174-926a22c458d1) to the foreground
09-25 13:35:45.497  5766  5766 D WM-SystemFgDispatcher: Notifying with (id:6738, workSpecId: da4610b3-fe18-4a5f-8174-926a22c458d1, notificationType :1)
09-25 13:35:45.500  5766  5844 I WM-Processor: Moving WorkSpec (f6658e8f-021b-4823-8db7-094ee02adf5b) to the foreground
09-25 13:35:45.504  5766  5844 D WM-WorkProgressUpdater: Updating progress for da4610b3-fe18-4a5f-8174-926a22c458d1 (Data {pct : 90, mode : file})
09-25 13:35:45.504  5766  5766 D WM-SystemFgDispatcher: Notifying with (id:8506, workSpecId: f6658e8f-021b-4823-8db7-094ee02adf5b, notificationType :1)
09-25 13:35:45.511  5766  5844 D WM-WorkProgressUpdater: Updating progress for f6658e8f-021b-4823-8db7-094ee02adf5b (Data {pct : 42, mode : file})
09-25 13:35:45.519  5766  5844 I WM-Processor: Moving WorkSpec (da4610b3-fe18-4a5f-8174-926a22c458d1) to the foreground
09-25 13:35:45.524  5766  5766 D WM-SystemFgDispatcher: Notifying with (id:6738, workSpecId: da4610b3-fe18-4a5f-8174-926a22c458d1, notificationType :1)
09-25 13:35:45.526  5766  5844 I WM-Processor: Moving WorkSpec (f6658e8f-021b-4823-8db7-094ee02adf5b) to the foreground
09-25 13:35:45.530  5766  5844 D WM-WorkProgressUpdater: Updating progress for f6658e8f-021b-4823-8db7-094ee02adf5b (Data {pct : 51, mode : file})
09-25 13:35:45.531  5766  5766 D WM-SystemFgDispatcher: Notifying with (id:8506, workSpecId: f6658e8f-021b-4823-8db7-094ee02adf5b, notificationType :1)
09-25 13:35:45.542  5766  5844 I WM-Processor: Moving WorkSpec (f6658e8f-021b-4823-8db7-094ee02adf5b) to the foreground
09-25 13:35:45.546  5766  5766 D WM-SystemFgDispatcher: Notifying with (id:8506, workSpecId: f6658e8f-021b-4823-8db7-094ee02adf5b, notificationType :1)
09-25 13:35:45.548  5766  5844 I WM-Processor: Moving WorkSpec (82c24824-4862-4559-ad97-904aa156e063) to the foreground
09-25 13:35:45.552  5766  5844 D WM-WorkProgressUpdater: Updating progress for f6658e8f-021b-4823-8db7-094ee02adf5b (Data {pct : 59, mode : file})
09-25 13:35:45.552  5766  5766 D WM-SystemFgDispatcher: Notifying with (id:4716, workSpecId: 82c24824-4862-4559-ad97-904aa156e063, notificationType :1)
09-25 13:35:45.562  5766  5844 I WM-Processor: Moving WorkSpec (f6658e8f-021b-4823-8db7-094ee02adf5b) to the foreground
09-25 13:35:45.566  5766  5766 D WM-SystemFgDispatcher: Notifying with (id:8506, workSpecId: f6658e8f-021b-4823-8db7-094ee02adf5b, notificationType :1)
09-25 13:35:45.566  5766  5844 D WM-WorkProgressUpdater: Updating progress for f6658e8f-021b-4823-8db7-094ee02adf5b (Data {pct : 67, mode : file})
09-25 13:35:45.576  5766  5844 I WM-Processor: Moving WorkSpec (f6658e8f-021b-4823-8db7-094ee02adf5b) to the foreground
09-25 13:35:45.580  5766  5844 D WM-WorkProgressUpdater: Updating progress for f6658e8f-021b-4823-8db7-094ee02adf5b (Data {pct : 75, mode : file})
09-25 13:35:45.580  5766  5766 D WM-SystemFgDispatcher: Notifying with (id:8506, workSpecId: f6658e8f-021b-4823-8db7-094ee02adf5b, notificationType :1)
09-25 13:35:45.591  5766  5843 I WM-WorkerWrapper: Worker result SUCCESS for Work [ id=82c24824-4862-4559-ad97-904aa156e063, tags={ com.negi.survey.net.GitHubUploadWorker,github_upload,github_upload:crash:diagnostics_crash_prevlog_20260924_201650_pid4434.log_627ed09a } ]
09-25 13:35:45.596  5766  5766 D WM-Processor: Processor 82c24824-4862-4559-ad97-904aa156e063 executed; reschedule = false
09-25 13:35:45.597  5766  5766 D WM-GreedyScheduler: Stopping tracking for WorkGenerationalId(workSpecId=82c24824-4862-4559-ad97-904aa156e063, generation=0)
09-25 13:35:45.599  5766  5766 D WM-SystemJobService: 82c24824-4862-4559-ad97-904aa156e063 executed on JobScheduler
09-25 13:35:45.601  5766  5766 D WM-SystemFgDispatcher: Removing Notification (id: 4716, workSpecId: WorkGenerationalId(workSpecId=82c24824-4862-4559-ad97-904aa156e063, generation=0), notificationType: 1
09-25 13:35:45.602  5766  5843 I WM-Processor: Moving WorkSpec (f6658e8f-021b-4823-8db7-094ee02adf5b) to the foreground
09-25 13:35:45.606  5766  5843 D WM-WorkProgressUpdater: Updating progress for f6658e8f-021b-4823-8db7-094ee02adf5b (Data {pct : 84, mode : file})
09-25 13:35:45.606  5766  5766 D WM-SystemFgDispatcher: Notifying with (id:8506, workSpecId: f6658e8f-021b-4823-8db7-094ee02adf5b, notificationType :1)
09-25 13:35:45.619  5766  5843 I WM-Processor: Moving WorkSpec (f6658e8f-021b-4823-8db7-094ee02adf5b) to the foreground
09-25 13:35:45.623  5766  5843 D WM-WorkProgressUpdater: Updating progress for f6658e8f-021b-4823-8db7-094ee02adf5b (Data {pct : 90, mode : file})
09-25 13:35:45.624  5766  5766 D WM-SystemFgDispatcher: Notifying with (id:8506, workSpecId: f6658e8f-021b-4823-8db7-094ee02adf5b, notificationType :1)
09-25 13:35:45.633  5766  5843 I WM-Processor: Moving WorkSpec (f6658e8f-021b-4823-8db7-094ee02adf5b) to the foreground
09-25 13:35:45.638  5766  5766 D WM-SystemFgDispatcher: Notifying with (id:8506, workSpecId: f6658e8f-021b-4823-8db7-094ee02adf5b, notificationType :1)
09-25 13:35:45.645  5766  5843 D WM-GreedyScheduler: Cancelling work ID 82c24824-4862-4559-ad97-904aa156e063
09-25 13:35:46.183  5766  5844 D WM-WorkProgressUpdater: Updating progress for 3a883c8e-f7f8-4cfc-beb3-f2f30af50067 (Data {pct : 95, mode : file})
09-25 13:35:46.183  5766  5870 D GitHubUploader: uploadStream: done url=https://github.com/ishizuki-tech/SurveyExports/blob/main/diagnostics/crash/2026-09-25/prevlog_20260924_194201_pid32221.log sha=433c24b21a727515e7b6d54cd2524ee2934447c5
09-25 13:35:46.196  5766  5844 I WM-Processor: Moving WorkSpec (3a883c8e-f7f8-4cfc-beb3-f2f30af50067) to the foreground
09-25 13:35:46.206  5766  5766 D WM-SystemFgDispatcher: Notifying with (id:4598, workSpecId: 3a883c8e-f7f8-4cfc-beb3-f2f30af50067, notificationType :1)
09-25 13:35:46.208  5766  5844 I WM-Processor: Moving WorkSpec (3a883c8e-f7f8-4cfc-beb3-f2f30af50067) to the foreground
09-25 13:35:46.217  5766  5844 I WM-WorkerWrapper: Worker result SUCCESS for Work [ id=3a883c8e-f7f8-4cfc-beb3-f2f30af50067, tags={ com.negi.survey.net.GitHubUploadWorker,github_upload,github_upload:crash:diagnostics_crash_prevlog_20260924_194201_pid32221.log_f8d4053c } ]
09-25 13:35:46.220  5766  5766 D WM-SystemFgDispatcher: Notifying with (id:4598, workSpecId: 3a883c8e-f7f8-4cfc-beb3-f2f30af50067, notificationType :1)
09-25 13:35:46.229  5766  5766 D WM-Processor: Processor 3a883c8e-f7f8-4cfc-beb3-f2f30af50067 executed; reschedule = false
09-25 13:35:46.229  5766  5766 D WM-GreedyScheduler: Stopping tracking for WorkGenerationalId(workSpecId=3a883c8e-f7f8-4cfc-beb3-f2f30af50067, generation=0)
09-25 13:35:46.232  5766  5766 D WM-SystemJobService: 3a883c8e-f7f8-4cfc-beb3-f2f30af50067 executed on JobScheduler
09-25 13:35:46.235  5766  5766 D WM-SystemFgDispatcher: Removing Notification (id: 4598, workSpecId: WorkGenerationalId(workSpecId=3a883c8e-f7f8-4cfc-beb3-f2f30af50067, generation=0), notificationType: 1
09-25 13:35:46.241  5766  5844 D WM-GreedyScheduler: Cancelling work ID 3a883c8e-f7f8-4cfc-beb3-f2f30af50067
09-25 13:35:46.476  5766  5845 D WM-WorkProgressUpdater: Updating progress for f6d9384b-b074-459f-a834-a216138eb54f (Data {pct : 45, mode : file})
09-25 13:35:46.488  5766  5845 I WM-Processor: Moving WorkSpec (f6d9384b-b074-459f-a834-a216138eb54f) to the foreground
09-25 13:35:46.495  5766  5845 D WM-WorkProgressUpdater: Updating progress for f6d9384b-b074-459f-a834-a216138eb54f (Data {pct : 81, mode : file})
09-25 13:35:46.497  5766  5766 D WM-SystemFgDispatcher: Notifying with (id:6473, workSpecId: f6d9384b-b074-459f-a834-a216138eb54f, notificationType :1)
09-25 13:35:46.505  5766  5845 I WM-Processor: Moving WorkSpec (f6d9384b-b074-459f-a834-a216138eb54f) to the foreground
09-25 13:35:46.510  5766  5845 D WM-WorkProgressUpdater: Updating progress for f6d9384b-b074-459f-a834-a216138eb54f (Data {pct : 90, mode : file})
09-25 13:35:46.512  5766  5766 D WM-SystemFgDispatcher: Notifying with (id:6473, workSpecId: f6d9384b-b074-459f-a834-a216138eb54f, notificationType :1)
09-25 13:35:46.519  5766  5845 I WM-Processor: Moving WorkSpec (f6d9384b-b074-459f-a834-a216138eb54f) to the foreground
09-25 13:35:46.524  5766  5766 D WM-SystemFgDispatcher: Notifying with (id:6473, workSpecId: f6d9384b-b074-459f-a834-a216138eb54f, notificationType :1)
09-25 13:35:46.525  5766  5766 W NotificationManager: Shedding notify (update) of NotificationKey[user=UserHandle{0}, pkg=com.negi.survey.local, tag=null, id=6473], rate limit (5.0) exceeded: input 12.692758, output would be 5.7537813
09-25 13:35:46.742  5766  5842 D WM-WorkProgressUpdater: Updating progress for d2aff2bc-6a7c-4814-ab58-d0dd84e7cd64 (Data {pct : 44, mode : file})
09-25 13:35:46.755  5766  5842 I WM-Processor: Moving WorkSpec (d2aff2bc-6a7c-4814-ab58-d0dd84e7cd64) to the foreground
09-25 13:35:46.763  5766  5842 D WM-WorkProgressUpdater: Updating progress for d2aff2bc-6a7c-4814-ab58-d0dd84e7cd64 (Data {pct : 78, mode : file})
09-25 13:35:46.764  5766  5766 D WM-SystemFgDispatcher: Notifying with (id:9825, workSpecId: d2aff2bc-6a7c-4814-ab58-d0dd84e7cd64, notificationType :1)
09-25 13:35:46.773  5766  5842 I WM-Processor: Moving WorkSpec (d2aff2bc-6a7c-4814-ab58-d0dd84e7cd64) to the foreground
09-25 13:35:46.779  5766  5842 D WM-WorkProgressUpdater: Updating progress for d2aff2bc-6a7c-4814-ab58-d0dd84e7cd64 (Data {pct : 90, mode : file})
09-25 13:35:46.779  5766  5766 D WM-SystemFgDispatcher: Notifying with (id:9825, workSpecId: d2aff2bc-6a7c-4814-ab58-d0dd84e7cd64, notificationType :1)
09-25 13:35:46.789  5766  5844 I WM-Processor: Moving WorkSpec (d2aff2bc-6a7c-4814-ab58-d0dd84e7cd64) to the foreground
09-25 13:35:46.795  5766  5766 D WM-SystemFgDispatcher: Notifying with (id:9825, workSpecId: d2aff2bc-6a7c-4814-ab58-d0dd84e7cd64, notificationType :1)
09-25 13:35:47.096  5766  5843 D WM-WorkProgressUpdater: Updating progress for 4a5634fb-ba7c-400a-b9ec-2415071b26e2 (Data {pct : 37, mode : file})
09-25 13:35:47.106  5766  5843 I WM-Processor: Moving WorkSpec (4a5634fb-ba7c-400a-b9ec-2415071b26e2) to the foreground
09-25 13:35:47.111  5766  5843 D WM-WorkProgressUpdater: Updating progress for 4a5634fb-ba7c-400a-b9ec-2415071b26e2 (Data {pct : 64, mode : file})
09-25 13:35:47.112  5766  5766 D WM-SystemFgDispatcher: Notifying with (id:8003, workSpecId: 4a5634fb-ba7c-400a-b9ec-2415071b26e2, notificationType :1)
09-25 13:35:47.121  5766  5843 I WM-Processor: Moving WorkSpec (4a5634fb-ba7c-400a-b9ec-2415071b26e2) to the foreground
09-25 13:35:47.127  5766  5766 D WM-SystemFgDispatcher: Notifying with (id:8003, workSpecId: 4a5634fb-ba7c-400a-b9ec-2415071b26e2, notificationType :1)
09-25 13:35:47.128  5766  5843 D WM-WorkProgressUpdater: Updating progress for 4a5634fb-ba7c-400a-b9ec-2415071b26e2 (Data {pct : 90, mode : file})
09-25 13:35:47.137  5766  5843 I WM-Processor: Moving WorkSpec (4a5634fb-ba7c-400a-b9ec-2415071b26e2) to the foreground
09-25 13:35:47.142  5766  5766 D WM-SystemFgDispatcher: Notifying with (id:8003, workSpecId: 4a5634fb-ba7c-400a-b9ec-2415071b26e2, notificationType :1)
09-25 13:35:47.161  5766  5842 D WM-WorkProgressUpdater: Updating progress for 22c53c99-68e4-4932-803c-29a401ce1cde (Data {pct : 46, mode : file})
09-25 13:35:47.177  5766  5845 I WM-Processor: Moving WorkSpec (22c53c99-68e4-4932-803c-29a401ce1cde) to the foreground
09-25 13:35:47.183  5766  5845 D WM-WorkProgressUpdater: Updating progress for 22c53c99-68e4-4932-803c-29a401ce1cde (Data {pct : 82, mode : file})
09-25 13:35:47.184  5766  5766 D WM-SystemFgDispatcher: Notifying with (id:5145, workSpecId: 22c53c99-68e4-4932-803c-29a401ce1cde, notificationType :1)
09-25 13:35:47.193  5766  5843 I WM-Processor: Moving WorkSpec (22c53c99-68e4-4932-803c-29a401ce1cde) to the foreground
09-25 13:35:47.198  5766  5843 D WM-WorkProgressUpdater: Updating progress for 22c53c99-68e4-4932-803c-29a401ce1cde (Data {pct : 90, mode : file})
09-25 13:35:47.199  5766  5766 D WM-SystemFgDispatcher: Notifying with (id:5145, workSpecId: 22c53c99-68e4-4932-803c-29a401ce1cde, notificationType :1)
09-25 13:35:47.208  5766  5843 I WM-Processor: Moving WorkSpec (22c53c99-68e4-4932-803c-29a401ce1cde) to the foreground
09-25 13:35:47.216  5766  5766 D WM-SystemFgDispatcher: Notifying with (id:5145, workSpecId: 22c53c99-68e4-4932-803c-29a401ce1cde, notificationType :1)
09-25 13:35:47.257  5766  5778 W gi.survey.local: userfaultfd: MOVE ioctl seems unsupported: Connection timed out
09-25 13:35:47.423  5766  5842 D WM-WorkProgressUpdater: Updating progress for 5370dfa2-be17-4e1a-908a-17e02a132222 (Data {pct : 40, mode : file})
09-25 13:35:47.440  5766  5842 I WM-Processor: Moving WorkSpec (5370dfa2-be17-4e1a-908a-17e02a132222) to the foreground
09-25 13:35:47.449  5766  5842 D WM-WorkProgressUpdater: Updating progress for 5370dfa2-be17-4e1a-908a-17e02a132222 (Data {pct : 71, mode : file})
09-25 13:35:47.451  5766  5766 D WM-SystemFgDispatcher: Notifying with (id:4800, workSpecId: 5370dfa2-be17-4e1a-908a-17e02a132222, notificationType :1)
09-25 13:35:47.459  5766  5842 I WM-Processor: Moving WorkSpec (5370dfa2-be17-4e1a-908a-17e02a132222) to the foreground
09-25 13:35:47.464  5766  5842 D WM-WorkProgressUpdater: Updating progress for 5370dfa2-be17-4e1a-908a-17e02a132222 (Data {pct : 90, mode : file})
09-25 13:35:47.467  5766  5873 D GitHubUploader: uploadStream: done url=https://github.com/ishizuki-tech/SurveyExports/blob/main/diagnostics/crash/2026-09-25/prevlog_20260924_212716_pid6656.log sha=8636cad2ceb8c837bf2b5e1a36e45878c5bf4a8f
09-25 13:35:47.468  5766  5766 D WM-SystemFgDispatcher: Notifying with (id:4800, workSpecId: 5370dfa2-be17-4e1a-908a-17e02a132222, notificationType :1)
09-25 13:35:47.474  5766  5842 I WM-Processor: Moving WorkSpec (5370dfa2-be17-4e1a-908a-17e02a132222) to the foreground
09-25 13:35:47.481  5766  5766 D WM-SystemFgDispatcher: Notifying with (id:4800, workSpecId: 5370dfa2-be17-4e1a-908a-17e02a132222, notificationType :1)
09-25 13:35:47.481  5766  5842 D WM-WorkProgressUpdater: Updating progress for f6d9384b-b074-459f-a834-a216138eb54f (Data {pct : 95, mode : file})
09-25 13:35:47.492  5766  5842 I WM-Processor: Moving WorkSpec (f6d9384b-b074-459f-a834-a216138eb54f) to the foreground
09-25 13:35:47.496  5766  5766 D WM-SystemFgDispatcher: Notifying with (id:6473, workSpecId: f6d9384b-b074-459f-a834-a216138eb54f, notificationType :1)
09-25 13:35:47.498  5766  5842 I WM-Processor: Moving WorkSpec (f6d9384b-b074-459f-a834-a216138eb54f) to the foreground
09-25 13:35:47.502  5766  5766 D WM-SystemFgDispatcher: Notifying with (id:6473, workSpecId: f6d9384b-b074-459f-a834-a216138eb54f, notificationType :1)
09-25 13:35:47.506  5766  5842 I WM-WorkerWrapper: Worker result SUCCESS for Work [ id=f6d9384b-b074-459f-a834-a216138eb54f, tags={ com.negi.survey.net.GitHubUploadWorker,github_upload,github_upload:crash:diagnostics_crash_prevlog_20260924_212716_pid6656.log_3b45a7c5 } ]
09-25 13:35:47.512  5766  5766 D WM-Processor: Processor f6d9384b-b074-459f-a834-a216138eb54f executed; reschedule = false
09-25 13:35:47.512  5766  5766 D WM-GreedyScheduler: Stopping tracking for WorkGenerationalId(workSpecId=f6d9384b-b074-459f-a834-a216138eb54f, generation=0)
09-25 13:35:47.513  5766  5766 D WM-SystemJobService: f6d9384b-b074-459f-a834-a216138eb54f executed on JobScheduler
09-25 13:35:47.515  5766  5766 D WM-SystemFgDispatcher: Removing Notification (id: 6473, workSpecId: WorkGenerationalId(workSpecId=f6d9384b-b074-459f-a834-a216138eb54f, generation=0), notificationType: 1
09-25 13:35:47.521  5766  5842 D WM-GreedyScheduler: Cancelling work ID f6d9384b-b074-459f-a834-a216138eb54f
09-25 13:35:47.580  5766  5869 W GitHubUploader: uploadStream: 409 Conflict; refreshing SHA and retrying once.
09-25 13:35:47.604  5766  5845 D WM-WorkProgressUpdater: Updating progress for 72fc817a-10d6-46fc-9857-28c51f3e335a (Data {pct : 34, mode : file})
09-25 13:35:47.614  5766  5845 I WM-Processor: Moving WorkSpec (72fc817a-10d6-46fc-9857-28c51f3e335a) to the foreground
09-25 13:35:47.620  5766  5845 D WM-WorkProgressUpdater: Updating progress for 72fc817a-10d6-46fc-9857-28c51f3e335a (Data {pct : 59, mode : file})
09-25 13:35:47.621  5766  5766 D WM-SystemFgDispatcher: Notifying with (id:10479, workSpecId: 72fc817a-10d6-46fc-9857-28c51f3e335a, notificationType :1)
09-25 13:35:47.630  5766  5845 I WM-Processor: Moving WorkSpec (72fc817a-10d6-46fc-9857-28c51f3e335a) to the foreground
09-25 13:35:47.636  5766  5845 D WM-WorkProgressUpdater: Updating progress for 72fc817a-10d6-46fc-9857-28c51f3e335a (Data {pct : 84, mode : file})
09-25 13:35:47.637  5766  5766 D WM-SystemFgDispatcher: Notifying with (id:10479, workSpecId: 72fc817a-10d6-46fc-9857-28c51f3e335a, notificationType :1)
09-25 13:35:47.638  5766  5766 W NotificationManager: Shedding notify (update) of NotificationKey[user=UserHandle{0}, pkg=com.negi.survey.local, tag=null, id=10479], rate limit (5.0) exceeded: input 27.04488, output would be 6.4403234
09-25 13:35:47.645  5766  5845 I WM-Processor: Moving WorkSpec (72fc817a-10d6-46fc-9857-28c51f3e335a) to the foreground
09-25 13:35:47.650  5766  5842 D WM-WorkProgressUpdater: Updating progress for 72fc817a-10d6-46fc-9857-28c51f3e335a (Data {pct : 90, mode : file})
09-25 13:35:47.651  5766  5766 D WM-SystemFgDispatcher: Notifying with (id:10479, workSpecId: 72fc817a-10d6-46fc-9857-28c51f3e335a, notificationType :1)
09-25 13:35:47.659  5766  5842 I WM-Processor: Moving WorkSpec (72fc817a-10d6-46fc-9857-28c51f3e335a) to the foreground
09-25 13:35:47.663  5766  5766 D WM-SystemFgDispatcher: Notifying with (id:10479, workSpecId: 72fc817a-10d6-46fc-9857-28c51f3e335a, notificationType :1)
09-25 13:35:47.670  5766  5845 D WM-WorkProgressUpdater: Updating progress for 6f9616fb-1dc6-4433-81c5-5b0b8532552e (Data {pct : 20, mode : file})
09-25 13:35:47.676  5766  5845 I WM-Processor: Moving WorkSpec (6f9616fb-1dc6-4433-81c5-5b0b8532552e) to the foreground
09-25 13:35:47.680  5766  5845 D WM-WorkProgressUpdater: Updating progress for 6f9616fb-1dc6-4433-81c5-5b0b8532552e (Data {pct : 30, mode : file})
09-25 13:35:47.680  5766  5766 D WM-SystemFgDispatcher: Notifying with (id:3815, workSpecId: 6f9616fb-1dc6-4433-81c5-5b0b8532552e, notificationType :1)
09-25 13:35:47.688  5766  5845 I WM-Processor: Moving WorkSpec (6f9616fb-1dc6-4433-81c5-5b0b8532552e) to the foreground
09-25 13:35:47.692  5766  5845 D WM-WorkProgressUpdater: Updating progress for 6f9616fb-1dc6-4433-81c5-5b0b8532552e (Data {pct : 41, mode : file})
09-25 13:35:47.693  5766  5766 D WM-SystemFgDispatcher: Notifying with (id:3815, workSpecId: 6f9616fb-1dc6-4433-81c5-5b0b8532552e, notificationType :1)
09-25 13:35:47.701  5766  5845 I WM-Processor: Moving WorkSpec (6f9616fb-1dc6-4433-81c5-5b0b8532552e) to the foreground
09-25 13:35:47.711  5766  5766 D WM-SystemFgDispatcher: Notifying with (id:3815, workSpecId: 6f9616fb-1dc6-4433-81c5-5b0b8532552e, notificationType :1)
09-25 13:35:47.711  5766  5845 D WM-WorkProgressUpdater: Updating progress for 6f9616fb-1dc6-4433-81c5-5b0b8532552e (Data {pct : 51, mode : file})
09-25 13:35:47.725  5766  5845 I WM-Processor: Moving WorkSpec (6f9616fb-1dc6-4433-81c5-5b0b8532552e) to the foreground
09-25 13:35:47.730  5766  5845 D WM-WorkProgressUpdater: Updating progress for 6f9616fb-1dc6-4433-81c5-5b0b8532552e (Data {pct : 62, mode : file})
09-25 13:35:47.731  5766  5766 D WM-SystemFgDispatcher: Notifying with (id:3815, workSpecId: 6f9616fb-1dc6-4433-81c5-5b0b8532552e, notificationType :1)
09-25 13:35:47.743  5766  5845 I WM-Processor: Moving WorkSpec (6f9616fb-1dc6-4433-81c5-5b0b8532552e) to the foreground
09-25 13:35:47.747  5766  5766 D WM-SystemFgDispatcher: Notifying with (id:3815, workSpecId: 6f9616fb-1dc6-4433-81c5-5b0b8532552e, notificationType :1)
09-25 13:35:47.747  5766  5845 D WM-WorkProgressUpdater: Updating progress for 6f9616fb-1dc6-4433-81c5-5b0b8532552e (Data {pct : 72, mode : file})
09-25 13:35:47.755  5766  5845 I WM-Processor: Moving WorkSpec (6f9616fb-1dc6-4433-81c5-5b0b8532552e) to the foreground
09-25 13:35:47.759  5766  5845 D WM-WorkProgressUpdater: Updating progress for 6f9616fb-1dc6-4433-81c5-5b0b8532552e (Data {pct : 83, mode : file})
09-25 13:35:47.760  5766  5766 D WM-SystemFgDispatcher: Notifying with (id:3815, workSpecId: 6f9616fb-1dc6-4433-81c5-5b0b8532552e, notificationType :1)
09-25 13:35:47.767  5766  5845 I WM-Processor: Moving WorkSpec (6f9616fb-1dc6-4433-81c5-5b0b8532552e) to the foreground
09-25 13:35:47.771  5766  5845 D WM-WorkProgressUpdater: Updating progress for 6f9616fb-1dc6-4433-81c5-5b0b8532552e (Data {pct : 90, mode : file})
09-25 13:35:47.771  5766  5766 D WM-SystemFgDispatcher: Notifying with (id:3815, workSpecId: 6f9616fb-1dc6-4433-81c5-5b0b8532552e, notificationType :1)
09-25 13:35:47.776  5766  5845 I WM-Processor: Moving WorkSpec (6f9616fb-1dc6-4433-81c5-5b0b8532552e) to the foreground
09-25 13:35:47.779  5766  5766 D WM-SystemFgDispatcher: Notifying with (id:3815, workSpecId: 6f9616fb-1dc6-4433-81c5-5b0b8532552e, notificationType :1)
09-25 13:35:47.829  5766  5844 D WM-WorkProgressUpdater: Updating progress for 52a505d9-dde7-4810-befe-892a781689c5 (Data {pct : 12, mode : file})
09-25 13:35:47.847  5766  5844 I WM-Processor: Moving WorkSpec (52a505d9-dde7-4810-befe-892a781689c5) to the foreground
09-25 13:35:47.851  5766  5844 D WM-WorkProgressUpdater: Updating progress for 52a505d9-dde7-4810-befe-892a781689c5 (Data {pct : 15, mode : file})
09-25 13:35:47.851  5766  5766 D WM-SystemFgDispatcher: Notifying with (id:10879, workSpecId: 52a505d9-dde7-4810-befe-892a781689c5, notificationType :1)
09-25 13:35:47.860  5766  5844 I WM-Processor: Moving WorkSpec (52a505d9-dde7-4810-befe-892a781689c5) to the foreground
09-25 13:35:47.866  5766  5844 D WM-WorkProgressUpdater: Updating progress for 52a505d9-dde7-4810-befe-892a781689c5 (Data {pct : 18, mode : file})
09-25 13:35:47.869  5766  5766 D WM-SystemFgDispatcher: Notifying with (id:10879, workSpecId: 52a505d9-dde7-4810-befe-892a781689c5, notificationType :1)
09-25 13:35:47.874  5766  5842 I WM-Processor: Moving WorkSpec (52a505d9-dde7-4810-befe-892a781689c5) to the foreground
09-25 13:35:47.879  5766  5842 D WM-WorkProgressUpdater: Updating progress for 52a505d9-dde7-4810-befe-892a781689c5 (Data {pct : 20, mode : file})
09-25 13:35:47.880  5766  5766 D WM-SystemFgDispatcher: Notifying with (id:10879, workSpecId: 52a505d9-dde7-4810-befe-892a781689c5, notificationType :1)
09-25 13:35:47.888  5766  5842 I WM-Processor: Moving WorkSpec (52a505d9-dde7-4810-befe-892a781689c5) to the foreground
09-25 13:35:47.891  5766  5842 D WM-WorkProgressUpdater: Updating progress for 52a505d9-dde7-4810-befe-892a781689c5 (Data {pct : 23, mode : file})
09-25 13:35:47.891  5766  5766 D WM-SystemFgDispatcher: Notifying with (id:10879, workSpecId: 52a505d9-dde7-4810-befe-892a781689c5, notificationType :1)
09-25 13:35:47.896  5766  5842 I WM-Processor: Moving WorkSpec (52a505d9-dde7-4810-befe-892a781689c5) to the foreground
09-25 13:35:47.899  5766  5842 D WM-WorkProgressUpdater: Updating progress for 52a505d9-dde7-4810-befe-892a781689c5 (Data {pct : 26, mode : file})
09-25 13:35:47.900  5766  5766 D WM-SystemFgDispatcher: Notifying with (id:10879, workSpecId: 52a505d9-dde7-4810-befe-892a781689c5, notificationType :1)
09-25 13:35:47.905  5766  5842 I WM-Processor: Moving WorkSpec (52a505d9-dde7-4810-befe-892a781689c5) to the foreground
09-25 13:35:47.908  5766  5842 D WM-WorkProgressUpdater: Updating progress for 52a505d9-dde7-4810-befe-892a781689c5 (Data {pct : 29, mode : file})
09-25 13:35:47.909  5766  5766 D WM-SystemFgDispatcher: Notifying with (id:10879, workSpecId: 52a505d9-dde7-4810-befe-892a781689c5, notificationType :1)
09-25 13:35:47.913  5766  5842 I WM-Processor: Moving WorkSpec (52a505d9-dde7-4810-befe-892a781689c5) to the foreground
09-25 13:35:47.916  5766  5842 D WM-WorkProgressUpdater: Updating progress for d2aff2bc-6a7c-4814-ab58-d0dd84e7cd64 (Data {pct : 44, mode : file})
09-25 13:35:47.916  5766  5766 D WM-SystemFgDispatcher: Notifying with (id:10879, workSpecId: 52a505d9-dde7-4810-befe-892a781689c5, notificationType :1)
09-25 13:35:47.919  5766  5842 D WM-WorkProgressUpdater: Updating progress for 52a505d9-dde7-4810-befe-892a781689c5 (Data {pct : 31, mode : file})
09-25 13:35:47.923  5766  5842 I WM-Processor: Moving WorkSpec (d2aff2bc-6a7c-4814-ab58-d0dd84e7cd64) to the foreground
09-25 13:35:47.925  5766  5766 D WM-SystemFgDispatcher: Notifying with (id:9825, workSpecId: d2aff2bc-6a7c-4814-ab58-d0dd84e7cd64, notificationType :1)
09-25 13:35:47.926  5766  5842 I WM-Processor: Moving WorkSpec (52a505d9-dde7-4810-befe-892a781689c5) to the foreground
09-25 13:35:47.931  5766  5842 D WM-WorkProgressUpdater: Updating progress for 52a505d9-dde7-4810-befe-892a781689c5 (Data {pct : 34, mode : file})
09-25 13:35:47.932  5766  5766 D WM-SystemFgDispatcher: Notifying with (id:10879, workSpecId: 52a505d9-dde7-4810-befe-892a781689c5, notificationType :1)
09-25 13:35:47.935  5766  5842 D WM-WorkProgressUpdater: Updating progress for d2aff2bc-6a7c-4814-ab58-d0dd84e7cd64 (Data {pct : 78, mode : file})
09-25 13:35:47.940  5766  5842 I WM-Processor: Moving WorkSpec (52a505d9-dde7-4810-befe-892a781689c5) to the foreground
09-25 13:35:47.944  5766  5766 D WM-SystemFgDispatcher: Notifying with (id:10879, workSpecId: 52a505d9-dde7-4810-befe-892a781689c5, notificationType :1)
09-25 13:35:47.945  5766  5842 I WM-Processor: Moving WorkSpec (d2aff2bc-6a7c-4814-ab58-d0dd84e7cd64) to the foreground
09-25 13:35:47.949  5766  5842 D WM-WorkProgressUpdater: Updating progress for 52a505d9-dde7-4810-befe-892a781689c5 (Data {pct : 37, mode : file})
09-25 13:35:47.950  5766  5766 D WM-SystemFgDispatcher: Notifying with (id:9825, workSpecId: d2aff2bc-6a7c-4814-ab58-d0dd84e7cd64, notificationType :1)
09-25 13:35:47.953  5766  5842 D WM-WorkProgressUpdater: Updating progress for d2aff2bc-6a7c-4814-ab58-d0dd84e7cd64 (Data {pct : 90, mode : file})
09-25 13:35:47.959  5766  5842 I WM-Processor: Moving WorkSpec (52a505d9-dde7-4810-befe-892a781689c5) to the foreground
09-25 13:35:47.962  5766  5766 D WM-SystemFgDispatcher: Notifying with (id:10879, workSpecId: 52a505d9-dde7-4810-befe-892a781689c5, notificationType :1)
09-25 13:35:47.963  5766  5842 I WM-Processor: Moving WorkSpec (d2aff2bc-6a7c-4814-ab58-d0dd84e7cd64) to the foreground
09-25 13:35:47.965  5766  5842 D WM-WorkProgressUpdater: Updating progress for 52a505d9-dde7-4810-befe-892a781689c5 (Data {pct : 40, mode : file})
09-25 13:35:47.967  5766  5766 D WM-SystemFgDispatcher: Notifying with (id:9825, workSpecId: d2aff2bc-6a7c-4814-ab58-d0dd84e7cd64, notificationType :1)
09-25 13:35:47.968  5766  5842 I WM-Processor: Moving WorkSpec (52a505d9-dde7-4810-befe-892a781689c5) to the foreground
09-25 13:35:47.971  5766  5842 D WM-WorkProgressUpdater: Updating progress for f9ebd570-c48c-4647-a57e-53bfa343526e (Data {pct : 29, mode : file})
09-25 13:35:47.971  5766  5766 D WM-SystemFgDispatcher: Notifying with (id:10879, workSpecId: 52a505d9-dde7-4810-befe-892a781689c5, notificationType :1)
09-25 13:35:47.974  5766  5842 I WM-Processor: Moving WorkSpec (f9ebd570-c48c-4647-a57e-53bfa343526e) to the foreground
09-25 13:35:47.980  5766  5766 D WM-SystemFgDispatcher: Notifying with (id:5788, workSpecId: f9ebd570-c48c-4647-a57e-53bfa343526e, notificationType :1)
09-25 13:35:47.981  5766  5842 D WM-WorkProgressUpdater: Updating progress for 52a505d9-dde7-4810-befe-892a781689c5 (Data {pct : 42, mode : file})
09-25 13:35:47.985  5766  5842 I WM-Processor: Moving WorkSpec (52a505d9-dde7-4810-befe-892a781689c5) to the foreground
09-25 13:35:47.988  5766  5842 D WM-WorkProgressUpdater: Updating progress for f9ebd570-c48c-4647-a57e-53bfa343526e (Data {pct : 49, mode : file})
09-25 13:35:47.988  5766  5766 D WM-SystemFgDispatcher: Notifying with (id:10879, workSpecId: 52a505d9-dde7-4810-befe-892a781689c5, notificationType :1)
09-25 13:35:47.990  5766  5842 D WM-WorkProgressUpdater: Updating progress for 52a505d9-dde7-4810-befe-892a781689c5 (Data {pct : 45, mode : file})
09-25 13:35:47.994  5766  5842 I WM-Processor: Moving WorkSpec (f9ebd570-c48c-4647-a57e-53bfa343526e) to the foreground
09-25 13:35:47.997  5766  5842 I WM-Processor: Moving WorkSpec (52a505d9-dde7-4810-befe-892a781689c5) to the foreground
09-25 13:35:47.997  5766  5766 D WM-SystemFgDispatcher: Notifying with (id:5788, workSpecId: f9ebd570-c48c-4647-a57e-53bfa343526e, notificationType :1)
09-25 13:35:48.000  5766  5842 D WM-WorkProgressUpdater: Updating progress for 52a505d9-dde7-4810-befe-892a781689c5 (Data {pct : 48, mode : file})
09-25 13:35:48.003  5766  5766 D WM-SystemFgDispatcher: Notifying with (id:10879, workSpecId: 52a505d9-dde7-4810-befe-892a781689c5, notificationType :1)
09-25 13:35:48.003  5766  5842 I WM-Processor: Moving WorkSpec (52a505d9-dde7-4810-befe-892a781689c5) to the foreground
09-25 13:35:48.006  5766  5842 D WM-WorkProgressUpdater: Updating progress for f9ebd570-c48c-4647-a57e-53bfa343526e (Data {pct : 69, mode : file})
09-25 13:35:48.006  5766  5766 D WM-SystemFgDispatcher: Notifying with (id:10879, workSpecId: 52a505d9-dde7-4810-befe-892a781689c5, notificationType :1)
09-25 13:35:48.008  5766  5842 I WM-Processor: Moving WorkSpec (f9ebd570-c48c-4647-a57e-53bfa343526e) to the foreground
09-25 13:35:48.010  5766  5842 D WM-WorkProgressUpdater: Updating progress for 52a505d9-dde7-4810-befe-892a781689c5 (Data {pct : 50, mode : file})
09-25 13:35:48.010  5766  5766 D WM-SystemFgDispatcher: Notifying with (id:5788, workSpecId: f9ebd570-c48c-4647-a57e-53bfa343526e, notificationType :1)
09-25 13:35:48.012  5766  5842 D WM-WorkProgressUpdater: Updating progress for f9ebd570-c48c-4647-a57e-53bfa343526e (Data {pct : 88, mode : file})
09-25 13:35:48.016  5766  5842 I WM-Processor: Moving WorkSpec (52a505d9-dde7-4810-befe-892a781689c5) to the foreground
09-25 13:35:48.020  5766  5842 I WM-Processor: Moving WorkSpec (f9ebd570-c48c-4647-a57e-53bfa343526e) to the foreground
09-25 13:35:48.020  5766  5766 D WM-SystemFgDispatcher: Notifying with (id:10879, workSpecId: 52a505d9-dde7-4810-befe-892a781689c5, notificationType :1)
09-25 13:35:48.022  5766  5842 D WM-WorkProgressUpdater: Updating progress for f9ebd570-c48c-4647-a57e-53bfa343526e (Data {pct : 90, mode : file})
09-25 13:35:48.023  5766  5766 D WM-SystemFgDispatcher: Notifying with (id:5788, workSpecId: f9ebd570-c48c-4647-a57e-53bfa343526e, notificationType :1)
09-25 13:35:48.025  5766  5842 D WM-WorkProgressUpdater: Updating progress for 52a505d9-dde7-4810-befe-892a781689c5 (Data {pct : 53, mode : file})
09-25 13:35:48.028  5766  5842 I WM-Processor: Moving WorkSpec (52a505d9-dde7-4810-befe-892a781689c5) to the foreground
09-25 13:35:48.031  5766  5766 D WM-SystemFgDispatcher: Notifying with (id:10879, workSpecId: 52a505d9-dde7-4810-befe-892a781689c5, notificationType :1)
09-25 13:35:48.031  5766  5842 I WM-Processor: Moving WorkSpec (f9ebd570-c48c-4647-a57e-53bfa343526e) to the foreground
09-25 13:35:48.033  5766  5842 D WM-WorkProgressUpdater: Updating progress for 52a505d9-dde7-4810-befe-892a781689c5 (Data {pct : 56, mode : file})
09-25 13:35:48.034  5766  5766 D WM-SystemFgDispatcher: Notifying with (id:5788, workSpecId: f9ebd570-c48c-4647-a57e-53bfa343526e, notificationType :1)
09-25 13:35:48.037  5766  5842 I WM-Processor: Moving WorkSpec (52a505d9-dde7-4810-befe-892a781689c5) to the foreground
09-25 13:35:48.047  5766  5842 D WM-WorkProgressUpdater: Updating progress for 52a505d9-dde7-4810-befe-892a781689c5 (Data {pct : 59, mode : file})
09-25 13:35:48.047  5766  5766 D WM-SystemFgDispatcher: Notifying with (id:10879, workSpecId: 52a505d9-dde7-4810-befe-892a781689c5, notificationType :1)
09-25 13:35:48.051  5766  5842 I WM-Processor: Moving WorkSpec (52a505d9-dde7-4810-befe-892a781689c5) to the foreground
09-25 13:35:48.053  5766  5842 D WM-WorkProgressUpdater: Updating progress for 52a505d9-dde7-4810-befe-892a781689c5 (Data {pct : 61, mode : file})
09-25 13:35:48.053  5766  5766 D WM-SystemFgDispatcher: Notifying with (id:10879, workSpecId: 52a505d9-dde7-4810-befe-892a781689c5, notificationType :1)
09-25 13:35:48.056  5766  5842 I WM-Processor: Moving WorkSpec (52a505d9-dde7-4810-befe-892a781689c5) to the foreground
09-25 13:35:48.058  5766  5842 D WM-WorkProgressUpdater: Updating progress for 52a505d9-dde7-4810-befe-892a781689c5 (Data {pct : 64, mode : file})
09-25 13:35:48.058  5766  5766 D WM-SystemFgDispatcher: Notifying with (id:10879, workSpecId: 52a505d9-dde7-4810-befe-892a781689c5, notificationType :1)
09-25 13:35:48.061  5766  5842 I WM-Processor: Moving WorkSpec (52a505d9-dde7-4810-befe-892a781689c5) to the foreground
09-25 13:35:48.063  5766  5842 D WM-WorkProgressUpdater: Updating progress for 52a505d9-dde7-4810-befe-892a781689c5 (Data {pct : 67, mode : file})
09-25 13:35:48.063  5766  5766 D WM-SystemFgDispatcher: Notifying with (id:10879, workSpecId: 52a505d9-dde7-4810-befe-892a781689c5, notificationType :1)
09-25 13:35:48.066  5766  5842 I WM-Processor: Moving WorkSpec (52a505d9-dde7-4810-befe-892a781689c5) to the foreground
09-25 13:35:48.068  5766  5842 D WM-WorkProgressUpdater: Updating progress for 52a505d9-dde7-4810-befe-892a781689c5 (Data {pct : 70, mode : file})
09-25 13:35:48.068  5766  5766 D WM-SystemFgDispatcher: Notifying with (id:10879, workSpecId: 52a505d9-dde7-4810-befe-892a781689c5, notificationType :1)
09-25 13:35:48.071  5766  5842 I WM-Processor: Moving WorkSpec (52a505d9-dde7-4810-befe-892a781689c5) to the foreground
09-25 13:35:48.073  5766  5766 D WM-SystemFgDispatcher: Notifying with (id:10879, workSpecId: 52a505d9-dde7-4810-befe-892a781689c5, notificationType :1)
09-25 13:35:48.076  5766  5863 D GitHubUploader: uploadStream: done url=https://github.com/ishizuki-tech/SurveyExports/blob/main/diagnostics/crash/2026-09-25/prevlog_20260924_223939_pid14963.log sha=949d29cbc288d73e1871fd77030c934125fdea38
09-25 13:35:48.079  5766  5842 D WM-WorkProgressUpdater: Updating progress for 52a505d9-dde7-4810-befe-892a781689c5 (Data {pct : 72, mode : file})
09-25 13:35:48.083  5766  5842 I WM-Processor: Moving WorkSpec (52a505d9-dde7-4810-befe-892a781689c5) to the foreground
09-25 13:35:48.085  5766  5842 D WM-WorkProgressUpdater: Updating progress for 52a505d9-dde7-4810-befe-892a781689c5 (Data {pct : 75, mode : file})
09-25 13:35:48.085  5766  5766 D WM-SystemFgDispatcher: Notifying with (id:10879, workSpecId: 52a505d9-dde7-4810-befe-892a781689c5, notificationType :1)
09-25 13:35:48.088  5766  5842 I WM-Processor: Moving WorkSpec (52a505d9-dde7-4810-befe-892a781689c5) to the foreground
09-25 13:35:48.091  5766  5842 D WM-WorkProgressUpdater: Updating progress for 52a505d9-dde7-4810-befe-892a781689c5 (Data {pct : 78, mode : file})
09-25 13:35:48.091  5766  5766 D WM-SystemFgDispatcher: Notifying with (id:10879, workSpecId: 52a505d9-dde7-4810-befe-892a781689c5, notificationType :1)
09-25 13:35:48.094  5766  5842 I WM-Processor: Moving WorkSpec (52a505d9-dde7-4810-befe-892a781689c5) to the foreground
09-25 13:35:48.096  5766  5842 D WM-WorkProgressUpdater: Updating progress for 52a505d9-dde7-4810-befe-892a781689c5 (Data {pct : 80, mode : file})
09-25 13:35:48.096  5766  5766 D WM-SystemFgDispatcher: Notifying with (id:10879, workSpecId: 52a505d9-dde7-4810-befe-892a781689c5, notificationType :1)
09-25 13:35:48.099  5766  5842 I WM-Processor: Moving WorkSpec (52a505d9-dde7-4810-befe-892a781689c5) to the foreground
09-25 13:35:48.101  5766  5842 D WM-WorkProgressUpdater: Updating progress for 52a505d9-dde7-4810-befe-892a781689c5 (Data {pct : 83, mode : file})
09-25 13:35:48.101  5766  5766 D WM-SystemFgDispatcher: Notifying with (id:10879, workSpecId: 52a505d9-dde7-4810-befe-892a781689c5, notificationType :1)
09-25 13:35:48.103  5766  5871 W GitHubUploader: uploadStream: 409 Conflict; refreshing SHA and retrying once.
09-25 13:35:48.105  5766  5842 I WM-Processor: Moving WorkSpec (52a505d9-dde7-4810-befe-892a781689c5) to the foreground
09-25 13:35:48.107  5766  5842 D WM-WorkProgressUpdater: Updating progress for 52a505d9-dde7-4810-befe-892a781689c5 (Data {pct : 86, mode : file})
09-25 13:35:48.108  5766  5766 D WM-SystemFgDispatcher: Notifying with (id:10879, workSpecId: 52a505d9-dde7-4810-befe-892a781689c5, notificationType :1)
09-25 13:35:48.111  5766  5842 I WM-Processor: Moving WorkSpec (52a505d9-dde7-4810-befe-892a781689c5) to the foreground
09-25 13:35:48.113  5766  5842 D WM-WorkProgressUpdater: Updating progress for 52a505d9-dde7-4810-befe-892a781689c5 (Data {pct : 89, mode : file})
09-25 13:35:48.114  5766  5766 D WM-SystemFgDispatcher: Notifying with (id:10879, workSpecId: 52a505d9-dde7-4810-befe-892a781689c5, notificationType :1)
09-25 13:35:48.115  5766  5842 I WM-Processor: Moving WorkSpec (52a505d9-dde7-4810-befe-892a781689c5) to the foreground
09-25 13:35:48.117  5766  5842 D WM-WorkProgressUpdater: Updating progress for 52a505d9-dde7-4810-befe-892a781689c5 (Data {pct : 90, mode : file})
09-25 13:35:48.117  5766  5766 D WM-SystemFgDispatcher: Notifying with (id:10879, workSpecId: 52a505d9-dde7-4810-befe-892a781689c5, notificationType :1)
09-25 13:35:48.120  5766  5842 I WM-Processor: Moving WorkSpec (52a505d9-dde7-4810-befe-892a781689c5) to the foreground
09-25 13:35:48.123  5766  5842 D WM-WorkProgressUpdater: Updating progress for 4a5634fb-ba7c-400a-b9ec-2415071b26e2 (Data {pct : 95, mode : file})
09-25 13:35:48.123  5766  5766 D WM-SystemFgDispatcher: Notifying with (id:10879, workSpecId: 52a505d9-dde7-4810-befe-892a781689c5, notificationType :1)
09-25 13:35:48.127  5766  5842 I WM-Processor: Moving WorkSpec (4a5634fb-ba7c-400a-b9ec-2415071b26e2) to the foreground
09-25 13:35:48.129  5766  5766 D WM-SystemFgDispatcher: Notifying with (id:8003, workSpecId: 4a5634fb-ba7c-400a-b9ec-2415071b26e2, notificationType :1)
09-25 13:35:48.130  5766  5842 I WM-Processor: Moving WorkSpec (4a5634fb-ba7c-400a-b9ec-2415071b26e2) to the foreground
09-25 13:35:48.133  5766  5766 D WM-SystemFgDispatcher: Notifying with (id:8003, workSpecId: 4a5634fb-ba7c-400a-b9ec-2415071b26e2, notificationType :1)
09-25 13:35:48.134  5766  5842 I WM-WorkerWrapper: Worker result SUCCESS for Work [ id=4a5634fb-ba7c-400a-b9ec-2415071b26e2, tags={ com.negi.survey.net.GitHubUploadWorker,github_upload,github_upload:crash:diagnostics_crash_prevlog_20260924_223939_pid14963.log_7dc9a2f8 } ]
09-25 13:35:48.136  5766  5842 D WM-WorkProgressUpdater: Updating progress for 584078e9-0fb3-4f10-ba34-5b6bfb108001 (Data {pct : 55, mode : file})
09-25 13:35:48.136  5766  5766 D WM-Processor: Processor 4a5634fb-ba7c-400a-b9ec-2415071b26e2 executed; reschedule = false
09-25 13:35:48.136  5766  5766 D WM-GreedyScheduler: Stopping tracking for WorkGenerationalId(workSpecId=4a5634fb-ba7c-400a-b9ec-2415071b26e2, generation=0)
09-25 13:35:48.137  5766  5766 D WM-SystemJobService: 4a5634fb-ba7c-400a-b9ec-2415071b26e2 executed on JobScheduler
09-25 13:35:48.138  5766  5766 D WM-SystemFgDispatcher: Removing Notification (id: 8003, workSpecId: WorkGenerationalId(workSpecId=4a5634fb-ba7c-400a-b9ec-2415071b26e2, generation=0), notificationType: 1
09-25 13:35:48.139  5766  5842 I WM-Processor: Moving WorkSpec (584078e9-0fb3-4f10-ba34-5b6bfb108001) to the foreground
09-25 13:35:48.140  5766  5842 D WM-WorkProgressUpdater: Updating progress for 584078e9-0fb3-4f10-ba34-5b6bfb108001 (Data {pct : 90, mode : file})
09-25 13:35:48.141  5766  5766 D WM-SystemFgDispatcher: Notifying with (id:10439, workSpecId: 584078e9-0fb3-4f10-ba34-5b6bfb108001, notificationType :1)
09-25 13:35:48.143  5766  5842 I WM-Processor: Moving WorkSpec (584078e9-0fb3-4f10-ba34-5b6bfb108001) to the foreground
09-25 13:35:48.145  5766  5766 D WM-SystemFgDispatcher: Notifying with (id:10439, workSpecId: 584078e9-0fb3-4f10-ba34-5b6bfb108001, notificationType :1)
09-25 13:35:48.147  5766  5845 D WM-GreedyScheduler: Cancelling work ID 4a5634fb-ba7c-400a-b9ec-2415071b26e2
09-25 13:35:48.155  5766  5845 D WM-WorkProgressUpdater: Updating progress for 7892c22b-5b56-45b5-a1e3-b9f641702342 (Data {pct : 57, mode : file})
09-25 13:35:48.159  5766  5845 I WM-Processor: Moving WorkSpec (7892c22b-5b56-45b5-a1e3-b9f641702342) to the foreground
09-25 13:35:48.162  5766  5845 D WM-WorkProgressUpdater: Updating progress for 7892c22b-5b56-45b5-a1e3-b9f641702342 (Data {pct : 90, mode : file})
09-25 13:35:48.163  5766  5766 D WM-SystemFgDispatcher: Notifying with (id:3673, workSpecId: 7892c22b-5b56-45b5-a1e3-b9f641702342, notificationType :1)
09-25 13:35:48.166  5766  5845 I WM-Processor: Moving WorkSpec (7892c22b-5b56-45b5-a1e3-b9f641702342) to the foreground
09-25 13:35:48.169  5766  5766 D WM-SystemFgDispatcher: Notifying with (id:3673, workSpecId: 7892c22b-5b56-45b5-a1e3-b9f641702342, notificationType :1)
09-25 13:35:48.343  5766  5842 D WM-WorkProgressUpdater: Updating progress for 22c53c99-68e4-4932-803c-29a401ce1cde (Data {pct : 46, mode : file})
09-25 13:35:48.353  5766  5842 I WM-Processor: Moving WorkSpec (22c53c99-68e4-4932-803c-29a401ce1cde) to the foreground
09-25 13:35:48.360  5766  5842 D WM-WorkProgressUpdater: Updating progress for 22c53c99-68e4-4932-803c-29a401ce1cde (Data {pct : 82, mode : file})
09-25 13:35:48.361  5766  5766 D WM-SystemFgDispatcher: Notifying with (id:5145, workSpecId: 22c53c99-68e4-4932-803c-29a401ce1cde, notificationType :1)
09-25 13:35:48.367  5766  5842 I WM-Processor: Moving WorkSpec (22c53c99-68e4-4932-803c-29a401ce1cde) to the foreground
09-25 13:35:48.370  5766  5842 D WM-WorkProgressUpdater: Updating progress for 22c53c99-68e4-4932-803c-29a401ce1cde (Data {pct : 90, mode : file})
09-25 13:35:48.373  5766  5766 D WM-SystemFgDispatcher: Notifying with (id:5145, workSpecId: 22c53c99-68e4-4932-803c-29a401ce1cde, notificationType :1)
09-25 13:35:48.381  5766  5842 I WM-Processor: Moving WorkSpec (22c53c99-68e4-4932-803c-29a401ce1cde) to the foreground
09-25 13:35:48.385  5766  5766 D WM-SystemFgDispatcher: Notifying with (id:5145, workSpecId: 22c53c99-68e4-4932-803c-29a401ce1cde, notificationType :1)
09-25 13:35:48.417  5766  5832 W GitHubUploader: uploadStream: 409 Conflict; refreshing SHA and retrying once.
09-25 13:35:48.448  5766  5843 D WM-WorkProgressUpdater: Updating progress for f6658e8f-021b-4823-8db7-094ee02adf5b (Data {pct : 18, mode : file})
09-25 13:35:48.462  5766  5843 I WM-Processor: Moving WorkSpec (f6658e8f-021b-4823-8db7-094ee02adf5b) to the foreground
09-25 13:35:48.469  5766  5843 D WM-WorkProgressUpdater: Updating progress for f6658e8f-021b-4823-8db7-094ee02adf5b (Data {pct : 26, mode : file})
09-25 13:35:48.470  5766  5766 D WM-SystemFgDispatcher: Notifying with (id:8506, workSpecId: f6658e8f-021b-4823-8db7-094ee02adf5b, notificationType :1)
09-25 13:35:48.479  5766  5843 I WM-Processor: Moving WorkSpec (f6658e8f-021b-4823-8db7-094ee02adf5b) to the foreground
09-25 13:35:48.484  5766  5843 D WM-WorkProgressUpdater: Updating progress for f6658e8f-021b-4823-8db7-094ee02adf5b (Data {pct : 34, mode : file})
09-25 13:35:48.484  5766  5766 D WM-SystemFgDispatcher: Notifying with (id:8506, workSpecId: f6658e8f-021b-4823-8db7-094ee02adf5b, notificationType :1)
09-25 13:35:48.493  5766  5843 I WM-Processor: Moving WorkSpec (f6658e8f-021b-4823-8db7-094ee02adf5b) to the foreground
09-25 13:35:48.498  5766  5843 D WM-WorkProgressUpdater: Updating progress for f6658e8f-021b-4823-8db7-094ee02adf5b (Data {pct : 42, mode : file})
09-25 13:35:48.499  5766  5766 D WM-SystemFgDispatcher: Notifying with (id:8506, workSpecId: f6658e8f-021b-4823-8db7-094ee02adf5b, notificationType :1)
09-25 13:35:48.508  5766  5843 I WM-Processor: Moving WorkSpec (f6658e8f-021b-4823-8db7-094ee02adf5b) to the foreground
09-25 13:35:48.510  5766  5873 W GitHubUploader: uploadStream: 409 Conflict; refreshing SHA and retrying once.
09-25 13:35:48.512  5766  5843 D WM-WorkProgressUpdater: Updating progress for f6658e8f-021b-4823-8db7-094ee02adf5b (Data {pct : 51, mode : file})
09-25 13:35:48.512  5766  5766 D WM-SystemFgDispatcher: Notifying with (id:8506, workSpecId: f6658e8f-021b-4823-8db7-094ee02adf5b, notificationType :1)
09-25 13:35:48.522  5766  5843 I WM-Processor: Moving WorkSpec (f6658e8f-021b-4823-8db7-094ee02adf5b) to the foreground
09-25 13:35:48.527  5766  5843 D WM-WorkProgressUpdater: Updating progress for f6658e8f-021b-4823-8db7-094ee02adf5b (Data {pct : 59, mode : file})
09-25 13:35:48.527  5766  5766 D WM-SystemFgDispatcher: Notifying with (id:8506, workSpecId: f6658e8f-021b-4823-8db7-094ee02adf5b, notificationType :1)
09-25 13:35:48.537  5766  5843 I WM-Processor: Moving WorkSpec (f6658e8f-021b-4823-8db7-094ee02adf5b) to the foreground
09-25 13:35:48.541  5766  5766 D WM-SystemFgDispatcher: Notifying with (id:8506, workSpecId: f6658e8f-021b-4823-8db7-094ee02adf5b, notificationType :1)
09-25 13:35:48.542  5766  5843 D WM-WorkProgressUpdater: Updating progress for f6658e8f-021b-4823-8db7-094ee02adf5b (Data {pct : 67, mode : file})
09-25 13:35:48.550  5766  5843 I WM-Processor: Moving WorkSpec (f6658e8f-021b-4823-8db7-094ee02adf5b) to the foreground
09-25 13:35:48.554  5766  5843 D WM-WorkProgressUpdater: Updating progress for f6658e8f-021b-4823-8db7-094ee02adf5b (Data {pct : 75, mode : file})
09-25 13:35:48.555  5766  5766 D WM-SystemFgDispatcher: Notifying with (id:8506, workSpecId: f6658e8f-021b-4823-8db7-094ee02adf5b, notificationType :1)
09-25 13:35:48.559  5766  5843 I WM-Processor: Moving WorkSpec (f6658e8f-021b-4823-8db7-094ee02adf5b) to the foreground
09-25 13:35:48.562  5766  5843 D WM-WorkProgressUpdater: Updating progress for f6658e8f-021b-4823-8db7-094ee02adf5b (Data {pct : 84, mode : file})
09-25 13:35:48.563  5766  5766 D WM-SystemFgDispatcher: Notifying with (id:8506, workSpecId: f6658e8f-021b-4823-8db7-094ee02adf5b, notificationType :1)
09-25 13:35:48.568  5766  5843 I WM-Processor: Moving WorkSpec (f6658e8f-021b-4823-8db7-094ee02adf5b) to the foreground
09-25 13:35:48.571  5766  5843 D WM-WorkProgressUpdater: Updating progress for f6658e8f-021b-4823-8db7-094ee02adf5b (Data {pct : 90, mode : file})
09-25 13:35:48.572  5766  5766 D WM-SystemFgDispatcher: Notifying with (id:8506, workSpecId: f6658e8f-021b-4823-8db7-094ee02adf5b, notificationType :1)
09-25 13:35:48.576  5766  5843 I WM-Processor: Moving WorkSpec (f6658e8f-021b-4823-8db7-094ee02adf5b) to the foreground
09-25 13:35:48.579  5766  5766 D WM-SystemFgDispatcher: Notifying with (id:8506, workSpecId: f6658e8f-021b-4823-8db7-094ee02adf5b, notificationType :1)
09-25 13:35:48.587  5766  5842 D WM-WorkProgressUpdater: Updating progress for da4610b3-fe18-4a5f-8174-926a22c458d1 (Data {pct : 42, mode : file})
09-25 13:35:48.597  5766  5842 I WM-Processor: Moving WorkSpec (da4610b3-fe18-4a5f-8174-926a22c458d1) to the foreground
09-25 13:35:48.603  5766  5842 D WM-WorkProgressUpdater: Updating progress for da4610b3-fe18-4a5f-8174-926a22c458d1 (Data {pct : 75, mode : file})
09-25 13:35:48.603  5766  5766 D WM-SystemFgDispatcher: Notifying with (id:6738, workSpecId: da4610b3-fe18-4a5f-8174-926a22c458d1, notificationType :1)
09-25 13:35:48.613  5766  5842 I WM-Processor: Moving WorkSpec (da4610b3-fe18-4a5f-8174-926a22c458d1) to the foreground
09-25 13:35:48.618  5766  5842 D WM-WorkProgressUpdater: Updating progress for da4610b3-fe18-4a5f-8174-926a22c458d1 (Data {pct : 90, mode : file})
09-25 13:35:48.618  5766  5766 D WM-SystemFgDispatcher: Notifying with (id:6738, workSpecId: da4610b3-fe18-4a5f-8174-926a22c458d1, notificationType :1)
09-25 13:35:48.627  5766  5842 I WM-Processor: Moving WorkSpec (da4610b3-fe18-4a5f-8174-926a22c458d1) to the foreground
09-25 13:35:48.632  5766  5766 D WM-SystemFgDispatcher: Notifying with (id:6738, workSpecId: da4610b3-fe18-4a5f-8174-926a22c458d1, notificationType :1)
09-25 13:35:48.634  5766  5842 D WM-WorkProgressUpdater: Updating progress for 5370dfa2-be17-4e1a-908a-17e02a132222 (Data {pct : 40, mode : file})
09-25 13:35:48.643  5766  5842 I WM-Processor: Moving WorkSpec (5370dfa2-be17-4e1a-908a-17e02a132222) to the foreground
09-25 13:35:48.647  5766  5842 D WM-WorkProgressUpdater: Updating progress for 5370dfa2-be17-4e1a-908a-17e02a132222 (Data {pct : 71, mode : file})
09-25 13:35:48.648  5766  5766 D WM-SystemFgDispatcher: Notifying with (id:4800, workSpecId: 5370dfa2-be17-4e1a-908a-17e02a132222, notificationType :1)
09-25 13:35:48.648  5766  5766 W NotificationManager: Shedding notify (update) of NotificationKey[user=UserHandle{0}, pkg=com.negi.survey.local, tag=null, id=4800], rate limit (5.0) exceeded: input 94.294716, output would be 5.0738554
09-25 13:35:48.654  5766  5842 I WM-Processor: Moving WorkSpec (5370dfa2-be17-4e1a-908a-17e02a132222) to the foreground
09-25 13:35:48.657  5766  5842 D WM-WorkProgressUpdater: Updating progress for 5370dfa2-be17-4e1a-908a-17e02a132222 (Data {pct : 90, mode : file})
09-25 13:35:48.657  5766  5766 D WM-SystemFgDispatcher: Notifying with (id:4800, workSpecId: 5370dfa2-be17-4e1a-908a-17e02a132222, notificationType :1)
09-25 13:35:48.663  5766  5866 D GitHubUploader: uploadStream: done url=https://github.com/ishizuki-tech/SurveyExports/blob/main/diagnostics/crash/2026-09-25/prevlog_20260924_214905_pid9669.log sha=61317c620f74aadea0ea84d6b11b031af66b5738
09-25 13:35:48.663  5766  5842 I WM-Processor: Moving WorkSpec (5370dfa2-be17-4e1a-908a-17e02a132222) to the foreground
09-25 13:35:48.670  5766  5842 D WM-WorkProgressUpdater: Updating progress for 6f9616fb-1dc6-4433-81c5-5b0b8532552e (Data {pct : 95, mode : file})
09-25 13:35:48.670  5766  5766 D WM-SystemFgDispatcher: Notifying with (id:4800, workSpecId: 5370dfa2-be17-4e1a-908a-17e02a132222, notificationType :1)
09-25 13:35:48.678  5766  5842 I WM-Processor: Moving WorkSpec (6f9616fb-1dc6-4433-81c5-5b0b8532552e) to the foreground
09-25 13:35:48.683  5766  5766 D WM-SystemFgDispatcher: Notifying with (id:3815, workSpecId: 6f9616fb-1dc6-4433-81c5-5b0b8532552e, notificationType :1)
09-25 13:35:48.684  5766  5842 I WM-Processor: Moving WorkSpec (6f9616fb-1dc6-4433-81c5-5b0b8532552e) to the foreground
09-25 13:35:48.687  5766  5766 D WM-SystemFgDispatcher: Notifying with (id:3815, workSpecId: 6f9616fb-1dc6-4433-81c5-5b0b8532552e, notificationType :1)
09-25 13:35:48.690  5766  5842 I WM-WorkerWrapper: Worker result SUCCESS for Work [ id=6f9616fb-1dc6-4433-81c5-5b0b8532552e, tags={ com.negi.survey.net.GitHubUploadWorker,github_upload,github_upload:crash:diagnostics_crash_prevlog_20260924_214905_pid9669.log_1b420da4 } ]
09-25 13:35:48.694  5766  5766 D WM-Processor: Processor 6f9616fb-1dc6-4433-81c5-5b0b8532552e executed; reschedule = false
09-25 13:35:48.695  5766  5766 D WM-GreedyScheduler: Stopping tracking for WorkGenerationalId(workSpecId=6f9616fb-1dc6-4433-81c5-5b0b8532552e, generation=0)
09-25 13:35:48.696  5766  5766 D WM-SystemJobService: 6f9616fb-1dc6-4433-81c5-5b0b8532552e executed on JobScheduler
09-25 13:35:48.698  5766  5766 D WM-SystemFgDispatcher: Removing Notification (id: 3815, workSpecId: WorkGenerationalId(workSpecId=6f9616fb-1dc6-4433-81c5-5b0b8532552e, generation=0), notificationType: 1
09-25 13:35:48.710  5766  5766 D WM-SystemJobService: onStartJob for WorkGenerationalId(workSpecId=f9ebd570-c48c-4647-a57e-53bfa343526e, generation=0)
09-25 13:35:48.712  5766  5842 D WM-GreedyScheduler: Cancelling work ID 6f9616fb-1dc6-4433-81c5-5b0b8532552e
09-25 13:35:48.731  5766  5842 D WM-Processor: Work WorkGenerationalId(workSpecId=f9ebd570-c48c-4647-a57e-53bfa343526e, generation=0) is already enqueued for processing
09-25 13:35:48.734  5766  5842 D WM-WorkProgressUpdater: Updating progress for 72fc817a-10d6-46fc-9857-28c51f3e335a (Data {pct : 34, mode : file})
09-25 13:35:48.742  5766  5842 I WM-Processor: Moving WorkSpec (72fc817a-10d6-46fc-9857-28c51f3e335a) to the foreground
09-25 13:35:48.748  5766  5842 D WM-WorkProgressUpdater: Updating progress for 72fc817a-10d6-46fc-9857-28c51f3e335a (Data {pct : 59, mode : file})
09-25 13:35:48.749  5766  5766 D WM-SystemFgDispatcher: Notifying with (id:10479, workSpecId: 72fc817a-10d6-46fc-9857-28c51f3e335a, notificationType :1)
09-25 13:35:48.755  5766  5842 I WM-Processor: Moving WorkSpec (72fc817a-10d6-46fc-9857-28c51f3e335a) to the foreground
09-25 13:35:48.758  5766  5842 D WM-WorkProgressUpdater: Updating progress for 72fc817a-10d6-46fc-9857-28c51f3e335a (Data {pct : 84, mode : file})
09-25 13:35:48.758  5766  5766 D WM-SystemFgDispatcher: Notifying with (id:10479, workSpecId: 72fc817a-10d6-46fc-9857-28c51f3e335a, notificationType :1)
09-25 13:35:48.767  5766  5842 I WM-Processor: Moving WorkSpec (72fc817a-10d6-46fc-9857-28c51f3e335a) to the foreground
09-25 13:35:48.771  5766  5842 D WM-WorkProgressUpdater: Updating progress for 72fc817a-10d6-46fc-9857-28c51f3e335a (Data {pct : 90, mode : file})
09-25 13:35:48.771  5766  5766 D WM-SystemFgDispatcher: Notifying with (id:10479, workSpecId: 72fc817a-10d6-46fc-9857-28c51f3e335a, notificationType :1)
09-25 13:35:48.778  5766  5842 I WM-Processor: Moving WorkSpec (72fc817a-10d6-46fc-9857-28c51f3e335a) to the foreground
09-25 13:35:48.783  5766  5766 D WM-SystemFgDispatcher: Notifying with (id:10479, workSpecId: 72fc817a-10d6-46fc-9857-28c51f3e335a, notificationType :1)
09-25 13:35:48.833  5766  5868 W GitHubUploader: uploadStream: 409 Conflict; refreshing SHA and retrying once.
09-25 13:35:48.935  5766  5875 W GitHubUploader: uploadStream: 409 Conflict; refreshing SHA and retrying once.
09-25 13:35:49.035  5766  5863 W GitHubUploader: uploadStream: 409 Conflict; refreshing SHA and retrying once.
09-25 13:35:49.063  5766  5844 D WM-WorkProgressUpdater: Updating progress for f9ebd570-c48c-4647-a57e-53bfa343526e (Data {pct : 29, mode : file})
09-25 13:35:49.076  5766  5844 I WM-Processor: Moving WorkSpec (f9ebd570-c48c-4647-a57e-53bfa343526e) to the foreground
09-25 13:35:49.087  5766  5844 D WM-WorkProgressUpdater: Updating progress for f9ebd570-c48c-4647-a57e-53bfa343526e (Data {pct : 49, mode : file})
09-25 13:35:49.087  5766  5766 D WM-SystemFgDispatcher: Notifying with (id:5788, workSpecId: f9ebd570-c48c-4647-a57e-53bfa343526e, notificationType :1)
09-25 13:35:49.096  5766  5844 I WM-Processor: Moving WorkSpec (f9ebd570-c48c-4647-a57e-53bfa343526e) to the foreground
09-25 13:35:49.101  5766  5844 D WM-WorkProgressUpdater: Updating progress for f9ebd570-c48c-4647-a57e-53bfa343526e (Data {pct : 69, mode : file})
09-25 13:35:49.104  5766  5766 D WM-SystemFgDispatcher: Notifying with (id:5788, workSpecId: f9ebd570-c48c-4647-a57e-53bfa343526e, notificationType :1)
09-25 13:35:49.110  5766  5844 I WM-Processor: Moving WorkSpec (f9ebd570-c48c-4647-a57e-53bfa343526e) to the foreground
09-25 13:35:49.114  5766  5844 D WM-WorkProgressUpdater: Updating progress for f9ebd570-c48c-4647-a57e-53bfa343526e (Data {pct : 88, mode : file})
09-25 13:35:49.115  5766  5766 D WM-SystemFgDispatcher: Notifying with (id:5788, workSpecId: f9ebd570-c48c-4647-a57e-53bfa343526e, notificationType :1)
09-25 13:35:49.124  5766  5844 I WM-Processor: Moving WorkSpec (f9ebd570-c48c-4647-a57e-53bfa343526e) to the foreground
09-25 13:35:49.129  5766  5844 D WM-WorkProgressUpdater: Updating progress for f9ebd570-c48c-4647-a57e-53bfa343526e (Data {pct : 90, mode : file})
09-25 13:35:49.129  5766  5766 D WM-SystemFgDispatcher: Notifying with (id:5788, workSpecId: f9ebd570-c48c-4647-a57e-53bfa343526e, notificationType :1)
09-25 13:35:49.138  5766  5844 I WM-Processor: Moving WorkSpec (f9ebd570-c48c-4647-a57e-53bfa343526e) to the foreground
09-25 13:35:49.143  5766  5766 D WM-SystemFgDispatcher: Notifying with (id:5788, workSpecId: f9ebd570-c48c-4647-a57e-53bfa343526e, notificationType :1)
09-25 13:35:49.145  5766  5844 D WM-WorkProgressUpdater: Updating progress for 7892c22b-5b56-45b5-a1e3-b9f641702342 (Data {pct : 57, mode : file})
09-25 13:35:49.155  5766  5844 I WM-Processor: Moving WorkSpec (7892c22b-5b56-45b5-a1e3-b9f641702342) to the foreground
09-25 13:35:49.159  5766  5844 D WM-WorkProgressUpdater: Updating progress for 7892c22b-5b56-45b5-a1e3-b9f641702342 (Data {pct : 90, mode : file})
09-25 13:35:49.159  5766  5766 D WM-SystemFgDispatcher: Notifying with (id:3673, workSpecId: 7892c22b-5b56-45b5-a1e3-b9f641702342, notificationType :1)
09-25 13:35:49.167  5766  5844 I WM-Processor: Moving WorkSpec (7892c22b-5b56-45b5-a1e3-b9f641702342) to the foreground
09-25 13:35:49.171  5766  5766 D WM-SystemFgDispatcher: Notifying with (id:3673, workSpecId: 7892c22b-5b56-45b5-a1e3-b9f641702342, notificationType :1)
09-25 13:35:49.239  5766  5870 W GitHubUploader: uploadStream: 409 Conflict; refreshing SHA and retrying once.
09-25 13:35:49.242  5766  5845 D WM-WorkProgressUpdater: Updating progress for 584078e9-0fb3-4f10-ba34-5b6bfb108001 (Data {pct : 55, mode : file})
09-25 13:35:49.254  5766  5845 I WM-Processor: Moving WorkSpec (584078e9-0fb3-4f10-ba34-5b6bfb108001) to the foreground
09-25 13:35:49.264  5766  5845 D WM-WorkProgressUpdater: Updating progress for 584078e9-0fb3-4f10-ba34-5b6bfb108001 (Data {pct : 90, mode : file})
09-25 13:35:49.265  5766  5766 D WM-SystemFgDispatcher: Notifying with (id:10439, workSpecId: 584078e9-0fb3-4f10-ba34-5b6bfb108001, notificationType :1)
09-25 13:35:49.273  5766  5845 I WM-Processor: Moving WorkSpec (584078e9-0fb3-4f10-ba34-5b6bfb108001) to the foreground
09-25 13:35:49.279  5766  5766 D WM-SystemFgDispatcher: Notifying with (id:10439, workSpecId: 584078e9-0fb3-4f10-ba34-5b6bfb108001, notificationType :1)
09-25 13:35:49.431  5766  5842 D WM-WorkProgressUpdater: Updating progress for 22c53c99-68e4-4932-803c-29a401ce1cde (Data {pct : 95, mode : file})
09-25 13:35:49.432  5766  5871 D GitHubUploader: uploadStream: done url=https://github.com/ishizuki-tech/SurveyExports/blob/main/diagnostics/crash/2026-09-25/prevlog_20260924_193929_pid31839.log sha=e0ba37141246f7ec51ac723574c03ee2c4b2ec95
09-25 13:35:49.446  5766  5842 I WM-Processor: Moving WorkSpec (22c53c99-68e4-4932-803c-29a401ce1cde) to the foreground
09-25 13:35:49.455  5766  5766 D WM-SystemFgDispatcher: Notifying with (id:5145, workSpecId: 22c53c99-68e4-4932-803c-29a401ce1cde, notificationType :1)
09-25 13:35:49.457  5766  5842 I WM-Processor: Moving WorkSpec (22c53c99-68e4-4932-803c-29a401ce1cde) to the foreground
09-25 13:35:49.468  5766  5766 D WM-SystemFgDispatcher: Notifying with (id:5145, workSpecId: 22c53c99-68e4-4932-803c-29a401ce1cde, notificationType :1)
09-25 13:35:49.468  5766  5842 I WM-WorkerWrapper: Worker result SUCCESS for Work [ id=22c53c99-68e4-4932-803c-29a401ce1cde, tags={ com.negi.survey.net.GitHubUploadWorker,github_upload,github_upload:crash:diagnostics_crash_prevlog_20260924_193929_pid31839.log_6d76251c } ]
09-25 13:35:49.477  5766  5766 D WM-Processor: Processor 22c53c99-68e4-4932-803c-29a401ce1cde executed; reschedule = false
09-25 13:35:49.477  5766  5766 D WM-GreedyScheduler: Stopping tracking for WorkGenerationalId(workSpecId=22c53c99-68e4-4932-803c-29a401ce1cde, generation=0)
09-25 13:35:49.480  5766  5766 D WM-SystemJobService: 22c53c99-68e4-4932-803c-29a401ce1cde executed on JobScheduler
09-25 13:35:49.482  5766  5766 D WM-SystemFgDispatcher: Removing Notification (id: 5145, workSpecId: WorkGenerationalId(workSpecId=22c53c99-68e4-4932-803c-29a401ce1cde, generation=0), notificationType: 1
09-25 13:35:49.485  5766  5874 W GitHubUploader: uploadStream: 409 Conflict; refreshing SHA and retrying once.
09-25 13:35:49.488  5766  5842 D WM-GreedyScheduler: Cancelling work ID 22c53c99-68e4-4932-803c-29a401ce1cde
09-25 13:35:49.671  5766  5844 D WM-WorkProgressUpdater: Updating progress for d2aff2bc-6a7c-4814-ab58-d0dd84e7cd64 (Data {pct : 44, mode : file})
09-25 13:35:49.681  5766  5872 W GitHubUploader: uploadStream: 409 Conflict; refreshing SHA and retrying once.
09-25 13:35:49.701  5766  5844 I WM-Processor: Moving WorkSpec (d2aff2bc-6a7c-4814-ab58-d0dd84e7cd64) to the foreground
09-25 13:35:49.708  5766  5766 D WM-SystemFgDispatcher: Notifying with (id:9825, workSpecId: d2aff2bc-6a7c-4814-ab58-d0dd84e7cd64, notificationType :1)
09-25 13:35:49.709  5766  5844 D WM-WorkProgressUpdater: Updating progress for d2aff2bc-6a7c-4814-ab58-d0dd84e7cd64 (Data {pct : 78, mode : file})
09-25 13:35:49.715  5766  5844 I WM-Processor: Moving WorkSpec (d2aff2bc-6a7c-4814-ab58-d0dd84e7cd64) to the foreground
09-25 13:35:49.720  5766  5766 D WM-SystemFgDispatcher: Notifying with (id:9825, workSpecId: d2aff2bc-6a7c-4814-ab58-d0dd84e7cd64, notificationType :1)
09-25 13:35:49.721  5766  5844 D WM-WorkProgressUpdater: Updating progress for d2aff2bc-6a7c-4814-ab58-d0dd84e7cd64 (Data {pct : 90, mode : file})
09-25 13:35:49.721  5766  5766 W NotificationManager: Shedding notify (update) of NotificationKey[user=UserHandle{0}, pkg=com.negi.survey.local, tag=null, id=9825], rate limit (5.0) exceeded: input 15.011736, output would be 5.7611775
09-25 13:35:49.733  5766  5844 I WM-Processor: Moving WorkSpec (d2aff2bc-6a7c-4814-ab58-d0dd84e7cd64) to the foreground
09-25 13:35:49.738  5766  5766 D WM-SystemFgDispatcher: Notifying with (id:9825, workSpecId: d2aff2bc-6a7c-4814-ab58-d0dd84e7cd64, notificationType :1)
09-25 13:35:49.788  5766  5843 D WM-WorkProgressUpdater: Updating progress for 52a505d9-dde7-4810-befe-892a781689c5 (Data {pct : 12, mode : file})
09-25 13:35:49.791  5766  5833 W GitHubUploader: uploadStream: 409 Conflict; refreshing SHA and retrying once.
09-25 13:35:49.795  5766  5845 I WM-Processor: Moving WorkSpec (52a505d9-dde7-4810-befe-892a781689c5) to the foreground
09-25 13:35:49.800  5766  5845 D WM-WorkProgressUpdater: Updating progress for 52a505d9-dde7-4810-befe-892a781689c5 (Data {pct : 15, mode : file})
09-25 13:35:49.800  5766  5766 D WM-SystemFgDispatcher: Notifying with (id:10879, workSpecId: 52a505d9-dde7-4810-befe-892a781689c5, notificationType :1)
09-25 13:35:49.805  5766  5845 I WM-Processor: Moving WorkSpec (52a505d9-dde7-4810-befe-892a781689c5) to the foreground
09-25 13:35:49.809  5766  5845 D WM-WorkProgressUpdater: Updating progress for 52a505d9-dde7-4810-befe-892a781689c5 (Data {pct : 18, mode : file})
09-25 13:35:49.809  5766  5766 D WM-SystemFgDispatcher: Notifying with (id:10879, workSpecId: 52a505d9-dde7-4810-befe-892a781689c5, notificationType :1)
09-25 13:35:49.818  5766  5845 I WM-Processor: Moving WorkSpec (52a505d9-dde7-4810-befe-892a781689c5) to the foreground
09-25 13:35:49.821  5766  5845 D WM-WorkProgressUpdater: Updating progress for 52a505d9-dde7-4810-befe-892a781689c5 (Data {pct : 20, mode : file})
09-25 13:35:49.821  5766  5766 D WM-SystemFgDispatcher: Notifying with (id:10879, workSpecId: 52a505d9-dde7-4810-befe-892a781689c5, notificationType :1)
09-25 13:35:49.825  5766  5845 I WM-Processor: Moving WorkSpec (52a505d9-dde7-4810-befe-892a781689c5) to the foreground
09-25 13:35:49.829  5766  5766 D WM-SystemFgDispatcher: Notifying with (id:10879, workSpecId: 52a505d9-dde7-4810-befe-892a781689c5, notificationType :1)
09-25 13:35:49.830  5766  5845 D WM-WorkProgressUpdater: Updating progress for 52a505d9-dde7-4810-befe-892a781689c5 (Data {pct : 23, mode : file})
09-25 13:35:49.835  5766  5845 I WM-Processor: Moving WorkSpec (52a505d9-dde7-4810-befe-892a781689c5) to the foreground
09-25 13:35:49.838  5766  5845 D WM-WorkProgressUpdater: Updating progress for 52a505d9-dde7-4810-befe-892a781689c5 (Data {pct : 26, mode : file})
09-25 13:35:49.838  5766  5766 D WM-SystemFgDispatcher: Notifying with (id:10879, workSpecId: 52a505d9-dde7-4810-befe-892a781689c5, notificationType :1)
09-25 13:35:49.843  5766  5845 I WM-Processor: Moving WorkSpec (52a505d9-dde7-4810-befe-892a781689c5) to the foreground
09-25 13:35:49.847  5766  5845 D WM-WorkProgressUpdater: Updating progress for 52a505d9-dde7-4810-befe-892a781689c5 (Data {pct : 29, mode : file})
09-25 13:35:49.848  5766  5766 D WM-SystemFgDispatcher: Notifying with (id:10879, workSpecId: 52a505d9-dde7-4810-befe-892a781689c5, notificationType :1)
09-25 13:35:49.852  5766  5845 I WM-Processor: Moving WorkSpec (52a505d9-dde7-4810-befe-892a781689c5) to the foreground
09-25 13:35:49.854  5766  5845 D WM-WorkProgressUpdater: Updating progress for 52a505d9-dde7-4810-befe-892a781689c5 (Data {pct : 31, mode : file})
09-25 13:35:49.855  5766  5766 D WM-SystemFgDispatcher: Notifying with (id:10879, workSpecId: 52a505d9-dde7-4810-befe-892a781689c5, notificationType :1)
09-25 13:35:49.858  5766  5845 I WM-Processor: Moving WorkSpec (52a505d9-dde7-4810-befe-892a781689c5) to the foreground
09-25 13:35:49.861  5766  5845 D WM-WorkProgressUpdater: Updating progress for 52a505d9-dde7-4810-befe-892a781689c5 (Data {pct : 34, mode : file})
09-25 13:35:49.862  5766  5766 D WM-SystemFgDispatcher: Notifying with (id:10879, workSpecId: 52a505d9-dde7-4810-befe-892a781689c5, notificationType :1)
09-25 13:35:49.867  5766  5845 I WM-Processor: Moving WorkSpec (52a505d9-dde7-4810-befe-892a781689c5) to the foreground
09-25 13:35:49.870  5766  5845 D WM-WorkProgressUpdater: Updating progress for 52a505d9-dde7-4810-befe-892a781689c5 (Data {pct : 37, mode : file})
09-25 13:35:49.871  5766  5766 D WM-SystemFgDispatcher: Notifying with (id:10879, workSpecId: 52a505d9-dde7-4810-befe-892a781689c5, notificationType :1)
09-25 13:35:49.875  5766  5845 I WM-Processor: Moving WorkSpec (52a505d9-dde7-4810-befe-892a781689c5) to the foreground
09-25 13:35:49.879  5766  5845 D WM-WorkProgressUpdater: Updating progress for 52a505d9-dde7-4810-befe-892a781689c5 (Data {pct : 40, mode : file})
09-25 13:35:49.880  5766  5766 D WM-SystemFgDispatcher: Notifying with (id:10879, workSpecId: 52a505d9-dde7-4810-befe-892a781689c5, notificationType :1)
09-25 13:35:49.889  5766  5845 I WM-Processor: Moving WorkSpec (52a505d9-dde7-4810-befe-892a781689c5) to the foreground
09-25 13:35:49.894  5766  5845 D WM-WorkProgressUpdater: Updating progress for 52a505d9-dde7-4810-befe-892a781689c5 (Data {pct : 42, mode : file})
09-25 13:35:49.894  5766  5766 D WM-SystemFgDispatcher: Notifying with (id:10879, workSpecId: 52a505d9-dde7-4810-befe-892a781689c5, notificationType :1)
09-25 13:35:49.902  5766  5845 I WM-Processor: Moving WorkSpec (52a505d9-dde7-4810-befe-892a781689c5) to the foreground
09-25 13:35:49.906  5766  5766 D WM-SystemFgDispatcher: Notifying with (id:10879, workSpecId: 52a505d9-dde7-4810-befe-892a781689c5, notificationType :1)
09-25 13:35:49.906  5766  5845 D WM-WorkProgressUpdater: Updating progress for 52a505d9-dde7-4810-befe-892a781689c5 (Data {pct : 45, mode : file})
09-25 13:35:49.912  5766  5845 I WM-Processor: Moving WorkSpec (52a505d9-dde7-4810-befe-892a781689c5) to the foreground
09-25 13:35:49.915  5766  5845 D WM-WorkProgressUpdater: Updating progress for 52a505d9-dde7-4810-befe-892a781689c5 (Data {pct : 48, mode : file})
09-25 13:35:49.915  5766  5766 D WM-SystemFgDispatcher: Notifying with (id:10879, workSpecId: 52a505d9-dde7-4810-befe-892a781689c5, notificationType :1)
09-25 13:35:49.922  5766  5845 I WM-Processor: Moving WorkSpec (52a505d9-dde7-4810-befe-892a781689c5) to the foreground
09-25 13:35:49.925  5766  5845 D WM-WorkProgressUpdater: Updating progress for 52a505d9-dde7-4810-befe-892a781689c5 (Data {pct : 50, mode : file})
09-25 13:35:49.925  5766  5766 D WM-SystemFgDispatcher: Notifying with (id:10879, workSpecId: 52a505d9-dde7-4810-befe-892a781689c5, notificationType :1)
09-25 13:35:49.931  5766  5845 I WM-Processor: Moving WorkSpec (52a505d9-dde7-4810-befe-892a781689c5) to the foreground
09-25 13:35:49.934  5766  5845 D WM-WorkProgressUpdater: Updating progress for 52a505d9-dde7-4810-befe-892a781689c5 (Data {pct : 53, mode : file})
09-25 13:35:49.934  5766  5766 D WM-SystemFgDispatcher: Notifying with (id:10879, workSpecId: 52a505d9-dde7-4810-befe-892a781689c5, notificationType :1)
09-25 13:35:49.940  5766  5845 I WM-Processor: Moving WorkSpec (52a505d9-dde7-4810-befe-892a781689c5) to the foreground
09-25 13:35:49.943  5766  5845 D WM-WorkProgressUpdater: Updating progress for 52a505d9-dde7-4810-befe-892a781689c5 (Data {pct : 56, mode : file})
09-25 13:35:49.944  5766  5766 D WM-SystemFgDispatcher: Notifying with (id:10879, workSpecId: 52a505d9-dde7-4810-befe-892a781689c5, notificationType :1)
09-25 13:35:49.949  5766  5845 I WM-Processor: Moving WorkSpec (52a505d9-dde7-4810-befe-892a781689c5) to the foreground
09-25 13:35:49.953  5766  5845 D WM-WorkProgressUpdater: Updating progress for 52a505d9-dde7-4810-befe-892a781689c5 (Data {pct : 59, mode : file})
09-25 13:35:49.953  5766  5766 D WM-SystemFgDispatcher: Notifying with (id:10879, workSpecId: 52a505d9-dde7-4810-befe-892a781689c5, notificationType :1)
09-25 13:35:49.958  5766  5845 I WM-Processor: Moving WorkSpec (52a505d9-dde7-4810-befe-892a781689c5) to the foreground
09-25 13:35:49.960  5766  5845 D WM-WorkProgressUpdater: Updating progress for 52a505d9-dde7-4810-befe-892a781689c5 (Data {pct : 61, mode : file})
09-25 13:35:49.961  5766  5766 D WM-SystemFgDispatcher: Notifying with (id:10879, workSpecId: 52a505d9-dde7-4810-befe-892a781689c5, notificationType :1)
09-25 13:35:49.967  5766  5845 I WM-Processor: Moving WorkSpec (52a505d9-dde7-4810-befe-892a781689c5) to the foreground
09-25 13:35:49.969  5766  5845 D WM-WorkProgressUpdater: Updating progress for 52a505d9-dde7-4810-befe-892a781689c5 (Data {pct : 64, mode : file})
09-25 13:35:49.970  5766  5766 D WM-SystemFgDispatcher: Notifying with (id:10879, workSpecId: 52a505d9-dde7-4810-befe-892a781689c5, notificationType :1)
09-25 13:35:49.975  5766  5845 I WM-Processor: Moving WorkSpec (52a505d9-dde7-4810-befe-892a781689c5) to the foreground
09-25 13:35:49.978  5766  5845 D WM-WorkProgressUpdater: Updating progress for 52a505d9-dde7-4810-befe-892a781689c5 (Data {pct : 67, mode : file})
09-25 13:35:49.979  5766  5766 D WM-SystemFgDispatcher: Notifying with (id:10879, workSpecId: 52a505d9-dde7-4810-befe-892a781689c5, notificationType :1)
09-25 13:35:49.985  5766  5845 I WM-Processor: Moving WorkSpec (52a505d9-dde7-4810-befe-892a781689c5) to the foreground
09-25 13:35:49.989  5766  5845 D WM-WorkProgressUpdater: Updating progress for 52a505d9-dde7-4810-befe-892a781689c5 (Data {pct : 70, mode : file})
09-25 13:35:49.989  5766  5766 D WM-SystemFgDispatcher: Notifying with (id:10879, workSpecId: 52a505d9-dde7-4810-befe-892a781689c5, notificationType :1)
09-25 13:35:49.995  5766  5845 I WM-Processor: Moving WorkSpec (52a505d9-dde7-4810-befe-892a781689c5) to the foreground
09-25 13:35:49.998  5766  5845 D WM-WorkProgressUpdater: Updating progress for 52a505d9-dde7-4810-befe-892a781689c5 (Data {pct : 72, mode : file})
09-25 13:35:49.998  5766  5766 D WM-SystemFgDispatcher: Notifying with (id:10879, workSpecId: 52a505d9-dde7-4810-befe-892a781689c5, notificationType :1)
09-25 13:35:50.004  5766  5845 I WM-Processor: Moving WorkSpec (52a505d9-dde7-4810-befe-892a781689c5) to the foreground
09-25 13:35:50.006  5766  5845 D WM-WorkProgressUpdater: Updating progress for 52a505d9-dde7-4810-befe-892a781689c5 (Data {pct : 75, mode : file})
09-25 13:35:50.007  5766  5766 D WM-SystemFgDispatcher: Notifying with (id:10879, workSpecId: 52a505d9-dde7-4810-befe-892a781689c5, notificationType :1)
09-25 13:35:50.013  5766  5845 I WM-Processor: Moving WorkSpec (52a505d9-dde7-4810-befe-892a781689c5) to the foreground
09-25 13:35:50.016  5766  5845 D WM-WorkProgressUpdater: Updating progress for 52a505d9-dde7-4810-befe-892a781689c5 (Data {pct : 78, mode : file})
09-25 13:35:50.016  5766  5766 D WM-SystemFgDispatcher: Notifying with (id:10879, workSpecId: 52a505d9-dde7-4810-befe-892a781689c5, notificationType :1)
09-25 13:35:50.022  5766  5845 I WM-Processor: Moving WorkSpec (52a505d9-dde7-4810-befe-892a781689c5) to the foreground
09-25 13:35:50.024  5766  5845 D WM-WorkProgressUpdater: Updating progress for 52a505d9-dde7-4810-befe-892a781689c5 (Data {pct : 80, mode : file})
09-25 13:35:50.024  5766  5766 D WM-SystemFgDispatcher: Notifying with (id:10879, workSpecId: 52a505d9-dde7-4810-befe-892a781689c5, notificationType :1)
09-25 13:35:50.029  5766  5845 I WM-Processor: Moving WorkSpec (52a505d9-dde7-4810-befe-892a781689c5) to the foreground
09-25 13:35:50.032  5766  5845 D WM-WorkProgressUpdater: Updating progress for 52a505d9-dde7-4810-befe-892a781689c5 (Data {pct : 83, mode : file})
09-25 13:35:50.032  5766  5766 D WM-SystemFgDispatcher: Notifying with (id:10879, workSpecId: 52a505d9-dde7-4810-befe-892a781689c5, notificationType :1)
09-25 13:35:50.037  5766  5845 I WM-Processor: Moving WorkSpec (52a505d9-dde7-4810-befe-892a781689c5) to the foreground
09-25 13:35:50.038  5766  5868 D GitHubUploader: uploadStream: done url=https://github.com/ishizuki-tech/SurveyExports/blob/main/diagnostics/crash/2026-09-25/prevlog_20260924_202234_pid4825.log sha=957ef24558041e8717432dbe025ec2b5664b315e
09-25 13:35:50.039  5766  5845 D WM-WorkProgressUpdater: Updating progress for 52a505d9-dde7-4810-befe-892a781689c5 (Data {pct : 86, mode : file})
09-25 13:35:50.039  5766  5766 D WM-SystemFgDispatcher: Notifying with (id:10879, workSpecId: 52a505d9-dde7-4810-befe-892a781689c5, notificationType :1)
09-25 13:35:50.045  5766  5845 I WM-Processor: Moving WorkSpec (52a505d9-dde7-4810-befe-892a781689c5) to the foreground
09-25 13:35:50.048  5766  5845 D WM-WorkProgressUpdater: Updating progress for 52a505d9-dde7-4810-befe-892a781689c5 (Data {pct : 89, mode : file})
09-25 13:35:50.048  5766  5766 D WM-SystemFgDispatcher: Notifying with (id:10879, workSpecId: 52a505d9-dde7-4810-befe-892a781689c5, notificationType :1)
09-25 13:35:50.054  5766  5845 I WM-Processor: Moving WorkSpec (52a505d9-dde7-4810-befe-892a781689c5) to the foreground
09-25 13:35:50.056  5766  5845 D WM-WorkProgressUpdater: Updating progress for 52a505d9-dde7-4810-befe-892a781689c5 (Data {pct : 90, mode : file})
09-25 13:35:50.057  5766  5766 D WM-SystemFgDispatcher: Notifying with (id:10879, workSpecId: 52a505d9-dde7-4810-befe-892a781689c5, notificationType :1)
09-25 13:35:50.062  5766  5845 I WM-Processor: Moving WorkSpec (52a505d9-dde7-4810-befe-892a781689c5) to the foreground
09-25 13:35:50.065  5766  5766 D WM-SystemFgDispatcher: Notifying with (id:10879, workSpecId: 52a505d9-dde7-4810-befe-892a781689c5, notificationType :1)
09-25 13:35:50.066  5766  5845 D WM-WorkProgressUpdater: Updating progress for f6658e8f-021b-4823-8db7-094ee02adf5b (Data {pct : 18, mode : file})
09-25 13:35:50.072  5766  5845 I WM-Processor: Moving WorkSpec (f6658e8f-021b-4823-8db7-094ee02adf5b) to the foreground
09-25 13:35:50.075  5766  5845 D WM-WorkProgressUpdater: Updating progress for f6658e8f-021b-4823-8db7-094ee02adf5b (Data {pct : 26, mode : file})
09-25 13:35:50.075  5766  5766 D WM-SystemFgDispatcher: Notifying with (id:8506, workSpecId: f6658e8f-021b-4823-8db7-094ee02adf5b, notificationType :1)
09-25 13:35:50.080  5766  5845 I WM-Processor: Moving WorkSpec (f6658e8f-021b-4823-8db7-094ee02adf5b) to the foreground
09-25 13:35:50.082  5766  5766 D WM-SystemFgDispatcher: Notifying with (id:8506, workSpecId: f6658e8f-021b-4823-8db7-094ee02adf5b, notificationType :1)
09-25 13:35:50.083  5766  5845 D WM-WorkProgressUpdater: Updating progress for f6658e8f-021b-4823-8db7-094ee02adf5b (Data {pct : 34, mode : file})
09-25 13:35:50.087  5766  5845 I WM-Processor: Moving WorkSpec (f6658e8f-021b-4823-8db7-094ee02adf5b) to the foreground
09-25 13:35:50.090  5766  5845 D WM-WorkProgressUpdater: Updating progress for f6658e8f-021b-4823-8db7-094ee02adf5b (Data {pct : 42, mode : file})
09-25 13:35:50.090  5766  5766 D WM-SystemFgDispatcher: Notifying with (id:8506, workSpecId: f6658e8f-021b-4823-8db7-094ee02adf5b, notificationType :1)
09-25 13:35:50.093  5766  5845 I WM-Processor: Moving WorkSpec (f6658e8f-021b-4823-8db7-094ee02adf5b) to the foreground
09-25 13:35:50.096  5766  5845 D WM-WorkProgressUpdater: Updating progress for f6658e8f-021b-4823-8db7-094ee02adf5b (Data {pct : 51, mode : file})
09-25 13:35:50.096  5766  5766 D WM-SystemFgDispatcher: Notifying with (id:8506, workSpecId: f6658e8f-021b-4823-8db7-094ee02adf5b, notificationType :1)
09-25 13:35:50.099  5766  5845 I WM-Processor: Moving WorkSpec (f6658e8f-021b-4823-8db7-094ee02adf5b) to the foreground
09-25 13:35:50.102  5766  5845 D WM-WorkProgressUpdater: Updating progress for f6658e8f-021b-4823-8db7-094ee02adf5b (Data {pct : 59, mode : file})
09-25 13:35:50.103  5766  5766 D WM-SystemFgDispatcher: Notifying with (id:8506, workSpecId: f6658e8f-021b-4823-8db7-094ee02adf5b, notificationType :1)
09-25 13:35:50.106  5766  5845 I WM-Processor: Moving WorkSpec (f6658e8f-021b-4823-8db7-094ee02adf5b) to the foreground
09-25 13:35:50.109  5766  5845 D WM-WorkProgressUpdater: Updating progress for f6658e8f-021b-4823-8db7-094ee02adf5b (Data {pct : 67, mode : file})
09-25 13:35:50.110  5766  5766 D WM-SystemFgDispatcher: Notifying with (id:8506, workSpecId: f6658e8f-021b-4823-8db7-094ee02adf5b, notificationType :1)
09-25 13:35:50.113  5766  5845 I WM-Processor: Moving WorkSpec (f6658e8f-021b-4823-8db7-094ee02adf5b) to the foreground
09-25 13:35:50.115  5766  5845 D WM-WorkProgressUpdater: Updating progress for f6658e8f-021b-4823-8db7-094ee02adf5b (Data {pct : 75, mode : file})
09-25 13:35:50.115  5766  5766 D WM-SystemFgDispatcher: Notifying with (id:8506, workSpecId: f6658e8f-021b-4823-8db7-094ee02adf5b, notificationType :1)
09-25 13:35:50.119  5766  5845 I WM-Processor: Moving WorkSpec (f6658e8f-021b-4823-8db7-094ee02adf5b) to the foreground
09-25 13:35:50.122  5766  5845 D WM-WorkProgressUpdater: Updating progress for f6658e8f-021b-4823-8db7-094ee02adf5b (Data {pct : 84, mode : file})
09-25 13:35:50.123  5766  5766 D WM-SystemFgDispatcher: Notifying with (id:8506, workSpecId: f6658e8f-021b-4823-8db7-094ee02adf5b, notificationType :1)
09-25 13:35:50.126  5766  5845 I WM-Processor: Moving WorkSpec (f6658e8f-021b-4823-8db7-094ee02adf5b) to the foreground
09-25 13:35:50.130  5766  5845 D WM-WorkProgressUpdater: Updating progress for f6658e8f-021b-4823-8db7-094ee02adf5b (Data {pct : 90, mode : file})
09-25 13:35:50.130  5766  5766 D WM-SystemFgDispatcher: Notifying with (id:8506, workSpecId: f6658e8f-021b-4823-8db7-094ee02adf5b, notificationType :1)
09-25 13:35:50.135  5766  5845 I WM-Processor: Moving WorkSpec (f6658e8f-021b-4823-8db7-094ee02adf5b) to the foreground
09-25 13:35:50.138  5766  5845 D WM-WorkProgressUpdater: Updating progress for da4610b3-fe18-4a5f-8174-926a22c458d1 (Data {pct : 42, mode : file})
09-25 13:35:50.138  5766  5766 D WM-SystemFgDispatcher: Notifying with (id:8506, workSpecId: f6658e8f-021b-4823-8db7-094ee02adf5b, notificationType :1)
09-25 13:35:50.142  5766  5845 I WM-Processor: Moving WorkSpec (da4610b3-fe18-4a5f-8174-926a22c458d1) to the foreground
09-25 13:35:50.145  5766  5845 D WM-WorkProgressUpdater: Updating progress for da4610b3-fe18-4a5f-8174-926a22c458d1 (Data {pct : 75, mode : file})
09-25 13:35:50.145  5766  5766 D WM-SystemFgDispatcher: Notifying with (id:6738, workSpecId: da4610b3-fe18-4a5f-8174-926a22c458d1, notificationType :1)
09-25 13:35:50.149  5766  5845 I WM-Processor: Moving WorkSpec (da4610b3-fe18-4a5f-8174-926a22c458d1) to the foreground
09-25 13:35:50.151  5766  5845 D WM-WorkProgressUpdater: Updating progress for da4610b3-fe18-4a5f-8174-926a22c458d1 (Data {pct : 90, mode : file})
09-25 13:35:50.152  5766  5766 D WM-SystemFgDispatcher: Notifying with (id:6738, workSpecId: da4610b3-fe18-4a5f-8174-926a22c458d1, notificationType :1)
09-25 13:35:50.155  5766  5845 I WM-Processor: Moving WorkSpec (da4610b3-fe18-4a5f-8174-926a22c458d1) to the foreground
09-25 13:35:50.158  5766  5845 D WM-WorkProgressUpdater: Updating progress for f9ebd570-c48c-4647-a57e-53bfa343526e (Data {pct : 95, mode : file})
09-25 13:35:50.158  5766  5766 D WM-SystemFgDispatcher: Notifying with (id:6738, workSpecId: da4610b3-fe18-4a5f-8174-926a22c458d1, notificationType :1)
09-25 13:35:50.163  5766  5845 I WM-Processor: Moving WorkSpec (f9ebd570-c48c-4647-a57e-53bfa343526e) to the foreground
09-25 13:35:50.167  5766  5766 D WM-SystemFgDispatcher: Notifying with (id:5788, workSpecId: f9ebd570-c48c-4647-a57e-53bfa343526e, notificationType :1)
09-25 13:35:50.168  5766  5845 I WM-Processor: Moving WorkSpec (f9ebd570-c48c-4647-a57e-53bfa343526e) to the foreground
09-25 13:35:50.171  5766  5766 D WM-SystemFgDispatcher: Notifying with (id:5788, workSpecId: f9ebd570-c48c-4647-a57e-53bfa343526e, notificationType :1)
09-25 13:35:50.173  5766  5845 I WM-WorkerWrapper: Worker result SUCCESS for Work [ id=f9ebd570-c48c-4647-a57e-53bfa343526e, tags={ com.negi.survey.net.GitHubUploadWorker,github_upload,github_upload:crash:diagnostics_crash_prevlog_20260924_202234_pid4825.log_a4e5b821 } ]
09-25 13:35:50.176  5766  5766 D WM-Processor: Processor f9ebd570-c48c-4647-a57e-53bfa343526e executed; reschedule = false
09-25 13:35:50.176  5766  5766 D WM-GreedyScheduler: Stopping tracking for WorkGenerationalId(workSpecId=f9ebd570-c48c-4647-a57e-53bfa343526e, generation=0)
09-25 13:35:50.177  5766  5766 D WM-SystemJobService: f9ebd570-c48c-4647-a57e-53bfa343526e executed on JobScheduler
09-25 13:35:50.178  5766  5766 D WM-SystemFgDispatcher: Removing Notification (id: 5788, workSpecId: WorkGenerationalId(workSpecId=f9ebd570-c48c-4647-a57e-53bfa343526e, generation=0), notificationType: 1
09-25 13:35:50.181  5766  5845 D WM-GreedyScheduler: Cancelling work ID f9ebd570-c48c-4647-a57e-53bfa343526e
09-25 13:35:50.183  5766  5766 D WM-SystemJobService: onStopJob for WorkGenerationalId(workSpecId=f9ebd570-c48c-4647-a57e-53bfa343526e, generation=0)
09-25 13:35:50.184  5766  5766 D WM-SystemJobService: onStartJob for WorkGenerationalId(workSpecId=584078e9-0fb3-4f10-ba34-5b6bfb108001, generation=0)
09-25 13:35:50.190  5766  5845 D WM-Processor: Work WorkGenerationalId(workSpecId=584078e9-0fb3-4f10-ba34-5b6bfb108001, generation=0) is already enqueued for processing
09-25 13:35:50.404  5766  5766 D WM-SystemJobService: onStartJob for WorkGenerationalId(workSpecId=7892c22b-5b56-45b5-a1e3-b9f641702342, generation=0)
09-25 13:35:50.406  5766  5766 D WM-SystemJobService: onStartJob for WorkGenerationalId(workSpecId=da4610b3-fe18-4a5f-8174-926a22c458d1, generation=0)
09-25 13:35:50.407  5766  5766 D WM-SystemJobService: onStartJob for WorkGenerationalId(workSpecId=f6658e8f-021b-4823-8db7-094ee02adf5b, generation=0)
09-25 13:35:50.416  5766  5843 D WM-Processor: Work WorkGenerationalId(workSpecId=7892c22b-5b56-45b5-a1e3-b9f641702342, generation=0) is already enqueued for processing
09-25 13:35:50.423  5766  5843 D WM-Processor: Work WorkGenerationalId(workSpecId=da4610b3-fe18-4a5f-8174-926a22c458d1, generation=0) is already enqueued for processing
09-25 13:35:50.429  5766  5843 D WM-Processor: Work WorkGenerationalId(workSpecId=f6658e8f-021b-4823-8db7-094ee02adf5b, generation=0) is already enqueued for processing
09-25 13:35:50.432  5766  5843 D WM-WorkProgressUpdater: Updating progress for 5370dfa2-be17-4e1a-908a-17e02a132222 (Data {pct : 40, mode : file})
09-25 13:35:50.442  5766  5843 I WM-Processor: Moving WorkSpec (5370dfa2-be17-4e1a-908a-17e02a132222) to the foreground
09-25 13:35:50.450  5766  5843 D WM-WorkProgressUpdater: Updating progress for 5370dfa2-be17-4e1a-908a-17e02a132222 (Data {pct : 71, mode : file})
09-25 13:35:50.451  5766  5766 D WM-SystemFgDispatcher: Notifying with (id:4800, workSpecId: 5370dfa2-be17-4e1a-908a-17e02a132222, notificationType :1)
09-25 13:35:50.458  5766  5843 I WM-Processor: Moving WorkSpec (5370dfa2-be17-4e1a-908a-17e02a132222) to the foreground
09-25 13:35:50.463  5766  5766 D WM-SystemFgDispatcher: Notifying with (id:4800, workSpecId: 5370dfa2-be17-4e1a-908a-17e02a132222, notificationType :1)
09-25 13:35:50.464  5766  5843 D WM-WorkProgressUpdater: Updating progress for 5370dfa2-be17-4e1a-908a-17e02a132222 (Data {pct : 90, mode : file})
09-25 13:35:50.471  5766  5843 I WM-Processor: Moving WorkSpec (5370dfa2-be17-4e1a-908a-17e02a132222) to the foreground
09-25 13:35:50.476  5766  5766 D WM-SystemFgDispatcher: Notifying with (id:4800, workSpecId: 5370dfa2-be17-4e1a-908a-17e02a132222, notificationType :1)
09-25 13:35:50.947  5766  5842 D WM-WorkProgressUpdater: Updating progress for 72fc817a-10d6-46fc-9857-28c51f3e335a (Data {pct : 34, mode : file})
09-25 13:35:50.965  5766  5842 I WM-Processor: Moving WorkSpec (72fc817a-10d6-46fc-9857-28c51f3e335a) to the foreground
09-25 13:35:50.966  5766  5874 D GitHubUploader: uploadStream: done url=https://github.com/ishizuki-tech/SurveyExports/blob/main/diagnostics/applog_ring/2026-09-25/applog_ring_startup_ring_20260925_203540_76ee5b62_app_start/seg_00.log sha=6e0cd6549ee97b8ac3abc1aa3f1e1706cadbebea
09-25 13:35:50.974  5766  5842 D WM-WorkProgressUpdater: Updating progress for 72fc817a-10d6-46fc-9857-28c51f3e335a (Data {pct : 59, mode : file})
09-25 13:35:50.975  5766  5766 D WM-SystemFgDispatcher: Notifying with (id:10479, workSpecId: 72fc817a-10d6-46fc-9857-28c51f3e335a, notificationType :1)
09-25 13:35:50.983  5766  5842 I WM-Processor: Moving WorkSpec (72fc817a-10d6-46fc-9857-28c51f3e335a) to the foreground
09-25 13:35:50.990  5766  5842 D WM-WorkProgressUpdater: Updating progress for 72fc817a-10d6-46fc-9857-28c51f3e335a (Data {pct : 84, mode : file})
09-25 13:35:50.990  5766  5766 D WM-SystemFgDispatcher: Notifying with (id:10479, workSpecId: 72fc817a-10d6-46fc-9857-28c51f3e335a, notificationType :1)
09-25 13:35:50.998  5766  5842 I WM-Processor: Moving WorkSpec (72fc817a-10d6-46fc-9857-28c51f3e335a) to the foreground
09-25 13:35:51.004  5766  5766 D WM-SystemFgDispatcher: Notifying with (id:10479, workSpecId: 72fc817a-10d6-46fc-9857-28c51f3e335a, notificationType :1)
09-25 13:35:51.005  5766  5766 W NotificationManager: Shedding notify (update) of NotificationKey[user=UserHandle{0}, pkg=com.negi.survey.local, tag=null, id=10479], rate limit (5.0) exceeded: input 14.508782, output would be 5.622779
09-25 13:35:51.007  5766  5842 D WM-WorkProgressUpdater: Updating progress for 72fc817a-10d6-46fc-9857-28c51f3e335a (Data {pct : 90, mode : file})
09-25 13:35:51.015  5766  5842 I WM-Processor: Moving WorkSpec (72fc817a-10d6-46fc-9857-28c51f3e335a) to the foreground
09-25 13:35:51.019  5766  5842 D WM-WorkProgressUpdater: Updating progress for 4dd7024b-54bd-48b0-bef6-b32e89238786 (Data {pct : 95, mode : startup_ring_logs})
09-25 13:35:51.020  5766  5766 D WM-SystemFgDispatcher: Notifying with (id:10479, workSpecId: 72fc817a-10d6-46fc-9857-28c51f3e335a, notificationType :1)
09-25 13:35:51.025  5766  5842 I WM-Processor: Moving WorkSpec (4dd7024b-54bd-48b0-bef6-b32e89238786) to the foreground
09-25 13:35:51.029  5766  5766 D WM-SystemFgDispatcher: Notifying with (id:7280, workSpecId: 4dd7024b-54bd-48b0-bef6-b32e89238786, notificationType :1)
09-25 13:35:51.030  5766  5842 I WM-Processor: Moving WorkSpec (4dd7024b-54bd-48b0-bef6-b32e89238786) to the foreground
09-25 13:35:51.035  5766  5766 D WM-SystemFgDispatcher: Notifying with (id:7280, workSpecId: 4dd7024b-54bd-48b0-bef6-b32e89238786, notificationType :1)
09-25 13:35:51.038  5766  5842 I WM-WorkerWrapper: Worker result SUCCESS for Work [ id=4dd7024b-54bd-48b0-bef6-b32e89238786, tags={ com.negi.survey.net.GitHubUploadWorker,github_upload,github_upload:ring_logs } ]
09-25 13:35:51.044  5766  5766 D WM-Processor: Processor 4dd7024b-54bd-48b0-bef6-b32e89238786 executed; reschedule = false
09-25 13:35:51.044  5766  5766 D WM-GreedyScheduler: Stopping tracking for WorkGenerationalId(workSpecId=4dd7024b-54bd-48b0-bef6-b32e89238786, generation=0)
09-25 13:35:51.047  5766  5766 D WM-SystemJobService: 4dd7024b-54bd-48b0-bef6-b32e89238786 executed on JobScheduler
09-25 13:35:51.049  5766  5766 D WM-SystemFgDispatcher: Removing Notification (id: 7280, workSpecId: WorkGenerationalId(workSpecId=4dd7024b-54bd-48b0-bef6-b32e89238786, generation=0), notificationType: 1
09-25 13:35:51.050  5766  5842 D WM-GreedyScheduler: Cancelling work ID 4dd7024b-54bd-48b0-bef6-b32e89238786
09-25 13:35:51.052  5766  5766 D WM-SystemJobService: onStopJob for WorkGenerationalId(workSpecId=4dd7024b-54bd-48b0-bef6-b32e89238786, generation=0)
09-25 13:35:51.082  5766  5844 D WM-WorkProgressUpdater: Updating progress for 584078e9-0fb3-4f10-ba34-5b6bfb108001 (Data {pct : 55, mode : file})
09-25 13:35:51.091  5766  5844 I WM-Processor: Moving WorkSpec (584078e9-0fb3-4f10-ba34-5b6bfb108001) to the foreground
09-25 13:35:51.098  5766  5844 D WM-WorkProgressUpdater: Updating progress for 584078e9-0fb3-4f10-ba34-5b6bfb108001 (Data {pct : 90, mode : file})
09-25 13:35:51.098  5766  5766 D WM-SystemFgDispatcher: Notifying with (id:10439, workSpecId: 584078e9-0fb3-4f10-ba34-5b6bfb108001, notificationType :1)
09-25 13:35:51.106  5766  5844 I WM-Processor: Moving WorkSpec (584078e9-0fb3-4f10-ba34-5b6bfb108001) to the foreground
09-25 13:35:51.113  5766  5766 D WM-SystemFgDispatcher: Notifying with (id:10439, workSpecId: 584078e9-0fb3-4f10-ba34-5b6bfb108001, notificationType :1)
09-25 13:35:51.444  5766  5843 D WM-WorkProgressUpdater: Updating progress for 7892c22b-5b56-45b5-a1e3-b9f641702342 (Data {pct : 57, mode : file})
09-25 13:35:51.455  5766  5843 I WM-Processor: Moving WorkSpec (7892c22b-5b56-45b5-a1e3-b9f641702342) to the foreground
09-25 13:35:51.460  5766  5843 D WM-WorkProgressUpdater: Updating progress for 7892c22b-5b56-45b5-a1e3-b9f641702342 (Data {pct : 90, mode : file})
09-25 13:35:51.461  5766  5766 D WM-SystemFgDispatcher: Notifying with (id:3673, workSpecId: 7892c22b-5b56-45b5-a1e3-b9f641702342, notificationType :1)
09-25 13:35:51.473  5766  5843 I WM-Processor: Moving WorkSpec (7892c22b-5b56-45b5-a1e3-b9f641702342) to the foreground
09-25 13:35:51.479  5766  5766 D WM-SystemFgDispatcher: Notifying with (id:3673, workSpecId: 7892c22b-5b56-45b5-a1e3-b9f641702342, notificationType :1)
09-25 13:35:51.955  5766  5845 D WM-WorkProgressUpdater: Updating progress for 52a505d9-dde7-4810-befe-892a781689c5 (Data {pct : 12, mode : file})
09-25 13:35:51.967  5766  5845 I WM-Processor: Moving WorkSpec (52a505d9-dde7-4810-befe-892a781689c5) to the foreground
09-25 13:35:51.975  5766  5845 D WM-WorkProgressUpdater: Updating progress for 52a505d9-dde7-4810-befe-892a781689c5 (Data {pct : 15, mode : file})
09-25 13:35:51.975  5766  5766 D WM-SystemFgDispatcher: Notifying with (id:10879, workSpecId: 52a505d9-dde7-4810-befe-892a781689c5, notificationType :1)
09-25 13:35:51.983  5766  5845 I WM-Processor: Moving WorkSpec (52a505d9-dde7-4810-befe-892a781689c5) to the foreground
09-25 13:35:51.991  5766  5845 D WM-WorkProgressUpdater: Updating progress for 52a505d9-dde7-4810-befe-892a781689c5 (Data {pct : 18, mode : file})
09-25 13:35:51.993  5766  5766 D WM-SystemFgDispatcher: Notifying with (id:10879, workSpecId: 52a505d9-dde7-4810-befe-892a781689c5, notificationType :1)
09-25 13:35:52.001  5766  5845 I WM-Processor: Moving WorkSpec (52a505d9-dde7-4810-befe-892a781689c5) to the foreground
09-25 13:35:52.004  5766  5832 D GitHubUploader: uploadStream: done url=https://github.com/ishizuki-tech/SurveyExports/blob/main/diagnostics/crash/2026-09-25/prevlog_20260924_231118_pid18389.log sha=186125171a002239ef80aafa568bd71d18b3e394
09-25 13:35:52.006  5766  5845 D WM-WorkProgressUpdater: Updating progress for 52a505d9-dde7-4810-befe-892a781689c5 (Data {pct : 20, mode : file})
09-25 13:35:52.007  5766  5766 D WM-SystemFgDispatcher: Notifying with (id:10879, workSpecId: 52a505d9-dde7-4810-befe-892a781689c5, notificationType :1)
09-25 13:35:52.007  5766  5766 W NotificationManager: Shedding notify (update) of NotificationKey[user=UserHandle{0}, pkg=com.negi.survey.local, tag=null, id=10879], rate limit (5.0) exceeded: input 12.371547, output would be 5.878002
09-25 13:35:52.015  5766  5845 I WM-Processor: Moving WorkSpec (52a505d9-dde7-4810-befe-892a781689c5) to the foreground
09-25 13:35:52.020  5766  5766 D WM-SystemFgDispatcher: Notifying with (id:10879, workSpecId: 52a505d9-dde7-4810-befe-892a781689c5, notificationType :1)
09-25 13:35:52.020  5766  5845 D WM-WorkProgressUpdater: Updating progress for 52a505d9-dde7-4810-befe-892a781689c5 (Data {pct : 23, mode : file})
09-25 13:35:52.029  5766  5845 I WM-Processor: Moving WorkSpec (52a505d9-dde7-4810-befe-892a781689c5) to the foreground
09-25 13:35:52.033  5766  5845 D WM-WorkProgressUpdater: Updating progress for 52a505d9-dde7-4810-befe-892a781689c5 (Data {pct : 26, mode : file})
09-25 13:35:52.033  5766  5766 D WM-SystemFgDispatcher: Notifying with (id:10879, workSpecId: 52a505d9-dde7-4810-befe-892a781689c5, notificationType :1)
09-25 13:35:52.041  5766  5845 I WM-Processor: Moving WorkSpec (52a505d9-dde7-4810-befe-892a781689c5) to the foreground
09-25 13:35:52.045  5766  5845 D WM-WorkProgressUpdater: Updating progress for 52a505d9-dde7-4810-befe-892a781689c5 (Data {pct : 29, mode : file})
09-25 13:35:52.045  5766  5766 D WM-SystemFgDispatcher: Notifying with (id:10879, workSpecId: 52a505d9-dde7-4810-befe-892a781689c5, notificationType :1)
09-25 13:35:52.052  5766  5845 I WM-Processor: Moving WorkSpec (52a505d9-dde7-4810-befe-892a781689c5) to the foreground
09-25 13:35:52.056  5766  5845 D WM-WorkProgressUpdater: Updating progress for 52a505d9-dde7-4810-befe-892a781689c5 (Data {pct : 31, mode : file})
09-25 13:35:52.056  5766  5766 D WM-SystemFgDispatcher: Notifying with (id:10879, workSpecId: 52a505d9-dde7-4810-befe-892a781689c5, notificationType :1)
09-25 13:35:52.060  5766  5845 I WM-Processor: Moving WorkSpec (52a505d9-dde7-4810-befe-892a781689c5) to the foreground
09-25 13:35:52.063  5766  5766 D WM-SystemFgDispatcher: Notifying with (id:10879, workSpecId: 52a505d9-dde7-4810-befe-892a781689c5, notificationType :1)
09-25 13:35:52.065  5766  5845 D WM-WorkProgressUpdater: Updating progress for 52a505d9-dde7-4810-befe-892a781689c5 (Data {pct : 34, mode : file})
09-25 13:35:52.069  5766  5845 I WM-Processor: Moving WorkSpec (52a505d9-dde7-4810-befe-892a781689c5) to the foreground
09-25 13:35:52.072  5766  5845 D WM-WorkProgressUpdater: Updating progress for 52a505d9-dde7-4810-befe-892a781689c5 (Data {pct : 37, mode : file})
09-25 13:35:52.073  5766  5766 D WM-SystemFgDispatcher: Notifying with (id:10879, workSpecId: 52a505d9-dde7-4810-befe-892a781689c5, notificationType :1)
09-25 13:35:52.077  5766  5845 I WM-Processor: Moving WorkSpec (52a505d9-dde7-4810-befe-892a781689c5) to the foreground
09-25 13:35:52.080  5766  5845 D WM-WorkProgressUpdater: Updating progress for 52a505d9-dde7-4810-befe-892a781689c5 (Data {pct : 40, mode : file})
09-25 13:35:52.081  5766  5766 D WM-SystemFgDispatcher: Notifying with (id:10879, workSpecId: 52a505d9-dde7-4810-befe-892a781689c5, notificationType :1)
09-25 13:35:52.086  5766  5845 I WM-Processor: Moving WorkSpec (52a505d9-dde7-4810-befe-892a781689c5) to the foreground
09-25 13:35:52.089  5766  5845 D WM-WorkProgressUpdater: Updating progress for 52a505d9-dde7-4810-befe-892a781689c5 (Data {pct : 42, mode : file})
09-25 13:35:52.089  5766  5766 D WM-SystemFgDispatcher: Notifying with (id:10879, workSpecId: 52a505d9-dde7-4810-befe-892a781689c5, notificationType :1)
09-25 13:35:52.094  5766  5845 I WM-Processor: Moving WorkSpec (52a505d9-dde7-4810-befe-892a781689c5) to the foreground
09-25 13:35:52.097  5766  5845 D WM-WorkProgressUpdater: Updating progress for 52a505d9-dde7-4810-befe-892a781689c5 (Data {pct : 45, mode : file})
09-25 13:35:52.098  5766  5766 D WM-SystemFgDispatcher: Notifying with (id:10879, workSpecId: 52a505d9-dde7-4810-befe-892a781689c5, notificationType :1)
09-25 13:35:52.102  5766  5845 I WM-Processor: Moving WorkSpec (52a505d9-dde7-4810-befe-892a781689c5) to the foreground
09-25 13:35:52.105  5766  5845 D WM-WorkProgressUpdater: Updating progress for 52a505d9-dde7-4810-befe-892a781689c5 (Data {pct : 48, mode : file})
09-25 13:35:52.106  5766  5766 D WM-SystemFgDispatcher: Notifying with (id:10879, workSpecId: 52a505d9-dde7-4810-befe-892a781689c5, notificationType :1)
09-25 13:35:52.111  5766  5845 I WM-Processor: Moving WorkSpec (52a505d9-dde7-4810-befe-892a781689c5) to the foreground
09-25 13:35:52.115  5766  5845 D WM-WorkProgressUpdater: Updating progress for 52a505d9-dde7-4810-befe-892a781689c5 (Data {pct : 50, mode : file})
09-25 13:35:52.115  5766  5766 D WM-SystemFgDispatcher: Notifying with (id:10879, workSpecId: 52a505d9-dde7-4810-befe-892a781689c5, notificationType :1)
09-25 13:35:52.119  5766  5845 I WM-Processor: Moving WorkSpec (52a505d9-dde7-4810-befe-892a781689c5) to the foreground
09-25 13:35:52.122  5766  5845 D WM-WorkProgressUpdater: Updating progress for 52a505d9-dde7-4810-befe-892a781689c5 (Data {pct : 53, mode : file})
09-25 13:35:52.125  5766  5766 D WM-SystemFgDispatcher: Notifying with (id:10879, workSpecId: 52a505d9-dde7-4810-befe-892a781689c5, notificationType :1)
09-25 13:35:52.126  5766  5845 I WM-Processor: Moving WorkSpec (52a505d9-dde7-4810-befe-892a781689c5) to the foreground
09-25 13:35:52.129  5766  5845 D WM-WorkProgressUpdater: Updating progress for 52a505d9-dde7-4810-befe-892a781689c5 (Data {pct : 56, mode : file})
09-25 13:35:52.129  5766  5766 D WM-SystemFgDispatcher: Notifying with (id:10879, workSpecId: 52a505d9-dde7-4810-befe-892a781689c5, notificationType :1)
09-25 13:35:52.133  5766  5845 I WM-Processor: Moving WorkSpec (52a505d9-dde7-4810-befe-892a781689c5) to the foreground
09-25 13:35:52.136  5766  5845 D WM-WorkProgressUpdater: Updating progress for 52a505d9-dde7-4810-befe-892a781689c5 (Data {pct : 59, mode : file})
09-25 13:35:52.137  5766  5766 D WM-SystemFgDispatcher: Notifying with (id:10879, workSpecId: 52a505d9-dde7-4810-befe-892a781689c5, notificationType :1)
09-25 13:35:52.141  5766  5845 I WM-Processor: Moving WorkSpec (52a505d9-dde7-4810-befe-892a781689c5) to the foreground
09-25 13:35:52.150  5766  5845 D WM-WorkProgressUpdater: Updating progress for 52a505d9-dde7-4810-befe-892a781689c5 (Data {pct : 61, mode : file})
09-25 13:35:52.150  5766  5766 D WM-SystemFgDispatcher: Notifying with (id:10879, workSpecId: 52a505d9-dde7-4810-befe-892a781689c5, notificationType :1)
09-25 13:35:52.155  5766  5845 I WM-Processor: Moving WorkSpec (52a505d9-dde7-4810-befe-892a781689c5) to the foreground
09-25 13:35:52.158  5766  5845 D WM-WorkProgressUpdater: Updating progress for 52a505d9-dde7-4810-befe-892a781689c5 (Data {pct : 64, mode : file})
09-25 13:35:52.158  5766  5766 D WM-SystemFgDispatcher: Notifying with (id:10879, workSpecId: 52a505d9-dde7-4810-befe-892a781689c5, notificationType :1)
09-25 13:35:52.162  5766  5845 I WM-Processor: Moving WorkSpec (52a505d9-dde7-4810-befe-892a781689c5) to the foreground
09-25 13:35:52.165  5766  5845 D WM-WorkProgressUpdater: Updating progress for 52a505d9-dde7-4810-befe-892a781689c5 (Data {pct : 67, mode : file})
09-25 13:35:52.166  5766  5766 D WM-SystemFgDispatcher: Notifying with (id:10879, workSpecId: 52a505d9-dde7-4810-befe-892a781689c5, notificationType :1)
09-25 13:35:52.170  5766  5845 I WM-Processor: Moving WorkSpec (52a505d9-dde7-4810-befe-892a781689c5) to the foreground
09-25 13:35:52.173  5766  5845 D WM-WorkProgressUpdater: Updating progress for 52a505d9-dde7-4810-befe-892a781689c5 (Data {pct : 70, mode : file})
09-25 13:35:52.173  5766  5766 D WM-SystemFgDispatcher: Notifying with (id:10879, workSpecId: 52a505d9-dde7-4810-befe-892a781689c5, notificationType :1)
09-25 13:35:52.178  5766  5845 I WM-Processor: Moving WorkSpec (52a505d9-dde7-4810-befe-892a781689c5) to the foreground
09-25 13:35:52.181  5766  5845 D WM-WorkProgressUpdater: Updating progress for 52a505d9-dde7-4810-befe-892a781689c5 (Data {pct : 72, mode : file})
09-25 13:35:52.181  5766  5766 D WM-SystemFgDispatcher: Notifying with (id:10879, workSpecId: 52a505d9-dde7-4810-befe-892a781689c5, notificationType :1)
09-25 13:35:52.186  5766  5845 I WM-Processor: Moving WorkSpec (52a505d9-dde7-4810-befe-892a781689c5) to the foreground
09-25 13:35:52.189  5766  5845 D WM-WorkProgressUpdater: Updating progress for 52a505d9-dde7-4810-befe-892a781689c5 (Data {pct : 75, mode : file})
09-25 13:35:52.189  5766  5766 D WM-SystemFgDispatcher: Notifying with (id:10879, workSpecId: 52a505d9-dde7-4810-befe-892a781689c5, notificationType :1)
09-25 13:35:52.192  5766  5845 I WM-Processor: Moving WorkSpec (52a505d9-dde7-4810-befe-892a781689c5) to the foreground
09-25 13:35:52.195  5766  5845 D WM-WorkProgressUpdater: Updating progress for 52a505d9-dde7-4810-befe-892a781689c5 (Data {pct : 78, mode : file})
09-25 13:35:52.196  5766  5766 D WM-SystemFgDispatcher: Notifying with (id:10879, workSpecId: 52a505d9-dde7-4810-befe-892a781689c5, notificationType :1)
09-25 13:35:52.199  5766  5845 I WM-Processor: Moving WorkSpec (52a505d9-dde7-4810-befe-892a781689c5) to the foreground
09-25 13:35:52.203  5766  5845 D WM-WorkProgressUpdater: Updating progress for 52a505d9-dde7-4810-befe-892a781689c5 (Data {pct : 80, mode : file})
09-25 13:35:52.203  5766  5766 D WM-SystemFgDispatcher: Notifying with (id:10879, workSpecId: 52a505d9-dde7-4810-befe-892a781689c5, notificationType :1)
09-25 13:35:52.208  5766  5845 I WM-Processor: Moving WorkSpec (52a505d9-dde7-4810-befe-892a781689c5) to the foreground
09-25 13:35:52.210  5766  5845 D WM-WorkProgressUpdater: Updating progress for 52a505d9-dde7-4810-befe-892a781689c5 (Data {pct : 83, mode : file})
09-25 13:35:52.211  5766  5766 D WM-SystemFgDispatcher: Notifying with (id:10879, workSpecId: 52a505d9-dde7-4810-befe-892a781689c5, notificationType :1)
09-25 13:35:52.214  5766  5845 I WM-Processor: Moving WorkSpec (52a505d9-dde7-4810-befe-892a781689c5) to the foreground
09-25 13:35:52.217  5766  5845 D WM-WorkProgressUpdater: Updating progress for 52a505d9-dde7-4810-befe-892a781689c5 (Data {pct : 86, mode : file})
09-25 13:35:52.218  5766  5766 D WM-SystemFgDispatcher: Notifying with (id:10879, workSpecId: 52a505d9-dde7-4810-befe-892a781689c5, notificationType :1)
09-25 13:35:52.221  5766  5845 I WM-Processor: Moving WorkSpec (52a505d9-dde7-4810-befe-892a781689c5) to the foreground
09-25 13:35:52.223  5766  5845 D WM-WorkProgressUpdater: Updating progress for 52a505d9-dde7-4810-befe-892a781689c5 (Data {pct : 89, mode : file})
09-25 13:35:52.224  5766  5766 D WM-SystemFgDispatcher: Notifying with (id:10879, workSpecId: 52a505d9-dde7-4810-befe-892a781689c5, notificationType :1)
09-25 13:35:52.227  5766  5845 I WM-Processor: Moving WorkSpec (52a505d9-dde7-4810-befe-892a781689c5) to the foreground
09-25 13:35:52.230  5766  5845 D WM-WorkProgressUpdater: Updating progress for 52a505d9-dde7-4810-befe-892a781689c5 (Data {pct : 90, mode : file})
09-25 13:35:52.231  5766  5766 D WM-SystemFgDispatcher: Notifying with (id:10879, workSpecId: 52a505d9-dde7-4810-befe-892a781689c5, notificationType :1)
09-25 13:35:52.235  5766  5845 I WM-Processor: Moving WorkSpec (52a505d9-dde7-4810-befe-892a781689c5) to the foreground
09-25 13:35:52.237  5766  5845 D WM-WorkProgressUpdater: Updating progress for 72fc817a-10d6-46fc-9857-28c51f3e335a (Data {pct : 95, mode : file})
09-25 13:35:52.238  5766  5766 D WM-SystemFgDispatcher: Notifying with (id:10879, workSpecId: 52a505d9-dde7-4810-befe-892a781689c5, notificationType :1)
09-25 13:35:52.241  5766  5845 I WM-Processor: Moving WorkSpec (72fc817a-10d6-46fc-9857-28c51f3e335a) to the foreground
09-25 13:35:52.245  5766  5766 D WM-SystemFgDispatcher: Notifying with (id:10479, workSpecId: 72fc817a-10d6-46fc-9857-28c51f3e335a, notificationType :1)
09-25 13:35:52.246  5766  5845 I WM-Processor: Moving WorkSpec (72fc817a-10d6-46fc-9857-28c51f3e335a) to the foreground
09-25 13:35:52.250  5766  5766 D WM-SystemFgDispatcher: Notifying with (id:10479, workSpecId: 72fc817a-10d6-46fc-9857-28c51f3e335a, notificationType :1)
09-25 13:35:52.251  5766  5845 I WM-WorkerWrapper: Worker result SUCCESS for Work [ id=72fc817a-10d6-46fc-9857-28c51f3e335a, tags={ com.negi.survey.net.GitHubUploadWorker,github_upload,github_upload:crash:diagnostics_crash_prevlog_20260924_231118_pid18389.log_64c1ca36 } ]
09-25 13:35:52.256  5766  5845 D WM-WorkProgressUpdater: Updating progress for da4610b3-fe18-4a5f-8174-926a22c458d1 (Data {pct : 42, mode : file})
09-25 13:35:52.259  5766  5766 D WM-Processor: Processor 72fc817a-10d6-46fc-9857-28c51f3e335a executed; reschedule = false
09-25 13:35:52.260  5766  5766 D WM-GreedyScheduler: Stopping tracking for WorkGenerationalId(workSpecId=72fc817a-10d6-46fc-9857-28c51f3e335a, generation=0)
09-25 13:35:52.262  5766  5766 D WM-SystemJobService: 72fc817a-10d6-46fc-9857-28c51f3e335a executed on JobScheduler
09-25 13:35:52.265  5766  5766 D WM-SystemFgDispatcher: Removing Notification (id: 10479, workSpecId: WorkGenerationalId(workSpecId=72fc817a-10d6-46fc-9857-28c51f3e335a, generation=0), notificationType: 1
09-25 13:35:52.266  5766  5845 I WM-Processor: Moving WorkSpec (da4610b3-fe18-4a5f-8174-926a22c458d1) to the foreground
09-25 13:35:52.269  5766  5845 D WM-WorkProgressUpdater: Updating progress for da4610b3-fe18-4a5f-8174-926a22c458d1 (Data {pct : 75, mode : file})
09-25 13:35:52.271  5766  5766 D WM-SystemFgDispatcher: Notifying with (id:6738, workSpecId: da4610b3-fe18-4a5f-8174-926a22c458d1, notificationType :1)
09-25 13:35:52.275  5766  5845 I WM-Processor: Moving WorkSpec (da4610b3-fe18-4a5f-8174-926a22c458d1) to the foreground
09-25 13:35:52.278  5766  5845 D WM-WorkProgressUpdater: Updating progress for da4610b3-fe18-4a5f-8174-926a22c458d1 (Data {pct : 90, mode : file})
09-25 13:35:52.278  5766  5766 D WM-SystemFgDispatcher: Notifying with (id:6738, workSpecId: da4610b3-fe18-4a5f-8174-926a22c458d1, notificationType :1)
09-25 13:35:52.284  5766  5845 I WM-Processor: Moving WorkSpec (da4610b3-fe18-4a5f-8174-926a22c458d1) to the foreground
09-25 13:35:52.288  5766  5845 D WM-WorkProgressUpdater: Updating progress for f6658e8f-021b-4823-8db7-094ee02adf5b (Data {pct : 18, mode : file})
09-25 13:35:52.288  5766  5766 D WM-SystemFgDispatcher: Notifying with (id:6738, workSpecId: da4610b3-fe18-4a5f-8174-926a22c458d1, notificationType :1)
09-25 13:35:52.292  5766  5845 I WM-Processor: Moving WorkSpec (f6658e8f-021b-4823-8db7-094ee02adf5b) to the foreground
09-25 13:35:52.296  5766  5845 D WM-WorkProgressUpdater: Updating progress for f6658e8f-021b-4823-8db7-094ee02adf5b (Data {pct : 26, mode : file})
09-25 13:35:52.296  5766  5766 D WM-SystemFgDispatcher: Notifying with (id:8506, workSpecId: f6658e8f-021b-4823-8db7-094ee02adf5b, notificationType :1)
09-25 13:35:52.300  5766  5845 I WM-Processor: Moving WorkSpec (f6658e8f-021b-4823-8db7-094ee02adf5b) to the foreground
09-25 13:35:52.303  5766  5845 D WM-WorkProgressUpdater: Updating progress for f6658e8f-021b-4823-8db7-094ee02adf5b (Data {pct : 34, mode : file})
09-25 13:35:52.304  5766  5766 D WM-SystemFgDispatcher: Notifying with (id:8506, workSpecId: f6658e8f-021b-4823-8db7-094ee02adf5b, notificationType :1)
09-25 13:35:52.307  5766  5845 I WM-Processor: Moving WorkSpec (f6658e8f-021b-4823-8db7-094ee02adf5b) to the foreground
09-25 13:35:52.309  5766  5845 D WM-WorkProgressUpdater: Updating progress for f6658e8f-021b-4823-8db7-094ee02adf5b (Data {pct : 42, mode : file})
09-25 13:35:52.310  5766  5766 D WM-SystemFgDispatcher: Notifying with (id:8506, workSpecId: f6658e8f-021b-4823-8db7-094ee02adf5b, notificationType :1)
09-25 13:35:52.313  5766  5845 I WM-Processor: Moving WorkSpec (f6658e8f-021b-4823-8db7-094ee02adf5b) to the foreground
09-25 13:35:52.316  5766  5845 D WM-WorkProgressUpdater: Updating progress for f6658e8f-021b-4823-8db7-094ee02adf5b (Data {pct : 51, mode : file})
09-25 13:35:52.319  5766  5766 D WM-SystemFgDispatcher: Notifying with (id:8506, workSpecId: f6658e8f-021b-4823-8db7-094ee02adf5b, notificationType :1)
09-25 13:35:52.320  5766  5845 I WM-Processor: Moving WorkSpec (f6658e8f-021b-4823-8db7-094ee02adf5b) to the foreground
09-25 13:35:52.323  5766  5845 D WM-WorkProgressUpdater: Updating progress for f6658e8f-021b-4823-8db7-094ee02adf5b (Data {pct : 59, mode : file})
09-25 13:35:52.323  5766  5766 D WM-SystemFgDispatcher: Notifying with (id:8506, workSpecId: f6658e8f-021b-4823-8db7-094ee02adf5b, notificationType :1)
09-25 13:35:52.328  5766  5845 I WM-Processor: Moving WorkSpec (f6658e8f-021b-4823-8db7-094ee02adf5b) to the foreground
09-25 13:35:52.330  5766  5845 D WM-WorkProgressUpdater: Updating progress for f6658e8f-021b-4823-8db7-094ee02adf5b (Data {pct : 67, mode : file})
09-25 13:35:52.331  5766  5766 D WM-SystemFgDispatcher: Notifying with (id:8506, workSpecId: f6658e8f-021b-4823-8db7-094ee02adf5b, notificationType :1)
09-25 13:35:52.333  5766  5845 I WM-Processor: Moving WorkSpec (f6658e8f-021b-4823-8db7-094ee02adf5b) to the foreground
09-25 13:35:52.336  5766  5845 D WM-WorkProgressUpdater: Updating progress for f6658e8f-021b-4823-8db7-094ee02adf5b (Data {pct : 75, mode : file})
09-25 13:35:52.336  5766  5766 D WM-SystemFgDispatcher: Notifying with (id:8506, workSpecId: f6658e8f-021b-4823-8db7-094ee02adf5b, notificationType :1)
09-25 13:35:52.338  5766  5845 I WM-Processor: Moving WorkSpec (f6658e8f-021b-4823-8db7-094ee02adf5b) to the foreground
09-25 13:35:52.340  5766  5845 D WM-WorkProgressUpdater: Updating progress for f6658e8f-021b-4823-8db7-094ee02adf5b (Data {pct : 84, mode : file})
09-25 13:35:52.341  5766  5766 D WM-SystemFgDispatcher: Notifying with (id:8506, workSpecId: f6658e8f-021b-4823-8db7-094ee02adf5b, notificationType :1)
09-25 13:35:52.343  5766  5845 I WM-Processor: Moving WorkSpec (f6658e8f-021b-4823-8db7-094ee02adf5b) to the foreground
09-25 13:35:52.346  5766  5845 D WM-WorkProgressUpdater: Updating progress for f6658e8f-021b-4823-8db7-094ee02adf5b (Data {pct : 90, mode : file})
09-25 13:35:52.346  5766  5766 D WM-SystemFgDispatcher: Notifying with (id:8506, workSpecId: f6658e8f-021b-4823-8db7-094ee02adf5b, notificationType :1)
09-25 13:35:52.349  5766  5845 I WM-Processor: Moving WorkSpec (f6658e8f-021b-4823-8db7-094ee02adf5b) to the foreground
09-25 13:35:52.352  5766  5845 D WM-WorkProgressUpdater: Updating progress for d2aff2bc-6a7c-4814-ab58-d0dd84e7cd64 (Data {pct : 44, mode : file})
09-25 13:35:52.352  5766  5766 D WM-SystemFgDispatcher: Notifying with (id:8506, workSpecId: f6658e8f-021b-4823-8db7-094ee02adf5b, notificationType :1)
09-25 13:35:52.355  5766  5845 I WM-Processor: Moving WorkSpec (d2aff2bc-6a7c-4814-ab58-d0dd84e7cd64) to the foreground
09-25 13:35:52.357  5766  5845 D WM-WorkProgressUpdater: Updating progress for d2aff2bc-6a7c-4814-ab58-d0dd84e7cd64 (Data {pct : 78, mode : file})
09-25 13:35:52.357  5766  5766 D WM-SystemFgDispatcher: Notifying with (id:9825, workSpecId: d2aff2bc-6a7c-4814-ab58-d0dd84e7cd64, notificationType :1)
09-25 13:35:52.360  5766  5845 I WM-Processor: Moving WorkSpec (d2aff2bc-6a7c-4814-ab58-d0dd84e7cd64) to the foreground
09-25 13:35:52.362  5766  5766 D WM-SystemFgDispatcher: Notifying with (id:9825, workSpecId: d2aff2bc-6a7c-4814-ab58-d0dd84e7cd64, notificationType :1)
09-25 13:35:52.362  5766  5845 D WM-WorkProgressUpdater: Updating progress for d2aff2bc-6a7c-4814-ab58-d0dd84e7cd64 (Data {pct : 90, mode : file})
09-25 13:35:52.369  5766  5845 I WM-Processor: Moving WorkSpec (d2aff2bc-6a7c-4814-ab58-d0dd84e7cd64) to the foreground
09-25 13:35:52.372  5766  5766 D WM-SystemFgDispatcher: Notifying with (id:9825, workSpecId: d2aff2bc-6a7c-4814-ab58-d0dd84e7cd64, notificationType :1)
09-25 13:35:52.373  5766  5845 D WM-GreedyScheduler: Cancelling work ID 72fc817a-10d6-46fc-9857-28c51f3e335a
09-25 13:35:53.119  5766  5844 D WM-WorkProgressUpdater: Updating progress for da4610b3-fe18-4a5f-8174-926a22c458d1 (Data {pct : 95, mode : file})
09-25 13:35:53.119  5766  5874 D GitHubUploader: uploadStream: done url=https://github.com/ishizuki-tech/SurveyExports/blob/main/diagnostics/crash/2026-09-25/prevlog_20260924_191756_pid29485.log sha=169fd71de503ab381d24b811e71647fc6eb05358
09-25 13:35:53.139  5766  5844 I WM-Processor: Moving WorkSpec (da4610b3-fe18-4a5f-8174-926a22c458d1) to the foreground
09-25 13:35:53.151  5766  5766 D WM-SystemFgDispatcher: Notifying with (id:6738, workSpecId: da4610b3-fe18-4a5f-8174-926a22c458d1, notificationType :1)
09-25 13:35:53.153  5766  5844 I WM-Processor: Moving WorkSpec (da4610b3-fe18-4a5f-8174-926a22c458d1) to the foreground
09-25 13:35:53.166  5766  5766 D WM-SystemFgDispatcher: Notifying with (id:6738, workSpecId: da4610b3-fe18-4a5f-8174-926a22c458d1, notificationType :1)
09-25 13:35:53.170  5766  5844 I WM-WorkerWrapper: Worker result SUCCESS for Work [ id=da4610b3-fe18-4a5f-8174-926a22c458d1, tags={ com.negi.survey.net.GitHubUploadWorker,github_upload,github_upload:crash:diagnostics_crash_prevlog_20260924_191756_pid29485.log_5073774c } ]
09-25 13:35:53.178  5766  5766 D WM-Processor: Processor da4610b3-fe18-4a5f-8174-926a22c458d1 executed; reschedule = false
09-25 13:35:53.178  5766  5766 D WM-GreedyScheduler: Stopping tracking for WorkGenerationalId(workSpecId=da4610b3-fe18-4a5f-8174-926a22c458d1, generation=0)
09-25 13:35:53.180  5766  5766 D WM-SystemJobService: da4610b3-fe18-4a5f-8174-926a22c458d1 executed on JobScheduler
09-25 13:35:53.181  5766  5766 D WM-SystemFgDispatcher: Removing Notification (id: 6738, workSpecId: WorkGenerationalId(workSpecId=da4610b3-fe18-4a5f-8174-926a22c458d1, generation=0), notificationType: 1
09-25 13:35:53.201  5766  5844 D WM-GreedyScheduler: Cancelling work ID da4610b3-fe18-4a5f-8174-926a22c458d1
09-25 13:35:53.238  5766  5833 W github_upload: doFileUpload: upload failed for /data/user/0/com.negi.survey.local/files/diagnostics/crash_github_mirror/prevlog_20260924_214524_pid9371.log
09-25 13:35:53.238  5766  5833 W github_upload: com.negi.survey.net.GitHubUploader$HttpFailureException: GitHub request failed (409): {"message":"is at 169fd71de503ab381d24b811e71647fc6eb05358 but expected 186125171a002239ef80aafa568bd71d18b3e394","documentation_url":"https://docs.github.com/rest/repos/contents#create-or-update-file-contents","status":"409"}
09-25 13:35:53.238  5766  5833 W github_upload: 	at com.negi.survey.net.GitHubUploader.executeWithRetry(GitHubUploader.kt:689)
09-25 13:35:53.238  5766  5833 W github_upload: 	at com.negi.survey.net.GitHubUploader.access$executeWithRetry(GitHubUploader.kt:51)
09-25 13:35:53.238  5766  5833 W github_upload: 	at com.negi.survey.net.GitHubUploader$executeWithRetry$1.invokeSuspend(Unknown Source:22)
09-25 13:35:53.238  5766  5833 W github_upload: 	at kotlin.coroutines.jvm.internal.BaseContinuationImpl.resumeWith(ContinuationImpl.kt:34)
09-25 13:35:53.238  5766  5833 W github_upload: 	at kotlinx.coroutines.DispatchedTask.run(DispatchedTask.kt:100)
09-25 13:35:53.238  5766  5833 W github_upload: 	at kotlinx.coroutines.internal.LimitedDispatcher$Worker.run(LimitedDispatcher.kt:124)
09-25 13:35:53.238  5766  5833 W github_upload: 	at kotlinx.coroutines.scheduling.TaskImpl.run(Tasks.kt:89)
09-25 13:35:53.238  5766  5833 W github_upload: 	at kotlinx.coroutines.scheduling.CoroutineScheduler.runSafely(CoroutineScheduler.kt:586)
09-25 13:35:53.238  5766  5833 W github_upload: 	at kotlinx.coroutines.scheduling.CoroutineScheduler$Worker.executeTask(CoroutineScheduler.kt:798)
09-25 13:35:53.238  5766  5833 W github_upload: 	at kotlinx.coroutines.scheduling.CoroutineScheduler$Worker.runWorker(CoroutineScheduler.kt:717)
09-25 13:35:53.238  5766  5833 W github_upload: 	at kotlinx.coroutines.scheduling.CoroutineScheduler$Worker.run(CoroutineScheduler.kt:704)
09-25 13:35:53.242  5766  5842 I WM-Processor: Moving WorkSpec (d2aff2bc-6a7c-4814-ab58-d0dd84e7cd64) to the foreground
09-25 13:35:53.254  5766  5766 D WM-SystemFgDispatcher: Notifying with (id:9825, workSpecId: d2aff2bc-6a7c-4814-ab58-d0dd84e7cd64, notificationType :1)
09-25 13:35:53.262  5766  5842 I WM-WorkerWrapper: Worker result FAILURE for Work [ id=d2aff2bc-6a7c-4814-ab58-d0dd84e7cd64, tags={ com.negi.survey.net.GitHubUploadWorker,github_upload,github_upload:crash:diagnostics_crash_prevlog_20260924_214524_pid9371.log_eb9e5c31 } ]
09-25 13:35:53.273  5766  5766 D WM-Processor: Processor d2aff2bc-6a7c-4814-ab58-d0dd84e7cd64 executed; reschedule = false
09-25 13:35:53.273  5766  5766 D WM-GreedyScheduler: Stopping tracking for WorkGenerationalId(workSpecId=d2aff2bc-6a7c-4814-ab58-d0dd84e7cd64, generation=0)
09-25 13:35:53.275  5766  5766 D WM-SystemJobService: d2aff2bc-6a7c-4814-ab58-d0dd84e7cd64 executed on JobScheduler
09-25 13:35:53.279  5766  5766 D WM-SystemFgDispatcher: Removing Notification (id: 9825, workSpecId: WorkGenerationalId(workSpecId=d2aff2bc-6a7c-4814-ab58-d0dd84e7cd64, generation=0), notificationType: 1
09-25 13:35:53.284  5766  5842 D WM-GreedyScheduler: Cancelling work ID d2aff2bc-6a7c-4814-ab58-d0dd84e7cd64
09-25 13:35:53.284  5766  5766 D WM-SystemJobService: onStopJob for WorkGenerationalId(workSpecId=d2aff2bc-6a7c-4814-ab58-d0dd84e7cd64, generation=0)
09-25 13:35:53.302  5766  5842 D WM-WorkProgressUpdater: Updating progress for 5370dfa2-be17-4e1a-908a-17e02a132222 (Data {pct : 40, mode : file})
09-25 13:35:53.309  5766  5842 I WM-Processor: Moving WorkSpec (5370dfa2-be17-4e1a-908a-17e02a132222) to the foreground
09-25 13:35:53.314  5766  5766 D WM-SystemFgDispatcher: Notifying with (id:4800, workSpecId: 5370dfa2-be17-4e1a-908a-17e02a132222, notificationType :1)
09-25 13:35:53.315  5766  5842 D WM-WorkProgressUpdater: Updating progress for 5370dfa2-be17-4e1a-908a-17e02a132222 (Data {pct : 71, mode : file})
09-25 13:35:53.320  5766  5842 I WM-Processor: Moving WorkSpec (5370dfa2-be17-4e1a-908a-17e02a132222) to the foreground
09-25 13:35:53.323  5766  5842 D WM-WorkProgressUpdater: Updating progress for 5370dfa2-be17-4e1a-908a-17e02a132222 (Data {pct : 90, mode : file})
09-25 13:35:53.323  5766  5766 D WM-SystemFgDispatcher: Notifying with (id:4800, workSpecId: 5370dfa2-be17-4e1a-908a-17e02a132222, notificationType :1)
09-25 13:35:53.328  5766  5842 I WM-Processor: Moving WorkSpec (5370dfa2-be17-4e1a-908a-17e02a132222) to the foreground
09-25 13:35:53.331  5766  5766 D WM-SystemFgDispatcher: Notifying with (id:4800, workSpecId: 5370dfa2-be17-4e1a-908a-17e02a132222, notificationType :1)
09-25 13:35:53.332  5766  5766 W NotificationManager: Shedding notify (update) of NotificationKey[user=UserHandle{0}, pkg=com.negi.survey.local, tag=null, id=4800], rate limit (5.0) exceeded: input 12.953852, output would be 6.1369915
09-25 13:35:54.069  5766  5844 D WM-WorkProgressUpdater: Updating progress for 7892c22b-5b56-45b5-a1e3-b9f641702342 (Data {pct : 57, mode : file})
09-25 13:35:54.081  5766  5844 I WM-Processor: Moving WorkSpec (7892c22b-5b56-45b5-a1e3-b9f641702342) to the foreground
09-25 13:35:54.087  5766  5844 D WM-WorkProgressUpdater: Updating progress for 7892c22b-5b56-45b5-a1e3-b9f641702342 (Data {pct : 90, mode : file})
09-25 13:35:54.088  5766  5766 D WM-SystemFgDispatcher: Notifying with (id:3673, workSpecId: 7892c22b-5b56-45b5-a1e3-b9f641702342, notificationType :1)
09-25 13:35:54.095  5766  5844 I WM-Processor: Moving WorkSpec (7892c22b-5b56-45b5-a1e3-b9f641702342) to the foreground
09-25 13:35:54.101  5766  5766 D WM-SystemFgDispatcher: Notifying with (id:3673, workSpecId: 7892c22b-5b56-45b5-a1e3-b9f641702342, notificationType :1)
09-25 13:35:54.118  5766  5845 D WM-WorkProgressUpdater: Updating progress for 584078e9-0fb3-4f10-ba34-5b6bfb108001 (Data {pct : 55, mode : file})
09-25 13:35:54.127  5766  5845 I WM-Processor: Moving WorkSpec (584078e9-0fb3-4f10-ba34-5b6bfb108001) to the foreground
09-25 13:35:54.132  5766  5845 D WM-WorkProgressUpdater: Updating progress for 584078e9-0fb3-4f10-ba34-5b6bfb108001 (Data {pct : 90, mode : file})
09-25 13:35:54.133  5766  5766 D WM-SystemFgDispatcher: Notifying with (id:10439, workSpecId: 584078e9-0fb3-4f10-ba34-5b6bfb108001, notificationType :1)
09-25 13:35:54.141  5766  5845 I WM-Processor: Moving WorkSpec (584078e9-0fb3-4f10-ba34-5b6bfb108001) to the foreground
09-25 13:35:54.145  5766  5766 D WM-SystemFgDispatcher: Notifying with (id:10439, workSpecId: 584078e9-0fb3-4f10-ba34-5b6bfb108001, notificationType :1)
09-25 13:35:54.352  5766  5843 D WM-WorkProgressUpdater: Updating progress for 5370dfa2-be17-4e1a-908a-17e02a132222 (Data {pct : 95, mode : file})
09-25 13:35:54.352  5766  5833 D GitHubUploader: uploadStream: done url=https://github.com/ishizuki-tech/SurveyExports/blob/main/diagnostics/crash/2026-09-25/prevlog_20260925_203540_pid5766.log sha=ac0ed2b49bb9d721816c7bed5fc2685e17c6b1f9
09-25 13:35:54.362  5766  5843 I WM-Processor: Moving WorkSpec (5370dfa2-be17-4e1a-908a-17e02a132222) to the foreground
09-25 13:35:54.369  5766  5766 D WM-SystemFgDispatcher: Notifying with (id:4800, workSpecId: 5370dfa2-be17-4e1a-908a-17e02a132222, notificationType :1)
09-25 13:35:54.371  5766  5843 I WM-Processor: Moving WorkSpec (5370dfa2-be17-4e1a-908a-17e02a132222) to the foreground
09-25 13:35:54.380  5766  5843 I WM-WorkerWrapper: Worker result SUCCESS for Work [ id=5370dfa2-be17-4e1a-908a-17e02a132222, tags={ com.negi.survey.net.GitHubUploadWorker,github_upload,github_upload:crash:diagnostics_crash_prevlog_20260925_203540_pid5766.log_dd59c658 } ]
09-25 13:35:54.381  5766  5766 D WM-SystemFgDispatcher: Notifying with (id:4800, workSpecId: 5370dfa2-be17-4e1a-908a-17e02a132222, notificationType :1)
09-25 13:35:54.390  5766  5766 D WM-Processor: Processor 5370dfa2-be17-4e1a-908a-17e02a132222 executed; reschedule = false
09-25 13:35:54.390  5766  5766 D WM-GreedyScheduler: Stopping tracking for WorkGenerationalId(workSpecId=5370dfa2-be17-4e1a-908a-17e02a132222, generation=0)
09-25 13:35:54.393  5766  5766 D WM-SystemJobService: 5370dfa2-be17-4e1a-908a-17e02a132222 executed on JobScheduler
09-25 13:35:54.395  5766  5766 D WM-SystemFgDispatcher: Removing Notification (id: 4800, workSpecId: WorkGenerationalId(workSpecId=5370dfa2-be17-4e1a-908a-17e02a132222, generation=0), notificationType: 1
09-25 13:35:54.400  5766  5843 D WM-GreedyScheduler: Cancelling work ID 5370dfa2-be17-4e1a-908a-17e02a132222
09-25 13:35:54.400  5766  5766 D WM-SystemJobService: onStopJob for WorkGenerationalId(workSpecId=5370dfa2-be17-4e1a-908a-17e02a132222, generation=0)
09-25 13:35:55.015  5766  5844 D WM-WorkProgressUpdater: Updating progress for 52a505d9-dde7-4810-befe-892a781689c5 (Data {pct : 12, mode : file})
09-25 13:35:55.025  5766  5844 I WM-Processor: Moving WorkSpec (52a505d9-dde7-4810-befe-892a781689c5) to the foreground
09-25 13:35:55.030  5766  5844 D WM-WorkProgressUpdater: Updating progress for 52a505d9-dde7-4810-befe-892a781689c5 (Data {pct : 15, mode : file})
09-25 13:35:55.031  5766  5766 D WM-SystemFgDispatcher: Notifying with (id:10879, workSpecId: 52a505d9-dde7-4810-befe-892a781689c5, notificationType :1)
09-25 13:35:55.038  5766  5844 I WM-Processor: Moving WorkSpec (52a505d9-dde7-4810-befe-892a781689c5) to the foreground
09-25 13:35:55.043  5766  5844 D WM-WorkProgressUpdater: Updating progress for 52a505d9-dde7-4810-befe-892a781689c5 (Data {pct : 18, mode : file})
09-25 13:35:55.047  5766  5766 D WM-SystemFgDispatcher: Notifying with (id:10879, workSpecId: 52a505d9-dde7-4810-befe-892a781689c5, notificationType :1)
09-25 13:35:55.050  5766  5844 I WM-Processor: Moving WorkSpec (52a505d9-dde7-4810-befe-892a781689c5) to the foreground
09-25 13:35:55.054  5766  5843 D WM-WorkProgressUpdater: Updating progress for 52a505d9-dde7-4810-befe-892a781689c5 (Data {pct : 20, mode : file})
09-25 13:35:55.059  5766  5766 D WM-SystemFgDispatcher: Notifying with (id:10879, workSpecId: 52a505d9-dde7-4810-befe-892a781689c5, notificationType :1)
09-25 13:35:55.060  5766  5766 W NotificationManager: Shedding notify (update) of NotificationKey[user=UserHandle{0}, pkg=com.negi.survey.local, tag=null, id=10879], rate limit (5.0) exceeded: input 9.198053, output would be 5.643424
09-25 13:35:55.066  5766  5843 I WM-Processor: Moving WorkSpec (52a505d9-dde7-4810-befe-892a781689c5) to the foreground
09-25 13:35:55.070  5766  5843 D WM-WorkProgressUpdater: Updating progress for 52a505d9-dde7-4810-befe-892a781689c5 (Data {pct : 23, mode : file})
09-25 13:35:55.070  5766  5766 D WM-SystemFgDispatcher: Notifying with (id:10879, workSpecId: 52a505d9-dde7-4810-befe-892a781689c5, notificationType :1)
09-25 13:35:55.079  5766  5843 I WM-Processor: Moving WorkSpec (52a505d9-dde7-4810-befe-892a781689c5) to the foreground
09-25 13:35:55.083  5766  5843 D WM-WorkProgressUpdater: Updating progress for 52a505d9-dde7-4810-befe-892a781689c5 (Data {pct : 26, mode : file})
09-25 13:35:55.084  5766  5766 D WM-SystemFgDispatcher: Notifying with (id:10879, workSpecId: 52a505d9-dde7-4810-befe-892a781689c5, notificationType :1)
09-25 13:35:55.093  5766  5843 I WM-Processor: Moving WorkSpec (52a505d9-dde7-4810-befe-892a781689c5) to the foreground
09-25 13:35:55.098  5766  5843 D WM-WorkProgressUpdater: Updating progress for 52a505d9-dde7-4810-befe-892a781689c5 (Data {pct : 29, mode : file})
09-25 13:35:55.098  5766  5766 D WM-SystemFgDispatcher: Notifying with (id:10879, workSpecId: 52a505d9-dde7-4810-befe-892a781689c5, notificationType :1)
09-25 13:35:55.105  5766  5843 I WM-Processor: Moving WorkSpec (52a505d9-dde7-4810-befe-892a781689c5) to the foreground
09-25 13:35:55.110  5766  5843 D WM-WorkProgressUpdater: Updating progress for 52a505d9-dde7-4810-befe-892a781689c5 (Data {pct : 31, mode : file})
09-25 13:35:55.110  5766  5766 D WM-SystemFgDispatcher: Notifying with (id:10879, workSpecId: 52a505d9-dde7-4810-befe-892a781689c5, notificationType :1)
09-25 13:35:55.115  5766  5843 I WM-Processor: Moving WorkSpec (52a505d9-dde7-4810-befe-892a781689c5) to the foreground
09-25 13:35:55.119  5766  5843 D WM-WorkProgressUpdater: Updating progress for 52a505d9-dde7-4810-befe-892a781689c5 (Data {pct : 34, mode : file})
09-25 13:35:55.119  5766  5766 D WM-SystemFgDispatcher: Notifying with (id:10879, workSpecId: 52a505d9-dde7-4810-befe-892a781689c5, notificationType :1)
09-25 13:35:55.126  5766  5843 I WM-Processor: Moving WorkSpec (52a505d9-dde7-4810-befe-892a781689c5) to the foreground
09-25 13:35:55.130  5766  5843 D WM-WorkProgressUpdater: Updating progress for 52a505d9-dde7-4810-befe-892a781689c5 (Data {pct : 37, mode : file})
09-25 13:35:55.131  5766  5766 D WM-SystemFgDispatcher: Notifying with (id:10879, workSpecId: 52a505d9-dde7-4810-befe-892a781689c5, notificationType :1)
09-25 13:35:55.135  5766  5843 I WM-Processor: Moving WorkSpec (52a505d9-dde7-4810-befe-892a781689c5) to the foreground
09-25 13:35:55.138  5766  5843 D WM-WorkProgressUpdater: Updating progress for 52a505d9-dde7-4810-befe-892a781689c5 (Data {pct : 40, mode : file})
09-25 13:35:55.138  5766  5766 D WM-SystemFgDispatcher: Notifying with (id:10879, workSpecId: 52a505d9-dde7-4810-befe-892a781689c5, notificationType :1)
09-25 13:35:55.142  5766  5843 I WM-Processor: Moving WorkSpec (52a505d9-dde7-4810-befe-892a781689c5) to the foreground
09-25 13:35:55.145  5766  5843 D WM-WorkProgressUpdater: Updating progress for 52a505d9-dde7-4810-befe-892a781689c5 (Data {pct : 42, mode : file})
09-25 13:35:55.147  5766  5766 D WM-SystemFgDispatcher: Notifying with (id:10879, workSpecId: 52a505d9-dde7-4810-befe-892a781689c5, notificationType :1)
09-25 13:35:55.150  5766  5843 I WM-Processor: Moving WorkSpec (52a505d9-dde7-4810-befe-892a781689c5) to the foreground
09-25 13:35:55.153  5766  5843 D WM-WorkProgressUpdater: Updating progress for 52a505d9-dde7-4810-befe-892a781689c5 (Data {pct : 45, mode : file})
09-25 13:35:55.153  5766  5766 D WM-SystemFgDispatcher: Notifying with (id:10879, workSpecId: 52a505d9-dde7-4810-befe-892a781689c5, notificationType :1)
09-25 13:35:55.157  5766  5843 I WM-Processor: Moving WorkSpec (52a505d9-dde7-4810-befe-892a781689c5) to the foreground
09-25 13:35:55.160  5766  5843 D WM-WorkProgressUpdater: Updating progress for 52a505d9-dde7-4810-befe-892a781689c5 (Data {pct : 48, mode : file})
09-25 13:35:55.160  5766  5766 D WM-SystemFgDispatcher: Notifying with (id:10879, workSpecId: 52a505d9-dde7-4810-befe-892a781689c5, notificationType :1)
09-25 13:35:55.165  5766  5843 I WM-Processor: Moving WorkSpec (52a505d9-dde7-4810-befe-892a781689c5) to the foreground
09-25 13:35:55.168  5766  5874 W github_upload: doFileUpload: upload failed for /data/user/0/com.negi.survey.local/files/diagnostics/crash_github_mirror/prevlog_20260924_200918_pid3402.log
09-25 13:35:55.168  5766  5874 W github_upload: com.negi.survey.net.GitHubUploader$HttpFailureException: GitHub request failed (409): {"message":"is at c03d6063e342bfb6c7c22808c5eab5862632ecd3 but expected ac0ed2b49bb9d721816c7bed5fc2685e17c6b1f9","documentation_url":"https://docs.github.com/rest/repos/contents#create-or-update-file-contents","status":"409"}
09-25 13:35:55.168  5766  5874 W github_upload: 	at com.negi.survey.net.GitHubUploader.executeWithRetry(GitHubUploader.kt:689)
09-25 13:35:55.168  5766  5874 W github_upload: 	at com.negi.survey.net.GitHubUploader.access$executeWithRetry(GitHubUploader.kt:51)
09-25 13:35:55.168  5766  5874 W github_upload: 	at com.negi.survey.net.GitHubUploader$executeWithRetry$1.invokeSuspend(Unknown Source:22)
09-25 13:35:55.168  5766  5874 W github_upload: 	at kotlin.coroutines.jvm.internal.BaseContinuationImpl.resumeWith(ContinuationImpl.kt:34)
09-25 13:35:55.168  5766  5874 W github_upload: 	at kotlinx.coroutines.DispatchedTask.run(DispatchedTask.kt:100)
09-25 13:35:55.168  5766  5874 W github_upload: 	at kotlinx.coroutines.internal.LimitedDispatcher$Worker.run(LimitedDispatcher.kt:124)
09-25 13:35:55.168  5766  5874 W github_upload: 	at kotlinx.coroutines.scheduling.TaskImpl.run(Tasks.kt:89)
09-25 13:35:55.168  5766  5874 W github_upload: 	at kotlinx.coroutines.scheduling.CoroutineScheduler.runSafely(CoroutineScheduler.kt:586)
09-25 13:35:55.168  5766  5874 W github_upload: 	at kotlinx.coroutines.scheduling.CoroutineScheduler$Worker.executeTask(CoroutineScheduler.kt:798)
09-25 13:35:55.168  5766  5874 W github_upload: 	at kotlinx.coroutines.scheduling.CoroutineScheduler$Worker.runWorker(CoroutineScheduler.kt:717)
09-25 13:35:55.168  5766  5874 W github_upload: 	at kotlinx.coroutines.scheduling.CoroutineScheduler$Worker.run(CoroutineScheduler.kt:704)
09-25 13:35:55.168  5766  5843 D WM-WorkProgressUpdater: Updating progress for 52a505d9-dde7-4810-befe-892a781689c5 (Data {pct : 50, mode : file})
09-25 13:35:55.168  5766  5766 D WM-SystemFgDispatcher: Notifying with (id:10879, workSpecId: 52a505d9-dde7-4810-befe-892a781689c5, notificationType :1)
09-25 13:35:55.173  5766  5843 I WM-Processor: Moving WorkSpec (52a505d9-dde7-4810-befe-892a781689c5) to the foreground
09-25 13:35:55.175  5766  5843 D WM-WorkProgressUpdater: Updating progress for 52a505d9-dde7-4810-befe-892a781689c5 (Data {pct : 53, mode : file})
09-25 13:35:55.176  5766  5766 D WM-SystemFgDispatcher: Notifying with (id:10879, workSpecId: 52a505d9-dde7-4810-befe-892a781689c5, notificationType :1)
09-25 13:35:55.180  5766  5843 I WM-Processor: Moving WorkSpec (52a505d9-dde7-4810-befe-892a781689c5) to the foreground
09-25 13:35:55.183  5766  5843 D WM-WorkProgressUpdater: Updating progress for 52a505d9-dde7-4810-befe-892a781689c5 (Data {pct : 56, mode : file})
09-25 13:35:55.184  5766  5766 D WM-SystemFgDispatcher: Notifying with (id:10879, workSpecId: 52a505d9-dde7-4810-befe-892a781689c5, notificationType :1)
09-25 13:35:55.187  5766  5843 I WM-Processor: Moving WorkSpec (52a505d9-dde7-4810-befe-892a781689c5) to the foreground
09-25 13:35:55.191  5766  5843 D WM-WorkProgressUpdater: Updating progress for 52a505d9-dde7-4810-befe-892a781689c5 (Data {pct : 59, mode : file})
09-25 13:35:55.192  5766  5766 D WM-SystemFgDispatcher: Notifying with (id:10879, workSpecId: 52a505d9-dde7-4810-befe-892a781689c5, notificationType :1)
09-25 13:35:55.195  5766  5843 I WM-Processor: Moving WorkSpec (52a505d9-dde7-4810-befe-892a781689c5) to the foreground
09-25 13:35:55.197  5766  5843 D WM-WorkProgressUpdater: Updating progress for 52a505d9-dde7-4810-befe-892a781689c5 (Data {pct : 61, mode : file})
09-25 13:35:55.197  5766  5766 D WM-SystemFgDispatcher: Notifying with (id:10879, workSpecId: 52a505d9-dde7-4810-befe-892a781689c5, notificationType :1)
09-25 13:35:55.200  5766  5843 I WM-Processor: Moving WorkSpec (52a505d9-dde7-4810-befe-892a781689c5) to the foreground
09-25 13:35:55.203  5766  5843 D WM-WorkProgressUpdater: Updating progress for 52a505d9-dde7-4810-befe-892a781689c5 (Data {pct : 64, mode : file})
09-25 13:35:55.204  5766  5766 D WM-SystemFgDispatcher: Notifying with (id:10879, workSpecId: 52a505d9-dde7-4810-befe-892a781689c5, notificationType :1)
09-25 13:35:55.208  5766  5843 I WM-Processor: Moving WorkSpec (52a505d9-dde7-4810-befe-892a781689c5) to the foreground
09-25 13:35:55.211  5766  5843 D WM-WorkProgressUpdater: Updating progress for 52a505d9-dde7-4810-befe-892a781689c5 (Data {pct : 67, mode : file})
09-25 13:35:55.212  5766  5766 D WM-SystemFgDispatcher: Notifying with (id:10879, workSpecId: 52a505d9-dde7-4810-befe-892a781689c5, notificationType :1)
09-25 13:35:55.217  5766  5843 I WM-Processor: Moving WorkSpec (52a505d9-dde7-4810-befe-892a781689c5) to the foreground
09-25 13:35:55.221  5766  5843 D WM-WorkProgressUpdater: Updating progress for 52a505d9-dde7-4810-befe-892a781689c5 (Data {pct : 70, mode : file})
09-25 13:35:55.221  5766  5766 D WM-SystemFgDispatcher: Notifying with (id:10879, workSpecId: 52a505d9-dde7-4810-befe-892a781689c5, notificationType :1)
09-25 13:35:55.227  5766  5843 I WM-Processor: Moving WorkSpec (52a505d9-dde7-4810-befe-892a781689c5) to the foreground
09-25 13:35:55.229  5766  5843 D WM-WorkProgressUpdater: Updating progress for 52a505d9-dde7-4810-befe-892a781689c5 (Data {pct : 72, mode : file})
09-25 13:35:55.230  5766  5766 D WM-SystemFgDispatcher: Notifying with (id:10879, workSpecId: 52a505d9-dde7-4810-befe-892a781689c5, notificationType :1)
09-25 13:35:55.235  5766  5843 I WM-Processor: Moving WorkSpec (52a505d9-dde7-4810-befe-892a781689c5) to the foreground
09-25 13:35:55.237  5766  5843 D WM-WorkProgressUpdater: Updating progress for 52a505d9-dde7-4810-befe-892a781689c5 (Data {pct : 75, mode : file})
09-25 13:35:55.238  5766  5766 D WM-SystemFgDispatcher: Notifying with (id:10879, workSpecId: 52a505d9-dde7-4810-befe-892a781689c5, notificationType :1)
09-25 13:35:55.240  5766  5843 I WM-Processor: Moving WorkSpec (52a505d9-dde7-4810-befe-892a781689c5) to the foreground
09-25 13:35:55.242  5766  5843 D WM-WorkProgressUpdater: Updating progress for 52a505d9-dde7-4810-befe-892a781689c5 (Data {pct : 78, mode : file})
09-25 13:35:55.242  5766  5766 D WM-SystemFgDispatcher: Notifying with (id:10879, workSpecId: 52a505d9-dde7-4810-befe-892a781689c5, notificationType :1)
09-25 13:35:55.244  5766  5843 I WM-Processor: Moving WorkSpec (52a505d9-dde7-4810-befe-892a781689c5) to the foreground
09-25 13:35:55.246  5766  5843 D WM-WorkProgressUpdater: Updating progress for 52a505d9-dde7-4810-befe-892a781689c5 (Data {pct : 80, mode : file})
09-25 13:35:55.247  5766  5766 D WM-SystemFgDispatcher: Notifying with (id:10879, workSpecId: 52a505d9-dde7-4810-befe-892a781689c5, notificationType :1)
09-25 13:35:55.250  5766  5843 I WM-Processor: Moving WorkSpec (52a505d9-dde7-4810-befe-892a781689c5) to the foreground
09-25 13:35:55.253  5766  5843 D WM-WorkProgressUpdater: Updating progress for 52a505d9-dde7-4810-befe-892a781689c5 (Data {pct : 83, mode : file})
09-25 13:35:55.254  5766  5766 D WM-SystemFgDispatcher: Notifying with (id:10879, workSpecId: 52a505d9-dde7-4810-befe-892a781689c5, notificationType :1)
09-25 13:35:55.257  5766  5843 I WM-Processor: Moving WorkSpec (52a505d9-dde7-4810-befe-892a781689c5) to the foreground
09-25 13:35:55.259  5766  5843 D WM-WorkProgressUpdater: Updating progress for 52a505d9-dde7-4810-befe-892a781689c5 (Data {pct : 86, mode : file})
09-25 13:35:55.260  5766  5766 D WM-SystemFgDispatcher: Notifying with (id:10879, workSpecId: 52a505d9-dde7-4810-befe-892a781689c5, notificationType :1)
09-25 13:35:55.263  5766  5843 I WM-Processor: Moving WorkSpec (52a505d9-dde7-4810-befe-892a781689c5) to the foreground
09-25 13:35:55.265  5766  5843 D WM-WorkProgressUpdater: Updating progress for 52a505d9-dde7-4810-befe-892a781689c5 (Data {pct : 89, mode : file})
09-25 13:35:55.266  5766  5766 D WM-SystemFgDispatcher: Notifying with (id:10879, workSpecId: 52a505d9-dde7-4810-befe-892a781689c5, notificationType :1)
09-25 13:35:55.270  5766  5843 I WM-Processor: Moving WorkSpec (52a505d9-dde7-4810-befe-892a781689c5) to the foreground
09-25 13:35:55.272  5766  5843 D WM-WorkProgressUpdater: Updating progress for 52a505d9-dde7-4810-befe-892a781689c5 (Data {pct : 90, mode : file})
09-25 13:35:55.273  5766  5766 D WM-SystemFgDispatcher: Notifying with (id:10879, workSpecId: 52a505d9-dde7-4810-befe-892a781689c5, notificationType :1)
09-25 13:35:55.276  5766  5843 I WM-Processor: Moving WorkSpec (52a505d9-dde7-4810-befe-892a781689c5) to the foreground
09-25 13:35:55.278  5766  5766 D WM-SystemFgDispatcher: Notifying with (id:10879, workSpecId: 52a505d9-dde7-4810-befe-892a781689c5, notificationType :1)
09-25 13:35:55.280  5766  5843 I WM-Processor: Moving WorkSpec (584078e9-0fb3-4f10-ba34-5b6bfb108001) to the foreground
09-25 13:35:55.283  5766  5766 D WM-SystemFgDispatcher: Notifying with (id:10439, workSpecId: 584078e9-0fb3-4f10-ba34-5b6bfb108001, notificationType :1)
09-25 13:35:55.284  5766  5843 I WM-WorkerWrapper: Worker result FAILURE for Work [ id=584078e9-0fb3-4f10-ba34-5b6bfb108001, tags={ com.negi.survey.net.GitHubUploadWorker,github_upload,github_upload:crash:diagnostics_crash_prevlog_20260924_200918_pid3402.log_e04594c } ]
09-25 13:35:55.291  5766  5843 D WM-WorkProgressUpdater: Updating progress for f6658e8f-021b-4823-8db7-094ee02adf5b (Data {pct : 18, mode : file})
09-25 13:35:55.292  5766  5766 D WM-Processor: Processor 584078e9-0fb3-4f10-ba34-5b6bfb108001 executed; reschedule = false
09-25 13:35:55.292  5766  5766 D WM-GreedyScheduler: Stopping tracking for WorkGenerationalId(workSpecId=584078e9-0fb3-4f10-ba34-5b6bfb108001, generation=0)
09-25 13:35:55.294  5766  5766 D WM-SystemJobService: 584078e9-0fb3-4f10-ba34-5b6bfb108001 executed on JobScheduler
09-25 13:35:55.296  5766  5766 D WM-SystemFgDispatcher: Removing Notification (id: 10439, workSpecId: WorkGenerationalId(workSpecId=584078e9-0fb3-4f10-ba34-5b6bfb108001, generation=0), notificationType: 1
09-25 13:35:55.298  5766  5843 I WM-Processor: Moving WorkSpec (f6658e8f-021b-4823-8db7-094ee02adf5b) to the foreground
09-25 13:35:55.301  5766  5843 D WM-WorkProgressUpdater: Updating progress for f6658e8f-021b-4823-8db7-094ee02adf5b (Data {pct : 26, mode : file})
09-25 13:35:55.303  5766  5766 D WM-SystemFgDispatcher: Notifying with (id:8506, workSpecId: f6658e8f-021b-4823-8db7-094ee02adf5b, notificationType :1)
09-25 13:35:55.306  5766  5843 I WM-Processor: Moving WorkSpec (f6658e8f-021b-4823-8db7-094ee02adf5b) to the foreground
09-25 13:35:55.309  5766  5843 D WM-WorkProgressUpdater: Updating progress for f6658e8f-021b-4823-8db7-094ee02adf5b (Data {pct : 34, mode : file})
09-25 13:35:55.310  5766  5766 D WM-SystemFgDispatcher: Notifying with (id:8506, workSpecId: f6658e8f-021b-4823-8db7-094ee02adf5b, notificationType :1)
09-25 13:35:55.313  5766  5843 I WM-Processor: Moving WorkSpec (f6658e8f-021b-4823-8db7-094ee02adf5b) to the foreground
09-25 13:35:55.316  5766  5843 D WM-WorkProgressUpdater: Updating progress for f6658e8f-021b-4823-8db7-094ee02adf5b (Data {pct : 42, mode : file})
09-25 13:35:55.317  5766  5766 D WM-SystemFgDispatcher: Notifying with (id:8506, workSpecId: f6658e8f-021b-4823-8db7-094ee02adf5b, notificationType :1)
09-25 13:35:55.321  5766  5843 I WM-Processor: Moving WorkSpec (f6658e8f-021b-4823-8db7-094ee02adf5b) to the foreground
09-25 13:35:55.324  5766  5843 D WM-WorkProgressUpdater: Updating progress for f6658e8f-021b-4823-8db7-094ee02adf5b (Data {pct : 51, mode : file})
09-25 13:35:55.325  5766  5766 D WM-SystemFgDispatcher: Notifying with (id:8506, workSpecId: f6658e8f-021b-4823-8db7-094ee02adf5b, notificationType :1)
09-25 13:35:55.326  5766  5832 D GitHubUploader: uploadStream: done url=https://github.com/ishizuki-tech/SurveyExports/blob/main/diagnostics/crash/2026-09-25/prevlog_20260924_194812_pid926.log sha=c03d6063e342bfb6c7c22808c5eab5862632ecd3
09-25 13:35:55.329  5766  5843 I WM-Processor: Moving WorkSpec (f6658e8f-021b-4823-8db7-094ee02adf5b) to the foreground
09-25 13:35:55.331  5766  5843 D WM-WorkProgressUpdater: Updating progress for f6658e8f-021b-4823-8db7-094ee02adf5b (Data {pct : 59, mode : file})
09-25 13:35:55.332  5766  5766 D WM-SystemFgDispatcher: Notifying with (id:8506, workSpecId: f6658e8f-021b-4823-8db7-094ee02adf5b, notificationType :1)
09-25 13:35:55.335  5766  5843 I WM-Processor: Moving WorkSpec (f6658e8f-021b-4823-8db7-094ee02adf5b) to the foreground
09-25 13:35:55.338  5766  5843 D WM-WorkProgressUpdater: Updating progress for f6658e8f-021b-4823-8db7-094ee02adf5b (Data {pct : 67, mode : file})
09-25 13:35:55.339  5766  5766 D WM-SystemFgDispatcher: Notifying with (id:8506, workSpecId: f6658e8f-021b-4823-8db7-094ee02adf5b, notificationType :1)
09-25 13:35:55.342  5766  5843 I WM-Processor: Moving WorkSpec (f6658e8f-021b-4823-8db7-094ee02adf5b) to the foreground
09-25 13:35:55.345  5766  5843 D WM-WorkProgressUpdater: Updating progress for f6658e8f-021b-4823-8db7-094ee02adf5b (Data {pct : 75, mode : file})
09-25 13:35:55.348  5766  5766 D WM-SystemFgDispatcher: Notifying with (id:8506, workSpecId: f6658e8f-021b-4823-8db7-094ee02adf5b, notificationType :1)
09-25 13:35:55.350  5766  5843 I WM-Processor: Moving WorkSpec (f6658e8f-021b-4823-8db7-094ee02adf5b) to the foreground
09-25 13:35:55.352  5766  5843 D WM-WorkProgressUpdater: Updating progress for f6658e8f-021b-4823-8db7-094ee02adf5b (Data {pct : 84, mode : file})
09-25 13:35:55.353  5766  5766 D WM-SystemFgDispatcher: Notifying with (id:8506, workSpecId: f6658e8f-021b-4823-8db7-094ee02adf5b, notificationType :1)
09-25 13:35:55.356  5766  5843 I WM-Processor: Moving WorkSpec (f6658e8f-021b-4823-8db7-094ee02adf5b) to the foreground
09-25 13:35:55.358  5766  5843 D WM-WorkProgressUpdater: Updating progress for f6658e8f-021b-4823-8db7-094ee02adf5b (Data {pct : 90, mode : file})
09-25 13:35:55.359  5766  5766 D WM-SystemFgDispatcher: Notifying with (id:8506, workSpecId: f6658e8f-021b-4823-8db7-094ee02adf5b, notificationType :1)
09-25 13:35:55.362  5766  5843 I WM-Processor: Moving WorkSpec (f6658e8f-021b-4823-8db7-094ee02adf5b) to the foreground
09-25 13:35:55.365  5766  5766 D WM-SystemFgDispatcher: Notifying with (id:8506, workSpecId: f6658e8f-021b-4823-8db7-094ee02adf5b, notificationType :1)
09-25 13:35:55.367  5766  5843 D WM-GreedyScheduler: Cancelling work ID 584078e9-0fb3-4f10-ba34-5b6bfb108001
09-25 13:35:55.373  5766  5843 D WM-WorkProgressUpdater: Updating progress for 7892c22b-5b56-45b5-a1e3-b9f641702342 (Data {pct : 95, mode : file})
09-25 13:35:55.376  5766  5843 I WM-Processor: Moving WorkSpec (7892c22b-5b56-45b5-a1e3-b9f641702342) to the foreground
09-25 13:35:55.378  5766  5843 I WM-Processor: Moving WorkSpec (7892c22b-5b56-45b5-a1e3-b9f641702342) to the foreground
09-25 13:35:55.379  5766  5766 D WM-SystemFgDispatcher: Notifying with (id:3673, workSpecId: 7892c22b-5b56-45b5-a1e3-b9f641702342, notificationType :1)
09-25 13:35:55.381  5766  5843 I WM-WorkerWrapper: Worker result SUCCESS for Work [ id=7892c22b-5b56-45b5-a1e3-b9f641702342, tags={ com.negi.survey.net.GitHubUploadWorker,github_upload,github_upload:crash:diagnostics_crash_prevlog_20260924_194812_pid926.log_8a76bb61 } ]
09-25 13:35:55.382  5766  5766 D WM-SystemFgDispatcher: Notifying with (id:3673, workSpecId: 7892c22b-5b56-45b5-a1e3-b9f641702342, notificationType :1)
09-25 13:35:55.389  5766  5766 D WM-Processor: Processor 7892c22b-5b56-45b5-a1e3-b9f641702342 executed; reschedule = false
09-25 13:35:55.389  5766  5766 D WM-GreedyScheduler: Stopping tracking for WorkGenerationalId(workSpecId=7892c22b-5b56-45b5-a1e3-b9f641702342, generation=0)
09-25 13:35:55.391  5766  5766 D WM-SystemJobService: 7892c22b-5b56-45b5-a1e3-b9f641702342 executed on JobScheduler
09-25 13:35:55.393  5766  5766 D WM-SystemFgDispatcher: Removing Notification (id: 3673, workSpecId: WorkGenerationalId(workSpecId=7892c22b-5b56-45b5-a1e3-b9f641702342, generation=0), notificationType: 1
09-25 13:35:55.397  5766  5766 D WM-SystemJobService: onStopJob for WorkGenerationalId(workSpecId=7892c22b-5b56-45b5-a1e3-b9f641702342, generation=0)
09-25 13:35:55.398  5766  5842 D WM-GreedyScheduler: Cancelling work ID 7892c22b-5b56-45b5-a1e3-b9f641702342
09-25 13:35:56.538  5766  5875 W github_upload: doFileUpload: upload failed for /data/user/0/com.negi.survey.local/files/diagnostics/crash_github_mirror/ring_store/20260925_203541_pid5766_u291314/seg_00.log
09-25 13:35:56.538  5766  5875 W github_upload: com.negi.survey.net.GitHubUploader$HttpFailureException: GitHub request failed (409): {"message":"is at 09b6633d592197e2fa259635479c1490c73950b1 but expected c03d6063e342bfb6c7c22808c5eab5862632ecd3","documentation_url":"https://docs.github.com/rest/repos/contents#create-or-update-file-contents","status":"409"}
09-25 13:35:56.538  5766  5875 W github_upload: 	at com.negi.survey.net.GitHubUploader.executeWithRetry(GitHubUploader.kt:689)
09-25 13:35:56.538  5766  5875 W github_upload: 	at com.negi.survey.net.GitHubUploader.access$executeWithRetry(GitHubUploader.kt:51)
09-25 13:35:56.538  5766  5875 W github_upload: 	at com.negi.survey.net.GitHubUploader$executeWithRetry$1.invokeSuspend(Unknown Source:22)
09-25 13:35:56.538  5766  5875 W github_upload: 	at kotlin.coroutines.jvm.internal.BaseContinuationImpl.resumeWith(ContinuationImpl.kt:34)
09-25 13:35:56.538  5766  5875 W github_upload: 	at kotlinx.coroutines.DispatchedTask.run(DispatchedTask.kt:100)
09-25 13:35:56.538  5766  5875 W github_upload: 	at kotlinx.coroutines.internal.LimitedDispatcher$Worker.run(LimitedDispatcher.kt:124)
09-25 13:35:56.538  5766  5875 W github_upload: 	at kotlinx.coroutines.scheduling.TaskImpl.run(Tasks.kt:89)
09-25 13:35:56.538  5766  5875 W github_upload: 	at kotlinx.coroutines.scheduling.CoroutineScheduler.runSafely(CoroutineScheduler.kt:586)
09-25 13:35:56.538  5766  5875 W github_upload: 	at kotlinx.coroutines.scheduling.CoroutineScheduler$Worker.executeTask(CoroutineScheduler.kt:798)
09-25 13:35:56.538  5766  5875 W github_upload: 	at kotlinx.coroutines.scheduling.CoroutineScheduler$Worker.runWorker(CoroutineScheduler.kt:717)
09-25 13:35:56.538  5766  5875 W github_upload: 	at kotlinx.coroutines.scheduling.CoroutineScheduler$Worker.run(CoroutineScheduler.kt:704)
09-25 13:35:56.545  5766  5844 I WM-Processor: Moving WorkSpec (f6658e8f-021b-4823-8db7-094ee02adf5b) to the foreground
09-25 13:35:56.555  5766  5766 D WM-SystemFgDispatcher: Notifying with (id:8506, workSpecId: f6658e8f-021b-4823-8db7-094ee02adf5b, notificationType :1)
09-25 13:35:56.558  5766  5844 I WM-WorkerWrapper: Worker result FAILURE for Work [ id=f6658e8f-021b-4823-8db7-094ee02adf5b, tags={ com.negi.survey.net.GitHubUploadWorker,github_upload,github_upload:ring:diagnostics_crash_ring_store_20260925_203541_pid5766_u291314_seg_00.log_d82a7b63 } ]
09-25 13:35:56.568  5766  5766 D WM-Processor: Processor f6658e8f-021b-4823-8db7-094ee02adf5b executed; reschedule = false
09-25 13:35:56.568  5766  5766 D WM-GreedyScheduler: Stopping tracking for WorkGenerationalId(workSpecId=f6658e8f-021b-4823-8db7-094ee02adf5b, generation=0)
09-25 13:35:56.570  5766  5766 D WM-SystemJobService: f6658e8f-021b-4823-8db7-094ee02adf5b executed on JobScheduler
09-25 13:35:56.576  5766  5766 D WM-SystemFgDispatcher: Removing Notification (id: 8506, workSpecId: WorkGenerationalId(workSpecId=f6658e8f-021b-4823-8db7-094ee02adf5b, generation=0), notificationType: 1
09-25 13:35:56.576  5766  5844 D WM-GreedyScheduler: Cancelling work ID f6658e8f-021b-4823-8db7-094ee02adf5b
09-25 13:35:56.581  5766  5766 D WM-SystemJobService: onStopJob for WorkGenerationalId(workSpecId=f6658e8f-021b-4823-8db7-094ee02adf5b, generation=0)
09-25 13:35:57.004  5766  5845 D WM-WorkProgressUpdater: Updating progress for 52a505d9-dde7-4810-befe-892a781689c5 (Data {pct : 95, mode : file})
09-25 13:35:57.004  5766  5833 D GitHubUploader: uploadStream: done url=https://github.com/ishizuki-tech/SurveyExports/blob/main/diagnostics/crash/2026-09-25/prevlog_20260925_202248_pid5285.log sha=09b6633d592197e2fa259635479c1490c73950b1
09-25 13:35:57.015  5766  5845 I WM-Processor: Moving WorkSpec (52a505d9-dde7-4810-befe-892a781689c5) to the foreground
09-25 13:35:57.023  5766  5766 D WM-SystemFgDispatcher: Notifying with (id:10879, workSpecId: 52a505d9-dde7-4810-befe-892a781689c5, notificationType :1)
09-25 13:35:57.025  5766  5845 I WM-Processor: Moving WorkSpec (52a505d9-dde7-4810-befe-892a781689c5) to the foreground
09-25 13:35:57.033  5766  5845 I WM-WorkerWrapper: Worker result SUCCESS for Work [ id=52a505d9-dde7-4810-befe-892a781689c5, tags={ com.negi.survey.net.GitHubUploadWorker,github_upload,github_upload:crash:diagnostics_crash_prevlog_20260925_202248_pid5285.log_5d2a4f36 } ]
09-25 13:35:57.036  5766  5766 D WM-SystemFgDispatcher: Notifying with (id:10879, workSpecId: 52a505d9-dde7-4810-befe-892a781689c5, notificationType :1)
09-25 13:35:57.048  5766  5766 D WM-Processor: Processor 52a505d9-dde7-4810-befe-892a781689c5 executed; reschedule = false
09-25 13:35:57.048  5766  5766 D WM-GreedyScheduler: Stopping tracking for WorkGenerationalId(workSpecId=52a505d9-dde7-4810-befe-892a781689c5, generation=0)
09-25 13:35:57.050  5766  5766 D WM-SystemJobService: 52a505d9-dde7-4810-befe-892a781689c5 executed on JobScheduler
09-25 13:35:57.052  5766  5845 D WM-PackageManagerHelper: androidx.work.impl.background.systemalarm.RescheduleReceiver disabled
09-25 13:35:57.052  5766  5766 D WM-SystemFgDispatcher: Removing Notification (id: 10879, workSpecId: WorkGenerationalId(workSpecId=52a505d9-dde7-4810-befe-892a781689c5, generation=0), notificationType: 1
09-25 13:35:57.054  5766  5766 I WM-SystemFgDispatcher: Stopping foreground service
09-25 13:35:57.054  5766  5766 D WM-SystemFgService: Shutting down.
09-25 13:35:57.059  5766  5845 D WM-GreedyScheduler: Cancelling work ID 52a505d9-dde7-4810-befe-892a781689c5
09-25 13:35:57.065  5766  5766 D WM-SystemJobService: onStopJob for WorkGenerationalId(workSpecId=52a505d9-dde7-4810-befe-892a781689c5, generation=0)
09-25 13:35:57.071  5766  5845 D WM-WorkConstraintsTrack: NetworkRequestConstraintController unregister shared callback
09-25 13:38:12.204  5978  5978 I Zygote  : Process 5978 created for com.negi.survey.local
09-25 13:38:12.204  5978  5978 I gi.survey.local: Late-enabling -Xcheck:jni
09-25 13:38:12.229  5978  5978 I gi.survey.local: Using CollectorTypeCMC GC.
09-25 13:38:12.235  5978  5978 D nativeloader: Load libframework-connectivity-tiramisu-jni.so using APEX ns com_android_tethering for caller /apex/com.android.tethering/javalib/framework-connectivity-t.jar: ok
09-25 13:38:12.259  5978  5978 D ApplicationLoaders: Returning zygote-cached class loader: /system_ext/framework/androidx.window.extensions.jar
09-25 13:38:12.259  5978  5978 D ApplicationLoaders: Returning zygote-cached class loader: /system_ext/framework/androidx.window.sidecar.jar
09-25 13:38:12.665  5978  5978 D nativeloader: Configuring clns-9 for other apk /data/app/~~9ZnNyNTa37ldzihVH1oqVQ==/com.negi.survey.local-tKQm5A5Ar0ToBtPwREkX-A==/base.apk. target_sdk_version=36, uses_libraries=libOpenCL.so:libOpenCL-pixel.so, library_path=/data/app/~~9ZnNyNTa37ldzihVH1oqVQ==/com.negi.survey.local-tKQm5A5Ar0ToBtPwREkX-A==/lib/arm64:/data/app/~~9ZnNyNTa37ldzihVH1oqVQ==/com.negi.survey.local-tKQm5A5Ar0ToBtPwREkX-A==/base.apk!/lib/arm64-v8a, permitted_path=/data:/mnt/expand:/data/user/0/com.negi.survey.local
09-25 13:38:12.671  5978  5978 V GraphicsEnvironment: Currently set values for:
09-25 13:38:12.671  5978  5978 V GraphicsEnvironment:   angle_gl_driver_selection_pkgs=[com.android.angle]
09-25 13:38:12.671  5978  5978 V GraphicsEnvironment:   angle_gl_driver_selection_values=[angle]
09-25 13:38:12.671  5978  5978 V GraphicsEnvironment: com.negi.survey.local is not listed in per-application setting
09-25 13:38:12.671  5978  5978 V GraphicsEnvironment: No special selections for ANGLE, returning default driver choice
09-25 13:38:12.671  5978  5978 V GraphicsEnvironment: Neither updatable production driver nor prerelease driver is supported.
09-25 13:38:12.698  5978  5978 D nativeloader: Load /data/app/~~9ZnNyNTa37ldzihVH1oqVQ==/com.negi.survey.local-tKQm5A5Ar0ToBtPwREkX-A==/base.apk!/lib/arm64-v8a/liblitertlm_jni.so using class loader ns clns-9 (caller=/data/app/~~9ZnNyNTa37ldzihVH1oqVQ==/com.negi.survey.local-tKQm5A5Ar0ToBtPwREkX-A==/base.apk!classes10.dex): ok
09-25 13:38:12.698  5978  5978 D SurveyApp: Loaded LiteRTLM JNI: litertlm_jni where=attachBaseContext
09-25 13:38:12.709  5978  5978 D AppRingLogStore: installed: dir=/data/user/0/com.negi.survey.local/files/diagnostics/applog_ring idx=0
09-25 13:38:12.709  5978  5978 D SurveyApp: attachBaseContext: pid=5978 process=com.negi.survey.local isMain=true sdk=36
09-25 13:38:12.709  5978  5978 D SurveyApp: bootTiming: attachBaseContext total=29ms
09-25 13:38:12.709  5978  5978 D SurveyApp: Skipping WorkManager init in attachBaseContext; will init lazily on first enqueue.
09-25 13:38:12.711  5978  5978 D CrashCapture: install: ensured default handler. where=SurveyApp:attachBaseContext pid=5978 default=com.negi.survey.CrashCapture$CrashHandler@ef83026
09-25 13:38:12.711  5978  5978 D SurveyApp: CrashCapture installed: where=SurveyApp:attachBaseContext
09-25 13:38:12.717  5978  6025 D RuntimeLogStore: openWriter: start -> /data/user/0/com.negi.survey.local/files/diagnostics/runtime_logs/rtlog_20260925_203812_705_pid5978_seq1.log (bytes=0 format=LEGACY)
09-25 13:38:12.718  5978  5978 E gi.survey.local: hiddenapi: Accessing hidden method Landroid/net/ssl/EchConfigMismatchException;->getRetryConfigList()Landroid/net/ssl/EchConfigList; (runtime_flags=0, domain=core-platform, api=blocked) from /data/app/~~9ZnNyNTa37ldzihVH1oqVQ==/com.negi.survey.local-tKQm5A5Ar0ToBtPwREkX-A==/base.apk!classes17.dex (domain=app, TargetSdkVersion=36) using linking: denied
09-25 13:38:12.718  5978  5978 E gi.survey.local: hiddenapi: Accessing hidden method Landroid/net/ssl/EchConfigList;->toBytes()[B (runtime_flags=0, domain=core-platform, api=blocked) from /data/app/~~9ZnNyNTa37ldzihVH1oqVQ==/com.negi.survey.local-tKQm5A5Ar0ToBtPwREkX-A==/base.apk!classes17.dex (domain=app, TargetSdkVersion=36) using linking: denied
09-25 13:38:12.718  5978  5978 E gi.survey.local: hiddenapi: Accessing hidden method Landroid/net/ssl/EchConfigList;->fromBytes([B)Landroid/net/ssl/EchConfigList; (runtime_flags=0, domain=core-platform, api=blocked) from /data/app/~~9ZnNyNTa37ldzihVH1oqVQ==/com.negi.survey.local-tKQm5A5Ar0ToBtPwREkX-A==/base.apk!classes17.dex (domain=app, TargetSdkVersion=36) using linking: denied
09-25 13:38:12.718  5978  5978 E gi.survey.local: hiddenapi: Accessing hidden method Landroid/net/ssl/SSLSockets;->setEchConfigList(Ljavax/net/ssl/SSLSocket;Landroid/net/ssl/EchConfigList;)V (runtime_flags=0, domain=core-platform, api=blocked) from /data/app/~~9ZnNyNTa37ldzihVH1oqVQ==/com.negi.survey.local-tKQm5A5Ar0ToBtPwREkX-A==/base.apk!classes17.dex (domain=app, TargetSdkVersion=36) using linking: denied
09-25 13:38:12.718  5978  6025 D RuntimeLogStore: retention: start files=2 kept=2 totalBytes=1753
09-25 13:38:12.722  5978  5978 D SurveyApp: LiteRTLM JNI already loaded; skip. where=onCreate(retry)
09-25 13:38:12.723  5978  5978 D SurveyApp: bootTiming: RuntimeLogStore.start took=0ms
09-25 13:38:12.723  5978  5978 D SurveyApp: bootTiming: AppRingLogStore.install took=0ms
09-25 13:38:12.723  5978  5978 D SurveyApp: onCreate: pid=5978 process=com.negi.survey.local isMain=true sdk=36
09-25 13:38:12.727  5978  5978 D CrashCapture: install: ensured default handler. where=SurveyApp:onCreate(rewrap) pid=5978 default=com.negi.survey.CrashCapture$CrashHandler@ef83026
09-25 13:38:12.727  5978  5978 D SurveyApp: CrashCapture installed: where=SurveyApp:onCreate(rewrap)
09-25 13:38:12.727  5978  5978 D CrashCapture: registerSelfHealing: ActivityLifecycleCallbacks registered. mode=onResumedOnly
09-25 13:38:12.727  5978  5978 D SurveyApp: CrashCapture self-healing registered.
09-25 13:38:12.727  5978  5978 W SurveyApp: Startup enqueues deferred: delay=2500ms (to reduce init contention)
09-25 13:38:12.727  5978  5978 D SurveyApp: Startup survey recovery deferred: delay=2500ms
09-25 13:38:12.727  5978  5978 D SurveyApp: bootTiming: onCreate total=6ms
09-25 13:38:12.732  5978  6030 I DisplayManager: Choreographer implicitly registered for the refresh rate.
09-25 13:38:12.734  5978  6030 D vulkan  : searching for layers in '/data/app/~~9ZnNyNTa37ldzihVH1oqVQ==/com.negi.survey.local-tKQm5A5Ar0ToBtPwREkX-A==/lib/arm64'
09-25 13:38:12.734  5978  6030 D vulkan  : searching for layers in '/data/app/~~9ZnNyNTa37ldzihVH1oqVQ==/com.negi.survey.local-tKQm5A5Ar0ToBtPwREkX-A==/base.apk!/lib/arm64-v8a'
09-25 13:38:12.738  5978  6027 I UploadRescheduleRcvr: Survey recovery action=android.intent.action.BOOT_COMPLETED discovered=0 reconciled=0 duplicates=0 unclassified=0 operationalFailures=0 classifications={}
09-25 13:38:12.739  5978  5978 D DesktopExperienceFlags: Toggle override initialized to: false
09-25 13:38:12.739  5978  6027 D UploadRescheduleRcvr: No generic GitHub pending files for action=android.intent.action.BOOT_COMPLETED
09-25 13:38:12.747  5978  5978 D CompatChangeReporter: Compat change id reported: 377864165; UID 14912; state: ENABLED
09-25 13:38:12.747  5978  5978 D DesktopModeFlags: Toggle override initialized to: OVERRIDE_UNSET
09-25 13:38:12.751  5978  6027 D github_upload: enqueueStartupRuntimeLogsUpload: uniqueName=upload_runtime_logs_startup policy=KEEP session=startup_runtime_20260925_203812_1f7d43ea
09-25 13:38:12.762  5978  5978 I ContentCaptureHelper: Setting logging level to OFF
09-25 13:38:12.763  5978  5978 D CrashCapture: install: ensured default handler. where=selfHeal:onActivityResumed pid=5978 default=com.negi.survey.CrashCapture$CrashHandler@ef83026
09-25 13:38:12.777  5978  6027 D WM-PackageManagerHelper: Skipping component enablement for androidx.work.impl.background.systemjob.SystemJobService
09-25 13:38:12.777  5978  6027 D WM-Schedulers: Created SystemJobScheduler and enabled SystemJobService
09-25 13:38:12.780  5978  6045 D WM-ForceStopRunnable: Is default app process = true
09-25 13:38:12.781  5978  6045 D WM-ForceStopRunnable: Performing cleanup operations.
09-25 13:38:12.783  5978  6027 D UploadRescheduleRcvr: Enqueued runtime logs upload for action=android.intent.action.BOOT_COMPLETED reason=receiver_boot_completed
09-25 13:38:12.788  5978  5978 D WindowOnBackDispatcher: setTopOnBackInvokedCallback (unwrapped): android.app.Activity$$ExternalSyntheticLambda0@b18ae1e
09-25 13:38:12.792  5978  6045 D WM-SystemJobScheduler: Reconciling jobs
09-25 13:38:12.801  5978  6045 D WM-ForceStopRunnable: Application was force-stopped, rescheduling.
09-25 13:38:12.824  5978  6047 D WM-SystemJobScheduler: Scheduling work ID ed964cef-8039-4d59-adb6-4920c6484cf9Job ID 184
09-25 13:38:12.827  5978  6047 D WM-GreedyScheduler: Starting tracking for ed964cef-8039-4d59-adb6-4920c6484cf9
09-25 13:38:12.835  5978  6047 D WM-WorkConstraintsTrack: NetworkRequestConstraintController register shared callback
09-25 13:38:12.839  5978  6049 D WM-WorkConstraintsTrack: NetworkRequestConstraintController onCapabilitiesChanged callback
09-25 13:38:12.839  5978  6049 D WM-WorkConstraintsTrack: Not dispatching constraint state yet: isBlocked=null, capabilitiesInitialized=true
09-25 13:38:12.839  5978  6049 D WM-WorkConstraintsTrack: NetworkRequestConstraintController onBlockedStatusChanged callback false
09-25 13:38:12.839  5978  6047 D WM-PackageManagerHelper: androidx.work.impl.background.systemalarm.RescheduleReceiver enabled
09-25 13:38:12.840  5978  6048 D WM-GreedyScheduler: Constraints met: Scheduling work ID WorkGenerationalId(workSpecId=ed964cef-8039-4d59-adb6-4920c6484cf9, generation=0)
09-25 13:38:12.844  5978  6048 D WM-Processor: Processor: processing WorkGenerationalId(workSpecId=ed964cef-8039-4d59-adb6-4920c6484cf9, generation=0)
09-25 13:38:12.875  5978  6046 I gi.survey.local: hiddenapi: Accessing hidden method Landroid/database/sqlite/SQLiteDatabase;->getThreadSession()Landroid/database/sqlite/SQLiteSession; (runtime_flags=0, domain=platform, api=unsupported) from Landroidx/sqlite/db/framework/FrameworkSQLiteDatabase; (domain=app, TargetSdkVersion=36) using reflection: allowed
09-25 13:38:12.875  5978  6046 I gi.survey.local: hiddenapi: Accessing hidden method Landroid/database/sqlite/SQLiteSession;->beginTransaction(ILandroid/database/sqlite/SQLiteTransactionListener;ILandroid/os/CancellationSignal;)V (runtime_flags=0, domain=platform, api=unsupported) from Landroidx/sqlite/db/framework/FrameworkSQLiteDatabase; (domain=app, TargetSdkVersion=36) using reflection: allowed
09-25 13:38:12.926  5978  5978 D VRI[MainActivity]: WindowInsets changed: 1080x2424 statusBars:[0,152,0,0] navigationBars:[0,0,0,69] mandatorySystemGestures:[0,187,0,92] 
09-25 13:38:12.938  5978  5978 I HWUI    : Using FreeType backend (prop=Auto)
09-25 13:38:13.069  5978  5978 I gi.survey.local: hiddenapi: Accessing hidden method Landroid/os/SystemProperties;->addChangeCallback(Ljava/lang/Runnable;)V (runtime_flags=0, domain=platform, api=unsupported) from Landroidx/compose/ui/platform/AndroidComposeView$Companion; (domain=app, TargetSdkVersion=36) using reflection: allowed
09-25 13:38:13.077  5978  5978 D WM-WorkerWrapper: Starting work for com.negi.survey.net.GitHubUploadWorker
09-25 13:38:13.084  5978  6045 I WM-Processor: Moving WorkSpec (ed964cef-8039-4d59-adb6-4920c6484cf9) to the foreground
09-25 13:38:13.090  5978  6048 D WM-WorkProgressUpdater: Updating progress for ed964cef-8039-4d59-adb6-4920c6484cf9 (Data {pct : 3, mode : startup_runtime_logs})
09-25 13:38:13.099  5978  6048 I WM-Processor: Moving WorkSpec (ed964cef-8039-4d59-adb6-4920c6484cf9) to the foreground
09-25 13:38:13.100  5978  5978 D WM-SystemJobService: onStartJob for WorkGenerationalId(workSpecId=ed964cef-8039-4d59-adb6-4920c6484cf9, generation=0)
09-25 13:38:13.105  5978  5978 I WM-SystemFgDispatcher: Started foreground service Intent { act=ACTION_START_FOREGROUND xflg=0x4 cmp=com.negi.survey.local/androidx.work.impl.foreground.SystemForegroundService (has extras) }
09-25 13:38:13.106  5978  5978 D WM-SystemFgDispatcher: Notifying with (id:8159, workSpecId: ed964cef-8039-4d59-adb6-4920c6484cf9, notificationType :1)
09-25 13:38:13.107  5978  5978 D WM-SystemFgDispatcher: Notifying with (id:8159, workSpecId: ed964cef-8039-4d59-adb6-4920c6484cf9, notificationType :1)
09-25 13:38:13.108  5978  6048 D WM-Processor: Work WorkGenerationalId(workSpecId=ed964cef-8039-4d59-adb6-4920c6484cf9, generation=0) is already enqueued for processing
09-25 13:38:13.109  5978  6048 D WM-WorkConstraintsTrack: NetworkRequestConstraintController send initial capabilities
09-25 13:38:13.110  5978  5978 D WM-SystemFgDispatcher: Notifying with (id:8159, workSpecId: ed964cef-8039-4d59-adb6-4920c6484cf9, notificationType :1)
09-25 13:38:13.119  5978  5978 D InsetsController: hide(ime())
09-25 13:38:13.119  5978  5978 I ImeTracker: com.negi.survey.local:fb1df710: onCancelled at PHASE_CLIENT_ALREADY_HIDDEN
09-25 13:38:13.169  5978  5983 I gi.survey.local: Compiler allocated 5038KB to compile void android.view.ViewRootImpl.performTraversals()
09-25 13:38:13.277  5978  5978 D IntroScreen: Resolved config details: id=survey_config10.yaml in 206ms
09-25 13:38:14.300  5978  6025 D RuntimeLogStore: openWriter: rotate:plain_snapshot:receiver_boot_completed -> /data/user/0/com.negi.survey.local/files/diagnostics/runtime_logs/rtlog_20260925_203814_299_pid5978_seq2.log (bytes=0 format=LEGACY)
09-25 13:38:14.301  5978  6025 D RuntimeLogStore: retention: rotate:plain_snapshot:receiver_boot_completed files=3 kept=3 totalBytes=3567
09-25 13:38:14.313  5978  6029 D github_upload: doRuntimeLogsUpload: remoteBaseDir=diagnostics/runtime_logs/2026-09-25/runtime_logs_startup_runtime_20260925_203812_1f7d43ea_receiver_boot_completed toUpload=2 bytes=3227 dedupe=true deleteSource=true deletedSourcePre=0 preview='runtime_log_20260925_203814_306_pid5978_receiver_boot_completed__rtlog_20260925_203812_705_pid5978_seq1.log|runtime_log_20260925_203814_306_pid5978_receiver_boot_completed__rtlog_20260925_203540_591_pid5766_seq2.log'
09-25 13:38:14.316  5978  6029 D GitHubUploader: uploadStream: owner=ishizuki-tech repo=SurveyExports branch=main path=diagnostics/runtime_logs/2026-09-25/runtime_logs_startup_runtime_20260925_203812_1f7d43ea_receiver_boot_completed/runtime_log_20260925_203814_306_pid5978_receiver_boot_completed__rtlog_20260925_203812_705_pid5978_seq1.log size=1796 maxRawBytesHint=1000000 maxRequestBytesHint=2800000
09-25 13:38:14.317  5978  6046 D WM-WorkProgressUpdater: Updating progress for ed964cef-8039-4d59-adb6-4920c6484cf9 (Data {pct : 10, mode : startup_runtime_logs})
09-25 13:38:14.339  5978  6046 I WM-Processor: Moving WorkSpec (ed964cef-8039-4d59-adb6-4920c6484cf9) to the foreground
09-25 13:38:14.342  5978  5978 D WM-SystemFgDispatcher: Notifying with (id:8159, workSpecId: ed964cef-8039-4d59-adb6-4920c6484cf9, notificationType :1)
09-25 13:38:14.677  5978  6045 D WM-WorkProgressUpdater: Updating progress for ed964cef-8039-4d59-adb6-4920c6484cf9 (Data {pct : 14, mode : startup_runtime_logs})
09-25 13:38:14.690  5978  6045 I WM-Processor: Moving WorkSpec (ed964cef-8039-4d59-adb6-4920c6484cf9) to the foreground
09-25 13:38:14.692  5978  6045 D WM-WorkProgressUpdater: Updating progress for ed964cef-8039-4d59-adb6-4920c6484cf9 (Data {pct : 50, mode : startup_runtime_logs})
09-25 13:38:14.694  5978  5978 D WM-SystemFgDispatcher: Notifying with (id:8159, workSpecId: ed964cef-8039-4d59-adb6-4920c6484cf9, notificationType :1)
09-25 13:38:14.696  5978  6045 I WM-Processor: Moving WorkSpec (ed964cef-8039-4d59-adb6-4920c6484cf9) to the foreground
09-25 13:38:14.701  5978  5978 D WM-SystemFgDispatcher: Notifying with (id:8159, workSpecId: ed964cef-8039-4d59-adb6-4920c6484cf9, notificationType :1)
09-25 13:38:15.228  5978  5978 W SurveyApp: Deferred startup enqueues begin...
09-25 13:38:15.229  5978  5978 D SurveyApp: WorkManager available. where=startupRtLogs(immediate) took=0ms
09-25 13:38:15.231  5978  5978 D SurveyApp: Startup runtime logs target -> owner=ishizuki-tech repo=SurveyExports branch=main base='/diagnostics/runtime_logs'
09-25 13:38:15.233  5978  5978 D github_upload: enqueueStartupRuntimeLogsUpload: uniqueName=upload_runtime_logs_startup policy=KEEP session=startup_runtime_20260925_203815_c0ccf071
09-25 13:38:15.233  5978  5978 D SurveyApp: Startup runtime logs: enqueue requested (immediate).
09-25 13:38:15.233  5978  5978 D SurveyApp: WorkManager available. where=startupRingLogs(immediate) took=0ms
09-25 13:38:15.234  5978  5978 D SurveyApp: Startup ring logs target -> owner=ishizuki-tech repo=SurveyExports branch=main base='/diagnostics/applog_ring'
09-25 13:38:15.235  5978  5978 D github_upload: enqueueStartupRingLogsUpload: uniqueName=upload_ring_logs_startup policy=KEEP session=startup_ring_20260925_203815_0ea8e693
09-25 13:38:15.235  5978  5978 D SurveyApp: Startup ring logs: enqueue requested (immediate).
09-25 13:38:15.235  5978  5978 D SurveyApp: WorkManager available. where=enqueuePending(immediate) took=0ms
09-25 13:38:15.236  5978  5978 D SurveyApp: CrashCapture pending uploads requested (immediate).
09-25 13:38:15.236  5978  5978 W SurveyApp: Deferred startup enqueues done: took=8ms
09-25 13:38:15.236  5978  6076 D CrashCapture: enqueuePendingCrashUploadsIfPossible enter where=SurveyApp:enqueuePending(immediate):bg pid=5978 thread=CrashCapture-Enqueue
09-25 13:38:15.237  5978  6027 D SurveyApp: Survey recovery WorkManager available. where=startupSurveyUploads(initial) took=0ms
09-25 13:38:15.247  5978  6027 D SurveyApp: Startup survey recovery complete: discovered=0 attempted=0 submitted=0 active=0 trackerUnconfirmed=0 uploaded=0 deferred=0 invalid=0 operationalFailures=0 duplicates=0 unclassified=0
09-25 13:38:15.255  5978  6048 D WM-SystemJobScheduler: Scheduling work ID f7afb06f-be79-4b14-a276-0490fd521403Job ID 185
09-25 13:38:15.259  5978  6048 D WM-GreedyScheduler: Starting tracking for f7afb06f-be79-4b14-a276-0490fd521403
09-25 13:38:15.261  5978  5978 D WM-SystemJobService: onStartJob for WorkGenerationalId(workSpecId=f7afb06f-be79-4b14-a276-0490fd521403, generation=0)
09-25 13:38:15.273  5978  6048 D WM-Processor: Processor: processing WorkGenerationalId(workSpecId=f7afb06f-be79-4b14-a276-0490fd521403, generation=0)
09-25 13:38:15.273  5978  6048 D WM-WorkConstraintsTrack: NetworkRequestConstraintController send initial capabilities
09-25 13:38:15.279  5978  5978 D WM-WorkerWrapper: Starting work for com.negi.survey.net.GitHubUploadWorker
09-25 13:38:15.281  5978  6048 D WM-GreedyScheduler: Constraints met: Scheduling work ID WorkGenerationalId(workSpecId=f7afb06f-be79-4b14-a276-0490fd521403, generation=0)
09-25 13:38:15.290  5978  6048 D WM-Processor: Work WorkGenerationalId(workSpecId=f7afb06f-be79-4b14-a276-0490fd521403, generation=0) is already enqueued for processing
09-25 13:38:15.291  5978  6048 I WM-Processor: Moving WorkSpec (f7afb06f-be79-4b14-a276-0490fd521403) to the foreground
09-25 13:38:15.294  5978  5978 I WM-SystemFgDispatcher: Started foreground service Intent { act=ACTION_START_FOREGROUND xflg=0x4 cmp=com.negi.survey.local/androidx.work.impl.foreground.SystemForegroundService (has extras) }
09-25 13:38:15.294  5978  5978 D WM-SystemFgDispatcher: Notifying with (id:10024, workSpecId: f7afb06f-be79-4b14-a276-0490fd521403, notificationType :1)
09-25 13:38:15.296  5978  6048 D WM-WorkProgressUpdater: Updating progress for f7afb06f-be79-4b14-a276-0490fd521403 (Data {pct : 3, mode : startup_ring_logs})
09-25 13:38:15.297  5978  5978 D WM-SystemFgDispatcher: Notifying with (id:10024, workSpecId: f7afb06f-be79-4b14-a276-0490fd521403, notificationType :1)
09-25 13:38:15.304  5978  6048 I WM-Processor: Moving WorkSpec (f7afb06f-be79-4b14-a276-0490fd521403) to the foreground
09-25 13:38:15.306  5978  5978 D WM-SystemFgDispatcher: Notifying with (id:10024, workSpecId: f7afb06f-be79-4b14-a276-0490fd521403, notificationType :1)
09-25 13:38:15.306  5978  6048 D WM-WorkConstraintsTrack: NetworkRequestConstraintController send initial capabilities
